t,joint,phase,cmd,meas,effort,temp,meas_rj_dg_1_1,meas_rj_dg_1_2,meas_rj_dg_1_3,meas_rj_dg_1_4,meas_rj_dg_2_1,meas_rj_dg_2_2,meas_rj_dg_2_3,meas_rj_dg_2_4,meas_rj_dg_3_1,meas_rj_dg_3_2,meas_rj_dg_3_3,meas_rj_dg_3_4,meas_rj_dg_4_1,meas_rj_dg_4_2,meas_rj_dg_4_3,meas_rj_dg_4_4,meas_rj_dg_5_1,meas_rj_dg_5_2,meas_rj_dg_5_3,meas_rj_dg_5_4,temp_rj_dg_1_1,temp_rj_dg_1_2,temp_rj_dg_1_3,temp_rj_dg_1_4,temp_rj_dg_2_1,temp_rj_dg_2_2,temp_rj_dg_2_3,temp_rj_dg_2_4,temp_rj_dg_3_1,temp_rj_dg_3_2,temp_rj_dg_3_3,temp_rj_dg_3_4,temp_rj_dg_4_1,temp_rj_dg_4_2,temp_rj_dg_4_3,temp_rj_dg_4_4,temp_rj_dg_5_1,temp_rj_dg_5_2,temp_rj_dg_5_3,temp_rj_dg_5_4
400374.542762016,(open),open,0.0,nan,0.0,nan,0.061086523819801536,-0.005235987755982989,0.20420352248333656,0.35779249665883756,-0.010471975511965978,0.3700098014227979,0.3752457891787809,0.10122909661567112,-0.029670597283903602,0.4363323129985824,0.24434609527920614,0.25132741228718347,-0.048869219055841226,0.39968039870670147,0.33859387488689996,0.2426007660272118,-0.031415926535897934,0.020943951023931956,0.3961897402027128,0.4066617157146788,41.5,41.6,40.1,40.1,40.5,41.0,41.800000000000004,42.6,41.5,42.800000000000004,43.5,43.300000000000004,42.1,41.2,42.1,43.1,41.0,39.300000000000004,40.6,40.5
400374.550555249,(open),open,0.0,nan,0.0,nan,0.061086523819801536,-0.005235987755982989,0.20420352248333656,0.35779249665883756,-0.010471975511965978,0.3700098014227979,0.3752457891787809,0.09773843811168245,-0.029670597283903602,0.4363323129985824,0.24434609527920614,0.25132741228718347,-0.048869219055841226,0.39968039870670147,0.33859387488689996,0.2426007660272118,-0.03490658503988659,0.020943951023931956,0.3961897402027128,0.4066617157146788,41.5,41.6,40.1,40.1,40.5,41.0,41.800000000000004,42.6,41.5,42.800000000000004,43.5,43.300000000000004,42.1,41.2,42.1,43.1,41.0,39.300000000000004,40.6,40.5
400374.550775386,(open),open,0.0,nan,0.0,nan,0.061086523819801536,-0.005235987755982989,0.20420352248333656,0.35779249665883756,-0.010471975511965978,0.3700098014227979,0.3752457891787809,0.09773843811168245,-0.029670597283903602,0.4363323129985824,0.24434609527920614,0.25132741228718347,-0.048869219055841226,0.39968039870670147,0.33859387488689996,0.2426007660272118,-0.03490658503988659,0.020943951023931956,0.3961897402027128,0.4066617157146788,41.5,41.6,40.1,40.1,40.5,41.0,41.800000000000004,42.6,41.5,42.800000000000004,43.5,43.300000000000004,42.1,41.2,42.1,43.1,41.0,39.300000000000004,40.6,40.5
400374.560673869,(open),open,0.0,nan,0.0,nan,0.061086523819801536,-0.005235987755982989,0.2007128639793479,0.35779249665883756,-0.010471975511965978,0.3700098014227979,0.3752457891787809,0.10122909661567112,-0.03316125578789226,0.4363323129985824,0.24434609527920614,0.25132741228718347,-0.048869219055841226,0.39968039870670147,0.33859387488689996,0.2426007660272118,-0.031415926535897934,0.020943951023931956,0.3961897402027128,0.4066617157146788,41.5,41.6,40.1,40.1,40.5,41.0,41.800000000000004,42.6,41.5,42.800000000000004,43.5,43.300000000000004,42.1,41.2,42.1,43.1,41.0,39.300000000000004,40.6,40.5
400374.560899293,(open),open,0.0,nan,0.0,nan,0.061086523819801536,-0.005235987755982989,0.2007128639793479,0.35779249665883756,-0.010471975511965978,0.3700098014227979,0.3752457891787809,0.10122909661567112,-0.03316125578789226,0.4363323129985824,0.24434609527920614,0.25132741228718347,-0.048869219055841226,0.39968039870670147,0.33859387488689996,0.2426007660272118,-0.031415926535897934,0.020943951023931956,0.3961897402027128,0.4066617157146788,41.5,41.6,40.1,40.1,40.5,41.0,41.800000000000004,42.6,41.5,42.800000000000004,43.5,43.300000000000004,42.1,41.2,42.1,43.1,41.0,39.300000000000004,40.6,40.5
400374.571062871,(open),open,0.0,nan,0.0,nan,0.05759586531581288,-0.005235987755982989,0.2007128639793479,0.35779249665883756,-0.010471975511965978,0.3700098014227979,0.3752457891787809,0.09773843811168245,-0.029670597283903602,0.4328416544945937,0.24434609527920614,0.25132741228718347,-0.05235987755982989,0.39968039870670147,0.33859387488689996,0.2426007660272118,-0.03490658503988659,0.020943951023931956,0.3961897402027128,0.4066617157146788,41.5,41.6,40.1,40.1,40.5,41.0,41.800000000000004,42.6,41.5,42.800000000000004,43.5,43.300000000000004,42.1,41.2,42.1,43.1,41.0,39.300000000000004,40.6,40.5
400374.571378561,(open),open,0.0,nan,0.0,nan,0.05759586531581288,-0.005235987755982989,0.2007128639793479,0.35779249665883756,-0.010471975511965978,0.3700098014227979,0.3752457891787809,0.09773843811168245,-0.029670597283903602,0.4328416544945937,0.24434609527920614,0.25132741228718347,-0.05235987755982989,0.39968039870670147,0.33859387488689996,0.2426007660272118,-0.03490658503988659,0.020943951023931956,0.3961897402027128,0.4066617157146788,41.5,41.6,40.1,40.1,40.5,41.0,41.800000000000004,42.6,41.5,42.800000000000004,43.5,43.300000000000004,42.1,41.2,42.1,43.1,41.0,39.300000000000004,40.6,40.5
400374.580549529,(open),open,0.0,nan,0.0,nan,0.061086523819801536,-0.005235987755982989,0.2007128639793479,0.35779249665883756,-0.010471975511965978,0.3700098014227979,0.3752457891787809,0.09773843811168245,-0.03316125578789226,0.4363323129985824,0.24434609527920614,0.25132741228718347,-0.048869219055841226,0.39968039870670147,0.33859387488689996,0.2426007660272118,-0.031415926535897934,0.020943951023931956,0.3961897402027128,0.4066617157146788,41.5,41.6,40.1,40.1,40.5,41.0,41.800000000000004,42.6,41.5,42.800000000000004,43.5,43.300000000000004,42.1,41.2,42.1,43.1,41.0,39.300000000000004,40.6,40.5
400374.580759099,(open),open,0.0,nan,0.0,nan,0.061086523819801536,-0.005235987755982989,0.2007128639793479,0.35779249665883756,-0.010471975511965978,0.3700098014227979,0.3752457891787809,0.09773843811168245,-0.03316125578789226,0.4363323129985824,0.24434609527920614,0.25132741228718347,-0.048869219055841226,0.39968039870670147,0.33859387488689996,0.2426007660272118,-0.031415926535897934,0.020943951023931956,0.3961897402027128,0.4066617157146788,41.5,41.6,40.1,40.1,40.5,41.0,41.800000000000004,42.6,41.5,42.800000000000004,43.5,43.300000000000004,42.1,41.2,42.1,43.1,41.0,39.300000000000004,40.6,40.5
400374.590527882,(open),open,0.0,nan,0.0,nan,0.061086523819801536,-0.005235987755982989,0.2007128639793479,0.35779249665883756,-0.010471975511965978,0.3700098014227979,0.3752457891787809,0.09773843811168245,-0.029670597283903602,0.4363323129985824,0.24434609527920614,0.25132741228718347,-0.048869219055841226,0.39968039870670147,0.33859387488689996,0.2426007660272118,-0.031415926535897934,0.020943951023931956,0.3961897402027128,0.4066617157146788,41.5,41.6,40.1,40.1,40.5,41.0,41.800000000000004,42.6,41.5,42.800000000000004,43.5,43.300000000000004,42.1,41.2,42.1,43.1,41.0,39.300000000000004,40.6,40.5
400374.590740137,(open),open,0.0,nan,0.0,nan,0.061086523819801536,-0.005235987755982989,0.2007128639793479,0.35779249665883756,-0.010471975511965978,0.3700098014227979,0.3752457891787809,0.09773843811168245,-0.029670597283903602,0.4363323129985824,0.24434609527920614,0.25132741228718347,-0.048869219055841226,0.39968039870670147,0.33859387488689996,0.2426007660272118,-0.031415926535897934,0.020943951023931956,0.3961897402027128,0.4066617157146788,41.5,41.6,40.1,40.1,40.5,41.0,41.800000000000004,42.6,41.5,42.800000000000004,43.5,43.300000000000004,42.1,41.2,42.1,43.1,41.0,39.300000000000004,40.6,40.5
400374.600525645,(open),open,0.0,nan,0.0,nan,0.061086523819801536,-0.005235987755982989,0.2007128639793479,0.35779249665883756,-0.010471975511965978,0.3700098014227979,0.3752457891787809,0.10122909661567112,-0.03316125578789226,0.4363323129985824,0.24434609527920614,0.25132741228718347,-0.048869219055841226,0.39968039870670147,0.33859387488689996,0.2426007660272118,-0.031415926535897934,0.020943951023931956,0.39968039870670147,0.4066617157146788,41.5,41.6,40.1,40.1,40.5,41.0,41.800000000000004,42.6,41.5,42.800000000000004,43.5,43.300000000000004,42.1,41.2,42.1,43.1,41.0,39.300000000000004,40.6,40.5
400374.600808314,(open),open,0.0,nan,0.0,nan,0.061086523819801536,-0.005235987755982989,0.2007128639793479,0.35779249665883756,-0.010471975511965978,0.3700098014227979,0.3752457891787809,0.10122909661567112,-0.03316125578789226,0.4363323129985824,0.24434609527920614,0.25132741228718347,-0.048869219055841226,0.39968039870670147,0.33859387488689996,0.2426007660272118,-0.031415926535897934,0.020943951023931956,0.39968039870670147,0.4066617157146788,41.5,41.6,40.1,40.1,40.5,41.0,41.800000000000004,42.6,41.5,42.800000000000004,43.5,43.300000000000004,42.1,41.2,42.1,43.1,41.0,39.300000000000004,40.6,40.5
400374.610715742,(open),open,0.0,nan,0.0,nan,0.061086523819801536,-0.005235987755982989,0.2007128639793479,0.35779249665883756,-0.010471975511965978,0.3700098014227979,0.3752457891787809,0.10122909661567112,-0.03316125578789226,0.4310963252425994,0.24434609527920614,0.25132741228718347,-0.05235987755982989,0.39968039870670147,0.33859387488689996,0.2426007660272118,-0.031415926535897934,0.020943951023931956,0.39968039870670147,0.4066617157146788,41.5,41.6,40.1,40.1,40.5,41.0,41.800000000000004,42.6,41.5,42.800000000000004,43.5,43.300000000000004,42.1,41.2,42.1,43.1,41.0,39.300000000000004,40.6,40.5
400374.610973944,(open),open,0.0,nan,0.0,nan,0.061086523819801536,-0.005235987755982989,0.2007128639793479,0.35779249665883756,-0.010471975511965978,0.3700098014227979,0.3752457891787809,0.10122909661567112,-0.03316125578789226,0.4310963252425994,0.24434609527920614,0.25132741228718347,-0.05235987755982989,0.39968039870670147,0.33859387488689996,0.2426007660272118,-0.031415926535897934,0.020943951023931956,0.39968039870670147,0.4066617157146788,41.5,41.6,40.1,40.1,40.5,41.0,41.800000000000004,42.6,41.5,42.800000000000004,43.5,43.300000000000004,42.1,41.2,42.1,43.1,41.0,39.300000000000004,40.6,40.5
400374.620808028,(open),open,0.0,nan,0.0,nan,0.061086523819801536,-0.005235987755982989,0.2007128639793479,0.35779249665883756,-0.010471975511965978,0.37350045992678654,0.38048177693476387,0.09773843811168245,-0.03490658503988659,0.42586033748661645,0.24434609527920614,0.25132741228718347,-0.048869219055841226,0.3961897402027128,0.33859387488689996,0.2426007660272118,-0.03490658503988659,0.020943951023931956,0.4014257279586958,0.4066617157146788,41.5,41.6,40.1,40.1,40.5,41.0,41.800000000000004,42.6,41.5,42.800000000000004,43.5,43.300000000000004,42.1,41.2,42.1,43.1,41.0,39.300000000000004,40.6,40.5
400374.621227791,(open),open,0.0,nan,0.0,nan,0.061086523819801536,-0.005235987755982989,0.2007128639793479,0.35779249665883756,-0.010471975511965978,0.37350045992678654,0.38048177693476387,0.09773843811168245,-0.03490658503988659,0.42586033748661645,0.24434609527920614,0.25132741228718347,-0.048869219055841226,0.3961897402027128,0.33859387488689996,0.2426007660272118,-0.03490658503988659,0.020943951023931956,0.4014257279586958,0.4066617157146788,41.5,41.6,40.1,40.1,40.5,41.0,41.800000000000004,42.6,41.5,42.800000000000004,43.5,43.300000000000004,42.1,41.2,42.1,43.1,41.0,39.300000000000004,40.6,40.5
400374.630717524,(open),open,0.0,nan,0.0,nan,0.061086523819801536,-0.005235987755982989,0.20420352248333656,0.35779249665883756,-0.013962634015954637,0.3752457891787809,0.38397243543875254,0.09773843811168245,-0.03665191429188092,0.4241150082346221,0.2478367537831948,0.25132741228718347,-0.05235987755982989,0.3961897402027128,0.33859387488689996,0.2426007660272118,-0.031415926535897934,0.020943951023931956,0.4014257279586958,0.39968039870670147,41.5,41.6,40.1,40.1,40.5,41.0,41.800000000000004,42.6,41.5,42.800000000000004,43.5,43.300000000000004,42.1,41.2,42.1,43.1,41.0,39.300000000000004,40.6,40.5
400374.630956747,(open),open,0.0,nan,0.0,nan,0.061086523819801536,-0.005235987755982989,0.20420352248333656,0.35779249665883756,-0.013962634015954637,0.3752457891787809,0.38397243543875254,0.09773843811168245,-0.03665191429188092,0.4241150082346221,0.2478367537831948,0.25132741228718347,-0.05235987755982989,0.3961897402027128,0.33859387488689996,0.2426007660272118,-0.031415926535897934,0.020943951023931956,0.4014257279586958,0.39968039870670147,41.5,41.6,40.1,40.1,40.5,41.0,41.800000000000004,42.6,41.5,42.800000000000004,43.5,43.300000000000004,42.1,41.2,42.1,43.1,41.0,39.300000000000004,40.6,40.5
400374.640745512,(open),open,0.0,nan,0.0,nan,0.061086523819801536,-0.005235987755982989,0.20420352248333656,0.35779249665883756,-0.015707963267948967,0.3647738136668149,0.38571776469074687,0.09773843811168245,-0.029670597283903602,0.42935099599060506,0.24958208303518914,0.2530727415391778,-0.0471238898038469,0.39968039870670147,0.3351032163829113,0.2426007660272118,-0.031415926535897934,0.022689280275926284,0.3909537524467298,0.3961897402027128,41.5,41.6,40.1,40.1,40.5,41.0,41.800000000000004,42.6,41.5,42.800000000000004,43.5,43.300000000000004,42.1,41.2,42.1,43.1,41.0,39.300000000000004,40.6,40.5
400374.641032304,(open),open,0.0,nan,0.0,nan,0.061086523819801536,-0.005235987755982989,0.20420352248333656,0.35779249665883756,-0.015707963267948967,0.3647738136668149,0.38571776469074687,0.09773843811168245,-0.029670597283903602,0.42935099599060506,0.24958208303518914,0.2530727415391778,-0.0471238898038469,0.39968039870670147,0.3351032163829113,0.2426007660272118,-0.031415926535897934,0.022689280275926284,0.3909537524467298,0.3961897402027128,41.5,41.6,40.1,40.1,40.5,41.0,41.800000000000004,42.6,41.5,42.800000000000004,43.5,43.300000000000004,42.1,41.2,42.1,43.1,41.0,39.300000000000004,40.6,40.5
400374.65077459,(open),open,0.0,nan,0.0,nan,0.061086523819801536,-0.005235987755982989,0.20420352248333656,0.35779249665883756,-0.015707963267948967,0.3647738136668149,0.38571776469074687,0.09773843811168245,-0.029670597283903602,0.42935099599060506,0.24958208303518914,0.2530727415391778,-0.0471238898038469,0.39968039870670147,0.3351032163829113,0.2426007660272118,-0.031415926535897934,0.022689280275926284,0.3909537524467298,0.3961897402027128,41.5,41.6,40.1,40.1,40.5,41.0,41.800000000000004,42.6,41.5,42.800000000000004,43.5,43.300000000000004,42.1,41.2,42.1,43.1,41.0,39.300000000000004,40.6,40.5
400374.65099522,(open),open,0.0,nan,0.0,nan,0.061086523819801536,-0.005235987755982989,0.2007128639793479,0.35779249665883756,-0.010471975511965978,0.35779249665883756,0.37873644768276954,0.10122909661567112,-0.026179938779914945,0.4223696789826278,0.2530727415391778,0.2530727415391778,-0.0471238898038469,0.3961897402027128,0.33859387488689996,0.24085543677521748,-0.031415926535897934,0.020943951023931956,0.3822271061867582,0.40317105721069013,41.5,41.6,40.1,40.1,40.5,41.0,41.800000000000004,42.6,41.5,42.800000000000004,43.5,43.300000000000004,42.1,41.2,42.1,43.1,41.0,39.300000000000004,40.6,40.5
400374.660888803,(open),open,0.0,nan,0.0,nan,0.061086523819801536,-0.005235987755982989,0.2007128639793479,0.35779249665883756,-0.010471975511965978,0.35779249665883756,0.37873644768276954,0.10122909661567112,-0.026179938779914945,0.4223696789826278,0.2530727415391778,0.2530727415391778,-0.0471238898038469,0.3961897402027128,0.33859387488689996,0.24085543677521748,-0.031415926535897934,0.020943951023931956,0.3822271061867582,0.40317105721069013,41.5,41.6,40.1,40.1,40.5,41.0,41.800000000000004,42.6,41.5,42.800000000000004,43.5,43.300000000000004,42.1,41.2,42.1,43.1,41.0,39.300000000000004,40.5,40.5
400374.661067099,(open),open,0.0,nan,0.0,nan,0.05759586531581288,-0.005235987755982989,0.20420352248333656,0.35779249665883756,-0.010471975511965978,0.3647738136668149,0.3665191429188092,0.09773843811168245,-0.03490658503988659,0.4118977034706618,0.2583087292951608,0.24958208303518914,-0.05061454830783556,0.38397243543875254,0.33335788713091696,0.24085543677521748,-0.03490658503988659,0.022689280275926284,0.38571776469074687,0.40317105721069013,41.5,41.6,40.1,40.1,40.5,41.0,41.800000000000004,42.6,41.5,42.800000000000004,43.5,43.300000000000004,42.1,41.2,42.1,43.1,41.0,39.300000000000004,40.5,40.5
400374.670799247,(open),open,0.0,nan,0.0,nan,0.05759586531581288,-0.005235987755982989,0.20420352248333656,0.35779249665883756,-0.010471975511965978,0.3647738136668149,0.3665191429188092,0.09773843811168245,-0.03490658503988659,0.4118977034706618,0.2583087292951608,0.24958208303518914,-0.05061454830783556,0.38397243543875254,0.33335788713091696,0.24085543677521748,-0.03490658503988659,0.022689280275926284,0.38571776469074687,0.40317105721069013,41.5,41.6,40.1,40.1,40.5,41.0,41.800000000000004,42.6,41.5,42.800000000000004,43.5,43.300000000000004,42.1,41.2,42.1,43.1,41.0,39.300000000000004,40.5,40.5
400374.671075807,(open),open,0.0,nan,0.0,nan,0.061086523819801536,-0.005235987755982989,0.20420352248333656,0.3560471674068432,-0.015707963267948967,0.3508111796508602,0.3647738136668149,0.09773843811168245,-0.031415926535897934,0.4118977034706618,0.25132741228718347,0.24085543677521748,-0.05061454830783556,0.3822271061867582,0.33161255787892263,0.23736477827122882,-0.031415926535897934,0.022689280275926284,0.3752457891787809,0.39444441095071847,41.5,41.6,40.1,40.1,40.5,41.0,41.800000000000004,42.6,41.5,42.800000000000004,43.5,43.300000000000004,42.1,41.2,42.1,43.1,41.0,39.300000000000004,40.5,40.5
400374.680559135,(open),open,0.0,nan,0.0,nan,0.061086523819801536,-0.005235987755982989,0.20420352248333656,0.3560471674068432,-0.010471975511965978,0.3403392041388943,0.36302848441482055,0.09773843811168245,-0.027925268031909273,0.3909537524467298,0.23736477827122882,0.23212879051524585,-0.0471238898038469,0.37873644768276954,0.3298672286269283,0.23387411976724015,-0.031415926535897934,0.020943951023931956,0.3647738136668149,0.40491638646268446,41.5,41.6,40.1,40.1,40.5,41.0,41.800000000000004,42.6,41.5,42.800000000000004,43.5,43.300000000000004,42.1,41.2,42.1,43.1,41.0,39.300000000000004,40.5,40.5
400374.680782059,(open),open,0.0,nan,0.0,nan,0.061086523819801536,-0.005235987755982989,0.20420352248333656,0.3560471674068432,-0.010471975511965978,0.3403392041388943,0.36302848441482055,0.09773843811168245,-0.027925268031909273,0.3909537524467298,0.23736477827122882,0.23212879051524585,-0.0471238898038469,0.37873644768276954,0.3298672286269283,0.23387411976724015,-0.031415926535897934,0.020943951023931956,0.3647738136668149,0.40491638646268446,41.5,41.6,40.1,40.1,40.5,41.0,41.800000000000004,42.6,41.5,42.800000000000004,43.5,43.300000000000004,42.1,41.2,42.1,43.1,41.0,39.300000000000004,40.5,40.5
400374.690620976,(open),open,0.0,nan,0.0,nan,0.061086523819801536,-0.005235987755982989,0.2059488517353309,0.3508111796508602,-0.013962634015954637,0.34557519189487723,0.3490658503988659,0.09773843811168245,-0.03316125578789226,0.3961897402027128,0.22165681500327986,0.22863813201125718,-0.05061454830783556,0.3665191429188092,0.33161255787892263,0.23212879051524585,-0.03490658503988659,0.020943951023931956,0.36826447217080355,0.40317105721069013,41.5,41.6,40.1,40.1,40.5,41.0,41.800000000000004,42.6,41.5,42.800000000000004,43.5,43.300000000000004,42.1,41.2,42.1,43.1,41.0,39.300000000000004,40.5,40.5
400374.6908538,(open),open,0.0,nan,0.0,nan,0.061086523819801536,-0.005235987755982989,0.2059488517353309,0.3508111796508602,-0.013962634015954637,0.34557519189487723,0.3490658503988659,0.09773843811168245,-0.03316125578789226,0.3961897402027128,0.22165681500327986,0.22863813201125718,-0.05061454830783556,0.3665191429188092,0.33161255787892263,0.23212879051524585,-0.03490658503988659,0.020943951023931956,0.36826447217080355,0.40317105721069013,41.5,41.6,40.1,40.1,40.5,41.0,41.800000000000004,42.6,41.5,42.800000000000004,43.5,43.300000000000004,42.1,41.2,42.1,43.1,41.0,39.300000000000004,40.5,40.5
400374.700591803,(open),open,0.0,nan,0.0,nan,0.05759586531581288,-0.0017453292519943296,0.20245819323134223,0.34557519189487723,-0.010471975511965978,0.32114058236695664,0.3490658503988659,0.10122909661567112,-0.03316125578789226,0.3752457891787809,0.22514747350726852,0.23561944901923448,-0.05061454830783556,0.3647738136668149,0.3351032163829113,0.23212879051524585,-0.031415926535897934,0.020943951023931956,0.35779249665883756,0.3822271061867582,41.5,41.6,40.1,40.1,40.5,41.0,41.800000000000004,42.6,41.5,42.800000000000004,43.5,43.300000000000004,42.1,41.2,42.1,43.1,41.0,39.300000000000004,40.5,40.5
400374.700878636,(open),open,0.0,nan,0.0,nan,0.05759586531581288,-0.0017453292519943296,0.20245819323134223,0.34557519189487723,-0.010471975511965978,0.32114058236695664,0.3490658503988659,0.10122909661567112,-0.03316125578789226,0.3752457891787809,0.22514747350726852,0.23561944901923448,-0.05061454830783556,0.3647738136668149,0.3351032163829113,0.23212879051524585,-0.031415926535897934,0.020943951023931956,0.35779249665883756,0.3822271061867582,41.5,41.6,40.1,40.1,40.5,41.0,41.800000000000004,42.6,41.5,42.800000000000004,43.5,43.300000000000004,42.1,41.2,42.1,43.1,41.0,39.300000000000004,40.5,40.5
400374.710826432,(open),open,0.0,nan,0.0,nan,0.05759586531581288,-0.0017453292519943296,0.1954768762233649,0.34382986264288296,-0.010471975511965978,0.3298672286269283,0.3508111796508602,0.10122909661567112,-0.031415926535897934,0.38397243543875254,0.23736477827122882,0.23911010752322315,-0.048869219055841226,0.3665191429188092,0.33161255787892263,0.23212879051524585,-0.031415926535897934,0.020943951023931956,0.3508111796508602,0.3909537524467298,41.5,41.6,40.1,40.1,40.5,41.0,41.800000000000004,42.6,41.5,42.800000000000004,43.5,43.300000000000004,42.1,41.2,42.1,43.1,41.0,39.300000000000004,40.5,40.5
400374.711173677,(open),open,0.0,nan,0.0,nan,0.05759586531581288,-0.0017453292519943296,0.1954768762233649,0.34382986264288296,-0.010471975511965978,0.3298672286269283,0.3508111796508602,0.10122909661567112,-0.031415926535897934,0.38397243543875254,0.23736477827122882,0.23911010752322315,-0.048869219055841226,0.3665191429188092,0.33161255787892263,0.23212879051524585,-0.031415926535897934,0.020943951023931956,0.3508111796508602,0.3909537524467298,41.5,41.6,40.1,40.1,40.5,41.0,41.800000000000004,42.6,41.5,42.800000000000004,43.5,43.300000000000004,42.1,41.2,42.1,43.1,41.0,39.300000000000004,40.5,40.5
400374.72065002,(open),open,0.0,nan,0.0,nan,0.05759586531581288,-0.0017453292519943296,0.1884955592153876,0.3490658503988659,-0.013962634015954637,0.31590459461097364,0.3351032163829113,0.10122909661567112,-0.03665191429188092,0.3647738136668149,0.24609142453120048,0.23038346126325152,-0.05235987755982989,0.34732052114687156,0.32114058236695664,0.23212879051524585,-0.031415926535897934,0.022689280275926284,0.34732052114687156,0.3700098014227979,41.5,41.6,40.1,40.1,40.5,41.0,41.800000000000004,42.6,41.5,42.800000000000004,43.5,43.300000000000004,42.1,41.2,42.1,43.1,41.0,39.300000000000004,40.5,40.5
400374.720944546,(open),open,0.0,nan,0.0,nan,0.05759586531581288,-0.0017453292519943296,0.1884955592153876,0.3490658503988659,-0.013962634015954637,0.31590459461097364,0.3351032163829113,0.10122909661567112,-0.03665191429188092,0.3647738136668149,0.24609142453120048,0.23038346126325152,-0.05235987755982989,0.34732052114687156,0.32114058236695664,0.23212879051524585,-0.031415926535897934,0.022689280275926284,0.34732052114687156,0.3700098014227979,41.5,41.6,40.1,40.1,40.5,41.0,41.800000000000004,42.6,41.5,42.800000000000004,43.5,43.300000000000004,42.1,41.2,42.1,43.1,41.0,39.300000000000004,40.5,40.5
400374.730689098,(open),open,0.0,nan,0.0,nan,0.061086523819801536,-0.005235987755982989,0.18500490071139894,0.3560471674068432,-0.010471975511965978,0.30194196059501904,0.3351032163829113,0.09773843811168245,-0.026179938779914945,0.3647738136668149,0.23038346126325152,0.2181661564992912,-0.0471238898038469,0.34382986264288296,0.317649923862968,0.22689280275926285,-0.03490658503988659,0.020943951023931956,0.33335788713091696,0.36826447217080355,41.5,41.6,40.1,40.1,40.5,41.0,41.800000000000004,42.6,41.5,42.800000000000004,43.5,43.300000000000004,42.1,41.2,42.1,43.1,41.0,39.300000000000004,40.5,40.5
400374.730947533,(open),open,0.0,nan,0.0,nan,0.061086523819801536,-0.005235987755982989,0.18500490071139894,0.3560471674068432,-0.010471975511965978,0.30194196059501904,0.3351032163829113,0.09773843811168245,-0.026179938779914945,0.3647738136668149,0.23038346126325152,0.2181661564992912,-0.0471238898038469,0.34382986264288296,0.317649923862968,0.22689280275926285,-0.03490658503988659,0.020943951023931956,0.33335788713091696,0.36826447217080355,41.5,41.6,40.1,40.1,40.5,41.0,41.800000000000004,42.6,41.5,42.800000000000004,43.5,43.300000000000004,42.1,41.2,42.1,43.1,41.0,39.300000000000004,40.5,40.5
400374.740669784,(open),open,0.0,nan,0.0,nan,0.061086523819801536,-0.005235987755982989,0.18500490071139894,0.35779249665883756,-0.013962634015954637,0.3141592653589793,0.3246312408709453,0.10122909661567112,-0.03490658503988659,0.34557519189487723,0.20769418098732523,0.21642082724729686,-0.05061454830783556,0.3351032163829113,0.312413936106985,0.2181661564992912,-0.031415926535897934,0.020943951023931956,0.3368485456349056,0.36826447217080355,41.5,41.6,40.1,40.1,40.5,41.0,41.800000000000004,42.6,41.5,42.800000000000004,43.5,43.300000000000004,42.1,41.2,42.1,43.1,41.0,39.300000000000004,40.5,40.5
400374.74095959,(open),open,0.0,nan,0.0,nan,0.061086523819801536,-0.005235987755982989,0.18500490071139894,0.35779249665883756,-0.013962634015954637,0.3141592653589793,0.3246312408709453,0.10122909661567112,-0.03490658503988659,0.34557519189487723,0.20769418098732523,0.21642082724729686,-0.05061454830783556,0.3351032163829113,0.312413936106985,0.2181661564992912,-0.031415926535897934,0.020943951023931956,0.3368485456349056,0.36826447217080355,41.5,41.6,40.1,40.1,40.5,41.0,41.800000000000004,42.6,41.5,42.800000000000004,43.5,43.300000000000004,42.1,41.2,42.1,43.1,41.0,39.300000000000004,40.5,40.5
400374.750775372,(open),open,0.0,nan,0.0,nan,0.061086523819801536,-0.005235987755982989,0.1884955592153876,0.3508111796508602,-0.010471975511965978,0.2879793265790644,0.317649923862968,0.10122909661567112,-0.026179938779914945,0.3490658503988659,0.21467549799530253,0.22165681500327986,-0.0471238898038469,0.33161255787892263,0.30194196059501904,0.21467549799530253,-0.031415926535897934,0.020943951023931956,0.32114058236695664,0.34382986264288296,41.5,41.6,40.1,40.1,40.5,41.0,41.800000000000004,42.6,41.5,42.800000000000004,43.5,43.300000000000004,42.1,41.2,42.1,43.1,41.0,39.300000000000004,40.5,40.5
400374.751087254,(open),open,0.0,nan,0.0,nan,0.061086523819801536,-0.005235987755982989,0.1884955592153876,0.3508111796508602,-0.010471975511965978,0.2879793265790644,0.317649923862968,0.10122909661567112,-0.026179938779914945,0.3490658503988659,0.21467549799530253,0.22165681500327986,-0.0471238898038469,0.33161255787892263,0.30194196059501904,0.21467549799530253,-0.031415926535897934,0.020943951023931956,0.32114058236695664,0.34382986264288296,41.5,41.6,40.1,40.1,40.5,41.0,41.800000000000004,42.6,41.5,42.800000000000004,43.5,43.300000000000004,42.1,41.2,42.1,43.1,41.0,39.300000000000004,40.5,40.5
400374.76092955,(open),open,0.0,nan,0.0,nan,0.05759586531581288,-0.005235987755982989,0.18500490071139894,0.34382986264288296,-0.012217304763960306,0.2984513020910304,0.3141592653589793,0.10122909661567112,-0.03490658503988659,0.3351032163829113,0.22863813201125718,0.21642082724729686,-0.05235987755982989,0.3141592653589793,0.30543261909900765,0.21467549799530253,-0.03490658503988659,0.020943951023931956,0.317649923862968,0.3595378259108319,41.5,41.6,40.1,40.1,40.5,41.0,41.800000000000004,42.6,41.5,42.800000000000004,43.5,43.300000000000004,42.1,41.2,42.1,43.1,41.0,39.300000000000004,40.5,40.5
400374.761147618,(open),open,0.0,nan,0.0,nan,0.05759586531581288,-0.005235987755982989,0.18500490071139894,0.34382986264288296,-0.012217304763960306,0.2984513020910304,0.3141592653589793,0.10122909661567112,-0.03490658503988659,0.3351032163829113,0.22863813201125718,0.21642082724729686,-0.05235987755982989,0.3141592653589793,0.30543261909900765,0.21467549799530253,-0.03490658503988659,0.020943951023931956,0.317649923862968,0.3595378259108319,41.5,41.6,40.1,40.1,40.5,41.0,41.800000000000004,42.6,41.5,42.800000000000004,43.5,43.300000000000004,42.1,41.2,42.1,43.1,41.0,39.300000000000004,40.5,40.5
400374.77064009,(open),open,0.0,nan,0.0,nan,0.05759586531581288,-0.0017453292519943296,0.17976891295541594,0.3351032163829113,-0.013962634015954637,0.27576202181510406,0.2984513020910304,0.09773843811168245,-0.029670597283903602,0.33335788713091696,0.21293016874330822,0.2059488517353309,-0.0471238898038469,0.32637657012293964,0.2932153143350474,0.20943951023931956,-0.031415926535897934,0.022689280275926284,0.31066860685499065,0.3298672286269283,41.5,41.6,40.1,40.1,40.5,41.0,41.800000000000004,42.6,41.5,42.800000000000004,43.5,43.300000000000004,42.1,41.2,42.1,43.1,41.0,39.300000000000004,40.5,40.5
400374.770959366,(open),open,0.0,nan,0.0,nan,0.05759586531581288,-0.0017453292519943296,0.17976891295541594,0.3351032163829113,-0.013962634015954637,0.27576202181510406,0.2984513020910304,0.09773843811168245,-0.029670597283903602,0.33335788713091696,0.21293016874330822,0.2059488517353309,-0.0471238898038469,0.32637657012293964,0.2932153143350474,0.20943951023931956,-0.031415926535897934,0.022689280275926284,0.31066860685499065,0.3298672286269283,41.5,41.6,40.1,40.1,40.5,41.0,41.800000000000004,42.6,41.5,42.800000000000004,43.5,43.300000000000004,42.1,41.2,42.1,43.1,41.0,39.300000000000004,40.5,40.5
400374.780790916,(open),open,0.0,nan,0.0,nan,0.061086523819801536,-0.0017453292519943296,0.16929693744344998,0.3420845333908886,-0.010471975511965978,0.2775073510670984,0.30543261909900765,0.09948376736367678,-0.03316125578789226,0.3141592653589793,0.1884955592153876,0.19896753472735357,-0.048869219055841226,0.2984513020910304,0.2844886680750757,0.20245819323134223,-0.031415926535897934,0.020943951023931956,0.2984513020910304,0.3420845333908886,41.5,41.6,40.1,40.1,40.5,41.0,41.800000000000004,42.6,41.5,42.800000000000004,43.5,43.300000000000004,42.1,41.2,42.1,43.1,41.0,39.300000000000004,40.5,40.5
400374.781009855,(open),open,0.0,nan,0.0,nan,0.061086523819801536,-0.0017453292519943296,0.16929693744344998,0.3420845333908886,-0.010471975511965978,0.2775073510670984,0.30543261909900765,0.09948376736367678,-0.03316125578789226,0.3141592653589793,0.1884955592153876,0.19896753472735357,-0.048869219055841226,0.2984513020910304,0.2844886680750757,0.20245819323134223,-0.031415926535897934,0.020943951023931956,0.2984513020910304,0.3420845333908886,41.5,41.6,40.1,40.1,40.5,41.0,41.800000000000004,42.6,41.5,42.800000000000004,43.5,43.300000000000004,42.1,41.2,42.1,43.1,41.0,39.300000000000004,40.5,40.5
400374.791172217,(open),open,0.0,nan,0.0,nan,0.061086523819801536,-0.0017453292519943296,0.16929693744344998,0.34732052114687156,-0.015707963267948967,0.27052603405912107,0.2844886680750757,0.10297442586766545,-0.031415926535897934,0.32288591161895097,0.20769418098732523,0.20769418098732523,-0.048869219055841226,0.307177948351002,0.2879793265790644,0.19896753472735357,-0.031415926535897934,0.022689280275926284,0.2984513020910304,0.317649923862968,41.5,41.6,40.1,40.1,40.5,41.0,41.800000000000004,42.6,41.5,42.800000000000004,43.5,43.300000000000004,42.1,41.2,42.1,43.1,41.0,39.300000000000004,40.5,40.5
400374.791468764,(open),open,0.0,nan,0.0,nan,0.061086523819801536,-0.0017453292519943296,0.16929693744344998,0.34732052114687156,-0.015707963267948967,0.27052603405912107,0.2844886680750757,0.10297442586766545,-0.031415926535897934,0.32288591161895097,0.20769418098732523,0.20769418098732523,-0.048869219055841226,0.307177948351002,0.2879793265790644,0.19896753472735357,-0.031415926535897934,0.022689280275926284,0.2984513020910304,0.317649923862968,41.5,41.6,40.1,40.1,40.5,41.0,41.800000000000004,42.6,41.5,42.800000000000004,43.5,43.300000000000004,42.1,41.2,42.1,43.1,41.0,39.300000000000004,40.5,40.5
400374.800587094,(open),open,0.0,nan,0.0,nan,0.061086523819801536,-0.005235987755982989,0.1710422666954443,0.34382986264288296,-0.010471975511965978,0.25481807079117214,0.2897246558310587,0.10297442586766545,-0.027925268031909273,0.30543261909900765,0.2111848394913139,0.2007128639793479,-0.048869219055841226,0.2984513020910304,0.27576202181510406,0.19896753472735357,-0.031415926535897934,0.022689280275926284,0.2844886680750757,0.32288591161895097,41.5,41.6,40.1,40.1,40.5,41.0,41.800000000000004,42.6,41.5,42.800000000000004,43.5,43.300000000000004,42.1,41.2,42.1,43.1,41.0,39.300000000000004,40.5,40.5
400374.800813273,(open),open,0.0,nan,0.0,nan,0.061086523819801536,-0.005235987755982989,0.1710422666954443,0.34382986264288296,-0.010471975511965978,0.25481807079117214,0.2897246558310587,0.10297442586766545,-0.027925268031909273,0.30543261909900765,0.2111848394913139,0.2007128639793479,-0.048869219055841226,0.2984513020910304,0.27576202181510406,0.19896753472735357,-0.031415926535897934,0.022689280275926284,0.2844886680750757,0.32288591161895097,41.5,41.6,40.1,40.1,40.5,41.0,41.800000000000004,42.6,41.5,42.800000000000004,43.5,43.300000000000004,42.1,41.2,42.1,43.1,41.0,39.300000000000004,40.5,40.5
400374.810616146,(open),open,0.0,nan,0.0,nan,0.05759586531581288,-0.0017453292519943296,0.1710422666954443,0.3351032163829113,-0.013962634015954637,0.2635447170511438,0.2722713633111154,0.10297442586766545,-0.03490658503988659,0.30543261909900765,0.1832595714594046,0.18500490071139894,-0.05061454830783556,0.2827433388230814,0.26878070480712674,0.19024088846738194,-0.031415926535897934,0.022689280275926284,0.2879793265790644,0.3141592653589793,41.5,41.6,40.1,40.1,40.5,41.0,41.800000000000004,42.6,41.5,42.800000000000004,43.5,43.300000000000004,42.1,41.2,42.1,43.1,41.0,39.300000000000004,40.5,40.5
400374.810865677,(open),open,0.0,nan,0.0,nan,0.05759586531581288,-0.0017453292519943296,0.1710422666954443,0.3351032163829113,-0.013962634015954637,0.2635447170511438,0.2722713633111154,0.10297442586766545,-0.03490658503988659,0.30543261909900765,0.1832595714594046,0.18500490071139894,-0.05061454830783556,0.2827433388230814,0.26878070480712674,0.19024088846738194,-0.031415926535897934,0.022689280275926284,0.2879793265790644,0.3141592653589793,41.5,41.6,40.1,40.1,40.5,41.0,41.800000000000004,42.6,41.5,42.800000000000004,43.5,43.300000000000004,42.1,41.2,42.1,43.1,41.0,39.300000000000004,40.5,40.5
400374.820596629,(open),open,0.0,nan,0.0,nan,0.05759586531581288,-0.0017453292519943296,0.1710422666954443,0.3351032163829113,-0.013962634015954637,0.2635447170511438,0.2722713633111154,0.10297442586766545,-0.03490658503988659,0.30543261909900765,0.1832595714594046,0.18500490071139894,-0.05061454830783556,0.2827433388230814,0.26878070480712674,0.19024088846738194,-0.031415926535897934,0.022689280275926284,0.2879793265790644,0.3141592653589793,41.5,41.6,40.1,40.1,40.5,41.0,41.800000000000004,42.6,41.5,42.800000000000004,43.5,43.300000000000004,42.1,41.2,42.1,43.1,41.0,39.300000000000004,40.5,40.5
400374.820815831,(open),open,0.0,nan,0.0,nan,0.05759586531581288,-0.0017453292519943296,0.16057029118347832,0.3351032163829113,-0.010471975511965978,0.23911010752322315,0.2722713633111154,0.10297442586766545,-0.027925268031909273,0.2844886680750757,0.17627825445142728,0.1884955592153876,-0.0471238898038469,0.2932153143350474,0.2635447170511438,0.1832595714594046,-0.031415926535897934,0.020943951023931956,0.2722713633111154,0.30194196059501904,41.5,41.6,40.1,40.1,40.5,41.0,41.800000000000004,42.6,41.5,42.800000000000004,43.5,43.300000000000004,42.1,41.2,42.1,43.1,41.0,39.300000000000004,40.5,40.5
400374.830591797,(open),open,0.0,nan,0.0,nan,0.05759586531581288,-0.0017453292519943296,0.153588974175501,0.34382986264288296,-0.010471975511965978,0.25132741228718347,0.26005405854715513,0.10297442586766545,-0.03316125578789226,0.2949606435870417,0.1954768762233649,0.1884955592153876,-0.05061454830783556,0.2670353755551324,0.25481807079117214,0.18500490071139894,-0.031415926535897934,0.020943951023931956,0.27052603405912107,0.29670597283903605,41.5,41.6,40.1,40.1,40.5,41.0,41.800000000000004,42.6,41.5,42.800000000000004,43.5,43.300000000000004,42.1,41.2,42.1,43.1,41.0,39.300000000000004,40.5,40.5
400374.830844618,(open),open,0.0,nan,0.0,nan,0.05759586531581288,-0.0017453292519943296,0.153588974175501,0.34382986264288296,-0.010471975511965978,0.25132741228718347,0.26005405854715513,0.10297442586766545,-0.03316125578789226,0.2949606435870417,0.1954768762233649,0.1884955592153876,-0.05061454830783556,0.2670353755551324,0.25481807079117214,0.18500490071139894,-0.031415926535897934,0.020943951023931956,0.27052603405912107,0.29670597283903605,41.5,41.6,40.1,40.1,40.5,41.0,41.800000000000004,42.6,41.5,42.800000000000004,43.5,43.300000000000004,42.1,41.2,42.1,43.1,41.0,39.300000000000004,40.5,40.5
400374.840675389,(open),open,0.0,nan,0.0,nan,0.05759586531581288,-0.005235987755982989,0.153588974175501,0.34557519189487723,-0.013962634015954637,0.22689280275926285,0.25132741228718347,0.10297442586766545,-0.03316125578789226,0.2722713633111154,0.19024088846738194,0.17976891295541594,-0.05061454830783556,0.27576202181510406,0.2530727415391778,0.17976891295541594,-0.031415926535897934,0.020943951023931956,0.26179938779914946,0.2844886680750757,41.5,41.6,40.1,40.1,40.5,41.0,41.800000000000004,42.6,41.5,42.800000000000004,43.5,43.300000000000004,42.1,41.2,42.1,43.1,41.0,39.300000000000004,40.5,40.5
400374.840891243,(open),open,0.0,nan,0.0,nan,0.05759586531581288,-0.005235987755982989,0.153588974175501,0.34557519189487723,-0.013962634015954637,0.22689280275926285,0.25132741228718347,0.10297442586766545,-0.03316125578789226,0.2722713633111154,0.19024088846738194,0.17976891295541594,-0.05061454830783556,0.27576202181510406,0.2530727415391778,0.17976891295541594,-0.031415926535897934,0.020943951023931956,0.26179938779914946,0.2844886680750757,41.5,41.6,40.1,40.1,40.5,41.0,41.800000000000004,42.6,41.5,42.800000000000004,43.5,43.300000000000004,42.1,41.2,42.1,43.1,41.0,39.300000000000004,40.5,40.5
400374.850638583,(open),open,0.0,nan,0.0,nan,0.061086523819801536,-0.005235987755982989,0.15707963267948966,0.3351032163829113,-0.010471975511965978,0.23038346126325152,0.2478367537831948,0.10297442586766545,-0.029670597283903602,0.2722713633111154,0.16231562043547265,0.16755160819145565,-0.048869219055841226,0.26179938779914946,0.23736477827122882,0.1710422666954443,-0.031415926535897934,0.022689280275926284,0.25132741228718347,0.2827433388230814,41.5,41.6,40.1,40.1,40.5,41.0,41.800000000000004,42.6,41.5,42.800000000000004,43.5,43.300000000000004,42.1,41.2,42.1,43.1,41.0,39.300000000000004,40.5,40.5
400374.850988546,(open),open,0.0,nan,0.0,nan,0.061086523819801536,-0.005235987755982989,0.15707963267948966,0.3351032163829113,-0.010471975511965978,0.23038346126325152,0.2478367537831948,0.10297442586766545,-0.029670597283903602,0.2722713633111154,0.16231562043547265,0.16755160819145565,-0.048869219055841226,0.26179938779914946,0.23736477827122882,0.1710422666954443,-0.031415926535897934,0.022689280275926284,0.25132741228718347,0.2827433388230814,41.5,41.6,40.1,40.1,40.5,41.0,41.800000000000004,42.6,41.5,42.800000000000004,43.5,43.300000000000004,42.1,41.2,42.1,43.1,41.0,39.300000000000004,40.5,40.5
400374.860592186,(open),open,0.0,nan,0.0,nan,0.05759586531581288,-0.0017453292519943296,0.15009831567151236,0.3298672286269283,-0.015707963267948967,0.2234021442552742,0.22863813201125718,0.10297442586766545,-0.03490658503988659,0.25481807079117214,0.16580627893946132,0.17453292519943295,-0.05061454830783556,0.25132741228718347,0.23561944901923448,0.16406094968746698,-0.031415926535897934,0.022689280275926284,0.24958208303518914,0.26878070480712674,41.5,41.6,40.1,40.1,40.5,41.0,41.800000000000004,42.6,41.5,42.800000000000004,43.5,43.300000000000004,42.1,41.2,42.1,43.1,41.0,39.300000000000004,40.5,40.5
400374.860789811,(open),open,0.0,nan,0.0,nan,0.05759586531581288,-0.0017453292519943296,0.15009831567151236,0.3298672286269283,-0.015707963267948967,0.2234021442552742,0.22863813201125718,0.10297442586766545,-0.03490658503988659,0.25481807079117214,0.16580627893946132,0.17453292519943295,-0.05061454830783556,0.25132741228718347,0.23561944901923448,0.16406094968746698,-0.031415926535897934,0.022689280275926284,0.24958208303518914,0.26878070480712674,41.5,41.6,40.1,40.1,40.5,41.0,41.800000000000004,42.6,41.5,42.800000000000004,43.5,43.300000000000004,42.1,41.2,42.1,43.1,41.0,39.300000000000004,40.5,40.5
400374.870609106,(open),open,0.0,nan,0.0,nan,0.05759586531581288,-0.0017453292519943296,0.13962634015954636,0.34382986264288296,-0.010471975511965978,0.20769418098732523,0.22863813201125718,0.09773843811168245,-0.029670597283903602,0.26005405854715513,0.17976891295541594,0.17278759594743862,-0.05061454830783556,0.2530727415391778,0.23212879051524585,0.16755160819145565,-0.031415926535897934,0.020943951023931956,0.23561944901923448,0.2722713633111154,41.5,41.6,40.1,40.1,40.5,41.0,41.800000000000004,42.6,41.5,42.800000000000004,43.5,43.300000000000004,42.1,41.2,42.1,43.1,41.0,39.300000000000004,40.5,40.5
400374.870816195,(open),open,0.0,nan,0.0,nan,0.05759586531581288,-0.0017453292519943296,0.13962634015954636,0.34382986264288296,-0.010471975511965978,0.20769418098732523,0.22863813201125718,0.09773843811168245,-0.029670597283903602,0.26005405854715513,0.17976891295541594,0.17278759594743862,-0.05061454830783556,0.2530727415391778,0.23212879051524585,0.16755160819145565,-0.031415926535897934,0.020943951023931956,0.23561944901923448,0.2722713633111154,41.5,41.6,40.1,40.1,40.5,41.0,41.800000000000004,42.6,41.5,42.800000000000004,43.5,43.300000000000004,42.1,41.2,42.1,43.1,41.0,39.300000000000004,40.5,40.5
400374.880711679,(open),open,0.0,nan,0.0,nan,0.061086523819801536,-0.005235987755982989,0.13788101090755203,0.32637657012293964,-0.012217304763960306,0.2181661564992912,0.2059488517353309,0.0890117918517108,-0.03665191429188092,0.23911010752322315,0.16057029118347832,0.15533430342749532,-0.05061454830783556,0.23212879051524585,0.21991148575128552,0.16057029118347832,-0.031415926535897934,0.022689280275926284,0.23561944901923448,0.25132741228718347,41.5,41.6,40.1,40.1,40.5,41.0,41.800000000000004,42.6,41.5,42.800000000000004,43.5,43.300000000000004,42.1,41.2,42.1,43.1,41.0,39.300000000000004,40.5,40.5
400374.880928919,(open),open,0.0,nan,0.0,nan,0.061086523819801536,-0.005235987755982989,0.13788101090755203,0.32637657012293964,-0.012217304763960306,0.2181661564992912,0.2059488517353309,0.0890117918517108,-0.03665191429188092,0.23911010752322315,0.16057029118347832,0.15533430342749532,-0.05061454830783556,0.23212879051524585,0.21991148575128552,0.16057029118347832,-0.031415926535897934,0.022689280275926284,0.23561944901923448,0.25132741228718347,41.5,41.6,40.1,40.1,40.5,41.0,41.800000000000004,42.6,41.5,42.800000000000004,43.5,43.300000000000004,42.1,41.2,42.1,43.1,41.0,39.300000000000004,40.5,40.5
400374.890982324,(open),open,0.0,nan,0.0,nan,0.061086523819801536,-0.005235987755982989,0.1413716694115407,0.3193952531149623,-0.013962634015954637,0.19373154697137057,0.21467549799530253,0.08203047484373349,-0.029670597283903602,0.23561944901923448,0.13962634015954636,0.1518436449235067,-0.0471238898038469,0.2426007660272118,0.22165681500327986,0.1518436449235067,-0.031415926535897934,0.020943951023931956,0.21991148575128552,0.25656340004316647,41.5,41.6,40.1,40.1,40.5,41.0,41.800000000000004,42.6,41.5,42.800000000000004,43.5,43.300000000000004,42.1,41.2,42.1,43.1,41.0,39.300000000000004,40.5,40.5
400374.891264182,(open),open,0.0,nan,0.0,nan,0.061086523819801536,-0.005235987755982989,0.1413716694115407,0.3193952531149623,-0.013962634015954637,0.19373154697137057,0.21467549799530253,0.08203047484373349,-0.029670597283903602,0.23561944901923448,0.13962634015954636,0.1518436449235067,-0.0471238898038469,0.2426007660272118,0.22165681500327986,0.1518436449235067,-0.031415926535897934,0.020943951023931956,0.21991148575128552,0.25656340004316647,41.5,41.6,40.1,40.1,40.5,41.0,41.800000000000004,42.6,41.5,42.800000000000004,43.5,43.300000000000004,42.1,41.2,42.1,43.1,41.0,39.300000000000004,40.5,40.5
400374.900836161,(open),open,0.0,nan,0.0,nan,0.05759586531581288,-0.0017453292519943296,0.1361356816555577,0.31066860685499065,-0.010471975511965978,0.2007128639793479,0.20943951023931956,0.08203047484373349,-0.03839724354387525,0.22689280275926285,0.158824961931484,0.15533430342749532,-0.05061454830783556,0.2234021442552742,0.2059488517353309,0.14835298641951802,-0.031415926535897934,0.022689280275926284,0.22165681500327986,0.24085543677521748,41.5,41.6,40.1,40.1,40.5,41.0,41.800000000000004,42.6,41.5,42.800000000000004,43.5,43.300000000000004,42.1,41.2,42.1,43.1,41.0,39.300000000000004,40.5,40.5
400374.901105494,(open),open,0.0,nan,0.0,nan,0.05759586531581288,-0.0017453292519943296,0.1361356816555577,0.31066860685499065,-0.010471975511965978,0.2007128639793479,0.20943951023931956,0.08203047484373349,-0.03839724354387525,0.22689280275926285,0.158824961931484,0.15533430342749532,-0.05061454830783556,0.2234021442552742,0.2059488517353309,0.14835298641951802,-0.031415926535897934,0.022689280275926284,0.22165681500327986,0.24085543677521748,41.5,41.6,40.1,40.1,40.5,41.0,41.800000000000004,42.6,41.5,42.800000000000004,43.5,43.300000000000004,42.1,41.2,42.1,43.1,41.0,39.300000000000004,40.5,40.5
400374.910587528,(open),open,0.0,nan,0.0,nan,0.05759586531581288,-0.0017453292519943296,0.12740903539558607,0.2897246558310587,-0.010471975511965978,0.1832595714594046,0.19896753472735357,0.08377580409572782,-0.031415926535897934,0.22689280275926285,0.15707963267948966,0.14486232791552936,-0.04537856055185257,0.22863813201125718,0.2059488517353309,0.1518436449235067,-0.03490658503988659,0.020943951023931956,0.2059488517353309,0.23911010752322315,41.5,41.6,40.1,40.1,40.5,41.0,41.800000000000004,42.6,41.5,42.800000000000004,43.5,43.300000000000004,42.1,41.2,42.1,43.1,41.0,39.300000000000004,40.5,40.5
400374.910799013,(open),open,0.0,nan,0.0,nan,0.05759586531581288,-0.0017453292519943296,0.12740903539558607,0.2897246558310587,-0.010471975511965978,0.1832595714594046,0.19896753472735357,0.08377580409572782,-0.031415926535897934,0.22689280275926285,0.15707963267948966,0.14486232791552936,-0.04537856055185257,0.22863813201125718,0.2059488517353309,0.1518436449235067,-0.03490658503988659,0.020943951023931956,0.2059488517353309,0.23911010752322315,41.5,41.6,40.1,40.1,40.5,41.0,41.800000000000004,42.6,41.5,42.800000000000004,43.5,43.300000000000004,42.1,41.2,42.1,43.1,41.0,39.300000000000004,40.5,40.5
400374.920473524,(open),open,0.0,nan,0.0,nan,0.05759586531581288,-0.005235987755982989,0.12042771838760874,0.28099800957108706,-0.008726646259971648,0.1780235837034216,0.20420352248333656,0.08552113334772216,-0.04188790204786391,0.2059488517353309,0.1361356816555577,0.13788101090755203,-0.05061454830783556,0.21642082724729686,0.1954768762233649,0.1413716694115407,-0.031415926535897934,0.022689280275926284,0.20420352248333656,0.23038346126325152,41.5,41.6,40.1,40.1,40.5,41.0,41.800000000000004,42.6,41.5,42.800000000000004,43.5,43.300000000000004,42.1,41.2,42.1,43.1,41.0,39.300000000000004,40.5,40.5
400374.920670521,(open),open,0.0,nan,0.0,nan,0.05759586531581288,-0.005235987755982989,0.12042771838760874,0.28099800957108706,-0.008726646259971648,0.1780235837034216,0.20420352248333656,0.08552113334772216,-0.04188790204786391,0.2059488517353309,0.1361356816555577,0.13788101090755203,-0.05061454830783556,0.21642082724729686,0.1954768762233649,0.1413716694115407,-0.031415926535897934,0.022689280275926284,0.20420352248333656,0.23038346126325152,41.5,41.6,40.1,40.1,40.5,41.0,41.800000000000004,42.6,41.5,42.800000000000004,43.5,43.300000000000004,42.1,41.2,42.1,43.1,41.0,39.300000000000004,40.5,40.5
400374.930559449,(open),open,0.0,nan,0.0,nan,0.05759586531581288,-0.005235987755982989,0.1239183768915974,0.28099800957108706,-0.012217304763960306,0.17453292519943295,0.1832595714594046,0.08552113334772216,-0.03665191429188092,0.20769418098732523,0.1239183768915974,0.13962634015954636,-0.0471238898038469,0.2111848394913139,0.1884955592153876,0.13264502315156904,-0.031415926535897934,0.022689280275926284,0.19198621771937627,0.2181661564992912,41.5,41.6,40.1,40.1,40.5,41.0,41.800000000000004,42.6,41.5,42.800000000000004,43.5,43.300000000000004,42.1,41.2,42.1,43.1,41.0,39.300000000000004,40.5,40.5
400374.930806392,(open),open,0.0,nan,0.0,nan,0.05759586531581288,-0.005235987755982989,0.1239183768915974,0.28099800957108706,-0.012217304763960306,0.17453292519943295,0.1832595714594046,0.08552113334772216,-0.03665191429188092,0.20769418098732523,0.1239183768915974,0.13962634015954636,-0.0471238898038469,0.2111848394913139,0.1884955592153876,0.13264502315156904,-0.031415926535897934,0.022689280275926284,0.19198621771937627,0.2181661564992912,41.5,41.6,40.1,40.1,40.5,41.0,41.800000000000004,42.6,41.5,42.800000000000004,43.5,43.300000000000004,42.1,41.2,42.1,43.1,41.0,39.300000000000004,40.6,40.5
400374.940728054,(open),open,0.0,nan,0.0,nan,0.05759586531581288,-0.0017453292519943296,0.11868238913561441,0.2583087292951608,-0.008726646259971648,0.15533430342749532,0.17976891295541594,0.07504915783575618,-0.03839724354387525,0.1954768762233649,0.14486232791552936,0.13962634015954636,-0.05235987755982989,0.2007128639793479,0.19024088846738194,0.13264502315156904,-0.031415926535897934,0.020943951023931956,0.18500490071139894,0.21642082724729686,41.5,41.6,40.1,40.1,40.5,41.0,41.800000000000004,42.6,41.5,42.800000000000004,43.5,43.300000000000004,42.1,41.2,42.1,43.1,41.0,39.300000000000004,40.6,40.5
400374.940955569,(open),open,0.0,nan,0.0,nan,0.05759586531581288,-0.0017453292519943296,0.11868238913561441,0.2583087292951608,-0.008726646259971648,0.15533430342749532,0.17976891295541594,0.07504915783575618,-0.03839724354387525,0.1954768762233649,0.14486232791552936,0.13962634015954636,-0.05235987755982989,0.2007128639793479,0.19024088846738194,0.13264502315156904,-0.031415926535897934,0.020943951023931956,0.18500490071139894,0.21642082724729686,41.5,41.6,40.1,40.1,40.5,41.0,41.800000000000004,42.6,41.5,42.800000000000004,43.5,43.300000000000004,42.1,41.2,42.1,43.1,41.0,39.300000000000004,40.6,40.5
400374.950731097,(open),open,0.0,nan,0.0,nan,0.05759586531581288,-0.005235987755982989,0.11344640137963143,0.24085543677521748,-0.010471975511965978,0.16755160819145565,0.17627825445142728,0.0645771823237902,-0.03665191429188092,0.1954768762233649,0.13962634015954636,0.1291543646475804,-0.05759586531581288,0.20420352248333656,0.1780235837034216,0.1291543646475804,-0.031415926535897934,0.020943951023931956,0.18151424220741028,0.20420352248333656,41.5,41.6,40.1,40.1,40.5,41.0,41.800000000000004,42.6,41.5,42.800000000000004,43.5,43.300000000000004,42.1,41.2,42.1,43.1,41.0,39.300000000000004,40.6,40.5
400374.950989567,(open),open,0.0,nan,0.0,nan,0.05759586531581288,-0.005235987755982989,0.11344640137963143,0.24085543677521748,-0.010471975511965978,0.16755160819145565,0.17627825445142728,0.0645771823237902,-0.03665191429188092,0.1954768762233649,0.13962634015954636,0.1291543646475804,-0.05759586531581288,0.20420352248333656,0.1780235837034216,0.1291543646475804,-0.031415926535897934,0.020943951023931956,0.18151424220741028,0.20420352248333656,41.5,41.6,40.1,40.1,40.5,41.0,41.800000000000004,42.6,41.5,42.800000000000004,43.5,43.300000000000004,42.1,41.2,42.1,43.1,41.0,39.300000000000004,40.6,40.5
400374.960436305,(open),open,0.0,nan,0.0,nan,0.059341194567807204,-0.005235987755982989,0.10646508437165411,0.25481807079117214,-0.010471975511965978,0.14486232791552936,0.16929693744344998,0.06806784082777885,-0.03490658503988659,0.17278759594743862,0.10995574287564276,0.11868238913561441,-0.054105206811824215,0.18675022996339327,0.16929693744344998,0.12042771838760874,-0.031415926535897934,0.019198621771937624,0.16755160819145565,0.19896753472735357,41.5,41.6,40.1,40.1,40.5,41.0,41.800000000000004,42.6,41.5,42.800000000000004,43.5,43.300000000000004,42.1,41.2,42.1,43.1,41.0,39.300000000000004,40.6,40.5
400374.960654107,(open),open,0.0,nan,0.0,nan,0.059341194567807204,-0.005235987755982989,0.10646508437165411,0.25481807079117214,-0.010471975511965978,0.14486232791552936,0.16929693744344998,0.06806784082777885,-0.03490658503988659,0.17278759594743862,0.10995574287564276,0.11868238913561441,-0.054105206811824215,0.18675022996339327,0.16929693744344998,0.12042771838760874,-0.031415926535897934,0.019198621771937624,0.16755160819145565,0.19896753472735357,41.5,41.6,40.1,40.1,40.5,41.0,41.800000000000004,42.6,41.5,42.800000000000004,43.5,43.300000000000004,42.1,41.2,42.1,43.1,41.0,39.300000000000004,40.6,40.5
400374.970508275,(open),open,0.0,nan,0.0,nan,0.059341194567807204,-0.005235987755982989,0.10821041362364843,0.23038346126325152,-0.010471975511965978,0.14486232791552936,0.17627825445142728,0.06981317007977318,-0.03490658503988659,0.1710422666954443,0.11693705988362008,0.12566370614359174,-0.06283185307179587,0.18675022996339327,0.16755160819145565,0.11519173063162576,-0.031415926535897934,0.020943951023931956,0.16755160819145565,0.19024088846738194,41.5,41.6,40.1,40.1,40.5,41.0,41.800000000000004,42.6,41.5,42.800000000000004,43.5,43.300000000000004,42.1,41.2,42.1,43.1,41.0,39.300000000000004,40.6,40.5
400374.970738136,(open),open,0.0,nan,0.0,nan,0.059341194567807204,-0.005235987755982989,0.10821041362364843,0.23038346126325152,-0.010471975511965978,0.14486232791552936,0.17627825445142728,0.06981317007977318,-0.03490658503988659,0.1710422666954443,0.11693705988362008,0.12566370614359174,-0.06283185307179587,0.18675022996339327,0.16755160819145565,0.11519173063162576,-0.031415926535897934,0.020943951023931956,0.16755160819145565,0.19024088846738194,41.5,41.6,40.1,40.1,40.5,41.0,41.800000000000004,42.6,41.5,42.800000000000004,43.5,43.300000000000004,42.1,41.2,42.1,43.1,41.0,39.300000000000004,40.6,40.5
400374.98054214,(open),open,0.0,nan,0.0,nan,0.059341194567807204,-0.005235987755982989,0.10821041362364843,0.23038346126325152,-0.012217304763960306,0.14311699866353503,0.1518436449235067,0.06981317007977318,-0.03316125578789226,0.16755160819145565,0.13089969389957473,0.12217304763960307,-0.05759586531581288,0.17976891295541594,0.153588974175501,0.11519173063162576,-0.03316125578789226,0.017453292519943295,0.153588974175501,0.18500490071139894,41.5,41.6,40.1,40.1,40.5,41.0,41.800000000000004,42.6,41.5,42.800000000000004,43.5,43.300000000000004,42.1,41.2,42.1,43.1,41.0,39.300000000000004,40.6,40.5
400374.98076387,(open),open,0.0,nan,0.0,nan,0.059341194567807204,-0.005235987755982989,0.10821041362364843,0.23038346126325152,-0.012217304763960306,0.14311699866353503,0.1518436449235067,0.06981317007977318,-0.03316125578789226,0.16755160819145565,0.13089969389957473,0.12217304763960307,-0.05759586531581288,0.17976891295541594,0.153588974175501,0.11519173063162576,-0.03316125578789226,0.017453292519943295,0.153588974175501,0.18500490071139894,41.5,41.6,40.1,40.1,40.5,41.0,41.800000000000004,42.6,41.5,42.800000000000004,43.5,43.300000000000004,42.1,41.2,42.1,43.1,41.0,39.300000000000004,40.6,40.5
400374.990681343,(open),open,0.0,nan,0.0,nan,0.05759586531581288,-0.0017453292519943296,0.09773843811168245,0.20420352248333656,-0.008726646259971648,0.12217304763960307,0.15707963267948966,0.06806784082777885,-0.03665191429188092,0.15533430342749532,0.11344640137963143,0.10646508437165411,-0.061086523819801536,0.16406094968746698,0.15707963267948966,0.11344640137963143,-0.03316125578789226,0.019198621771937624,0.153588974175501,0.1780235837034216,41.5,41.6,40.1,40.1,40.5,41.0,41.800000000000004,42.6,41.5,42.800000000000004,43.5,43.300000000000004,42.1,41.2,42.1,43.1,41.0,39.300000000000004,40.6,40.5
400374.990952266,(open),open,0.0,nan,0.0,nan,0.05759586531581288,-0.0017453292519943296,0.09773843811168245,0.20420352248333656,-0.008726646259971648,0.12217304763960307,0.15707963267948966,0.06806784082777885,-0.03665191429188092,0.15533430342749532,0.11344640137963143,0.10646508437165411,-0.061086523819801536,0.16406094968746698,0.15707963267948966,0.11344640137963143,-0.03316125578789226,0.019198621771937624,0.153588974175501,0.1780235837034216,41.5,41.6,40.1,40.1,40.5,41.0,41.800000000000004,42.6,41.5,42.800000000000004,43.5,43.300000000000004,42.1,41.2,42.1,43.1,41.0,39.300000000000004,40.6,40.5
400375.00047519,(open),open,0.0,nan,0.0,nan,0.05759586531581288,-0.005235987755982989,0.09075712110370514,0.22165681500327986,-0.010471975511965978,0.1361356816555577,0.13962634015954636,0.06806784082777885,-0.03316125578789226,0.14486232791552936,0.09250245035569947,0.10471975511965978,-0.0471238898038469,0.16755160819145565,0.14311699866353503,0.10297442586766545,-0.03316125578789226,0.020943951023931956,0.1413716694115407,0.1710422666954443,41.5,41.6,40.1,40.1,40.5,41.0,41.800000000000004,42.6,41.5,42.800000000000004,43.5,43.300000000000004,42.1,41.2,42.1,43.1,41.0,39.300000000000004,40.6,40.5
400375.000705907,(open),open,0.0,nan,0.0,nan,0.05759586531581288,-0.005235987755982989,0.09075712110370514,0.22165681500327986,-0.010471975511965978,0.1361356816555577,0.13962634015954636,0.06806784082777885,-0.03316125578789226,0.14486232791552936,0.09250245035569947,0.10471975511965978,-0.0471238898038469,0.16755160819145565,0.14311699866353503,0.10297442586766545,-0.03316125578789226,0.020943951023931956,0.1413716694115407,0.1710422666954443,41.5,41.6,40.1,40.1,40.5,41.0,41.800000000000004,42.6,41.5,42.800000000000004,43.5,43.300000000000004,42.1,41.2,42.1,43.1,41.0,39.300000000000004,40.6,40.5
400375.010568298,(open),open,0.0,nan,0.0,nan,0.059341194567807204,-0.005235987755982989,0.09250245035569947,0.2007128639793479,-0.012217304763960306,0.1117010721276371,0.13788101090755203,0.061086523819801536,-0.03839724354387525,0.14486232791552936,0.10646508437165411,0.1117010721276371,-0.04363323129985824,0.14311699866353503,0.13962634015954636,0.09948376736367678,-0.03490658503988659,0.019198621771937624,0.13788101090755203,0.158824961931484,41.5,41.6,40.1,40.1,40.5,41.0,41.800000000000004,42.6,41.5,42.800000000000004,43.5,43.300000000000004,42.1,41.2,42.1,43.1,41.0,39.300000000000004,40.6,40.5
400375.010806578,(open),open,0.0,nan,0.0,nan,0.059341194567807204,-0.005235987755982989,0.09250245035569947,0.2007128639793479,-0.012217304763960306,0.1117010721276371,0.13788101090755203,0.061086523819801536,-0.03839724354387525,0.14486232791552936,0.10646508437165411,0.1117010721276371,-0.04363323129985824,0.14311699866353503,0.13962634015954636,0.09948376736367678,-0.03490658503988659,0.019198621771937624,0.13788101090755203,0.158824961931484,41.5,41.6,40.1,40.1,40.5,41.0,41.800000000000004,42.6,41.5,42.800000000000004,43.5,43.300000000000004,42.1,41.2,42.1,43.1,41.0,39.300000000000004,40.6,40.5
400375.020581276,(open),open,0.0,nan,0.0,nan,0.061086523819801536,-0.005235987755982989,0.09250245035569947,0.20245819323134223,-0.008726646259971648,0.11693705988362008,0.1291543646475804,0.05235987755982989,-0.03839724354387525,0.13264502315156904,0.10995574287564276,0.10122909661567112,-0.03665191429188092,0.15533430342749532,0.13089969389957473,0.10122909661567112,-0.031415926535897934,0.022689280275926284,0.13264502315156904,0.158824961931484,41.5,41.6,40.1,40.1,40.5,41.0,41.800000000000004,42.6,41.5,42.800000000000004,43.5,43.300000000000004,42.1,41.2,42.1,43.1,41.0,39.300000000000004,40.6,40.5
400375.02087886,(open),open,0.0,nan,0.0,nan,0.061086523819801536,-0.005235987755982989,0.09250245035569947,0.20245819323134223,-0.008726646259971648,0.11693705988362008,0.1291543646475804,0.05235987755982989,-0.03839724354387525,0.13264502315156904,0.10995574287564276,0.10122909661567112,-0.03665191429188092,0.15533430342749532,0.13089969389957473,0.10122909661567112,-0.031415926535897934,0.022689280275926284,0.13264502315156904,0.158824961931484,41.5,41.6,40.1,40.1,40.5,41.0,41.800000000000004,42.6,41.5,42.800000000000004,43.5,43.300000000000004,42.1,41.2,42.1,43.1,41.0,39.300000000000004,40.6,40.5
400375.030753022,(open),open,0.0,nan,0.0,nan,0.06283185307179587,-0.0017453292519943296,0.08377580409572782,0.17627825445142728,-0.012217304763960306,0.09948376736367678,0.12042771838760874,0.0471238898038469,-0.03839724354387525,0.1291543646475804,0.08028514559173916,0.08726646259971647,-0.04188790204786391,0.1291543646475804,0.12217304763960307,0.09250245035569947,-0.031415926535897934,0.020943951023931956,0.11868238913561441,0.14486232791552936,41.5,41.6,40.1,40.1,40.5,41.0,41.800000000000004,42.6,41.5,42.800000000000004,43.5,43.300000000000004,42.1,41.2,42.1,43.1,41.0,39.300000000000004,40.6,40.5
400375.031088087,(open),open,0.0,nan,0.0,nan,0.06283185307179587,-0.0017453292519943296,0.08377580409572782,0.17627825445142728,-0.012217304763960306,0.09948376736367678,0.12042771838760874,0.0471238898038469,-0.03839724354387525,0.1291543646475804,0.08028514559173916,0.08726646259971647,-0.04188790204786391,0.1291543646475804,0.12217304763960307,0.09250245035569947,-0.031415926535897934,0.020943951023931956,0.11868238913561441,0.14486232791552936,41.5,41.6,40.1,40.1,40.5,41.0,41.800000000000004,42.6,41.5,42.800000000000004,43.5,43.300000000000004,42.1,41.2,42.1,43.1,41.0,39.300000000000004,40.6,40.5
400375.04063251,(open),open,0.0,nan,0.0,nan,0.06283185307179587,-0.005235987755982989,0.07504915783575618,0.19024088846738194,-0.008726646259971648,0.09773843811168245,0.1291543646475804,0.05061454830783556,-0.03316125578789226,0.10995574287564276,0.08028514559173916,0.09250245035569947,-0.03839724354387525,0.13788101090755203,0.12042771838760874,0.08377580409572782,-0.031415926535897934,0.020943951023931956,0.12217304763960307,0.1466076571675237,41.5,41.6,40.1,40.1,40.5,41.0,41.800000000000004,42.6,41.5,42.800000000000004,43.5,43.300000000000004,42.1,41.2,42.1,43.1,41.0,39.300000000000004,40.6,40.5
400375.040847403,(open),open,0.0,nan,0.0,nan,0.06283185307179587,-0.005235987755982989,0.07504915783575618,0.19024088846738194,-0.008726646259971648,0.09773843811168245,0.1291543646475804,0.05061454830783556,-0.03316125578789226,0.10995574287564276,0.08028514559173916,0.09250245035569947,-0.03839724354387525,0.13788101090755203,0.12042771838760874,0.08377580409572782,-0.031415926535897934,0.020943951023931956,0.12217304763960307,0.1466076571675237,41.5,41.6,40.1,40.1,40.5,41.0,41.800000000000004,42.6,41.5,42.800000000000004,43.5,43.300000000000004,42.1,41.2,42.1,43.1,41.0,39.300000000000004,40.6,40.5
400375.050658557,(open),open,0.0,nan,0.0,nan,0.059341194567807204,-0.005235987755982989,0.07330382858376185,0.17453292519943295,-0.013962634015954637,0.0942477796076938,0.10821041362364843,0.0471238898038469,-0.031415926535897934,0.12217304763960307,0.09599310885968813,0.08726646259971647,-0.04363323129985824,0.12042771838760874,0.10646508437165411,0.08552113334772216,-0.031415926535897934,0.020943951023931956,0.10471975511965978,0.1291543646475804,41.5,41.6,40.1,40.1,40.5,41.0,41.800000000000004,42.6,41.5,42.800000000000004,43.5,43.300000000000004,42.1,41.2,42.1,43.1,41.0,39.300000000000004,40.6,40.5
400375.05105998,(open),open,0.0,nan,0.0,nan,0.059341194567807204,-0.005235987755982989,0.07330382858376185,0.17453292519943295,-0.013962634015954637,0.0942477796076938,0.10821041362364843,0.0471238898038469,-0.031415926535897934,0.12217304763960307,0.09599310885968813,0.08726646259971647,-0.04363323129985824,0.12042771838760874,0.10646508437165411,0.08552113334772216,-0.031415926535897934,0.020943951023931956,0.10471975511965978,0.1291543646475804,41.5,41.6,40.1,40.1,40.5,41.0,41.800000000000004,42.6,41.5,42.800000000000004,43.5,43.300000000000004,42.1,41.2,42.1,43.1,41.0,39.300000000000004,40.6,40.5
400375.060440834,(open),open,0.0,nan,0.0,nan,0.05235987755982989,-0.005235987755982989,0.0767944870877505,0.17627825445142728,-0.008726646259971648,0.07330382858376185,0.11344640137963143,0.0471238898038469,-0.026179938779914945,0.09773843811168245,0.08203047484373349,0.07330382858376185,-0.04363323129985824,0.11519173063162576,0.10471975511965978,0.08203047484373349,-0.031415926535897934,0.020943951023931956,0.10646508437165411,0.13089969389957473,41.5,41.6,40.1,40.1,40.5,41.0,41.800000000000004,42.6,41.5,42.800000000000004,43.5,43.300000000000004,42.1,41.2,42.1,43.1,41.0,39.300000000000004,40.6,40.5
400375.060899897,(open),open,0.0,nan,0.0,nan,0.05235987755982989,-0.005235987755982989,0.0767944870877505,0.17627825445142728,-0.008726646259971648,0.07330382858376185,0.11344640137963143,0.0471238898038469,-0.026179938779914945,0.09773843811168245,0.08203047484373349,0.07330382858376185,-0.04363323129985824,0.11519173063162576,0.10471975511965978,0.08203047484373349,-0.031415926535897934,0.020943951023931956,0.10646508437165411,0.13089969389957473,41.5,41.6,40.1,40.1,40.5,41.0,41.800000000000004,42.6,41.5,42.800000000000004,43.5,43.300000000000004,42.1,41.2,42.1,43.1,41.0,39.300000000000004,40.5,40.5
400375.071369405,(open),open,0.0,nan,0.0,nan,0.04537856055185257,-0.005235987755982989,0.06981317007977318,0.1466076571675237,-0.010471975511965978,0.08552113334772216,0.0942477796076938,0.0471238898038469,-0.024434609527920613,0.09599310885968813,0.061086523819801536,0.06981317007977318,-0.048869219055841226,0.1117010721276371,0.09773843811168245,0.07330382858376185,-0.031415926535897934,0.020943951023931956,0.09250245035569947,0.1239183768915974,41.5,41.6,40.1,40.1,40.5,41.0,41.800000000000004,42.6,41.5,42.800000000000004,43.5,43.300000000000004,42.1,41.2,42.1,43.1,41.0,39.300000000000004,40.5,40.5
400375.071633943,(open),open,0.0,nan,0.0,nan,0.04537856055185257,-0.005235987755982989,0.06981317007977318,0.1466076571675237,-0.010471975511965978,0.08552113334772216,0.0942477796076938,0.0471238898038469,-0.024434609527920613,0.09599310885968813,0.061086523819801536,0.06981317007977318,-0.048869219055841226,0.1117010721276371,0.09773843811168245,0.07330382858376185,-0.031415926535897934,0.020943951023931956,0.09250245035569947,0.1239183768915974,41.5,41.6,40.1,40.1,40.5,41.0,41.800000000000004,42.6,41.5,42.800000000000004,43.5,43.300000000000004,42.1,41.2,42.1,43.1,41.0,39.300000000000004,40.5,40.5
400375.080685666,(open),open,0.0,nan,0.0,nan,0.04188790204786391,-0.0017453292519943296,0.059341194567807204,0.15707963267948966,-0.010471975511965978,0.06283185307179587,0.09599310885968813,0.0471238898038469,-0.026179938779914945,0.08203047484373349,0.06806784082777885,0.07504915783575618,-0.05235987755982989,0.10122909661567112,0.0890117918517108,0.06632251157578452,-0.03316125578789226,0.019198621771937624,0.0890117918517108,0.10995574287564276,41.5,41.6,40.1,40.1,40.5,41.0,41.800000000000004,42.6,41.5,42.800000000000004,43.5,43.300000000000004,42.1,41.2,42.1,43.1,41.0,39.300000000000004,40.5,40.5
400375.080915668,(open),open,0.0,nan,0.0,nan,0.04188790204786391,-0.0017453292519943296,0.059341194567807204,0.15707963267948966,-0.010471975511965978,0.06283185307179587,0.09599310885968813,0.0471238898038469,-0.026179938779914945,0.08203047484373349,0.06806784082777885,0.07504915783575618,-0.05235987755982989,0.10122909661567112,0.0890117918517108,0.06632251157578452,-0.03316125578789226,0.019198621771937624,0.0890117918517108,0.10995574287564276,41.5,41.6,40.1,40.1,40.5,41.0,41.800000000000004,42.6,41.5,42.800000000000004,43.5,43.300000000000004,42.1,41.2,42.1,43.1,41.0,39.300000000000004,40.5,40.5
400375.090630135,(open),open,0.0,nan,0.0,nan,0.04537856055185257,-0.005235987755982989,0.05585053606381855,0.15009831567151236,-0.006981317007977318,0.06632251157578452,0.08726646259971647,0.0471238898038469,-0.024434609527920613,0.08203047484373349,0.08028514559173916,0.0645771823237902,-0.05235987755982989,0.09250245035569947,0.0890117918517108,0.06981317007977318,-0.03316125578789226,0.017453292519943295,0.08028514559173916,0.10821041362364843,41.5,41.6,40.1,40.1,40.5,41.0,41.800000000000004,42.6,41.5,42.800000000000004,43.5,43.300000000000004,42.1,41.2,42.1,43.1,41.0,39.300000000000004,40.5,40.5
400375.090880539,(open),open_hold,0.0,nan,0.0,nan,0.04537856055185257,-0.005235987755982989,0.05585053606381855,0.15009831567151236,-0.006981317007977318,0.06632251157578452,0.08726646259971647,0.0471238898038469,-0.024434609527920613,0.08203047484373349,0.08028514559173916,0.0645771823237902,-0.05235987755982989,0.09250245035569947,0.0890117918517108,0.06981317007977318,-0.03316125578789226,0.017453292519943295,0.08028514559173916,0.10821041362364843,41.5,41.6,40.1,40.1,40.5,41.0,41.800000000000004,42.6,41.5,42.800000000000004,43.5,43.300000000000004,42.1,41.2,42.1,43.1,41.0,39.300000000000004,40.5,40.5
400375.100629621,(open),open_hold,0.0,nan,0.0,nan,0.04537856055185257,-0.005235987755982989,0.059341194567807204,0.1361356816555577,-0.012217304763960306,0.061086523819801536,0.07330382858376185,0.0471238898038469,-0.027925268031909273,0.06632251157578452,0.054105206811824215,0.05235987755982989,-0.048869219055841226,0.09075712110370514,0.0767944870877505,0.06283185307179587,-0.029670597283903602,0.017453292519943295,0.06981317007977318,0.09250245035569947,41.5,41.6,40.1,40.1,40.5,41.0,41.800000000000004,42.6,41.5,42.800000000000004,43.5,43.300000000000004,42.1,41.2,42.1,43.1,41.0,39.300000000000004,40.5,40.5
400375.100851562,(open),open_hold,0.0,nan,0.0,nan,0.04537856055185257,-0.005235987755982989,0.059341194567807204,0.1361356816555577,-0.012217304763960306,0.061086523819801536,0.07330382858376185,0.0471238898038469,-0.027925268031909273,0.06632251157578452,0.054105206811824215,0.05235987755982989,-0.048869219055841226,0.09075712110370514,0.0767944870877505,0.06283185307179587,-0.029670597283903602,0.017453292519943295,0.06981317007977318,0.09250245035569947,41.5,41.6,40.1,40.1,40.5,41.0,41.800000000000004,42.6,41.5,42.800000000000004,43.5,43.300000000000004,42.1,41.2,42.1,43.1,41.0,39.300000000000004,40.5,40.5
400375.110675524,(open),open_hold,0.0,nan,0.0,nan,0.04537856055185257,-0.005235987755982989,0.059341194567807204,0.1361356816555577,-0.012217304763960306,0.061086523819801536,0.07330382858376185,0.0471238898038469,-0.027925268031909273,0.06632251157578452,0.054105206811824215,0.05235987755982989,-0.048869219055841226,0.09075712110370514,0.0767944870877505,0.06283185307179587,-0.029670597283903602,0.017453292519943295,0.06981317007977318,0.09250245035569947,41.5,41.6,40.1,40.1,40.5,41.0,41.800000000000004,42.6,41.5,42.800000000000004,43.5,43.300000000000004,42.1,41.2,42.1,43.1,41.0,39.300000000000004,40.5,40.5
400375.110879176,(open),open_hold,0.0,nan,0.0,nan,0.0471238898038469,-0.005235987755982989,0.054105206811824215,0.13439035240356337,-0.010471975511965978,0.04537856055185257,0.0767944870877505,0.05061454830783556,-0.020943951023931956,0.061086523819801536,0.04363323129985824,0.05759586531581288,-0.03665191429188092,0.07504915783575618,0.07504915783575618,0.05235987755982989,-0.03316125578789226,0.019198621771937624,0.06981317007977318,0.09250245035569947,41.5,41.6,40.1,40.1,40.5,41.0,41.800000000000004,42.6,41.5,42.800000000000004,43.5,43.300000000000004,42.1,41.2,42.1,43.1,41.0,39.300000000000004,40.5,40.5
400375.120711181,(open),open_hold,0.0,nan,0.0,nan,0.04537856055185257,-0.005235987755982989,0.04363323129985824,0.11344640137963143,-0.010471975511965978,0.05061454830783556,0.06283185307179587,0.048869219055841226,-0.027925268031909273,0.05235987755982989,0.06283185307179587,0.054105206811824215,-0.031415926535897934,0.07504915783575618,0.06632251157578452,0.05061454830783556,-0.029670597283903602,0.020943951023931956,0.05585053606381855,0.07155849933176751,41.5,41.6,40.1,40.1,40.5,41.0,41.800000000000004,42.6,41.5,42.800000000000004,43.5,43.300000000000004,42.1,41.2,42.1,43.1,41.0,39.300000000000004,40.5,40.5
400375.120923335,(open),open_hold,0.0,nan,0.0,nan,0.04537856055185257,-0.005235987755982989,0.04363323129985824,0.11344640137963143,-0.010471975511965978,0.05061454830783556,0.06283185307179587,0.048869219055841226,-0.027925268031909273,0.05235987755982989,0.06283185307179587,0.054105206811824215,-0.031415926535897934,0.07504915783575618,0.06632251157578452,0.05061454830783556,-0.029670597283903602,0.020943951023931956,0.05585053606381855,0.07155849933176751,41.5,41.6,40.1,40.1,40.5,41.0,41.800000000000004,42.6,41.5,42.800000000000004,43.5,43.300000000000004,42.1,41.2,42.1,43.1,41.0,39.300000000000004,40.5,40.5
400375.130538918,(open),open_hold,0.0,nan,0.0,nan,0.04363323129985824,-0.005235987755982989,0.04014257279586958,0.13264502315156904,-0.013962634015954637,0.03490658503988659,0.07155849933176751,0.05235987755982989,-0.022689280275926284,0.05759586531581288,0.061086523819801536,0.04537856055185257,-0.026179938779914945,0.07504915783575618,0.05759586531581288,0.05235987755982989,-0.03316125578789226,0.020943951023931956,0.05585053606381855,0.08377580409572782,41.5,41.6,40.1,40.1,40.5,41.0,41.800000000000004,42.6,41.5,42.800000000000004,43.5,43.300000000000004,42.1,41.2,42.1,43.1,41.0,39.300000000000004,40.5,40.5
400375.130766756,(open),open_hold,0.0,nan,0.0,nan,0.04363323129985824,-0.005235987755982989,0.04014257279586958,0.13264502315156904,-0.013962634015954637,0.03490658503988659,0.07155849933176751,0.05235987755982989,-0.022689280275926284,0.05759586531581288,0.061086523819801536,0.04537856055185257,-0.026179938779914945,0.07504915783575618,0.05759586531581288,0.05235987755982989,-0.03316125578789226,0.020943951023931956,0.05585053606381855,0.08377580409572782,41.5,41.6,40.1,40.1,40.5,41.0,41.800000000000004,42.6,41.5,42.800000000000004,43.5,43.300000000000004,42.1,41.2,42.1,43.1,41.0,39.300000000000004,40.5,40.5
400375.140795221,(open),open_hold,0.0,nan,0.0,nan,0.04014257279586958,-0.005235987755982989,0.04188790204786391,0.11868238913561441,-0.008726646259971648,0.029670597283903602,0.05061454830783556,0.05235987755982989,-0.026179938779914945,0.03839724354387525,0.04537856055185257,0.03839724354387525,-0.024434609527920613,0.05759586531581288,0.05759586531581288,0.048869219055841226,-0.029670597283903602,0.020943951023931956,0.05061454830783556,0.06806784082777885,41.5,41.6,40.1,40.1,40.5,41.0,41.800000000000004,42.6,41.5,42.800000000000004,43.5,43.300000000000004,42.1,41.2,42.1,43.1,41.0,39.300000000000004,40.5,40.5
400375.141033779,(open),open_hold,0.0,nan,0.0,nan,0.04014257279586958,-0.005235987755982989,0.04188790204786391,0.11868238913561441,-0.008726646259971648,0.029670597283903602,0.05061454830783556,0.05235987755982989,-0.026179938779914945,0.03839724354387525,0.04537856055185257,0.03839724354387525,-0.024434609527920613,0.05759586531581288,0.05759586531581288,0.048869219055841226,-0.029670597283903602,0.020943951023931956,0.05061454830783556,0.06806784082777885,41.5,41.6,40.1,40.1,40.5,41.0,41.800000000000004,42.6,41.5,42.800000000000004,43.5,43.300000000000004,42.1,41.2,42.1,43.1,41.0,39.300000000000004,40.5,40.5
400375.151098991,(open),open_hold,0.0,nan,0.0,nan,0.03490658503988659,-0.005235987755982989,0.04188790204786391,0.10297442586766545,-0.010471975511965978,0.03490658503988659,0.04014257279586958,0.048869219055841226,-0.027925268031909273,0.03665191429188092,0.031415926535897934,0.03665191429188092,-0.024434609527920613,0.05235987755982989,0.054105206811824215,0.04014257279586958,-0.03316125578789226,0.020943951023931956,0.04014257279586958,0.054105206811824215,41.5,41.6,40.1,40.1,40.5,41.0,41.800000000000004,42.6,41.5,42.800000000000004,43.5,43.300000000000004,42.1,41.2,42.1,43.1,41.0,39.300000000000004,40.5,40.5
400375.151364426,(open),open_hold,0.0,nan,0.0,nan,0.03490658503988659,-0.005235987755982989,0.04188790204786391,0.10297442586766545,-0.010471975511965978,0.03490658503988659,0.04014257279586958,0.048869219055841226,-0.027925268031909273,0.03665191429188092,0.031415926535897934,0.03665191429188092,-0.024434609527920613,0.05235987755982989,0.054105206811824215,0.04014257279586958,-0.03316125578789226,0.020943951023931956,0.04014257279586958,0.054105206811824215,41.5,41.6,40.1,40.1,40.5,41.0,41.800000000000004,42.6,41.5,42.800000000000004,43.5,43.300000000000004,42.1,41.2,42.1,43.1,41.0,39.300000000000004,40.5,40.5
400375.160555353,(open),open_hold,0.0,nan,0.0,nan,0.031415926535897934,-0.0017453292519943296,0.04014257279586958,0.10297442586766545,-0.010471975511965978,0.027925268031909273,0.04537856055185257,0.04363323129985824,-0.026179938779914945,0.03490658503988659,0.024434609527920613,0.03665191429188092,-0.027925268031909273,0.061086523819801536,0.05061454830783556,0.03665191429188092,-0.029670597283903602,0.020943951023931956,0.03839724354387525,0.06283185307179587,41.5,41.6,40.1,40.1,40.5,41.0,41.800000000000004,42.6,41.5,42.800000000000004,43.5,43.300000000000004,42.1,41.2,42.1,43.1,41.0,39.300000000000004,40.5,40.5
400375.160874498,(open),open_hold,0.0,nan,0.0,nan,0.031415926535897934,-0.0017453292519943296,0.04014257279586958,0.10297442586766545,-0.010471975511965978,0.027925268031909273,0.04537856055185257,0.04363323129985824,-0.026179938779914945,0.03490658503988659,0.024434609527920613,0.03665191429188092,-0.027925268031909273,0.061086523819801536,0.05061454830783556,0.03665191429188092,-0.029670597283903602,0.020943951023931956,0.03839724354387525,0.06283185307179587,41.5,41.6,40.1,40.1,40.5,41.0,41.800000000000004,42.6,41.5,42.800000000000004,43.5,43.300000000000004,42.1,41.2,42.1,43.1,41.0,39.300000000000004,40.5,40.5
400375.171354308,(open),open_hold,0.0,nan,0.0,nan,0.026179938779914945,-0.0017453292519943296,0.03839724354387525,0.10471975511965978,-0.012217304763960306,0.020943951023931956,0.04537856055185257,0.03665191429188092,-0.024434609527920613,0.024434609527920613,0.031415926535897934,0.03839724354387525,-0.024434609527920613,0.059341194567807204,0.04188790204786391,0.03316125578789226,-0.03316125578789226,0.020943951023931956,0.04014257279586958,0.06806784082777885,41.5,41.6,40.1,40.1,40.5,41.0,41.800000000000004,42.6,41.5,42.800000000000004,43.5,43.300000000000004,42.1,41.2,42.1,43.1,41.0,39.300000000000004,40.5,40.5
400375.171599425,(open),open_hold,0.0,nan,0.0,nan,0.026179938779914945,-0.0017453292519943296,0.03839724354387525,0.10471975511965978,-0.012217304763960306,0.020943951023931956,0.04537856055185257,0.03665191429188092,-0.024434609527920613,0.024434609527920613,0.031415926535897934,0.03839724354387525,-0.024434609527920613,0.059341194567807204,0.04188790204786391,0.03316125578789226,-0.03316125578789226,0.020943951023931956,0.04014257279586958,0.06806784082777885,41.5,41.6,40.1,40.1,40.5,41.0,41.800000000000004,42.6,41.5,42.800000000000004,43.5,43.300000000000004,42.1,41.2,42.1,43.1,41.0,39.300000000000004,40.5,40.5
400375.180544246,(open),open_hold,0.0,nan,0.0,nan,0.024434609527920613,-0.0017453292519943296,0.03316125578789226,0.10646508437165411,-0.010471975511965978,0.015707963267948967,0.04537856055185257,0.031415926535897934,-0.024434609527920613,0.019198621771937624,0.03839724354387525,0.04014257279586958,-0.022689280275926284,0.05585053606381855,0.03839724354387525,0.03316125578789226,-0.03316125578789226,0.020943951023931956,0.04014257279586958,0.06632251157578452,41.5,41.6,40.1,40.1,40.5,41.0,41.800000000000004,42.6,41.5,42.800000000000004,43.5,43.300000000000004,42.1,41.2,42.1,43.1,41.0,39.300000000000004,40.5,40.5
400375.18075171,(open),open_hold,0.0,nan,0.0,nan,0.024434609527920613,-0.0017453292519943296,0.03316125578789226,0.10646508437165411,-0.010471975511965978,0.015707963267948967,0.04537856055185257,0.031415926535897934,-0.024434609527920613,0.019198621771937624,0.03839724354387525,0.04014257279586958,-0.022689280275926284,0.05585053606381855,0.03839724354387525,0.03316125578789226,-0.03316125578789226,0.020943951023931956,0.04014257279586958,0.06632251157578452,41.5,41.6,40.1,40.1,40.5,41.0,41.800000000000004,42.6,41.5,42.800000000000004,43.5,43.300000000000004,42.1,41.2,42.1,43.1,41.0,39.300000000000004,40.5,40.5
400375.190611179,(open),open_hold,0.0,nan,0.0,nan,0.024434609527920613,-0.0017453292519943296,0.029670597283903602,0.10646508437165411,-0.008726646259971648,0.013962634015954637,0.03839724354387525,0.031415926535897934,-0.022689280275926284,0.022689280275926284,0.04363323129985824,0.04188790204786391,-0.022689280275926284,0.05235987755982989,0.04014257279586958,0.03839724354387525,-0.03316125578789226,0.020943951023931956,0.03665191429188092,0.05759586531581288,41.5,41.6,40.1,40.1,40.5,41.0,41.800000000000004,42.6,41.5,42.800000000000004,43.5,43.300000000000004,42.1,41.2,42.1,43.1,41.0,39.300000000000004,40.5,40.5
400375.19091192,(open),open_hold,0.0,nan,0.0,nan,0.024434609527920613,-0.0017453292519943296,0.029670597283903602,0.10646508437165411,-0.008726646259971648,0.013962634015954637,0.03839724354387525,0.031415926535897934,-0.022689280275926284,0.022689280275926284,0.04363323129985824,0.04188790204786391,-0.022689280275926284,0.05235987755982989,0.04014257279586958,0.03839724354387525,-0.03316125578789226,0.020943951023931956,0.03665191429188092,0.05759586531581288,41.5,41.6,40.1,40.1,40.5,41.0,41.800000000000004,42.6,41.5,42.800000000000004,43.5,43.300000000000004,42.1,41.2,42.1,43.1,41.0,39.300000000000004,40.5,40.5
400375.200717633,(open),open_hold,0.0,nan,0.0,nan,0.024434609527920613,-0.005235987755982989,0.027925268031909273,0.10821041362364843,-0.010471975511965978,0.013962634015954637,0.029670597283903602,0.031415926535897934,-0.022689280275926284,0.026179938779914945,0.04363323129985824,0.03839724354387525,-0.022689280275926284,0.048869219055841226,0.04014257279586958,0.03839724354387525,-0.03316125578789226,0.020943951023931956,0.027925268031909273,0.04363323129985824,41.5,41.6,40.1,40.1,40.5,41.0,41.800000000000004,42.6,41.5,42.800000000000004,43.5,43.300000000000004,42.1,41.2,42.1,43.1,41.0,39.300000000000004,40.5,40.5
400375.200913063,(open),open_hold,0.0,nan,0.0,nan,0.024434609527920613,-0.005235987755982989,0.027925268031909273,0.10821041362364843,-0.010471975511965978,0.013962634015954637,0.029670597283903602,0.031415926535897934,-0.022689280275926284,0.026179938779914945,0.04363323129985824,0.03839724354387525,-0.022689280275926284,0.048869219055841226,0.04014257279586958,0.03839724354387525,-0.03316125578789226,0.020943951023931956,0.027925268031909273,0.04363323129985824,41.5,41.6,40.1,40.1,40.5,41.0,41.800000000000004,42.6,41.5,42.800000000000004,43.5,43.300000000000004,42.1,41.2,42.1,43.1,41.0,39.300000000000004,40.6,40.5
400375.210536003,(open),open_hold,0.0,nan,0.0,nan,0.024434609527920613,-0.005235987755982989,0.024434609527920613,0.1117010721276371,-0.010471975511965978,0.012217304763960306,0.024434609527920613,0.031415926535897934,-0.022689280275926284,0.026179938779914945,0.04363323129985824,0.03665191429188092,-0.022689280275926284,0.04537856055185257,0.03839724354387525,0.03839724354387525,-0.03316125578789226,0.020943951023931956,0.026179938779914945,0.03839724354387525,41.5,41.6,40.1,40.1,40.5,41.0,41.800000000000004,42.6,41.5,42.800000000000004,43.5,43.300000000000004,42.1,41.2,42.1,43.1,41.0,39.300000000000004,40.6,40.5
400375.210755969,(open),open_hold,0.0,nan,0.0,nan,0.024434609527920613,-0.005235987755982989,0.024434609527920613,0.1117010721276371,-0.010471975511965978,0.012217304763960306,0.024434609527920613,0.031415926535897934,-0.022689280275926284,0.026179938779914945,0.04363323129985824,0.03665191429188092,-0.022689280275926284,0.04537856055185257,0.03839724354387525,0.03839724354387525,-0.03316125578789226,0.020943951023931956,0.026179938779914945,0.03839724354387525,41.5,41.6,40.1,40.1,40.5,41.0,41.800000000000004,42.6,41.5,42.800000000000004,43.5,43.300000000000004,42.1,41.2,42.1,43.1,41.0,39.300000000000004,40.6,40.5
400375.220556379,(open),open_hold,0.0,nan,0.0,nan,0.024434609527920613,-0.005235987755982989,0.024434609527920613,0.11344640137963143,-0.010471975511965978,0.010471975511965978,0.022689280275926284,0.03316125578789226,-0.022689280275926284,0.027925268031909273,0.04363323129985824,0.03316125578789226,-0.022689280275926284,0.04363323129985824,0.03839724354387525,0.03490658503988659,-0.03316125578789226,0.020943951023931956,0.024434609527920613,0.03665191429188092,41.5,41.6,40.1,40.1,40.5,41.0,41.800000000000004,42.6,41.5,42.800000000000004,43.5,43.300000000000004,42.1,41.2,42.1,43.1,41.0,39.300000000000004,40.6,40.5
400375.220760625,(open),open_hold,0.0,nan,0.0,nan,0.024434609527920613,-0.005235987755982989,0.024434609527920613,0.11344640137963143,-0.010471975511965978,0.010471975511965978,0.022689280275926284,0.03316125578789226,-0.022689280275926284,0.027925268031909273,0.04363323129985824,0.03316125578789226,-0.022689280275926284,0.04363323129985824,0.03839724354387525,0.03490658503988659,-0.03316125578789226,0.020943951023931956,0.024434609527920613,0.03665191429188092,41.5,41.6,40.1,40.1,40.5,41.0,41.800000000000004,42.6,41.5,42.800000000000004,43.5,43.300000000000004,42.1,41.2,42.1,43.1,41.0,39.300000000000004,40.6,40.5
400375.230615241,(open),open_hold,0.0,nan,0.0,nan,0.024434609527920613,-0.005235987755982989,0.024434609527920613,0.11344640137963143,-0.010471975511965978,0.010471975511965978,0.022689280275926284,0.031415926535897934,-0.022689280275926284,0.027925268031909273,0.04188790204786391,0.031415926535897934,-0.022689280275926284,0.04188790204786391,0.04014257279586958,0.03490658503988659,-0.03316125578789226,0.020943951023931956,0.024434609527920613,0.03665191429188092,41.5,41.6,40.1,40.1,40.5,41.0,41.800000000000004,42.6,41.5,42.800000000000004,43.5,43.300000000000004,42.1,41.2,42.1,43.1,41.0,39.300000000000004,40.6,40.5
400375.230959774,(open),open_hold,0.0,nan,0.0,nan,0.024434609527920613,-0.005235987755982989,0.024434609527920613,0.11344640137963143,-0.010471975511965978,0.010471975511965978,0.022689280275926284,0.031415926535897934,-0.022689280275926284,0.027925268031909273,0.04188790204786391,0.031415926535897934,-0.022689280275926284,0.04188790204786391,0.04014257279586958,0.03490658503988659,-0.03316125578789226,0.020943951023931956,0.024434609527920613,0.03665191429188092,41.5,41.6,40.1,40.1,40.5,41.0,41.800000000000004,42.6,41.5,42.800000000000004,43.5,43.300000000000004,42.1,41.2,42.1,43.1,41.0,39.300000000000004,40.6,40.5
400375.240594923,(open),open_hold,0.0,nan,0.0,nan,0.027925268031909273,-0.005235987755982989,0.024434609527920613,0.11344640137963143,-0.010471975511965978,0.010471975511965978,0.022689280275926284,0.031415926535897934,-0.020943951023931956,0.022689280275926284,0.04188790204786391,0.029670597283903602,-0.024434609527920613,0.04188790204786391,0.04014257279586958,0.03490658503988659,-0.03316125578789226,0.020943951023931956,0.024434609527920613,0.03665191429188092,41.5,41.6,40.1,40.1,40.5,41.0,41.800000000000004,42.6,41.5,42.800000000000004,43.5,43.300000000000004,42.1,41.2,42.1,43.1,41.0,39.300000000000004,40.6,40.5
400375.240902114,(open),open_hold,0.0,nan,0.0,nan,0.027925268031909273,-0.005235987755982989,0.024434609527920613,0.11344640137963143,-0.010471975511965978,0.010471975511965978,0.022689280275926284,0.031415926535897934,-0.020943951023931956,0.022689280275926284,0.04188790204786391,0.029670597283903602,-0.024434609527920613,0.04188790204786391,0.04014257279586958,0.03490658503988659,-0.03316125578789226,0.020943951023931956,0.024434609527920613,0.03665191429188092,41.5,41.6,40.1,40.1,40.5,41.0,41.800000000000004,42.6,41.5,42.800000000000004,43.5,43.300000000000004,42.1,41.2,42.1,43.1,41.0,39.300000000000004,40.6,40.5
400375.250670296,(open),open_hold,0.0,nan,0.0,nan,0.027925268031909273,-0.005235987755982989,0.024434609527920613,0.11344640137963143,-0.010471975511965978,0.010471975511965978,0.022689280275926284,0.031415926535897934,-0.020943951023931956,0.022689280275926284,0.04188790204786391,0.029670597283903602,-0.024434609527920613,0.04188790204786391,0.04014257279586958,0.03490658503988659,-0.03316125578789226,0.020943951023931956,0.024434609527920613,0.03665191429188092,41.5,41.6,40.1,40.1,40.5,41.0,41.800000000000004,42.6,41.5,42.800000000000004,43.5,43.300000000000004,42.1,41.2,42.1,43.1,41.0,39.300000000000004,40.6,40.5
400375.250898323,(open),open_hold,0.0,nan,0.0,nan,0.027925268031909273,-0.005235987755982989,0.024434609527920613,0.11344640137963143,-0.010471975511965978,0.010471975511965978,0.022689280275926284,0.03316125578789226,-0.020943951023931956,0.020943951023931956,0.04014257279586958,0.027925268031909273,-0.022689280275926284,0.04188790204786391,0.04188790204786391,0.03490658503988659,-0.03316125578789226,0.020943951023931956,0.024434609527920613,0.04014257279586958,41.5,41.6,40.1,40.1,40.5,41.0,41.800000000000004,42.6,41.5,42.800000000000004,43.5,43.300000000000004,42.1,41.2,42.1,43.1,41.0,39.300000000000004,40.6,40.5
400375.260577881,(open),open_hold,0.0,nan,0.0,nan,0.027925268031909273,-0.005235987755982989,0.024434609527920613,0.11344640137963143,-0.010471975511965978,0.010471975511965978,0.022689280275926284,0.03316125578789226,-0.020943951023931956,0.020943951023931956,0.04014257279586958,0.027925268031909273,-0.022689280275926284,0.04363323129985824,0.04188790204786391,0.03490658503988659,-0.03316125578789226,0.020943951023931956,0.024434609527920613,0.04014257279586958,41.5,41.6,40.1,40.1,40.5,41.0,41.800000000000004,42.6,41.5,42.800000000000004,43.5,43.300000000000004,42.1,41.2,42.1,43.1,41.0,39.300000000000004,40.6,40.5
400375.260769938,(open),open_hold,0.0,nan,0.0,nan,0.027925268031909273,-0.005235987755982989,0.024434609527920613,0.11344640137963143,-0.010471975511965978,0.010471975511965978,0.022689280275926284,0.03316125578789226,-0.020943951023931956,0.020943951023931956,0.04014257279586958,0.027925268031909273,-0.022689280275926284,0.04363323129985824,0.04188790204786391,0.03490658503988659,-0.03316125578789226,0.020943951023931956,0.024434609527920613,0.04014257279586958,41.5,41.6,40.1,40.1,40.5,41.0,41.800000000000004,42.6,41.5,42.800000000000004,43.5,43.300000000000004,42.1,41.2,42.1,43.1,41.0,39.300000000000004,40.6,40.5
400375.270640009,(open),open_hold,0.0,nan,0.0,nan,0.027925268031909273,-0.005235987755982989,0.024434609527920613,0.11344640137963143,-0.010471975511965978,0.010471975511965978,0.022689280275926284,0.03316125578789226,-0.020943951023931956,0.020943951023931956,0.04014257279586958,0.027925268031909273,-0.022689280275926284,0.04363323129985824,0.04188790204786391,0.03490658503988659,-0.03316125578789226,0.020943951023931956,0.024434609527920613,0.04014257279586958,41.5,41.6,40.1,40.1,40.5,41.0,41.800000000000004,42.6,41.5,42.800000000000004,43.5,43.300000000000004,42.1,41.2,42.1,43.1,41.0,39.300000000000004,40.6,40.5
400375.270893914,(open),open_hold,0.0,nan,0.0,nan,0.027925268031909273,-0.005235987755982989,0.024434609527920613,0.11344640137963143,-0.010471975511965978,0.010471975511965978,0.022689280275926284,0.03316125578789226,-0.020943951023931956,0.020943951023931956,0.04014257279586958,0.026179938779914945,-0.024434609527920613,0.04363323129985824,0.04363323129985824,0.03316125578789226,-0.03316125578789226,0.019198621771937624,0.024434609527920613,0.04014257279586958,41.5,41.6,40.1,40.1,40.5,41.0,41.800000000000004,42.6,41.5,42.800000000000004,43.5,43.300000000000004,42.1,41.2,42.1,43.1,41.0,39.300000000000004,40.6,40.5
400375.280578597,(open),open_hold,0.0,nan,0.0,nan,0.027925268031909273,-0.005235987755982989,0.024434609527920613,0.11344640137963143,-0.010471975511965978,0.010471975511965978,0.022689280275926284,0.03316125578789226,-0.020943951023931956,0.020943951023931956,0.03839724354387525,0.026179938779914945,-0.022689280275926284,0.04363323129985824,0.04363323129985824,0.03316125578789226,-0.03316125578789226,0.019198621771937624,0.024434609527920613,0.04014257279586958,41.5,41.6,40.1,40.1,40.5,41.0,41.800000000000004,42.6,41.5,42.800000000000004,43.5,43.300000000000004,42.1,41.2,42.1,43.1,41.0,39.300000000000004,40.6,40.5
400375.2808699,(open),open_hold,0.0,nan,0.0,nan,0.027925268031909273,-0.005235987755982989,0.024434609527920613,0.11344640137963143,-0.010471975511965978,0.010471975511965978,0.022689280275926284,0.03316125578789226,-0.020943951023931956,0.020943951023931956,0.03839724354387525,0.026179938779914945,-0.022689280275926284,0.04363323129985824,0.04363323129985824,0.03316125578789226,-0.03316125578789226,0.019198621771937624,0.024434609527920613,0.04014257279586958,41.5,41.6,40.1,40.1,40.5,41.0,41.800000000000004,42.6,41.5,42.800000000000004,43.5,43.300000000000004,42.1,41.2,42.1,43.1,41.0,39.300000000000004,40.6,40.5
400375.291014959,(open),open_hold,0.0,nan,0.0,nan,0.024434609527920613,-0.005235987755982989,0.024434609527920613,0.11344640137963143,-0.010471975511965978,0.010471975511965978,0.022689280275926284,0.03316125578789226,-0.020943951023931956,0.020943951023931956,0.03490658503988659,0.024434609527920613,-0.024434609527920613,0.04363323129985824,0.04363323129985824,0.026179938779914945,-0.03316125578789226,0.019198621771937624,0.024434609527920613,0.04014257279586958,41.5,41.6,40.1,40.1,40.5,41.0,41.800000000000004,42.6,41.5,42.800000000000004,43.5,43.300000000000004,42.1,41.2,42.1,43.1,41.0,39.300000000000004,40.6,40.5
400375.29123582,(open),open_hold,0.0,nan,0.0,nan,0.024434609527920613,-0.005235987755982989,0.024434609527920613,0.11344640137963143,-0.010471975511965978,0.010471975511965978,0.022689280275926284,0.03316125578789226,-0.020943951023931956,0.020943951023931956,0.03490658503988659,0.024434609527920613,-0.024434609527920613,0.04363323129985824,0.04363323129985824,0.026179938779914945,-0.03316125578789226,0.019198621771937624,0.024434609527920613,0.04014257279586958,41.5,41.6,40.1,40.1,40.5,41.0,41.800000000000004,42.6,41.5,42.800000000000004,43.5,43.300000000000004,42.1,41.2,42.1,43.1,41.0,39.300000000000004,40.6,40.5
400375.300512695,(open),open_hold,0.0,nan,0.0,nan,0.027925268031909273,-0.0017453292519943296,0.024434609527920613,0.11344640137963143,-0.010471975511965978,0.010471975511965978,0.022689280275926284,0.03316125578789226,-0.020943951023931956,0.020943951023931956,0.031415926535897934,0.022689280275926284,-0.022689280275926284,0.04363323129985824,0.04363323129985824,0.024434609527920613,-0.03316125578789226,0.020943951023931956,0.024434609527920613,0.04014257279586958,41.5,41.6,40.1,40.1,40.5,41.0,41.800000000000004,42.6,41.5,42.800000000000004,43.5,43.300000000000004,42.1,41.2,42.1,43.1,41.0,39.300000000000004,40.6,40.5
400375.30071313,(open),open_hold,0.0,nan,0.0,nan,0.027925268031909273,-0.0017453292519943296,0.024434609527920613,0.11344640137963143,-0.010471975511965978,0.010471975511965978,0.022689280275926284,0.03316125578789226,-0.020943951023931956,0.020943951023931956,0.031415926535897934,0.022689280275926284,-0.022689280275926284,0.04363323129985824,0.04363323129985824,0.024434609527920613,-0.03316125578789226,0.020943951023931956,0.024434609527920613,0.04014257279586958,41.5,41.6,40.1,40.1,40.5,41.0,41.800000000000004,42.6,41.5,42.800000000000004,43.5,43.300000000000004,42.1,41.2,42.1,43.1,41.0,39.300000000000004,40.6,40.5
400375.310561757,(open),open_hold,0.0,nan,0.0,nan,0.027925268031909273,-0.005235987755982989,0.024434609527920613,0.11519173063162576,-0.010471975511965978,0.010471975511965978,0.022689280275926284,0.03316125578789226,-0.020943951023931956,0.020943951023931956,0.031415926535897934,0.022689280275926284,-0.022689280275926284,0.04363323129985824,0.04014257279586958,0.024434609527920613,-0.03316125578789226,0.020943951023931956,0.024434609527920613,0.04014257279586958,41.5,41.6,40.1,40.1,40.5,41.0,41.800000000000004,42.6,41.5,42.800000000000004,43.5,43.300000000000004,42.1,41.2,42.1,43.1,41.0,39.300000000000004,40.6,40.5
400375.310775395,(open),open_hold,0.0,nan,0.0,nan,0.027925268031909273,-0.005235987755982989,0.024434609527920613,0.11519173063162576,-0.010471975511965978,0.010471975511965978,0.022689280275926284,0.03316125578789226,-0.020943951023931956,0.020943951023931956,0.031415926535897934,0.022689280275926284,-0.022689280275926284,0.04363323129985824,0.04014257279586958,0.024434609527920613,-0.03316125578789226,0.020943951023931956,0.024434609527920613,0.04014257279586958,41.5,41.6,40.1,40.1,40.5,41.0,41.800000000000004,42.6,41.5,42.800000000000004,43.5,43.300000000000004,42.1,41.2,42.1,43.1,41.0,39.300000000000004,40.6,40.5
400375.320560728,(open),open_hold,0.0,nan,0.0,nan,0.027925268031909273,-0.005235987755982989,0.024434609527920613,0.1117010721276371,-0.010471975511965978,0.010471975511965978,0.022689280275926284,0.03316125578789226,-0.020943951023931956,0.020943951023931956,0.031415926535897934,0.022689280275926284,-0.024434609527920613,0.04363323129985824,0.04014257279586958,0.024434609527920613,-0.03316125578789226,0.020943951023931956,0.024434609527920613,0.04014257279586958,41.5,41.6,40.1,40.1,40.5,41.0,41.800000000000004,42.6,41.5,42.800000000000004,43.5,43.300000000000004,42.1,41.2,42.1,43.1,41.0,39.300000000000004,40.6,40.5
400375.320764045,(open),open_hold,0.0,nan,0.0,nan,0.027925268031909273,-0.005235987755982989,0.024434609527920613,0.1117010721276371,-0.010471975511965978,0.010471975511965978,0.022689280275926284,0.03316125578789226,-0.020943951023931956,0.020943951023931956,0.031415926535897934,0.022689280275926284,-0.024434609527920613,0.04363323129985824,0.04014257279586958,0.024434609527920613,-0.03316125578789226,0.020943951023931956,0.024434609527920613,0.04014257279586958,41.5,41.6,40.1,40.1,40.5,41.0,41.800000000000004,42.6,41.5,42.800000000000004,43.5,43.300000000000004,42.1,41.2,42.1,43.1,41.0,39.300000000000004,40.6,40.5
400375.330769654,(open),open_hold,0.0,nan,0.0,nan,0.027925268031909273,-0.005235987755982989,0.024434609527920613,0.1117010721276371,-0.010471975511965978,0.010471975511965978,0.022689280275926284,0.03316125578789226,-0.024434609527920613,0.020943951023931956,0.031415926535897934,0.022689280275926284,-0.024434609527920613,0.04363323129985824,0.04014257279586958,0.024434609527920613,-0.03316125578789226,0.019198621771937624,0.024434609527920613,0.04014257279586958,41.5,41.6,40.1,40.1,40.5,41.0,41.800000000000004,42.6,41.5,42.800000000000004,43.5,43.300000000000004,42.1,41.2,42.1,43.1,41.0,39.300000000000004,40.6,40.5
400375.330990311,(open),open_hold,0.0,nan,0.0,nan,0.027925268031909273,-0.005235987755982989,0.024434609527920613,0.1117010721276371,-0.010471975511965978,0.010471975511965978,0.022689280275926284,0.03316125578789226,-0.024434609527920613,0.020943951023931956,0.031415926535897934,0.022689280275926284,-0.024434609527920613,0.04363323129985824,0.04014257279586958,0.024434609527920613,-0.03316125578789226,0.019198621771937624,0.024434609527920613,0.04014257279586958,41.5,41.6,40.1,40.1,40.5,41.0,41.800000000000004,42.6,41.5,42.800000000000004,43.5,43.300000000000004,42.1,41.2,42.1,43.1,41.0,39.300000000000004,40.6,40.5
400375.340535825,(open),open_hold,0.0,nan,0.0,nan,0.027925268031909273,-0.005235987755982989,0.024434609527920613,0.1117010721276371,-0.010471975511965978,0.010471975511965978,0.022689280275926284,0.03316125578789226,-0.020943951023931956,0.020943951023931956,0.031415926535897934,0.022689280275926284,-0.024434609527920613,0.04363323129985824,0.04014257279586958,0.024434609527920613,-0.03316125578789226,0.019198621771937624,0.024434609527920613,0.04014257279586958,41.5,41.6,40.1,40.1,40.5,41.0,41.800000000000004,42.6,41.5,42.800000000000004,43.5,43.300000000000004,42.1,41.2,42.1,43.1,41.0,39.300000000000004,40.6,40.5
400375.340850826,(open),open_hold,0.0,nan,0.0,nan,0.027925268031909273,-0.005235987755982989,0.024434609527920613,0.1117010721276371,-0.010471975511965978,0.010471975511965978,0.022689280275926284,0.03316125578789226,-0.020943951023931956,0.020943951023931956,0.031415926535897934,0.022689280275926284,-0.024434609527920613,0.04363323129985824,0.04014257279586958,0.024434609527920613,-0.03316125578789226,0.019198621771937624,0.024434609527920613,0.04014257279586958,41.5,41.6,40.1,40.1,40.5,41.0,41.800000000000004,42.6,41.5,42.800000000000004,43.5,43.300000000000004,42.1,41.2,42.1,43.1,41.0,39.300000000000004,40.6,40.5
400375.350616034,(open),open_hold,0.0,nan,0.0,nan,0.027925268031909273,-0.005235987755982989,0.024434609527920613,0.1117010721276371,-0.010471975511965978,0.010471975511965978,0.022689280275926284,0.03316125578789226,-0.020943951023931956,0.020943951023931956,0.03316125578789226,0.022689280275926284,-0.022689280275926284,0.04363323129985824,0.04014257279586958,0.024434609527920613,-0.03316125578789226,0.020943951023931956,0.024434609527920613,0.04014257279586958,41.5,41.6,40.1,40.1,40.5,41.0,41.800000000000004,42.6,41.5,42.800000000000004,43.5,43.300000000000004,42.1,41.2,42.1,43.1,41.0,39.300000000000004,40.6,40.5
400375.350828154,(open),open_hold,0.0,nan,0.0,nan,0.027925268031909273,-0.005235987755982989,0.024434609527920613,0.1117010721276371,-0.010471975511965978,0.010471975511965978,0.022689280275926284,0.03316125578789226,-0.020943951023931956,0.020943951023931956,0.03316125578789226,0.022689280275926284,-0.022689280275926284,0.04363323129985824,0.04014257279586958,0.024434609527920613,-0.03316125578789226,0.020943951023931956,0.024434609527920613,0.04014257279586958,41.5,41.6,40.1,40.1,40.5,41.0,41.800000000000004,42.6,41.5,42.800000000000004,43.5,43.300000000000004,42.1,41.2,42.1,43.1,41.0,39.300000000000004,40.6,40.5
400375.360470761,(open),open_hold,0.0,nan,0.0,nan,0.027925268031909273,-0.005235987755982989,0.024434609527920613,0.1117010721276371,-0.010471975511965978,0.010471975511965978,0.022689280275926284,0.03316125578789226,-0.020943951023931956,0.020943951023931956,0.03316125578789226,0.022689280275926284,-0.022689280275926284,0.04363323129985824,0.04014257279586958,0.024434609527920613,-0.03316125578789226,0.019198621771937624,0.024434609527920613,0.04014257279586958,41.5,41.6,40.1,40.1,40.5,41.0,41.800000000000004,42.6,41.5,42.800000000000004,43.5,43.300000000000004,42.1,41.2,42.1,43.1,41.0,39.300000000000004,40.6,40.5
400375.3606619,(open),open_hold,0.0,nan,0.0,nan,0.027925268031909273,-0.005235987755982989,0.024434609527920613,0.1117010721276371,-0.010471975511965978,0.010471975511965978,0.022689280275926284,0.03316125578789226,-0.020943951023931956,0.020943951023931956,0.03316125578789226,0.022689280275926284,-0.022689280275926284,0.04363323129985824,0.04014257279586958,0.024434609527920613,-0.03316125578789226,0.019198621771937624,0.024434609527920613,0.04014257279586958,41.5,41.6,40.1,40.1,40.5,41.0,41.800000000000004,42.6,41.5,42.800000000000004,43.5,43.300000000000004,42.1,41.2,42.1,43.1,41.0,39.300000000000004,40.6,40.5
400375.370614725,(open),open_hold,0.0,nan,0.0,nan,0.024434609527920613,-0.005235987755982989,0.024434609527920613,0.1117010721276371,-0.010471975511965978,0.010471975511965978,0.022689280275926284,0.031415926535897934,-0.020943951023931956,0.020943951023931956,0.03316125578789226,0.022689280275926284,-0.024434609527920613,0.04363323129985824,0.04014257279586958,0.024434609527920613,-0.03316125578789226,0.020943951023931956,0.024434609527920613,0.04014257279586958,41.5,41.6,40.1,40.1,40.5,41.0,41.800000000000004,42.6,41.5,42.800000000000004,43.5,43.300000000000004,42.1,41.2,42.1,43.1,41.0,39.300000000000004,40.6,40.5
400375.370827026,(open),open_hold,0.0,nan,0.0,nan,0.024434609527920613,-0.005235987755982989,0.024434609527920613,0.1117010721276371,-0.010471975511965978,0.010471975511965978,0.022689280275926284,0.031415926535897934,-0.020943951023931956,0.020943951023931956,0.03316125578789226,0.022689280275926284,-0.024434609527920613,0.04363323129985824,0.04014257279586958,0.024434609527920613,-0.03316125578789226,0.020943951023931956,0.024434609527920613,0.04014257279586958,41.5,41.6,40.1,40.1,40.5,41.0,41.800000000000004,42.6,41.5,42.800000000000004,43.5,43.300000000000004,42.1,41.2,42.1,43.1,41.0,39.300000000000004,40.6,40.5
400375.380457516,(open),open_hold,0.0,nan,0.0,nan,0.024434609527920613,-0.0017453292519943296,0.024434609527920613,0.11519173063162576,-0.010471975511965978,0.010471975511965978,0.026179938779914945,0.03316125578789226,-0.024434609527920613,0.020943951023931956,0.03316125578789226,0.022689280275926284,-0.022689280275926284,0.04363323129985824,0.04014257279586958,0.026179938779914945,-0.03316125578789226,0.020943951023931956,0.024434609527920613,0.04014257279586958,41.5,41.6,40.1,40.1,40.5,41.0,41.800000000000004,42.6,41.5,42.800000000000004,43.5,43.300000000000004,42.1,41.2,42.1,43.1,41.0,39.300000000000004,40.6,40.5
400375.38078078,(open),open_hold,0.0,nan,0.0,nan,0.024434609527920613,-0.0017453292519943296,0.024434609527920613,0.11519173063162576,-0.010471975511965978,0.010471975511965978,0.026179938779914945,0.03316125578789226,-0.024434609527920613,0.020943951023931956,0.03316125578789226,0.022689280275926284,-0.022689280275926284,0.04363323129985824,0.04014257279586958,0.026179938779914945,-0.03316125578789226,0.020943951023931956,0.024434609527920613,0.04014257279586958,41.5,41.6,40.1,40.1,40.5,41.0,41.800000000000004,42.6,41.5,42.800000000000004,43.5,43.300000000000004,42.1,41.2,42.1,43.1,41.0,39.300000000000004,40.6,40.5
400375.390803064,(open),open_hold,0.0,nan,0.0,nan,0.027925268031909273,-0.005235987755982989,0.024434609527920613,0.11519173063162576,-0.010471975511965978,0.010471975511965978,0.022689280275926284,0.03316125578789226,-0.020943951023931956,0.020943951023931956,0.03316125578789226,0.022689280275926284,-0.022689280275926284,0.04363323129985824,0.04014257279586958,0.026179938779914945,-0.03316125578789226,0.019198621771937624,0.024434609527920613,0.04014257279586958,41.5,41.6,40.1,40.1,40.5,41.0,41.800000000000004,42.6,41.5,42.800000000000004,43.5,43.300000000000004,42.1,41.2,42.1,43.1,41.0,39.300000000000004,40.6,40.5
400375.391214845,(open),open_hold,0.0,nan,0.0,nan,0.027925268031909273,-0.005235987755982989,0.024434609527920613,0.11519173063162576,-0.010471975511965978,0.010471975511965978,0.022689280275926284,0.03316125578789226,-0.020943951023931956,0.020943951023931956,0.03316125578789226,0.022689280275926284,-0.022689280275926284,0.04363323129985824,0.04014257279586958,0.026179938779914945,-0.03316125578789226,0.019198621771937624,0.024434609527920613,0.04014257279586958,41.5,41.6,40.1,40.1,40.5,41.0,41.800000000000004,42.6,41.5,42.800000000000004,43.5,43.300000000000004,42.1,41.2,42.1,43.1,41.0,39.300000000000004,40.6,40.5
400375.401257459,(open),open_hold,0.0,nan,0.0,nan,0.027925268031909273,-0.005235987755982989,0.024434609527920613,0.11519173063162576,-0.010471975511965978,0.010471975511965978,0.022689280275926284,0.03316125578789226,-0.020943951023931956,0.020943951023931956,0.03316125578789226,0.022689280275926284,-0.022689280275926284,0.04363323129985824,0.04014257279586958,0.026179938779914945,-0.03316125578789226,0.019198621771937624,0.024434609527920613,0.04014257279586958,41.5,41.6,40.1,40.1,40.5,41.0,41.800000000000004,42.6,41.5,42.800000000000004,43.5,43.300000000000004,42.1,41.2,42.1,43.1,41.0,39.300000000000004,40.6,40.5
400375.401455803,(open),open_hold,0.0,nan,0.0,nan,0.027925268031909273,-0.005235987755982989,0.024434609527920613,0.1117010721276371,-0.010471975511965978,0.010471975511965978,0.022689280275926284,0.03316125578789226,-0.020943951023931956,0.020943951023931956,0.03316125578789226,0.022689280275926284,-0.024434609527920613,0.04363323129985824,0.04014257279586958,0.024434609527920613,-0.03316125578789226,0.020943951023931956,0.024434609527920613,0.04014257279586958,41.5,41.6,40.1,40.1,40.5,41.0,41.800000000000004,42.6,41.5,42.800000000000004,43.5,43.300000000000004,42.1,41.2,42.1,43.1,41.0,39.300000000000004,40.6,40.5
400375.41082205,(open),open_hold,0.0,nan,0.0,nan,0.027925268031909273,-0.005235987755982989,0.024434609527920613,0.1117010721276371,-0.010471975511965978,0.010471975511965978,0.022689280275926284,0.03316125578789226,-0.020943951023931956,0.020943951023931956,0.03316125578789226,0.022689280275926284,-0.024434609527920613,0.04363323129985824,0.04014257279586958,0.024434609527920613,-0.03316125578789226,0.020943951023931956,0.024434609527920613,0.04014257279586958,41.5,41.6,40.1,40.1,40.5,41.0,41.800000000000004,42.6,41.5,42.800000000000004,43.5,43.300000000000004,42.1,41.2,42.1,43.1,41.0,39.300000000000004,40.6,40.5
400375.411218855,(open),open_hold,0.0,nan,0.0,nan,0.027925268031909273,-0.005235987755982989,0.024434609527920613,0.1117010721276371,-0.010471975511965978,0.010471975511965978,0.022689280275926284,0.03316125578789226,-0.020943951023931956,0.020943951023931956,0.03316125578789226,0.022689280275926284,-0.024434609527920613,0.04363323129985824,0.04014257279586958,0.024434609527920613,-0.03316125578789226,0.020943951023931956,0.024434609527920613,0.04014257279586958,41.5,41.6,40.1,40.1,40.5,41.0,41.800000000000004,42.6,41.5,42.800000000000004,43.5,43.300000000000004,42.1,41.2,42.1,43.1,41.0,39.300000000000004,40.6,40.5
400375.420773722,(open),open_hold,0.0,nan,0.0,nan,0.027925268031909273,-0.005235987755982989,0.024434609527920613,0.1117010721276371,-0.010471975511965978,0.010471975511965978,0.026179938779914945,0.03316125578789226,-0.020943951023931956,0.020943951023931956,0.03316125578789226,0.024434609527920613,-0.024434609527920613,0.04363323129985824,0.04014257279586958,0.024434609527920613,-0.03316125578789226,0.020943951023931956,0.024434609527920613,0.04014257279586958,41.5,41.6,40.1,40.1,40.5,41.0,41.800000000000004,42.6,41.5,42.800000000000004,43.5,43.300000000000004,42.1,41.2,42.1,43.1,41.0,39.300000000000004,40.6,40.5
400375.421066902,(open),open_hold,0.0,nan,0.0,nan,0.027925268031909273,-0.005235987755982989,0.024434609527920613,0.1117010721276371,-0.010471975511965978,0.010471975511965978,0.026179938779914945,0.03316125578789226,-0.020943951023931956,0.020943951023931956,0.03316125578789226,0.024434609527920613,-0.024434609527920613,0.04363323129985824,0.04014257279586958,0.024434609527920613,-0.03316125578789226,0.020943951023931956,0.024434609527920613,0.04014257279586958,41.5,41.6,40.1,40.1,40.5,41.0,41.800000000000004,42.6,41.5,42.800000000000004,43.5,43.300000000000004,42.1,41.2,42.1,43.1,41.0,39.300000000000004,40.6,40.5
400375.430720122,(open),open_hold,0.0,nan,0.0,nan,0.027925268031909273,-0.005235987755982989,0.024434609527920613,0.1117010721276371,-0.010471975511965978,0.010471975511965978,0.022689280275926284,0.03316125578789226,-0.020943951023931956,0.020943951023931956,0.03316125578789226,0.024434609527920613,-0.022689280275926284,0.04363323129985824,0.04014257279586958,0.024434609527920613,-0.03316125578789226,0.019198621771937624,0.024434609527920613,0.04014257279586958,41.5,41.6,40.1,40.1,40.5,41.0,41.800000000000004,42.6,41.5,42.800000000000004,43.5,43.300000000000004,42.1,41.2,42.1,43.1,41.0,39.300000000000004,40.6,40.5
400375.43094203,(open),open_hold,0.0,nan,0.0,nan,0.027925268031909273,-0.005235987755982989,0.024434609527920613,0.1117010721276371,-0.010471975511965978,0.010471975511965978,0.022689280275926284,0.03316125578789226,-0.020943951023931956,0.020943951023931956,0.03316125578789226,0.024434609527920613,-0.022689280275926284,0.04363323129985824,0.04014257279586958,0.024434609527920613,-0.03316125578789226,0.019198621771937624,0.024434609527920613,0.04014257279586958,41.5,41.6,40.1,40.1,40.5,41.0,41.800000000000004,42.6,41.5,42.800000000000004,43.5,43.300000000000004,42.1,41.2,42.1,43.1,41.0,39.300000000000004,40.6,40.5
400375.440610319,(open),open_hold,0.0,nan,0.0,nan,0.027925268031909273,-0.005235987755982989,0.024434609527920613,0.1117010721276371,-0.010471975511965978,0.010471975511965978,0.022689280275926284,0.03316125578789226,-0.024434609527920613,0.020943951023931956,0.03316125578789226,0.024434609527920613,-0.024434609527920613,0.04363323129985824,0.04014257279586958,0.024434609527920613,-0.03316125578789226,0.020943951023931956,0.024434609527920613,0.04014257279586958,41.5,41.6,40.1,40.1,40.5,41.0,41.800000000000004,42.6,41.5,42.800000000000004,43.5,43.300000000000004,42.1,41.2,42.1,43.1,41.0,39.300000000000004,40.6,40.5
400375.440826101,(open),open_hold,0.0,nan,0.0,nan,0.027925268031909273,-0.005235987755982989,0.024434609527920613,0.1117010721276371,-0.010471975511965978,0.010471975511965978,0.022689280275926284,0.03316125578789226,-0.024434609527920613,0.020943951023931956,0.03316125578789226,0.024434609527920613,-0.024434609527920613,0.04363323129985824,0.04014257279586958,0.024434609527920613,-0.03316125578789226,0.020943951023931956,0.024434609527920613,0.04014257279586958,41.5,41.6,40.1,40.1,40.5,41.0,41.800000000000004,42.6,41.5,42.800000000000004,43.5,43.300000000000004,42.1,41.2,42.1,43.1,41.0,39.300000000000004,40.6,40.5
400375.450608784,(open),open_hold,0.0,nan,0.0,nan,0.027925268031909273,-0.005235987755982989,0.024434609527920613,0.1117010721276371,-0.010471975511965978,0.010471975511965978,0.022689280275926284,0.03316125578789226,-0.020943951023931956,0.020943951023931956,0.03316125578789226,0.024434609527920613,-0.022689280275926284,0.04363323129985824,0.04014257279586958,0.024434609527920613,-0.03316125578789226,0.020943951023931956,0.024434609527920613,0.04014257279586958,41.5,41.6,40.1,40.1,40.5,41.0,41.800000000000004,42.6,41.5,42.800000000000004,43.5,43.300000000000004,42.1,41.2,42.1,43.1,41.0,39.300000000000004,40.6,40.5
400375.450920092,(open),open_hold,0.0,nan,0.0,nan,0.027925268031909273,-0.005235987755982989,0.024434609527920613,0.1117010721276371,-0.010471975511965978,0.010471975511965978,0.022689280275926284,0.03316125578789226,-0.020943951023931956,0.020943951023931956,0.03316125578789226,0.024434609527920613,-0.022689280275926284,0.04363323129985824,0.04014257279586958,0.024434609527920613,-0.03316125578789226,0.020943951023931956,0.024434609527920613,0.04014257279586958,41.5,41.6,40.1,40.1,40.5,41.0,41.800000000000004,42.6,41.5,42.800000000000004,43.5,43.300000000000004,42.1,41.2,42.1,43.1,41.0,39.300000000000004,40.6,40.5
400375.460655283,(open),open_hold,0.0,nan,0.0,nan,0.024434609527920613,-0.005235987755982989,0.024434609527920613,0.1117010721276371,-0.010471975511965978,0.010471975511965978,0.022689280275926284,0.03316125578789226,-0.020943951023931956,0.020943951023931956,0.03316125578789226,0.024434609527920613,-0.022689280275926284,0.04363323129985824,0.04014257279586958,0.024434609527920613,-0.03316125578789226,0.020943951023931956,0.024434609527920613,0.04014257279586958,41.5,41.6,40.1,40.1,40.5,41.0,41.800000000000004,42.6,41.5,42.800000000000004,43.5,43.300000000000004,42.1,41.2,42.1,43.1,41.0,39.300000000000004,40.6,40.5
400375.461109576,(open),open_hold,0.0,nan,0.0,nan,0.024434609527920613,-0.005235987755982989,0.024434609527920613,0.1117010721276371,-0.010471975511965978,0.010471975511965978,0.022689280275926284,0.03316125578789226,-0.020943951023931956,0.020943951023931956,0.03316125578789226,0.024434609527920613,-0.022689280275926284,0.04363323129985824,0.04014257279586958,0.024434609527920613,-0.03316125578789226,0.020943951023931956,0.024434609527920613,0.04014257279586958,41.5,41.6,40.1,40.1,40.5,41.0,41.800000000000004,42.6,41.5,42.800000000000004,43.5,43.300000000000004,42.1,41.2,42.1,43.1,41.0,39.300000000000004,40.6,40.5
400375.470811123,rj_dg_1_4,up,0.002976190476190476,0.1117010721276371,47.0,40.1,0.027925268031909273,-0.005235987755982989,0.024434609527920613,0.1117010721276371,-0.010471975511965978,0.010471975511965978,0.022689280275926284,0.03316125578789226,-0.020943951023931956,0.020943951023931956,0.03316125578789226,0.024434609527920613,-0.022689280275926284,0.04014257279586958,0.04014257279586958,0.024434609527920613,-0.03316125578789226,0.020943951023931956,0.024434609527920613,0.04014257279586958,41.5,41.6,40.1,40.1,40.5,41.0,41.800000000000004,42.6,41.5,42.800000000000004,43.5,43.300000000000004,42.1,41.2,42.1,43.1,41.0,39.300000000000004,40.6,40.5
400375.471165569,rj_dg_1_4,up,0.005952380952380952,0.1117010721276371,47.0,40.1,0.027925268031909273,-0.005235987755982989,0.024434609527920613,0.1117010721276371,-0.010471975511965978,0.010471975511965978,0.022689280275926284,0.03316125578789226,-0.020943951023931956,0.020943951023931956,0.03316125578789226,0.024434609527920613,-0.022689280275926284,0.04014257279586958,0.04014257279586958,0.024434609527920613,-0.03316125578789226,0.020943951023931956,0.024434609527920613,0.04014257279586958,41.5,41.6,40.1,40.1,40.5,41.0,41.800000000000004,42.6,41.5,42.800000000000004,43.5,43.300000000000004,42.1,41.2,42.1,43.1,41.0,39.300000000000004,40.6,40.5
400375.480634572,rj_dg_1_4,up,0.008928571428571428,0.1117010721276371,47.0,40.1,0.024434609527920613,-0.005235987755982989,0.024434609527920613,0.1117010721276371,-0.010471975511965978,0.010471975511965978,0.022689280275926284,0.03316125578789226,-0.020943951023931956,0.020943951023931956,0.03316125578789226,0.024434609527920613,-0.024434609527920613,0.04363323129985824,0.04014257279586958,0.026179938779914945,-0.03316125578789226,0.020943951023931956,0.024434609527920613,0.04014257279586958,41.5,41.6,40.1,40.1,40.5,41.0,41.800000000000004,42.6,41.5,42.800000000000004,43.5,43.300000000000004,42.1,41.2,42.1,43.1,41.0,39.300000000000004,40.6,40.5
400375.480871976,rj_dg_1_4,up,0.011904761904761904,0.1117010721276371,47.0,40.1,0.024434609527920613,-0.005235987755982989,0.024434609527920613,0.1117010721276371,-0.010471975511965978,0.010471975511965978,0.022689280275926284,0.03316125578789226,-0.020943951023931956,0.020943951023931956,0.03316125578789226,0.024434609527920613,-0.024434609527920613,0.04363323129985824,0.04014257279586958,0.026179938779914945,-0.03316125578789226,0.020943951023931956,0.024434609527920613,0.04014257279586958,41.5,41.6,40.1,40.1,40.5,41.0,41.800000000000004,42.6,41.5,42.800000000000004,43.5,43.300000000000004,42.1,41.2,42.1,43.1,41.0,39.300000000000004,40.6,40.5
400375.490629785,rj_dg_1_4,up,0.01488095238095238,0.1117010721276371,47.0,40.1,0.024434609527920613,-0.005235987755982989,0.024434609527920613,0.1117010721276371,-0.010471975511965978,0.010471975511965978,0.022689280275926284,0.03316125578789226,-0.020943951023931956,0.020943951023931956,0.03316125578789226,0.024434609527920613,-0.024434609527920613,0.04363323129985824,0.04014257279586958,0.026179938779914945,-0.03316125578789226,0.020943951023931956,0.024434609527920613,0.04014257279586958,41.5,41.6,40.1,40.1,40.5,41.0,41.800000000000004,42.6,41.5,42.800000000000004,43.5,43.300000000000004,42.1,41.2,42.1,43.1,41.0,39.300000000000004,40.6,40.5
400375.490843449,rj_dg_1_4,up,0.017857142857142856,0.1117010721276371,47.0,40.1,0.024434609527920613,-0.005235987755982989,0.024434609527920613,0.1117010721276371,-0.010471975511965978,0.010471975511965978,0.022689280275926284,0.03316125578789226,-0.020943951023931956,0.020943951023931956,0.03316125578789226,0.024434609527920613,-0.024434609527920613,0.04363323129985824,0.04014257279586958,0.026179938779914945,-0.03316125578789226,0.020943951023931956,0.024434609527920613,0.04014257279586958,41.5,41.6,40.1,40.1,40.5,41.0,41.800000000000004,42.6,41.5,42.800000000000004,43.5,43.300000000000004,42.1,41.2,42.1,43.1,41.0,39.300000000000004,40.6,40.5
400375.500546744,rj_dg_1_4,up,0.020833333333333332,0.1117010721276371,47.0,40.1,0.027925268031909273,-0.005235987755982989,0.024434609527920613,0.1117010721276371,-0.010471975511965978,0.010471975511965978,0.022689280275926284,0.03316125578789226,-0.020943951023931956,0.020943951023931956,0.03316125578789226,0.024434609527920613,-0.024434609527920613,0.04363323129985824,0.04014257279586958,0.026179938779914945,-0.03316125578789226,0.020943951023931956,0.024434609527920613,0.04014257279586958,41.5,41.6,40.1,40.1,40.5,41.0,41.800000000000004,42.6,41.5,42.800000000000004,43.5,43.300000000000004,42.1,41.2,42.1,43.1,41.0,39.300000000000004,40.6,40.5
400375.500766561,rj_dg_1_4,up,0.023809523809523808,0.1117010721276371,47.0,40.1,0.027925268031909273,-0.005235987755982989,0.024434609527920613,0.1117010721276371,-0.010471975511965978,0.010471975511965978,0.022689280275926284,0.03316125578789226,-0.020943951023931956,0.020943951023931956,0.03316125578789226,0.024434609527920613,-0.024434609527920613,0.04363323129985824,0.04014257279586958,0.026179938779914945,-0.03316125578789226,0.020943951023931956,0.024434609527920613,0.04014257279586958,41.5,41.6,40.1,40.1,40.5,41.0,41.800000000000004,42.6,41.5,42.800000000000004,43.5,43.300000000000004,42.1,41.2,42.1,43.1,41.0,39.300000000000004,40.6,40.5
400375.510520569,rj_dg_1_4,up,0.026785714285714284,0.11519173063162576,47.0,40.1,0.027925268031909273,-0.005235987755982989,0.024434609527920613,0.11519173063162576,-0.010471975511965978,0.010471975511965978,0.022689280275926284,0.03316125578789226,-0.020943951023931956,0.020943951023931956,0.03316125578789226,0.024434609527920613,-0.024434609527920613,0.04363323129985824,0.04014257279586958,0.026179938779914945,-0.03316125578789226,0.019198621771937624,0.024434609527920613,0.04014257279586958,41.5,41.6,40.1,40.1,40.5,41.0,41.800000000000004,42.6,41.5,42.800000000000004,43.5,43.300000000000004,42.1,41.2,42.1,43.1,41.0,39.300000000000004,40.6,40.5
400375.510731441,rj_dg_1_4,up,0.02976190476190476,0.11519173063162576,47.0,40.1,0.027925268031909273,-0.005235987755982989,0.024434609527920613,0.11519173063162576,-0.010471975511965978,0.010471975511965978,0.022689280275926284,0.03316125578789226,-0.020943951023931956,0.020943951023931956,0.03316125578789226,0.024434609527920613,-0.024434609527920613,0.04363323129985824,0.04014257279586958,0.026179938779914945,-0.03316125578789226,0.019198621771937624,0.024434609527920613,0.04014257279586958,41.5,41.6,40.1,40.1,40.5,41.0,41.800000000000004,42.6,41.5,42.800000000000004,43.5,43.300000000000004,42.1,41.2,42.1,43.1,41.0,39.300000000000004,40.6,40.5
400375.520708658,rj_dg_1_4,up,0.03273809523809524,0.1117010721276371,47.0,40.1,0.027925268031909273,-0.005235987755982989,0.024434609527920613,0.1117010721276371,-0.010471975511965978,0.010471975511965978,0.022689280275926284,0.03316125578789226,-0.020943951023931956,0.020943951023931956,0.03316125578789226,0.024434609527920613,-0.022689280275926284,0.04363323129985824,0.04014257279586958,0.024434609527920613,-0.03316125578789226,0.020943951023931956,0.024434609527920613,0.04014257279586958,41.5,41.6,40.1,40.1,40.5,41.0,41.800000000000004,42.6,41.5,42.800000000000004,43.5,43.300000000000004,42.1,41.2,42.1,43.1,41.0,39.300000000000004,40.6,40.5
400375.520935317,rj_dg_1_4,up,0.03571428571428571,0.1117010721276371,47.0,40.1,0.027925268031909273,-0.005235987755982989,0.024434609527920613,0.1117010721276371,-0.010471975511965978,0.010471975511965978,0.022689280275926284,0.03316125578789226,-0.020943951023931956,0.020943951023931956,0.03316125578789226,0.024434609527920613,-0.022689280275926284,0.04363323129985824,0.04014257279586958,0.024434609527920613,-0.03316125578789226,0.020943951023931956,0.024434609527920613,0.04014257279586958,41.5,41.6,40.1,40.1,40.5,41.0,41.800000000000004,42.6,41.5,42.800000000000004,43.5,43.300000000000004,42.1,41.2,42.1,43.1,41.0,39.300000000000004,40.6,40.5
400375.530493644,rj_dg_1_4,up,0.03869047619047619,0.1117010721276371,47.0,40.1,0.024434609527920613,-0.005235987755982989,0.024434609527920613,0.1117010721276371,-0.010471975511965978,0.010471975511965978,0.022689280275926284,0.03316125578789226,-0.020943951023931956,0.020943951023931956,0.03316125578789226,0.024434609527920613,-0.024434609527920613,0.04363323129985824,0.04014257279586958,0.024434609527920613,-0.03316125578789226,0.020943951023931956,0.024434609527920613,0.04014257279586958,41.5,41.6,40.1,40.1,40.5,41.0,41.800000000000004,42.6,41.5,42.800000000000004,43.5,43.300000000000004,42.1,41.2,42.1,43.1,41.0,39.300000000000004,40.6,40.5
400375.530701316,rj_dg_1_4,up,0.041666666666666664,0.1117010721276371,47.0,40.1,0.024434609527920613,-0.005235987755982989,0.024434609527920613,0.1117010721276371,-0.010471975511965978,0.010471975511965978,0.022689280275926284,0.03316125578789226,-0.020943951023931956,0.020943951023931956,0.03316125578789226,0.024434609527920613,-0.024434609527920613,0.04363323129985824,0.04014257279586958,0.024434609527920613,-0.03316125578789226,0.020943951023931956,0.024434609527920613,0.04014257279586958,41.6,41.6,40.1,40.1,40.5,41.0,41.800000000000004,42.6,41.5,42.800000000000004,43.5,43.300000000000004,42.1,41.2,42.1,43.1,41.0,39.300000000000004,40.6,40.5
400375.540654515,rj_dg_1_4,up,0.044642857142857144,0.1117010721276371,41.0,40.1,0.024434609527920613,-0.005235987755982989,0.024434609527920613,0.1117010721276371,-0.010471975511965978,0.010471975511965978,0.022689280275926284,0.03316125578789226,-0.020943951023931956,0.020943951023931956,0.03316125578789226,0.024434609527920613,-0.024434609527920613,0.04363323129985824,0.04014257279586958,0.024434609527920613,-0.03316125578789226,0.020943951023931956,0.024434609527920613,0.04014257279586958,41.6,41.6,40.1,40.1,40.5,41.0,41.800000000000004,42.6,41.5,42.800000000000004,43.5,43.300000000000004,42.1,41.2,42.1,43.1,41.0,39.300000000000004,40.6,40.5
400375.540887235,rj_dg_1_4,up,0.047619047619047616,0.1117010721276371,41.0,40.1,0.024434609527920613,-0.005235987755982989,0.024434609527920613,0.1117010721276371,-0.010471975511965978,0.010471975511965978,0.022689280275926284,0.03316125578789226,-0.020943951023931956,0.020943951023931956,0.03316125578789226,0.024434609527920613,-0.024434609527920613,0.04363323129985824,0.04014257279586958,0.024434609527920613,-0.03316125578789226,0.020943951023931956,0.024434609527920613,0.04014257279586958,41.6,41.6,40.1,40.1,40.5,41.0,41.800000000000004,42.6,41.5,42.800000000000004,43.5,43.300000000000004,42.1,41.2,42.1,43.1,41.0,39.300000000000004,40.6,40.5
400375.550724658,rj_dg_1_4,up,0.050595238095238096,0.1117010721276371,41.0,40.1,0.027925268031909273,-0.005235987755982989,0.026179938779914945,0.1117010721276371,-0.010471975511965978,0.010471975511965978,0.022689280275926284,0.03316125578789226,-0.024434609527920613,0.020943951023931956,0.03316125578789226,0.024434609527920613,-0.024434609527920613,0.04363323129985824,0.04363323129985824,0.026179938779914945,-0.03316125578789226,0.019198621771937624,0.024434609527920613,0.04014257279586958,41.6,41.6,40.1,40.1,40.5,41.0,41.800000000000004,42.6,41.5,42.800000000000004,43.5,43.300000000000004,42.1,41.2,42.1,43.1,41.0,39.300000000000004,40.6,40.5
400375.550944736,rj_dg_1_4,up,0.05357142857142857,0.1117010721276371,41.0,40.1,0.027925268031909273,-0.005235987755982989,0.026179938779914945,0.1117010721276371,-0.010471975511965978,0.010471975511965978,0.022689280275926284,0.03316125578789226,-0.024434609527920613,0.020943951023931956,0.03316125578789226,0.024434609527920613,-0.024434609527920613,0.04363323129985824,0.04363323129985824,0.026179938779914945,-0.03316125578789226,0.019198621771937624,0.024434609527920613,0.04014257279586958,41.6,41.6,40.1,40.1,40.5,41.0,41.800000000000004,42.6,41.5,42.800000000000004,43.5,43.300000000000004,42.1,41.2,42.1,43.1,41.0,39.300000000000004,40.6,40.5
400375.560545052,rj_dg_1_4,up,0.05654761904761905,0.1117010721276371,41.0,40.1,0.027925268031909273,-0.005235987755982989,0.026179938779914945,0.1117010721276371,-0.010471975511965978,0.010471975511965978,0.022689280275926284,0.03316125578789226,-0.020943951023931956,0.020943951023931956,0.03316125578789226,0.024434609527920613,-0.024434609527920613,0.04363323129985824,0.04014257279586958,0.024434609527920613,-0.03316125578789226,0.019198621771937624,0.026179938779914945,0.04014257279586958,41.6,41.6,40.1,40.1,40.5,41.0,41.800000000000004,42.6,41.5,42.800000000000004,43.5,43.300000000000004,42.1,41.2,42.1,43.1,41.0,39.300000000000004,40.6,40.5
400375.56078247,rj_dg_1_4,up,0.05952380952380952,0.1117010721276371,41.0,40.1,0.027925268031909273,-0.005235987755982989,0.026179938779914945,0.1117010721276371,-0.010471975511965978,0.010471975511965978,0.022689280275926284,0.03316125578789226,-0.020943951023931956,0.020943951023931956,0.03316125578789226,0.024434609527920613,-0.024434609527920613,0.04363323129985824,0.04014257279586958,0.024434609527920613,-0.03316125578789226,0.019198621771937624,0.026179938779914945,0.04014257279586958,41.6,41.6,40.1,40.1,40.5,41.0,41.800000000000004,42.6,41.5,42.800000000000004,43.5,43.300000000000004,42.1,41.2,42.1,43.1,41.0,39.300000000000004,40.6,40.5
400375.570662069,rj_dg_1_4,up,0.0625,0.1117010721276371,41.0,40.1,0.027925268031909273,-0.005235987755982989,0.026179938779914945,0.1117010721276371,-0.010471975511965978,0.010471975511965978,0.022689280275926284,0.03316125578789226,-0.024434609527920613,0.020943951023931956,0.03316125578789226,0.024434609527920613,-0.022689280275926284,0.04363323129985824,0.04014257279586958,0.024434609527920613,-0.03316125578789226,0.019198621771937624,0.024434609527920613,0.04014257279586958,41.6,41.6,40.1,40.1,40.5,41.0,41.800000000000004,42.6,41.5,42.800000000000004,43.5,43.300000000000004,42.1,41.2,42.1,43.1,41.0,39.300000000000004,40.6,40.5
400375.570892517,rj_dg_1_4,up,0.06547619047619048,0.1117010721276371,41.0,40.1,0.027925268031909273,-0.005235987755982989,0.026179938779914945,0.1117010721276371,-0.010471975511965978,0.010471975511965978,0.022689280275926284,0.03316125578789226,-0.024434609527920613,0.020943951023931956,0.03316125578789226,0.024434609527920613,-0.022689280275926284,0.04363323129985824,0.04014257279586958,0.024434609527920613,-0.03316125578789226,0.019198621771937624,0.024434609527920613,0.04014257279586958,41.6,41.6,40.1,40.1,40.5,41.0,41.800000000000004,42.6,41.5,42.800000000000004,43.5,43.300000000000004,42.1,41.2,42.1,43.1,41.0,39.300000000000004,40.6,40.5
400375.580600676,rj_dg_1_4,up,0.06845238095238096,0.1117010721276371,41.0,40.1,0.027925268031909273,-0.005235987755982989,0.026179938779914945,0.1117010721276371,-0.010471975511965978,0.010471975511965978,0.026179938779914945,0.03316125578789226,-0.020943951023931956,0.020943951023931956,0.03316125578789226,0.024434609527920613,-0.022689280275926284,0.04363323129985824,0.04014257279586958,0.024434609527920613,-0.03316125578789226,0.020943951023931956,0.024434609527920613,0.04014257279586958,41.6,41.6,40.1,40.1,40.5,41.0,41.800000000000004,42.6,41.5,42.800000000000004,43.5,43.300000000000004,42.1,41.2,42.1,43.1,41.0,39.300000000000004,40.6,40.5
400375.580853572,rj_dg_1_4,up,0.07142857142857142,0.1117010721276371,41.0,40.1,0.027925268031909273,-0.005235987755982989,0.026179938779914945,0.1117010721276371,-0.010471975511965978,0.010471975511965978,0.026179938779914945,0.03316125578789226,-0.020943951023931956,0.020943951023931956,0.03316125578789226,0.024434609527920613,-0.022689280275926284,0.04363323129985824,0.04014257279586958,0.024434609527920613,-0.03316125578789226,0.020943951023931956,0.024434609527920613,0.04014257279586958,41.6,41.6,40.1,40.1,40.5,41.0,41.800000000000004,42.6,41.5,42.800000000000004,43.5,43.300000000000004,42.1,41.2,42.1,43.1,41.0,39.300000000000004,40.6,40.5
400375.590458457,rj_dg_1_4,up,0.0744047619047619,0.1117010721276371,41.0,40.1,0.027925268031909273,-0.005235987755982989,0.026179938779914945,0.1117010721276371,-0.010471975511965978,0.010471975511965978,0.022689280275926284,0.03316125578789226,-0.020943951023931956,0.020943951023931956,0.03316125578789226,0.024434609527920613,-0.022689280275926284,0.04363323129985824,0.04014257279586958,0.024434609527920613,-0.03316125578789226,0.019198621771937624,0.024434609527920613,0.04014257279586958,41.6,41.6,40.1,40.1,40.5,41.0,41.800000000000004,42.6,41.5,42.800000000000004,43.5,43.300000000000004,42.1,41.2,42.1,43.1,41.0,39.300000000000004,40.6,40.5
400375.590661423,rj_dg_1_4,up,0.07738095238095238,0.1117010721276371,41.0,40.1,0.027925268031909273,-0.005235987755982989,0.026179938779914945,0.1117010721276371,-0.010471975511965978,0.010471975511965978,0.022689280275926284,0.03316125578789226,-0.020943951023931956,0.020943951023931956,0.03316125578789226,0.024434609527920613,-0.022689280275926284,0.04363323129985824,0.04014257279586958,0.024434609527920613,-0.03316125578789226,0.019198621771937624,0.024434609527920613,0.04014257279586958,41.6,41.6,40.1,40.1,40.5,41.0,41.800000000000004,42.6,41.5,42.800000000000004,43.5,43.300000000000004,42.1,41.2,42.1,43.1,41.0,39.300000000000004,40.6,40.5
400375.600540386,rj_dg_1_4,up,0.08035714285714286,0.1117010721276371,41.0,40.1,0.027925268031909273,-0.005235987755982989,0.026179938779914945,0.1117010721276371,-0.010471975511965978,0.010471975511965978,0.022689280275926284,0.03316125578789226,-0.020943951023931956,0.020943951023931956,0.03316125578789226,0.024434609527920613,-0.022689280275926284,0.04014257279586958,0.04014257279586958,0.024434609527920613,-0.03316125578789226,0.019198621771937624,0.024434609527920613,0.04014257279586958,41.6,41.6,40.1,40.1,40.5,41.0,41.800000000000004,42.6,41.5,42.800000000000004,43.5,43.300000000000004,42.1,41.2,42.1,43.1,41.0,39.300000000000004,40.6,40.5
400375.600919699,rj_dg_1_4,up,0.08333333333333333,0.1117010721276371,41.0,40.1,0.027925268031909273,-0.005235987755982989,0.026179938779914945,0.1117010721276371,-0.010471975511965978,0.010471975511965978,0.022689280275926284,0.03316125578789226,-0.020943951023931956,0.020943951023931956,0.03316125578789226,0.024434609527920613,-0.022689280275926284,0.04014257279586958,0.04014257279586958,0.024434609527920613,-0.03316125578789226,0.019198621771937624,0.024434609527920613,0.04014257279586958,41.6,41.6,40.1,40.1,40.5,41.0,41.800000000000004,42.6,41.5,42.800000000000004,43.5,43.300000000000004,42.1,41.2,42.1,43.1,41.0,39.300000000000004,40.6,40.5
400375.610569948,rj_dg_1_4,up,0.08630952380952381,0.11519173063162576,41.0,40.1,0.027925268031909273,-0.005235987755982989,0.026179938779914945,0.11519173063162576,-0.010471975511965978,0.010471975511965978,0.022689280275926284,0.03316125578789226,-0.020943951023931956,0.020943951023931956,0.03316125578789226,0.024434609527920613,-0.022689280275926284,0.04363323129985824,0.04014257279586958,0.024434609527920613,-0.03316125578789226,0.020943951023931956,0.024434609527920613,0.04014257279586958,41.6,41.6,40.1,40.1,40.5,41.0,41.800000000000004,42.6,41.5,42.800000000000004,43.5,43.300000000000004,42.1,41.2,42.1,43.1,41.0,39.300000000000004,40.6,40.5
400375.610790997,rj_dg_1_4,up,0.08928571428571429,0.11519173063162576,41.0,40.1,0.027925268031909273,-0.005235987755982989,0.026179938779914945,0.11519173063162576,-0.010471975511965978,0.010471975511965978,0.022689280275926284,0.03316125578789226,-0.020943951023931956,0.020943951023931956,0.03316125578789226,0.024434609527920613,-0.022689280275926284,0.04363323129985824,0.04014257279586958,0.024434609527920613,-0.03316125578789226,0.020943951023931956,0.024434609527920613,0.04014257279586958,41.6,41.6,40.1,40.1,40.5,41.0,41.800000000000004,42.6,41.5,42.800000000000004,43.5,43.300000000000004,42.1,41.2,42.1,43.1,41.0,39.300000000000004,40.6,40.5
400375.620647277,rj_dg_1_4,up,0.09226190476190477,0.1117010721276371,41.0,40.1,0.027925268031909273,-0.005235987755982989,0.026179938779914945,0.1117010721276371,-0.010471975511965978,0.010471975511965978,0.022689280275926284,0.03316125578789226,-0.020943951023931956,0.020943951023931956,0.03316125578789226,0.024434609527920613,-0.022689280275926284,0.04363323129985824,0.04014257279586958,0.024434609527920613,-0.03316125578789226,0.019198621771937624,0.024434609527920613,0.04014257279586958,41.6,41.6,40.1,40.1,40.5,41.0,41.800000000000004,42.6,41.5,42.800000000000004,43.5,43.300000000000004,42.1,41.2,42.1,43.1,41.0,39.300000000000004,40.6,40.5
400375.620886266,rj_dg_1_4,up,0.09523809523809523,0.1117010721276371,41.0,40.1,0.027925268031909273,-0.005235987755982989,0.026179938779914945,0.1117010721276371,-0.010471975511965978,0.010471975511965978,0.022689280275926284,0.03316125578789226,-0.020943951023931956,0.020943951023931956,0.03316125578789226,0.024434609527920613,-0.022689280275926284,0.04363323129985824,0.04014257279586958,0.024434609527920613,-0.03316125578789226,0.019198621771937624,0.024434609527920613,0.04014257279586958,41.6,41.6,40.1,40.1,40.5,41.0,41.800000000000004,42.6,41.5,42.800000000000004,43.5,43.300000000000004,42.1,41.2,42.1,43.1,41.0,39.300000000000004,40.6,40.5
400375.630673657,rj_dg_1_4,up,0.09821428571428571,0.1117010721276371,41.0,40.1,0.027925268031909273,-0.005235987755982989,0.026179938779914945,0.1117010721276371,-0.010471975511965978,0.010471975511965978,0.022689280275926284,0.03316125578789226,-0.020943951023931956,0.020943951023931956,0.03316125578789226,0.024434609527920613,-0.022689280275926284,0.04363323129985824,0.04014257279586958,0.026179938779914945,-0.03316125578789226,0.020943951023931956,0.026179938779914945,0.04014257279586958,41.6,41.6,40.1,40.1,40.5,41.0,41.800000000000004,42.6,41.5,42.800000000000004,43.5,43.300000000000004,42.1,41.2,42.1,43.1,41.0,39.300000000000004,40.6,40.5
400375.630881927,rj_dg_1_4,up,0.10119047619047619,0.1117010721276371,41.0,40.1,0.027925268031909273,-0.005235987755982989,0.026179938779914945,0.1117010721276371,-0.010471975511965978,0.010471975511965978,0.022689280275926284,0.03316125578789226,-0.020943951023931956,0.020943951023931956,0.03316125578789226,0.024434609527920613,-0.022689280275926284,0.04363323129985824,0.04014257279586958,0.026179938779914945,-0.03316125578789226,0.020943951023931956,0.026179938779914945,0.04014257279586958,41.6,41.6,40.1,40.1,40.5,41.0,41.800000000000004,42.6,41.5,42.800000000000004,43.5,43.300000000000004,42.1,41.2,42.1,43.1,41.0,39.300000000000004,40.6,40.5
400375.640499346,rj_dg_1_4,up,0.10416666666666667,0.1117010721276371,41.0,40.1,0.024434609527920613,-0.005235987755982989,0.026179938779914945,0.1117010721276371,-0.010471975511965978,0.013962634015954637,0.022689280275926284,0.03316125578789226,-0.020943951023931956,0.020943951023931956,0.03316125578789226,0.024434609527920613,-0.022689280275926284,0.04363323129985824,0.04014257279586958,0.024434609527920613,-0.03316125578789226,0.019198621771937624,0.024434609527920613,0.04014257279586958,41.6,41.6,40.1,40.1,40.5,41.0,41.800000000000004,42.6,41.5,42.800000000000004,43.5,43.300000000000004,42.1,41.2,42.1,43.1,41.0,39.300000000000004,40.6,40.5
400375.640803688,rj_dg_1_4,up,0.10714285714285714,0.1117010721276371,41.0,40.1,0.024434609527920613,-0.005235987755982989,0.026179938779914945,0.1117010721276371,-0.010471975511965978,0.013962634015954637,0.022689280275926284,0.03316125578789226,-0.020943951023931956,0.020943951023931956,0.03316125578789226,0.024434609527920613,-0.022689280275926284,0.04363323129985824,0.04014257279586958,0.024434609527920613,-0.03316125578789226,0.019198621771937624,0.024434609527920613,0.04014257279586958,41.6,41.6,40.1,40.1,40.5,41.0,41.800000000000004,42.6,41.5,42.800000000000004,43.5,43.300000000000004,42.1,41.2,42.1,43.1,41.0,39.300000000000004,40.6,40.5
400375.650543276,rj_dg_1_4,up,0.11011904761904762,0.1117010721276371,41.0,40.1,0.027925268031909273,-0.005235987755982989,0.026179938779914945,0.1117010721276371,-0.010471975511965978,0.010471975511965978,0.022689280275926284,0.03316125578789226,-0.020943951023931956,0.020943951023931956,0.03316125578789226,0.024434609527920613,-0.024434609527920613,0.04363323129985824,0.04014257279586958,0.024434609527920613,-0.03316125578789226,0.019198621771937624,0.024434609527920613,0.04014257279586958,41.6,41.6,40.1,40.1,40.5,41.0,41.800000000000004,42.6,41.5,42.800000000000004,43.5,43.300000000000004,42.1,41.2,42.1,43.1,41.0,39.300000000000004,40.6,40.5
400375.650742028,rj_dg_1_4,up,0.1130952380952381,0.1117010721276371,41.0,40.1,0.027925268031909273,-0.005235987755982989,0.026179938779914945,0.1117010721276371,-0.010471975511965978,0.010471975511965978,0.022689280275926284,0.03316125578789226,-0.020943951023931956,0.020943951023931956,0.03316125578789226,0.024434609527920613,-0.024434609527920613,0.04363323129985824,0.04014257279586958,0.024434609527920613,-0.03316125578789226,0.019198621771937624,0.024434609527920613,0.04014257279586958,41.6,41.6,40.1,40.1,40.5,41.0,41.800000000000004,42.6,41.5,42.800000000000004,43.5,43.300000000000004,42.1,41.2,42.1,43.1,41.0,39.300000000000004,40.6,40.5
400375.660592972,rj_dg_1_4,up,0.11607142857142858,0.1117010721276371,41.0,40.1,0.027925268031909273,-0.005235987755982989,0.026179938779914945,0.1117010721276371,-0.010471975511965978,0.010471975511965978,0.022689280275926284,0.03316125578789226,-0.020943951023931956,0.020943951023931956,0.03316125578789226,0.024434609527920613,-0.024434609527920613,0.04363323129985824,0.04014257279586958,0.024434609527920613,-0.03316125578789226,0.019198621771937624,0.024434609527920613,0.04014257279586958,41.6,41.6,40.1,40.1,40.5,41.0,41.800000000000004,42.6,41.5,42.800000000000004,43.5,43.300000000000004,42.1,41.2,42.1,43.1,41.0,39.300000000000004,40.6,40.5
400375.660917591,rj_dg_1_4,up,0.11904761904761904,0.1117010721276371,41.0,40.1,0.027925268031909273,-0.005235987755982989,0.026179938779914945,0.1117010721276371,-0.010471975511965978,0.010471975511965978,0.022689280275926284,0.03316125578789226,-0.020943951023931956,0.020943951023931956,0.03316125578789226,0.024434609527920613,-0.024434609527920613,0.04363323129985824,0.04014257279586958,0.024434609527920613,-0.03316125578789226,0.019198621771937624,0.024434609527920613,0.04014257279586958,41.6,41.6,40.1,40.1,40.5,41.0,41.800000000000004,42.6,41.5,42.800000000000004,43.5,43.300000000000004,42.1,41.2,42.1,43.1,41.0,39.300000000000004,40.6,40.5
400375.670437855,rj_dg_1_4,up,0.12202380952380952,0.1117010721276371,8.0,40.1,0.027925268031909273,-0.005235987755982989,0.026179938779914945,0.1117010721276371,-0.010471975511965978,0.010471975511965978,0.022689280275926284,0.03316125578789226,-0.020943951023931956,0.020943951023931956,0.03316125578789226,0.024434609527920613,-0.022689280275926284,0.04363323129985824,0.04014257279586958,0.024434609527920613,-0.03316125578789226,0.019198621771937624,0.024434609527920613,0.04014257279586958,41.6,41.6,40.1,40.1,40.5,41.0,41.800000000000004,42.6,41.5,42.800000000000004,43.5,43.300000000000004,42.1,41.2,42.1,43.1,41.0,39.300000000000004,40.6,40.5
400375.670747969,rj_dg_1_4,up,0.125,0.1117010721276371,8.0,40.1,0.027925268031909273,-0.005235987755982989,0.026179938779914945,0.1117010721276371,-0.010471975511965978,0.010471975511965978,0.022689280275926284,0.03316125578789226,-0.020943951023931956,0.020943951023931956,0.03316125578789226,0.024434609527920613,-0.022689280275926284,0.04363323129985824,0.04014257279586958,0.024434609527920613,-0.03316125578789226,0.019198621771937624,0.024434609527920613,0.04014257279586958,41.5,41.6,40.1,40.1,40.5,41.0,41.800000000000004,42.6,41.5,42.800000000000004,43.5,43.300000000000004,42.1,41.2,42.1,43.1,41.0,39.300000000000004,40.6,40.5
400375.680662673,rj_dg_1_4,up,0.12797619047619047,0.1117010721276371,8.0,40.1,0.027925268031909273,-0.005235987755982989,0.026179938779914945,0.1117010721276371,-0.010471975511965978,0.010471975511965978,0.022689280275926284,0.03316125578789226,-0.020943951023931956,0.020943951023931956,0.03316125578789226,0.024434609527920613,-0.022689280275926284,0.04363323129985824,0.04014257279586958,0.024434609527920613,-0.03316125578789226,0.020943951023931956,0.024434609527920613,0.04014257279586958,41.5,41.6,40.1,40.1,40.5,41.0,41.800000000000004,42.6,41.5,42.800000000000004,43.5,43.300000000000004,42.1,41.2,42.1,43.1,41.0,39.300000000000004,40.6,40.5
400375.680970743,rj_dg_1_4,up,0.13095238095238096,0.1117010721276371,8.0,40.1,0.027925268031909273,-0.005235987755982989,0.026179938779914945,0.1117010721276371,-0.010471975511965978,0.010471975511965978,0.022689280275926284,0.03316125578789226,-0.020943951023931956,0.020943951023931956,0.03316125578789226,0.024434609527920613,-0.022689280275926284,0.04363323129985824,0.04014257279586958,0.024434609527920613,-0.03316125578789226,0.020943951023931956,0.024434609527920613,0.04014257279586958,41.5,41.6,40.1,40.1,40.5,41.0,41.800000000000004,42.6,41.5,42.800000000000004,43.5,43.300000000000004,42.1,41.2,42.1,43.1,41.0,39.300000000000004,40.6,40.5
400375.690526636,rj_dg_1_4,up,0.13392857142857142,0.1117010721276371,8.0,40.1,0.027925268031909273,-0.005235987755982989,0.026179938779914945,0.1117010721276371,-0.010471975511965978,0.010471975511965978,0.022689280275926284,0.03316125578789226,-0.020943951023931956,0.020943951023931956,0.03316125578789226,0.024434609527920613,-0.024434609527920613,0.04363323129985824,0.04014257279586958,0.024434609527920613,-0.03316125578789226,0.020943951023931956,0.024434609527920613,0.04014257279586958,41.5,41.6,40.1,40.1,40.5,41.0,41.800000000000004,42.6,41.5,42.800000000000004,43.5,43.300000000000004,42.1,41.2,42.1,43.1,41.0,39.300000000000004,40.6,40.5
400375.690851341,rj_dg_1_4,up,0.13690476190476192,0.1117010721276371,8.0,40.1,0.027925268031909273,-0.005235987755982989,0.026179938779914945,0.1117010721276371,-0.010471975511965978,0.010471975511965978,0.022689280275926284,0.03316125578789226,-0.020943951023931956,0.020943951023931956,0.03316125578789226,0.024434609527920613,-0.024434609527920613,0.04363323129985824,0.04014257279586958,0.024434609527920613,-0.03316125578789226,0.020943951023931956,0.024434609527920613,0.04014257279586958,41.5,41.6,40.1,40.1,40.5,41.0,41.800000000000004,42.6,41.5,42.800000000000004,43.5,43.300000000000004,42.1,41.2,42.1,43.1,41.0,39.300000000000004,40.6,40.5
400375.700636693,rj_dg_1_4,up,0.13988095238095238,0.1117010721276371,8.0,40.1,0.027925268031909273,-0.005235987755982989,0.026179938779914945,0.1117010721276371,-0.010471975511965978,0.010471975511965978,0.022689280275926284,0.03316125578789226,-0.020943951023931956,0.020943951023931956,0.03316125578789226,0.024434609527920613,-0.022689280275926284,0.04363323129985824,0.04014257279586958,0.024434609527920613,-0.03316125578789226,0.020943951023931956,0.024434609527920613,0.04014257279586958,41.5,41.6,40.1,40.1,40.5,41.0,41.800000000000004,42.6,41.5,42.800000000000004,43.5,43.300000000000004,42.1,41.2,42.1,43.1,41.0,39.300000000000004,40.6,40.5
400375.701112133,rj_dg_1_4,up,0.14285714285714285,0.1117010721276371,8.0,40.1,0.027925268031909273,-0.005235987755982989,0.026179938779914945,0.1117010721276371,-0.010471975511965978,0.010471975511965978,0.022689280275926284,0.03316125578789226,-0.020943951023931956,0.020943951023931956,0.03316125578789226,0.024434609527920613,-0.022689280275926284,0.04363323129985824,0.04014257279586958,0.024434609527920613,-0.03316125578789226,0.020943951023931956,0.024434609527920613,0.04014257279586958,41.5,41.6,40.1,40.1,40.5,41.0,41.800000000000004,42.6,41.5,42.800000000000004,43.5,43.300000000000004,42.1,41.2,42.1,43.1,41.0,39.300000000000004,40.6,40.5
400375.710555064,rj_dg_1_4,up,0.14583333333333334,0.1117010721276371,8.0,40.1,0.024434609527920613,-0.005235987755982989,0.026179938779914945,0.1117010721276371,-0.010471975511965978,0.010471975511965978,0.022689280275926284,0.03316125578789226,-0.020943951023931956,0.020943951023931956,0.03316125578789226,0.024434609527920613,-0.022689280275926284,0.04363323129985824,0.04014257279586958,0.024434609527920613,-0.03316125578789226,0.020943951023931956,0.024434609527920613,0.04014257279586958,41.5,41.6,40.1,40.1,40.5,41.0,41.800000000000004,42.6,41.5,42.800000000000004,43.5,43.300000000000004,42.1,41.2,42.1,43.1,41.0,39.300000000000004,40.6,40.5
400375.710901453,rj_dg_1_4,up,0.1488095238095238,0.1117010721276371,8.0,40.1,0.024434609527920613,-0.005235987755982989,0.026179938779914945,0.1117010721276371,-0.010471975511965978,0.010471975511965978,0.022689280275926284,0.03316125578789226,-0.020943951023931956,0.020943951023931956,0.03316125578789226,0.024434609527920613,-0.022689280275926284,0.04363323129985824,0.04014257279586958,0.024434609527920613,-0.03316125578789226,0.020943951023931956,0.024434609527920613,0.04014257279586958,41.5,41.6,40.1,40.1,40.5,41.0,41.800000000000004,42.6,41.5,42.800000000000004,43.5,43.300000000000004,42.1,41.2,42.1,43.1,41.0,39.300000000000004,40.6,40.5
400375.720504431,rj_dg_1_4,up,0.15178571428571427,0.1117010721276371,8.0,40.1,0.027925268031909273,-0.005235987755982989,0.026179938779914945,0.1117010721276371,-0.010471975511965978,0.010471975511965978,0.022689280275926284,0.03316125578789226,-0.024434609527920613,0.020943951023931956,0.03316125578789226,0.024434609527920613,-0.024434609527920613,0.04363323129985824,0.04014257279586958,0.024434609527920613,-0.03316125578789226,0.019198621771937624,0.024434609527920613,0.04014257279586958,41.5,41.6,40.1,40.1,40.5,41.0,41.800000000000004,42.6,41.5,42.800000000000004,43.5,43.300000000000004,42.1,41.2,42.1,43.1,41.0,39.300000000000004,40.6,40.5
400375.720894451,rj_dg_1_4,up,0.15476190476190477,0.1117010721276371,8.0,40.1,0.027925268031909273,-0.005235987755982989,0.026179938779914945,0.1117010721276371,-0.010471975511965978,0.010471975511965978,0.022689280275926284,0.03316125578789226,-0.024434609527920613,0.020943951023931956,0.03316125578789226,0.024434609527920613,-0.024434609527920613,0.04363323129985824,0.04014257279586958,0.024434609527920613,-0.03316125578789226,0.019198621771937624,0.024434609527920613,0.04014257279586958,41.5,41.6,40.1,40.1,40.5,41.0,41.800000000000004,42.6,41.5,42.800000000000004,43.5,43.300000000000004,42.1,41.2,42.1,43.1,41.0,39.300000000000004,40.6,40.5
400375.730562944,rj_dg_1_4,up,0.15773809523809523,0.1117010721276371,8.0,40.1,0.027925268031909273,-0.005235987755982989,0.026179938779914945,0.1117010721276371,-0.010471975511965978,0.010471975511965978,0.022689280275926284,0.03316125578789226,-0.020943951023931956,0.020943951023931956,0.03316125578789226,0.024434609527920613,-0.022689280275926284,0.04363323129985824,0.04014257279586958,0.024434609527920613,-0.03316125578789226,0.020943951023931956,0.024434609527920613,0.04014257279586958,41.5,41.6,40.1,40.1,40.5,41.0,41.800000000000004,42.6,41.5,42.800000000000004,43.5,43.300000000000004,42.1,41.2,42.1,43.1,41.0,39.300000000000004,40.6,40.5
400375.73078225,rj_dg_1_4,up,0.16071428571428573,0.1117010721276371,8.0,40.1,0.027925268031909273,-0.005235987755982989,0.026179938779914945,0.1117010721276371,-0.010471975511965978,0.010471975511965978,0.022689280275926284,0.03316125578789226,-0.020943951023931956,0.020943951023931956,0.03316125578789226,0.024434609527920613,-0.022689280275926284,0.04363323129985824,0.04014257279586958,0.024434609527920613,-0.03316125578789226,0.020943951023931956,0.024434609527920613,0.04014257279586958,41.5,41.6,40.1,40.1,40.5,41.0,41.800000000000004,42.6,41.5,42.800000000000004,43.5,43.300000000000004,42.1,41.2,42.1,43.1,41.0,39.300000000000004,40.6,40.5
400375.740590928,rj_dg_1_4,up,0.1636904761904762,0.10995574287564276,8.0,40.1,0.027925268031909273,-0.005235987755982989,0.026179938779914945,0.10995574287564276,-0.010471975511965978,0.010471975511965978,0.022689280275926284,0.03316125578789226,-0.020943951023931956,0.020943951023931956,0.03316125578789226,0.024434609527920613,-0.024434609527920613,0.04363323129985824,0.04014257279586958,0.024434609527920613,-0.03316125578789226,0.020943951023931956,0.024434609527920613,0.03665191429188092,41.5,41.6,40.1,40.1,40.5,41.0,41.800000000000004,42.6,41.5,42.800000000000004,43.5,43.300000000000004,42.1,41.2,42.1,43.1,41.0,39.300000000000004,40.6,40.5
400375.740852898,rj_dg_1_4,up,0.16666666666666666,0.10995574287564276,8.0,40.1,0.027925268031909273,-0.005235987755982989,0.026179938779914945,0.10995574287564276,-0.010471975511965978,0.010471975511965978,0.022689280275926284,0.03316125578789226,-0.020943951023931956,0.020943951023931956,0.03316125578789226,0.024434609527920613,-0.024434609527920613,0.04363323129985824,0.04014257279586958,0.024434609527920613,-0.03316125578789226,0.020943951023931956,0.024434609527920613,0.03665191429188092,41.5,41.6,40.1,40.1,40.5,41.0,41.800000000000004,42.6,41.5,42.800000000000004,43.5,43.300000000000004,42.1,41.2,42.1,43.1,41.0,39.300000000000004,40.6,40.5
400375.750549965,rj_dg_1_4,up,0.16964285714285715,0.10821041362364843,8.0,40.1,0.024434609527920613,-0.005235987755982989,0.026179938779914945,0.10821041362364843,-0.010471975511965978,0.010471975511965978,0.022689280275926284,0.03316125578789226,-0.024434609527920613,0.020943951023931956,0.03316125578789226,0.024434609527920613,-0.024434609527920613,0.04014257279586958,0.04014257279586958,0.024434609527920613,-0.029670597283903602,0.020943951023931956,0.024434609527920613,0.04014257279586958,41.5,41.6,40.1,40.1,40.5,41.0,41.800000000000004,42.6,41.5,42.800000000000004,43.5,43.300000000000004,42.1,41.2,42.1,43.1,41.0,39.300000000000004,40.6,40.5
400375.750766608,rj_dg_1_4,up,0.17261904761904762,0.10821041362364843,8.0,40.1,0.024434609527920613,-0.005235987755982989,0.026179938779914945,0.10821041362364843,-0.010471975511965978,0.010471975511965978,0.022689280275926284,0.03316125578789226,-0.024434609527920613,0.020943951023931956,0.03316125578789226,0.024434609527920613,-0.024434609527920613,0.04014257279586958,0.04014257279586958,0.024434609527920613,-0.029670597283903602,0.020943951023931956,0.024434609527920613,0.04014257279586958,41.5,41.6,40.1,40.1,40.5,41.0,41.800000000000004,42.6,41.5,42.800000000000004,43.5,43.300000000000004,42.1,41.2,42.1,43.1,41.0,39.300000000000004,40.6,40.5
400375.760628663,rj_dg_1_4,up,0.17559523809523808,0.10297442586766545,8.0,40.1,0.027925268031909273,-0.005235987755982989,0.026179938779914945,0.10297442586766545,-0.010471975511965978,0.010471975511965978,0.022689280275926284,0.03316125578789226,-0.020943951023931956,0.020943951023931956,0.03316125578789226,0.024434609527920613,-0.022689280275926284,0.04363323129985824,0.04014257279586958,0.024434609527920613,-0.03316125578789226,0.020943951023931956,0.024434609527920613,0.04014257279586958,41.5,41.6,40.1,40.1,40.5,41.0,41.800000000000004,42.6,41.5,42.800000000000004,43.5,43.300000000000004,42.1,41.2,42.1,43.1,41.0,39.300000000000004,40.6,40.5
400375.760863664,rj_dg_1_4,up,0.17857142857142858,0.10297442586766545,8.0,40.1,0.027925268031909273,-0.005235987755982989,0.026179938779914945,0.10297442586766545,-0.010471975511965978,0.010471975511965978,0.022689280275926284,0.03316125578789226,-0.020943951023931956,0.020943951023931956,0.03316125578789226,0.024434609527920613,-0.022689280275926284,0.04363323129985824,0.04014257279586958,0.024434609527920613,-0.03316125578789226,0.020943951023931956,0.024434609527920613,0.04014257279586958,41.5,41.6,40.1,40.1,40.5,41.0,41.800000000000004,42.6,41.5,42.800000000000004,43.5,43.300000000000004,42.1,41.2,42.1,43.1,41.0,39.300000000000004,40.6,40.5
400375.77066181,rj_dg_1_4,up,0.18154761904761904,0.10297442586766545,8.0,40.1,0.027925268031909273,-0.005235987755982989,0.026179938779914945,0.10297442586766545,-0.010471975511965978,0.010471975511965978,0.022689280275926284,0.03316125578789226,-0.020943951023931956,0.020943951023931956,0.03316125578789226,0.024434609527920613,-0.022689280275926284,0.04363323129985824,0.04014257279586958,0.024434609527920613,-0.03316125578789226,0.020943951023931956,0.024434609527920613,0.04014257279586958,41.5,41.6,40.1,40.1,40.5,41.0,41.800000000000004,42.6,41.5,42.800000000000004,43.5,43.300000000000004,42.1,41.2,42.1,43.1,41.0,39.300000000000004,40.6,40.5
400375.770851036,rj_dg_1_4,up,0.18452380952380953,0.09773843811168245,8.0,40.1,0.027925268031909273,-0.005235987755982989,0.026179938779914945,0.09773843811168245,-0.010471975511965978,0.010471975511965978,0.022689280275926284,0.03316125578789226,-0.020943951023931956,0.020943951023931956,0.03316125578789226,0.024434609527920613,-0.024434609527920613,0.04363323129985824,0.04014257279586958,0.024434609527920613,-0.03316125578789226,0.019198621771937624,0.024434609527920613,0.04014257279586958,41.5,41.6,40.1,40.1,40.5,41.0,41.800000000000004,42.6,41.5,42.800000000000004,43.5,43.300000000000004,42.1,41.2,42.1,43.1,41.0,39.300000000000004,40.6,40.5
400375.780505542,rj_dg_1_4,up,0.1875,0.10995574287564276,8.0,40.1,0.024434609527920613,-0.005235987755982989,0.026179938779914945,0.10995574287564276,-0.010471975511965978,0.010471975511965978,0.022689280275926284,0.03316125578789226,-0.020943951023931956,0.020943951023931956,0.03316125578789226,0.024434609527920613,-0.024434609527920613,0.04363323129985824,0.04014257279586958,0.024434609527920613,-0.03316125578789226,0.020943951023931956,0.026179938779914945,0.04014257279586958,41.5,41.6,40.1,40.1,40.5,41.0,41.800000000000004,42.6,41.5,42.800000000000004,43.5,43.300000000000004,42.1,41.2,42.1,43.1,41.0,39.300000000000004,40.6,40.5
400375.780731365,rj_dg_1_4,up,0.19047619047619047,0.10995574287564276,8.0,40.1,0.024434609527920613,-0.005235987755982989,0.026179938779914945,0.10995574287564276,-0.010471975511965978,0.010471975511965978,0.022689280275926284,0.03316125578789226,-0.020943951023931956,0.020943951023931956,0.03316125578789226,0.024434609527920613,-0.024434609527920613,0.04363323129985824,0.04014257279586958,0.024434609527920613,-0.03316125578789226,0.020943951023931956,0.026179938779914945,0.04014257279586958,41.5,41.6,40.1,40.1,40.5,41.0,41.800000000000004,42.6,41.5,42.800000000000004,43.5,43.300000000000004,42.1,41.2,42.1,43.1,41.0,39.300000000000004,40.6,40.5
400375.790580841,rj_dg_1_4,up,0.19345238095238096,0.11868238913561441,8.0,40.1,0.027925268031909273,-0.005235987755982989,0.026179938779914945,0.11868238913561441,-0.010471975511965978,0.010471975511965978,0.022689280275926284,0.03316125578789226,-0.020943951023931956,0.020943951023931956,0.03316125578789226,0.024434609527920613,-0.022689280275926284,0.04363323129985824,0.04014257279586958,0.024434609527920613,-0.03316125578789226,0.020943951023931956,0.024434609527920613,0.04014257279586958,41.5,41.6,40.1,40.1,40.5,41.0,41.800000000000004,42.6,41.5,42.800000000000004,43.5,43.300000000000004,42.1,41.2,42.1,43.1,41.0,39.300000000000004,40.6,40.5
400375.790801449,rj_dg_1_4,up,0.19642857142857142,0.11868238913561441,8.0,40.1,0.027925268031909273,-0.005235987755982989,0.026179938779914945,0.11868238913561441,-0.010471975511965978,0.010471975511965978,0.022689280275926284,0.03316125578789226,-0.020943951023931956,0.020943951023931956,0.03316125578789226,0.024434609527920613,-0.022689280275926284,0.04363323129985824,0.04014257279586958,0.024434609527920613,-0.03316125578789226,0.020943951023931956,0.024434609527920613,0.04014257279586958,41.5,41.6,40.1,40.1,40.5,41.0,41.800000000000004,42.6,41.5,42.800000000000004,43.5,43.300000000000004,42.1,41.2,42.1,43.1,41.0,39.300000000000004,40.6,40.5
400375.800432972,rj_dg_1_4,up,0.19940476190476192,0.12042771838760874,6.0,40.1,0.027925268031909273,-0.005235987755982989,0.026179938779914945,0.12042771838760874,-0.010471975511965978,0.010471975511965978,0.022689280275926284,0.03316125578789226,-0.024434609527920613,0.020943951023931956,0.03316125578789226,0.024434609527920613,-0.024434609527920613,0.04363323129985824,0.04014257279586958,0.024434609527920613,-0.03316125578789226,0.019198621771937624,0.024434609527920613,0.04014257279586958,41.5,41.6,40.1,40.1,40.5,41.0,41.800000000000004,42.6,41.5,42.800000000000004,43.5,43.300000000000004,42.1,41.2,42.1,43.1,41.0,39.300000000000004,40.6,40.5
400375.800673853,rj_dg_1_4,up,0.20238095238095238,0.12042771838760874,6.0,40.1,0.027925268031909273,-0.005235987755982989,0.026179938779914945,0.12042771838760874,-0.010471975511965978,0.010471975511965978,0.022689280275926284,0.03316125578789226,-0.024434609527920613,0.020943951023931956,0.03316125578789226,0.024434609527920613,-0.024434609527920613,0.04363323129985824,0.04014257279586958,0.024434609527920613,-0.03316125578789226,0.019198621771937624,0.024434609527920613,0.04014257279586958,41.6,41.6,40.1,40.1,40.5,41.0,41.800000000000004,42.6,41.5,42.800000000000004,43.5,43.300000000000004,42.1,41.2,42.1,43.1,41.0,39.300000000000004,40.6,40.5
400375.81070903,rj_dg_1_4,up,0.20535714285714285,0.12042771838760874,6.0,40.1,0.027925268031909273,-0.005235987755982989,0.026179938779914945,0.12042771838760874,-0.010471975511965978,0.010471975511965978,0.022689280275926284,0.03316125578789226,-0.020943951023931956,0.020943951023931956,0.03316125578789226,0.024434609527920613,-0.024434609527920613,0.04363323129985824,0.04014257279586958,0.026179938779914945,-0.03316125578789226,0.019198621771937624,0.024434609527920613,0.04014257279586958,41.6,41.6,40.1,40.1,40.5,41.0,41.800000000000004,42.6,41.5,42.800000000000004,43.5,43.300000000000004,42.1,41.2,42.1,43.1,41.0,39.300000000000004,40.6,40.5
400375.810917625,rj_dg_1_4,up,0.20833333333333334,0.12042771838760874,6.0,40.1,0.027925268031909273,-0.005235987755982989,0.026179938779914945,0.12042771838760874,-0.010471975511965978,0.010471975511965978,0.022689280275926284,0.03316125578789226,-0.020943951023931956,0.020943951023931956,0.03316125578789226,0.024434609527920613,-0.024434609527920613,0.04363323129985824,0.04014257279586958,0.026179938779914945,-0.03316125578789226,0.019198621771937624,0.024434609527920613,0.04014257279586958,41.6,41.6,40.1,40.1,40.5,41.0,41.800000000000004,42.6,41.5,42.800000000000004,43.5,43.300000000000004,42.1,41.2,42.1,43.1,41.0,39.300000000000004,40.6,40.5
400375.820737356,rj_dg_1_4,up,0.2113095238095238,0.12042771838760874,6.0,40.1,0.027925268031909273,-0.005235987755982989,0.026179938779914945,0.12042771838760874,-0.010471975511965978,0.010471975511965978,0.022689280275926284,0.03316125578789226,-0.020943951023931956,0.020943951023931956,0.03316125578789226,0.024434609527920613,-0.024434609527920613,0.04363323129985824,0.04014257279586958,0.026179938779914945,-0.03316125578789226,0.019198621771937624,0.024434609527920613,0.04014257279586958,41.6,41.6,40.1,40.1,40.5,41.0,41.800000000000004,42.6,41.5,42.800000000000004,43.5,43.300000000000004,42.1,41.2,42.1,43.1,41.0,39.300000000000004,40.6,40.5
400375.820946301,rj_dg_1_4,up,0.21428571428571427,0.12042771838760874,6.0,40.1,0.027925268031909273,-0.005235987755982989,0.026179938779914945,0.12042771838760874,-0.010471975511965978,0.010471975511965978,0.022689280275926284,0.03316125578789226,-0.020943951023931956,0.020943951023931956,0.03316125578789226,0.024434609527920613,-0.024434609527920613,0.04363323129985824,0.04014257279586958,0.024434609527920613,-0.03316125578789226,0.020943951023931956,0.024434609527920613,0.03665191429188092,41.6,41.6,40.1,40.1,40.5,41.0,41.800000000000004,42.6,41.5,42.800000000000004,43.5,43.300000000000004,42.1,41.2,42.1,43.1,41.0,39.300000000000004,40.6,40.5
400375.830710832,rj_dg_1_4,up,0.21726190476190477,0.12042771838760874,6.0,40.1,0.027925268031909273,-0.005235987755982989,0.026179938779914945,0.12042771838760874,-0.010471975511965978,0.010471975511965978,0.022689280275926284,0.03316125578789226,-0.020943951023931956,0.020943951023931956,0.03316125578789226,0.024434609527920613,-0.024434609527920613,0.04363323129985824,0.04014257279586958,0.024434609527920613,-0.03316125578789226,0.019198621771937624,0.024434609527920613,0.04014257279586958,41.6,41.6,40.1,40.1,40.5,41.0,41.800000000000004,42.6,41.5,42.800000000000004,43.5,43.300000000000004,42.1,41.2,42.1,43.1,41.0,39.300000000000004,40.6,40.5
400375.830969818,rj_dg_1_4,up,0.22023809523809523,0.12042771838760874,6.0,40.1,0.027925268031909273,-0.005235987755982989,0.026179938779914945,0.12042771838760874,-0.010471975511965978,0.010471975511965978,0.022689280275926284,0.03316125578789226,-0.020943951023931956,0.020943951023931956,0.03316125578789226,0.024434609527920613,-0.024434609527920613,0.04363323129985824,0.04014257279586958,0.024434609527920613,-0.03316125578789226,0.019198621771937624,0.024434609527920613,0.04014257279586958,41.6,41.6,40.1,40.1,40.5,41.0,41.800000000000004,42.6,41.5,42.800000000000004,43.5,43.300000000000004,42.1,41.2,42.1,43.1,41.0,39.300000000000004,40.6,40.5
400375.84069353,rj_dg_1_4,up,0.22321428571428573,0.12042771838760874,6.0,40.1,0.027925268031909273,-0.005235987755982989,0.026179938779914945,0.12042771838760874,-0.010471975511965978,0.010471975511965978,0.022689280275926284,0.03316125578789226,-0.020943951023931956,0.020943951023931956,0.03316125578789226,0.024434609527920613,-0.024434609527920613,0.04363323129985824,0.04014257279586958,0.024434609527920613,-0.03316125578789226,0.019198621771937624,0.024434609527920613,0.04014257279586958,41.6,41.6,40.1,40.1,40.5,41.0,41.800000000000004,42.6,41.5,42.800000000000004,43.5,43.300000000000004,42.1,41.2,42.1,43.1,41.0,39.300000000000004,40.6,40.5
400375.840915104,rj_dg_1_4,up,0.2261904761904762,0.12042771838760874,6.0,40.1,0.027925268031909273,-0.005235987755982989,0.026179938779914945,0.12042771838760874,-0.010471975511965978,0.010471975511965978,0.022689280275926284,0.03316125578789226,-0.020943951023931956,0.020943951023931956,0.03316125578789226,0.024434609527920613,-0.022689280275926284,0.04363323129985824,0.04363323129985824,0.024434609527920613,-0.03316125578789226,0.019198621771937624,0.026179938779914945,0.04014257279586958,41.6,41.6,40.1,40.1,40.5,41.0,41.800000000000004,42.6,41.5,42.800000000000004,43.5,43.300000000000004,42.1,41.2,42.1,43.1,41.0,39.300000000000004,40.6,40.5
400375.850485408,rj_dg_1_4,up,0.22916666666666666,0.12042771838760874,6.0,40.1,0.024434609527920613,-0.005235987755982989,0.026179938779914945,0.12042771838760874,-0.010471975511965978,0.010471975511965978,0.022689280275926284,0.03316125578789226,-0.020943951023931956,0.020943951023931956,0.03316125578789226,0.024434609527920613,-0.024434609527920613,0.04363323129985824,0.04014257279586958,0.024434609527920613,-0.03316125578789226,0.019198621771937624,0.024434609527920613,0.04014257279586958,41.6,41.6,40.1,40.1,40.5,41.0,41.800000000000004,42.6,41.5,42.800000000000004,43.5,43.300000000000004,42.1,41.2,42.1,43.1,41.0,39.300000000000004,40.6,40.5
400375.850695784,rj_dg_1_4,up,0.23214285714285715,0.12042771838760874,6.0,40.1,0.024434609527920613,-0.005235987755982989,0.026179938779914945,0.12042771838760874,-0.010471975511965978,0.010471975511965978,0.022689280275926284,0.03316125578789226,-0.020943951023931956,0.020943951023931956,0.03316125578789226,0.024434609527920613,-0.024434609527920613,0.04363323129985824,0.04014257279586958,0.024434609527920613,-0.03316125578789226,0.019198621771937624,0.024434609527920613,0.04014257279586958,41.6,41.6,40.1,40.1,40.5,41.0,41.800000000000004,42.6,41.5,42.800000000000004,43.5,43.300000000000004,42.1,41.2,42.1,43.1,41.0,39.300000000000004,40.6,40.5
400375.860488599,rj_dg_1_4,up,0.23511904761904762,0.12042771838760874,6.0,40.1,0.027925268031909273,-0.005235987755982989,0.026179938779914945,0.12042771838760874,-0.006981317007977318,0.010471975511965978,0.022689280275926284,0.03316125578789226,-0.020943951023931956,0.020943951023931956,0.03316125578789226,0.024434609527920613,-0.024434609527920613,0.04363323129985824,0.04014257279586958,0.024434609527920613,-0.029670597283903602,0.020943951023931956,0.024434609527920613,0.04014257279586958,41.6,41.6,40.1,40.1,40.5,41.0,41.800000000000004,42.6,41.5,42.800000000000004,43.5,43.300000000000004,42.1,41.2,42.1,43.1,41.0,39.300000000000004,40.6,40.5
400375.860702478,rj_dg_1_4,up,0.23809523809523808,0.12042771838760874,6.0,40.1,0.027925268031909273,-0.005235987755982989,0.026179938779914945,0.12042771838760874,-0.006981317007977318,0.010471975511965978,0.022689280275926284,0.03316125578789226,-0.020943951023931956,0.020943951023931956,0.03316125578789226,0.024434609527920613,-0.024434609527920613,0.04363323129985824,0.04014257279586958,0.024434609527920613,-0.029670597283903602,0.020943951023931956,0.024434609527920613,0.04014257279586958,41.6,41.6,40.1,40.1,40.5,41.0,41.800000000000004,42.6,41.5,42.800000000000004,43.5,43.300000000000004,42.1,41.2,42.1,43.1,41.0,39.300000000000004,40.6,40.5
400375.870595306,rj_dg_1_4,up,0.24107142857142858,0.12042771838760874,6.0,40.1,0.027925268031909273,-0.005235987755982989,0.026179938779914945,0.12042771838760874,-0.010471975511965978,0.010471975511965978,0.022689280275926284,0.03316125578789226,-0.020943951023931956,0.020943951023931956,0.03316125578789226,0.024434609527920613,-0.022689280275926284,0.04363323129985824,0.04014257279586958,0.026179938779914945,-0.03316125578789226,0.020943951023931956,0.024434609527920613,0.04014257279586958,41.6,41.6,40.1,40.1,40.5,41.0,41.800000000000004,42.6,41.5,42.800000000000004,43.5,43.300000000000004,42.1,41.2,42.1,43.1,41.0,39.300000000000004,40.6,40.5
400375.870823222,rj_dg_1_4,up,0.24404761904761904,0.12042771838760874,6.0,40.1,0.027925268031909273,-0.005235987755982989,0.026179938779914945,0.12042771838760874,-0.010471975511965978,0.010471975511965978,0.022689280275926284,0.03316125578789226,-0.020943951023931956,0.020943951023931956,0.03316125578789226,0.024434609527920613,-0.022689280275926284,0.04363323129985824,0.04014257279586958,0.026179938779914945,-0.03316125578789226,0.020943951023931956,0.024434609527920613,0.04014257279586958,41.6,41.6,40.1,40.1,40.5,41.0,41.800000000000004,42.6,41.5,42.800000000000004,43.5,43.300000000000004,42.1,41.2,42.1,43.1,41.0,39.300000000000004,40.6,40.5
400375.880548687,rj_dg_1_4,up,0.24702380952380953,0.12042771838760874,6.0,40.1,0.027925268031909273,-0.005235987755982989,0.026179938779914945,0.12042771838760874,-0.010471975511965978,0.010471975511965978,0.022689280275926284,0.03316125578789226,-0.020943951023931956,0.020943951023931956,0.03316125578789226,0.024434609527920613,-0.024434609527920613,0.04363323129985824,0.04014257279586958,0.024434609527920613,-0.03316125578789226,0.019198621771937624,0.024434609527920613,0.04014257279586958,41.6,41.6,40.1,40.1,40.5,41.0,41.800000000000004,42.6,41.5,42.800000000000004,43.5,43.300000000000004,42.1,41.2,42.1,43.1,41.0,39.300000000000004,40.6,40.5
400375.880796606,rj_dg_1_4,up,0.25,0.12042771838760874,6.0,40.1,0.027925268031909273,-0.005235987755982989,0.026179938779914945,0.12042771838760874,-0.010471975511965978,0.010471975511965978,0.022689280275926284,0.03316125578789226,-0.020943951023931956,0.020943951023931956,0.03316125578789226,0.024434609527920613,-0.024434609527920613,0.04363323129985824,0.04014257279586958,0.024434609527920613,-0.03316125578789226,0.019198621771937624,0.024434609527920613,0.04014257279586958,41.6,41.6,40.1,40.1,40.5,41.0,41.800000000000004,42.6,41.5,42.800000000000004,43.5,43.300000000000004,42.1,41.2,42.1,43.1,41.0,39.300000000000004,40.6,40.5
400375.891289474,rj_dg_1_4,up_hold,0.25,0.12042771838760874,6.0,40.1,0.027925268031909273,-0.005235987755982989,0.026179938779914945,0.12042771838760874,-0.010471975511965978,0.010471975511965978,0.022689280275926284,0.03316125578789226,-0.024434609527920613,0.020943951023931956,0.03316125578789226,0.024434609527920613,-0.024434609527920613,0.04363323129985824,0.04014257279586958,0.024434609527920613,-0.03316125578789226,0.020943951023931956,0.024434609527920613,0.04014257279586958,41.6,41.6,40.1,40.1,40.5,41.0,41.800000000000004,42.6,41.5,42.800000000000004,43.5,43.300000000000004,42.1,41.2,42.1,43.1,41.0,39.300000000000004,40.6,40.5
400375.891540859,rj_dg_1_4,up_hold,0.25,0.12042771838760874,6.0,40.1,0.027925268031909273,-0.005235987755982989,0.026179938779914945,0.12042771838760874,-0.010471975511965978,0.010471975511965978,0.022689280275926284,0.03316125578789226,-0.024434609527920613,0.020943951023931956,0.03316125578789226,0.024434609527920613,-0.024434609527920613,0.04363323129985824,0.04014257279586958,0.024434609527920613,-0.03316125578789226,0.020943951023931956,0.024434609527920613,0.04014257279586958,41.6,41.6,40.1,40.1,40.5,41.0,41.800000000000004,42.6,41.5,42.800000000000004,43.5,43.300000000000004,42.1,41.2,42.1,43.1,41.0,39.300000000000004,40.6,40.5
400375.900710487,rj_dg_1_4,up_hold,0.25,0.12042771838760874,6.0,40.1,0.027925268031909273,-0.005235987755982989,0.026179938779914945,0.12042771838760874,-0.010471975511965978,0.010471975511965978,0.022689280275926284,0.03316125578789226,-0.020943951023931956,0.020943951023931956,0.03316125578789226,0.024434609527920613,-0.024434609527920613,0.04014257279586958,0.04014257279586958,0.024434609527920613,-0.03316125578789226,0.019198621771937624,0.024434609527920613,0.04014257279586958,41.6,41.6,40.1,40.1,40.5,41.0,41.800000000000004,42.6,41.5,42.800000000000004,43.5,43.300000000000004,42.1,41.2,42.1,43.1,41.0,39.300000000000004,40.6,40.5
400375.90096113,rj_dg_1_4,up_hold,0.25,0.12042771838760874,6.0,40.1,0.027925268031909273,-0.005235987755982989,0.026179938779914945,0.12042771838760874,-0.010471975511965978,0.010471975511965978,0.022689280275926284,0.03316125578789226,-0.020943951023931956,0.020943951023931956,0.03316125578789226,0.024434609527920613,-0.024434609527920613,0.04014257279586958,0.04014257279586958,0.024434609527920613,-0.03316125578789226,0.019198621771937624,0.024434609527920613,0.04014257279586958,41.6,41.6,40.1,40.1,40.5,41.0,41.800000000000004,42.6,41.5,42.800000000000004,43.5,43.300000000000004,42.1,41.2,42.1,43.1,41.0,39.300000000000004,40.6,40.5
400375.910686988,rj_dg_1_4,up_hold,0.25,0.12042771838760874,6.0,40.1,0.027925268031909273,-0.005235987755982989,0.026179938779914945,0.12042771838760874,-0.010471975511965978,0.010471975511965978,0.022689280275926284,0.03316125578789226,-0.020943951023931956,0.020943951023931956,0.03316125578789226,0.024434609527920613,-0.022689280275926284,0.04363323129985824,0.04014257279586958,0.024434609527920613,-0.03316125578789226,0.019198621771937624,0.024434609527920613,0.04014257279586958,41.6,41.6,40.1,40.1,40.5,41.0,41.800000000000004,42.6,41.5,42.800000000000004,43.5,43.300000000000004,42.1,41.2,42.1,43.1,41.0,39.300000000000004,40.6,40.5
400375.910904289,rj_dg_1_4,up_hold,0.25,0.12042771838760874,6.0,40.1,0.027925268031909273,-0.005235987755982989,0.026179938779914945,0.12042771838760874,-0.010471975511965978,0.010471975511965978,0.022689280275926284,0.03316125578789226,-0.020943951023931956,0.020943951023931956,0.03316125578789226,0.024434609527920613,-0.022689280275926284,0.04363323129985824,0.04014257279586958,0.024434609527920613,-0.03316125578789226,0.019198621771937624,0.024434609527920613,0.04014257279586958,41.6,41.6,40.1,40.1,40.5,41.0,41.800000000000004,42.6,41.5,42.800000000000004,43.5,43.300000000000004,42.1,41.2,42.1,43.1,41.0,39.300000000000004,40.6,40.5
400375.920663671,rj_dg_1_4,up_hold,0.25,0.12042771838760874,6.0,40.1,0.027925268031909273,-0.005235987755982989,0.026179938779914945,0.12042771838760874,-0.010471975511965978,0.010471975511965978,0.022689280275926284,0.03316125578789226,-0.020943951023931956,0.020943951023931956,0.03316125578789226,0.024434609527920613,-0.022689280275926284,0.04363323129985824,0.04014257279586958,0.026179938779914945,-0.03316125578789226,0.019198621771937624,0.024434609527920613,0.04014257279586958,41.6,41.6,40.1,40.1,40.5,41.0,41.800000000000004,42.6,41.5,42.800000000000004,43.5,43.300000000000004,42.1,41.2,42.1,43.1,41.0,39.300000000000004,40.6,40.5
400375.92089896,rj_dg_1_4,up_hold,0.25,0.12042771838760874,6.0,40.1,0.027925268031909273,-0.005235987755982989,0.026179938779914945,0.12042771838760874,-0.010471975511965978,0.010471975511965978,0.022689280275926284,0.03316125578789226,-0.020943951023931956,0.020943951023931956,0.03316125578789226,0.024434609527920613,-0.022689280275926284,0.04363323129985824,0.04014257279586958,0.026179938779914945,-0.03316125578789226,0.019198621771937624,0.024434609527920613,0.04014257279586958,41.6,41.6,40.1,40.1,40.5,41.0,41.800000000000004,42.6,41.5,42.800000000000004,43.5,43.300000000000004,42.1,41.2,42.1,43.1,41.0,39.300000000000004,40.6,40.5
400375.93067293,rj_dg_1_4,up_hold,0.25,0.12042771838760874,6.0,40.1,0.027925268031909273,-0.005235987755982989,0.026179938779914945,0.12042771838760874,-0.010471975511965978,0.010471975511965978,0.022689280275926284,0.03316125578789226,-0.020943951023931956,0.020943951023931956,0.03316125578789226,0.024434609527920613,-0.024434609527920613,0.04363323129985824,0.04014257279586958,0.024434609527920613,-0.03316125578789226,0.019198621771937624,0.024434609527920613,0.04014257279586958,41.6,41.6,40.1,40.1,40.5,41.0,41.800000000000004,42.6,41.5,42.800000000000004,43.5,43.300000000000004,42.1,41.2,42.1,43.1,41.0,39.300000000000004,40.6,40.5
400375.93088364,rj_dg_1_4,up_hold,0.25,0.12042771838760874,6.0,40.1,0.027925268031909273,-0.005235987755982989,0.026179938779914945,0.12042771838760874,-0.010471975511965978,0.010471975511965978,0.022689280275926284,0.03316125578789226,-0.020943951023931956,0.020943951023931956,0.03316125578789226,0.024434609527920613,-0.024434609527920613,0.04363323129985824,0.04014257279586958,0.024434609527920613,-0.03316125578789226,0.019198621771937624,0.024434609527920613,0.04014257279586958,41.6,41.6,40.1,40.1,40.5,41.0,41.800000000000004,42.6,41.5,42.800000000000004,43.5,43.300000000000004,42.1,41.2,42.1,43.1,41.0,39.300000000000004,40.6,40.5
400375.940811397,rj_dg_1_4,up_hold,0.25,0.12042771838760874,43.0,40.1,0.027925268031909273,-0.005235987755982989,0.026179938779914945,0.12042771838760874,-0.010471975511965978,0.010471975511965978,0.022689280275926284,0.03316125578789226,-0.020943951023931956,0.020943951023931956,0.03316125578789226,0.024434609527920613,-0.024434609527920613,0.04363323129985824,0.04014257279586958,0.024434609527920613,-0.03316125578789226,0.020943951023931956,0.024434609527920613,0.04014257279586958,41.6,41.6,40.1,40.1,40.5,41.0,41.800000000000004,42.6,41.5,42.800000000000004,43.5,43.300000000000004,42.1,41.2,42.1,43.1,41.0,39.300000000000004,40.6,40.5
400375.941076491,rj_dg_1_4,up_hold,0.25,0.12042771838760874,43.0,40.1,0.027925268031909273,-0.005235987755982989,0.026179938779914945,0.12042771838760874,-0.010471975511965978,0.010471975511965978,0.022689280275926284,0.03316125578789226,-0.020943951023931956,0.020943951023931956,0.03316125578789226,0.024434609527920613,-0.024434609527920613,0.04363323129985824,0.04014257279586958,0.024434609527920613,-0.03316125578789226,0.020943951023931956,0.024434609527920613,0.04014257279586958,41.6,41.6,40.1,40.1,40.5,41.0,41.800000000000004,42.6,41.5,42.800000000000004,43.5,43.300000000000004,42.1,41.2,42.1,43.1,41.0,39.300000000000004,40.6,40.5
400375.950654826,rj_dg_1_4,up_hold,0.25,0.12042771838760874,43.0,40.1,0.027925268031909273,-0.005235987755982989,0.026179938779914945,0.12042771838760874,-0.010471975511965978,0.010471975511965978,0.022689280275926284,0.03316125578789226,-0.020943951023931956,0.020943951023931956,0.03316125578789226,0.024434609527920613,-0.022689280275926284,0.04363323129985824,0.04014257279586958,0.024434609527920613,-0.03316125578789226,0.020943951023931956,0.024434609527920613,0.04014257279586958,41.6,41.6,40.1,40.1,40.5,41.0,41.800000000000004,42.6,41.5,42.800000000000004,43.5,43.300000000000004,42.1,41.2,42.1,43.1,41.0,39.300000000000004,40.6,40.5
400375.950878864,rj_dg_1_4,up_hold,0.25,0.12042771838760874,43.0,40.1,0.027925268031909273,-0.005235987755982989,0.026179938779914945,0.12042771838760874,-0.010471975511965978,0.010471975511965978,0.022689280275926284,0.03316125578789226,-0.020943951023931956,0.020943951023931956,0.03316125578789226,0.024434609527920613,-0.022689280275926284,0.04363323129985824,0.04014257279586958,0.024434609527920613,-0.03316125578789226,0.020943951023931956,0.024434609527920613,0.04014257279586958,41.6,41.6,40.1,40.1,40.5,41.0,41.800000000000004,42.6,41.5,42.800000000000004,43.5,43.300000000000004,42.1,41.2,42.1,43.1,41.0,39.300000000000004,40.6,40.5
400375.960656765,rj_dg_1_4,up_hold,0.25,0.12042771838760874,43.0,40.1,0.027925268031909273,-0.005235987755982989,0.026179938779914945,0.12042771838760874,-0.010471975511965978,0.010471975511965978,0.022689280275926284,0.03316125578789226,-0.020943951023931956,0.020943951023931956,0.03316125578789226,0.020943951023931956,-0.022689280275926284,0.04363323129985824,0.04014257279586958,0.024434609527920613,-0.03316125578789226,0.019198621771937624,0.024434609527920613,0.04014257279586958,41.6,41.6,40.1,40.1,40.5,41.0,41.800000000000004,42.6,41.5,42.800000000000004,43.5,43.300000000000004,42.1,41.2,42.1,43.1,41.0,39.300000000000004,40.6,40.5
400375.960889598,rj_dg_1_4,up_hold,0.25,0.12042771838760874,43.0,40.1,0.027925268031909273,-0.005235987755982989,0.026179938779914945,0.12042771838760874,-0.010471975511965978,0.010471975511965978,0.022689280275926284,0.03316125578789226,-0.020943951023931956,0.020943951023931956,0.03316125578789226,0.020943951023931956,-0.022689280275926284,0.04363323129985824,0.04014257279586958,0.024434609527920613,-0.03316125578789226,0.019198621771937624,0.024434609527920613,0.04014257279586958,41.6,41.6,40.1,40.1,40.5,41.0,41.800000000000004,42.6,41.5,42.800000000000004,43.5,43.300000000000004,42.1,41.2,42.1,43.1,41.0,39.300000000000004,40.6,40.5
400375.970590683,rj_dg_1_4,up_hold,0.25,0.12042771838760874,43.0,40.1,0.027925268031909273,-0.005235987755982989,0.026179938779914945,0.12042771838760874,-0.010471975511965978,0.010471975511965978,0.022689280275926284,0.03316125578789226,-0.020943951023931956,0.020943951023931956,0.03316125578789226,0.024434609527920613,-0.022689280275926284,0.04363323129985824,0.04014257279586958,0.026179938779914945,-0.03316125578789226,0.020943951023931956,0.024434609527920613,0.04014257279586958,41.6,41.6,40.1,40.1,40.5,41.0,41.800000000000004,42.6,41.5,42.800000000000004,43.5,43.300000000000004,42.1,41.2,42.1,43.1,41.0,39.300000000000004,40.6,40.5
400375.97079974,rj_dg_1_4,up_hold,0.25,0.12042771838760874,43.0,40.1,0.027925268031909273,-0.005235987755982989,0.026179938779914945,0.12042771838760874,-0.010471975511965978,0.010471975511965978,0.022689280275926284,0.03316125578789226,-0.020943951023931956,0.020943951023931956,0.03316125578789226,0.024434609527920613,-0.022689280275926284,0.04363323129985824,0.04014257279586958,0.026179938779914945,-0.03316125578789226,0.020943951023931956,0.024434609527920613,0.04014257279586958,41.6,41.6,40.1,40.1,40.5,41.0,41.800000000000004,42.6,41.5,42.800000000000004,43.5,43.300000000000004,42.1,41.2,42.1,43.1,41.0,39.300000000000004,40.6,40.5
400375.980777163,rj_dg_1_4,up_hold,0.25,0.12042771838760874,43.0,40.1,0.027925268031909273,-0.005235987755982989,0.026179938779914945,0.12042771838760874,-0.010471975511965978,0.013962634015954637,0.022689280275926284,0.03316125578789226,-0.020943951023931956,0.020943951023931956,0.03316125578789226,0.024434609527920613,-0.024434609527920613,0.04014257279586958,0.04014257279586958,0.024434609527920613,-0.03316125578789226,0.020943951023931956,0.024434609527920613,0.04014257279586958,41.6,41.6,40.1,40.1,40.5,41.0,41.800000000000004,42.6,41.5,42.800000000000004,43.5,43.300000000000004,42.1,41.2,42.1,43.1,41.0,39.300000000000004,40.6,40.5
400375.981017794,rj_dg_1_4,up_hold,0.25,0.12042771838760874,43.0,40.1,0.027925268031909273,-0.005235987755982989,0.026179938779914945,0.12042771838760874,-0.010471975511965978,0.013962634015954637,0.022689280275926284,0.03316125578789226,-0.020943951023931956,0.020943951023931956,0.03316125578789226,0.024434609527920613,-0.024434609527920613,0.04014257279586958,0.04014257279586958,0.024434609527920613,-0.03316125578789226,0.020943951023931956,0.024434609527920613,0.04014257279586958,41.6,41.6,40.1,40.1,40.5,41.0,41.800000000000004,42.6,41.5,42.800000000000004,43.5,43.300000000000004,42.1,41.2,42.1,43.1,41.0,39.300000000000004,40.6,40.5
400375.990898855,rj_dg_1_4,up_hold,0.25,0.12042771838760874,43.0,40.1,0.027925268031909273,-0.005235987755982989,0.026179938779914945,0.12042771838760874,-0.010471975511965978,0.010471975511965978,0.022689280275926284,0.03316125578789226,-0.020943951023931956,0.020943951023931956,0.03316125578789226,0.024434609527920613,-0.022689280275926284,0.04363323129985824,0.04014257279586958,0.026179938779914945,-0.03316125578789226,0.020943951023931956,0.024434609527920613,0.04014257279586958,41.6,41.6,40.1,40.1,40.5,41.0,41.800000000000004,42.6,41.5,42.800000000000004,43.5,43.300000000000004,42.1,41.2,42.1,43.1,41.0,39.300000000000004,40.6,40.5
400375.991110006,rj_dg_1_4,up_hold,0.25,0.12042771838760874,43.0,40.1,0.027925268031909273,-0.005235987755982989,0.026179938779914945,0.12042771838760874,-0.010471975511965978,0.010471975511965978,0.022689280275926284,0.03316125578789226,-0.020943951023931956,0.020943951023931956,0.03316125578789226,0.024434609527920613,-0.022689280275926284,0.04363323129985824,0.04014257279586958,0.026179938779914945,-0.03316125578789226,0.020943951023931956,0.024434609527920613,0.04014257279586958,41.6,41.6,40.1,40.1,40.5,41.0,41.800000000000004,42.6,41.5,42.800000000000004,43.5,43.300000000000004,42.1,41.2,42.1,43.1,41.0,39.300000000000004,40.6,40.5
400376.000694051,rj_dg_1_4,up_hold,0.25,0.12042771838760874,43.0,40.1,0.027925268031909273,-0.005235987755982989,0.026179938779914945,0.12042771838760874,-0.010471975511965978,0.010471975511965978,0.022689280275926284,0.03316125578789226,-0.020943951023931956,0.020943951023931956,0.03316125578789226,0.024434609527920613,-0.022689280275926284,0.04363323129985824,0.04014257279586958,0.024434609527920613,-0.03316125578789226,0.019198621771937624,0.024434609527920613,0.04014257279586958,41.6,41.6,40.1,40.1,40.5,41.0,41.800000000000004,42.6,41.5,42.800000000000004,43.5,43.300000000000004,42.1,41.2,42.1,43.1,41.0,39.300000000000004,40.6,40.5
400376.000923227,rj_dg_1_4,up_hold,0.25,0.12042771838760874,43.0,40.1,0.027925268031909273,-0.005235987755982989,0.026179938779914945,0.12042771838760874,-0.010471975511965978,0.010471975511965978,0.022689280275926284,0.03316125578789226,-0.020943951023931956,0.020943951023931956,0.03316125578789226,0.024434609527920613,-0.022689280275926284,0.04363323129985824,0.04014257279586958,0.024434609527920613,-0.03316125578789226,0.019198621771937624,0.024434609527920613,0.04014257279586958,41.6,41.6,40.1,40.1,40.5,41.0,41.800000000000004,42.6,41.5,42.800000000000004,43.5,43.300000000000004,42.1,41.2,42.1,43.1,41.0,39.300000000000004,40.6,40.5
400376.010833415,rj_dg_1_4,up_hold,0.25,0.12042771838760874,43.0,40.1,0.027925268031909273,-0.0017453292519943296,0.026179938779914945,0.12042771838760874,-0.006981317007977318,0.010471975511965978,0.022689280275926284,0.03316125578789226,-0.020943951023931956,0.020943951023931956,0.03316125578789226,0.024434609527920613,-0.022689280275926284,0.04363323129985824,0.04014257279586958,0.024434609527920613,-0.03316125578789226,0.019198621771937624,0.024434609527920613,0.04014257279586958,41.6,41.6,40.1,40.1,40.5,41.0,41.800000000000004,42.6,41.5,42.800000000000004,43.5,43.300000000000004,42.1,41.2,42.1,43.1,41.0,39.300000000000004,40.6,40.5
400376.011061844,rj_dg_1_4,up_hold,0.25,0.12042771838760874,43.0,40.1,0.027925268031909273,-0.0017453292519943296,0.026179938779914945,0.12042771838760874,-0.006981317007977318,0.010471975511965978,0.022689280275926284,0.03316125578789226,-0.020943951023931956,0.020943951023931956,0.03316125578789226,0.024434609527920613,-0.022689280275926284,0.04363323129985824,0.04014257279586958,0.024434609527920613,-0.03316125578789226,0.019198621771937624,0.024434609527920613,0.04014257279586958,41.6,41.6,40.1,40.1,40.5,41.0,41.800000000000004,42.6,41.5,42.800000000000004,43.5,43.300000000000004,42.1,41.2,42.1,43.1,41.0,39.300000000000004,40.6,40.5
400376.020698836,rj_dg_1_4,up_hold,0.25,0.12042771838760874,43.0,40.1,0.027925268031909273,-0.005235987755982989,0.026179938779914945,0.12042771838760874,-0.010471975511965978,0.010471975511965978,0.022689280275926284,0.03316125578789226,-0.020943951023931956,0.020943951023931956,0.03316125578789226,0.024434609527920613,-0.022689280275926284,0.04363323129985824,0.04014257279586958,0.024434609527920613,-0.03316125578789226,0.020943951023931956,0.024434609527920613,0.04014257279586958,41.6,41.6,40.1,40.1,40.5,41.0,41.800000000000004,42.6,41.5,42.800000000000004,43.5,43.300000000000004,42.1,41.2,42.1,43.1,41.0,39.300000000000004,40.6,40.5
400376.020935466,rj_dg_1_4,up_hold,0.25,0.12042771838760874,43.0,40.1,0.027925268031909273,-0.005235987755982989,0.026179938779914945,0.12042771838760874,-0.010471975511965978,0.010471975511965978,0.022689280275926284,0.03316125578789226,-0.020943951023931956,0.020943951023931956,0.03316125578789226,0.024434609527920613,-0.022689280275926284,0.04363323129985824,0.04014257279586958,0.024434609527920613,-0.03316125578789226,0.020943951023931956,0.024434609527920613,0.04014257279586958,41.6,41.6,40.1,40.1,40.5,41.0,41.800000000000004,42.6,41.5,42.800000000000004,43.5,43.300000000000004,42.1,41.2,42.1,43.1,41.0,39.300000000000004,40.6,40.5
400376.030909815,rj_dg_1_4,up_hold,0.25,0.12042771838760874,43.0,40.1,0.027925268031909273,-0.005235987755982989,0.026179938779914945,0.12042771838760874,-0.010471975511965978,0.010471975511965978,0.022689280275926284,0.03316125578789226,-0.020943951023931956,0.020943951023931956,0.03316125578789226,0.024434609527920613,-0.022689280275926284,0.04363323129985824,0.04014257279586958,0.024434609527920613,-0.03316125578789226,0.020943951023931956,0.024434609527920613,0.04014257279586958,41.6,41.6,40.1,40.1,40.5,41.0,41.800000000000004,42.6,41.5,42.800000000000004,43.5,43.300000000000004,42.1,41.2,42.1,43.1,41.0,39.300000000000004,40.6,40.5
400376.031140064,rj_dg_1_4,up_hold,0.25,0.12042771838760874,43.0,40.1,0.027925268031909273,-0.005235987755982989,0.026179938779914945,0.12042771838760874,-0.010471975511965978,0.010471975511965978,0.022689280275926284,0.03316125578789226,-0.020943951023931956,0.020943951023931956,0.03316125578789226,0.024434609527920613,-0.022689280275926284,0.04363323129985824,0.04014257279586958,0.024434609527920613,-0.03316125578789226,0.020943951023931956,0.024434609527920613,0.04014257279586958,41.6,41.6,40.1,40.1,40.5,41.0,41.800000000000004,42.6,41.5,42.800000000000004,43.5,43.300000000000004,42.1,41.2,42.1,43.1,41.0,39.300000000000004,40.6,40.5
400376.040646252,rj_dg_1_4,up_hold,0.25,0.12042771838760874,43.0,40.1,0.027925268031909273,-0.005235987755982989,0.026179938779914945,0.12042771838760874,-0.010471975511965978,0.010471975511965978,0.022689280275926284,0.03316125578789226,-0.020943951023931956,0.020943951023931956,0.03316125578789226,0.024434609527920613,-0.022689280275926284,0.04363323129985824,0.04014257279586958,0.024434609527920613,-0.03316125578789226,0.019198621771937624,0.024434609527920613,0.04014257279586958,41.6,41.6,40.1,40.1,40.5,41.0,41.800000000000004,42.6,41.5,42.800000000000004,43.5,43.300000000000004,42.1,41.2,42.1,43.1,41.0,39.300000000000004,40.6,40.5
400376.040871446,rj_dg_1_4,up_hold,0.25,0.12042771838760874,43.0,40.1,0.027925268031909273,-0.005235987755982989,0.026179938779914945,0.12042771838760874,-0.010471975511965978,0.010471975511965978,0.022689280275926284,0.03316125578789226,-0.020943951023931956,0.020943951023931956,0.03316125578789226,0.024434609527920613,-0.022689280275926284,0.04363323129985824,0.04014257279586958,0.024434609527920613,-0.03316125578789226,0.019198621771937624,0.024434609527920613,0.04014257279586958,41.6,41.6,40.1,40.1,40.5,41.0,41.800000000000004,42.6,41.5,42.800000000000004,43.5,43.300000000000004,42.1,41.2,42.1,43.1,41.0,39.300000000000004,40.6,40.5
400376.050599623,rj_dg_1_4,up_hold,0.25,0.12042771838760874,43.0,40.1,0.027925268031909273,-0.005235987755982989,0.026179938779914945,0.12042771838760874,-0.010471975511965978,0.010471975511965978,0.022689280275926284,0.03316125578789226,-0.020943951023931956,0.020943951023931956,0.03316125578789226,0.020943951023931956,-0.022689280275926284,0.04363323129985824,0.04014257279586958,0.024434609527920613,-0.03316125578789226,0.020943951023931956,0.024434609527920613,0.04014257279586958,41.6,41.6,40.1,40.1,40.5,41.0,41.800000000000004,42.6,41.5,42.800000000000004,43.5,43.300000000000004,42.1,41.2,42.1,43.1,41.0,39.300000000000004,40.6,40.5
400376.050817803,rj_dg_1_4,up_hold,0.25,0.12042771838760874,43.0,40.1,0.027925268031909273,-0.005235987755982989,0.026179938779914945,0.12042771838760874,-0.010471975511965978,0.010471975511965978,0.022689280275926284,0.03316125578789226,-0.020943951023931956,0.020943951023931956,0.03316125578789226,0.020943951023931956,-0.022689280275926284,0.04363323129985824,0.04014257279586958,0.024434609527920613,-0.03316125578789226,0.020943951023931956,0.024434609527920613,0.04014257279586958,41.6,41.6,40.1,40.1,40.5,41.0,41.800000000000004,42.6,41.5,42.800000000000004,43.5,43.300000000000004,42.1,41.2,42.1,43.1,41.0,39.300000000000004,40.6,40.5
400376.060780818,rj_dg_1_4,up_hold,0.25,0.12042771838760874,43.0,40.1,0.024434609527920613,-0.005235987755982989,0.026179938779914945,0.12042771838760874,-0.010471975511965978,0.010471975511965978,0.026179938779914945,0.03316125578789226,-0.020943951023931956,0.022689280275926284,0.03316125578789226,0.024434609527920613,-0.024434609527920613,0.04363323129985824,0.04014257279586958,0.024434609527920613,-0.03316125578789226,0.020943951023931956,0.024434609527920613,0.04014257279586958,41.6,41.6,40.1,40.1,40.5,41.0,41.800000000000004,42.6,41.5,42.800000000000004,43.5,43.300000000000004,42.1,41.2,42.1,43.1,41.0,39.300000000000004,40.6,40.5
400376.061048955,rj_dg_1_4,up_hold,0.25,0.12042771838760874,43.0,40.1,0.024434609527920613,-0.005235987755982989,0.026179938779914945,0.12042771838760874,-0.010471975511965978,0.010471975511965978,0.026179938779914945,0.03316125578789226,-0.020943951023931956,0.022689280275926284,0.03316125578789226,0.024434609527920613,-0.024434609527920613,0.04363323129985824,0.04014257279586958,0.024434609527920613,-0.03316125578789226,0.020943951023931956,0.024434609527920613,0.04014257279586958,41.6,41.6,40.1,40.1,40.5,41.0,41.800000000000004,42.6,41.5,42.800000000000004,43.5,43.300000000000004,42.1,41.2,42.1,43.1,41.0,39.300000000000004,40.6,40.5
400376.070727505,rj_dg_1_4,up_hold,0.25,0.12042771838760874,62.0,40.1,0.027925268031909273,-0.005235987755982989,0.026179938779914945,0.12042771838760874,-0.010471975511965978,0.010471975511965978,0.022689280275926284,0.03316125578789226,-0.020943951023931956,0.022689280275926284,0.03316125578789226,0.024434609527920613,-0.024434609527920613,0.04363323129985824,0.04014257279586958,0.024434609527920613,-0.03316125578789226,0.020943951023931956,0.024434609527920613,0.04014257279586958,41.6,41.6,40.1,40.1,40.5,41.0,41.800000000000004,42.6,41.5,42.800000000000004,43.5,43.300000000000004,42.1,41.2,42.1,43.1,41.0,39.300000000000004,40.6,40.5
400376.070972554,rj_dg_1_4,up_hold,0.25,0.12042771838760874,62.0,40.1,0.027925268031909273,-0.005235987755982989,0.026179938779914945,0.12042771838760874,-0.010471975511965978,0.010471975511965978,0.022689280275926284,0.03316125578789226,-0.020943951023931956,0.022689280275926284,0.03316125578789226,0.024434609527920613,-0.024434609527920613,0.04363323129985824,0.04014257279586958,0.024434609527920613,-0.03316125578789226,0.020943951023931956,0.024434609527920613,0.04014257279586958,41.6,41.6,40.1,40.1,40.5,41.0,41.800000000000004,42.6,41.5,42.800000000000004,43.5,43.300000000000004,42.1,41.2,42.1,43.1,41.0,39.300000000000004,40.6,40.5
400376.081258908,rj_dg_1_4,up_hold,0.25,0.12042771838760874,62.0,40.1,0.027925268031909273,-0.005235987755982989,0.026179938779914945,0.12042771838760874,-0.010471975511965978,0.010471975511965978,0.022689280275926284,0.03316125578789226,-0.020943951023931956,0.022689280275926284,0.03316125578789226,0.024434609527920613,-0.022689280275926284,0.04014257279586958,0.04014257279586958,0.024434609527920613,-0.03316125578789226,0.020943951023931956,0.024434609527920613,0.04014257279586958,41.6,41.6,40.1,40.1,40.5,41.0,41.800000000000004,42.6,41.5,42.800000000000004,43.5,43.300000000000004,42.1,41.2,42.1,43.1,41.0,39.300000000000004,40.6,40.5
400376.08152366,rj_dg_1_4,up_hold,0.25,0.12042771838760874,62.0,40.1,0.027925268031909273,-0.005235987755982989,0.026179938779914945,0.12042771838760874,-0.010471975511965978,0.010471975511965978,0.022689280275926284,0.03316125578789226,-0.020943951023931956,0.022689280275926284,0.03316125578789226,0.024434609527920613,-0.022689280275926284,0.04014257279586958,0.04014257279586958,0.024434609527920613,-0.03316125578789226,0.020943951023931956,0.024434609527920613,0.04014257279586958,41.6,41.6,40.1,40.1,40.5,41.0,41.800000000000004,42.6,41.5,42.800000000000004,43.5,43.300000000000004,42.1,41.2,42.1,43.1,41.0,39.300000000000004,40.6,40.5
400376.090639976,rj_dg_1_4,up_hold,0.25,0.12042771838760874,62.0,40.1,0.027925268031909273,-0.005235987755982989,0.026179938779914945,0.12042771838760874,-0.010471975511965978,0.010471975511965978,0.022689280275926284,0.03316125578789226,-0.020943951023931956,0.022689280275926284,0.03316125578789226,0.024434609527920613,-0.024434609527920613,0.04363323129985824,0.04014257279586958,0.026179938779914945,-0.03316125578789226,0.020943951023931956,0.024434609527920613,0.04014257279586958,41.6,41.6,40.1,40.1,40.5,41.0,41.800000000000004,42.6,41.5,42.800000000000004,43.5,43.300000000000004,42.1,41.2,42.1,43.1,41.0,39.300000000000004,40.6,40.5
400376.090851672,rj_dg_1_4,up_hold,0.25,0.12042771838760874,62.0,40.1,0.027925268031909273,-0.005235987755982989,0.026179938779914945,0.12042771838760874,-0.010471975511965978,0.010471975511965978,0.022689280275926284,0.03316125578789226,-0.020943951023931956,0.022689280275926284,0.03316125578789226,0.024434609527920613,-0.024434609527920613,0.04363323129985824,0.04014257279586958,0.026179938779914945,-0.03316125578789226,0.020943951023931956,0.024434609527920613,0.04014257279586958,41.6,41.6,40.1,40.1,40.5,41.0,41.800000000000004,42.6,41.5,42.800000000000004,43.5,43.300000000000004,42.1,41.2,42.1,43.1,41.0,39.300000000000004,40.6,40.5
400376.100951621,rj_dg_1_4,up_hold,0.25,0.12042771838760874,62.0,40.1,0.027925268031909273,-0.005235987755982989,0.026179938779914945,0.12042771838760874,-0.010471975511965978,0.010471975511965978,0.022689280275926284,0.03316125578789226,-0.020943951023931956,0.022689280275926284,0.03316125578789226,0.024434609527920613,-0.022689280275926284,0.04363323129985824,0.04014257279586958,0.024434609527920613,-0.03316125578789226,0.020943951023931956,0.026179938779914945,0.04014257279586958,41.6,41.6,40.1,40.1,40.5,41.0,41.800000000000004,42.6,41.5,42.800000000000004,43.5,43.300000000000004,42.1,41.2,42.1,43.1,41.0,39.300000000000004,40.6,40.5
400376.1011845,rj_dg_1_4,up_hold,0.25,0.12042771838760874,62.0,40.1,0.027925268031909273,-0.005235987755982989,0.026179938779914945,0.12042771838760874,-0.010471975511965978,0.010471975511965978,0.022689280275926284,0.03316125578789226,-0.020943951023931956,0.022689280275926284,0.03316125578789226,0.024434609527920613,-0.022689280275926284,0.04363323129985824,0.04014257279586958,0.024434609527920613,-0.03316125578789226,0.020943951023931956,0.026179938779914945,0.04014257279586958,41.6,41.6,40.1,40.1,40.5,41.0,41.800000000000004,42.6,41.5,42.800000000000004,43.5,43.300000000000004,42.1,41.2,42.1,43.1,41.0,39.300000000000004,40.6,40.5
400376.11089242,rj_dg_1_4,up_hold,0.25,0.12042771838760874,62.0,40.1,0.024434609527920613,-0.005235987755982989,0.026179938779914945,0.12042771838760874,-0.010471975511965978,0.010471975511965978,0.022689280275926284,0.03316125578789226,-0.020943951023931956,0.022689280275926284,0.03316125578789226,0.024434609527920613,-0.022689280275926284,0.04363323129985824,0.04014257279586958,0.024434609527920613,-0.03316125578789226,0.020943951023931956,0.024434609527920613,0.04014257279586958,41.6,41.6,40.1,40.1,40.5,41.0,41.800000000000004,42.6,41.5,42.800000000000004,43.5,43.300000000000004,42.1,41.2,42.1,43.1,41.0,39.300000000000004,40.6,40.5
400376.111109651,rj_dg_1_4,up_hold,0.25,0.12042771838760874,62.0,40.1,0.024434609527920613,-0.005235987755982989,0.026179938779914945,0.12042771838760874,-0.010471975511965978,0.010471975511965978,0.022689280275926284,0.03316125578789226,-0.020943951023931956,0.022689280275926284,0.03316125578789226,0.024434609527920613,-0.022689280275926284,0.04363323129985824,0.04014257279586958,0.024434609527920613,-0.03316125578789226,0.020943951023931956,0.024434609527920613,0.04014257279586958,41.6,41.6,40.1,40.1,40.5,41.0,41.800000000000004,42.6,41.5,42.800000000000004,43.5,43.300000000000004,42.1,41.2,42.1,43.1,41.0,39.300000000000004,40.6,40.5
400376.120750836,rj_dg_1_4,up_hold,0.25,0.12042771838760874,62.0,40.1,0.024434609527920613,-0.005235987755982989,0.026179938779914945,0.12042771838760874,-0.010471975511965978,0.010471975511965978,0.022689280275926284,0.03316125578789226,-0.020943951023931956,0.022689280275926284,0.03316125578789226,0.024434609527920613,-0.022689280275926284,0.04363323129985824,0.04014257279586958,0.026179938779914945,-0.03316125578789226,0.020943951023931956,0.024434609527920613,0.04014257279586958,41.6,41.6,40.1,40.1,40.5,41.0,41.800000000000004,42.6,41.5,42.800000000000004,43.5,43.300000000000004,42.1,41.2,42.1,43.1,41.0,39.300000000000004,40.6,40.5
400376.120987275,rj_dg_1_4,up_hold,0.25,0.12042771838760874,62.0,40.1,0.024434609527920613,-0.005235987755982989,0.026179938779914945,0.12042771838760874,-0.010471975511965978,0.010471975511965978,0.022689280275926284,0.03316125578789226,-0.020943951023931956,0.022689280275926284,0.03316125578789226,0.024434609527920613,-0.022689280275926284,0.04363323129985824,0.04014257279586958,0.026179938779914945,-0.03316125578789226,0.020943951023931956,0.024434609527920613,0.04014257279586958,41.6,41.6,40.1,40.1,40.5,41.0,41.800000000000004,42.6,41.5,42.800000000000004,43.5,43.300000000000004,42.1,41.2,42.1,43.1,41.0,39.300000000000004,40.6,40.5
400376.130773063,rj_dg_1_4,up_hold,0.25,0.12042771838760874,62.0,40.1,0.024434609527920613,-0.005235987755982989,0.026179938779914945,0.12042771838760874,-0.010471975511965978,0.010471975511965978,0.022689280275926284,0.03316125578789226,-0.020943951023931956,0.022689280275926284,0.03316125578789226,0.024434609527920613,-0.022689280275926284,0.04363323129985824,0.04014257279586958,0.024434609527920613,-0.03316125578789226,0.020943951023931956,0.024434609527920613,0.04014257279586958,41.6,41.6,40.1,40.1,40.5,41.0,41.800000000000004,42.6,41.5,42.800000000000004,43.5,43.300000000000004,42.1,41.2,42.1,43.1,41.0,39.300000000000004,40.6,40.5
400376.130983027,rj_dg_1_4,up_hold,0.25,0.12042771838760874,62.0,40.1,0.024434609527920613,-0.005235987755982989,0.026179938779914945,0.12042771838760874,-0.010471975511965978,0.010471975511965978,0.022689280275926284,0.03316125578789226,-0.020943951023931956,0.022689280275926284,0.03316125578789226,0.024434609527920613,-0.022689280275926284,0.04363323129985824,0.04014257279586958,0.024434609527920613,-0.03316125578789226,0.020943951023931956,0.024434609527920613,0.04014257279586958,41.6,41.6,40.1,40.1,40.5,41.0,41.800000000000004,42.6,41.5,42.800000000000004,43.5,43.300000000000004,42.1,41.2,42.1,43.1,41.0,39.300000000000004,40.6,40.5
400376.141150122,rj_dg_1_4,down,0.2470059880239521,0.12042771838760874,62.0,40.1,0.024434609527920613,-0.005235987755982989,0.026179938779914945,0.12042771838760874,-0.010471975511965978,0.010471975511965978,0.022689280275926284,0.03316125578789226,-0.020943951023931956,0.022689280275926284,0.03316125578789226,0.024434609527920613,-0.022689280275926284,0.04363323129985824,0.04363323129985824,0.024434609527920613,-0.03316125578789226,0.020943951023931956,0.024434609527920613,0.04014257279586958,41.6,41.6,40.1,40.1,40.5,41.0,41.800000000000004,42.6,41.5,42.800000000000004,43.5,43.300000000000004,42.1,41.2,42.1,43.1,41.0,39.300000000000004,40.6,40.5
400376.141442619,rj_dg_1_4,down,0.2440119760479042,0.12042771838760874,62.0,40.1,0.024434609527920613,-0.005235987755982989,0.026179938779914945,0.12042771838760874,-0.010471975511965978,0.010471975511965978,0.022689280275926284,0.03316125578789226,-0.020943951023931956,0.022689280275926284,0.03316125578789226,0.024434609527920613,-0.022689280275926284,0.04363323129985824,0.04363323129985824,0.024434609527920613,-0.03316125578789226,0.020943951023931956,0.024434609527920613,0.04014257279586958,41.6,41.6,40.1,40.1,40.5,41.0,41.800000000000004,42.6,41.5,42.800000000000004,43.5,43.300000000000004,42.1,41.2,42.1,43.1,41.0,39.300000000000004,40.6,40.5
400376.150607871,rj_dg_1_4,down,0.2410179640718563,0.12042771838760874,62.0,40.1,0.027925268031909273,-0.005235987755982989,0.026179938779914945,0.12042771838760874,-0.010471975511965978,0.010471975511965978,0.022689280275926284,0.03316125578789226,-0.020943951023931956,0.022689280275926284,0.03316125578789226,0.024434609527920613,-0.024434609527920613,0.04363323129985824,0.04014257279586958,0.026179938779914945,-0.03316125578789226,0.019198621771937624,0.024434609527920613,0.04014257279586958,41.6,41.6,40.1,40.1,40.5,41.0,41.800000000000004,42.6,41.5,42.800000000000004,43.5,43.300000000000004,42.1,41.2,42.1,43.1,41.0,39.300000000000004,40.6,40.5
400376.150893817,rj_dg_1_4,down,0.23802395209580837,0.12042771838760874,62.0,40.1,0.027925268031909273,-0.005235987755982989,0.026179938779914945,0.12042771838760874,-0.010471975511965978,0.010471975511965978,0.022689280275926284,0.03316125578789226,-0.020943951023931956,0.022689280275926284,0.03316125578789226,0.024434609527920613,-0.024434609527920613,0.04363323129985824,0.04014257279586958,0.026179938779914945,-0.03316125578789226,0.019198621771937624,0.024434609527920613,0.04014257279586958,41.6,41.6,40.1,40.1,40.5,41.0,41.800000000000004,42.6,41.5,42.800000000000004,43.5,43.300000000000004,42.1,41.2,42.1,43.1,41.0,39.300000000000004,40.6,40.5
400376.1606042,rj_dg_1_4,down,0.23502994011976047,0.12042771838760874,62.0,40.1,0.024434609527920613,-0.005235987755982989,0.026179938779914945,0.12042771838760874,-0.010471975511965978,0.013962634015954637,0.022689280275926284,0.03316125578789226,-0.020943951023931956,0.022689280275926284,0.03316125578789226,0.024434609527920613,-0.024434609527920613,0.04363323129985824,0.04014257279586958,0.024434609527920613,-0.03316125578789226,0.019198621771937624,0.024434609527920613,0.04014257279586958,41.6,41.6,40.1,40.1,40.5,41.0,41.800000000000004,42.6,41.5,42.800000000000004,43.5,43.300000000000004,42.1,41.2,42.1,43.1,41.0,39.300000000000004,40.6,40.5
400376.160882586,rj_dg_1_4,down,0.23203592814371257,0.12042771838760874,62.0,40.1,0.024434609527920613,-0.005235987755982989,0.026179938779914945,0.12042771838760874,-0.010471975511965978,0.013962634015954637,0.022689280275926284,0.03316125578789226,-0.020943951023931956,0.022689280275926284,0.03316125578789226,0.024434609527920613,-0.024434609527920613,0.04363323129985824,0.04014257279586958,0.024434609527920613,-0.03316125578789226,0.019198621771937624,0.024434609527920613,0.04014257279586958,41.6,41.6,40.1,40.1,40.5,41.0,41.800000000000004,42.6,41.5,42.800000000000004,43.5,43.300000000000004,42.1,41.2,42.1,43.1,41.0,39.300000000000004,40.6,40.5
400376.17083098,rj_dg_1_4,down,0.22904191616766467,0.12042771838760874,62.0,40.1,0.027925268031909273,-0.005235987755982989,0.026179938779914945,0.12042771838760874,-0.010471975511965978,0.010471975511965978,0.022689280275926284,0.03316125578789226,-0.020943951023931956,0.022689280275926284,0.03316125578789226,0.024434609527920613,-0.024434609527920613,0.04363323129985824,0.04014257279586958,0.024434609527920613,-0.03316125578789226,0.019198621771937624,0.024434609527920613,0.04014257279586958,41.6,41.6,40.1,40.1,40.5,41.0,41.800000000000004,42.6,41.5,42.800000000000004,43.5,43.300000000000004,42.1,41.2,42.1,43.1,41.0,39.300000000000004,40.6,40.5
400376.171068735,rj_dg_1_4,down,0.22604790419161677,0.12042771838760874,62.0,40.1,0.027925268031909273,-0.005235987755982989,0.026179938779914945,0.12042771838760874,-0.010471975511965978,0.010471975511965978,0.022689280275926284,0.03316125578789226,-0.020943951023931956,0.022689280275926284,0.03316125578789226,0.024434609527920613,-0.024434609527920613,0.04363323129985824,0.04014257279586958,0.024434609527920613,-0.03316125578789226,0.019198621771937624,0.024434609527920613,0.04014257279586958,41.6,41.6,40.1,40.1,40.5,41.0,41.800000000000004,42.6,41.5,42.800000000000004,43.5,43.300000000000004,42.1,41.2,42.1,43.1,41.0,39.300000000000004,40.6,40.5
400376.180716175,rj_dg_1_4,down,0.22305389221556887,0.12042771838760874,62.0,40.1,0.024434609527920613,-0.005235987755982989,0.026179938779914945,0.12042771838760874,-0.010471975511965978,0.010471975511965978,0.022689280275926284,0.03316125578789226,-0.020943951023931956,0.022689280275926284,0.03316125578789226,0.024434609527920613,-0.024434609527920613,0.04363323129985824,0.04014257279586958,0.024434609527920613,-0.03316125578789226,0.019198621771937624,0.024434609527920613,0.04014257279586958,41.6,41.6,40.1,40.1,40.5,41.0,41.800000000000004,42.6,41.5,42.800000000000004,43.5,43.300000000000004,42.1,41.2,42.1,43.1,41.0,39.300000000000004,40.6,40.5
400376.181171335,rj_dg_1_4,down,0.22005988023952094,0.12042771838760874,62.0,40.1,0.024434609527920613,-0.005235987755982989,0.026179938779914945,0.12042771838760874,-0.010471975511965978,0.010471975511965978,0.022689280275926284,0.03316125578789226,-0.020943951023931956,0.022689280275926284,0.03316125578789226,0.024434609527920613,-0.024434609527920613,0.04363323129985824,0.04014257279586958,0.024434609527920613,-0.03316125578789226,0.019198621771937624,0.024434609527920613,0.04014257279586958,41.6,41.6,40.1,40.1,40.5,41.0,41.800000000000004,42.6,41.5,42.800000000000004,43.5,43.300000000000004,42.1,41.2,42.1,43.1,41.0,39.300000000000004,40.6,40.5
400376.19098564,rj_dg_1_4,down,0.21706586826347304,0.12042771838760874,62.0,40.1,0.027925268031909273,-0.005235987755982989,0.026179938779914945,0.12042771838760874,-0.010471975511965978,0.010471975511965978,0.026179938779914945,0.03316125578789226,-0.020943951023931956,0.022689280275926284,0.03316125578789226,0.024434609527920613,-0.024434609527920613,0.04363323129985824,0.04014257279586958,0.024434609527920613,-0.03316125578789226,0.019198621771937624,0.024434609527920613,0.04014257279586958,41.6,41.6,40.1,40.1,40.5,41.0,41.800000000000004,42.6,41.5,42.800000000000004,43.5,43.300000000000004,42.1,41.2,42.1,43.1,41.0,39.300000000000004,40.6,40.5
400376.191296451,rj_dg_1_4,down,0.21407185628742514,0.12042771838760874,62.0,40.1,0.027925268031909273,-0.005235987755982989,0.026179938779914945,0.12042771838760874,-0.010471975511965978,0.010471975511965978,0.026179938779914945,0.03316125578789226,-0.020943951023931956,0.022689280275926284,0.03316125578789226,0.024434609527920613,-0.024434609527920613,0.04363323129985824,0.04014257279586958,0.024434609527920613,-0.03316125578789226,0.019198621771937624,0.024434609527920613,0.04014257279586958,41.6,41.6,40.1,40.1,40.5,41.0,41.800000000000004,42.6,41.5,42.800000000000004,43.5,43.300000000000004,42.1,41.2,42.1,43.1,41.0,39.300000000000004,40.6,40.5
400376.200616496,rj_dg_1_4,down,0.21107784431137724,0.12042771838760874,62.0,40.1,0.024434609527920613,-0.005235987755982989,0.026179938779914945,0.12042771838760874,-0.010471975511965978,0.010471975511965978,0.022689280275926284,0.03316125578789226,-0.024434609527920613,0.022689280275926284,0.03316125578789226,0.024434609527920613,-0.024434609527920613,0.04014257279586958,0.04363323129985824,0.024434609527920613,-0.03316125578789226,0.020943951023931956,0.024434609527920613,0.04014257279586958,41.6,41.6,40.1,40.1,40.5,41.0,41.800000000000004,42.6,41.5,42.800000000000004,43.5,43.300000000000004,42.1,41.2,42.1,43.1,41.0,39.300000000000004,40.6,40.5
400376.200949301,rj_dg_1_4,down,0.20808383233532934,0.12042771838760874,62.0,40.1,0.024434609527920613,-0.005235987755982989,0.026179938779914945,0.12042771838760874,-0.010471975511965978,0.010471975511965978,0.022689280275926284,0.03316125578789226,-0.024434609527920613,0.022689280275926284,0.03316125578789226,0.024434609527920613,-0.024434609527920613,0.04014257279586958,0.04363323129985824,0.024434609527920613,-0.03316125578789226,0.020943951023931956,0.024434609527920613,0.04014257279586958,41.6,41.6,40.1,40.1,40.5,41.0,41.800000000000004,42.6,41.5,42.800000000000004,43.5,43.300000000000004,42.1,41.2,42.1,43.1,41.0,39.300000000000004,40.6,40.5
400376.210698247,rj_dg_1_4,down,0.20508982035928144,0.12042771838760874,62.0,40.1,0.024434609527920613,-0.005235987755982989,0.026179938779914945,0.12042771838760874,-0.010471975511965978,0.010471975511965978,0.022689280275926284,0.03316125578789226,-0.024434609527920613,0.022689280275926284,0.03316125578789226,0.024434609527920613,-0.024434609527920613,0.04014257279586958,0.04363323129985824,0.024434609527920613,-0.03316125578789226,0.020943951023931956,0.024434609527920613,0.04014257279586958,41.6,41.6,40.1,40.1,40.5,41.0,41.800000000000004,42.6,41.5,42.800000000000004,43.5,43.300000000000004,42.1,41.2,42.1,43.1,41.0,39.300000000000004,40.6,40.5
400376.210995066,rj_dg_1_4,down,0.20209580838323354,0.12042771838760874,57.0,40.1,0.024434609527920613,-0.005235987755982989,0.026179938779914945,0.12042771838760874,-0.010471975511965978,0.010471975511965978,0.022689280275926284,0.03316125578789226,-0.020943951023931956,0.022689280275926284,0.03316125578789226,0.024434609527920613,-0.024434609527920613,0.04363323129985824,0.04014257279586958,0.024434609527920613,-0.03316125578789226,0.020943951023931956,0.024434609527920613,0.04014257279586958,41.6,41.6,40.1,40.1,40.5,41.0,41.800000000000004,42.6,41.5,42.800000000000004,43.5,43.300000000000004,42.1,41.2,42.1,43.1,41.0,39.300000000000004,40.6,40.5
400376.220837731,rj_dg_1_4,down,0.19910179640718562,0.12042771838760874,57.0,40.1,0.027925268031909273,-0.005235987755982989,0.026179938779914945,0.12042771838760874,-0.010471975511965978,0.010471975511965978,0.022689280275926284,0.03316125578789226,-0.020943951023931956,0.022689280275926284,0.03316125578789226,0.024434609527920613,-0.024434609527920613,0.04363323129985824,0.04014257279586958,0.024434609527920613,-0.03316125578789226,0.020943951023931956,0.024434609527920613,0.04014257279586958,41.6,41.6,40.1,40.1,40.5,41.0,41.800000000000004,42.6,41.5,42.800000000000004,43.5,43.300000000000004,42.1,41.2,42.1,43.1,41.0,39.300000000000004,40.6,40.5
400376.221285473,rj_dg_1_4,down,0.19610778443113772,0.12042771838760874,57.0,40.1,0.027925268031909273,-0.005235987755982989,0.026179938779914945,0.12042771838760874,-0.010471975511965978,0.010471975511965978,0.022689280275926284,0.03316125578789226,-0.020943951023931956,0.022689280275926284,0.03316125578789226,0.024434609527920613,-0.024434609527920613,0.04363323129985824,0.04014257279586958,0.024434609527920613,-0.03316125578789226,0.020943951023931956,0.024434609527920613,0.04014257279586958,41.6,41.6,40.1,40.1,40.5,41.0,41.800000000000004,42.6,41.5,42.800000000000004,43.5,43.300000000000004,42.1,41.2,42.1,43.1,41.0,39.300000000000004,40.6,40.5
400376.230543813,rj_dg_1_4,down,0.19311377245508982,0.12042771838760874,57.0,40.1,0.027925268031909273,-0.005235987755982989,0.026179938779914945,0.12042771838760874,-0.010471975511965978,0.010471975511965978,0.022689280275926284,0.03316125578789226,-0.020943951023931956,0.022689280275926284,0.03316125578789226,0.024434609527920613,-0.022689280275926284,0.04363323129985824,0.04014257279586958,0.024434609527920613,-0.03316125578789226,0.019198621771937624,0.024434609527920613,0.04014257279586958,41.6,41.6,40.1,40.1,40.5,41.0,41.800000000000004,42.6,41.5,42.800000000000004,43.5,43.300000000000004,42.1,41.2,42.1,43.1,41.0,39.300000000000004,40.6,40.5
400376.230796762,rj_dg_1_4,down,0.19011976047904192,0.12042771838760874,57.0,40.1,0.027925268031909273,-0.005235987755982989,0.026179938779914945,0.12042771838760874,-0.010471975511965978,0.010471975511965978,0.022689280275926284,0.03316125578789226,-0.020943951023931956,0.022689280275926284,0.03316125578789226,0.024434609527920613,-0.022689280275926284,0.04363323129985824,0.04014257279586958,0.024434609527920613,-0.03316125578789226,0.019198621771937624,0.024434609527920613,0.04014257279586958,41.6,41.6,40.1,40.1,40.5,41.0,41.800000000000004,42.6,41.5,42.800000000000004,43.5,43.300000000000004,42.1,41.2,42.1,43.1,41.0,39.300000000000004,40.6,40.5
400376.240690029,rj_dg_1_4,down,0.18712574850299402,0.12042771838760874,57.0,40.1,0.027925268031909273,-0.005235987755982989,0.026179938779914945,0.12042771838760874,-0.010471975511965978,0.010471975511965978,0.022689280275926284,0.03316125578789226,-0.020943951023931956,0.022689280275926284,0.03316125578789226,0.024434609527920613,-0.024434609527920613,0.04363323129985824,0.04014257279586958,0.024434609527920613,-0.03316125578789226,0.019198621771937624,0.024434609527920613,0.04014257279586958,41.6,41.6,40.1,40.1,40.5,41.0,41.800000000000004,42.6,41.5,42.800000000000004,43.5,43.300000000000004,42.1,41.2,42.1,43.1,41.0,39.300000000000004,40.6,40.5
400376.241015061,rj_dg_1_4,down,0.1841317365269461,0.12042771838760874,57.0,40.1,0.027925268031909273,-0.005235987755982989,0.026179938779914945,0.12042771838760874,-0.010471975511965978,0.010471975511965978,0.022689280275926284,0.03316125578789226,-0.020943951023931956,0.022689280275926284,0.03316125578789226,0.024434609527920613,-0.024434609527920613,0.04363323129985824,0.04014257279586958,0.024434609527920613,-0.03316125578789226,0.019198621771937624,0.024434609527920613,0.04014257279586958,41.6,41.6,40.1,40.1,40.5,41.0,41.800000000000004,42.6,41.5,42.800000000000004,43.5,43.300000000000004,42.1,41.2,42.1,43.1,41.0,39.300000000000004,40.6,40.5
400376.25066588,rj_dg_1_4,down,0.18113772455089822,0.12042771838760874,57.0,40.1,0.027925268031909273,-0.005235987755982989,0.026179938779914945,0.12042771838760874,-0.010471975511965978,0.010471975511965978,0.022689280275926284,0.03316125578789226,-0.020943951023931956,0.022689280275926284,0.03316125578789226,0.024434609527920613,-0.022689280275926284,0.04363323129985824,0.04014257279586958,0.024434609527920613,-0.03316125578789226,0.019198621771937624,0.024434609527920613,0.04014257279586958,41.6,41.6,40.1,40.1,40.5,41.0,41.800000000000004,42.6,41.5,42.800000000000004,43.5,43.300000000000004,42.1,41.2,42.1,43.1,41.0,39.300000000000004,40.6,40.5
400376.250931534,rj_dg_1_4,down,0.1781437125748503,0.12042771838760874,57.0,40.1,0.027925268031909273,-0.005235987755982989,0.026179938779914945,0.12042771838760874,-0.010471975511965978,0.010471975511965978,0.022689280275926284,0.03316125578789226,-0.020943951023931956,0.022689280275926284,0.03316125578789226,0.024434609527920613,-0.022689280275926284,0.04363323129985824,0.04014257279586958,0.024434609527920613,-0.03316125578789226,0.019198621771937624,0.024434609527920613,0.04014257279586958,41.6,41.6,40.1,40.1,40.5,41.0,41.800000000000004,42.6,41.5,42.800000000000004,43.5,43.300000000000004,42.1,41.2,42.1,43.1,41.0,39.300000000000004,40.6,40.5
400376.260633995,rj_dg_1_4,down,0.17514970059880242,0.12042771838760874,57.0,40.1,0.027925268031909273,-0.005235987755982989,0.026179938779914945,0.12042771838760874,-0.010471975511965978,0.010471975511965978,0.022689280275926284,0.03316125578789226,-0.020943951023931956,0.022689280275926284,0.03316125578789226,0.024434609527920613,-0.024434609527920613,0.04014257279586958,0.04014257279586958,0.026179938779914945,-0.03316125578789226,0.019198621771937624,0.024434609527920613,0.04014257279586958,41.6,41.6,40.1,40.1,40.5,41.0,41.800000000000004,42.6,41.5,42.800000000000004,43.5,43.300000000000004,42.1,41.2,42.1,43.1,41.0,39.300000000000004,40.6,40.5
400376.260969052,rj_dg_1_4,down,0.1721556886227545,0.12042771838760874,57.0,40.1,0.027925268031909273,-0.005235987755982989,0.026179938779914945,0.12042771838760874,-0.010471975511965978,0.010471975511965978,0.022689280275926284,0.03316125578789226,-0.020943951023931956,0.022689280275926284,0.03316125578789226,0.024434609527920613,-0.024434609527920613,0.04014257279586958,0.04014257279586958,0.026179938779914945,-0.03316125578789226,0.019198621771937624,0.024434609527920613,0.04014257279586958,41.6,41.6,40.1,40.1,40.5,41.0,41.800000000000004,42.6,41.5,42.800000000000004,43.5,43.300000000000004,42.1,41.2,42.1,43.1,41.0,39.300000000000004,40.6,40.5
400376.270659598,rj_dg_1_4,down,0.1691616766467066,0.12042771838760874,57.0,40.1,0.027925268031909273,-0.0017453292519943296,0.026179938779914945,0.12042771838760874,-0.010471975511965978,0.010471975511965978,0.022689280275926284,0.03316125578789226,-0.020943951023931956,0.022689280275926284,0.03316125578789226,0.024434609527920613,-0.024434609527920613,0.04363323129985824,0.04014257279586958,0.024434609527920613,-0.029670597283903602,0.020943951023931956,0.024434609527920613,0.03665191429188092,41.6,41.6,40.1,40.1,40.5,41.0,41.800000000000004,42.6,41.5,42.800000000000004,43.5,43.300000000000004,42.1,41.2,42.1,43.1,41.0,39.300000000000004,40.6,40.5
400376.270913558,rj_dg_1_4,down,0.1661676646706587,0.12042771838760874,57.0,40.1,0.027925268031909273,-0.0017453292519943296,0.026179938779914945,0.12042771838760874,-0.010471975511965978,0.010471975511965978,0.022689280275926284,0.03316125578789226,-0.020943951023931956,0.022689280275926284,0.03316125578789226,0.024434609527920613,-0.024434609527920613,0.04363323129985824,0.04014257279586958,0.024434609527920613,-0.029670597283903602,0.020943951023931956,0.024434609527920613,0.03665191429188092,41.6,41.6,40.1,40.1,40.5,41.0,41.800000000000004,42.6,41.5,42.800000000000004,43.5,43.300000000000004,42.1,41.2,42.1,43.1,41.0,39.300000000000004,40.6,40.5
400376.280890719,rj_dg_1_4,down,0.16317365269461076,0.12042771838760874,57.0,40.1,0.027925268031909273,-0.0017453292519943296,0.026179938779914945,0.12042771838760874,-0.010471975511965978,0.010471975511965978,0.022689280275926284,0.03316125578789226,-0.020943951023931956,0.022689280275926284,0.03316125578789226,0.024434609527920613,-0.024434609527920613,0.04363323129985824,0.04014257279586958,0.024434609527920613,-0.029670597283903602,0.020943951023931956,0.024434609527920613,0.03665191429188092,41.6,41.6,40.1,40.1,40.5,41.0,41.800000000000004,42.6,41.5,42.800000000000004,43.5,43.300000000000004,42.1,41.2,42.1,43.1,41.0,39.300000000000004,40.6,40.5
400376.281168629,rj_dg_1_4,down,0.1601796407185629,0.12042771838760874,57.0,40.1,0.027925268031909273,-0.005235987755982989,0.026179938779914945,0.12042771838760874,-0.010471975511965978,0.010471975511965978,0.022689280275926284,0.03316125578789226,-0.020943951023931956,0.022689280275926284,0.03316125578789226,0.024434609527920613,-0.024434609527920613,0.04363323129985824,0.04014257279586958,0.024434609527920613,-0.03316125578789226,0.019198621771937624,0.024434609527920613,0.04014257279586958,41.6,41.6,40.1,40.1,40.5,41.0,41.800000000000004,42.6,41.5,42.800000000000004,43.5,43.300000000000004,42.1,41.2,42.1,43.1,41.0,39.300000000000004,40.6,40.5
400376.290886544,rj_dg_1_4,down,0.15718562874251496,0.12042771838760874,57.0,40.1,0.027925268031909273,-0.005235987755982989,0.026179938779914945,0.12042771838760874,-0.010471975511965978,0.010471975511965978,0.022689280275926284,0.03316125578789226,-0.020943951023931956,0.022689280275926284,0.03316125578789226,0.024434609527920613,-0.024434609527920613,0.04363323129985824,0.04014257279586958,0.024434609527920613,-0.03316125578789226,0.019198621771937624,0.024434609527920613,0.04014257279586958,41.6,41.6,40.1,40.1,40.5,41.0,41.800000000000004,42.6,41.5,42.800000000000004,43.5,43.300000000000004,42.1,41.2,42.1,43.1,41.0,39.300000000000004,40.6,40.5
400376.291105553,rj_dg_1_4,down,0.15419161676646706,0.12042771838760874,57.0,40.1,0.027925268031909273,-0.005235987755982989,0.026179938779914945,0.12042771838760874,-0.010471975511965978,0.010471975511965978,0.022689280275926284,0.03316125578789226,-0.020943951023931956,0.022689280275926284,0.03316125578789226,0.024434609527920613,-0.022689280275926284,0.04363323129985824,0.04014257279586958,0.024434609527920613,-0.03316125578789226,0.020943951023931956,0.024434609527920613,0.04014257279586958,41.6,41.6,40.1,40.1,40.5,41.0,41.800000000000004,42.6,41.5,42.800000000000004,43.5,43.300000000000004,42.1,41.2,42.1,43.1,41.0,39.300000000000004,40.6,40.5
400376.300655872,rj_dg_1_4,down,0.15119760479041916,0.12042771838760874,57.0,40.1,0.027925268031909273,-0.005235987755982989,0.026179938779914945,0.12042771838760874,-0.010471975511965978,0.010471975511965978,0.022689280275926284,0.03316125578789226,-0.020943951023931956,0.022689280275926284,0.03316125578789226,0.024434609527920613,-0.024434609527920613,0.04363323129985824,0.04014257279586958,0.024434609527920613,-0.03316125578789226,0.020943951023931956,0.024434609527920613,0.04014257279586958,41.6,41.6,40.1,40.1,40.5,41.0,41.800000000000004,42.6,41.5,42.800000000000004,43.5,43.300000000000004,42.1,41.2,42.1,43.1,41.0,39.300000000000004,40.6,40.5
400376.300902244,rj_dg_1_4,down,0.14820359281437126,0.12042771838760874,57.0,40.1,0.027925268031909273,-0.005235987755982989,0.026179938779914945,0.12042771838760874,-0.010471975511965978,0.010471975511965978,0.022689280275926284,0.03316125578789226,-0.020943951023931956,0.022689280275926284,0.03316125578789226,0.024434609527920613,-0.024434609527920613,0.04363323129985824,0.04014257279586958,0.024434609527920613,-0.03316125578789226,0.020943951023931956,0.024434609527920613,0.04014257279586958,41.6,41.6,40.1,40.1,40.5,41.0,41.800000000000004,42.6,41.5,42.800000000000004,43.5,43.300000000000004,42.1,41.2,42.1,43.1,41.0,39.300000000000004,40.6,40.5
400376.310822685,rj_dg_1_4,down,0.14520958083832336,0.12042771838760874,57.0,40.1,0.027925268031909273,-0.005235987755982989,0.026179938779914945,0.12042771838760874,-0.010471975511965978,0.010471975511965978,0.022689280275926284,0.03316125578789226,-0.020943951023931956,0.022689280275926284,0.03316125578789226,0.024434609527920613,-0.022689280275926284,0.04363323129985824,0.04014257279586958,0.024434609527920613,-0.03316125578789226,0.020943951023931956,0.024434609527920613,0.04014257279586958,41.6,41.6,40.1,40.1,40.5,41.0,41.800000000000004,42.6,41.5,42.800000000000004,43.5,43.300000000000004,42.1,41.2,42.1,43.1,41.0,39.300000000000004,40.6,40.5
400376.311077066,rj_dg_1_4,down,0.14221556886227543,0.12042771838760874,57.0,40.1,0.027925268031909273,-0.005235987755982989,0.026179938779914945,0.12042771838760874,-0.010471975511965978,0.010471975511965978,0.022689280275926284,0.03316125578789226,-0.020943951023931956,0.022689280275926284,0.03316125578789226,0.024434609527920613,-0.022689280275926284,0.04363323129985824,0.04014257279586958,0.024434609527920613,-0.03316125578789226,0.020943951023931956,0.024434609527920613,0.04014257279586958,41.6,41.6,40.1,40.1,40.5,41.0,41.800000000000004,42.6,41.5,42.800000000000004,43.5,43.300000000000004,42.1,41.2,42.1,43.1,41.0,39.300000000000004,40.6,40.5
400376.320719495,rj_dg_1_4,down,0.13922155688622756,0.12042771838760874,57.0,40.1,0.027925268031909273,-0.005235987755982989,0.026179938779914945,0.12042771838760874,-0.010471975511965978,0.010471975511965978,0.022689280275926284,0.03316125578789226,-0.020943951023931956,0.022689280275926284,0.03316125578789226,0.024434609527920613,-0.022689280275926284,0.04363323129985824,0.04014257279586958,0.024434609527920613,-0.03316125578789226,0.020943951023931956,0.024434609527920613,0.04014257279586958,41.6,41.6,40.1,40.1,40.5,41.0,41.800000000000004,42.6,41.5,42.800000000000004,43.5,43.300000000000004,42.1,41.2,42.1,43.1,41.0,39.300000000000004,40.6,40.5
400376.321344282,rj_dg_1_4,down,0.13622754491017963,0.12042771838760874,57.0,40.1,0.027925268031909273,-0.005235987755982989,0.026179938779914945,0.12042771838760874,-0.010471975511965978,0.010471975511965978,0.022689280275926284,0.03316125578789226,-0.020943951023931956,0.022689280275926284,0.03316125578789226,0.024434609527920613,-0.024434609527920613,0.04363323129985824,0.04014257279586958,0.024434609527920613,-0.03316125578789226,0.020943951023931956,0.024434609527920613,0.04014257279586958,41.6,41.6,40.1,40.1,40.5,41.0,41.800000000000004,42.6,41.5,42.800000000000004,43.5,43.300000000000004,42.1,41.2,42.1,43.1,41.0,39.300000000000004,40.6,40.5
400376.330669876,rj_dg_1_4,down,0.13323353293413173,0.12042771838760874,57.0,40.1,0.027925268031909273,-0.005235987755982989,0.026179938779914945,0.12042771838760874,-0.010471975511965978,0.010471975511965978,0.022689280275926284,0.03316125578789226,-0.020943951023931956,0.022689280275926284,0.031415926535897934,0.024434609527920613,-0.022689280275926284,0.04363323129985824,0.04014257279586958,0.024434609527920613,-0.029670597283903602,0.020943951023931956,0.024434609527920613,0.04014257279586958,41.6,41.6,40.1,40.1,40.5,41.0,41.800000000000004,42.6,41.5,42.800000000000004,43.5,43.300000000000004,42.1,41.2,42.1,43.1,41.0,39.300000000000004,40.6,40.5
400376.330956068,rj_dg_1_4,down,0.13023952095808383,0.12042771838760874,57.0,40.1,0.027925268031909273,-0.005235987755982989,0.026179938779914945,0.12042771838760874,-0.010471975511965978,0.010471975511965978,0.022689280275926284,0.03316125578789226,-0.020943951023931956,0.022689280275926284,0.031415926535897934,0.024434609527920613,-0.022689280275926284,0.04363323129985824,0.04014257279586958,0.024434609527920613,-0.029670597283903602,0.020943951023931956,0.024434609527920613,0.04014257279586958,41.6,41.6,40.1,40.1,40.5,41.0,41.800000000000004,42.6,41.5,42.800000000000004,43.5,43.300000000000004,42.1,41.2,42.1,43.1,41.0,39.300000000000004,40.6,40.5
400376.341151728,rj_dg_1_4,down,0.12724550898203593,0.12042771838760874,13.0,40.1,0.027925268031909273,-0.005235987755982989,0.026179938779914945,0.12042771838760874,-0.010471975511965978,0.010471975511965978,0.022689280275926284,0.03316125578789226,-0.020943951023931956,0.022689280275926284,0.031415926535897934,0.024434609527920613,-0.024434609527920613,0.04363323129985824,0.04014257279586958,0.024434609527920613,-0.03316125578789226,0.019198621771937624,0.024434609527920613,0.04014257279586958,41.6,41.6,40.1,40.1,40.5,41.0,41.800000000000004,42.6,41.5,42.800000000000004,43.5,43.300000000000004,42.1,41.2,42.1,43.1,41.0,39.300000000000004,40.6,40.5
400376.341401031,rj_dg_1_4,down,0.12425149700598803,0.12042771838760874,13.0,40.1,0.027925268031909273,-0.005235987755982989,0.026179938779914945,0.12042771838760874,-0.010471975511965978,0.010471975511965978,0.022689280275926284,0.03316125578789226,-0.020943951023931956,0.022689280275926284,0.031415926535897934,0.024434609527920613,-0.024434609527920613,0.04363323129985824,0.04014257279586958,0.024434609527920613,-0.03316125578789226,0.019198621771937624,0.024434609527920613,0.04014257279586958,41.6,41.6,40.1,40.1,40.5,41.0,41.800000000000004,42.6,41.5,42.800000000000004,43.5,43.300000000000004,42.1,41.2,42.1,43.1,41.0,39.300000000000004,40.6,40.5
400376.350544929,rj_dg_1_4,down,0.12125748502994013,0.12042771838760874,13.0,40.1,0.027925268031909273,-0.005235987755982989,0.026179938779914945,0.12042771838760874,-0.010471975511965978,0.010471975511965978,0.022689280275926284,0.03316125578789226,-0.020943951023931956,0.022689280275926284,0.031415926535897934,0.024434609527920613,-0.022689280275926284,0.04363323129985824,0.04014257279586958,0.024434609527920613,-0.03316125578789226,0.020943951023931956,0.024434609527920613,0.04014257279586958,41.6,41.6,40.1,40.1,40.5,41.0,41.800000000000004,42.6,41.5,42.800000000000004,43.5,43.300000000000004,42.1,41.2,42.1,43.1,41.0,39.300000000000004,40.6,40.5
400376.350734871,rj_dg_1_4,down,0.1182634730538922,0.12042771838760874,13.0,40.1,0.027925268031909273,-0.005235987755982989,0.026179938779914945,0.12042771838760874,-0.010471975511965978,0.010471975511965978,0.022689280275926284,0.03316125578789226,-0.020943951023931956,0.022689280275926284,0.031415926535897934,0.024434609527920613,-0.022689280275926284,0.04363323129985824,0.04014257279586958,0.024434609527920613,-0.03316125578789226,0.020943951023931956,0.024434609527920613,0.04014257279586958,41.6,41.6,40.1,40.1,40.5,41.0,41.800000000000004,42.6,41.5,42.800000000000004,43.5,43.300000000000004,42.1,41.2,42.1,43.1,41.0,39.300000000000004,40.6,40.5
400376.360478075,rj_dg_1_4,down,0.1152694610778443,0.12042771838760874,13.0,40.1,0.024434609527920613,-0.005235987755982989,0.026179938779914945,0.12042771838760874,-0.010471975511965978,0.010471975511965978,0.022689280275926284,0.03316125578789226,-0.020943951023931956,0.022689280275926284,0.031415926535897934,0.024434609527920613,-0.024434609527920613,0.04363323129985824,0.04014257279586958,0.026179938779914945,-0.03316125578789226,0.019198621771937624,0.024434609527920613,0.04014257279586958,41.6,41.6,40.1,40.1,40.5,41.0,41.800000000000004,42.6,41.5,42.800000000000004,43.5,43.300000000000004,42.1,41.2,42.1,43.1,41.0,39.300000000000004,40.6,40.5
400376.360817966,rj_dg_1_4,down,0.1122754491017964,0.12042771838760874,13.0,40.1,0.024434609527920613,-0.005235987755982989,0.026179938779914945,0.12042771838760874,-0.010471975511965978,0.010471975511965978,0.022689280275926284,0.03316125578789226,-0.020943951023931956,0.022689280275926284,0.031415926535897934,0.024434609527920613,-0.024434609527920613,0.04363323129985824,0.04014257279586958,0.026179938779914945,-0.03316125578789226,0.019198621771937624,0.024434609527920613,0.04014257279586958,41.6,41.6,40.1,40.1,40.5,41.0,41.800000000000004,42.6,41.5,42.800000000000004,43.5,43.300000000000004,42.1,41.2,42.1,43.1,41.0,39.300000000000004,40.6,40.5
400376.370540386,rj_dg_1_4,down,0.1092814371257485,0.12042771838760874,13.0,40.1,0.027925268031909273,-0.005235987755982989,0.026179938779914945,0.12042771838760874,-0.010471975511965978,0.010471975511965978,0.022689280275926284,0.03316125578789226,-0.020943951023931956,0.022689280275926284,0.031415926535897934,0.024434609527920613,-0.024434609527920613,0.04363323129985824,0.04014257279586958,0.024434609527920613,-0.03316125578789226,0.020943951023931956,0.024434609527920613,0.04014257279586958,41.6,41.6,40.1,40.1,40.5,41.0,41.800000000000004,42.6,41.5,42.800000000000004,43.5,43.300000000000004,42.1,41.2,42.1,43.1,41.0,39.300000000000004,40.6,40.5
400376.370719763,rj_dg_1_4,down,0.1062874251497006,0.12042771838760874,13.0,40.1,0.027925268031909273,-0.005235987755982989,0.026179938779914945,0.12042771838760874,-0.010471975511965978,0.010471975511965978,0.022689280275926284,0.03316125578789226,-0.020943951023931956,0.022689280275926284,0.031415926535897934,0.024434609527920613,-0.024434609527920613,0.04363323129985824,0.04014257279586958,0.024434609527920613,-0.03316125578789226,0.020943951023931956,0.024434609527920613,0.04014257279586958,41.6,41.6,40.1,40.1,40.5,41.0,41.800000000000004,42.6,41.5,42.800000000000004,43.5,43.300000000000004,42.1,41.2,42.1,43.1,41.0,39.300000000000004,40.6,40.5
400376.380996987,rj_dg_1_4,down,0.1032934131736527,0.12042771838760874,13.0,40.1,0.027925268031909273,-0.005235987755982989,0.026179938779914945,0.12042771838760874,-0.010471975511965978,0.010471975511965978,0.022689280275926284,0.03316125578789226,-0.020943951023931956,0.022689280275926284,0.031415926535897934,0.024434609527920613,-0.022689280275926284,0.04363323129985824,0.04014257279586958,0.024434609527920613,-0.029670597283903602,0.020943951023931956,0.024434609527920613,0.04014257279586958,41.6,41.6,40.1,40.1,40.5,41.0,41.800000000000004,42.6,41.5,42.800000000000004,43.5,43.300000000000004,42.1,41.2,42.1,43.1,41.0,39.300000000000004,40.6,40.5
400376.381370771,rj_dg_1_4,down,0.1002994011976048,0.12042771838760874,13.0,40.1,0.027925268031909273,-0.005235987755982989,0.026179938779914945,0.12042771838760874,-0.010471975511965978,0.010471975511965978,0.022689280275926284,0.03316125578789226,-0.020943951023931956,0.022689280275926284,0.031415926535897934,0.024434609527920613,-0.022689280275926284,0.04363323129985824,0.04014257279586958,0.024434609527920613,-0.029670597283903602,0.020943951023931956,0.024434609527920613,0.04014257279586958,41.6,41.6,40.1,40.1,40.5,41.0,41.800000000000004,42.6,41.5,42.800000000000004,43.5,43.300000000000004,42.1,41.2,42.1,43.1,41.0,39.300000000000004,40.6,40.5
400376.39052697,rj_dg_1_4,down,0.09730538922155688,0.12042771838760874,13.0,40.1,0.024434609527920613,-0.005235987755982989,0.026179938779914945,0.12042771838760874,-0.010471975511965978,0.010471975511965978,0.022689280275926284,0.03316125578789226,-0.020943951023931956,0.022689280275926284,0.031415926535897934,0.024434609527920613,-0.022689280275926284,0.04363323129985824,0.04014257279586958,0.024434609527920613,-0.03316125578789226,0.020943951023931956,0.024434609527920613,0.03665191429188092,41.6,41.6,40.1,40.1,40.5,41.0,41.800000000000004,42.6,41.5,42.800000000000004,43.5,43.300000000000004,42.1,41.2,42.1,43.1,41.0,39.300000000000004,40.6,40.5
400376.390788623,rj_dg_1_4,down,0.09431137724550898,0.12042771838760874,13.0,40.1,0.024434609527920613,-0.005235987755982989,0.026179938779914945,0.12042771838760874,-0.010471975511965978,0.010471975511965978,0.022689280275926284,0.03316125578789226,-0.020943951023931956,0.022689280275926284,0.031415926535897934,0.024434609527920613,-0.022689280275926284,0.04363323129985824,0.04014257279586958,0.024434609527920613,-0.03316125578789226,0.020943951023931956,0.024434609527920613,0.03665191429188092,41.6,41.6,40.1,40.1,40.5,41.0,41.800000000000004,42.6,41.5,42.800000000000004,43.5,43.300000000000004,42.1,41.2,42.1,43.1,41.0,39.300000000000004,40.6,40.5
400376.401341358,rj_dg_1_4,down,0.09131736526946108,0.12042771838760874,13.0,40.1,0.027925268031909273,-0.005235987755982989,0.026179938779914945,0.12042771838760874,-0.010471975511965978,0.010471975511965978,0.022689280275926284,0.03316125578789226,-0.020943951023931956,0.022689280275926284,0.031415926535897934,0.024434609527920613,-0.024434609527920613,0.04363323129985824,0.04014257279586958,0.024434609527920613,-0.03316125578789226,0.019198621771937624,0.024434609527920613,0.04014257279586958,41.6,41.6,40.1,40.1,40.5,41.0,41.800000000000004,42.6,41.5,42.800000000000004,43.5,43.300000000000004,42.1,41.2,42.1,43.1,41.0,39.300000000000004,40.6,40.5
400376.40164674,rj_dg_1_4,down,0.08832335329341318,0.12042771838760874,13.0,40.1,0.027925268031909273,-0.005235987755982989,0.026179938779914945,0.12042771838760874,-0.010471975511965978,0.010471975511965978,0.022689280275926284,0.03316125578789226,-0.020943951023931956,0.022689280275926284,0.031415926535897934,0.024434609527920613,-0.024434609527920613,0.04363323129985824,0.04014257279586958,0.024434609527920613,-0.03316125578789226,0.019198621771937624,0.024434609527920613,0.04014257279586958,41.6,41.6,40.1,40.1,40.5,41.0,41.800000000000004,42.6,41.5,42.800000000000004,43.5,43.300000000000004,42.1,41.2,42.1,43.1,41.0,39.300000000000004,40.6,40.5
400376.411099001,rj_dg_1_4,down,0.08532934131736528,0.11868238913561441,13.0,40.1,0.027925268031909273,-0.005235987755982989,0.026179938779914945,0.11868238913561441,-0.006981317007977318,0.010471975511965978,0.022689280275926284,0.03316125578789226,-0.020943951023931956,0.022689280275926284,0.031415926535897934,0.024434609527920613,-0.024434609527920613,0.04363323129985824,0.04014257279586958,0.024434609527920613,-0.03316125578789226,0.020943951023931956,0.024434609527920613,0.04014257279586958,41.6,41.6,40.1,40.1,40.5,41.0,41.800000000000004,42.6,41.5,42.800000000000004,43.5,43.300000000000004,42.1,41.2,42.1,43.1,41.0,39.300000000000004,40.6,40.5
400376.411324734,rj_dg_1_4,down,0.08233532934131738,0.11868238913561441,13.0,40.1,0.027925268031909273,-0.005235987755982989,0.026179938779914945,0.11868238913561441,-0.006981317007977318,0.010471975511965978,0.022689280275926284,0.03316125578789226,-0.020943951023931956,0.022689280275926284,0.031415926535897934,0.024434609527920613,-0.024434609527920613,0.04363323129985824,0.04014257279586958,0.024434609527920613,-0.03316125578789226,0.020943951023931956,0.024434609527920613,0.04014257279586958,41.6,41.6,40.1,40.1,40.5,41.0,41.800000000000004,42.6,41.5,42.800000000000004,43.5,43.300000000000004,42.1,41.2,42.1,43.1,41.0,39.300000000000004,40.6,40.5
400376.420841449,rj_dg_1_4,down,0.07934131736526945,0.11868238913561441,13.0,40.1,0.027925268031909273,-0.005235987755982989,0.026179938779914945,0.11868238913561441,-0.010471975511965978,0.010471975511965978,0.022689280275926284,0.03316125578789226,-0.020943951023931956,0.022689280275926284,0.031415926535897934,0.024434609527920613,-0.022689280275926284,0.04363323129985824,0.04014257279586958,0.024434609527920613,-0.03316125578789226,0.019198621771937624,0.024434609527920613,0.04014257279586958,41.6,41.6,40.1,40.1,40.5,41.0,41.800000000000004,42.6,41.5,42.800000000000004,43.5,43.300000000000004,42.1,41.2,42.1,43.1,41.0,39.300000000000004,40.6,40.5
400376.421108137,rj_dg_1_4,down,0.07634730538922155,0.11868238913561441,13.0,40.1,0.027925268031909273,-0.005235987755982989,0.026179938779914945,0.11868238913561441,-0.010471975511965978,0.010471975511965978,0.022689280275926284,0.03316125578789226,-0.020943951023931956,0.022689280275926284,0.031415926535897934,0.024434609527920613,-0.022689280275926284,0.04363323129985824,0.04014257279586958,0.024434609527920613,-0.03316125578789226,0.019198621771937624,0.024434609527920613,0.04014257279586958,41.6,41.6,40.1,40.1,40.5,41.0,41.800000000000004,42.6,41.5,42.800000000000004,43.5,43.300000000000004,42.1,41.2,42.1,43.1,41.0,39.300000000000004,40.6,40.5
400376.430548774,rj_dg_1_4,down,0.07335329341317365,0.12217304763960307,13.0,40.1,0.027925268031909273,-0.005235987755982989,0.026179938779914945,0.12217304763960307,-0.010471975511965978,0.010471975511965978,0.022689280275926284,0.03316125578789226,-0.020943951023931956,0.022689280275926284,0.031415926535897934,0.024434609527920613,-0.024434609527920613,0.04363323129985824,0.04014257279586958,0.024434609527920613,-0.03316125578789226,0.019198621771937624,0.024434609527920613,0.04014257279586958,41.6,41.6,40.1,40.1,40.5,41.0,41.800000000000004,42.6,41.5,42.800000000000004,43.5,43.300000000000004,42.1,41.2,42.1,43.1,41.0,39.300000000000004,40.6,40.5
400376.430740985,rj_dg_1_4,down,0.07035928143712575,0.12217304763960307,13.0,40.1,0.027925268031909273,-0.005235987755982989,0.026179938779914945,0.12217304763960307,-0.010471975511965978,0.010471975511965978,0.022689280275926284,0.03316125578789226,-0.020943951023931956,0.022689280275926284,0.031415926535897934,0.024434609527920613,-0.024434609527920613,0.04363323129985824,0.04014257279586958,0.024434609527920613,-0.03316125578789226,0.019198621771937624,0.024434609527920613,0.04014257279586958,41.6,41.6,40.1,40.1,40.5,41.0,41.800000000000004,42.6,41.5,42.800000000000004,43.5,43.300000000000004,42.1,41.2,42.1,43.1,41.0,39.300000000000004,40.6,40.5
400376.440633314,rj_dg_1_4,down,0.06736526946107785,0.12217304763960307,13.0,40.1,0.027925268031909273,-0.005235987755982989,0.026179938779914945,0.12217304763960307,-0.010471975511965978,0.010471975511965978,0.022689280275926284,0.03316125578789226,-0.020943951023931956,0.022689280275926284,0.031415926535897934,0.024434609527920613,-0.024434609527920613,0.04363323129985824,0.04014257279586958,0.024434609527920613,-0.03316125578789226,0.020943951023931956,0.024434609527920613,0.04014257279586958,41.6,41.6,40.1,40.1,40.5,41.0,41.800000000000004,42.6,41.5,42.800000000000004,43.5,43.300000000000004,42.1,41.2,42.1,43.1,41.0,39.300000000000004,40.6,40.5
400376.440879885,rj_dg_1_4,down,0.06437125748502995,0.12217304763960307,13.0,40.1,0.027925268031909273,-0.005235987755982989,0.026179938779914945,0.12217304763960307,-0.010471975511965978,0.010471975511965978,0.022689280275926284,0.03316125578789226,-0.020943951023931956,0.022689280275926284,0.031415926535897934,0.024434609527920613,-0.024434609527920613,0.04363323129985824,0.04014257279586958,0.024434609527920613,-0.03316125578789226,0.020943951023931956,0.024434609527920613,0.04014257279586958,41.6,41.6,40.1,40.1,40.5,41.0,41.800000000000004,42.6,41.5,42.800000000000004,43.5,43.300000000000004,42.1,41.2,42.1,43.1,41.0,39.300000000000004,40.6,40.5
400376.450581884,rj_dg_1_4,down,0.06137724550898205,0.12217304763960307,13.0,40.1,0.027925268031909273,-0.005235987755982989,0.026179938779914945,0.12217304763960307,-0.010471975511965978,0.010471975511965978,0.022689280275926284,0.03316125578789226,-0.020943951023931956,0.022689280275926284,0.031415926535897934,0.024434609527920613,-0.024434609527920613,0.04363323129985824,0.04014257279586958,0.026179938779914945,-0.03316125578789226,0.020943951023931956,0.026179938779914945,0.04014257279586958,41.6,41.6,40.1,40.1,40.5,41.0,41.800000000000004,42.6,41.5,42.800000000000004,43.5,43.300000000000004,42.1,41.2,42.1,43.1,41.0,39.300000000000004,40.6,40.5
400376.450780178,rj_dg_1_4,down,0.05838323353293412,0.12217304763960307,13.0,40.1,0.027925268031909273,-0.005235987755982989,0.026179938779914945,0.12217304763960307,-0.010471975511965978,0.010471975511965978,0.022689280275926284,0.03316125578789226,-0.020943951023931956,0.022689280275926284,0.031415926535897934,0.024434609527920613,-0.024434609527920613,0.04363323129985824,0.04014257279586958,0.026179938779914945,-0.03316125578789226,0.020943951023931956,0.026179938779914945,0.04014257279586958,41.6,41.6,40.1,40.1,40.5,41.0,41.800000000000004,42.6,41.5,42.800000000000004,43.5,43.300000000000004,42.1,41.2,42.1,43.1,41.0,39.300000000000004,40.6,40.5
400376.461237234,rj_dg_1_4,down,0.05538922155688622,0.11693705988362008,13.0,40.1,0.027925268031909273,-0.005235987755982989,0.026179938779914945,0.11693705988362008,-0.010471975511965978,0.010471975511965978,0.022689280275926284,0.03316125578789226,-0.020943951023931956,0.022689280275926284,0.031415926535897934,0.024434609527920613,-0.024434609527920613,0.04363323129985824,0.04014257279586958,0.024434609527920613,-0.03316125578789226,0.020943951023931956,0.024434609527920613,0.04014257279586958,41.6,41.6,40.1,40.1,40.5,41.0,41.800000000000004,42.6,41.5,42.800000000000004,43.5,43.300000000000004,42.1,41.2,42.1,43.1,41.0,39.300000000000004,40.6,40.5
400376.461578595,rj_dg_1_4,down,0.05239520958083832,0.11693705988362008,13.0,40.1,0.027925268031909273,-0.005235987755982989,0.026179938779914945,0.11693705988362008,-0.010471975511965978,0.010471975511965978,0.022689280275926284,0.03316125578789226,-0.020943951023931956,0.022689280275926284,0.031415926535897934,0.024434609527920613,-0.024434609527920613,0.04363323129985824,0.04014257279586958,0.024434609527920613,-0.03316125578789226,0.020943951023931956,0.024434609527920613,0.04014257279586958,41.6,41.6,40.1,40.1,40.5,41.0,41.800000000000004,42.6,41.5,42.800000000000004,43.5,43.300000000000004,42.1,41.2,42.1,43.1,41.0,39.300000000000004,40.6,40.5
400376.471319772,rj_dg_1_4,down,0.04940119760479042,0.10297442586766545,13.0,40.1,0.027925268031909273,-0.005235987755982989,0.026179938779914945,0.10297442586766545,-0.010471975511965978,0.013962634015954637,0.022689280275926284,0.03316125578789226,-0.020943951023931956,0.022689280275926284,0.03316125578789226,0.024434609527920613,-0.024434609527920613,0.04363323129985824,0.04014257279586958,0.024434609527920613,-0.03316125578789226,0.019198621771937624,0.024434609527920613,0.04014257279586958,41.6,41.6,40.1,40.1,40.5,41.0,41.800000000000004,42.6,41.5,42.800000000000004,43.5,43.300000000000004,42.1,41.2,42.1,43.1,41.0,39.300000000000004,40.6,40.5
400376.471633568,rj_dg_1_4,down,0.04640718562874252,0.10297442586766545,13.0,40.1,0.027925268031909273,-0.005235987755982989,0.026179938779914945,0.10297442586766545,-0.010471975511965978,0.013962634015954637,0.022689280275926284,0.03316125578789226,-0.020943951023931956,0.022689280275926284,0.03316125578789226,0.024434609527920613,-0.024434609527920613,0.04363323129985824,0.04014257279586958,0.024434609527920613,-0.03316125578789226,0.019198621771937624,0.024434609527920613,0.04014257279586958,41.6,41.6,40.1,40.1,40.5,41.0,41.800000000000004,42.6,41.5,42.800000000000004,43.5,43.300000000000004,42.1,41.2,42.1,43.1,41.0,39.300000000000004,40.6,40.5
400376.480678183,rj_dg_1_4,down,0.04341317365269462,0.10297442586766545,2.0,40.1,0.024434609527920613,-0.005235987755982989,0.026179938779914945,0.10297442586766545,-0.010471975511965978,0.010471975511965978,0.022689280275926284,0.03316125578789226,-0.020943951023931956,0.022689280275926284,0.03316125578789226,0.024434609527920613,-0.022689280275926284,0.04363323129985824,0.04014257279586958,0.024434609527920613,-0.03316125578789226,0.020943951023931956,0.024434609527920613,0.04014257279586958,41.6,41.6,40.1,40.1,40.5,41.0,41.800000000000004,42.6,41.5,42.800000000000004,43.5,43.300000000000004,42.1,41.2,42.1,43.1,41.0,39.300000000000004,40.6,40.5
400376.480952877,rj_dg_1_4,down,0.04041916167664672,0.10297442586766545,2.0,40.1,0.024434609527920613,-0.005235987755982989,0.026179938779914945,0.10297442586766545,-0.010471975511965978,0.010471975511965978,0.022689280275926284,0.03316125578789226,-0.020943951023931956,0.022689280275926284,0.03316125578789226,0.024434609527920613,-0.022689280275926284,0.04363323129985824,0.04014257279586958,0.024434609527920613,-0.03316125578789226,0.020943951023931956,0.024434609527920613,0.04014257279586958,41.6,41.6,40.1,40.1,40.5,41.0,41.800000000000004,42.6,41.5,42.800000000000004,43.5,43.300000000000004,42.1,41.2,42.1,43.1,41.0,39.300000000000004,40.6,40.5
400376.49074568,rj_dg_1_4,down,0.03742514970059879,0.10297442586766545,2.0,40.1,0.027925268031909273,-0.005235987755982989,0.026179938779914945,0.10297442586766545,-0.010471975511965978,0.010471975511965978,0.022689280275926284,0.03316125578789226,-0.020943951023931956,0.022689280275926284,0.03316125578789226,0.024434609527920613,-0.024434609527920613,0.04363323129985824,0.04014257279586958,0.024434609527920613,-0.03316125578789226,0.019198621771937624,0.024434609527920613,0.04014257279586958,41.6,41.6,40.1,40.1,40.5,41.0,41.800000000000004,42.6,41.5,42.800000000000004,43.5,43.300000000000004,42.1,41.2,42.1,43.1,41.0,39.300000000000004,40.6,40.5
400376.491035289,rj_dg_1_4,down,0.03443113772455089,0.10297442586766545,2.0,40.1,0.027925268031909273,-0.005235987755982989,0.026179938779914945,0.10297442586766545,-0.010471975511965978,0.010471975511965978,0.022689280275926284,0.03316125578789226,-0.020943951023931956,0.022689280275926284,0.03316125578789226,0.024434609527920613,-0.024434609527920613,0.04363323129985824,0.04014257279586958,0.024434609527920613,-0.03316125578789226,0.019198621771937624,0.024434609527920613,0.04014257279586958,41.6,41.6,40.1,40.1,40.5,41.0,41.800000000000004,42.6,41.5,42.800000000000004,43.5,43.300000000000004,42.1,41.2,42.1,43.1,41.0,39.300000000000004,40.6,40.5
400376.501155274,rj_dg_1_4,down,0.03143712574850299,0.10297442586766545,2.0,40.1,0.024434609527920613,-0.005235987755982989,0.026179938779914945,0.10297442586766545,-0.010471975511965978,0.010471975511965978,0.022689280275926284,0.03316125578789226,-0.020943951023931956,0.022689280275926284,0.03316125578789226,0.024434609527920613,-0.024434609527920613,0.04363323129985824,0.04014257279586958,0.024434609527920613,-0.03316125578789226,0.020943951023931956,0.024434609527920613,0.04014257279586958,41.6,41.6,40.1,40.1,40.5,41.0,41.800000000000004,42.6,41.5,42.800000000000004,43.5,43.300000000000004,42.1,41.2,42.1,43.1,41.0,39.300000000000004,40.6,40.5
400376.501404921,rj_dg_1_4,down,0.028443113772455092,0.10297442586766545,2.0,40.1,0.024434609527920613,-0.005235987755982989,0.026179938779914945,0.10297442586766545,-0.010471975511965978,0.010471975511965978,0.022689280275926284,0.03316125578789226,-0.020943951023931956,0.022689280275926284,0.03316125578789226,0.024434609527920613,-0.024434609527920613,0.04363323129985824,0.04014257279586958,0.024434609527920613,-0.03316125578789226,0.020943951023931956,0.024434609527920613,0.04014257279586958,41.6,41.6,40.1,40.1,40.5,41.0,41.800000000000004,42.6,41.5,42.800000000000004,43.5,43.300000000000004,42.1,41.2,42.1,43.1,41.0,39.300000000000004,40.6,40.5
400376.510682375,rj_dg_1_4,down,0.025449101796407192,0.10297442586766545,2.0,40.1,0.027925268031909273,-0.005235987755982989,0.026179938779914945,0.10297442586766545,-0.010471975511965978,0.010471975511965978,0.022689280275926284,0.03316125578789226,-0.020943951023931956,0.022689280275926284,0.03316125578789226,0.024434609527920613,-0.022689280275926284,0.04014257279586958,0.04014257279586958,0.024434609527920613,-0.03316125578789226,0.020943951023931956,0.024434609527920613,0.04014257279586958,41.6,41.6,40.1,40.1,40.5,41.0,41.800000000000004,42.6,41.5,42.800000000000004,43.5,43.300000000000004,42.1,41.2,42.1,43.1,41.0,39.300000000000004,40.6,40.5
400376.510906055,rj_dg_1_4,down,0.022455089820359292,0.10297442586766545,2.0,40.1,0.027925268031909273,-0.005235987755982989,0.026179938779914945,0.10297442586766545,-0.010471975511965978,0.010471975511965978,0.022689280275926284,0.03316125578789226,-0.020943951023931956,0.022689280275926284,0.03316125578789226,0.024434609527920613,-0.022689280275926284,0.04014257279586958,0.04014257279586958,0.024434609527920613,-0.03316125578789226,0.020943951023931956,0.024434609527920613,0.04014257279586958,41.6,41.6,40.1,40.1,40.5,41.0,41.800000000000004,42.6,41.5,42.800000000000004,43.5,43.300000000000004,42.1,41.2,42.1,43.1,41.0,39.300000000000004,40.6,40.5
400376.520744548,rj_dg_1_4,down,0.019461077844311364,0.10297442586766545,2.0,40.1,0.027925268031909273,-0.005235987755982989,0.026179938779914945,0.10297442586766545,-0.010471975511965978,0.010471975511965978,0.022689280275926284,0.03316125578789226,-0.020943951023931956,0.022689280275926284,0.03316125578789226,0.024434609527920613,-0.022689280275926284,0.04014257279586958,0.04014257279586958,0.024434609527920613,-0.03316125578789226,0.020943951023931956,0.024434609527920613,0.04014257279586958,41.6,41.6,40.1,40.1,40.5,41.0,41.800000000000004,42.6,41.5,42.800000000000004,43.5,43.300000000000004,42.1,41.2,42.1,43.1,41.0,39.300000000000004,40.6,40.5
400376.520946543,rj_dg_1_4,down,0.016467065868263464,0.10297442586766545,2.0,40.1,0.024434609527920613,-0.005235987755982989,0.026179938779914945,0.10297442586766545,-0.010471975511965978,0.010471975511965978,0.022689280275926284,0.03316125578789226,-0.020943951023931956,0.022689280275926284,0.03316125578789226,0.024434609527920613,-0.022689280275926284,0.04363323129985824,0.04014257279586958,0.024434609527920613,-0.03316125578789226,0.019198621771937624,0.024434609527920613,0.04014257279586958,41.6,41.6,40.1,40.1,40.5,41.0,41.800000000000004,42.6,41.5,42.800000000000004,43.5,43.300000000000004,42.1,41.2,42.1,43.1,41.0,39.300000000000004,40.6,40.5
400376.530536711,rj_dg_1_4,down,0.013473053892215564,0.10471975511965978,2.0,40.1,0.027925268031909273,-0.005235987755982989,0.026179938779914945,0.10471975511965978,-0.010471975511965978,0.010471975511965978,0.022689280275926284,0.03316125578789226,-0.020943951023931956,0.022689280275926284,0.03316125578789226,0.024434609527920613,-0.022689280275926284,0.04363323129985824,0.04014257279586958,0.024434609527920613,-0.03316125578789226,0.020943951023931956,0.024434609527920613,0.04014257279586958,41.6,41.6,40.1,40.1,40.5,41.0,41.800000000000004,42.6,41.5,42.800000000000004,43.5,43.300000000000004,42.1,41.2,42.1,43.1,41.0,39.300000000000004,40.6,40.5
400376.530848114,rj_dg_1_4,down,0.010479041916167664,0.10471975511965978,2.0,40.1,0.027925268031909273,-0.005235987755982989,0.026179938779914945,0.10471975511965978,-0.010471975511965978,0.010471975511965978,0.022689280275926284,0.03316125578789226,-0.020943951023931956,0.022689280275926284,0.03316125578789226,0.024434609527920613,-0.022689280275926284,0.04363323129985824,0.04014257279586958,0.024434609527920613,-0.03316125578789226,0.020943951023931956,0.024434609527920613,0.04014257279586958,41.6,41.6,40.1,40.1,40.5,41.0,41.800000000000004,42.6,41.5,42.800000000000004,43.5,43.300000000000004,42.1,41.2,42.1,43.1,41.0,39.300000000000004,40.6,40.5
400376.540743115,rj_dg_1_4,down,0.007485029940119764,0.10471975511965978,2.0,40.1,0.027925268031909273,-0.005235987755982989,0.026179938779914945,0.10471975511965978,-0.010471975511965978,0.010471975511965978,0.022689280275926284,0.03316125578789226,-0.020943951023931956,0.022689280275926284,0.03316125578789226,0.024434609527920613,-0.022689280275926284,0.04363323129985824,0.04014257279586958,0.024434609527920613,-0.03316125578789226,0.020943951023931956,0.024434609527920613,0.04014257279586958,41.6,41.6,40.1,40.1,40.5,41.0,41.800000000000004,42.6,41.5,42.800000000000004,43.5,43.300000000000004,42.1,41.2,42.1,43.1,41.0,39.300000000000004,40.6,40.5
400376.540935928,rj_dg_1_4,down,0.004491017964071864,0.10471975511965978,2.0,40.1,0.024434609527920613,-0.005235987755982989,0.026179938779914945,0.10471975511965978,-0.010471975511965978,0.010471975511965978,0.022689280275926284,0.03316125578789226,-0.024434609527920613,0.022689280275926284,0.03316125578789226,0.024434609527920613,-0.022689280275926284,0.04363323129985824,0.04014257279586958,0.024434609527920613,-0.03316125578789226,0.019198621771937624,0.024434609527920613,0.04014257279586958,41.6,41.6,40.1,40.1,40.5,41.0,41.800000000000004,42.6,41.5,42.800000000000004,43.5,43.300000000000004,42.1,41.2,42.1,43.1,41.0,39.300000000000004,40.6,40.5
400376.550654574,rj_dg_1_4,down,0.001497005988023964,0.10471975511965978,2.0,40.1,0.024434609527920613,-0.005235987755982989,0.026179938779914945,0.10471975511965978,-0.010471975511965978,0.010471975511965978,0.022689280275926284,0.03316125578789226,-0.020943951023931956,0.022689280275926284,0.03316125578789226,0.024434609527920613,-0.022689280275926284,0.04363323129985824,0.04014257279586958,0.026179938779914945,-0.03316125578789226,0.020943951023931956,0.024434609527920613,0.04014257279586958,41.6,41.6,40.1,40.1,40.5,41.0,41.800000000000004,42.6,41.5,42.800000000000004,43.5,43.300000000000004,42.1,41.2,42.1,43.1,41.0,39.300000000000004,40.6,40.5
400376.550957718,rj_dg_1_4,down,-0.0014970059880239361,0.10471975511965978,2.0,40.1,0.024434609527920613,-0.005235987755982989,0.026179938779914945,0.10471975511965978,-0.010471975511965978,0.010471975511965978,0.022689280275926284,0.03316125578789226,-0.020943951023931956,0.022689280275926284,0.03316125578789226,0.024434609527920613,-0.022689280275926284,0.04363323129985824,0.04014257279586958,0.026179938779914945,-0.03316125578789226,0.020943951023931956,0.024434609527920613,0.04014257279586958,41.6,41.6,40.1,40.1,40.5,41.0,41.800000000000004,42.6,41.5,42.800000000000004,43.5,43.300000000000004,42.1,41.2,42.1,43.1,41.0,39.300000000000004,40.6,40.5
400376.560602644,rj_dg_1_4,down,-0.004491017964071864,0.10471975511965978,2.0,40.1,0.024434609527920613,-0.005235987755982989,0.026179938779914945,0.10471975511965978,-0.010471975511965978,0.010471975511965978,0.022689280275926284,0.03316125578789226,-0.020943951023931956,0.022689280275926284,0.03316125578789226,0.024434609527920613,-0.022689280275926284,0.04363323129985824,0.04014257279586958,0.026179938779914945,-0.03316125578789226,0.020943951023931956,0.024434609527920613,0.04014257279586958,41.6,41.6,40.1,40.1,40.5,41.0,41.800000000000004,42.6,41.5,42.800000000000004,43.5,43.300000000000004,42.1,41.2,42.1,43.1,41.0,39.300000000000004,40.6,40.5
400376.560787668,rj_dg_1_4,down,-0.007485029940119736,0.10646508437165411,2.0,40.1,0.027925268031909273,-0.005235987755982989,0.026179938779914945,0.10646508437165411,-0.010471975511965978,0.010471975511965978,0.022689280275926284,0.03316125578789226,-0.020943951023931956,0.022689280275926284,0.03316125578789226,0.024434609527920613,-0.024434609527920613,0.04363323129985824,0.04014257279586958,0.026179938779914945,-0.03316125578789226,0.020943951023931956,0.024434609527920613,0.04014257279586958,41.6,41.6,40.1,40.1,40.5,41.0,41.800000000000004,42.6,41.5,42.800000000000004,43.5,43.300000000000004,42.1,41.2,42.1,43.1,41.0,39.300000000000004,40.6,40.5
400376.57067942,rj_dg_1_4,down,-0.010479041916167664,0.10646508437165411,2.0,40.1,0.027925268031909273,-0.005235987755982989,0.026179938779914945,0.10646508437165411,-0.010471975511965978,0.010471975511965978,0.022689280275926284,0.03316125578789226,-0.020943951023931956,0.022689280275926284,0.03316125578789226,0.024434609527920613,-0.024434609527920613,0.04363323129985824,0.04014257279586958,0.026179938779914945,-0.03316125578789226,0.020943951023931956,0.024434609527920613,0.04014257279586958,41.6,41.6,40.1,40.1,40.5,41.0,41.800000000000004,42.6,41.5,42.800000000000004,43.5,43.300000000000004,42.1,41.2,42.1,43.1,41.0,39.300000000000004,40.6,40.5
400376.57085586,rj_dg_1_4,down,-0.013473053892215592,0.10821041362364843,2.0,40.1,0.027925268031909273,-0.005235987755982989,0.026179938779914945,0.10821041362364843,-0.010471975511965978,0.013962634015954637,0.022689280275926284,0.03316125578789226,-0.020943951023931956,0.022689280275926284,0.03316125578789226,0.024434609527920613,-0.024434609527920613,0.04363323129985824,0.04014257279586958,0.024434609527920613,-0.03316125578789226,0.019198621771937624,0.024434609527920613,0.04014257279586958,41.6,41.6,40.1,40.1,40.5,41.0,41.800000000000004,42.6,41.5,42.800000000000004,43.5,43.300000000000004,42.1,41.2,42.1,43.1,41.0,39.300000000000004,40.6,40.5
400376.580734688,rj_dg_1_4,down,-0.016467065868263464,0.10821041362364843,2.0,40.1,0.027925268031909273,-0.005235987755982989,0.026179938779914945,0.10821041362364843,-0.010471975511965978,0.010471975511965978,0.022689280275926284,0.03316125578789226,-0.020943951023931956,0.022689280275926284,0.03316125578789226,0.024434609527920613,-0.024434609527920613,0.04363323129985824,0.04014257279586958,0.024434609527920613,-0.03316125578789226,0.019198621771937624,0.024434609527920613,0.04014257279586958,41.6,41.6,40.1,40.1,40.5,41.0,41.800000000000004,42.6,41.5,42.800000000000004,43.5,43.300000000000004,42.1,41.2,42.1,43.1,41.0,39.300000000000004,40.6,40.5
400376.580975779,rj_dg_1_4,down,-0.019461077844311392,0.10821041362364843,2.0,40.1,0.027925268031909273,-0.005235987755982989,0.026179938779914945,0.10821041362364843,-0.010471975511965978,0.010471975511965978,0.022689280275926284,0.03316125578789226,-0.020943951023931956,0.022689280275926284,0.03316125578789226,0.024434609527920613,-0.024434609527920613,0.04363323129985824,0.04014257279586958,0.024434609527920613,-0.03316125578789226,0.019198621771937624,0.024434609527920613,0.04014257279586958,41.6,41.6,40.1,40.1,40.5,41.0,41.800000000000004,42.6,41.5,42.800000000000004,43.5,43.300000000000004,42.1,41.2,42.1,43.1,41.0,39.300000000000004,40.6,40.5
400376.590657775,rj_dg_1_4,down,-0.022455089820359264,0.10821041362364843,2.0,40.1,0.027925268031909273,-0.005235987755982989,0.026179938779914945,0.10821041362364843,-0.010471975511965978,0.010471975511965978,0.022689280275926284,0.03316125578789226,-0.020943951023931956,0.022689280275926284,0.03316125578789226,0.024434609527920613,-0.024434609527920613,0.04363323129985824,0.04014257279586958,0.024434609527920613,-0.03316125578789226,0.020943951023931956,0.024434609527920613,0.04014257279586958,41.6,41.6,40.1,40.1,40.5,41.0,41.800000000000004,42.6,41.5,42.800000000000004,43.5,43.300000000000004,42.1,41.2,42.1,43.1,41.0,39.300000000000004,40.6,40.5
400376.590975966,rj_dg_1_4,down,-0.025449101796407192,0.10821041362364843,2.0,40.1,0.027925268031909273,-0.005235987755982989,0.026179938779914945,0.10821041362364843,-0.010471975511965978,0.010471975511965978,0.022689280275926284,0.03316125578789226,-0.020943951023931956,0.022689280275926284,0.03316125578789226,0.024434609527920613,-0.024434609527920613,0.04363323129985824,0.04014257279586958,0.024434609527920613,-0.03316125578789226,0.020943951023931956,0.024434609527920613,0.04014257279586958,41.6,41.6,40.1,40.1,40.5,41.0,41.800000000000004,42.6,41.5,42.800000000000004,43.5,43.300000000000004,42.1,41.2,42.1,43.1,41.0,39.300000000000004,40.6,40.5
400376.600570978,rj_dg_1_4,down,-0.028443113772455064,0.11344640137963143,2.0,40.1,0.027925268031909273,-0.005235987755982989,0.026179938779914945,0.11344640137963143,-0.010471975511965978,0.010471975511965978,0.022689280275926284,0.03316125578789226,-0.020943951023931956,0.022689280275926284,0.03316125578789226,0.020943951023931956,-0.024434609527920613,0.04363323129985824,0.04014257279586958,0.024434609527920613,-0.03316125578789226,0.019198621771937624,0.024434609527920613,0.04014257279586958,41.6,41.6,40.1,40.1,40.5,41.0,41.800000000000004,42.6,41.5,42.800000000000004,43.5,43.300000000000004,42.1,41.2,42.1,43.1,41.0,39.300000000000004,40.6,40.5
400376.600784562,rj_dg_1_4,down,-0.03143712574850299,0.11344640137963143,2.0,40.1,0.027925268031909273,-0.005235987755982989,0.026179938779914945,0.11344640137963143,-0.010471975511965978,0.010471975511965978,0.022689280275926284,0.03316125578789226,-0.020943951023931956,0.022689280275926284,0.03316125578789226,0.020943951023931956,-0.024434609527920613,0.04363323129985824,0.04014257279586958,0.024434609527920613,-0.03316125578789226,0.019198621771937624,0.024434609527920613,0.04014257279586958,41.6,41.6,40.1,40.1,40.5,41.0,41.800000000000004,42.6,41.5,42.800000000000004,43.5,43.300000000000004,42.1,41.2,42.1,43.1,41.0,39.300000000000004,40.6,40.5
400376.610643901,rj_dg_1_4,down,-0.03443113772455092,0.11519173063162576,28.0,40.1,0.024434609527920613,-0.005235987755982989,0.026179938779914945,0.11519173063162576,-0.010471975511965978,0.010471975511965978,0.022689280275926284,0.03316125578789226,-0.020943951023931956,0.022689280275926284,0.03316125578789226,0.024434609527920613,-0.024434609527920613,0.04363323129985824,0.04014257279586958,0.024434609527920613,-0.03316125578789226,0.019198621771937624,0.024434609527920613,0.04014257279586958,41.6,41.6,40.1,40.1,40.5,41.0,41.800000000000004,42.6,41.5,42.800000000000004,43.5,43.300000000000004,42.1,41.2,42.1,43.1,41.0,39.300000000000004,40.6,40.5
400376.610929208,rj_dg_1_4,down,-0.03742514970059879,0.11519173063162576,28.0,40.1,0.024434609527920613,-0.005235987755982989,0.026179938779914945,0.11519173063162576,-0.010471975511965978,0.010471975511965978,0.022689280275926284,0.03316125578789226,-0.020943951023931956,0.022689280275926284,0.03316125578789226,0.024434609527920613,-0.024434609527920613,0.04363323129985824,0.04014257279586958,0.024434609527920613,-0.03316125578789226,0.019198621771937624,0.024434609527920613,0.04014257279586958,41.6,41.6,40.1,40.1,40.5,41.0,41.800000000000004,42.6,41.5,42.800000000000004,43.5,43.300000000000004,42.1,41.2,42.1,43.1,41.0,39.300000000000004,40.6,40.5
400376.62086774,rj_dg_1_4,down,-0.04041916167664672,0.10821041362364843,28.0,40.1,0.027925268031909273,-0.005235987755982989,0.026179938779914945,0.10821041362364843,-0.010471975511965978,0.010471975511965978,0.022689280275926284,0.03316125578789226,-0.020943951023931956,0.022689280275926284,0.03316125578789226,0.024434609527920613,-0.022689280275926284,0.04363323129985824,0.04014257279586958,0.024434609527920613,-0.03316125578789226,0.020943951023931956,0.024434609527920613,0.04014257279586958,41.6,41.6,40.1,40.1,40.5,41.0,41.800000000000004,42.6,41.5,42.800000000000004,43.5,43.300000000000004,42.1,41.2,42.1,43.1,41.0,39.300000000000004,40.6,40.5
400376.621117376,rj_dg_1_4,down,-0.04341317365269459,0.10821041362364843,28.0,40.1,0.027925268031909273,-0.005235987755982989,0.026179938779914945,0.10821041362364843,-0.010471975511965978,0.010471975511965978,0.022689280275926284,0.03316125578789226,-0.020943951023931956,0.022689280275926284,0.03316125578789226,0.024434609527920613,-0.022689280275926284,0.04363323129985824,0.04014257279586958,0.024434609527920613,-0.03316125578789226,0.020943951023931956,0.024434609527920613,0.04014257279586958,41.6,41.6,40.1,40.1,40.5,41.0,41.800000000000004,42.6,41.5,42.800000000000004,43.5,43.300000000000004,42.1,41.2,42.1,43.1,41.0,39.300000000000004,40.6,40.5
400376.630639785,rj_dg_1_4,down,-0.04640718562874252,0.09250245035569947,28.0,40.1,0.027925268031909273,-0.005235987755982989,0.026179938779914945,0.09250245035569947,-0.010471975511965978,0.010471975511965978,0.022689280275926284,0.03316125578789226,-0.020943951023931956,0.022689280275926284,0.03316125578789226,0.024434609527920613,-0.024434609527920613,0.04363323129985824,0.04014257279586958,0.024434609527920613,-0.03316125578789226,0.019198621771937624,0.024434609527920613,0.04014257279586958,41.6,41.6,40.1,40.1,40.5,41.0,41.800000000000004,42.6,41.5,42.800000000000004,43.5,43.300000000000004,42.1,41.2,42.1,43.1,41.0,39.300000000000004,40.6,40.5
400376.63098117,rj_dg_1_4,down,-0.04940119760479039,0.09250245035569947,28.0,40.1,0.027925268031909273,-0.005235987755982989,0.026179938779914945,0.09250245035569947,-0.010471975511965978,0.010471975511965978,0.022689280275926284,0.03316125578789226,-0.020943951023931956,0.022689280275926284,0.03316125578789226,0.024434609527920613,-0.024434609527920613,0.04363323129985824,0.04014257279586958,0.024434609527920613,-0.03316125578789226,0.019198621771937624,0.024434609527920613,0.04014257279586958,41.6,41.6,40.1,40.1,40.5,41.0,41.800000000000004,42.6,41.5,42.800000000000004,43.5,43.300000000000004,42.1,41.2,42.1,43.1,41.0,39.300000000000004,40.6,40.5
400376.640664768,rj_dg_1_4,down,-0.05239520958083832,0.09075712110370514,28.0,40.1,0.024434609527920613,-0.005235987755982989,0.026179938779914945,0.09075712110370514,-0.010471975511965978,0.010471975511965978,0.022689280275926284,0.031415926535897934,-0.020943951023931956,0.022689280275926284,0.03316125578789226,0.024434609527920613,-0.022689280275926284,0.04363323129985824,0.04014257279586958,0.024434609527920613,-0.03316125578789226,0.019198621771937624,0.024434609527920613,0.04014257279586958,41.6,41.6,40.1,40.1,40.5,41.0,41.800000000000004,42.6,41.5,42.800000000000004,43.5,43.300000000000004,42.1,41.2,42.1,43.1,41.0,39.300000000000004,40.6,40.5
400376.640946473,rj_dg_1_4,down,-0.05538922155688625,0.09075712110370514,28.0,40.1,0.024434609527920613,-0.005235987755982989,0.026179938779914945,0.09075712110370514,-0.010471975511965978,0.010471975511965978,0.022689280275926284,0.031415926535897934,-0.020943951023931956,0.022689280275926284,0.03316125578789226,0.024434609527920613,-0.022689280275926284,0.04363323129985824,0.04014257279586958,0.024434609527920613,-0.03316125578789226,0.019198621771937624,0.024434609527920613,0.04014257279586958,41.6,41.6,40.1,40.1,40.5,41.0,41.800000000000004,42.6,41.5,42.800000000000004,43.5,43.300000000000004,42.1,41.2,42.1,43.1,41.0,39.300000000000004,40.6,40.5
400376.650605974,rj_dg_1_4,down,-0.05838323353293412,0.0942477796076938,28.0,40.1,0.024434609527920613,-0.005235987755982989,0.026179938779914945,0.0942477796076938,-0.010471975511965978,0.010471975511965978,0.022689280275926284,0.03316125578789226,-0.020943951023931956,0.022689280275926284,0.03316125578789226,0.024434609527920613,-0.022689280275926284,0.04363323129985824,0.04014257279586958,0.024434609527920613,-0.029670597283903602,0.020943951023931956,0.024434609527920613,0.04014257279586958,41.6,41.6,40.1,40.1,40.5,41.0,41.800000000000004,42.6,41.5,42.800000000000004,43.5,43.300000000000004,42.1,41.2,42.1,43.1,41.0,39.300000000000004,40.6,40.5
400376.650842321,rj_dg_1_4,down,-0.06137724550898205,0.0942477796076938,28.0,40.1,0.024434609527920613,-0.005235987755982989,0.026179938779914945,0.0942477796076938,-0.010471975511965978,0.010471975511965978,0.022689280275926284,0.03316125578789226,-0.020943951023931956,0.022689280275926284,0.03316125578789226,0.024434609527920613,-0.022689280275926284,0.04363323129985824,0.04014257279586958,0.024434609527920613,-0.029670597283903602,0.020943951023931956,0.024434609527920613,0.04014257279586958,41.6,41.6,40.1,40.1,40.5,41.0,41.800000000000004,42.6,41.5,42.800000000000004,43.5,43.300000000000004,42.1,41.2,42.1,43.1,41.0,39.300000000000004,40.6,40.5
400376.660637401,rj_dg_1_4,down,-0.06437125748502992,0.0942477796076938,28.0,40.1,0.024434609527920613,-0.005235987755982989,0.026179938779914945,0.0942477796076938,-0.010471975511965978,0.010471975511965978,0.022689280275926284,0.03316125578789226,-0.020943951023931956,0.022689280275926284,0.03316125578789226,0.024434609527920613,-0.022689280275926284,0.04363323129985824,0.04014257279586958,0.024434609527920613,-0.029670597283903602,0.020943951023931956,0.024434609527920613,0.04014257279586958,41.6,41.6,40.1,40.1,40.5,41.0,41.800000000000004,42.6,41.5,42.800000000000004,43.5,43.300000000000004,42.1,41.2,42.1,43.1,41.0,39.300000000000004,40.6,40.5
400376.66082548,rj_dg_1_4,down,-0.06736526946107785,0.07155849933176751,28.0,40.1,0.027925268031909273,-0.005235987755982989,0.026179938779914945,0.07155849933176751,-0.010471975511965978,0.010471975511965978,0.026179938779914945,0.03316125578789226,-0.020943951023931956,0.022689280275926284,0.03316125578789226,0.024434609527920613,-0.024434609527920613,0.04363323129985824,0.04014257279586958,0.024434609527920613,-0.03316125578789226,0.020943951023931956,0.024434609527920613,0.04014257279586958,41.6,41.6,40.1,40.1,40.5,41.0,41.800000000000004,42.6,41.5,42.800000000000004,43.5,43.300000000000004,42.1,41.2,42.1,43.1,41.0,39.300000000000004,40.6,40.5
400376.67054572,rj_dg_1_4,down,-0.07035928143712578,0.08203047484373349,28.0,40.1,0.027925268031909273,-0.0017453292519943296,0.026179938779914945,0.08203047484373349,-0.006981317007977318,0.010471975511965978,0.022689280275926284,0.03316125578789226,-0.020943951023931956,0.022689280275926284,0.03316125578789226,0.024434609527920613,-0.024434609527920613,0.04363323129985824,0.04014257279586958,0.024434609527920613,-0.03316125578789226,0.020943951023931956,0.024434609527920613,0.04014257279586958,41.6,41.6,40.1,40.1,40.5,41.0,41.800000000000004,42.6,41.5,42.800000000000004,43.5,43.300000000000004,42.1,41.2,42.1,43.1,41.0,39.300000000000004,40.6,40.5
400376.67077466,rj_dg_1_4,down,-0.07335329341317365,0.08203047484373349,28.0,40.1,0.027925268031909273,-0.0017453292519943296,0.026179938779914945,0.08203047484373349,-0.006981317007977318,0.010471975511965978,0.022689280275926284,0.03316125578789226,-0.020943951023931956,0.022689280275926284,0.03316125578789226,0.024434609527920613,-0.024434609527920613,0.04363323129985824,0.04014257279586958,0.024434609527920613,-0.03316125578789226,0.020943951023931956,0.024434609527920613,0.04014257279586958,41.6,41.6,40.1,40.1,40.5,41.0,41.800000000000004,42.6,41.5,42.800000000000004,43.5,43.300000000000004,42.1,41.2,42.1,43.1,41.0,39.300000000000004,40.6,40.5
400376.680634735,rj_dg_1_4,down,-0.07634730538922158,0.07330382858376185,28.0,40.1,0.024434609527920613,-0.005235987755982989,0.026179938779914945,0.07330382858376185,-0.010471975511965978,0.010471975511965978,0.022689280275926284,0.03316125578789226,-0.020943951023931956,0.022689280275926284,0.03316125578789226,0.024434609527920613,-0.024434609527920613,0.04363323129985824,0.04014257279586958,0.024434609527920613,-0.03316125578789226,0.020943951023931956,0.024434609527920613,0.04014257279586958,41.6,41.6,40.1,40.1,40.5,41.0,41.800000000000004,42.6,41.5,42.800000000000004,43.5,43.300000000000004,42.1,41.2,42.1,43.1,41.0,39.300000000000004,40.6,40.5
400376.680910826,rj_dg_1_4,down,-0.07934131736526945,0.07330382858376185,28.0,40.1,0.024434609527920613,-0.005235987755982989,0.026179938779914945,0.07330382858376185,-0.010471975511965978,0.010471975511965978,0.022689280275926284,0.03316125578789226,-0.020943951023931956,0.022689280275926284,0.03316125578789226,0.024434609527920613,-0.024434609527920613,0.04363323129985824,0.04014257279586958,0.024434609527920613,-0.03316125578789226,0.020943951023931956,0.024434609527920613,0.04014257279586958,41.6,41.6,40.1,40.1,40.5,41.0,41.800000000000004,42.6,41.5,42.800000000000004,43.5,43.300000000000004,42.1,41.2,42.1,43.1,41.0,39.300000000000004,40.6,40.5
400376.690516452,rj_dg_1_4,down,-0.08233532934131738,0.05585053606381855,28.0,40.1,0.027925268031909273,-0.005235987755982989,0.026179938779914945,0.05585053606381855,-0.010471975511965978,0.013962634015954637,0.022689280275926284,0.03316125578789226,-0.020943951023931956,0.022689280275926284,0.03316125578789226,0.024434609527920613,-0.024434609527920613,0.04363323129985824,0.04014257279586958,0.024434609527920613,-0.03316125578789226,0.020943951023931956,0.024434609527920613,0.04014257279586958,41.6,41.6,40.1,40.1,40.5,41.0,41.800000000000004,42.6,41.5,42.800000000000004,43.5,43.300000000000004,42.1,41.2,42.1,43.1,41.0,39.300000000000004,40.6,40.5
400376.690728333,rj_dg_1_4,down,-0.08532934131736525,0.05585053606381855,28.0,40.1,0.027925268031909273,-0.005235987755982989,0.026179938779914945,0.05585053606381855,-0.010471975511965978,0.013962634015954637,0.022689280275926284,0.03316125578789226,-0.020943951023931956,0.022689280275926284,0.03316125578789226,0.024434609527920613,-0.024434609527920613,0.04363323129985824,0.04014257279586958,0.024434609527920613,-0.03316125578789226,0.020943951023931956,0.024434609527920613,0.04014257279586958,41.6,41.6,40.1,40.1,40.5,41.0,41.800000000000004,42.6,41.5,42.800000000000004,43.5,43.300000000000004,42.1,41.2,42.1,43.1,41.0,39.300000000000004,40.6,40.5
400376.701407267,rj_dg_1_4,down,-0.08832335329341318,0.06632251157578452,28.0,40.1,0.027925268031909273,-0.005235987755982989,0.026179938779914945,0.06632251157578452,-0.010471975511965978,0.013962634015954637,0.022689280275926284,0.03316125578789226,-0.020943951023931956,0.022689280275926284,0.03316125578789226,0.024434609527920613,-0.024434609527920613,0.04363323129985824,0.04014257279586958,0.024434609527920613,-0.03316125578789226,0.019198621771937624,0.024434609527920613,0.04014257279586958,41.6,41.6,40.1,40.1,40.5,41.0,41.800000000000004,42.6,41.5,42.800000000000004,43.5,43.300000000000004,42.1,41.2,42.1,43.1,41.0,39.300000000000004,40.6,40.5
400376.701641012,rj_dg_1_4,down,-0.0913173652694611,0.06632251157578452,28.0,40.1,0.027925268031909273,-0.005235987755982989,0.026179938779914945,0.06632251157578452,-0.010471975511965978,0.013962634015954637,0.022689280275926284,0.03316125578789226,-0.020943951023931956,0.022689280275926284,0.03316125578789226,0.024434609527920613,-0.024434609527920613,0.04363323129985824,0.04014257279586958,0.024434609527920613,-0.03316125578789226,0.019198621771937624,0.024434609527920613,0.04014257279586958,41.6,41.6,40.1,40.1,40.5,41.0,41.800000000000004,42.6,41.5,42.800000000000004,43.5,43.300000000000004,42.1,41.2,42.1,43.1,41.0,39.300000000000004,40.6,40.5
400376.710642088,rj_dg_1_4,down,-0.09431137724550898,0.05585053606381855,28.0,40.1,0.027925268031909273,-0.005235987755982989,0.026179938779914945,0.05585053606381855,-0.006981317007977318,0.010471975511965978,0.022689280275926284,0.03316125578789226,-0.020943951023931956,0.022689280275926284,0.03316125578789226,0.024434609527920613,-0.024434609527920613,0.04363323129985824,0.04014257279586958,0.024434609527920613,-0.03316125578789226,0.019198621771937624,0.024434609527920613,0.04014257279586958,41.6,41.6,40.1,40.1,40.5,41.0,41.800000000000004,42.6,41.5,42.800000000000004,43.5,43.300000000000004,42.1,41.2,42.1,43.1,41.0,39.300000000000004,40.6,40.5
400376.710876071,rj_dg_1_4,down,-0.0973053892215569,0.05585053606381855,28.0,40.1,0.027925268031909273,-0.005235987755982989,0.026179938779914945,0.05585053606381855,-0.006981317007977318,0.010471975511965978,0.022689280275926284,0.03316125578789226,-0.020943951023931956,0.022689280275926284,0.03316125578789226,0.024434609527920613,-0.024434609527920613,0.04363323129985824,0.04014257279586958,0.024434609527920613,-0.03316125578789226,0.019198621771937624,0.024434609527920613,0.04014257279586958,41.6,41.6,40.1,40.1,40.5,41.0,41.800000000000004,42.6,41.5,42.800000000000004,43.5,43.300000000000004,42.1,41.2,42.1,43.1,41.0,39.300000000000004,40.6,40.5
400376.720890528,rj_dg_1_4,down,-0.10029940119760478,0.04014257279586958,28.0,40.1,0.027925268031909273,-0.005235987755982989,0.026179938779914945,0.04014257279586958,-0.010471975511965978,0.010471975511965978,0.022689280275926284,0.03316125578789226,-0.020943951023931956,0.022689280275926284,0.03316125578789226,0.024434609527920613,-0.022689280275926284,0.04363323129985824,0.04014257279586958,0.024434609527920613,-0.03316125578789226,0.020943951023931956,0.024434609527920613,0.04014257279586958,41.6,41.6,40.1,40.1,40.5,41.0,41.800000000000004,42.6,41.5,42.800000000000004,43.5,43.300000000000004,42.1,41.2,42.1,43.1,41.0,39.300000000000004,40.6,40.5
400376.721120955,rj_dg_1_4,down,-0.1032934131736527,0.04014257279586958,28.0,40.1,0.027925268031909273,-0.005235987755982989,0.026179938779914945,0.04014257279586958,-0.010471975511965978,0.010471975511965978,0.022689280275926284,0.03316125578789226,-0.020943951023931956,0.022689280275926284,0.03316125578789226,0.024434609527920613,-0.022689280275926284,0.04363323129985824,0.04014257279586958,0.024434609527920613,-0.03316125578789226,0.020943951023931956,0.024434609527920613,0.04014257279586958,41.6,41.6,40.1,40.1,40.5,41.0,41.800000000000004,42.6,41.5,42.800000000000004,43.5,43.300000000000004,42.1,41.2,42.1,43.1,41.0,39.300000000000004,40.6,40.5
400376.730885307,rj_dg_1_4,down,-0.10628742514970058,0.048869219055841226,28.0,40.1,0.027925268031909273,-0.005235987755982989,0.026179938779914945,0.048869219055841226,-0.010471975511965978,0.010471975511965978,0.022689280275926284,0.03316125578789226,-0.020943951023931956,0.022689280275926284,0.03316125578789226,0.024434609527920613,-0.022689280275926284,0.04363323129985824,0.04014257279586958,0.024434609527920613,-0.029670597283903602,0.019198621771937624,0.024434609527920613,0.04014257279586958,41.6,41.6,40.1,40.1,40.5,41.0,41.800000000000004,42.6,41.5,42.800000000000004,43.5,43.300000000000004,42.1,41.2,42.1,43.1,41.0,39.300000000000004,40.6,40.5
400376.731177905,rj_dg_1_4,down,-0.1092814371257485,0.048869219055841226,28.0,40.1,0.027925268031909273,-0.005235987755982989,0.026179938779914945,0.048869219055841226,-0.010471975511965978,0.010471975511965978,0.022689280275926284,0.03316125578789226,-0.020943951023931956,0.022689280275926284,0.03316125578789226,0.024434609527920613,-0.022689280275926284,0.04363323129985824,0.04014257279586958,0.024434609527920613,-0.029670597283903602,0.019198621771937624,0.024434609527920613,0.04014257279586958,41.6,41.6,40.1,40.1,40.5,41.0,41.800000000000004,42.6,41.5,42.800000000000004,43.5,43.300000000000004,42.1,41.2,42.1,43.1,41.0,39.300000000000004,40.6,40.5
400376.740898084,rj_dg_1_4,down,-0.11227544910179643,0.027925268031909273,28.0,40.1,0.027925268031909273,-0.005235987755982989,0.026179938779914945,0.027925268031909273,-0.010471975511965978,0.010471975511965978,0.022689280275926284,0.03316125578789226,-0.020943951023931956,0.022689280275926284,0.03316125578789226,0.024434609527920613,-0.024434609527920613,0.04363323129985824,0.04014257279586958,0.026179938779914945,-0.03316125578789226,0.019198621771937624,0.024434609527920613,0.04014257279586958,41.6,41.6,40.1,40.1,40.5,41.0,41.800000000000004,42.6,41.5,42.800000000000004,43.5,43.300000000000004,42.1,41.2,42.1,43.1,41.0,39.300000000000004,40.6,40.5
400376.741216151,rj_dg_1_4,down,-0.1152694610778443,0.027925268031909273,28.0,40.1,0.027925268031909273,-0.005235987755982989,0.026179938779914945,0.027925268031909273,-0.010471975511965978,0.010471975511965978,0.022689280275926284,0.03316125578789226,-0.020943951023931956,0.022689280275926284,0.03316125578789226,0.024434609527920613,-0.024434609527920613,0.04363323129985824,0.04014257279586958,0.026179938779914945,-0.03316125578789226,0.019198621771937624,0.024434609527920613,0.04014257279586958,41.6,41.6,40.1,40.1,40.5,41.0,41.800000000000004,42.6,41.5,42.800000000000004,43.5,43.300000000000004,42.1,41.2,42.1,43.1,41.0,39.300000000000004,40.6,40.5
400376.75063735,rj_dg_1_4,down,-0.11826347305389223,0.029670597283903602,59.0,40.1,0.024434609527920613,-0.005235987755982989,0.026179938779914945,0.029670597283903602,-0.010471975511965978,0.010471975511965978,0.022689280275926284,0.03316125578789226,-0.020943951023931956,0.022689280275926284,0.03316125578789226,0.024434609527920613,-0.022689280275926284,0.04363323129985824,0.04014257279586958,0.024434609527920613,-0.03316125578789226,0.020943951023931956,0.024434609527920613,0.04014257279586958,41.6,41.6,40.1,40.1,40.5,41.0,41.800000000000004,42.6,41.5,42.800000000000004,43.5,43.300000000000004,42.1,41.2,42.1,43.1,41.0,39.300000000000004,40.6,40.5
400376.750923806,rj_dg_1_4,down,-0.1212574850299401,0.029670597283903602,59.0,40.1,0.024434609527920613,-0.005235987755982989,0.026179938779914945,0.029670597283903602,-0.010471975511965978,0.010471975511965978,0.022689280275926284,0.03316125578789226,-0.020943951023931956,0.022689280275926284,0.03316125578789226,0.024434609527920613,-0.022689280275926284,0.04363323129985824,0.04014257279586958,0.024434609527920613,-0.03316125578789226,0.020943951023931956,0.024434609527920613,0.04014257279586958,41.6,41.6,40.1,40.1,40.5,41.0,41.800000000000004,42.6,41.5,42.800000000000004,43.5,43.300000000000004,42.1,41.2,42.2,43.1,41.0,39.300000000000004,40.6,40.5
400376.760616306,rj_dg_1_4,down,-0.12425149700598803,0.031415926535897934,59.0,40.1,0.027925268031909273,-0.005235987755982989,0.026179938779914945,0.031415926535897934,-0.010471975511965978,0.010471975511965978,0.022689280275926284,0.03316125578789226,-0.020943951023931956,0.022689280275926284,0.03316125578789226,0.024434609527920613,-0.024434609527920613,0.04363323129985824,0.04014257279586958,0.024434609527920613,-0.03316125578789226,0.020943951023931956,0.026179938779914945,0.04014257279586958,41.6,41.6,40.1,40.1,40.5,41.0,41.800000000000004,42.6,41.5,42.800000000000004,43.5,43.300000000000004,42.1,41.2,42.2,43.1,41.0,39.300000000000004,40.6,40.5
400376.760949469,rj_dg_1_4,down,-0.1272455089820359,0.031415926535897934,59.0,40.1,0.027925268031909273,-0.005235987755982989,0.026179938779914945,0.031415926535897934,-0.010471975511965978,0.010471975511965978,0.022689280275926284,0.03316125578789226,-0.020943951023931956,0.022689280275926284,0.03316125578789226,0.024434609527920613,-0.024434609527920613,0.04363323129985824,0.04014257279586958,0.024434609527920613,-0.03316125578789226,0.020943951023931956,0.026179938779914945,0.04014257279586958,41.6,41.6,40.1,40.1,40.5,41.0,41.800000000000004,42.6,41.5,42.800000000000004,43.5,43.300000000000004,42.1,41.2,42.2,43.1,41.0,39.300000000000004,40.6,40.5
400376.770709071,rj_dg_1_4,down,-0.13023952095808383,0.008726646259971648,59.0,40.1,0.024434609527920613,-0.005235987755982989,0.026179938779914945,0.008726646259971648,-0.010471975511965978,0.010471975511965978,0.022689280275926284,0.03316125578789226,-0.024434609527920613,0.022689280275926284,0.03316125578789226,0.024434609527920613,-0.024434609527920613,0.04363323129985824,0.04014257279586958,0.024434609527920613,-0.03316125578789226,0.019198621771937624,0.024434609527920613,0.04014257279586958,41.6,41.6,40.1,40.1,40.5,41.0,41.800000000000004,42.6,41.5,42.800000000000004,43.5,43.300000000000004,42.1,41.2,42.2,43.1,41.0,39.300000000000004,40.6,40.5
400376.771081304,rj_dg_1_4,down,-0.13323353293413176,0.008726646259971648,59.0,40.1,0.024434609527920613,-0.005235987755982989,0.026179938779914945,0.008726646259971648,-0.010471975511965978,0.010471975511965978,0.022689280275926284,0.03316125578789226,-0.024434609527920613,0.022689280275926284,0.03316125578789226,0.024434609527920613,-0.024434609527920613,0.04363323129985824,0.04014257279586958,0.024434609527920613,-0.03316125578789226,0.019198621771937624,0.024434609527920613,0.04014257279586958,41.6,41.6,40.1,40.1,40.5,41.0,41.800000000000004,42.6,41.5,42.800000000000004,43.5,43.300000000000004,42.1,41.2,42.2,43.1,41.0,39.300000000000004,40.6,40.5
400376.780653321,rj_dg_1_4,down,-0.13622754491017963,0.015707963267948967,59.0,40.1,0.027925268031909273,-0.005235987755982989,0.026179938779914945,0.015707963267948967,-0.010471975511965978,0.010471975511965978,0.022689280275926284,0.03316125578789226,-0.020943951023931956,0.022689280275926284,0.03316125578789226,0.024434609527920613,-0.024434609527920613,0.04363323129985824,0.04014257279586958,0.024434609527920613,-0.03316125578789226,0.019198621771937624,0.024434609527920613,0.04014257279586958,41.6,41.6,40.1,40.1,40.5,41.0,41.800000000000004,42.6,41.5,42.800000000000004,43.5,43.300000000000004,42.1,41.2,42.2,43.1,41.0,39.300000000000004,40.6,40.5
400376.780990973,rj_dg_1_4,down,-0.13922155688622756,0.015707963267948967,59.0,40.1,0.027925268031909273,-0.005235987755982989,0.026179938779914945,0.015707963267948967,-0.010471975511965978,0.010471975511965978,0.022689280275926284,0.03316125578789226,-0.020943951023931956,0.022689280275926284,0.03316125578789226,0.024434609527920613,-0.024434609527920613,0.04363323129985824,0.04014257279586958,0.024434609527920613,-0.03316125578789226,0.019198621771937624,0.024434609527920613,0.04014257279586958,41.6,41.6,40.1,40.1,40.5,41.0,41.800000000000004,42.6,41.5,42.800000000000004,43.5,43.300000000000004,42.1,41.2,42.2,43.1,41.0,39.300000000000004,40.6,40.5
400376.790673203,rj_dg_1_4,down,-0.14221556886227543,0.005235987755982989,59.0,40.1,0.024434609527920613,-0.005235987755982989,0.026179938779914945,0.005235987755982989,-0.010471975511965978,0.010471975511965978,0.022689280275926284,0.03316125578789226,-0.020943951023931956,0.022689280275926284,0.03316125578789226,0.024434609527920613,-0.022689280275926284,0.04363323129985824,0.04014257279586958,0.024434609527920613,-0.029670597283903602,0.020943951023931956,0.024434609527920613,0.04014257279586958,41.6,41.6,40.1,40.1,40.5,41.0,41.800000000000004,42.6,41.5,42.800000000000004,43.5,43.300000000000004,42.1,41.2,42.2,43.1,41.0,39.300000000000004,40.6,40.5
400376.791036442,rj_dg_1_4,down,-0.14520958083832336,0.005235987755982989,59.0,40.1,0.024434609527920613,-0.005235987755982989,0.026179938779914945,0.005235987755982989,-0.010471975511965978,0.010471975511965978,0.022689280275926284,0.03316125578789226,-0.020943951023931956,0.022689280275926284,0.03316125578789226,0.024434609527920613,-0.022689280275926284,0.04363323129985824,0.04014257279586958,0.024434609527920613,-0.029670597283903602,0.020943951023931956,0.024434609527920613,0.04014257279586958,41.6,41.6,40.1,40.1,40.5,41.0,41.800000000000004,42.6,41.5,42.800000000000004,43.5,43.300000000000004,42.1,41.2,42.2,43.1,41.0,39.300000000000004,40.6,40.5
400376.800872614,rj_dg_1_4,down,-0.14820359281437123,-0.006981317007977318,59.0,40.1,0.027925268031909273,-0.005235987755982989,0.026179938779914945,-0.006981317007977318,-0.010471975511965978,0.010471975511965978,0.022689280275926284,0.03316125578789226,-0.020943951023931956,0.022689280275926284,0.03316125578789226,0.024434609527920613,-0.024434609527920613,0.04363323129985824,0.04014257279586958,0.024434609527920613,-0.03316125578789226,0.019198621771937624,0.024434609527920613,0.04014257279586958,41.6,41.6,40.1,40.1,40.5,41.0,41.800000000000004,42.6,41.5,42.800000000000004,43.5,43.300000000000004,42.1,41.2,42.2,43.1,41.0,39.300000000000004,40.6,40.5
400376.801241577,rj_dg_1_4,down,-0.15119760479041916,-0.006981317007977318,59.0,40.1,0.027925268031909273,-0.005235987755982989,0.026179938779914945,-0.006981317007977318,-0.010471975511965978,0.010471975511965978,0.022689280275926284,0.03316125578789226,-0.020943951023931956,0.022689280275926284,0.03316125578789226,0.024434609527920613,-0.024434609527920613,0.04363323129985824,0.04014257279586958,0.024434609527920613,-0.03316125578789226,0.019198621771937624,0.024434609527920613,0.04014257279586958,41.6,41.6,40.1,40.1,40.5,41.0,41.800000000000004,42.6,41.5,42.800000000000004,43.5,43.300000000000004,42.1,41.2,42.2,43.1,41.0,39.300000000000004,40.6,40.5
400376.810867862,rj_dg_1_4,down,-0.1541916167664671,0.0017453292519943296,59.0,40.1,0.024434609527920613,-0.005235987755982989,0.026179938779914945,0.0017453292519943296,-0.010471975511965978,0.010471975511965978,0.022689280275926284,0.03316125578789226,-0.020943951023931956,0.022689280275926284,0.03316125578789226,0.024434609527920613,-0.022689280275926284,0.04363323129985824,0.04014257279586958,0.024434609527920613,-0.03316125578789226,0.020943951023931956,0.024434609527920613,0.04014257279586958,41.6,41.6,40.1,40.1,40.5,41.0,41.800000000000004,42.6,41.5,42.800000000000004,43.5,43.300000000000004,42.1,41.2,42.2,43.1,41.0,39.300000000000004,40.6,40.5
400376.81121244,rj_dg_1_4,down,-0.15718562874251496,0.0017453292519943296,59.0,40.1,0.024434609527920613,-0.005235987755982989,0.026179938779914945,0.0017453292519943296,-0.010471975511965978,0.010471975511965978,0.022689280275926284,0.03316125578789226,-0.020943951023931956,0.022689280275926284,0.03316125578789226,0.024434609527920613,-0.022689280275926284,0.04363323129985824,0.04014257279586958,0.024434609527920613,-0.03316125578789226,0.020943951023931956,0.024434609527920613,0.04014257279586958,41.6,41.6,40.1,40.1,40.5,41.0,41.800000000000004,42.6,41.5,42.800000000000004,43.5,43.300000000000004,42.1,41.2,42.2,43.1,41.0,39.300000000000004,40.6,40.5
400376.820773192,rj_dg_1_4,down,-0.1601796407185629,-0.019198621771937624,59.0,40.1,0.027925268031909273,-0.005235987755982989,0.026179938779914945,-0.019198621771937624,-0.010471975511965978,0.010471975511965978,0.022689280275926284,0.03316125578789226,-0.024434609527920613,0.022689280275926284,0.03316125578789226,0.024434609527920613,-0.022689280275926284,0.04363323129985824,0.04014257279586958,0.024434609527920613,-0.03316125578789226,0.020943951023931956,0.024434609527920613,0.04014257279586958,41.6,41.6,40.1,40.1,40.5,41.0,41.800000000000004,42.6,41.5,42.800000000000004,43.5,43.300000000000004,42.1,41.2,42.2,43.1,41.0,39.300000000000004,40.6,40.5
400376.821013761,rj_dg_1_4,down,-0.16317365269461076,-0.019198621771937624,59.0,40.1,0.027925268031909273,-0.005235987755982989,0.026179938779914945,-0.019198621771937624,-0.010471975511965978,0.010471975511965978,0.022689280275926284,0.03316125578789226,-0.024434609527920613,0.022689280275926284,0.03316125578789226,0.024434609527920613,-0.022689280275926284,0.04363323129985824,0.04014257279586958,0.024434609527920613,-0.03316125578789226,0.020943951023931956,0.024434609527920613,0.04014257279586958,41.6,41.6,40.1,40.1,40.5,41.0,41.800000000000004,42.6,41.5,42.800000000000004,43.6,43.300000000000004,42.1,41.2,42.2,43.1,41.0,39.300000000000004,40.6,40.5
400376.830784001,rj_dg_1_4,down,-0.1661676646706587,-0.020943951023931956,59.0,40.1,0.027925268031909273,-0.005235987755982989,0.026179938779914945,-0.020943951023931956,-0.010471975511965978,0.010471975511965978,0.022689280275926284,0.03316125578789226,-0.020943951023931956,0.022689280275926284,0.03316125578789226,0.024434609527920613,-0.022689280275926284,0.04363323129985824,0.04014257279586958,0.024434609527920613,-0.03316125578789226,0.020943951023931956,0.024434609527920613,0.04014257279586958,41.6,41.6,40.1,40.1,40.5,41.0,41.800000000000004,42.6,41.5,42.800000000000004,43.6,43.300000000000004,42.1,41.2,42.2,43.1,41.0,39.300000000000004,40.6,40.5
400376.831068936,rj_dg_1_4,down,-0.16916167664670656,-0.020943951023931956,59.0,40.1,0.027925268031909273,-0.005235987755982989,0.026179938779914945,-0.020943951023931956,-0.010471975511965978,0.010471975511965978,0.022689280275926284,0.03316125578789226,-0.020943951023931956,0.022689280275926284,0.03316125578789226,0.024434609527920613,-0.022689280275926284,0.04363323129985824,0.04014257279586958,0.024434609527920613,-0.03316125578789226,0.020943951023931956,0.024434609527920613,0.04014257279586958,41.6,41.6,40.1,40.1,40.5,41.0,41.800000000000004,42.6,41.5,42.800000000000004,43.6,43.300000000000004,42.1,41.2,42.2,43.1,41.0,39.300000000000004,40.6,40.5
400376.840865448,rj_dg_1_4,down,-0.1721556886227545,-0.013962634015954637,59.0,40.1,0.027925268031909273,-0.005235987755982989,0.026179938779914945,-0.013962634015954637,-0.010471975511965978,0.010471975511965978,0.022689280275926284,0.03316125578789226,-0.020943951023931956,0.022689280275926284,0.03316125578789226,0.024434609527920613,-0.024434609527920613,0.04363323129985824,0.04014257279586958,0.026179938779914945,-0.03316125578789226,0.020943951023931956,0.024434609527920613,0.04014257279586958,41.6,41.6,40.1,40.1,40.5,41.0,41.800000000000004,42.6,41.5,42.800000000000004,43.6,43.300000000000004,42.1,41.2,42.2,43.1,41.0,39.300000000000004,40.6,40.5
400376.841134575,rj_dg_1_4,down,-0.17514970059880242,-0.013962634015954637,59.0,40.1,0.027925268031909273,-0.005235987755982989,0.026179938779914945,-0.013962634015954637,-0.010471975511965978,0.010471975511965978,0.022689280275926284,0.03316125578789226,-0.020943951023931956,0.022689280275926284,0.03316125578789226,0.024434609527920613,-0.024434609527920613,0.04363323129985824,0.04014257279586958,0.026179938779914945,-0.03316125578789226,0.020943951023931956,0.024434609527920613,0.04014257279586958,41.6,41.6,40.1,40.1,40.5,41.0,41.800000000000004,42.6,41.5,42.800000000000004,43.6,43.300000000000004,42.1,41.2,42.2,43.1,41.0,39.300000000000004,40.6,40.5
400376.850894375,rj_dg_1_4,down,-0.1781437125748503,-0.03839724354387525,59.0,40.1,0.027925268031909273,-0.005235987755982989,0.026179938779914945,-0.03839724354387525,-0.010471975511965978,0.010471975511965978,0.022689280275926284,0.03316125578789226,-0.024434609527920613,0.022689280275926284,0.03316125578789226,0.024434609527920613,-0.024434609527920613,0.04363323129985824,0.04014257279586958,0.024434609527920613,-0.03316125578789226,0.019198621771937624,0.024434609527920613,0.04014257279586958,41.6,41.6,40.1,40.1,40.5,41.0,41.800000000000004,42.6,41.5,42.800000000000004,43.6,43.300000000000004,42.1,41.2,42.2,43.1,41.0,39.300000000000004,40.6,40.5
400376.851174998,rj_dg_1_4,down,-0.18113772455089822,-0.03839724354387525,59.0,40.1,0.027925268031909273,-0.005235987755982989,0.026179938779914945,-0.03839724354387525,-0.010471975511965978,0.010471975511965978,0.022689280275926284,0.03316125578789226,-0.024434609527920613,0.022689280275926284,0.03316125578789226,0.024434609527920613,-0.024434609527920613,0.04363323129985824,0.04014257279586958,0.024434609527920613,-0.03316125578789226,0.019198621771937624,0.024434609527920613,0.04014257279586958,41.6,41.6,40.1,40.1,40.5,41.0,41.800000000000004,42.6,41.5,42.800000000000004,43.6,43.300000000000004,42.1,41.2,42.2,43.1,41.0,39.300000000000004,40.6,40.5
400376.860567035,rj_dg_1_4,down,-0.1841317365269461,-0.029670597283903602,59.0,40.1,0.027925268031909273,-0.005235987755982989,0.026179938779914945,-0.029670597283903602,-0.010471975511965978,0.010471975511965978,0.022689280275926284,0.03316125578789226,-0.020943951023931956,0.022689280275926284,0.03316125578789226,0.024434609527920613,-0.024434609527920613,0.04363323129985824,0.04014257279586958,0.024434609527920613,-0.03316125578789226,0.019198621771937624,0.024434609527920613,0.04014257279586958,41.6,41.6,40.1,40.1,40.5,41.0,41.800000000000004,42.6,41.5,42.800000000000004,43.6,43.300000000000004,42.1,41.2,42.2,43.1,41.0,39.300000000000004,40.6,40.5
400376.860807858,rj_dg_1_4,down,-0.18712574850299402,-0.029670597283903602,59.0,40.1,0.027925268031909273,-0.005235987755982989,0.026179938779914945,-0.029670597283903602,-0.010471975511965978,0.010471975511965978,0.022689280275926284,0.03316125578789226,-0.020943951023931956,0.022689280275926284,0.03316125578789226,0.024434609527920613,-0.024434609527920613,0.04363323129985824,0.04014257279586958,0.024434609527920613,-0.03316125578789226,0.019198621771937624,0.024434609527920613,0.04014257279586958,41.6,41.6,40.1,40.1,40.5,41.0,41.800000000000004,42.6,41.5,42.800000000000004,43.6,43.300000000000004,42.1,41.2,42.2,43.1,41.0,39.300000000000004,40.6,40.5
400376.870681353,rj_dg_1_4,down,-0.19011976047904194,-0.0471238898038469,59.0,40.1,0.027925268031909273,-0.005235987755982989,0.026179938779914945,-0.0471238898038469,-0.006981317007977318,0.010471975511965978,0.022689280275926284,0.03316125578789226,-0.020943951023931956,0.022689280275926284,0.03316125578789226,0.024434609527920613,-0.022689280275926284,0.04363323129985824,0.04014257279586958,0.026179938779914945,-0.03316125578789226,0.019198621771937624,0.024434609527920613,0.04014257279586958,41.6,41.6,40.1,40.1,40.5,41.0,41.800000000000004,42.6,41.5,42.800000000000004,43.6,43.300000000000004,42.1,41.2,42.2,43.1,41.0,39.300000000000004,40.6,40.5
400376.870943542,rj_dg_1_4,down,-0.19311377245508982,-0.0471238898038469,59.0,40.1,0.027925268031909273,-0.005235987755982989,0.026179938779914945,-0.0471238898038469,-0.006981317007977318,0.010471975511965978,0.022689280275926284,0.03316125578789226,-0.020943951023931956,0.022689280275926284,0.03316125578789226,0.024434609527920613,-0.022689280275926284,0.04363323129985824,0.04014257279586958,0.026179938779914945,-0.03316125578789226,0.019198621771937624,0.024434609527920613,0.04014257279586958,41.6,41.6,40.1,40.1,40.5,41.0,41.800000000000004,42.6,41.5,42.800000000000004,43.6,43.300000000000004,42.1,41.2,42.2,43.1,41.0,39.300000000000004,40.6,40.5
400376.88075666,rj_dg_1_4,down,-0.19610778443113774,-0.054105206811824215,58.0,40.1,0.027925268031909273,-0.005235987755982989,0.026179938779914945,-0.054105206811824215,-0.010471975511965978,0.010471975511965978,0.022689280275926284,0.03316125578789226,-0.020943951023931956,0.022689280275926284,0.03316125578789226,0.024434609527920613,-0.024434609527920613,0.04363323129985824,0.04014257279586958,0.024434609527920613,-0.03316125578789226,0.020943951023931956,0.024434609527920613,0.04014257279586958,41.6,41.6,40.1,40.1,40.5,41.0,41.800000000000004,42.6,41.5,42.800000000000004,43.6,43.300000000000004,42.1,41.2,42.2,43.1,41.0,39.300000000000004,40.6,40.5
400376.881006293,rj_dg_1_4,down,-0.19910179640718562,-0.054105206811824215,58.0,40.1,0.027925268031909273,-0.005235987755982989,0.026179938779914945,-0.054105206811824215,-0.010471975511965978,0.010471975511965978,0.022689280275926284,0.03316125578789226,-0.020943951023931956,0.022689280275926284,0.03316125578789226,0.024434609527920613,-0.024434609527920613,0.04363323129985824,0.04014257279586958,0.024434609527920613,-0.03316125578789226,0.020943951023931956,0.024434609527920613,0.04014257279586958,41.6,41.6,40.1,40.1,40.5,41.0,41.800000000000004,42.6,41.5,42.800000000000004,43.6,43.300000000000004,42.1,41.2,42.2,43.1,41.0,39.300000000000004,40.6,40.5
400376.890899346,rj_dg_1_4,down,-0.20209580838323354,-0.054105206811824215,58.0,40.1,0.027925268031909273,-0.005235987755982989,0.026179938779914945,-0.054105206811824215,-0.010471975511965978,0.010471975511965978,0.022689280275926284,0.03316125578789226,-0.020943951023931956,0.022689280275926284,0.03316125578789226,0.024434609527920613,-0.024434609527920613,0.04363323129985824,0.04014257279586958,0.024434609527920613,-0.03316125578789226,0.020943951023931956,0.024434609527920613,0.04014257279586958,41.6,41.6,40.1,40.1,40.5,41.0,41.800000000000004,42.6,41.5,42.800000000000004,43.6,43.300000000000004,42.1,41.2,42.2,43.1,41.0,39.300000000000004,40.6,40.5
400376.891651316,rj_dg_1_4,down,-0.20508982035928142,-0.0471238898038469,58.0,40.1,0.027925268031909273,-0.005235987755982989,0.026179938779914945,-0.0471238898038469,-0.010471975511965978,0.010471975511965978,0.022689280275926284,0.03316125578789226,-0.024434609527920613,0.022689280275926284,0.03316125578789226,0.024434609527920613,-0.022689280275926284,0.04363323129985824,0.04014257279586958,0.024434609527920613,-0.03316125578789226,0.019198621771937624,0.024434609527920613,0.04014257279586958,41.6,41.6,40.1,40.1,40.5,41.0,41.800000000000004,42.6,41.5,42.800000000000004,43.6,43.300000000000004,42.1,41.2,42.2,43.1,41.0,39.300000000000004,40.6,40.5
400376.90059163,rj_dg_1_4,down,-0.20808383233532934,-0.06981317007977318,58.0,40.1,0.027925268031909273,-0.005235987755982989,0.026179938779914945,-0.06981317007977318,-0.010471975511965978,0.013962634015954637,0.022689280275926284,0.03316125578789226,-0.024434609527920613,0.022689280275926284,0.03316125578789226,0.024434609527920613,-0.022689280275926284,0.04014257279586958,0.04014257279586958,0.024434609527920613,-0.03316125578789226,0.020943951023931956,0.026179938779914945,0.04014257279586958,41.6,41.6,40.1,40.1,40.5,41.0,41.800000000000004,42.6,41.5,42.800000000000004,43.6,43.300000000000004,42.1,41.2,42.2,43.1,41.0,39.300000000000004,40.6,40.5
400376.900909202,rj_dg_1_4,down,-0.21107784431137727,-0.06981317007977318,58.0,40.1,0.027925268031909273,-0.005235987755982989,0.026179938779914945,-0.06981317007977318,-0.010471975511965978,0.013962634015954637,0.022689280275926284,0.03316125578789226,-0.024434609527920613,0.022689280275926284,0.03316125578789226,0.024434609527920613,-0.022689280275926284,0.04014257279586958,0.04014257279586958,0.024434609527920613,-0.03316125578789226,0.020943951023931956,0.026179938779914945,0.04014257279586958,41.6,41.6,40.1,40.1,40.5,41.0,41.800000000000004,42.6,41.5,42.800000000000004,43.6,43.300000000000004,42.1,41.2,42.2,43.1,41.0,39.300000000000004,40.6,40.5
400376.91062982,rj_dg_1_4,down,-0.21407185628742514,-0.06806784082777885,58.0,40.1,0.027925268031909273,-0.005235987755982989,0.026179938779914945,-0.06806784082777885,-0.010471975511965978,0.010471975511965978,0.022689280275926284,0.03316125578789226,-0.020943951023931956,0.022689280275926284,0.03316125578789226,0.024434609527920613,-0.022689280275926284,0.04363323129985824,0.04014257279586958,0.024434609527920613,-0.03316125578789226,0.019198621771937624,0.024434609527920613,0.04014257279586958,41.6,41.6,40.1,40.1,40.5,41.0,41.800000000000004,42.6,41.5,42.800000000000004,43.6,43.300000000000004,42.1,41.2,42.2,43.1,41.0,39.300000000000004,40.6,40.5
400376.910882255,rj_dg_1_4,down,-0.21706586826347307,-0.06806784082777885,58.0,40.1,0.027925268031909273,-0.005235987755982989,0.026179938779914945,-0.06806784082777885,-0.010471975511965978,0.010471975511965978,0.022689280275926284,0.03316125578789226,-0.020943951023931956,0.022689280275926284,0.03316125578789226,0.024434609527920613,-0.022689280275926284,0.04363323129985824,0.04014257279586958,0.024434609527920613,-0.03316125578789226,0.019198621771937624,0.024434609527920613,0.04014257279586958,41.6,41.6,40.1,40.1,40.5,41.0,41.800000000000004,42.6,41.5,42.800000000000004,43.6,43.300000000000004,42.1,41.2,42.2,43.1,41.0,39.300000000000004,40.6,40.5
400376.920810934,rj_dg_1_4,down,-0.22005988023952094,-0.06806784082777885,58.0,40.1,0.027925268031909273,-0.005235987755982989,0.026179938779914945,-0.06806784082777885,-0.010471975511965978,0.010471975511965978,0.022689280275926284,0.03316125578789226,-0.020943951023931956,0.022689280275926284,0.03316125578789226,0.024434609527920613,-0.022689280275926284,0.04363323129985824,0.04014257279586958,0.024434609527920613,-0.03316125578789226,0.020943951023931956,0.024434609527920613,0.04014257279586958,41.6,41.6,40.1,40.1,40.5,41.0,41.800000000000004,42.6,41.5,42.800000000000004,43.6,43.300000000000004,42.1,41.2,42.2,43.1,41.0,39.300000000000004,40.6,40.5
400376.921054391,rj_dg_1_4,down,-0.22305389221556887,-0.06806784082777885,58.0,40.1,0.027925268031909273,-0.005235987755982989,0.026179938779914945,-0.06806784082777885,-0.010471975511965978,0.010471975511965978,0.022689280275926284,0.03316125578789226,-0.020943951023931956,0.022689280275926284,0.03316125578789226,0.024434609527920613,-0.022689280275926284,0.04363323129985824,0.04014257279586958,0.024434609527920613,-0.03316125578789226,0.020943951023931956,0.024434609527920613,0.04014257279586958,41.6,41.6,40.1,40.1,40.5,41.0,41.800000000000004,42.6,41.5,42.800000000000004,43.6,43.300000000000004,42.1,41.2,42.2,43.1,41.0,39.300000000000004,40.6,40.5
400376.930581283,rj_dg_1_4,down,-0.22604790419161674,-0.0890117918517108,58.0,40.1,0.027925268031909273,-0.005235987755982989,0.026179938779914945,-0.0890117918517108,-0.010471975511965978,0.010471975511965978,0.022689280275926284,0.03316125578789226,-0.024434609527920613,0.022689280275926284,0.03316125578789226,0.024434609527920613,-0.022689280275926284,0.04363323129985824,0.04014257279586958,0.024434609527920613,-0.03316125578789226,0.020943951023931956,0.024434609527920613,0.04014257279586958,41.6,41.6,40.1,40.1,40.5,41.0,41.800000000000004,42.6,41.5,42.800000000000004,43.6,43.300000000000004,42.1,41.2,42.2,43.1,41.0,39.300000000000004,40.6,40.5
400376.930839456,rj_dg_1_4,down,-0.22904191616766467,-0.0890117918517108,58.0,40.1,0.027925268031909273,-0.005235987755982989,0.026179938779914945,-0.0890117918517108,-0.010471975511965978,0.010471975511965978,0.022689280275926284,0.03316125578789226,-0.024434609527920613,0.022689280275926284,0.03316125578789226,0.024434609527920613,-0.022689280275926284,0.04363323129985824,0.04014257279586958,0.024434609527920613,-0.03316125578789226,0.020943951023931956,0.024434609527920613,0.04014257279586958,41.6,41.6,40.1,40.1,40.5,41.0,41.800000000000004,42.6,41.5,42.800000000000004,43.6,43.300000000000004,42.1,41.2,42.2,43.1,41.0,39.300000000000004,40.6,40.5
400376.940491629,rj_dg_1_4,down,-0.2320359281437126,-0.07853981633974483,58.0,40.1,0.024434609527920613,-0.005235987755982989,0.026179938779914945,-0.07853981633974483,-0.010471975511965978,0.010471975511965978,0.022689280275926284,0.03316125578789226,-0.020943951023931956,0.022689280275926284,0.03316125578789226,0.024434609527920613,-0.022689280275926284,0.04363323129985824,0.04014257279586958,0.024434609527920613,-0.03316125578789226,0.019198621771937624,0.024434609527920613,0.04014257279586958,41.6,41.6,40.1,40.1,40.5,41.0,41.800000000000004,42.6,41.5,42.800000000000004,43.6,43.300000000000004,42.1,41.2,42.2,43.1,41.0,39.300000000000004,40.6,40.5
400376.940705682,rj_dg_1_4,down,-0.23502994011976047,-0.07853981633974483,58.0,40.1,0.024434609527920613,-0.005235987755982989,0.026179938779914945,-0.07853981633974483,-0.010471975511965978,0.010471975511965978,0.022689280275926284,0.03316125578789226,-0.020943951023931956,0.022689280275926284,0.03316125578789226,0.024434609527920613,-0.022689280275926284,0.04363323129985824,0.04014257279586958,0.024434609527920613,-0.03316125578789226,0.019198621771937624,0.024434609527920613,0.04014257279586958,41.6,41.6,40.1,40.1,40.5,41.0,41.800000000000004,42.6,41.5,42.800000000000004,43.6,43.300000000000004,42.1,41.2,42.2,43.1,41.0,39.300000000000004,40.6,40.5
400376.950554997,rj_dg_1_4,down,-0.2380239520958084,-0.0890117918517108,58.0,40.1,0.024434609527920613,-0.005235987755982989,0.026179938779914945,-0.0890117918517108,-0.006981317007977318,0.010471975511965978,0.022689280275926284,0.03316125578789226,-0.020943951023931956,0.022689280275926284,0.03316125578789226,0.024434609527920613,-0.024434609527920613,0.04363323129985824,0.04014257279586958,0.024434609527920613,-0.029670597283903602,0.020943951023931956,0.024434609527920613,0.04014257279586958,41.6,41.6,40.1,40.1,40.5,41.0,41.800000000000004,42.6,41.5,42.800000000000004,43.6,43.300000000000004,42.1,41.2,42.2,43.1,41.0,39.300000000000004,40.6,40.5
400376.950798149,rj_dg_1_4,down,-0.24101796407185627,-0.0890117918517108,58.0,40.1,0.024434609527920613,-0.005235987755982989,0.026179938779914945,-0.0890117918517108,-0.006981317007977318,0.010471975511965978,0.022689280275926284,0.03316125578789226,-0.020943951023931956,0.022689280275926284,0.03316125578789226,0.024434609527920613,-0.024434609527920613,0.04363323129985824,0.04014257279586958,0.024434609527920613,-0.029670597283903602,0.020943951023931956,0.024434609527920613,0.04014257279586958,41.6,41.6,40.1,40.1,40.5,41.0,41.800000000000004,42.6,41.5,42.800000000000004,43.6,43.300000000000004,42.1,41.2,42.2,43.1,41.0,39.300000000000004,40.6,40.5
400376.960559115,rj_dg_1_4,down,-0.2440119760479042,-0.10646508437165411,58.0,40.1,0.027925268031909273,-0.005235987755982989,0.026179938779914945,-0.10646508437165411,-0.010471975511965978,0.010471975511965978,0.022689280275926284,0.03316125578789226,-0.020943951023931956,0.022689280275926284,0.03316125578789226,0.024434609527920613,-0.024434609527920613,0.04363323129985824,0.04014257279586958,0.024434609527920613,-0.03316125578789226,0.020943951023931956,0.024434609527920613,0.04014257279586958,41.6,41.6,40.1,40.1,40.5,41.0,41.800000000000004,42.6,41.5,42.800000000000004,43.6,43.300000000000004,42.1,41.2,42.2,43.1,41.0,39.300000000000004,40.6,40.5
400376.960782122,rj_dg_1_4,down,-0.24700598802395207,-0.10646508437165411,58.0,40.1,0.027925268031909273,-0.005235987755982989,0.026179938779914945,-0.10646508437165411,-0.010471975511965978,0.010471975511965978,0.022689280275926284,0.03316125578789226,-0.020943951023931956,0.022689280275926284,0.03316125578789226,0.024434609527920613,-0.024434609527920613,0.04363323129985824,0.04014257279586958,0.024434609527920613,-0.03316125578789226,0.020943951023931956,0.024434609527920613,0.04014257279586958,41.6,41.6,40.1,40.1,40.5,41.0,41.800000000000004,42.6,41.5,42.800000000000004,43.6,43.300000000000004,42.1,41.2,42.2,43.1,41.0,39.300000000000004,40.6,40.5
400376.970580136,rj_dg_1_4,down,-0.25,-0.09948376736367678,58.0,40.1,0.027925268031909273,-0.005235987755982989,0.026179938779914945,-0.09948376736367678,-0.006981317007977318,0.010471975511965978,0.022689280275926284,0.03316125578789226,-0.020943951023931956,0.022689280275926284,0.03316125578789226,0.024434609527920613,-0.024434609527920613,0.04363323129985824,0.04014257279586958,0.024434609527920613,-0.03316125578789226,0.020943951023931956,0.024434609527920613,0.04014257279586958,41.6,41.6,40.1,40.1,40.5,41.0,41.800000000000004,42.6,41.5,42.800000000000004,43.6,43.300000000000004,42.1,41.2,42.2,43.1,41.0,39.300000000000004,40.6,40.5
400376.970833943,rj_dg_1_4,down_hold,-0.25,-0.09948376736367678,58.0,40.1,0.027925268031909273,-0.005235987755982989,0.026179938779914945,-0.09948376736367678,-0.006981317007977318,0.010471975511965978,0.022689280275926284,0.03316125578789226,-0.020943951023931956,0.022689280275926284,0.03316125578789226,0.024434609527920613,-0.024434609527920613,0.04363323129985824,0.04014257279586958,0.024434609527920613,-0.03316125578789226,0.020943951023931956,0.024434609527920613,0.04014257279586958,41.6,41.6,40.1,40.1,40.5,41.0,41.800000000000004,42.6,41.5,42.800000000000004,43.6,43.300000000000004,42.1,41.2,42.2,43.1,41.0,39.300000000000004,40.6,40.5
400376.980644381,rj_dg_1_4,down_hold,-0.25,-0.09599310885968813,58.0,40.1,0.027925268031909273,-0.005235987755982989,0.026179938779914945,-0.09599310885968813,-0.010471975511965978,0.010471975511965978,0.022689280275926284,0.03316125578789226,-0.020943951023931956,0.022689280275926284,0.03316125578789226,0.024434609527920613,-0.022689280275926284,0.04363323129985824,0.04014257279586958,0.024434609527920613,-0.03316125578789226,0.020943951023931956,0.024434609527920613,0.04014257279586958,41.6,41.6,40.1,40.1,40.5,41.0,41.800000000000004,42.6,41.5,42.800000000000004,43.6,43.300000000000004,42.1,41.2,42.2,43.1,41.0,39.300000000000004,40.6,40.5
400376.980861563,rj_dg_1_4,down_hold,-0.25,-0.09599310885968813,58.0,40.1,0.027925268031909273,-0.005235987755982989,0.026179938779914945,-0.09599310885968813,-0.010471975511965978,0.010471975511965978,0.022689280275926284,0.03316125578789226,-0.020943951023931956,0.022689280275926284,0.03316125578789226,0.024434609527920613,-0.022689280275926284,0.04363323129985824,0.04014257279586958,0.024434609527920613,-0.03316125578789226,0.020943951023931956,0.024434609527920613,0.04014257279586958,41.6,41.6,40.1,40.1,40.5,41.0,41.800000000000004,42.6,41.5,42.800000000000004,43.6,43.300000000000004,42.1,41.2,42.2,43.1,41.0,39.300000000000004,40.6,40.5
400376.990649754,rj_dg_1_4,down_hold,-0.25,-0.1117010721276371,58.0,40.1,0.027925268031909273,-0.005235987755982989,0.026179938779914945,-0.1117010721276371,-0.010471975511965978,0.010471975511965978,0.022689280275926284,0.03316125578789226,-0.020943951023931956,0.022689280275926284,0.03316125578789226,0.024434609527920613,-0.024434609527920613,0.04363323129985824,0.04014257279586958,0.024434609527920613,-0.03316125578789226,0.019198621771937624,0.024434609527920613,0.04014257279586958,41.6,41.6,40.1,40.1,40.5,41.0,41.800000000000004,42.6,41.5,42.800000000000004,43.6,43.300000000000004,42.1,41.2,42.2,43.1,41.0,39.300000000000004,40.6,40.5
400376.990872913,rj_dg_1_4,down_hold,-0.25,-0.1117010721276371,58.0,40.1,0.027925268031909273,-0.005235987755982989,0.026179938779914945,-0.1117010721276371,-0.010471975511965978,0.010471975511965978,0.022689280275926284,0.03316125578789226,-0.020943951023931956,0.022689280275926284,0.03316125578789226,0.024434609527920613,-0.024434609527920613,0.04363323129985824,0.04014257279586958,0.024434609527920613,-0.03316125578789226,0.019198621771937624,0.024434609527920613,0.04014257279586958,41.6,41.6,40.1,40.1,40.5,41.0,41.800000000000004,42.6,41.5,42.800000000000004,43.6,43.300000000000004,42.1,41.2,42.2,43.1,41.0,39.300000000000004,40.6,40.5
400377.000646511,rj_dg_1_4,down_hold,-0.25,-0.1239183768915974,58.0,40.1,0.027925268031909273,-0.005235987755982989,0.026179938779914945,-0.1239183768915974,-0.010471975511965978,0.010471975511965978,0.022689280275926284,0.03316125578789226,-0.020943951023931956,0.022689280275926284,0.03316125578789226,0.024434609527920613,-0.024434609527920613,0.04363323129985824,0.04014257279586958,0.026179938779914945,-0.029670597283903602,0.020943951023931956,0.024434609527920613,0.04014257279586958,41.6,41.6,40.1,40.1,40.5,41.0,41.800000000000004,42.6,41.5,42.800000000000004,43.6,43.300000000000004,42.1,41.2,42.2,43.1,41.0,39.300000000000004,40.6,40.5
400377.000874738,rj_dg_1_4,down_hold,-0.25,-0.1239183768915974,58.0,40.1,0.027925268031909273,-0.005235987755982989,0.026179938779914945,-0.1239183768915974,-0.010471975511965978,0.010471975511965978,0.022689280275926284,0.03316125578789226,-0.020943951023931956,0.022689280275926284,0.03316125578789226,0.024434609527920613,-0.024434609527920613,0.04363323129985824,0.04014257279586958,0.026179938779914945,-0.029670597283903602,0.020943951023931956,0.024434609527920613,0.04014257279586958,41.6,41.6,40.1,40.1,40.5,41.0,41.800000000000004,42.6,41.5,42.800000000000004,43.6,43.300000000000004,42.1,41.2,42.2,43.1,41.0,39.300000000000004,40.6,40.5
400377.010726845,rj_dg_1_4,down_hold,-0.25,-0.1117010721276371,58.0,40.1,0.027925268031909273,-0.005235987755982989,0.026179938779914945,-0.1117010721276371,-0.010471975511965978,0.010471975511965978,0.022689280275926284,0.03316125578789226,-0.020943951023931956,0.022689280275926284,0.03316125578789226,0.024434609527920613,-0.022689280275926284,0.04363323129985824,0.04014257279586958,0.026179938779914945,-0.03316125578789226,0.020943951023931956,0.024434609527920613,0.04014257279586958,41.6,41.6,40.1,40.1,40.5,41.0,41.800000000000004,42.6,41.5,42.800000000000004,43.6,43.300000000000004,42.1,41.2,42.2,43.1,41.0,39.300000000000004,40.6,40.5
400377.010967633,rj_dg_1_4,down_hold,-0.25,-0.1117010721276371,58.0,40.1,0.027925268031909273,-0.005235987755982989,0.026179938779914945,-0.1117010721276371,-0.010471975511965978,0.010471975511965978,0.022689280275926284,0.03316125578789226,-0.020943951023931956,0.022689280275926284,0.03316125578789226,0.024434609527920613,-0.022689280275926284,0.04363323129985824,0.04014257279586958,0.026179938779914945,-0.03316125578789226,0.020943951023931956,0.024434609527920613,0.04014257279586958,41.6,41.6,40.1,40.1,40.5,41.0,41.800000000000004,42.6,41.5,42.800000000000004,43.6,43.300000000000004,42.1,41.2,42.2,43.1,41.0,39.300000000000004,40.6,40.5
400377.020698125,rj_dg_1_4,down_hold,-0.25,-0.11693705988362008,60.0,40.1,0.024434609527920613,-0.005235987755982989,0.026179938779914945,-0.11693705988362008,-0.010471975511965978,0.010471975511965978,0.022689280275926284,0.03316125578789226,-0.020943951023931956,0.022689280275926284,0.03316125578789226,0.024434609527920613,-0.024434609527920613,0.04363323129985824,0.04014257279586958,0.026179938779914945,-0.03316125578789226,0.019198621771937624,0.024434609527920613,0.04014257279586958,41.6,41.6,40.1,40.1,40.5,41.0,41.800000000000004,42.6,41.5,42.800000000000004,43.6,43.300000000000004,42.1,41.2,42.2,43.1,41.0,39.300000000000004,40.6,40.5
400377.020912903,rj_dg_1_4,down_hold,-0.25,-0.11693705988362008,60.0,40.1,0.024434609527920613,-0.005235987755982989,0.026179938779914945,-0.11693705988362008,-0.010471975511965978,0.010471975511965978,0.022689280275926284,0.03316125578789226,-0.020943951023931956,0.022689280275926284,0.03316125578789226,0.024434609527920613,-0.024434609527920613,0.04363323129985824,0.04014257279586958,0.026179938779914945,-0.03316125578789226,0.019198621771937624,0.024434609527920613,0.04014257279586958,41.6,41.6,40.1,40.1,40.5,41.0,41.800000000000004,42.6,41.5,42.800000000000004,43.6,43.300000000000004,42.1,41.2,42.2,43.1,41.0,39.300000000000004,40.6,40.5
400377.03073261,rj_dg_1_4,down_hold,-0.25,-0.13264502315156904,60.0,40.1,0.027925268031909273,-0.005235987755982989,0.026179938779914945,-0.13264502315156904,-0.010471975511965978,0.010471975511965978,0.022689280275926284,0.03316125578789226,-0.020943951023931956,0.022689280275926284,0.03316125578789226,0.024434609527920613,-0.024434609527920613,0.04363323129985824,0.04014257279586958,0.024434609527920613,-0.03316125578789226,0.019198621771937624,0.024434609527920613,0.04014257279586958,41.6,41.6,40.1,40.1,40.5,41.0,41.800000000000004,42.6,41.5,42.800000000000004,43.6,43.300000000000004,42.1,41.2,42.2,43.1,41.0,39.300000000000004,40.6,40.5
400377.030976392,rj_dg_1_4,down_hold,-0.25,-0.13264502315156904,60.0,40.1,0.027925268031909273,-0.005235987755982989,0.026179938779914945,-0.13264502315156904,-0.010471975511965978,0.010471975511965978,0.022689280275926284,0.03316125578789226,-0.020943951023931956,0.022689280275926284,0.03316125578789226,0.024434609527920613,-0.024434609527920613,0.04363323129985824,0.04014257279586958,0.024434609527920613,-0.03316125578789226,0.019198621771937624,0.024434609527920613,0.04014257279586958,41.6,41.6,40.1,40.1,40.5,41.0,41.800000000000004,42.6,41.5,42.800000000000004,43.6,43.300000000000004,42.1,41.2,42.2,43.1,41.0,39.300000000000004,40.6,40.5
400377.040446468,rj_dg_1_4,down_hold,-0.25,-0.13962634015954636,60.0,40.1,0.024434609527920613,-0.005235987755982989,0.026179938779914945,-0.13962634015954636,-0.010471975511965978,0.010471975511965978,0.022689280275926284,0.03316125578789226,-0.020943951023931956,0.022689280275926284,0.03316125578789226,0.024434609527920613,-0.024434609527920613,0.04363323129985824,0.04014257279586958,0.024434609527920613,-0.03316125578789226,0.020943951023931956,0.024434609527920613,0.04014257279586958,41.6,41.6,40.1,40.1,40.5,41.0,41.800000000000004,42.6,41.5,42.800000000000004,43.6,43.300000000000004,42.1,41.2,42.2,43.1,41.0,39.300000000000004,40.6,40.5
400377.040698051,rj_dg_1_4,down_hold,-0.25,-0.13962634015954636,60.0,40.1,0.024434609527920613,-0.005235987755982989,0.026179938779914945,-0.13962634015954636,-0.010471975511965978,0.010471975511965978,0.022689280275926284,0.03316125578789226,-0.020943951023931956,0.022689280275926284,0.03316125578789226,0.024434609527920613,-0.024434609527920613,0.04363323129985824,0.04014257279586958,0.024434609527920613,-0.03316125578789226,0.020943951023931956,0.024434609527920613,0.04014257279586958,41.6,41.6,40.1,40.1,40.5,41.0,41.800000000000004,42.6,41.5,42.800000000000004,43.6,43.300000000000004,42.1,41.2,42.2,43.1,41.0,39.300000000000004,40.6,40.5
400377.050654489,rj_dg_1_4,down_hold,-0.25,-0.1413716694115407,60.0,40.1,0.024434609527920613,-0.005235987755982989,0.026179938779914945,-0.1413716694115407,-0.006981317007977318,0.010471975511965978,0.022689280275926284,0.031415926535897934,-0.020943951023931956,0.022689280275926284,0.03316125578789226,0.024434609527920613,-0.024434609527920613,0.04363323129985824,0.04014257279586958,0.024434609527920613,-0.03316125578789226,0.019198621771937624,0.024434609527920613,0.04014257279586958,41.6,41.6,40.1,40.1,40.5,41.0,41.800000000000004,42.6,41.5,42.800000000000004,43.6,43.300000000000004,42.1,41.2,42.2,43.1,41.0,39.300000000000004,40.6,40.5
400377.050922658,rj_dg_1_4,down_hold,-0.25,-0.1413716694115407,60.0,40.1,0.024434609527920613,-0.005235987755982989,0.026179938779914945,-0.1413716694115407,-0.006981317007977318,0.010471975511965978,0.022689280275926284,0.031415926535897934,-0.020943951023931956,0.022689280275926284,0.03316125578789226,0.024434609527920613,-0.024434609527920613,0.04363323129985824,0.04014257279586958,0.024434609527920613,-0.03316125578789226,0.019198621771937624,0.024434609527920613,0.04014257279586958,41.6,41.6,40.1,40.1,40.5,41.0,41.800000000000004,42.6,41.5,42.800000000000004,43.6,43.300000000000004,42.1,41.2,42.2,43.1,41.0,39.300000000000004,40.6,40.5
400377.060688015,rj_dg_1_4,down_hold,-0.25,-0.13788101090755203,60.0,40.1,0.027925268031909273,-0.005235987755982989,0.026179938779914945,-0.13788101090755203,-0.010471975511965978,0.010471975511965978,0.022689280275926284,0.03316125578789226,-0.020943951023931956,0.022689280275926284,0.03316125578789226,0.024434609527920613,-0.024434609527920613,0.04363323129985824,0.04014257279586958,0.024434609527920613,-0.03316125578789226,0.020943951023931956,0.024434609527920613,0.04014257279586958,41.6,41.6,40.1,40.1,40.5,41.0,41.800000000000004,42.6,41.5,42.800000000000004,43.6,43.300000000000004,42.1,41.2,42.2,43.1,41.0,39.300000000000004,40.6,40.5
400377.060963526,rj_dg_1_4,down_hold,-0.25,-0.13788101090755203,60.0,40.1,0.027925268031909273,-0.005235987755982989,0.026179938779914945,-0.13788101090755203,-0.010471975511965978,0.010471975511965978,0.022689280275926284,0.03316125578789226,-0.020943951023931956,0.022689280275926284,0.03316125578789226,0.024434609527920613,-0.024434609527920613,0.04363323129985824,0.04014257279586958,0.024434609527920613,-0.03316125578789226,0.020943951023931956,0.024434609527920613,0.04014257279586958,41.6,41.6,40.1,40.1,40.5,41.0,41.800000000000004,42.6,41.5,42.800000000000004,43.6,43.300000000000004,42.1,41.2,42.2,43.1,41.0,39.300000000000004,40.6,40.5
400377.070707496,rj_dg_1_4,down_hold,-0.25,-0.13788101090755203,60.0,40.1,0.024434609527920613,-0.005235987755982989,0.026179938779914945,-0.13788101090755203,-0.010471975511965978,0.010471975511965978,0.022689280275926284,0.03316125578789226,-0.020943951023931956,0.022689280275926284,0.03316125578789226,0.024434609527920613,-0.024434609527920613,0.04363323129985824,0.04014257279586958,0.024434609527920613,-0.03316125578789226,0.020943951023931956,0.024434609527920613,0.04014257279586958,41.6,41.6,40.1,40.1,40.5,41.0,41.800000000000004,42.6,41.5,42.800000000000004,43.6,43.300000000000004,42.1,41.2,42.2,43.1,41.0,39.300000000000004,40.6,40.5
400377.071288564,rj_dg_1_4,down_hold,-0.25,-0.13788101090755203,60.0,40.1,0.024434609527920613,-0.005235987755982989,0.026179938779914945,-0.13788101090755203,-0.010471975511965978,0.010471975511965978,0.022689280275926284,0.03316125578789226,-0.020943951023931956,0.022689280275926284,0.03316125578789226,0.024434609527920613,-0.024434609527920613,0.04363323129985824,0.04014257279586958,0.024434609527920613,-0.03316125578789226,0.020943951023931956,0.024434609527920613,0.04014257279586958,41.6,41.6,40.1,40.1,40.5,41.0,41.800000000000004,42.6,41.5,42.800000000000004,43.6,43.300000000000004,42.1,41.2,42.2,43.1,41.0,39.300000000000004,40.6,40.5
400377.080438548,rj_dg_1_4,down_hold,-0.25,-0.13788101090755203,60.0,40.1,0.027925268031909273,-0.005235987755982989,0.026179938779914945,-0.13788101090755203,-0.010471975511965978,0.010471975511965978,0.022689280275926284,0.03316125578789226,-0.020943951023931956,0.022689280275926284,0.03316125578789226,0.024434609527920613,-0.024434609527920613,0.04363323129985824,0.04014257279586958,0.024434609527920613,-0.029670597283903602,0.020943951023931956,0.024434609527920613,0.04014257279586958,41.6,41.6,40.1,40.1,40.5,41.0,41.800000000000004,42.6,41.5,42.800000000000004,43.6,43.300000000000004,42.1,41.2,42.2,43.1,41.0,39.300000000000004,40.6,40.5
400377.080658494,rj_dg_1_4,down_hold,-0.25,-0.13788101090755203,60.0,40.1,0.027925268031909273,-0.005235987755982989,0.026179938779914945,-0.13788101090755203,-0.010471975511965978,0.010471975511965978,0.022689280275926284,0.03316125578789226,-0.020943951023931956,0.022689280275926284,0.03316125578789226,0.024434609527920613,-0.024434609527920613,0.04363323129985824,0.04014257279586958,0.024434609527920613,-0.029670597283903602,0.020943951023931956,0.024434609527920613,0.04014257279586958,41.6,41.6,40.1,40.1,40.5,41.0,41.800000000000004,42.6,41.5,42.800000000000004,43.6,43.300000000000004,42.1,41.2,42.2,43.1,41.0,39.300000000000004,40.6,40.5
400377.090690952,rj_dg_1_4,down_hold,-0.25,-0.13788101090755203,60.0,40.1,0.027925268031909273,-0.005235987755982989,0.026179938779914945,-0.13788101090755203,-0.010471975511965978,0.010471975511965978,0.022689280275926284,0.03316125578789226,-0.020943951023931956,0.022689280275926284,0.03316125578789226,0.024434609527920613,-0.024434609527920613,0.04363323129985824,0.04014257279586958,0.024434609527920613,-0.03316125578789226,0.020943951023931956,0.024434609527920613,0.04014257279586958,41.6,41.6,40.1,40.1,40.5,41.0,41.800000000000004,42.6,41.5,42.800000000000004,43.6,43.300000000000004,42.1,41.2,42.2,43.1,41.0,39.300000000000004,40.6,40.5
400377.090973302,rj_dg_1_4,down_hold,-0.25,-0.13788101090755203,60.0,40.1,0.027925268031909273,-0.005235987755982989,0.026179938779914945,-0.13788101090755203,-0.010471975511965978,0.010471975511965978,0.022689280275926284,0.03316125578789226,-0.020943951023931956,0.022689280275926284,0.03316125578789226,0.024434609527920613,-0.024434609527920613,0.04363323129985824,0.04014257279586958,0.024434609527920613,-0.03316125578789226,0.020943951023931956,0.024434609527920613,0.04014257279586958,41.6,41.6,40.1,40.1,40.5,41.0,41.800000000000004,42.6,41.5,42.800000000000004,43.5,43.300000000000004,42.1,41.2,42.2,43.1,41.0,39.300000000000004,40.6,40.5
400377.100571154,rj_dg_1_4,down_hold,-0.25,-0.13788101090755203,60.0,40.1,0.027925268031909273,-0.005235987755982989,0.026179938779914945,-0.13788101090755203,-0.010471975511965978,0.010471975511965978,0.022689280275926284,0.03316125578789226,-0.020943951023931956,0.022689280275926284,0.03316125578789226,0.024434609527920613,-0.024434609527920613,0.04363323129985824,0.04014257279586958,0.024434609527920613,-0.03316125578789226,0.019198621771937624,0.024434609527920613,0.04014257279586958,41.6,41.6,40.1,40.1,40.5,41.0,41.800000000000004,42.6,41.5,42.800000000000004,43.5,43.300000000000004,42.1,41.2,42.2,43.1,41.0,39.300000000000004,40.6,40.5
400377.100873748,rj_dg_1_4,down_hold,-0.25,-0.13788101090755203,60.0,40.1,0.027925268031909273,-0.005235987755982989,0.026179938779914945,-0.13788101090755203,-0.010471975511965978,0.010471975511965978,0.022689280275926284,0.03316125578789226,-0.020943951023931956,0.022689280275926284,0.03316125578789226,0.024434609527920613,-0.024434609527920613,0.04363323129985824,0.04014257279586958,0.024434609527920613,-0.03316125578789226,0.019198621771937624,0.024434609527920613,0.04014257279586958,41.6,41.6,40.1,40.1,40.5,41.0,41.800000000000004,42.6,41.5,42.800000000000004,43.5,43.300000000000004,42.1,41.2,42.2,43.1,41.0,39.300000000000004,40.6,40.5
400377.111035863,rj_dg_1_4,down_hold,-0.25,-0.13788101090755203,60.0,40.1,0.027925268031909273,-0.005235987755982989,0.026179938779914945,-0.13788101090755203,-0.010471975511965978,0.010471975511965978,0.022689280275926284,0.03316125578789226,-0.020943951023931956,0.022689280275926284,0.03316125578789226,0.024434609527920613,-0.024434609527920613,0.04363323129985824,0.04363323129985824,0.024434609527920613,-0.03316125578789226,0.019198621771937624,0.026179938779914945,0.04014257279586958,41.6,41.6,40.1,40.1,40.5,41.0,41.800000000000004,42.6,41.5,42.800000000000004,43.5,43.300000000000004,42.1,41.2,42.2,43.1,41.0,39.300000000000004,40.6,40.5
400377.111294633,rj_dg_1_4,down_hold,-0.25,-0.13788101090755203,60.0,40.1,0.027925268031909273,-0.005235987755982989,0.026179938779914945,-0.13788101090755203,-0.010471975511965978,0.010471975511965978,0.022689280275926284,0.03316125578789226,-0.020943951023931956,0.022689280275926284,0.03316125578789226,0.024434609527920613,-0.024434609527920613,0.04363323129985824,0.04363323129985824,0.024434609527920613,-0.03316125578789226,0.019198621771937624,0.026179938779914945,0.04014257279586958,41.6,41.6,40.1,40.1,40.5,41.0,41.800000000000004,42.6,41.5,42.800000000000004,43.5,43.300000000000004,42.1,41.2,42.2,43.1,41.0,39.300000000000004,40.6,40.5
400377.12057183,rj_dg_1_4,down_hold,-0.25,-0.13788101090755203,60.0,40.1,0.027925268031909273,-0.0017453292519943296,0.026179938779914945,-0.13788101090755203,-0.010471975511965978,0.010471975511965978,0.022689280275926284,0.03316125578789226,-0.020943951023931956,0.022689280275926284,0.03316125578789226,0.024434609527920613,-0.024434609527920613,0.04363323129985824,0.04363323129985824,0.024434609527920613,-0.03316125578789226,0.020943951023931956,0.024434609527920613,0.04014257279586958,41.6,41.6,40.1,40.1,40.5,41.0,41.800000000000004,42.6,41.5,42.800000000000004,43.5,43.300000000000004,42.1,41.2,42.2,43.1,41.0,39.300000000000004,40.6,40.5
400377.120806373,rj_dg_1_4,down_hold,-0.25,-0.13788101090755203,60.0,40.1,0.027925268031909273,-0.0017453292519943296,0.026179938779914945,-0.13788101090755203,-0.010471975511965978,0.010471975511965978,0.022689280275926284,0.03316125578789226,-0.020943951023931956,0.022689280275926284,0.03316125578789226,0.024434609527920613,-0.024434609527920613,0.04363323129985824,0.04363323129985824,0.024434609527920613,-0.03316125578789226,0.020943951023931956,0.024434609527920613,0.04014257279586958,41.6,41.6,40.1,40.1,40.5,41.0,41.800000000000004,42.6,41.5,42.800000000000004,43.5,43.300000000000004,42.1,41.2,42.2,43.1,41.0,39.300000000000004,40.6,40.5
400377.130671254,rj_dg_1_4,down_hold,-0.25,-0.13788101090755203,60.0,40.1,0.027925268031909273,-0.0017453292519943296,0.026179938779914945,-0.13788101090755203,-0.010471975511965978,0.010471975511965978,0.022689280275926284,0.03316125578789226,-0.020943951023931956,0.022689280275926284,0.03316125578789226,0.024434609527920613,-0.024434609527920613,0.04363323129985824,0.04363323129985824,0.024434609527920613,-0.03316125578789226,0.020943951023931956,0.024434609527920613,0.04014257279586958,41.6,41.6,40.1,40.1,40.5,41.0,41.800000000000004,42.6,41.5,42.800000000000004,43.5,43.300000000000004,42.1,41.2,42.2,43.1,41.0,39.300000000000004,40.6,40.5
400377.130865701,rj_dg_1_4,down_hold,-0.25,-0.13788101090755203,60.0,40.1,0.027925268031909273,-0.005235987755982989,0.026179938779914945,-0.13788101090755203,-0.010471975511965978,0.010471975511965978,0.022689280275926284,0.03316125578789226,-0.020943951023931956,0.022689280275926284,0.03316125578789226,0.020943951023931956,-0.024434609527920613,0.04363323129985824,0.04014257279586958,0.024434609527920613,-0.03316125578789226,0.020943951023931956,0.024434609527920613,0.04014257279586958,41.6,41.6,40.1,40.1,40.5,41.0,41.800000000000004,42.6,41.5,42.800000000000004,43.5,43.300000000000004,42.1,41.2,42.2,43.1,41.0,39.300000000000004,40.6,40.5
400377.14072168,rj_dg_1_4,down_hold,-0.25,-0.13788101090755203,60.0,40.1,0.027925268031909273,-0.005235987755982989,0.026179938779914945,-0.13788101090755203,-0.010471975511965978,0.010471975511965978,0.022689280275926284,0.03316125578789226,-0.020943951023931956,0.022689280275926284,0.03316125578789226,0.024434609527920613,-0.024434609527920613,0.04363323129985824,0.04014257279586958,0.024434609527920613,-0.03316125578789226,0.020943951023931956,0.024434609527920613,0.04014257279586958,41.6,41.6,40.1,40.1,40.5,41.0,41.800000000000004,42.6,41.5,42.800000000000004,43.5,43.300000000000004,42.1,41.2,42.2,43.1,41.0,39.300000000000004,40.6,40.5
400377.14092778,rj_dg_1_4,down_hold,-0.25,-0.13788101090755203,60.0,40.1,0.027925268031909273,-0.005235987755982989,0.026179938779914945,-0.13788101090755203,-0.010471975511965978,0.010471975511965978,0.022689280275926284,0.03316125578789226,-0.020943951023931956,0.022689280275926284,0.03316125578789226,0.024434609527920613,-0.024434609527920613,0.04363323129985824,0.04014257279586958,0.024434609527920613,-0.03316125578789226,0.020943951023931956,0.024434609527920613,0.04014257279586958,41.6,41.6,40.1,40.1,40.5,41.0,41.800000000000004,42.6,41.5,42.800000000000004,43.5,43.300000000000004,42.1,41.2,42.2,43.1,41.0,39.300000000000004,40.6,40.5
400377.150590369,rj_dg_1_4,down_hold,-0.25,-0.13788101090755203,48.0,40.1,0.027925268031909273,-0.005235987755982989,0.026179938779914945,-0.13788101090755203,-0.010471975511965978,0.010471975511965978,0.022689280275926284,0.03316125578789226,-0.020943951023931956,0.022689280275926284,0.03316125578789226,0.024434609527920613,-0.022689280275926284,0.04363323129985824,0.04014257279586958,0.024434609527920613,-0.03316125578789226,0.020943951023931956,0.024434609527920613,0.04014257279586958,41.6,41.6,40.1,40.1,40.5,41.0,41.800000000000004,42.6,41.5,42.800000000000004,43.5,43.300000000000004,42.1,41.2,42.2,43.1,41.0,39.300000000000004,40.6,40.5
400377.150791603,rj_dg_1_4,down_hold,-0.25,-0.13788101090755203,48.0,40.1,0.027925268031909273,-0.005235987755982989,0.026179938779914945,-0.13788101090755203,-0.010471975511965978,0.010471975511965978,0.022689280275926284,0.03316125578789226,-0.020943951023931956,0.022689280275926284,0.03316125578789226,0.024434609527920613,-0.022689280275926284,0.04363323129985824,0.04014257279586958,0.024434609527920613,-0.03316125578789226,0.020943951023931956,0.024434609527920613,0.04014257279586958,41.6,41.6,40.1,40.1,40.5,41.0,41.800000000000004,42.6,41.5,42.800000000000004,43.5,43.300000000000004,42.1,41.2,42.2,43.1,41.0,39.300000000000004,40.6,40.5
400377.160551506,rj_dg_1_4,down_hold,-0.25,-0.13788101090755203,48.0,40.1,0.027925268031909273,-0.005235987755982989,0.026179938779914945,-0.13788101090755203,-0.010471975511965978,0.010471975511965978,0.022689280275926284,0.03316125578789226,-0.020943951023931956,0.022689280275926284,0.03316125578789226,0.024434609527920613,-0.022689280275926284,0.04363323129985824,0.04014257279586958,0.026179938779914945,-0.03316125578789226,0.019198621771937624,0.024434609527920613,0.04014257279586958,41.6,41.6,40.1,40.1,40.5,41.0,41.800000000000004,42.6,41.5,42.800000000000004,43.5,43.300000000000004,42.1,41.2,42.2,43.1,41.0,39.300000000000004,40.6,40.5
400377.160756395,rj_dg_1_4,down_hold,-0.25,-0.13788101090755203,48.0,40.1,0.027925268031909273,-0.005235987755982989,0.026179938779914945,-0.13788101090755203,-0.010471975511965978,0.010471975511965978,0.022689280275926284,0.03316125578789226,-0.020943951023931956,0.022689280275926284,0.03316125578789226,0.024434609527920613,-0.022689280275926284,0.04363323129985824,0.04014257279586958,0.026179938779914945,-0.03316125578789226,0.019198621771937624,0.024434609527920613,0.04014257279586958,41.6,41.6,40.1,40.1,40.5,41.0,41.800000000000004,42.6,41.5,42.800000000000004,43.5,43.300000000000004,42.1,41.2,42.2,43.1,41.0,39.300000000000004,40.6,40.5
400377.170595632,rj_dg_1_4,down_hold,-0.25,-0.13788101090755203,48.0,40.1,0.024434609527920613,-0.005235987755982989,0.026179938779914945,-0.13788101090755203,-0.010471975511965978,0.010471975511965978,0.022689280275926284,0.03316125578789226,-0.024434609527920613,0.022689280275926284,0.03316125578789226,0.024434609527920613,-0.022689280275926284,0.04363323129985824,0.04014257279586958,0.024434609527920613,-0.03316125578789226,0.019198621771937624,0.024434609527920613,0.04014257279586958,41.6,41.6,40.1,40.1,40.5,41.0,41.800000000000004,42.6,41.5,42.800000000000004,43.5,43.300000000000004,42.1,41.2,42.2,43.1,41.0,39.300000000000004,40.6,40.5
400377.170830568,rj_dg_1_4,down_hold,-0.25,-0.13788101090755203,48.0,40.1,0.024434609527920613,-0.005235987755982989,0.026179938779914945,-0.13788101090755203,-0.010471975511965978,0.010471975511965978,0.022689280275926284,0.03316125578789226,-0.024434609527920613,0.022689280275926284,0.03316125578789226,0.024434609527920613,-0.022689280275926284,0.04363323129985824,0.04014257279586958,0.024434609527920613,-0.03316125578789226,0.019198621771937624,0.024434609527920613,0.04014257279586958,41.6,41.6,40.1,40.1,40.5,41.0,41.800000000000004,42.6,41.5,42.800000000000004,43.5,43.300000000000004,42.1,41.2,42.2,43.1,41.0,39.300000000000004,40.6,40.5
400377.180571003,rj_dg_1_4,down_hold,-0.25,-0.13788101090755203,48.0,40.1,0.024434609527920613,-0.005235987755982989,0.026179938779914945,-0.13788101090755203,-0.010471975511965978,0.010471975511965978,0.022689280275926284,0.03316125578789226,-0.020943951023931956,0.022689280275926284,0.03316125578789226,0.024434609527920613,-0.024434609527920613,0.04363323129985824,0.04014257279586958,0.024434609527920613,-0.03316125578789226,0.019198621771937624,0.024434609527920613,0.04014257279586958,41.6,41.6,40.1,40.1,40.5,41.0,41.800000000000004,42.6,41.5,42.800000000000004,43.5,43.300000000000004,42.1,41.2,42.2,43.1,41.0,39.300000000000004,40.6,40.5
400377.180878903,rj_dg_1_4,down_hold,-0.25,-0.13788101090755203,48.0,40.1,0.024434609527920613,-0.005235987755982989,0.026179938779914945,-0.13788101090755203,-0.010471975511965978,0.010471975511965978,0.022689280275926284,0.03316125578789226,-0.020943951023931956,0.022689280275926284,0.03316125578789226,0.024434609527920613,-0.024434609527920613,0.04363323129985824,0.04014257279586958,0.024434609527920613,-0.03316125578789226,0.019198621771937624,0.024434609527920613,0.04014257279586958,41.6,41.6,40.1,40.1,40.5,41.0,41.800000000000004,42.6,41.5,42.800000000000004,43.5,43.300000000000004,42.1,41.2,42.2,43.1,41.0,39.300000000000004,40.6,40.5
400377.190863937,rj_dg_1_4,down_hold,-0.25,-0.13788101090755203,48.0,40.1,0.024434609527920613,-0.005235987755982989,0.026179938779914945,-0.13788101090755203,-0.010471975511965978,0.010471975511965978,0.022689280275926284,0.03316125578789226,-0.020943951023931956,0.022689280275926284,0.03316125578789226,0.024434609527920613,-0.022689280275926284,0.04363323129985824,0.04014257279586958,0.024434609527920613,-0.03316125578789226,0.020943951023931956,0.024434609527920613,0.04014257279586958,41.6,41.6,40.1,40.1,40.5,41.0,41.800000000000004,42.6,41.5,42.800000000000004,43.5,43.300000000000004,42.1,41.2,42.2,43.1,41.0,39.300000000000004,40.6,40.5
400377.191167301,rj_dg_1_4,down_hold,-0.25,-0.13788101090755203,48.0,40.1,0.024434609527920613,-0.005235987755982989,0.026179938779914945,-0.13788101090755203,-0.010471975511965978,0.010471975511965978,0.022689280275926284,0.03316125578789226,-0.020943951023931956,0.022689280275926284,0.03316125578789226,0.024434609527920613,-0.022689280275926284,0.04363323129985824,0.04014257279586958,0.024434609527920613,-0.03316125578789226,0.020943951023931956,0.024434609527920613,0.04014257279586958,41.6,41.6,40.1,40.1,40.5,41.0,41.800000000000004,42.6,41.5,42.800000000000004,43.5,43.300000000000004,42.1,41.2,42.2,43.1,41.0,39.300000000000004,40.6,40.5
400377.200394186,rj_dg_1_4,down_hold,-0.25,-0.13788101090755203,48.0,40.1,0.024434609527920613,-0.005235987755982989,0.026179938779914945,-0.13788101090755203,-0.010471975511965978,0.010471975511965978,0.022689280275926284,0.03316125578789226,-0.020943951023931956,0.022689280275926284,0.03316125578789226,0.024434609527920613,-0.022689280275926284,0.04363323129985824,0.04014257279586958,0.024434609527920613,-0.03316125578789226,0.020943951023931956,0.024434609527920613,0.04014257279586958,41.6,41.6,40.1,40.1,40.5,41.0,41.800000000000004,42.6,41.5,42.800000000000004,43.5,43.300000000000004,42.1,41.2,42.2,43.1,41.0,39.300000000000004,40.6,40.5
400377.200642857,rj_dg_1_4,down_hold,-0.25,-0.13788101090755203,48.0,40.1,0.024434609527920613,-0.005235987755982989,0.026179938779914945,-0.13788101090755203,-0.010471975511965978,0.010471975511965978,0.022689280275926284,0.03316125578789226,-0.020943951023931956,0.022689280275926284,0.03316125578789226,0.024434609527920613,-0.022689280275926284,0.04363323129985824,0.04014257279586958,0.024434609527920613,-0.03316125578789226,0.020943951023931956,0.024434609527920613,0.04014257279586958,41.6,41.6,40.1,40.1,40.5,41.0,41.800000000000004,42.6,41.5,42.800000000000004,43.5,43.300000000000004,42.1,41.2,42.2,43.1,41.0,39.300000000000004,40.6,40.5
400377.210460858,rj_dg_1_4,down_hold,-0.25,-0.13788101090755203,48.0,40.1,0.024434609527920613,-0.005235987755982989,0.026179938779914945,-0.13788101090755203,-0.010471975511965978,0.010471975511965978,0.022689280275926284,0.03316125578789226,-0.024434609527920613,0.022689280275926284,0.03316125578789226,0.024434609527920613,-0.022689280275926284,0.04363323129985824,0.04014257279586958,0.024434609527920613,-0.03316125578789226,0.019198621771937624,0.024434609527920613,0.04014257279586958,41.6,41.6,40.1,40.1,40.5,41.0,41.800000000000004,42.6,41.5,42.800000000000004,43.5,43.300000000000004,42.1,41.2,42.2,43.1,41.0,39.300000000000004,40.6,40.5
400377.210729754,rj_dg_1_4,down_hold,-0.25,-0.13788101090755203,48.0,40.1,0.024434609527920613,-0.005235987755982989,0.026179938779914945,-0.13788101090755203,-0.010471975511965978,0.010471975511965978,0.022689280275926284,0.03316125578789226,-0.024434609527920613,0.022689280275926284,0.03316125578789226,0.024434609527920613,-0.022689280275926284,0.04363323129985824,0.04014257279586958,0.024434609527920613,-0.03316125578789226,0.019198621771937624,0.024434609527920613,0.04014257279586958,41.6,41.6,40.1,40.1,40.5,41.0,41.800000000000004,42.6,41.5,42.800000000000004,43.5,43.300000000000004,42.1,41.2,42.2,43.1,41.0,39.300000000000004,40.6,40.5
400377.220619085,rj_dg_1_4,down_hold,-0.25,-0.13788101090755203,48.0,40.1,0.024434609527920613,-0.005235987755982989,0.026179938779914945,-0.13788101090755203,-0.010471975511965978,0.010471975511965978,0.022689280275926284,0.03316125578789226,-0.020943951023931956,0.022689280275926284,0.03316125578789226,0.024434609527920613,-0.022689280275926284,0.04363323129985824,0.04014257279586958,0.026179938779914945,-0.03316125578789226,0.020943951023931956,0.024434609527920613,0.04014257279586958,41.6,41.6,40.1,40.1,40.5,41.0,41.800000000000004,42.6,41.5,42.800000000000004,43.5,43.300000000000004,42.1,41.2,42.2,43.1,41.0,39.300000000000004,40.6,40.5
400377.220857729,rj_dg_1_4,back,-0.24702380952380953,-0.13788101090755203,48.0,40.1,0.024434609527920613,-0.005235987755982989,0.026179938779914945,-0.13788101090755203,-0.010471975511965978,0.010471975511965978,0.022689280275926284,0.03316125578789226,-0.020943951023931956,0.022689280275926284,0.03316125578789226,0.024434609527920613,-0.022689280275926284,0.04363323129985824,0.04014257279586958,0.026179938779914945,-0.03316125578789226,0.020943951023931956,0.024434609527920613,0.04014257279586958,41.6,41.6,40.1,40.1,40.5,41.0,41.800000000000004,42.6,41.5,42.800000000000004,43.6,43.300000000000004,42.1,41.2,42.2,43.1,41.0,39.300000000000004,40.6,40.5
400377.230539343,rj_dg_1_4,back,-0.24404761904761904,-0.13788101090755203,48.0,40.1,0.024434609527920613,-0.005235987755982989,0.026179938779914945,-0.13788101090755203,-0.010471975511965978,0.010471975511965978,0.022689280275926284,0.03316125578789226,-0.020943951023931956,0.022689280275926284,0.03316125578789226,0.024434609527920613,-0.024434609527920613,0.04363323129985824,0.04014257279586958,0.024434609527920613,-0.03316125578789226,0.019198621771937624,0.024434609527920613,0.04014257279586958,41.6,41.6,40.1,40.1,40.5,41.0,41.800000000000004,42.6,41.5,42.800000000000004,43.6,43.300000000000004,42.1,41.2,42.2,43.1,41.0,39.300000000000004,40.6,40.5
400377.23077974,rj_dg_1_4,back,-0.24107142857142858,-0.13788101090755203,48.0,40.1,0.024434609527920613,-0.005235987755982989,0.026179938779914945,-0.13788101090755203,-0.010471975511965978,0.010471975511965978,0.022689280275926284,0.03316125578789226,-0.020943951023931956,0.022689280275926284,0.03316125578789226,0.024434609527920613,-0.024434609527920613,0.04363323129985824,0.04014257279586958,0.024434609527920613,-0.03316125578789226,0.019198621771937624,0.024434609527920613,0.04014257279586958,41.6,41.6,40.1,40.1,40.5,41.0,41.800000000000004,42.6,41.5,42.800000000000004,43.6,43.300000000000004,42.1,41.2,42.2,43.1,41.0,39.300000000000004,40.6,40.5
400377.240696798,rj_dg_1_4,back,-0.23809523809523808,-0.13788101090755203,48.0,40.1,0.024434609527920613,-0.005235987755982989,0.026179938779914945,-0.13788101090755203,-0.010471975511965978,0.010471975511965978,0.026179938779914945,0.03316125578789226,-0.024434609527920613,0.022689280275926284,0.03316125578789226,0.024434609527920613,-0.022689280275926284,0.04363323129985824,0.04014257279586958,0.024434609527920613,-0.03316125578789226,0.019198621771937624,0.024434609527920613,0.04014257279586958,41.6,41.6,40.1,40.1,40.5,41.0,41.800000000000004,42.6,41.5,42.800000000000004,43.6,43.300000000000004,42.1,41.2,42.2,43.1,41.0,39.300000000000004,40.6,40.5
400377.240919032,rj_dg_1_4,back,-0.23511904761904762,-0.13788101090755203,48.0,40.1,0.024434609527920613,-0.005235987755982989,0.026179938779914945,-0.13788101090755203,-0.010471975511965978,0.010471975511965978,0.026179938779914945,0.03316125578789226,-0.024434609527920613,0.022689280275926284,0.03316125578789226,0.024434609527920613,-0.022689280275926284,0.04363323129985824,0.04014257279586958,0.024434609527920613,-0.03316125578789226,0.019198621771937624,0.024434609527920613,0.04014257279586958,41.6,41.6,40.1,40.1,40.5,41.0,41.800000000000004,42.6,41.5,42.800000000000004,43.6,43.300000000000004,42.1,41.2,42.2,43.1,41.0,39.300000000000004,40.6,40.5
400377.250667365,rj_dg_1_4,back,-0.23214285714285715,-0.13788101090755203,48.0,40.1,0.024434609527920613,-0.005235987755982989,0.026179938779914945,-0.13788101090755203,-0.010471975511965978,0.010471975511965978,0.022689280275926284,0.03316125578789226,-0.020943951023931956,0.022689280275926284,0.03316125578789226,0.024434609527920613,-0.024434609527920613,0.04363323129985824,0.04014257279586958,0.024434609527920613,-0.03316125578789226,0.020943951023931956,0.024434609527920613,0.04014257279586958,41.6,41.6,40.1,40.1,40.5,41.0,41.800000000000004,42.6,41.5,42.800000000000004,43.6,43.300000000000004,42.1,41.2,42.2,43.1,41.0,39.300000000000004,40.6,40.5
400377.250935287,rj_dg_1_4,back,-0.22916666666666666,-0.13788101090755203,48.0,40.1,0.024434609527920613,-0.005235987755982989,0.026179938779914945,-0.13788101090755203,-0.010471975511965978,0.010471975511965978,0.022689280275926284,0.03316125578789226,-0.020943951023931956,0.022689280275926284,0.03316125578789226,0.024434609527920613,-0.024434609527920613,0.04363323129985824,0.04014257279586958,0.024434609527920613,-0.03316125578789226,0.020943951023931956,0.024434609527920613,0.04014257279586958,41.6,41.6,40.1,40.1,40.5,41.0,41.800000000000004,42.6,41.5,42.800000000000004,43.6,43.300000000000004,42.1,41.2,42.2,43.1,41.0,39.300000000000004,40.6,40.5
400377.260518184,rj_dg_1_4,back,-0.2261904761904762,-0.13788101090755203,48.0,40.1,0.027925268031909273,-0.005235987755982989,0.026179938779914945,-0.13788101090755203,-0.010471975511965978,0.010471975511965978,0.022689280275926284,0.03316125578789226,-0.020943951023931956,0.022689280275926284,0.03316125578789226,0.024434609527920613,-0.024434609527920613,0.04363323129985824,0.04014257279586958,0.024434609527920613,-0.03316125578789226,0.020943951023931956,0.024434609527920613,0.04014257279586958,41.6,41.6,40.1,40.1,40.5,41.0,41.800000000000004,42.6,41.5,42.800000000000004,43.6,43.300000000000004,42.1,41.2,42.2,43.1,41.0,39.300000000000004,40.6,40.5
400377.260730217,rj_dg_1_4,back,-0.22321428571428573,-0.13788101090755203,48.0,40.1,0.027925268031909273,-0.005235987755982989,0.026179938779914945,-0.13788101090755203,-0.010471975511965978,0.010471975511965978,0.022689280275926284,0.03316125578789226,-0.020943951023931956,0.022689280275926284,0.03316125578789226,0.024434609527920613,-0.024434609527920613,0.04363323129985824,0.04014257279586958,0.024434609527920613,-0.03316125578789226,0.020943951023931956,0.024434609527920613,0.04014257279586958,41.6,41.6,40.1,40.1,40.5,41.0,41.800000000000004,42.6,41.5,42.800000000000004,43.6,43.300000000000004,42.1,41.2,42.2,43.1,41.0,39.300000000000004,40.6,40.5
400377.27054772,rj_dg_1_4,back,-0.22023809523809523,-0.13788101090755203,48.0,40.1,0.027925268031909273,-0.005235987755982989,0.026179938779914945,-0.13788101090755203,-0.010471975511965978,0.010471975511965978,0.022689280275926284,0.03316125578789226,-0.020943951023931956,0.022689280275926284,0.03316125578789226,0.024434609527920613,-0.022689280275926284,0.04363323129985824,0.04014257279586958,0.024434609527920613,-0.03316125578789226,0.019198621771937624,0.024434609527920613,0.04014257279586958,41.6,41.6,40.1,40.1,40.5,41.0,41.800000000000004,42.6,41.5,42.800000000000004,43.6,43.300000000000004,42.1,41.2,42.2,43.1,41.0,39.300000000000004,40.6,40.5
400377.270774272,rj_dg_1_4,back,-0.21726190476190477,-0.13788101090755203,48.0,40.1,0.027925268031909273,-0.005235987755982989,0.026179938779914945,-0.13788101090755203,-0.010471975511965978,0.010471975511965978,0.022689280275926284,0.03316125578789226,-0.020943951023931956,0.022689280275926284,0.03316125578789226,0.024434609527920613,-0.022689280275926284,0.04363323129985824,0.04014257279586958,0.024434609527920613,-0.03316125578789226,0.019198621771937624,0.024434609527920613,0.04014257279586958,41.6,41.6,40.1,40.1,40.5,41.0,41.800000000000004,42.6,41.5,42.800000000000004,43.6,43.300000000000004,42.1,41.2,42.2,43.1,41.0,39.300000000000004,40.6,40.5
400377.281033248,rj_dg_1_4,back,-0.2142857142857143,-0.13788101090755203,43.0,40.1,0.027925268031909273,-0.005235987755982989,0.026179938779914945,-0.13788101090755203,-0.010471975511965978,0.010471975511965978,0.022689280275926284,0.03316125578789226,-0.020943951023931956,0.022689280275926284,0.03316125578789226,0.024434609527920613,-0.022689280275926284,0.04363323129985824,0.04014257279586958,0.024434609527920613,-0.03316125578789226,0.020943951023931956,0.026179938779914945,0.04014257279586958,41.6,41.6,40.1,40.1,40.5,41.0,41.800000000000004,42.6,41.5,42.800000000000004,43.6,43.300000000000004,42.1,41.2,42.2,43.1,41.0,39.300000000000004,40.6,40.5
400377.281358742,rj_dg_1_4,back,-0.2113095238095238,-0.13788101090755203,43.0,40.1,0.027925268031909273,-0.005235987755982989,0.026179938779914945,-0.13788101090755203,-0.010471975511965978,0.010471975511965978,0.022689280275926284,0.03316125578789226,-0.020943951023931956,0.022689280275926284,0.03316125578789226,0.024434609527920613,-0.022689280275926284,0.04363323129985824,0.04014257279586958,0.024434609527920613,-0.03316125578789226,0.020943951023931956,0.026179938779914945,0.04014257279586958,41.6,41.6,40.1,40.1,40.5,41.0,41.800000000000004,42.6,41.5,42.800000000000004,43.6,43.300000000000004,42.1,41.2,42.2,43.1,41.0,39.300000000000004,40.6,40.5
400377.290758624,rj_dg_1_4,back,-0.20833333333333334,-0.13788101090755203,43.0,40.1,0.027925268031909273,-0.005235987755982989,0.026179938779914945,-0.13788101090755203,-0.010471975511965978,0.010471975511965978,0.022689280275926284,0.03316125578789226,-0.024434609527920613,0.022689280275926284,0.03316125578789226,0.024434609527920613,-0.024434609527920613,0.04363323129985824,0.04014257279586958,0.024434609527920613,-0.03316125578789226,0.019198621771937624,0.024434609527920613,0.04014257279586958,41.6,41.6,40.1,40.1,40.5,41.0,41.800000000000004,42.6,41.5,42.800000000000004,43.6,43.300000000000004,42.1,41.2,42.2,43.1,41.0,39.300000000000004,40.6,40.5
400377.290994223,rj_dg_1_4,back,-0.20535714285714285,-0.13788101090755203,43.0,40.1,0.027925268031909273,-0.005235987755982989,0.026179938779914945,-0.13788101090755203,-0.010471975511965978,0.010471975511965978,0.022689280275926284,0.03316125578789226,-0.024434609527920613,0.022689280275926284,0.03316125578789226,0.024434609527920613,-0.024434609527920613,0.04363323129985824,0.04014257279586958,0.024434609527920613,-0.03316125578789226,0.019198621771937624,0.024434609527920613,0.04014257279586958,41.6,41.6,40.1,40.1,40.5,41.0,41.800000000000004,42.6,41.5,42.800000000000004,43.6,43.300000000000004,42.1,41.2,42.2,43.1,41.0,39.300000000000004,40.6,40.5
400377.300627894,rj_dg_1_4,back,-0.20238095238095238,-0.13788101090755203,43.0,40.1,0.027925268031909273,-0.005235987755982989,0.026179938779914945,-0.13788101090755203,-0.010471975511965978,0.010471975511965978,0.022689280275926284,0.03316125578789226,-0.020943951023931956,0.022689280275926284,0.03316125578789226,0.024434609527920613,-0.024434609527920613,0.04363323129985824,0.04014257279586958,0.024434609527920613,-0.03316125578789226,0.019198621771937624,0.024434609527920613,0.04014257279586958,41.6,41.6,40.1,40.1,40.5,41.0,41.800000000000004,42.6,41.5,42.800000000000004,43.6,43.300000000000004,42.1,41.2,42.2,43.1,41.0,39.300000000000004,40.6,40.5
400377.300837906,rj_dg_1_4,back,-0.19940476190476192,-0.13788101090755203,43.0,40.1,0.027925268031909273,-0.005235987755982989,0.026179938779914945,-0.13788101090755203,-0.010471975511965978,0.010471975511965978,0.022689280275926284,0.03316125578789226,-0.020943951023931956,0.022689280275926284,0.03316125578789226,0.024434609527920613,-0.024434609527920613,0.04363323129985824,0.04014257279586958,0.024434609527920613,-0.03316125578789226,0.019198621771937624,0.024434609527920613,0.04014257279586958,41.6,41.6,40.1,40.1,40.5,41.0,41.800000000000004,42.6,41.5,42.800000000000004,43.6,43.300000000000004,42.1,41.2,42.2,43.1,41.0,39.300000000000004,40.6,40.5
400377.310628547,rj_dg_1_4,back,-0.19642857142857142,-0.13788101090755203,43.0,40.1,0.024434609527920613,-0.005235987755982989,0.026179938779914945,-0.13788101090755203,-0.010471975511965978,0.010471975511965978,0.022689280275926284,0.03316125578789226,-0.020943951023931956,0.022689280275926284,0.03316125578789226,0.024434609527920613,-0.022689280275926284,0.04363323129985824,0.04014257279586958,0.024434609527920613,-0.03316125578789226,0.019198621771937624,0.024434609527920613,0.04014257279586958,41.6,41.6,40.1,40.1,40.5,41.0,41.800000000000004,42.6,41.5,42.800000000000004,43.6,43.300000000000004,42.1,41.2,42.2,43.1,41.0,39.300000000000004,40.6,40.5
400377.310903776,rj_dg_1_4,back,-0.19345238095238096,-0.13788101090755203,43.0,40.1,0.024434609527920613,-0.005235987755982989,0.026179938779914945,-0.13788101090755203,-0.010471975511965978,0.010471975511965978,0.022689280275926284,0.03316125578789226,-0.020943951023931956,0.022689280275926284,0.03316125578789226,0.024434609527920613,-0.022689280275926284,0.04363323129985824,0.04014257279586958,0.024434609527920613,-0.03316125578789226,0.019198621771937624,0.024434609527920613,0.04014257279586958,41.6,41.6,40.1,40.1,40.5,41.0,41.800000000000004,42.6,41.5,42.800000000000004,43.6,43.300000000000004,42.1,41.2,42.2,43.1,41.0,39.300000000000004,40.6,40.5
400377.320518845,rj_dg_1_4,back,-0.19047619047619047,-0.13788101090755203,43.0,40.1,0.024434609527920613,-0.005235987755982989,0.026179938779914945,-0.13788101090755203,-0.010471975511965978,0.010471975511965978,0.022689280275926284,0.03316125578789226,-0.020943951023931956,0.022689280275926284,0.03316125578789226,0.024434609527920613,-0.024434609527920613,0.04363323129985824,0.04014257279586958,0.024434609527920613,-0.03316125578789226,0.020943951023931956,0.024434609527920613,0.04014257279586958,41.6,41.6,40.1,40.1,40.5,41.0,41.800000000000004,42.6,41.5,42.800000000000004,43.6,43.300000000000004,42.1,41.2,42.2,43.1,41.0,39.300000000000004,40.6,40.5
400377.320832104,rj_dg_1_4,back,-0.1875,-0.13788101090755203,43.0,40.1,0.024434609527920613,-0.005235987755982989,0.026179938779914945,-0.13788101090755203,-0.010471975511965978,0.010471975511965978,0.022689280275926284,0.03316125578789226,-0.020943951023931956,0.022689280275926284,0.03316125578789226,0.024434609527920613,-0.024434609527920613,0.04363323129985824,0.04014257279586958,0.024434609527920613,-0.03316125578789226,0.020943951023931956,0.024434609527920613,0.04014257279586958,41.6,41.6,40.1,40.1,40.5,41.0,41.800000000000004,42.6,41.5,42.800000000000004,43.6,43.300000000000004,42.1,41.2,42.2,43.1,41.0,39.300000000000004,40.6,40.5
400377.330463526,rj_dg_1_4,back,-0.18452380952380953,-0.13788101090755203,43.0,40.1,0.024434609527920613,-0.005235987755982989,0.026179938779914945,-0.13788101090755203,-0.010471975511965978,0.010471975511965978,0.022689280275926284,0.03316125578789226,-0.020943951023931956,0.022689280275926284,0.03316125578789226,0.024434609527920613,-0.024434609527920613,0.04363323129985824,0.04014257279586958,0.024434609527920613,-0.03316125578789226,0.019198621771937624,0.024434609527920613,0.04014257279586958,41.6,41.6,40.1,40.1,40.5,41.0,41.800000000000004,42.6,41.5,42.800000000000004,43.6,43.300000000000004,42.1,41.2,42.2,43.1,41.0,39.300000000000004,40.6,40.5
400377.330778018,rj_dg_1_4,back,-0.18154761904761904,-0.13788101090755203,43.0,40.1,0.024434609527920613,-0.005235987755982989,0.026179938779914945,-0.13788101090755203,-0.010471975511965978,0.010471975511965978,0.022689280275926284,0.03316125578789226,-0.020943951023931956,0.022689280275926284,0.03316125578789226,0.024434609527920613,-0.024434609527920613,0.04363323129985824,0.04014257279586958,0.024434609527920613,-0.03316125578789226,0.019198621771937624,0.024434609527920613,0.04014257279586958,41.6,41.6,40.1,40.1,40.5,41.0,41.800000000000004,42.6,41.5,42.800000000000004,43.6,43.300000000000004,42.1,41.2,42.2,43.1,41.0,39.300000000000004,40.6,40.5
400377.340472892,rj_dg_1_4,back,-0.17857142857142858,-0.13788101090755203,43.0,40.1,0.027925268031909273,-0.005235987755982989,0.026179938779914945,-0.13788101090755203,-0.010471975511965978,0.010471975511965978,0.022689280275926284,0.03316125578789226,-0.024434609527920613,0.022689280275926284,0.03316125578789226,0.024434609527920613,-0.024434609527920613,0.04363323129985824,0.04014257279586958,0.026179938779914945,-0.03316125578789226,0.019198621771937624,0.024434609527920613,0.04014257279586958,41.6,41.6,40.1,40.1,40.5,41.0,41.800000000000004,42.6,41.5,42.800000000000004,43.6,43.300000000000004,42.1,41.2,42.2,43.1,41.0,39.300000000000004,40.6,40.5
400377.340683208,rj_dg_1_4,back,-0.17559523809523808,-0.13788101090755203,43.0,40.1,0.027925268031909273,-0.005235987755982989,0.026179938779914945,-0.13788101090755203,-0.010471975511965978,0.010471975511965978,0.022689280275926284,0.03316125578789226,-0.024434609527920613,0.022689280275926284,0.03316125578789226,0.024434609527920613,-0.024434609527920613,0.04363323129985824,0.04014257279586958,0.026179938779914945,-0.03316125578789226,0.019198621771937624,0.024434609527920613,0.04014257279586958,41.6,41.6,40.1,40.1,40.5,41.0,41.800000000000004,42.6,41.5,42.800000000000004,43.6,43.300000000000004,42.1,41.2,42.2,43.1,41.0,39.300000000000004,40.6,40.5
400377.350569227,rj_dg_1_4,back,-0.17261904761904762,-0.13788101090755203,43.0,40.1,0.027925268031909273,-0.005235987755982989,0.026179938779914945,-0.13788101090755203,-0.006981317007977318,0.010471975511965978,0.022689280275926284,0.03316125578789226,-0.020943951023931956,0.022689280275926284,0.03316125578789226,0.024434609527920613,-0.024434609527920613,0.04363323129985824,0.04014257279586958,0.024434609527920613,-0.03316125578789226,0.020943951023931956,0.024434609527920613,0.04014257279586958,41.6,41.6,40.1,40.1,40.5,41.0,41.800000000000004,42.6,41.5,42.800000000000004,43.6,43.300000000000004,42.1,41.2,42.2,43.1,41.0,39.300000000000004,40.6,40.5
400377.350797876,rj_dg_1_4,back,-0.16964285714285715,-0.13788101090755203,43.0,40.1,0.027925268031909273,-0.005235987755982989,0.026179938779914945,-0.13788101090755203,-0.006981317007977318,0.010471975511965978,0.022689280275926284,0.03316125578789226,-0.020943951023931956,0.022689280275926284,0.03316125578789226,0.024434609527920613,-0.024434609527920613,0.04363323129985824,0.04014257279586958,0.024434609527920613,-0.03316125578789226,0.020943951023931956,0.024434609527920613,0.04014257279586958,41.6,41.6,40.1,40.1,40.5,41.0,41.800000000000004,42.6,41.5,42.800000000000004,43.6,43.300000000000004,42.1,41.2,42.2,43.1,41.0,39.300000000000004,40.6,40.5
400377.360712315,rj_dg_1_4,back,-0.16666666666666669,-0.13788101090755203,43.0,40.1,0.027925268031909273,-0.005235987755982989,0.026179938779914945,-0.13788101090755203,-0.010471975511965978,0.010471975511965978,0.022689280275926284,0.03316125578789226,-0.024434609527920613,0.022689280275926284,0.03316125578789226,0.024434609527920613,-0.022689280275926284,0.04363323129985824,0.04014257279586958,0.024434609527920613,-0.03316125578789226,0.020943951023931956,0.024434609527920613,0.04014257279586958,41.6,41.6,40.1,40.1,40.5,41.0,41.800000000000004,42.6,41.5,42.800000000000004,43.6,43.300000000000004,42.1,41.2,42.2,43.1,41.0,39.300000000000004,40.6,40.5
400377.360965005,rj_dg_1_4,back,-0.1636904761904762,-0.13788101090755203,43.0,40.1,0.027925268031909273,-0.005235987755982989,0.026179938779914945,-0.13788101090755203,-0.010471975511965978,0.010471975511965978,0.022689280275926284,0.03316125578789226,-0.024434609527920613,0.022689280275926284,0.03316125578789226,0.024434609527920613,-0.022689280275926284,0.04363323129985824,0.04014257279586958,0.024434609527920613,-0.03316125578789226,0.020943951023931956,0.024434609527920613,0.04014257279586958,41.6,41.6,40.1,40.1,40.5,41.0,41.800000000000004,42.6,41.5,42.800000000000004,43.6,43.300000000000004,42.1,41.2,42.2,43.1,41.0,39.300000000000004,40.6,40.5
400377.370723284,rj_dg_1_4,back,-0.1607142857142857,-0.13788101090755203,43.0,40.1,0.024434609527920613,-0.005235987755982989,0.026179938779914945,-0.13788101090755203,-0.010471975511965978,0.010471975511965978,0.022689280275926284,0.03316125578789226,-0.020943951023931956,0.022689280275926284,0.03316125578789226,0.024434609527920613,-0.022689280275926284,0.04363323129985824,0.04014257279586958,0.024434609527920613,-0.03316125578789226,0.020943951023931956,0.024434609527920613,0.04014257279586958,41.6,41.6,40.1,40.1,40.5,41.0,41.800000000000004,42.6,41.5,42.800000000000004,43.6,43.300000000000004,42.1,41.2,42.2,43.1,41.0,39.300000000000004,40.6,40.5
400377.37095894,rj_dg_1_4,back,-0.15773809523809523,-0.13788101090755203,43.0,40.1,0.024434609527920613,-0.005235987755982989,0.026179938779914945,-0.13788101090755203,-0.010471975511965978,0.010471975511965978,0.022689280275926284,0.03316125578789226,-0.020943951023931956,0.022689280275926284,0.03316125578789226,0.024434609527920613,-0.022689280275926284,0.04363323129985824,0.04014257279586958,0.024434609527920613,-0.03316125578789226,0.020943951023931956,0.024434609527920613,0.04014257279586958,41.6,41.6,40.1,40.1,40.5,41.0,41.800000000000004,42.6,41.5,42.800000000000004,43.6,43.300000000000004,42.1,41.2,42.2,43.1,41.0,39.300000000000004,40.6,40.5
400377.380596913,rj_dg_1_4,back,-0.15476190476190477,-0.13788101090755203,43.0,40.1,0.024434609527920613,-0.005235987755982989,0.026179938779914945,-0.13788101090755203,-0.010471975511965978,0.010471975511965978,0.022689280275926284,0.03316125578789226,-0.020943951023931956,0.022689280275926284,0.03316125578789226,0.024434609527920613,-0.024434609527920613,0.04363323129985824,0.04014257279586958,0.024434609527920613,-0.03316125578789226,0.020943951023931956,0.024434609527920613,0.04014257279586958,41.6,41.6,40.1,40.1,40.5,41.0,41.800000000000004,42.6,41.5,42.800000000000004,43.6,43.300000000000004,42.1,41.2,42.2,43.1,41.0,39.300000000000004,40.6,40.5
400377.38082839,rj_dg_1_4,back,-0.1517857142857143,-0.13788101090755203,43.0,40.1,0.024434609527920613,-0.005235987755982989,0.026179938779914945,-0.13788101090755203,-0.010471975511965978,0.010471975511965978,0.022689280275926284,0.03316125578789226,-0.020943951023931956,0.022689280275926284,0.03316125578789226,0.024434609527920613,-0.024434609527920613,0.04363323129985824,0.04014257279586958,0.024434609527920613,-0.03316125578789226,0.020943951023931956,0.024434609527920613,0.04014257279586958,41.6,41.6,40.1,40.1,40.5,41.0,41.800000000000004,42.6,41.5,42.800000000000004,43.6,43.300000000000004,42.1,41.2,42.2,43.1,41.0,39.300000000000004,40.6,40.5
400377.390653135,rj_dg_1_4,back,-0.1488095238095238,-0.13788101090755203,43.0,40.1,0.024434609527920613,-0.005235987755982989,0.026179938779914945,-0.13788101090755203,-0.010471975511965978,0.010471975511965978,0.022689280275926284,0.03316125578789226,-0.020943951023931956,0.022689280275926284,0.03316125578789226,0.024434609527920613,-0.024434609527920613,0.04363323129985824,0.04014257279586958,0.024434609527920613,-0.03316125578789226,0.019198621771937624,0.024434609527920613,0.04014257279586958,41.6,41.6,40.1,40.1,40.5,41.0,41.800000000000004,42.6,41.5,42.800000000000004,43.6,43.300000000000004,42.1,41.2,42.2,43.1,41.0,39.300000000000004,40.6,40.5
400377.390879341,rj_dg_1_4,back,-0.14583333333333331,-0.13788101090755203,43.0,40.1,0.024434609527920613,-0.005235987755982989,0.026179938779914945,-0.13788101090755203,-0.010471975511965978,0.010471975511965978,0.022689280275926284,0.03316125578789226,-0.020943951023931956,0.022689280275926284,0.03316125578789226,0.024434609527920613,-0.024434609527920613,0.04363323129985824,0.04014257279586958,0.024434609527920613,-0.03316125578789226,0.019198621771937624,0.024434609527920613,0.04014257279586958,41.6,41.6,40.1,40.1,40.5,41.0,41.800000000000004,42.6,41.5,42.800000000000004,43.6,43.300000000000004,42.1,41.2,42.2,43.1,41.0,39.300000000000004,40.6,40.5
400377.400786452,rj_dg_1_4,back,-0.14285714285714285,-0.13788101090755203,43.0,40.1,0.027925268031909273,-0.005235987755982989,0.026179938779914945,-0.13788101090755203,-0.010471975511965978,0.010471975511965978,0.022689280275926284,0.03316125578789226,-0.020943951023931956,0.022689280275926284,0.03316125578789226,0.024434609527920613,-0.022689280275926284,0.04363323129985824,0.04014257279586958,0.024434609527920613,-0.03316125578789226,0.019198621771937624,0.024434609527920613,0.04014257279586958,41.6,41.6,40.1,40.1,40.5,41.0,41.800000000000004,42.6,41.5,42.800000000000004,43.6,43.300000000000004,42.1,41.2,42.2,43.1,41.0,39.300000000000004,40.6,40.5
400377.401082267,rj_dg_1_4,back,-0.13988095238095238,-0.13788101090755203,43.0,40.1,0.027925268031909273,-0.005235987755982989,0.026179938779914945,-0.13788101090755203,-0.010471975511965978,0.010471975511965978,0.022689280275926284,0.03316125578789226,-0.020943951023931956,0.022689280275926284,0.03316125578789226,0.024434609527920613,-0.022689280275926284,0.04363323129985824,0.04014257279586958,0.024434609527920613,-0.03316125578789226,0.019198621771937624,0.024434609527920613,0.04014257279586958,41.6,41.6,40.1,40.1,40.5,41.0,41.800000000000004,42.6,41.5,42.800000000000004,43.6,43.300000000000004,42.1,41.2,42.2,43.1,41.0,39.300000000000004,40.6,40.5
400377.410767512,rj_dg_1_4,back,-0.13690476190476192,-0.13788101090755203,43.0,40.1,0.027925268031909273,-0.005235987755982989,0.026179938779914945,-0.13788101090755203,-0.010471975511965978,0.010471975511965978,0.022689280275926284,0.03316125578789226,-0.020943951023931956,0.022689280275926284,0.03316125578789226,0.024434609527920613,-0.022689280275926284,0.04363323129985824,0.04014257279586958,0.024434609527920613,-0.03316125578789226,0.019198621771937624,0.024434609527920613,0.04014257279586958,41.6,41.6,40.1,40.1,40.5,41.0,41.800000000000004,42.6,41.5,42.800000000000004,43.6,43.300000000000004,42.1,41.2,42.2,43.1,41.0,39.300000000000004,40.6,40.5
400377.411081755,rj_dg_1_4,back,-0.13392857142857142,-0.13962634015954636,43.0,40.1,0.024434609527920613,-0.005235987755982989,0.026179938779914945,-0.13962634015954636,-0.010471975511965978,0.010471975511965978,0.022689280275926284,0.03316125578789226,-0.020943951023931956,0.022689280275926284,0.03316125578789226,0.024434609527920613,-0.024434609527920613,0.04363323129985824,0.04014257279586958,0.024434609527920613,-0.03316125578789226,0.019198621771937624,0.024434609527920613,0.04014257279586958,41.6,41.6,40.1,40.1,40.5,41.0,41.800000000000004,42.6,41.5,42.800000000000004,43.6,43.300000000000004,42.1,41.2,42.2,43.1,41.0,39.300000000000004,40.6,40.5
400377.420548826,rj_dg_1_4,back,-0.13095238095238096,-0.13962634015954636,9.0,40.1,0.027925268031909273,-0.005235987755982989,0.026179938779914945,-0.13962634015954636,-0.010471975511965978,0.010471975511965978,0.022689280275926284,0.03316125578789226,-0.020943951023931956,0.022689280275926284,0.03316125578789226,0.024434609527920613,-0.022689280275926284,0.04363323129985824,0.04014257279586958,0.024434609527920613,-0.03316125578789226,0.019198621771937624,0.024434609527920613,0.04014257279586958,41.6,41.6,40.1,40.1,40.5,41.0,41.800000000000004,42.6,41.5,42.800000000000004,43.6,43.300000000000004,42.1,41.2,42.2,43.1,41.0,39.300000000000004,40.6,40.5
400377.420763137,rj_dg_1_4,back,-0.12797619047619047,-0.13962634015954636,9.0,40.1,0.027925268031909273,-0.005235987755982989,0.026179938779914945,-0.13962634015954636,-0.010471975511965978,0.010471975511965978,0.022689280275926284,0.03316125578789226,-0.020943951023931956,0.022689280275926284,0.03316125578789226,0.024434609527920613,-0.022689280275926284,0.04363323129985824,0.04014257279586958,0.024434609527920613,-0.03316125578789226,0.019198621771937624,0.024434609527920613,0.04014257279586958,41.6,41.6,40.1,40.1,40.5,41.0,41.800000000000004,42.6,41.5,42.800000000000004,43.6,43.300000000000004,42.1,41.2,42.2,43.1,41.0,39.300000000000004,40.6,40.5
400377.430460416,rj_dg_1_4,back,-0.125,-0.13962634015954636,9.0,40.1,0.027925268031909273,-0.005235987755982989,0.026179938779914945,-0.13962634015954636,-0.010471975511965978,0.010471975511965978,0.022689280275926284,0.03316125578789226,-0.020943951023931956,0.022689280275926284,0.03316125578789226,0.024434609527920613,-0.024434609527920613,0.04363323129985824,0.04014257279586958,0.024434609527920613,-0.03316125578789226,0.020943951023931956,0.024434609527920613,0.04014257279586958,41.6,41.6,40.1,40.1,40.5,41.0,41.800000000000004,42.6,41.5,42.800000000000004,43.6,43.300000000000004,42.1,41.2,42.2,43.1,41.0,39.300000000000004,40.6,40.5
400377.430750258,rj_dg_1_4,back,-0.12202380952380953,-0.13962634015954636,9.0,40.1,0.027925268031909273,-0.005235987755982989,0.026179938779914945,-0.13962634015954636,-0.010471975511965978,0.010471975511965978,0.022689280275926284,0.03316125578789226,-0.020943951023931956,0.022689280275926284,0.03316125578789226,0.024434609527920613,-0.024434609527920613,0.04363323129985824,0.04014257279586958,0.024434609527920613,-0.03316125578789226,0.020943951023931956,0.024434609527920613,0.04014257279586958,41.6,41.6,40.1,40.1,40.5,41.0,41.800000000000004,42.6,41.5,42.800000000000004,43.6,43.300000000000004,42.1,41.2,42.2,43.1,41.0,39.300000000000004,40.6,40.5
400377.44051304,rj_dg_1_4,back,-0.11904761904761904,-0.13962634015954636,9.0,40.1,0.024434609527920613,-0.0017453292519943296,0.026179938779914945,-0.13962634015954636,-0.010471975511965978,0.010471975511965978,0.026179938779914945,0.03316125578789226,-0.020943951023931956,0.022689280275926284,0.03316125578789226,0.024434609527920613,-0.022689280275926284,0.04363323129985824,0.04014257279586958,0.024434609527920613,-0.03316125578789226,0.019198621771937624,0.024434609527920613,0.04014257279586958,41.6,41.6,40.1,40.1,40.5,41.0,41.800000000000004,42.6,41.5,42.800000000000004,43.6,43.300000000000004,42.1,41.2,42.2,43.1,41.0,39.300000000000004,40.6,40.5
400377.440718983,rj_dg_1_4,back,-0.11607142857142858,-0.13962634015954636,9.0,40.1,0.024434609527920613,-0.0017453292519943296,0.026179938779914945,-0.13962634015954636,-0.010471975511965978,0.010471975511965978,0.026179938779914945,0.03316125578789226,-0.020943951023931956,0.022689280275926284,0.03316125578789226,0.024434609527920613,-0.022689280275926284,0.04363323129985824,0.04014257279586958,0.024434609527920613,-0.03316125578789226,0.019198621771937624,0.024434609527920613,0.04014257279586958,41.6,41.6,40.1,40.1,40.5,41.0,41.800000000000004,42.6,41.5,42.800000000000004,43.6,43.300000000000004,42.1,41.2,42.2,43.1,41.0,39.300000000000004,40.6,40.5
400377.450552695,rj_dg_1_4,back,-0.11309523809523808,-0.13962634015954636,9.0,40.1,0.024434609527920613,-0.005235987755982989,0.026179938779914945,-0.13962634015954636,-0.010471975511965978,0.010471975511965978,0.022689280275926284,0.03316125578789226,-0.024434609527920613,0.022689280275926284,0.03316125578789226,0.024434609527920613,-0.024434609527920613,0.04363323129985824,0.04014257279586958,0.024434609527920613,-0.03316125578789226,0.020943951023931956,0.024434609527920613,0.04014257279586958,41.6,41.6,40.1,40.1,40.5,41.0,41.800000000000004,42.6,41.5,42.800000000000004,43.6,43.300000000000004,42.1,41.2,42.2,43.1,41.0,39.300000000000004,40.6,40.5
400377.45076812,rj_dg_1_4,back,-0.11011904761904762,-0.13962634015954636,9.0,40.1,0.024434609527920613,-0.005235987755982989,0.026179938779914945,-0.13962634015954636,-0.010471975511965978,0.010471975511965978,0.022689280275926284,0.03316125578789226,-0.024434609527920613,0.022689280275926284,0.03316125578789226,0.024434609527920613,-0.024434609527920613,0.04363323129985824,0.04014257279586958,0.024434609527920613,-0.03316125578789226,0.020943951023931956,0.024434609527920613,0.04014257279586958,41.6,41.6,40.1,40.1,40.5,41.0,41.800000000000004,42.6,41.5,42.800000000000004,43.6,43.300000000000004,42.1,41.2,42.2,43.1,41.0,39.300000000000004,40.6,40.5
400377.460708024,rj_dg_1_4,back,-0.10714285714285715,-0.1361356816555577,9.0,40.1,0.024434609527920613,-0.005235987755982989,0.026179938779914945,-0.1361356816555577,-0.010471975511965978,0.010471975511965978,0.022689280275926284,0.03316125578789226,-0.020943951023931956,0.022689280275926284,0.03316125578789226,0.024434609527920613,-0.022689280275926284,0.04363323129985824,0.04014257279586958,0.024434609527920613,-0.03316125578789226,0.020943951023931956,0.024434609527920613,0.04014257279586958,41.6,41.6,40.1,40.1,40.5,41.0,41.800000000000004,42.6,41.5,42.800000000000004,43.6,43.300000000000004,42.1,41.2,42.2,43.1,41.0,39.300000000000004,40.6,40.5
400377.460992487,rj_dg_1_4,back,-0.10416666666666666,-0.1361356816555577,9.0,40.1,0.024434609527920613,-0.005235987755982989,0.026179938779914945,-0.1361356816555577,-0.010471975511965978,0.010471975511965978,0.022689280275926284,0.03316125578789226,-0.020943951023931956,0.022689280275926284,0.03316125578789226,0.024434609527920613,-0.022689280275926284,0.04363323129985824,0.04014257279586958,0.024434609527920613,-0.03316125578789226,0.020943951023931956,0.024434609527920613,0.04014257279586958,41.6,41.6,40.1,40.1,40.5,41.0,41.800000000000004,42.6,41.5,42.800000000000004,43.6,43.300000000000004,42.1,41.2,42.2,43.1,41.0,39.300000000000004,40.6,40.5
400377.470861337,rj_dg_1_4,back,-0.10119047619047619,-0.1361356816555577,9.0,40.1,0.027925268031909273,-0.005235987755982989,0.026179938779914945,-0.1361356816555577,-0.010471975511965978,0.010471975511965978,0.022689280275926284,0.03316125578789226,-0.020943951023931956,0.022689280275926284,0.03316125578789226,0.024434609527920613,-0.024434609527920613,0.04363323129985824,0.04014257279586958,0.024434609527920613,-0.029670597283903602,0.019198621771937624,0.024434609527920613,0.04014257279586958,41.6,41.6,40.1,40.1,40.5,41.0,41.800000000000004,42.6,41.5,42.800000000000004,43.6,43.300000000000004,42.1,41.2,42.2,43.1,41.0,39.300000000000004,40.6,40.5
400377.471164079,rj_dg_1_4,back,-0.09821428571428573,-0.1361356816555577,9.0,40.1,0.027925268031909273,-0.005235987755982989,0.026179938779914945,-0.1361356816555577,-0.010471975511965978,0.010471975511965978,0.022689280275926284,0.03316125578789226,-0.020943951023931956,0.022689280275926284,0.03316125578789226,0.024434609527920613,-0.024434609527920613,0.04363323129985824,0.04014257279586958,0.024434609527920613,-0.029670597283903602,0.019198621771937624,0.024434609527920613,0.04014257279586958,41.6,41.6,40.1,40.1,40.5,41.0,41.800000000000004,42.6,41.5,42.800000000000004,43.6,43.300000000000004,42.1,41.2,42.2,43.1,41.0,39.300000000000004,40.6,40.5
400377.480787048,rj_dg_1_4,back,-0.09523809523809523,-0.1361356816555577,9.0,40.1,0.027925268031909273,-0.005235987755982989,0.026179938779914945,-0.1361356816555577,-0.010471975511965978,0.010471975511965978,0.022689280275926284,0.03316125578789226,-0.024434609527920613,0.022689280275926284,0.03316125578789226,0.024434609527920613,-0.024434609527920613,0.04363323129985824,0.04014257279586958,0.024434609527920613,-0.03316125578789226,0.019198621771937624,0.024434609527920613,0.04014257279586958,41.6,41.6,40.1,40.1,40.5,41.0,41.800000000000004,42.6,41.5,42.800000000000004,43.6,43.300000000000004,42.1,41.2,42.2,43.1,41.0,39.300000000000004,40.6,40.5
400377.481044529,rj_dg_1_4,back,-0.09226190476190477,-0.1361356816555577,9.0,40.1,0.027925268031909273,-0.005235987755982989,0.026179938779914945,-0.1361356816555577,-0.010471975511965978,0.010471975511965978,0.022689280275926284,0.03316125578789226,-0.024434609527920613,0.022689280275926284,0.03316125578789226,0.024434609527920613,-0.024434609527920613,0.04363323129985824,0.04014257279586958,0.024434609527920613,-0.03316125578789226,0.019198621771937624,0.024434609527920613,0.04014257279586958,41.6,41.6,40.1,40.1,40.5,41.0,41.800000000000004,42.6,41.5,42.800000000000004,43.6,43.300000000000004,42.1,41.2,42.2,43.1,41.0,39.300000000000004,40.6,40.5
400377.490672125,rj_dg_1_4,back,-0.08928571428571427,-0.1361356816555577,9.0,40.1,0.024434609527920613,-0.005235987755982989,0.026179938779914945,-0.1361356816555577,-0.010471975511965978,0.010471975511965978,0.022689280275926284,0.03316125578789226,-0.020943951023931956,0.022689280275926284,0.03316125578789226,0.024434609527920613,-0.024434609527920613,0.04363323129985824,0.04014257279586958,0.026179938779914945,-0.03316125578789226,0.020943951023931956,0.024434609527920613,0.04014257279586958,41.6,41.6,40.1,40.1,40.5,41.0,41.800000000000004,42.6,41.5,42.800000000000004,43.6,43.300000000000004,42.1,41.2,42.2,43.1,41.0,39.300000000000004,40.6,40.5
400377.49092148,rj_dg_1_4,back,-0.08630952380952381,-0.1361356816555577,9.0,40.1,0.024434609527920613,-0.005235987755982989,0.026179938779914945,-0.1361356816555577,-0.010471975511965978,0.010471975511965978,0.022689280275926284,0.03316125578789226,-0.020943951023931956,0.022689280275926284,0.03316125578789226,0.024434609527920613,-0.024434609527920613,0.04363323129985824,0.04014257279586958,0.026179938779914945,-0.03316125578789226,0.020943951023931956,0.024434609527920613,0.04014257279586958,41.6,41.6,40.1,40.1,40.5,41.0,41.800000000000004,42.6,41.5,42.800000000000004,43.6,43.300000000000004,42.1,41.2,42.2,43.1,41.0,39.300000000000004,40.6,40.5
400377.500575244,rj_dg_1_4,back,-0.08333333333333334,-0.13439035240356337,9.0,40.1,0.024434609527920613,-0.005235987755982989,0.026179938779914945,-0.13439035240356337,-0.010471975511965978,0.010471975511965978,0.022689280275926284,0.03316125578789226,-0.020943951023931956,0.022689280275926284,0.03316125578789226,0.024434609527920613,-0.022689280275926284,0.04363323129985824,0.04014257279586958,0.024434609527920613,-0.03316125578789226,0.020943951023931956,0.024434609527920613,0.04014257279586958,41.6,41.6,40.1,40.1,40.5,41.0,41.800000000000004,42.6,41.5,42.800000000000004,43.6,43.300000000000004,42.1,41.2,42.2,43.1,41.0,39.300000000000004,40.6,40.5
400377.500801922,rj_dg_1_4,back,-0.08035714285714285,-0.13439035240356337,9.0,40.1,0.024434609527920613,-0.005235987755982989,0.026179938779914945,-0.13439035240356337,-0.010471975511965978,0.010471975511965978,0.022689280275926284,0.03316125578789226,-0.020943951023931956,0.022689280275926284,0.03316125578789226,0.024434609527920613,-0.022689280275926284,0.04363323129985824,0.04014257279586958,0.024434609527920613,-0.03316125578789226,0.020943951023931956,0.024434609527920613,0.04014257279586958,41.6,41.6,40.1,40.1,40.5,41.0,41.800000000000004,42.6,41.5,42.800000000000004,43.6,43.300000000000004,42.1,41.2,42.2,43.1,41.0,39.300000000000004,40.6,40.5
400377.510794759,rj_dg_1_4,back,-0.07738095238095238,-0.13089969389957473,9.0,40.1,0.027925268031909273,-0.005235987755982989,0.026179938779914945,-0.13089969389957473,-0.010471975511965978,0.010471975511965978,0.022689280275926284,0.031415926535897934,-0.020943951023931956,0.022689280275926284,0.03316125578789226,0.024434609527920613,-0.024434609527920613,0.04363323129985824,0.04014257279586958,0.024434609527920613,-0.03316125578789226,0.019198621771937624,0.024434609527920613,0.04014257279586958,41.6,41.6,40.1,40.1,40.5,41.0,41.800000000000004,42.6,41.5,42.800000000000004,43.6,43.300000000000004,42.1,41.2,42.2,43.1,41.0,39.300000000000004,40.6,40.5
400377.511056692,rj_dg_1_4,back,-0.07440476190476192,-0.13089969389957473,9.0,40.1,0.027925268031909273,-0.005235987755982989,0.026179938779914945,-0.13089969389957473,-0.010471975511965978,0.010471975511965978,0.022689280275926284,0.031415926535897934,-0.020943951023931956,0.022689280275926284,0.03316125578789226,0.024434609527920613,-0.024434609527920613,0.04363323129985824,0.04014257279586958,0.024434609527920613,-0.03316125578789226,0.019198621771937624,0.024434609527920613,0.04014257279586958,41.6,41.6,40.1,40.1,40.5,41.0,41.800000000000004,42.6,41.5,42.800000000000004,43.6,43.300000000000004,42.1,41.2,42.2,43.1,41.0,39.300000000000004,40.6,40.5
400377.520742142,rj_dg_1_4,back,-0.07142857142857142,-0.12217304763960307,9.0,40.1,0.027925268031909273,-0.005235987755982989,0.026179938779914945,-0.12217304763960307,-0.010471975511965978,0.010471975511965978,0.022689280275926284,0.03316125578789226,-0.020943951023931956,0.022689280275926284,0.03316125578789226,0.024434609527920613,-0.022689280275926284,0.04363323129985824,0.04014257279586958,0.026179938779914945,-0.03316125578789226,0.020943951023931956,0.024434609527920613,0.04014257279586958,41.6,41.6,40.1,40.1,40.5,41.0,41.800000000000004,42.6,41.5,42.800000000000004,43.6,43.300000000000004,42.1,41.2,42.2,43.1,41.0,39.300000000000004,40.6,40.5
400377.520975073,rj_dg_1_4,back,-0.06845238095238096,-0.12217304763960307,9.0,40.1,0.027925268031909273,-0.005235987755982989,0.026179938779914945,-0.12217304763960307,-0.010471975511965978,0.010471975511965978,0.022689280275926284,0.03316125578789226,-0.020943951023931956,0.022689280275926284,0.03316125578789226,0.024434609527920613,-0.022689280275926284,0.04363323129985824,0.04014257279586958,0.026179938779914945,-0.03316125578789226,0.020943951023931956,0.024434609527920613,0.04014257279586958,41.6,41.6,40.1,40.1,40.5,41.0,41.800000000000004,42.6,41.5,42.800000000000004,43.6,43.300000000000004,42.1,41.2,42.2,43.1,41.0,39.300000000000004,40.6,40.5
400377.530740882,rj_dg_1_4,back,-0.06547619047619047,-0.11868238913561441,9.0,40.1,0.027925268031909273,-0.0017453292519943296,0.026179938779914945,-0.11868238913561441,-0.010471975511965978,0.010471975511965978,0.022689280275926284,0.03316125578789226,-0.020943951023931956,0.022689280275926284,0.03316125578789226,0.024434609527920613,-0.022689280275926284,0.04363323129985824,0.04014257279586958,0.024434609527920613,-0.03316125578789226,0.020943951023931956,0.024434609527920613,0.04014257279586958,41.6,41.6,40.1,40.1,40.5,41.0,41.800000000000004,42.6,41.5,42.800000000000004,43.6,43.300000000000004,42.1,41.2,42.2,43.1,41.0,39.300000000000004,40.6,40.5
400377.530961116,rj_dg_1_4,back,-0.0625,-0.11868238913561441,9.0,40.1,0.027925268031909273,-0.0017453292519943296,0.026179938779914945,-0.11868238913561441,-0.010471975511965978,0.010471975511965978,0.022689280275926284,0.03316125578789226,-0.020943951023931956,0.022689280275926284,0.03316125578789226,0.024434609527920613,-0.022689280275926284,0.04363323129985824,0.04014257279586958,0.024434609527920613,-0.03316125578789226,0.020943951023931956,0.024434609527920613,0.04014257279586958,41.6,41.6,40.1,40.1,40.5,41.0,41.800000000000004,42.6,41.5,42.800000000000004,43.6,43.300000000000004,42.1,41.2,42.2,43.1,41.0,39.300000000000004,40.6,40.5
400377.540681879,rj_dg_1_4,back,-0.059523809523809534,-0.12217304763960307,9.0,40.1,0.027925268031909273,-0.005235987755982989,0.026179938779914945,-0.12217304763960307,-0.010471975511965978,0.010471975511965978,0.022689280275926284,0.03316125578789226,-0.020943951023931956,0.022689280275926284,0.03316125578789226,0.024434609527920613,-0.024434609527920613,0.04014257279586958,0.04014257279586958,0.024434609527920613,-0.03316125578789226,0.019198621771937624,0.024434609527920613,0.04014257279586958,41.6,41.6,40.1,40.1,40.5,41.0,41.800000000000004,42.6,41.5,42.800000000000004,43.6,43.300000000000004,42.1,41.2,42.2,43.1,41.0,39.300000000000004,40.6,40.5
400377.540918753,rj_dg_1_4,back,-0.05654761904761904,-0.12217304763960307,9.0,40.1,0.027925268031909273,-0.005235987755982989,0.026179938779914945,-0.12217304763960307,-0.010471975511965978,0.010471975511965978,0.022689280275926284,0.03316125578789226,-0.020943951023931956,0.022689280275926284,0.03316125578789226,0.024434609527920613,-0.024434609527920613,0.04014257279586958,0.04014257279586958,0.024434609527920613,-0.03316125578789226,0.019198621771937624,0.024434609527920613,0.04014257279586958,41.6,41.6,40.1,40.1,40.5,41.0,41.800000000000004,42.6,41.5,42.800000000000004,43.6,43.300000000000004,42.1,41.2,42.2,43.1,41.0,39.300000000000004,40.6,40.5
400377.55089146,rj_dg_1_4,back,-0.053571428571428575,-0.12217304763960307,3.0,40.1,0.027925268031909273,-0.005235987755982989,0.026179938779914945,-0.12217304763960307,-0.010471975511965978,0.010471975511965978,0.022689280275926284,0.03316125578789226,-0.024434609527920613,0.022689280275926284,0.03316125578789226,0.024434609527920613,-0.022689280275926284,0.04363323129985824,0.04014257279586958,0.026179938779914945,-0.03316125578789226,0.020943951023931956,0.024434609527920613,0.04014257279586958,41.6,41.6,40.1,40.1,40.5,41.0,41.800000000000004,42.6,41.5,42.800000000000004,43.6,43.300000000000004,42.1,41.2,42.2,43.1,41.0,39.300000000000004,40.6,40.5
400377.551108708,rj_dg_1_4,back,-0.05059523809523808,-0.12217304763960307,3.0,40.1,0.027925268031909273,-0.005235987755982989,0.026179938779914945,-0.12217304763960307,-0.010471975511965978,0.010471975511965978,0.022689280275926284,0.03316125578789226,-0.024434609527920613,0.022689280275926284,0.03316125578789226,0.024434609527920613,-0.022689280275926284,0.04363323129985824,0.04014257279586958,0.026179938779914945,-0.03316125578789226,0.020943951023931956,0.024434609527920613,0.04014257279586958,41.6,41.6,40.1,40.1,40.5,41.0,41.800000000000004,42.6,41.5,42.800000000000004,43.6,43.300000000000004,42.1,41.2,42.2,43.1,41.0,39.300000000000004,40.6,40.5
400377.560643605,rj_dg_1_4,back,-0.047619047619047616,-0.1239183768915974,3.0,40.1,0.024434609527920613,-0.005235987755982989,0.026179938779914945,-0.1239183768915974,-0.006981317007977318,0.010471975511965978,0.022689280275926284,0.03316125578789226,-0.020943951023931956,0.022689280275926284,0.03316125578789226,0.024434609527920613,-0.022689280275926284,0.04363323129985824,0.04014257279586958,0.026179938779914945,-0.03316125578789226,0.019198621771937624,0.024434609527920613,0.04014257279586958,41.6,41.6,40.1,40.1,40.5,41.0,41.800000000000004,42.6,41.5,42.800000000000004,43.6,43.300000000000004,42.1,41.2,42.2,43.1,41.0,39.300000000000004,40.6,40.5
400377.560884819,rj_dg_1_4,back,-0.04464285714285715,-0.1239183768915974,3.0,40.1,0.024434609527920613,-0.005235987755982989,0.026179938779914945,-0.1239183768915974,-0.006981317007977318,0.010471975511965978,0.022689280275926284,0.03316125578789226,-0.020943951023931956,0.022689280275926284,0.03316125578789226,0.024434609527920613,-0.022689280275926284,0.04363323129985824,0.04014257279586958,0.026179938779914945,-0.03316125578789226,0.019198621771937624,0.024434609527920613,0.04014257279586958,41.6,41.6,40.1,40.1,40.5,41.0,41.800000000000004,42.6,41.5,42.800000000000004,43.6,43.300000000000004,42.1,41.2,42.2,43.1,41.0,39.300000000000004,40.6,40.5
400377.570837464,rj_dg_1_4,back,-0.04166666666666666,-0.12566370614359174,3.0,40.1,0.027925268031909273,-0.005235987755982989,0.026179938779914945,-0.12566370614359174,-0.010471975511965978,0.010471975511965978,0.022689280275926284,0.03316125578789226,-0.020943951023931956,0.022689280275926284,0.03316125578789226,0.024434609527920613,-0.022689280275926284,0.04014257279586958,0.04014257279586958,0.024434609527920613,-0.03316125578789226,0.019198621771937624,0.024434609527920613,0.04014257279586958,41.6,41.6,40.1,40.1,40.5,41.0,41.800000000000004,42.6,41.5,42.800000000000004,43.6,43.300000000000004,42.1,41.2,42.2,43.1,41.0,39.300000000000004,40.6,40.5
400377.571073739,rj_dg_1_4,back,-0.03869047619047619,-0.12566370614359174,3.0,40.1,0.027925268031909273,-0.005235987755982989,0.026179938779914945,-0.12566370614359174,-0.010471975511965978,0.010471975511965978,0.022689280275926284,0.03316125578789226,-0.020943951023931956,0.022689280275926284,0.03316125578789226,0.024434609527920613,-0.022689280275926284,0.04014257279586958,0.04014257279586958,0.024434609527920613,-0.03316125578789226,0.019198621771937624,0.024434609527920613,0.04014257279586958,41.6,41.6,40.1,40.1,40.5,41.0,41.800000000000004,42.6,41.5,42.800000000000004,43.6,43.300000000000004,42.1,41.2,42.2,43.1,41.0,39.300000000000004,40.6,40.5
400377.580803512,rj_dg_1_4,back,-0.035714285714285726,-0.12740903539558607,3.0,40.1,0.027925268031909273,-0.005235987755982989,0.026179938779914945,-0.12740903539558607,-0.010471975511965978,0.010471975511965978,0.022689280275926284,0.03316125578789226,-0.020943951023931956,0.022689280275926284,0.03316125578789226,0.024434609527920613,-0.024434609527920613,0.04363323129985824,0.04014257279586958,0.024434609527920613,-0.029670597283903602,0.019198621771937624,0.024434609527920613,0.04014257279586958,41.6,41.6,40.1,40.1,40.5,41.0,41.800000000000004,42.6,41.5,42.800000000000004,43.6,43.300000000000004,42.1,41.2,42.2,43.1,41.0,39.300000000000004,40.6,40.5
400377.581027908,rj_dg_1_4,back,-0.03273809523809523,-0.12740903539558607,3.0,40.1,0.027925268031909273,-0.005235987755982989,0.026179938779914945,-0.12740903539558607,-0.010471975511965978,0.010471975511965978,0.022689280275926284,0.03316125578789226,-0.020943951023931956,0.022689280275926284,0.03316125578789226,0.024434609527920613,-0.024434609527920613,0.04363323129985824,0.04014257279586958,0.024434609527920613,-0.029670597283903602,0.019198621771937624,0.024434609527920613,0.04014257279586958,41.6,41.6,40.1,40.1,40.5,41.0,41.800000000000004,42.6,41.5,42.800000000000004,43.6,43.300000000000004,42.1,41.2,42.2,43.1,41.0,39.300000000000004,40.6,40.5
400377.590602789,rj_dg_1_4,back,-0.029761904761904767,-0.13089969389957473,3.0,40.1,0.024434609527920613,-0.005235987755982989,0.026179938779914945,-0.13089969389957473,-0.010471975511965978,0.010471975511965978,0.022689280275926284,0.03316125578789226,-0.020943951023931956,0.022689280275926284,0.03316125578789226,0.020943951023931956,-0.024434609527920613,0.04363323129985824,0.04014257279586958,0.024434609527920613,-0.03316125578789226,0.019198621771937624,0.024434609527920613,0.03665191429188092,41.6,41.6,40.1,40.1,40.5,41.0,41.800000000000004,42.6,41.5,42.800000000000004,43.6,43.300000000000004,42.1,41.2,42.2,43.1,41.0,39.300000000000004,40.6,40.5
400377.590825939,rj_dg_1_4,back,-0.026785714285714274,-0.13089969389957473,3.0,40.1,0.024434609527920613,-0.005235987755982989,0.026179938779914945,-0.13089969389957473,-0.010471975511965978,0.010471975511965978,0.022689280275926284,0.03316125578789226,-0.020943951023931956,0.022689280275926284,0.03316125578789226,0.020943951023931956,-0.024434609527920613,0.04363323129985824,0.04014257279586958,0.024434609527920613,-0.03316125578789226,0.019198621771937624,0.024434609527920613,0.03665191429188092,41.6,41.6,40.1,40.1,40.5,41.0,41.800000000000004,42.6,41.5,42.800000000000004,43.6,43.300000000000004,42.1,41.2,42.2,43.1,41.0,39.300000000000004,40.6,40.5
400377.600561784,rj_dg_1_4,back,-0.023809523809523808,-0.13264502315156904,3.0,40.1,0.027925268031909273,-0.005235987755982989,0.026179938779914945,-0.13264502315156904,-0.010471975511965978,0.010471975511965978,0.022689280275926284,0.03316125578789226,-0.020943951023931956,0.022689280275926284,0.03316125578789226,0.024434609527920613,-0.024434609527920613,0.04363323129985824,0.04014257279586958,0.024434609527920613,-0.03316125578789226,0.020943951023931956,0.024434609527920613,0.04014257279586958,41.6,41.6,40.1,40.1,40.5,41.0,41.800000000000004,42.6,41.5,42.800000000000004,43.6,43.300000000000004,42.1,41.2,42.2,43.1,41.0,39.300000000000004,40.6,40.5
400377.600797401,rj_dg_1_4,back,-0.020833333333333343,-0.13264502315156904,3.0,40.1,0.027925268031909273,-0.005235987755982989,0.026179938779914945,-0.13264502315156904,-0.010471975511965978,0.010471975511965978,0.022689280275926284,0.03316125578789226,-0.020943951023931956,0.022689280275926284,0.03316125578789226,0.024434609527920613,-0.024434609527920613,0.04363323129985824,0.04014257279586958,0.024434609527920613,-0.03316125578789226,0.020943951023931956,0.024434609527920613,0.04014257279586958,41.6,41.6,40.1,40.1,40.5,41.0,41.800000000000004,42.6,41.5,42.800000000000004,43.6,43.300000000000004,42.1,41.2,42.2,43.1,41.0,39.300000000000004,40.6,40.5
400377.610548111,rj_dg_1_4,back,-0.01785714285714285,-0.13264502315156904,3.0,40.1,0.027925268031909273,-0.005235987755982989,0.026179938779914945,-0.13264502315156904,-0.010471975511965978,0.010471975511965978,0.022689280275926284,0.03316125578789226,-0.020943951023931956,0.022689280275926284,0.03316125578789226,0.024434609527920613,-0.024434609527920613,0.04363323129985824,0.04014257279586958,0.024434609527920613,-0.03316125578789226,0.020943951023931956,0.024434609527920613,0.04014257279586958,41.6,41.6,40.1,40.1,40.5,41.0,41.800000000000004,42.6,41.5,42.800000000000004,43.6,43.300000000000004,42.1,41.2,42.2,43.1,41.0,39.300000000000004,40.6,40.5
400377.610758702,rj_dg_1_4,back,-0.014880952380952384,-0.13264502315156904,3.0,40.1,0.027925268031909273,-0.005235987755982989,0.026179938779914945,-0.13264502315156904,-0.010471975511965978,0.010471975511965978,0.022689280275926284,0.03316125578789226,-0.020943951023931956,0.022689280275926284,0.03316125578789226,0.024434609527920613,-0.024434609527920613,0.04363323129985824,0.04014257279586958,0.024434609527920613,-0.03316125578789226,0.020943951023931956,0.024434609527920613,0.04014257279586958,41.6,41.6,40.1,40.1,40.5,41.0,41.800000000000004,42.6,41.5,42.800000000000004,43.6,43.300000000000004,42.1,41.2,42.2,43.1,41.0,39.300000000000004,40.6,40.5
400377.620540057,rj_dg_1_4,back,-0.011904761904761918,-0.13264502315156904,3.0,40.1,0.024434609527920613,-0.005235987755982989,0.026179938779914945,-0.13264502315156904,-0.010471975511965978,0.010471975511965978,0.022689280275926284,0.03316125578789226,-0.024434609527920613,0.022689280275926284,0.03316125578789226,0.024434609527920613,-0.024434609527920613,0.04363323129985824,0.04014257279586958,0.026179938779914945,-0.03316125578789226,0.020943951023931956,0.024434609527920613,0.04014257279586958,41.6,41.6,40.1,40.1,40.5,41.0,41.800000000000004,42.6,41.5,42.800000000000004,43.6,43.300000000000004,42.1,41.2,42.2,43.1,41.0,39.300000000000004,40.6,40.5
400377.620778037,rj_dg_1_4,back,-0.008928571428571425,-0.13264502315156904,3.0,40.1,0.024434609527920613,-0.005235987755982989,0.026179938779914945,-0.13264502315156904,-0.010471975511965978,0.010471975511965978,0.022689280275926284,0.03316125578789226,-0.024434609527920613,0.022689280275926284,0.03316125578789226,0.024434609527920613,-0.024434609527920613,0.04363323129985824,0.04014257279586958,0.026179938779914945,-0.03316125578789226,0.020943951023931956,0.024434609527920613,0.04014257279586958,41.6,41.6,40.1,40.1,40.5,41.0,41.800000000000004,42.6,41.5,42.800000000000004,43.6,43.300000000000004,42.1,41.2,42.2,43.1,41.0,39.300000000000004,40.6,40.5
400377.630514605,rj_dg_1_4,back,-0.005952380952380959,-0.13439035240356337,3.0,40.1,0.027925268031909273,-0.005235987755982989,0.026179938779914945,-0.13439035240356337,-0.010471975511965978,0.010471975511965978,0.022689280275926284,0.03316125578789226,-0.024434609527920613,0.022689280275926284,0.03316125578789226,0.024434609527920613,-0.024434609527920613,0.04363323129985824,0.04014257279586958,0.024434609527920613,-0.03316125578789226,0.020943951023931956,0.024434609527920613,0.04014257279586958,41.6,41.6,40.1,40.1,40.5,41.0,41.800000000000004,42.6,41.5,42.800000000000004,43.6,43.300000000000004,42.1,41.2,42.2,43.1,41.0,39.300000000000004,40.6,40.5
400377.63073195,rj_dg_1_4,back,-0.0029761904761904656,-0.13439035240356337,3.0,40.1,0.027925268031909273,-0.005235987755982989,0.026179938779914945,-0.13439035240356337,-0.010471975511965978,0.010471975511965978,0.022689280275926284,0.03316125578789226,-0.024434609527920613,0.022689280275926284,0.03316125578789226,0.024434609527920613,-0.024434609527920613,0.04363323129985824,0.04014257279586958,0.024434609527920613,-0.03316125578789226,0.020943951023931956,0.024434609527920613,0.04014257279586958,41.6,41.6,40.1,40.1,40.5,41.0,41.800000000000004,42.6,41.5,42.800000000000004,43.6,43.300000000000004,42.1,41.2,42.2,43.1,41.0,39.300000000000004,40.6,40.5
400377.640506227,rj_dg_1_4,back,0.0,-0.13439035240356337,3.0,40.1,0.027925268031909273,-0.005235987755982989,0.026179938779914945,-0.13439035240356337,-0.010471975511965978,0.010471975511965978,0.022689280275926284,0.03316125578789226,-0.020943951023931956,0.022689280275926284,0.03316125578789226,0.024434609527920613,-0.022689280275926284,0.04363323129985824,0.04014257279586958,0.024434609527920613,-0.03316125578789226,0.019198621771937624,0.024434609527920613,0.04014257279586958,41.6,41.6,40.1,40.1,40.5,41.0,41.800000000000004,42.6,41.5,42.800000000000004,43.6,43.300000000000004,42.1,41.2,42.2,43.1,41.0,39.300000000000004,40.6,40.5
400377.640740168,rj_dg_1_4,back_hold,0.0,-0.13439035240356337,3.0,40.1,0.027925268031909273,-0.005235987755982989,0.026179938779914945,-0.13439035240356337,-0.010471975511965978,0.010471975511965978,0.022689280275926284,0.03316125578789226,-0.020943951023931956,0.022689280275926284,0.03316125578789226,0.024434609527920613,-0.022689280275926284,0.04363323129985824,0.04014257279586958,0.024434609527920613,-0.03316125578789226,0.019198621771937624,0.024434609527920613,0.04014257279586958,41.6,41.6,40.1,40.1,40.5,41.0,41.800000000000004,42.6,41.5,42.800000000000004,43.6,43.300000000000004,42.1,41.2,42.2,43.1,41.0,39.300000000000004,40.6,40.5
400377.650474716,rj_dg_1_4,back_hold,0.0,-0.13089969389957473,3.0,40.1,0.027925268031909273,-0.005235987755982989,0.026179938779914945,-0.13089969389957473,-0.010471975511965978,0.010471975511965978,0.022689280275926284,0.03316125578789226,-0.020943951023931956,0.022689280275926284,0.03316125578789226,0.024434609527920613,-0.022689280275926284,0.04363323129985824,0.04014257279586958,0.024434609527920613,-0.03316125578789226,0.020943951023931956,0.024434609527920613,0.04014257279586958,41.6,41.6,40.1,40.1,40.5,41.0,41.800000000000004,42.6,41.5,42.800000000000004,43.6,43.300000000000004,42.1,41.2,42.2,43.1,41.0,39.300000000000004,40.6,40.5
400377.650724298,rj_dg_1_4,back_hold,0.0,-0.13089969389957473,3.0,40.1,0.027925268031909273,-0.005235987755982989,0.026179938779914945,-0.13089969389957473,-0.010471975511965978,0.010471975511965978,0.022689280275926284,0.03316125578789226,-0.020943951023931956,0.022689280275926284,0.03316125578789226,0.024434609527920613,-0.022689280275926284,0.04363323129985824,0.04014257279586958,0.024434609527920613,-0.03316125578789226,0.020943951023931956,0.024434609527920613,0.04014257279586958,41.6,41.6,40.1,40.1,40.5,41.0,41.800000000000004,42.6,41.5,42.800000000000004,43.6,43.300000000000004,42.1,41.2,42.2,43.1,41.0,39.300000000000004,40.6,40.5
400377.660568205,rj_dg_1_4,back_hold,0.0,-0.13089969389957473,3.0,40.1,0.024434609527920613,-0.005235987755982989,0.026179938779914945,-0.13089969389957473,-0.010471975511965978,0.010471975511965978,0.022689280275926284,0.03316125578789226,-0.020943951023931956,0.022689280275926284,0.03316125578789226,0.024434609527920613,-0.022689280275926284,0.04363323129985824,0.04014257279586958,0.024434609527920613,-0.03316125578789226,0.020943951023931956,0.024434609527920613,0.04014257279586958,41.6,41.6,40.1,40.1,40.5,41.0,41.800000000000004,42.6,41.5,42.800000000000004,43.6,43.300000000000004,42.1,41.2,42.2,43.1,41.0,39.300000000000004,40.6,40.5
400377.660798062,rj_dg_1_4,back_hold,0.0,-0.13089969389957473,3.0,40.1,0.024434609527920613,-0.005235987755982989,0.026179938779914945,-0.13089969389957473,-0.010471975511965978,0.010471975511965978,0.022689280275926284,0.03316125578789226,-0.020943951023931956,0.022689280275926284,0.03316125578789226,0.024434609527920613,-0.022689280275926284,0.04363323129985824,0.04014257279586958,0.024434609527920613,-0.03316125578789226,0.020943951023931956,0.024434609527920613,0.04014257279586958,41.6,41.6,40.1,40.1,40.5,41.0,41.800000000000004,42.6,41.5,42.800000000000004,43.6,43.300000000000004,42.1,41.2,42.2,43.1,41.0,39.300000000000004,40.6,40.5
400377.67075863,rj_dg_1_4,back_hold,0.0,-0.13089969389957473,3.0,40.1,0.024434609527920613,-0.005235987755982989,0.026179938779914945,-0.13089969389957473,-0.010471975511965978,0.010471975511965978,0.022689280275926284,0.03316125578789226,-0.020943951023931956,0.022689280275926284,0.03316125578789226,0.024434609527920613,-0.022689280275926284,0.04363323129985824,0.04014257279586958,0.026179938779914945,-0.03316125578789226,0.019198621771937624,0.024434609527920613,0.04014257279586958,41.6,41.6,40.1,40.1,40.5,41.0,41.800000000000004,42.6,41.5,42.800000000000004,43.6,43.300000000000004,42.1,41.2,42.2,43.1,41.0,39.300000000000004,40.6,40.5
400377.670985081,rj_dg_1_4,back_hold,0.0,-0.13089969389957473,3.0,40.1,0.024434609527920613,-0.005235987755982989,0.026179938779914945,-0.13089969389957473,-0.010471975511965978,0.010471975511965978,0.022689280275926284,0.03316125578789226,-0.020943951023931956,0.022689280275926284,0.03316125578789226,0.024434609527920613,-0.022689280275926284,0.04363323129985824,0.04014257279586958,0.026179938779914945,-0.03316125578789226,0.019198621771937624,0.024434609527920613,0.04014257279586958,41.6,41.6,40.1,40.1,40.5,41.0,41.800000000000004,42.6,41.5,42.800000000000004,43.6,43.300000000000004,42.1,41.2,42.2,43.1,41.0,39.300000000000004,40.6,40.5
400377.680605527,rj_dg_1_4,back_hold,0.0,-0.13089969389957473,3.0,40.1,0.027925268031909273,-0.005235987755982989,0.026179938779914945,-0.13089969389957473,-0.010471975511965978,0.010471975511965978,0.022689280275926284,0.03316125578789226,-0.020943951023931956,0.022689280275926284,0.03316125578789226,0.024434609527920613,-0.024434609527920613,0.04363323129985824,0.04014257279586958,0.024434609527920613,-0.029670597283903602,0.020943951023931956,0.024434609527920613,0.04014257279586958,41.6,41.6,40.1,40.1,40.5,41.0,41.800000000000004,42.6,41.5,42.800000000000004,43.6,43.300000000000004,42.1,41.2,42.2,43.1,41.0,39.300000000000004,40.6,40.5
400377.68092102,rj_dg_1_4,back_hold,0.0,-0.13089969389957473,3.0,40.1,0.027925268031909273,-0.005235987755982989,0.026179938779914945,-0.13089969389957473,-0.010471975511965978,0.010471975511965978,0.022689280275926284,0.03316125578789226,-0.020943951023931956,0.022689280275926284,0.03316125578789226,0.024434609527920613,-0.024434609527920613,0.04363323129985824,0.04014257279586958,0.024434609527920613,-0.029670597283903602,0.020943951023931956,0.024434609527920613,0.04014257279586958,41.6,41.6,40.1,40.1,40.5,41.0,41.800000000000004,42.6,41.5,42.800000000000004,43.6,43.300000000000004,42.1,41.2,42.2,43.1,41.0,39.300000000000004,40.6,40.5
400377.690533989,rj_dg_1_4,back_hold,0.0,-0.13439035240356337,39.0,40.1,0.024434609527920613,-0.005235987755982989,0.026179938779914945,-0.13439035240356337,-0.010471975511965978,0.010471975511965978,0.022689280275926284,0.03316125578789226,-0.020943951023931956,0.022689280275926284,0.03316125578789226,0.024434609527920613,-0.022689280275926284,0.04363323129985824,0.04014257279586958,0.024434609527920613,-0.03316125578789226,0.020943951023931956,0.024434609527920613,0.04014257279586958,41.6,41.6,40.1,40.1,40.5,41.0,41.800000000000004,42.6,41.5,42.800000000000004,43.6,43.300000000000004,42.1,41.2,42.2,43.1,41.0,39.300000000000004,40.6,40.5
400377.690737574,rj_dg_1_4,back_hold,0.0,-0.13439035240356337,39.0,40.1,0.024434609527920613,-0.005235987755982989,0.026179938779914945,-0.13439035240356337,-0.010471975511965978,0.010471975511965978,0.022689280275926284,0.03316125578789226,-0.020943951023931956,0.022689280275926284,0.03316125578789226,0.024434609527920613,-0.022689280275926284,0.04363323129985824,0.04014257279586958,0.024434609527920613,-0.03316125578789226,0.020943951023931956,0.024434609527920613,0.04014257279586958,41.6,41.6,40.1,40.1,40.5,41.0,41.800000000000004,42.6,41.5,42.800000000000004,43.6,43.300000000000004,42.1,41.2,42.2,43.1,41.0,39.300000000000004,40.6,40.5
400377.700669537,rj_dg_1_4,back_hold,0.0,-0.13089969389957473,39.0,40.1,0.024434609527920613,-0.005235987755982989,0.026179938779914945,-0.13089969389957473,-0.006981317007977318,0.013962634015954637,0.022689280275926284,0.03316125578789226,-0.020943951023931956,0.022689280275926284,0.03316125578789226,0.024434609527920613,-0.022689280275926284,0.04363323129985824,0.04014257279586958,0.024434609527920613,-0.03316125578789226,0.020943951023931956,0.024434609527920613,0.04014257279586958,41.6,41.6,40.1,40.1,40.5,41.0,41.800000000000004,42.6,41.5,42.800000000000004,43.6,43.300000000000004,42.1,41.2,42.2,43.1,41.0,39.300000000000004,40.6,40.5
400377.700916498,rj_dg_1_4,back_hold,0.0,-0.13089969389957473,39.0,40.1,0.024434609527920613,-0.005235987755982989,0.026179938779914945,-0.13089969389957473,-0.006981317007977318,0.013962634015954637,0.022689280275926284,0.03316125578789226,-0.020943951023931956,0.022689280275926284,0.03316125578789226,0.024434609527920613,-0.022689280275926284,0.04363323129985824,0.04014257279586958,0.024434609527920613,-0.03316125578789226,0.020943951023931956,0.024434609527920613,0.04014257279586958,41.6,41.6,40.1,40.1,40.5,41.0,41.800000000000004,42.6,41.5,42.800000000000004,43.6,43.300000000000004,42.1,41.2,42.2,43.1,41.0,39.300000000000004,40.6,40.5
400377.710600765,rj_dg_1_4,back_hold,0.0,-0.13089969389957473,39.0,40.1,0.024434609527920613,-0.005235987755982989,0.026179938779914945,-0.13089969389957473,-0.010471975511965978,0.010471975511965978,0.022689280275926284,0.03316125578789226,-0.020943951023931956,0.022689280275926284,0.03316125578789226,0.024434609527920613,-0.022689280275926284,0.04363323129985824,0.04014257279586958,0.024434609527920613,-0.03316125578789226,0.020943951023931956,0.024434609527920613,0.04014257279586958,41.6,41.6,40.1,40.1,40.5,41.0,41.800000000000004,42.6,41.5,42.800000000000004,43.6,43.300000000000004,42.1,41.2,42.2,43.1,41.0,39.300000000000004,40.6,40.5
400377.710817517,rj_dg_1_4,back_hold,0.0,-0.13089969389957473,39.0,40.1,0.024434609527920613,-0.005235987755982989,0.026179938779914945,-0.13089969389957473,-0.010471975511965978,0.010471975511965978,0.022689280275926284,0.03316125578789226,-0.020943951023931956,0.022689280275926284,0.03316125578789226,0.024434609527920613,-0.022689280275926284,0.04363323129985824,0.04014257279586958,0.024434609527920613,-0.03316125578789226,0.020943951023931956,0.024434609527920613,0.04014257279586958,41.6,41.6,40.1,40.1,40.5,41.0,41.800000000000004,42.6,41.5,42.800000000000004,43.6,43.300000000000004,42.1,41.2,42.2,43.1,41.0,39.300000000000004,40.6,40.5
400377.720569113,rj_dg_1_4,back_hold,0.0,-0.13089969389957473,39.0,40.1,0.027925268031909273,-0.005235987755982989,0.026179938779914945,-0.13089969389957473,-0.010471975511965978,0.010471975511965978,0.022689280275926284,0.03316125578789226,-0.020943951023931956,0.022689280275926284,0.03316125578789226,0.024434609527920613,-0.024434609527920613,0.04363323129985824,0.04014257279586958,0.024434609527920613,-0.03316125578789226,0.020943951023931956,0.024434609527920613,0.04014257279586958,41.6,41.6,40.1,40.1,40.5,41.0,41.800000000000004,42.6,41.5,42.800000000000004,43.6,43.300000000000004,42.1,41.2,42.2,43.1,41.0,39.300000000000004,40.6,40.5
400377.720800757,rj_dg_1_4,back_hold,0.0,-0.13089969389957473,39.0,40.1,0.027925268031909273,-0.005235987755982989,0.026179938779914945,-0.13089969389957473,-0.010471975511965978,0.010471975511965978,0.022689280275926284,0.03316125578789226,-0.020943951023931956,0.022689280275926284,0.03316125578789226,0.024434609527920613,-0.024434609527920613,0.04363323129985824,0.04014257279586958,0.024434609527920613,-0.03316125578789226,0.020943951023931956,0.024434609527920613,0.04014257279586958,41.6,41.6,40.1,40.1,40.5,41.0,41.800000000000004,42.6,41.5,42.800000000000004,43.6,43.300000000000004,42.1,41.2,42.2,43.1,41.0,39.300000000000004,40.6,40.5
400377.730596888,rj_dg_1_4,back_hold,0.0,-0.13089969389957473,39.0,40.1,0.024434609527920613,-0.005235987755982989,0.026179938779914945,-0.13089969389957473,-0.010471975511965978,0.010471975511965978,0.022689280275926284,0.03316125578789226,-0.020943951023931956,0.022689280275926284,0.03316125578789226,0.024434609527920613,-0.024434609527920613,0.04363323129985824,0.04014257279586958,0.024434609527920613,-0.03316125578789226,0.020943951023931956,0.024434609527920613,0.04014257279586958,41.6,41.6,40.1,40.1,40.5,41.0,41.800000000000004,42.6,41.5,42.800000000000004,43.6,43.300000000000004,42.1,41.2,42.2,43.1,41.0,39.300000000000004,40.6,40.5
400377.730804051,rj_dg_1_4,back_hold,0.0,-0.13089969389957473,39.0,40.1,0.024434609527920613,-0.005235987755982989,0.026179938779914945,-0.13089969389957473,-0.010471975511965978,0.010471975511965978,0.022689280275926284,0.03316125578789226,-0.020943951023931956,0.022689280275926284,0.03316125578789226,0.024434609527920613,-0.024434609527920613,0.04363323129985824,0.04014257279586958,0.024434609527920613,-0.03316125578789226,0.020943951023931956,0.024434609527920613,0.04014257279586958,41.6,41.6,40.1,40.1,40.5,41.0,41.800000000000004,42.6,41.5,42.800000000000004,43.6,43.300000000000004,42.1,41.2,42.2,43.1,41.0,39.300000000000004,40.6,40.5
400377.740700883,rj_dg_1_4,back_hold,0.0,-0.13089969389957473,39.0,40.1,0.027925268031909273,-0.005235987755982989,0.026179938779914945,-0.13089969389957473,-0.010471975511965978,0.010471975511965978,0.022689280275926284,0.03316125578789226,-0.020943951023931956,0.022689280275926284,0.03316125578789226,0.024434609527920613,-0.024434609527920613,0.04363323129985824,0.04014257279586958,0.026179938779914945,-0.03316125578789226,0.020943951023931956,0.024434609527920613,0.04014257279586958,41.6,41.6,40.1,40.1,40.5,41.0,41.800000000000004,42.6,41.5,42.800000000000004,43.6,43.300000000000004,42.1,41.2,42.2,43.1,41.0,39.300000000000004,40.6,40.5
400377.740966101,rj_dg_1_4,back_hold,0.0,-0.13089969389957473,39.0,40.1,0.027925268031909273,-0.005235987755982989,0.026179938779914945,-0.13089969389957473,-0.010471975511965978,0.010471975511965978,0.022689280275926284,0.03316125578789226,-0.020943951023931956,0.022689280275926284,0.03316125578789226,0.024434609527920613,-0.024434609527920613,0.04363323129985824,0.04014257279586958,0.026179938779914945,-0.03316125578789226,0.020943951023931956,0.024434609527920613,0.04014257279586958,41.6,41.6,40.1,40.1,40.5,41.0,41.800000000000004,42.6,41.5,42.800000000000004,43.6,43.300000000000004,42.1,41.2,42.2,43.1,41.0,39.300000000000004,40.6,40.5
400377.750766863,rj_dg_1_4,back_hold,0.0,-0.13089969389957473,39.0,40.1,0.027925268031909273,-0.005235987755982989,0.026179938779914945,-0.13089969389957473,-0.010471975511965978,0.010471975511965978,0.022689280275926284,0.03316125578789226,-0.020943951023931956,0.022689280275926284,0.03316125578789226,0.024434609527920613,-0.024434609527920613,0.04363323129985824,0.04014257279586958,0.024434609527920613,-0.03316125578789226,0.020943951023931956,0.024434609527920613,0.04014257279586958,41.6,41.6,40.1,40.1,40.5,41.0,41.800000000000004,42.6,41.5,42.800000000000004,43.6,43.300000000000004,42.1,41.2,42.2,43.1,41.0,39.300000000000004,40.6,40.5
400377.750977508,rj_dg_1_4,back_hold,0.0,-0.13089969389957473,39.0,40.1,0.027925268031909273,-0.005235987755982989,0.026179938779914945,-0.13089969389957473,-0.010471975511965978,0.010471975511965978,0.022689280275926284,0.03316125578789226,-0.020943951023931956,0.022689280275926284,0.03316125578789226,0.024434609527920613,-0.024434609527920613,0.04363323129985824,0.04014257279586958,0.024434609527920613,-0.03316125578789226,0.020943951023931956,0.024434609527920613,0.04014257279586958,41.6,41.6,40.1,40.1,40.5,41.0,41.800000000000004,42.6,41.5,42.800000000000004,43.6,43.300000000000004,42.1,41.2,42.2,43.1,41.0,39.300000000000004,40.6,40.5
400377.760756342,rj_dg_1_4,back_hold,0.0,-0.13089969389957473,39.0,40.1,0.027925268031909273,-0.005235987755982989,0.026179938779914945,-0.13089969389957473,-0.010471975511965978,0.010471975511965978,0.022689280275926284,0.03316125578789226,-0.020943951023931956,0.022689280275926284,0.03316125578789226,0.024434609527920613,-0.024434609527920613,0.04363323129985824,0.04014257279586958,0.024434609527920613,-0.03316125578789226,0.019198621771937624,0.024434609527920613,0.04014257279586958,41.6,41.6,40.1,40.1,40.5,41.0,41.800000000000004,42.6,41.5,42.800000000000004,43.6,43.300000000000004,42.1,41.2,42.2,43.1,41.0,39.300000000000004,40.6,40.5
400377.761111261,rj_dg_1_4,back_hold,0.0,-0.13089969389957473,39.0,40.1,0.027925268031909273,-0.005235987755982989,0.026179938779914945,-0.13089969389957473,-0.010471975511965978,0.010471975511965978,0.022689280275926284,0.03316125578789226,-0.020943951023931956,0.022689280275926284,0.03316125578789226,0.024434609527920613,-0.024434609527920613,0.04363323129985824,0.04014257279586958,0.024434609527920613,-0.03316125578789226,0.019198621771937624,0.024434609527920613,0.04014257279586958,41.6,41.6,40.1,40.1,40.5,41.0,41.800000000000004,42.6,41.5,42.800000000000004,43.6,43.300000000000004,42.1,41.2,42.2,43.1,41.0,39.300000000000004,40.6,40.5
400377.770643896,rj_dg_1_4,back_hold,0.0,-0.13089969389957473,39.0,40.1,0.024434609527920613,-0.005235987755982989,0.026179938779914945,-0.13089969389957473,-0.010471975511965978,0.010471975511965978,0.022689280275926284,0.03316125578789226,-0.024434609527920613,0.022689280275926284,0.031415926535897934,0.024434609527920613,-0.024434609527920613,0.04363323129985824,0.04014257279586958,0.024434609527920613,-0.029670597283903602,0.020943951023931956,0.024434609527920613,0.04014257279586958,41.6,41.6,40.1,40.1,40.5,41.0,41.800000000000004,42.6,41.5,42.800000000000004,43.6,43.300000000000004,42.1,41.2,42.2,43.1,41.0,39.300000000000004,40.6,40.5
400377.770919249,rj_dg_1_4,back_hold,0.0,-0.13089969389957473,39.0,40.1,0.024434609527920613,-0.005235987755982989,0.026179938779914945,-0.13089969389957473,-0.010471975511965978,0.010471975511965978,0.022689280275926284,0.03316125578789226,-0.024434609527920613,0.022689280275926284,0.031415926535897934,0.024434609527920613,-0.024434609527920613,0.04363323129985824,0.04014257279586958,0.024434609527920613,-0.029670597283903602,0.020943951023931956,0.024434609527920613,0.04014257279586958,41.6,41.6,40.1,40.1,40.5,41.0,41.800000000000004,42.6,41.5,42.800000000000004,43.6,43.300000000000004,42.1,41.2,42.2,43.1,41.0,39.300000000000004,40.6,40.5
400377.780594862,rj_dg_1_4,back_hold,0.0,-0.13089969389957473,39.0,40.1,0.024434609527920613,-0.005235987755982989,0.026179938779914945,-0.13089969389957473,-0.010471975511965978,0.010471975511965978,0.022689280275926284,0.03316125578789226,-0.024434609527920613,0.022689280275926284,0.031415926535897934,0.024434609527920613,-0.024434609527920613,0.04363323129985824,0.04014257279586958,0.024434609527920613,-0.03316125578789226,0.019198621771937624,0.024434609527920613,0.04014257279586958,41.6,41.6,40.1,40.1,40.5,41.0,41.800000000000004,42.6,41.5,42.800000000000004,43.6,43.300000000000004,42.1,41.2,42.2,43.1,41.0,39.300000000000004,40.6,40.5
400377.780839356,rj_dg_1_4,back_hold,0.0,-0.13089969389957473,39.0,40.1,0.024434609527920613,-0.005235987755982989,0.026179938779914945,-0.13089969389957473,-0.010471975511965978,0.010471975511965978,0.022689280275926284,0.03316125578789226,-0.024434609527920613,0.022689280275926284,0.031415926535897934,0.024434609527920613,-0.024434609527920613,0.04363323129985824,0.04014257279586958,0.024434609527920613,-0.03316125578789226,0.019198621771937624,0.024434609527920613,0.04014257279586958,41.6,41.6,40.1,40.1,40.5,41.0,41.800000000000004,42.6,41.5,42.800000000000004,43.6,43.300000000000004,42.1,41.2,42.2,43.1,41.0,39.300000000000004,40.6,40.5
400377.790847942,rj_dg_1_4,back_hold,0.0,-0.13089969389957473,39.0,40.1,0.027925268031909273,-0.005235987755982989,0.026179938779914945,-0.13089969389957473,-0.010471975511965978,0.010471975511965978,0.022689280275926284,0.03316125578789226,-0.020943951023931956,0.022689280275926284,0.031415926535897934,0.024434609527920613,-0.024434609527920613,0.04363323129985824,0.04014257279586958,0.024434609527920613,-0.03316125578789226,0.019198621771937624,0.024434609527920613,0.04014257279586958,41.6,41.6,40.1,40.1,40.5,41.0,41.800000000000004,42.6,41.5,42.800000000000004,43.6,43.300000000000004,42.1,41.2,42.2,43.1,41.0,39.300000000000004,40.6,40.5
400377.791157038,rj_dg_1_4,back_hold,0.0,-0.13089969389957473,39.0,40.1,0.027925268031909273,-0.005235987755982989,0.026179938779914945,-0.13089969389957473,-0.010471975511965978,0.010471975511965978,0.022689280275926284,0.03316125578789226,-0.020943951023931956,0.022689280275926284,0.031415926535897934,0.024434609527920613,-0.024434609527920613,0.04363323129985824,0.04014257279586958,0.024434609527920613,-0.03316125578789226,0.019198621771937624,0.024434609527920613,0.04014257279586958,41.6,41.6,40.1,40.1,40.5,41.0,41.800000000000004,42.6,41.5,42.800000000000004,43.6,43.300000000000004,42.1,41.2,42.2,43.1,41.0,39.300000000000004,40.6,40.5
400377.801128016,rj_dg_1_4,back_hold,0.0,-0.13089969389957473,39.0,40.1,0.027925268031909273,-0.005235987755982989,0.026179938779914945,-0.13089969389957473,-0.010471975511965978,0.010471975511965978,0.022689280275926284,0.03316125578789226,-0.020943951023931956,0.022689280275926284,0.031415926535897934,0.024434609527920613,-0.022689280275926284,0.04363323129985824,0.04014257279586958,0.024434609527920613,-0.03316125578789226,0.019198621771937624,0.024434609527920613,0.04014257279586958,41.6,41.6,40.1,40.1,40.5,41.0,41.800000000000004,42.6,41.5,42.800000000000004,43.6,43.300000000000004,42.1,41.2,42.2,43.1,41.0,39.300000000000004,40.6,40.5
400377.801421052,rj_dg_1_4,back_hold,0.0,-0.13089969389957473,39.0,40.1,0.027925268031909273,-0.005235987755982989,0.026179938779914945,-0.13089969389957473,-0.010471975511965978,0.010471975511965978,0.022689280275926284,0.03316125578789226,-0.020943951023931956,0.022689280275926284,0.031415926535897934,0.024434609527920613,-0.022689280275926284,0.04363323129985824,0.04014257279586958,0.024434609527920613,-0.03316125578789226,0.019198621771937624,0.024434609527920613,0.04014257279586958,41.6,41.6,40.1,40.1,40.5,41.0,41.800000000000004,42.6,41.5,42.800000000000004,43.6,43.300000000000004,42.1,41.2,42.2,43.1,41.0,39.300000000000004,40.6,40.5
400377.810792127,rj_dg_1_4,back_hold,0.0,-0.13089969389957473,39.0,40.1,0.024434609527920613,-0.005235987755982989,0.026179938779914945,-0.13089969389957473,-0.010471975511965978,0.010471975511965978,0.022689280275926284,0.03316125578789226,-0.020943951023931956,0.022689280275926284,0.031415926535897934,0.024434609527920613,-0.022689280275926284,0.04363323129985824,0.04014257279586958,0.026179938779914945,-0.03316125578789226,0.020943951023931956,0.024434609527920613,0.04014257279586958,41.6,41.6,40.1,40.1,40.5,41.0,41.800000000000004,42.6,41.5,42.800000000000004,43.6,43.300000000000004,42.1,41.2,42.2,43.1,41.0,39.300000000000004,40.6,40.5
400377.811146713,rj_dg_1_4,back_hold,0.0,-0.13089969389957473,39.0,40.1,0.024434609527920613,-0.005235987755982989,0.026179938779914945,-0.13089969389957473,-0.010471975511965978,0.010471975511965978,0.022689280275926284,0.03316125578789226,-0.020943951023931956,0.022689280275926284,0.031415926535897934,0.024434609527920613,-0.022689280275926284,0.04363323129985824,0.04014257279586958,0.026179938779914945,-0.03316125578789226,0.020943951023931956,0.024434609527920613,0.04014257279586958,41.6,41.6,40.1,40.1,40.5,41.0,41.800000000000004,42.6,41.5,42.800000000000004,43.6,43.300000000000004,42.1,41.2,42.2,43.1,41.0,39.300000000000004,40.6,40.5
400377.820603546,rj_dg_1_4,back_hold,0.0,-0.13089969389957473,64.0,40.1,0.027925268031909273,-0.005235987755982989,0.026179938779914945,-0.13089969389957473,-0.010471975511965978,0.010471975511965978,0.022689280275926284,0.03316125578789226,-0.020943951023931956,0.022689280275926284,0.031415926535897934,0.024434609527920613,-0.022689280275926284,0.04363323129985824,0.04014257279586958,0.024434609527920613,-0.029670597283903602,0.019198621771937624,0.024434609527920613,0.04014257279586958,41.6,41.6,40.1,40.1,40.5,41.0,41.800000000000004,42.6,41.5,42.800000000000004,43.6,43.300000000000004,42.1,41.2,42.2,43.1,41.0,39.300000000000004,40.6,40.5
400377.820926773,rj_dg_1_4,back_hold,0.0,-0.13089969389957473,64.0,40.1,0.027925268031909273,-0.005235987755982989,0.026179938779914945,-0.13089969389957473,-0.010471975511965978,0.010471975511965978,0.022689280275926284,0.03316125578789226,-0.020943951023931956,0.022689280275926284,0.031415926535897934,0.024434609527920613,-0.022689280275926284,0.04363323129985824,0.04014257279586958,0.024434609527920613,-0.029670597283903602,0.019198621771937624,0.024434609527920613,0.04014257279586958,41.6,41.6,40.1,40.1,40.5,41.0,41.800000000000004,42.6,41.5,42.800000000000004,43.6,43.5,42.1,41.2,42.2,43.1,41.0,39.300000000000004,40.6,40.5
400377.830717261,rj_dg_1_4,back_hold,0.0,-0.13089969389957473,64.0,40.1,0.024434609527920613,-0.005235987755982989,0.026179938779914945,-0.13089969389957473,-0.010471975511965978,0.010471975511965978,0.022689280275926284,0.03316125578789226,-0.020943951023931956,0.022689280275926284,0.031415926535897934,0.024434609527920613,-0.022689280275926284,0.04363323129985824,0.04014257279586958,0.024434609527920613,-0.03316125578789226,0.019198621771937624,0.024434609527920613,0.04014257279586958,41.6,41.6,40.1,40.1,40.5,41.0,41.800000000000004,42.6,41.5,42.800000000000004,43.6,43.5,42.1,41.2,42.2,43.1,41.0,39.300000000000004,40.6,40.5
400377.831075999,rj_dg_1_4,back_hold,0.0,-0.13089969389957473,64.0,40.1,0.024434609527920613,-0.005235987755982989,0.026179938779914945,-0.13089969389957473,-0.010471975511965978,0.010471975511965978,0.022689280275926284,0.03316125578789226,-0.020943951023931956,0.022689280275926284,0.031415926535897934,0.024434609527920613,-0.022689280275926284,0.04363323129985824,0.04014257279586958,0.024434609527920613,-0.03316125578789226,0.019198621771937624,0.024434609527920613,0.04014257279586958,41.6,41.6,40.1,40.1,40.5,41.0,41.800000000000004,42.6,41.5,42.800000000000004,43.6,43.5,42.1,41.2,42.2,43.1,41.0,39.300000000000004,40.6,40.5
400377.840943981,rj_dg_1_4,back_hold,0.0,-0.13089969389957473,64.0,40.1,0.027925268031909273,-0.005235987755982989,0.026179938779914945,-0.13089969389957473,-0.010471975511965978,0.010471975511965978,0.022689280275926284,0.03316125578789226,-0.024434609527920613,0.022689280275926284,0.031415926535897934,0.020943951023931956,-0.024434609527920613,0.04363323129985824,0.04014257279586958,0.024434609527920613,-0.03316125578789226,0.020943951023931956,0.024434609527920613,0.04014257279586958,41.6,41.6,40.1,40.1,40.5,41.0,41.800000000000004,42.6,41.5,42.800000000000004,43.6,43.5,42.1,41.2,42.2,43.1,41.0,39.300000000000004,40.6,40.5
400377.841216149,rj_dg_1_4,back_hold,0.0,-0.13089969389957473,64.0,40.1,0.027925268031909273,-0.005235987755982989,0.026179938779914945,-0.13089969389957473,-0.010471975511965978,0.010471975511965978,0.022689280275926284,0.03316125578789226,-0.024434609527920613,0.022689280275926284,0.031415926535897934,0.020943951023931956,-0.024434609527920613,0.04363323129985824,0.04014257279586958,0.024434609527920613,-0.03316125578789226,0.020943951023931956,0.024434609527920613,0.04014257279586958,41.6,41.6,40.1,40.1,40.5,41.0,41.800000000000004,42.6,41.5,42.800000000000004,43.6,43.5,42.1,41.2,42.2,43.1,41.0,39.300000000000004,40.6,40.5
400377.850951441,rj_dg_1_4,back_hold,0.0,-0.13089969389957473,64.0,40.1,0.027925268031909273,-0.005235987755982989,0.026179938779914945,-0.13089969389957473,-0.010471975511965978,0.010471975511965978,0.022689280275926284,0.03316125578789226,-0.024434609527920613,0.022689280275926284,0.031415926535897934,0.020943951023931956,-0.024434609527920613,0.04363323129985824,0.04014257279586958,0.024434609527920613,-0.03316125578789226,0.020943951023931956,0.024434609527920613,0.04014257279586958,41.6,41.6,40.1,40.1,40.5,41.0,41.800000000000004,42.6,41.5,42.800000000000004,43.6,43.5,42.1,41.2,42.2,43.1,41.0,39.300000000000004,40.6,40.5
400377.851199774,rj_dg_1_4,back_hold,0.0,-0.13089969389957473,64.0,40.1,0.024434609527920613,-0.005235987755982989,0.026179938779914945,-0.13089969389957473,-0.010471975511965978,0.010471975511965978,0.022689280275926284,0.03316125578789226,-0.024434609527920613,0.022689280275926284,0.031415926535897934,0.024434609527920613,-0.024434609527920613,0.04363323129985824,0.04014257279586958,0.024434609527920613,-0.03316125578789226,0.019198621771937624,0.024434609527920613,0.04014257279586958,41.6,41.6,40.1,40.1,40.5,41.0,41.800000000000004,42.6,41.5,42.800000000000004,43.6,43.5,42.1,41.2,42.2,43.1,41.0,39.300000000000004,40.6,40.5
400377.860716843,rj_dg_1_4,back_hold,0.0,-0.13089969389957473,64.0,40.1,0.027925268031909273,-0.005235987755982989,0.026179938779914945,-0.13089969389957473,-0.010471975511965978,0.010471975511965978,0.022689280275926284,0.03316125578789226,-0.020943951023931956,0.022689280275926284,0.031415926535897934,0.024434609527920613,-0.022689280275926284,0.04363323129985824,0.04014257279586958,0.024434609527920613,-0.03316125578789226,0.020943951023931956,0.024434609527920613,0.04014257279586958,41.6,41.6,40.1,40.1,40.5,41.0,41.800000000000004,42.6,41.5,42.800000000000004,43.6,43.5,42.1,41.2,42.2,43.1,41.0,39.300000000000004,40.6,40.5
400377.860998481,rj_dg_1_4,back_hold,0.0,-0.13089969389957473,64.0,40.1,0.027925268031909273,-0.005235987755982989,0.026179938779914945,-0.13089969389957473,-0.010471975511965978,0.010471975511965978,0.022689280275926284,0.03316125578789226,-0.020943951023931956,0.022689280275926284,0.031415926535897934,0.024434609527920613,-0.022689280275926284,0.04363323129985824,0.04014257279586958,0.024434609527920613,-0.03316125578789226,0.020943951023931956,0.024434609527920613,0.04014257279586958,41.6,41.6,40.1,40.1,40.5,41.0,41.800000000000004,42.6,41.5,42.800000000000004,43.6,43.5,42.1,41.2,42.2,43.1,41.0,39.300000000000004,40.6,40.5
400377.870639147,rj_dg_1_4,back_hold,0.0,-0.13089969389957473,64.0,40.1,0.027925268031909273,-0.005235987755982989,0.026179938779914945,-0.13089969389957473,-0.010471975511965978,0.010471975511965978,0.022689280275926284,0.03316125578789226,-0.020943951023931956,0.022689280275926284,0.031415926535897934,0.024434609527920613,-0.022689280275926284,0.04363323129985824,0.04014257279586958,0.024434609527920613,-0.03316125578789226,0.020943951023931956,0.024434609527920613,0.04014257279586958,41.6,41.6,40.1,40.1,40.5,41.0,41.800000000000004,42.6,41.5,42.800000000000004,43.6,43.5,42.1,41.2,42.2,43.1,41.0,39.300000000000004,40.6,40.5
400377.870793295,rj_dg_1_4,back_hold,0.0,-0.13089969389957473,64.0,40.1,0.027925268031909273,-0.005235987755982989,0.026179938779914945,-0.13089969389957473,-0.010471975511965978,0.010471975511965978,0.022689280275926284,0.03316125578789226,-0.020943951023931956,0.022689280275926284,0.031415926535897934,0.024434609527920613,-0.024434609527920613,0.04363323129985824,0.04014257279586958,0.024434609527920613,-0.03316125578789226,0.020943951023931956,0.026179938779914945,0.04014257279586958,41.6,41.6,40.1,40.1,40.5,41.0,41.800000000000004,42.6,41.5,42.800000000000004,43.6,43.5,42.1,41.2,42.2,43.1,41.0,39.300000000000004,40.6,40.5
400377.880667804,rj_dg_1_4,back_hold,0.0,-0.13089969389957473,64.0,40.1,0.024434609527920613,-0.005235987755982989,0.026179938779914945,-0.13089969389957473,-0.006981317007977318,0.010471975511965978,0.022689280275926284,0.03316125578789226,-0.020943951023931956,0.022689280275926284,0.031415926535897934,0.024434609527920613,-0.024434609527920613,0.04363323129985824,0.04014257279586958,0.026179938779914945,-0.03316125578789226,0.020943951023931956,0.024434609527920613,0.04014257279586958,41.6,41.6,40.1,40.1,40.5,41.0,41.800000000000004,42.6,41.5,42.800000000000004,43.6,43.5,42.1,41.2,42.2,43.1,41.0,39.300000000000004,40.6,40.5
400377.880955656,rj_dg_1_4,back_hold,0.0,-0.13089969389957473,64.0,40.1,0.024434609527920613,-0.005235987755982989,0.026179938779914945,-0.13089969389957473,-0.006981317007977318,0.010471975511965978,0.022689280275926284,0.03316125578789226,-0.020943951023931956,0.022689280275926284,0.031415926535897934,0.024434609527920613,-0.024434609527920613,0.04363323129985824,0.04014257279586958,0.026179938779914945,-0.03316125578789226,0.020943951023931956,0.024434609527920613,0.04014257279586958,41.6,41.6,40.1,40.1,40.5,41.0,41.800000000000004,42.6,41.5,42.800000000000004,43.6,43.5,42.1,41.2,42.2,43.1,41.0,39.300000000000004,40.6,40.5
400377.890821545,rj_dg_1_4,back_hold,0.0,-0.13089969389957473,64.0,40.1,0.024434609527920613,-0.005235987755982989,0.026179938779914945,-0.13089969389957473,-0.010471975511965978,0.013962634015954637,0.022689280275926284,0.03316125578789226,-0.020943951023931956,0.022689280275926284,0.031415926535897934,0.024434609527920613,-0.024434609527920613,0.04363323129985824,0.04014257279586958,0.024434609527920613,-0.03316125578789226,0.019198621771937624,0.024434609527920613,0.04014257279586958,41.6,41.6,40.1,40.1,40.5,41.0,41.800000000000004,42.6,41.5,42.800000000000004,43.6,43.5,42.1,41.2,42.2,43.1,41.0,39.300000000000004,40.6,40.5
400377.891495268,rj_dg_2_4,up,0.002976190476190476,0.03316125578789226,3.0,42.6,0.024434609527920613,-0.005235987755982989,0.026179938779914945,-0.13089969389957473,-0.010471975511965978,0.013962634015954637,0.022689280275926284,0.03316125578789226,-0.020943951023931956,0.022689280275926284,0.031415926535897934,0.024434609527920613,-0.024434609527920613,0.04363323129985824,0.04014257279586958,0.024434609527920613,-0.03316125578789226,0.019198621771937624,0.024434609527920613,0.04014257279586958,41.6,41.6,40.1,40.1,40.5,41.0,41.800000000000004,42.6,41.5,42.800000000000004,43.6,43.5,42.1,41.2,42.2,43.1,41.0,39.300000000000004,40.6,40.5
