t_send,step_idx,publish_dt,cmd_l_aj_1,cmd_l_aj_2,cmd_l_aj_3,cmd_l_aj_4,cmd_l_aj_5,cmd_l_aj_6,cmd_l_aj_7,meas_l_aj_1,meas_l_aj_2,meas_l_aj_3,meas_l_aj_4,meas_l_aj_5,meas_l_aj_6,meas_l_aj_7,eff_l_aj_1,eff_l_aj_2,eff_l_aj_3,eff_l_aj_4,eff_l_aj_5,eff_l_aj_6,eff_l_aj_7,cmd_gripper
679213.707169867,-1,0.022222222222222223,0.8981384882971516,-0.37307333212618354,0.0,1.4924346807441742,-0.4389039296124576,0.0,-0.8857735496955312,0.8981384882971516,-0.37307333212618354,0.0,1.4924346807441742,-0.4389039296124576,0.0,-0.8857735496955312,0.0,0.0,0.0,0.0,0.0,0.0,0.0,0.04399999976158142
679213.729205333,-1,0.022222222222222223,0.8980504549140995,-0.3729548684590076,0.000165599613235547,1.4929018023235643,-0.4409773160140513,0.0001240557310386346,-0.8867368470886301,0.8981384882971516,-0.37307333212618354,0.0,1.4924346807441742,-0.4389039296124576,0.0,-0.8857735496955312,0.0,0.0,0.0,0.0,0.0,0.0,0.0,0.04399999976158142
679213.752463277,-1,0.022222222222222223,0.8979624215310474,-0.3728364047918316,0.000331199226471094,1.4933689239029544,-0.443050702415645,0.0002481114620772692,-0.887700144481729,0.8981384882971516,-0.37307333212618354,0.0,1.4924346807441742,-0.4389039296124576,0.0,-0.8857735496955312,0.0,0.0,0.0,0.0,0.0,0.0,0.0,0.04399999976158142
679213.773641314,-1,0.022222222222222223,0.8978743881479954,-0.37271794112465567,0.000496798839706641,1.4938360454823445,-0.4451240888172387,0.0003721671931159038,-0.8886634418748278,0.8981384882971516,-0.37307333212618354,0.0,1.4924346807441742,-0.4389039296124576,0.0,-0.8857735496955312,0.0,0.0,0.0,0.0,0.0,0.0,0.0,0.04399999976158142
679213.79586315,-1,0.022222222222222223,0.8977863547649432,-0.37259947745747973,0.000662398452942188,1.4943031670617344,-0.4471974752188324,0.0004962229241545384,-0.8896267392679268,0.8981384882971516,-0.37307333212618354,0.0,1.4924346807441742,-0.4389039296124576,0.0,-0.8857735496955312,0.0,0.0,0.0,0.0,0.0,0.0,0.0,0.04399999976158142
679213.820175247,-1,0.022222222222222223,0.8976983213818911,-0.37248101379030374,0.000827998066177735,1.4947702886411245,-0.44927086162042607,0.000620278655193173,-0.8905900366610257,0.8981384882971516,-0.37307333212618354,0.0,1.4924346807441742,-0.4389039296124576,0.0,-0.8857735496955312,0.0,0.0,0.0,0.0,0.0,0.0,0.0,0.04399999976158142
679213.840404125,-1,0.022222222222222223,0.897610287998839,-0.3723625501231278,0.000993597679413282,1.4952374102205146,-0.4513442480220198,0.0007443343862318076,-0.8915533340541245,0.8981384882971516,-0.37307333212618354,0.0,1.4924346807441742,-0.4389039296124576,0.0,-0.8857735496955312,0.0,0.0,0.0,0.0,0.0,0.0,0.0,0.04399999976158142
679213.86278679,-1,0.022222222222222223,0.8975222546157869,-0.37224408645595186,0.001159197292648829,1.4957045317999047,-0.4534176344236135,0.0008683901172704423,-0.8925166314472234,0.8981384882971516,-0.37307333212618354,0.0,1.4924346807441742,-0.4389039296124576,0.0,-0.8857735496955312,0.0,0.0,0.0,0.0,0.0,0.0,0.0,0.04399999976158142
679213.884706992,-1,0.022222222222222223,0.8974342212327349,-0.3721256227887759,0.001324796905884376,1.4961716533792948,-0.4554910208252072,0.0009924458483090768,-0.8934799288403222,0.8981384882971516,-0.37307333212618354,0.0,1.4924346807441742,-0.4389039296124576,0.0,-0.8857735496955312,0.0,0.0,0.0,0.0,0.0,0.0,0.0,0.04399999976158142
679213.906990138,-1,0.022222222222222223,0.8973461878496828,-0.37200715912159993,0.001490396519119923,1.496638774958685,-0.45756440722680086,0.0011165015793477113,-0.8944432262334211,0.8981384882971516,-0.37307333212618354,0.0,1.4924346807441742,-0.4389039296124576,0.0,-0.8857735496955312,0.0,0.0,0.0,0.0,0.0,0.0,0.0,0.04399999976158142
679213.929227383,-1,0.022222222222222223,0.8972581544666306,-0.371888695454424,0.00165599613235547,1.4971058965380748,-0.4596377936283946,0.001240557310386346,-0.8954065236265201,0.8981384882971516,-0.37307333212618354,0.0,1.4924346807441742,-0.4389039296124576,0.0,-0.8857735496955312,0.0,0.0,0.0,0.0,0.0,0.0,0.0,0.04399999976158142
679213.951357701,-1,0.022222222222222223,0.8971701210835785,-0.37177023178724805,0.0018215957455910172,1.497573018117465,-0.4617111800299883,0.0013646130414249806,-0.8963698210196189,0.8981384882971516,-0.37307333212618354,0.0,1.4924346807441742,-0.4389039296124576,0.0,-0.8857735496955312,0.0,0.0,0.0,0.0,0.0,0.0,0.0,0.04399999976158142
679213.973752148,-1,0.022222222222222223,0.8970820877005264,-0.37165176812007206,0.001987195358826564,1.498040139696855,-0.46378456643158195,0.0014886687724636153,-0.8973331184127178,0.8981384882971516,-0.37307333212618354,0.0,1.4924346807441742,-0.4389039296124576,0.0,-0.8857735496955312,0.0,0.0,0.0,0.0,0.0,0.0,0.0,0.04399999976158142
679213.995924626,-1,0.022222222222222223,0.8969940543174744,-0.3715333044528961,0.002152794972062111,1.4985072612762451,-0.46585795283317566,0.0016127245035022497,-0.8982964158058167,0.8981384882971516,-0.37307333212618354,0.0,1.4924346807441742,-0.4389039296124576,0.0,-0.8857735496955312,0.0,0.0,0.0,0.0,0.0,0.0,0.0,0.04399999976158142
679214.018153822,0,0.022222222222222223,0.8969940543174744,-0.3715333044528961,0.002152794972062111,1.4985072612762451,-0.46585795283317566,0.0016127245035022497,-0.8982964158058167,0.8981384882971516,-0.37307333212618354,0.0,1.4924346807441742,-0.43894088875766835,0.0,-0.8857735496955312,0.0,0.0,0.0,0.0,0.0,0.0,0.0,0.04399999976158142
679214.040330186,1,0.022222222222222223,0.8867033123970032,-0.35933825373649597,0.011601012200117111,1.4945192337036133,-0.4670320153236389,0.005646905861794949,-0.8928692936897278,0.8981384882971516,-0.37307333212618354,0.0,1.4924346807441742,-0.43897494021159167,0.0,-0.8857735496955312,0.0,0.0,0.0,0.0,0.0,0.0,0.0,0.04399999976158142
679214.062530359,2,0.022222222222222223,0.8702216148376465,-0.3390982747077942,0.027134016156196594,1.4871115684509277,-0.46909403800964355,0.012704955413937569,-0.883634090423584,0.8979321093254917,-0.3728092359832385,0.0005244225352305658,1.4924346807441742,-0.4391266021454431,0.0,-0.8857735496955312,0.0,0.0,0.0,0.0,0.0,0.0,0.0,0.04399999976158142
679214.084776094,3,0.022222222222222223,0.8503695130348206,-0.31146010756492615,0.04699310287833214,1.4744000434875488,-0.4727860987186432,0.02294793166220188,-0.8710465431213379,0.8962163988192409,-0.37063481382655644,0.004244504961944028,1.4924346807441742,-0.43960256502569534,0.0,-0.8857735496955312,0.0,0.0,0.0,0.0,0.0,0.0,0.0,0.04399999976158142
679214.106916756,4,0.022222222222222223,0.8272004723548889,-0.2773163914680481,0.06985028833150864,1.456787347793579,-0.47882577776908875,0.035090845078229904,-0.8564989566802979,0.8937382128263747,-0.36746163267279675,0.010705288563514903,1.4915962437971448,-0.44029091843460283,0.0007263936852062834,-0.8857316476775093,0.0,0.0,0.0,0.0,0.0,0.0,0.0,0.04399999976158142
679214.129220158,5,0.022222222222222223,0.7999039888381958,-0.23942027986049652,0.09871703386306763,1.4348949193954468,-0.48517969250679016,0.043994173407554626,-0.8405585289001465,0.8893559955780448,-0.3616726867092648,0.020309260956184086,1.488523938633121,-0.44154029945918916,0.0026004480476935843,-0.8844643858591351,0.0,0.0,0.0,0.0,0.0,0.0,0.0,0.04399999976158142
679214.151380057,6,0.022222222222222223,0.7689680457115173,-0.20178957283496857,0.1343599408864975,1.408791422843933,-0.48993155360221863,0.0459585003554821,-0.8230961561203003,0.882511779924593,-0.352429980900606,0.03359834457384343,1.4821964053113847,-0.4433302824153461,0.00532164619854305,-0.8816463023428327,0.0,0.0,0.0,0.0,0.0,0.0,0.0,0.04399999976158142
679214.17358334,7,0.022222222222222223,0.7354230284690857,-0.16610287129878998,0.17300854623317719,1.3786296844482422,-0.49368003010749817,0.04245700314640999,-0.80475914478302,0.8727053363466988,-0.33916714652857377,0.051164481292602385,1.47205375427283,-0.44543899622327376,0.00814548813687543,-0.8772775600106949,0.0,0.0,0.0,0.0,0.0,0.0,0.0,0.04399999976158142
679214.195941546,8,0.022222222222222223,0.6999111771583557,-0.13588251173496246,0.21172785758972168,1.3453090190887451,-0.49457278847694397,0.03466567397117615,-0.7866127490997314,0.8595410077336075,-0.321684671666434,0.07277470683443665,1.4578208622839173,-0.4477244961732871,0.010430386306530842,-0.8714153993425494,0.0,0.0,0.0,0.0,0.0,0.0,0.0,0.04399999976158142
679214.218163271,9,0.022222222222222223,0.6636289954185486,-0.1139954924583435,0.24966350197792053,1.3108282089233398,-0.4901181757450104,0.02331213280558586,-0.7690246105194092,0.842761357465379,-0.3002025345709973,0.09767403702951835,1.4394594168218537,-0.44987033466344617,0.011736698014548335,-0.8642158182818848,0.0,0.0,0.0,0.0,0.0,0.0,0.0,0.04399999976158142
679214.240373203,10,0.022222222222222223,0.6277634501457214,-0.10044180601835251,0.28643351793289185,1.2768133878707886,-0.48016828298568726,0.009411103092133999,-0.7517712116241455,0.822272418316276,-0.2754051221570381,0.12508205525412536,1.4172456389979002,-0.4513311265183648,0.011877186551438728,-0.855874882670445,0.0,0.0,0.0,0.0,0.0,0.0,0.0,0.04399999976158142
679214.262438671,11,0.022222222222222223,0.592435896396637,-0.09522145241498947,0.3210746645927429,1.2440301179885864,-0.46492505073547363,-0.006453459616750479,-0.7351465225219727,0.7981674880094941,-0.24836872279344485,0.1542935141940842,1.3917917388057313,-0.45159701863772717,0.011877186551438728,-0.8465581380525364,0.0,0.0,0.0,0.0,0.0,0.0,0.0,0.04399999976158142
679214.284686583,12,0.022222222222222223,0.5573206543922424,-0.09833443909883499,0.3523389995098114,1.2129219770431519,-0.444330096244812,-0.023099631071090698,-0.7200043201446533,0.7434479749608396,-0.19330267146653468,0.20370465359990078,1.3421985217161918,-0.4518065483780504,0.01153106059217899,-0.8286377624351396,0.0,0.0,0.0,0.0,0.0,0.0,0.0,0.04399999976158142
679214.306924991,13,0.022222222222222223,0.5220801830291748,-0.10978075861930847,0.37886929512023926,1.1836210489273071,-0.418541818857193,-0.03847581520676613,-0.7075215578079224,0.7137507745439102,-0.1677224341436417,0.23048790955557494,1.3172123813618346,-0.4518065483780504,0.009743666825481643,-0.8187763687105257,0.0,0.0,0.0,0.0,0.0,0.0,0.0,0.04399999976158142
679214.329212735,14,0.022222222222222223,0.4869896173477173,-0.1295604109764099,0.3993525505065918,1.1563115119934082,-0.3876301050186157,-0.050592802464962006,-0.6988099217414856,0.6825880916313392,-0.14499128539105666,0.25723692233528533,1.2912700503466925,-0.45111800493259024,0.006453920461622425,-0.8085639147214457,0.0,0.0,0.0,0.0,0.0,0.0,0.0,0.04399999976158142
679214.351401397,15,0.022222222222222223,0.4530538320541382,-0.15755978226661682,0.4133875370025635,1.1312557458877563,-0.3516409397125244,-0.0582762211561203,-0.6945834159851074,0.6500971084844664,-0.1262816864036843,0.282799688409802,1.2646309527368147,-0.44729197791507586,0.0021180866200490797,-0.7984194079187507,0.0,0.0,0.0,0.0,0.0,0.0,0.0,0.04399999976158142
679214.373643581,16,0.022222222222222223,0.42167574167251587,-0.19231143593788147,0.4219287633895874,1.1084473133087158,-0.31127530336380005,-0.0612986721098423,-0.6947258710861206,0.6164786861819876,-0.11270531585533278,0.30616577352732566,1.2377905276060595,-0.4400684394443152,-0.0027006439677011657,-0.7888039316396276,0.0,0.0,0.0,0.0,0.0,0.0,0.0,0.04399999976158142
679214.395870309,17,0.022222222222222223,0.39402562379837036,-0.23077255487442017,0.4262676537036896,1.0874923467636108,-0.2680957615375519,-0.05954814702272415,-0.6985001564025879,0.5820307033623082,-0.10523551958849468,0.32669839398094713,1.2112893221152365,-0.4293415574101384,-0.007449906836109613,-0.7801367282612267,0.0,0.0,0.0,0.0,0.0,0.0,0.0,0.04399999976158142
679214.418024359,18,0.022222222222222223,0.3707408308982849,-0.26936861872673035,0.42746999859809875,1.0677186250686646,-0.22397825121879578,-0.05303844437003136,-0.7053118944168091,0.5471723049522891,-0.10455588333364305,0.34413045091789446,1.1855811310666369,-0.4151800459227361,-0.011621522075617192,-0.7727273741512368,0.0,0.0,0.0,0.0,0.0,0.0,0.0,0.04399999976158142
679214.440280334,19,0.022222222222222223,0.35186073184013367,-0.30435609817504883,0.42673590779304504,1.0484626293182373,-0.18075589835643768,-0.04153478890657425,-0.7143679261207581,0.5124388164376007,-0.11077354026129577,0.3584517869643,1.1609457923990916,-0.3978434432977097,-0.014760644833006284,-0.7667841197405504,0.0,0.0,0.0,0.0,0.0,0.0,0.0,0.04399999976158142
679214.462665879,20,0.022222222222222223,0.3367120027542114,-0.3327290713787079,0.42560574412345886,1.0292905569076538,-0.139791339635849,-0.025620052590966225,-0.7248997688293457,0.44620569897257234,-0.14211251754606125,0.3791170083407848,1.1165755751649384,-0.35968155380899536,-0.01764240010145412,-0.7587368391351903,0.0,0.0,0.0,0.0,0.0,0.0,0.0,0.04399999976158142
679214.484724468,21,0.022222222222222223,0.3241417109966278,-0.3529731035232544,0.4261816442012787,1.0102245807647705,-0.10138905793428421,-0.007552272640168667,-0.7363941669464111,0.41645459390128065,-0.16455361787361014,0.38636065513695256,1.0980830885532826,-0.33929274884160604,-0.01774579028946051,-0.7563471341410645,0.0,0.0,0.0,0.0,0.0,0.0,0.0,0.04399999976158142
679214.507035823,22,0.022222222222222223,0.3130103647708893,-0.36488381028175354,0.4300978183746338,0.9914942979812622,-0.06528404355049133,0.010079314932227135,-0.7486254572868347,0.38938789213386193,-0.1902368489254371,0.392317203637603,1.0805043438218245,-0.3169858156171986,-0.01774579028946051,-0.7554351452056772,0.0,0.0,0.0,0.0,0.0,0.0,0.0,0.04399999976158142
679214.529160767,23,0.022222222222222223,0.3024898171424866,-0.3688148558139801,0.4381456673145294,0.973304271697998,-0.031291864812374115,0.025576403364539146,-0.7615974545478821,0.3651243891719135,-0.21798418449209506,0.39787132519064716,1.0631307715185223,-0.2932086750672564,-0.01661772516745067,-0.7554087546817089,0.0,0.0,0.0,0.0,0.0,0.0,0.0,0.04399999976158142
679214.551363682,24,0.022222222222222223,0.29199057817459106,-0.3661125898361206,0.4500148296356201,0.9556007981300354,0.0006748460582457483,0.038183990865945816,-0.7752647399902344,0.3436724418442528,-0.2464018988113144,0.4038923211826999,1.0457011429255296,-0.2683419398617804,-0.013984139386904296,-0.7554087546817089,0.0,0.0,0.0,0.0,0.0,0.0,0.0,0.04399999976158142
679214.573604654,25,0.022222222222222223,0.28114837408065796,-0.3589160442352295,0.46461722254753113,0.9381096363067627,0.03036433272063732,0.04785965383052826,-0.7894001007080078,0.3249213381676117,-0.27403449266013913,0.41102604507558693,1.0281835038287146,-0.24271630442715594,-0.01019159661868303,-0.7558799876986714,0.0,0.0,0.0,0.0,0.0,0.0,0.0,0.04399999976158142
679214.595927667,26,0.022222222222222223,0.26971569657325745,-0.3489256799221039,0.4802163541316986,0.9202201962471008,0.05726312845945358,0.05516218766570091,-0.8036164045333862,0.3086508967238773,-0.2995287803093977,0.41958735518524176,1.010620856628517,-0.21665312974226464,-0.005680390828282028,-0.7576202127914576,0.0,0.0,0.0,0.0,0.0,0.0,0.0,0.04399999976158142
679214.618112725,27,0.022222222222222223,0.2575068175792694,-0.33778268098831177,0.4950384795665741,0.9013572931289673,0.08089940994977951,0.060918763279914856,-0.8175785541534424,0.2945518268257887,-0.3217631331783776,0.4294986969625798,0.99301728920866,-0.19049341485248336,-0.0008012330633769063,-0.7607080919519507,0.0,0.0,0.0,0.0,0.0,0.0,0.0,0.04399999976158142
679214.640429078,28,0.022222222222222223,0.24445050954818726,-0.3269082009792328,0.5076419115066528,0.8811252117156982,0.10095027089118958,0.06595481932163239,-0.8310787677764893,0.2822498112806912,-0.3399264205504185,0.44035652681636306,0.9752797490520578,-0.16459215454321144,0.004215660042223103,-0.7649822776039049,0.0,0.0,0.0,0.0,0.0,0.0,0.0,0.04399999976158142
679214.662607144,29,0.022222222222222223,0.23067428171634674,-0.31723812222480774,0.517092764377594,0.859367847442627,0.11723177880048752,0.07092844694852829,-0.8440079092979431,0.2617181328002427,-0.3627889120280511,0.4606418910183651,0.9403579452338905,-0.1166366855870519,0.013879133207868054,-0.7753178319639502,0.0,0.0,0.0,0.0,0.0,0.0,0.0,0.04399999976158142
679214.684714448,30,0.022222222222222223,0.21654433012008667,-0.30910053849220276,0.5230301022529602,0.8361595869064331,0.12966309487819672,0.07616477459669113,-0.8562919497489929,0.25322539782477466,-0.3679183298915999,0.4697686529732637,0.9245445306436936,-0.09469521309593236,0.01841383300576262,-0.7809074678929103,0.0,0.0,0.0,0.0,0.0,0.0,0.0,0.04399999976158142
679214.706995512,31,0.022222222222222223,0.20260430872440338,-0.3022647798061371,0.5256173610687256,0.8117608428001404,0.13826125860214233,0.08159921318292618,-0.8678721785545349,0.24535111177605673,-0.3692054635462332,0.47829290982302236,0.9082435976380908,-0.07375168678692808,0.02301467642713839,-0.7872333086131708,0.0,0.0,0.0,0.0,0.0,0.0,0.0,0.04399999976158142
679214.729189679,32,0.022222222222222223,0.18933945894241333,-0.2961674928665161,0.5254237055778503,0.786834716796875,0.14322584867477417,0.08694673329591751,-0.8790032863616943,0.23767220126075633,-0.3672869129226857,0.4856859279739437,0.8907029237654138,-0.05410691478602197,0.027700662791978376,-0.7941470414714539,0.0,0.0,0.0,0.0,0.0,0.0,0.0,0.04399999976158142
679214.751470438,33,0.022222222222222223,0.17681573331356049,-0.2900945544242859,0.523171603679657,0.7632640600204468,0.14475533366203308,0.09183641523122787,-0.8912302255630493,0.22987081174888227,-0.36275624071362417,0.49162881778718537,0.8716687323212177,-0.036009140519733626,0.03246071499889961,-0.8015299642654131,0.0,0.0,0.0,0.0,0.0,0.0,0.0,0.04399999976158142
679214.773830485,34,0.022222222222222223,0.16552338004112244,-0.2832449972629547,0.5196706652641296,0.7425058484077454,0.1429803967475891,0.09522389620542526,-0.9058603644371033,0.22173802145267127,-0.35611795031015014,0.49600243057467974,0.8513176592528711,-0.019659216870095468,0.03724697648297588,-0.8094116170788176,0.0,0.0,0.0,0.0,0.0,0.0,0.0,0.04399999976158142
679214.796069347,35,0.022222222222222223,0.156739741563797,-0.2748664915561676,0.5150172114372253,0.7244871854782104,0.1372574120759964,0.0960601270198822,-0.9226135611534119,0.21317320604180692,-0.3478444818090239,0.49886591191301816,0.830204148223958,-0.0052226354081101704,0.04192106725601169,-0.8179654628769472,0.0,0.0,0.0,0.0,0.0,0.0,0.0,0.04399999976158142
679214.818207343,36,0.022222222222222223,0.15062914788722992,-0.26577118039131165,0.5092034339904785,0.709906280040741,0.12815606594085693,0.09508580714464188,-0.9418313503265381,0.20420732353565335,-0.33832514348437587,0.5002877227463152,0.8090405983698749,0.007086582758662191,0.04624618205367055,-0.8273552410966681,0.0,0.0,0.0,0.0,0.0,0.0,0.0,0.04399999976158142
679214.840359406,37,0.022222222222222223,0.1481056958436966,-0.2560635209083557,0.5019848942756653,0.6969337463378906,0.11530089378356934,0.09168402850627899,-0.9609005451202393,0.19500412842320378,-0.3278703686133795,0.5003219773563069,0.7885600143149761,0.017134119087989508,0.05004463278781106,-0.8377493516011669,0.0,0.0,0.0,0.0,0.0,0.0,0.0,0.04399999976158142
679214.862609612,38,0.022222222222222223,0.14623413980007172,-0.24733975529670715,0.4937744438648224,0.6887445449829102,0.1013975515961647,0.0887216180562973,-0.9820521473884583,0.1858496254446809,-0.3167348306614463,0.5003219773563069,0.7692968217374865,0.024762748771873327,0.05312557352938486,-0.8490873589179821,0.0,0.0,0.0,0.0,0.0,0.0,0.0,0.04399999976158142
679214.884753669,39,0.022222222222222223,0.148461252450943,-0.23772786557674408,0.48488596081733704,0.6796483993530273,0.08478294312953949,0.08307891339063644,-0.9990760087966919,0.16904018995829692,-0.29416059918660803,0.5003219773563069,0.7382209915200116,0.03617368312524156,0.05790649381964936,-0.8708808357851212,0.0,0.0,0.0,0.0,0.0,0.0,0.0,0.04399999976158142
679214.906918296,40,0.022222222222222223,0.14943595230579376,-0.22762587666511536,0.4748878479003906,0.6730782389640808,0.06684248894453049,0.07689616084098816,-1.0140565633773804,0.16189616410615984,-0.28314539727794086,0.49907191043984367,0.7258553452281322,0.03855586857183339,0.05925774482531855,-0.8828162018568448,0.0,0.0,0.0,0.0,0.0,0.0,0.0,0.04399999976158142
679214.929219211,41,0.022222222222222223,0.1493663191795349,-0.22209039330482483,0.4697472155094147,0.6682641506195068,0.05602584779262543,0.07175350189208984,-1.0306469202041626,0.15587488207366862,-0.27234105260597813,0.49615029085094786,0.7149089709168773,0.038785971449971535,0.0598060509059771,-0.8951346063146141,0.0,0.0,0.0,0.0,0.0,0.0,0.0,0.04399999976158142
679214.951506058,42,0.022222222222222223,0.149680957198143,-0.21555036306381226,0.4642726480960846,0.6605069041252136,0.04343215376138687,0.06350333988666534,-1.0422028303146362,0.15102835933882858,-0.2618479216091356,0.4927872882459149,0.705291196488018,0.038785971449971535,0.05983707744988072,-0.9078777273209413,0.0,0.0,0.0,0.0,0.0,0.0,0.0,0.04399999976158142
679214.973697728,43,0.022222222222222223,0.14765892922878265,-0.20702998340129852,0.4541062116622925,0.657470166683197,0.027586275711655617,0.060700658708810806,-1.054395318031311,0.14732946581139528,-0.25180327537007896,0.48901934028360244,0.6966461183804693,0.038785971449971535,0.05983707744988072,-0.9206161683818793,0.0,0.0,0.0,0.0,0.0,0.0,0.0,0.04399999976158142
679214.995968755,44,0.022222222222222223,0.14837013185024261,-0.2006872296333313,0.44883131980895996,0.653812050819397,0.01732599548995495,0.058338139206171036,-1.0663584470748901,0.14465353739095077,-0.2422219262779153,0.48403550803998563,0.688905571800546,0.038785971449971535,0.05983707744988072,-0.9332820567715111,0.0,0.0,0.0,0.0,0.0,0.0,0.0,0.04399999976158142
679215.018147823,45,0.022222222222222223,0.15012384951114655,-0.1925603300333023,0.44427624344825745,0.646393358707428,0.004638092592358589,0.049038223922252655,-1.0716803073883057,0.14287358536546566,-0.23310546076129135,0.4789808492619653,0.6821332677840782,0.038785971449971535,0.05983707744988072,-0.9458771033067859,0.0,0.0,0.0,0.0,0.0,0.0,0.0,0.04399999976158142
679215.040384391,46,0.022222222222222223,0.14749643206596375,-0.18498660624027252,0.4364074170589447,0.6453408002853394,-0.008572462946176529,0.04567204788327217,-1.0803440809249878,0.1419339781095401,-0.22443590041753492,0.4740200500617864,0.6758877636356525,0.0380062422932396,0.05983707744988072,-0.9578477601372001,0.0,0.0,0.0,0.0,0.0,0.0,0.0,0.04399999976158142
679215.06362085,47,0.022222222222222223,0.14713610708713531,-0.17936916649341583,0.4306042790412903,0.6444721221923828,-0.018609147518873215,0.04424962401390076,-1.0894595384597778,0.1417241643619905,-0.21634304797190237,0.4699991469638973,0.6702961673143173,0.03728785686246887,0.05983707744988072,-0.9686546968560931,0.0,0.0,0.0,0.0,0.0,0.0,0.0,0.04399999976158142
679215.08469223,48,0.022222222222222223,0.14677579700946808,-0.17012007534503937,0.4221869111061096,0.6416796445846558,-0.033756375312805176,0.03954753279685974,-1.0922188758850098,0.14201429425343826,-0.20197173846905161,0.46031431306288306,0.6619132113100991,0.03241464207777299,0.059713196173206536,-0.9892280480252489,0.0,0.0,0.0,0.0,0.0,0.0,0.0,0.04399999976158142
679215.106933798,49,0.022222222222222223,0.14202193915843964,-0.16253720223903656,0.41437390446662903,0.643695592880249,-0.046147897839546204,0.0375104695558548,-1.097420334815979,0.14224207022941893,-0.19544641457657974,0.4547072018081492,0.6587841684087611,0.028259378096079316,0.05918169110151236,-0.9987880548965737,0.0,0.0,0.0,0.0,0.0,0.0,0.0,0.04399999976158142
679215.129194722,50,0.022222222222222223,0.14130814373493195,-0.15739090740680695,0.4107271432876587,0.6434237957000732,-0.05441521108150482,0.034247856587171555,-1.1022670269012451,0.142364207141837,-0.1891399273232022,0.44867415749632467,0.6563414271933029,0.023222610059758453,0.05841849331364095,-1.007817608044706,0.0,0.0,0.0,0.0,0.0,0.0,0.0,0.04399999976158142
679215.151449105,51,0.022222222222222223,0.14086954295635223,-0.1480734646320343,0.402850866317749,0.6411417722702026,-0.06919220089912415,0.029534989967942238,-1.100994348526001,0.14236494437608246,-0.18300536352472627,0.4430872257679705,0.6546090971701315,0.01783147360014969,0.05741417708610979,-1.0164008680500238,0.0,0.0,0.0,0.0,0.0,0.0,0.0,0.04399999976158142
679215.173636769,52,0.022222222222222223,0.13632428646087646,-0.1389760822057724,0.39396151900291443,0.6435834169387817,-0.08341869711875916,0.027643484994769096,-1.1015974283218384,0.14236494437608246,-0.17694652618495166,0.43707301064068094,0.6532109418272916,0.011463102949629971,0.05604569788041635,-1.0240665386554408,0.0,0.0,0.0,0.0,0.0,0.0,0.0,0.04399999976158142
679215.195793304,53,0.022222222222222223,0.13522440195083618,-0.1358003467321396,0.3927454352378845,0.6452900171279907,-0.0882866382598877,0.02509509213268757,-1.1053224802017212,0.14229331654045982,-0.1708002758229753,0.43050911430578387,0.6522099749286887,0.0042595811123515934,0.054547000541457814,-1.0309222474853548,0.0,0.0,0.0,0.0,0.0,0.0,0.0,0.04399999976158142
679215.218076688,54,0.022222222222222223,0.13890434801578522,-0.1317741870880127,0.3925231099128723,0.6416932344436646,-0.0944819524884224,0.01901273801922798,-1.104062557220459,0.14207980234408246,-0.16459640560148647,0.42495004135981795,0.6517847967489955,-0.0027226643525627534,0.05294966114905242,-1.0373598488991944,0.0,0.0,0.0,0.0,0.0,0.0,0.0,0.04399999976158142
679215.240346793,55,0.022222222222222223,0.13896481692790985,-0.12381783127784729,0.38563236594200134,0.6399927139282227,-0.1074565127491951,0.01624321937561035,-1.1009966135025024,0.1418338232947538,-0.15846754926565554,0.42041396796553165,0.6514653910524311,-0.009617675578913893,0.05095827637039866,-1.043084220564152,0.0,0.0,0.0,0.0,0.0,0.0,0.0,0.04399999976158142
679215.262488873,56,0.022222222222222223,0.13578055799007416,-0.11840178817510605,0.37978315353393555,0.6426315307617188,-0.11593357473611832,0.01921016350388527,-1.1026177406311035,0.1416534696295088,-0.15259583941053065,0.4167493048234399,0.6510315788875207,-0.01579879264455069,0.0490254508489895,-1.0481585432557956,0.0,0.0,0.0,0.0,0.0,0.0,0.0,0.04399999976158142
679215.286096789,57,0.022222222222222223,0.1376650482416153,-0.11419589817523956,0.37843653559684753,0.6407695412635803,-0.12180405855178833,0.01741931401193142,-1.1005007028579712,0.14138977851298223,-0.1415705912936304,0.4079134630270816,0.6500543165556203,-0.02971262797337949,0.045501515885630006,-1.056289488174818,0.0,0.0,0.0,0.0,0.0,0.0,0.0,0.04399999976158142
679215.30861881,58,0.022222222222222223,0.13954953849315643,-0.10757856070995331,0.3749696612358093,0.637333333492279,-0.1318400800228119,0.013313495554029942,-1.093516230583191,0.14121086046194667,-0.13630355796846336,0.40394796224649704,0.649750111788894,-0.03664379222720466,0.04402986460562587,-1.0595953371557958,0.0,0.0,0.0,0.0,0.0,0.0,0.0,0.04399999976158142
679215.329110602,59,0.022222222222222223,0.13871239125728607,-0.10439075529575348,0.3732348084449768,0.6384606957435608,-0.13668698072433472,0.013840166851878166,-1.092812180519104,0.14110113814918512,-0.13115164505240556,0.4000847701168511,0.6491552977565572,-0.043892533358070085,0.042335912525598825,-1.0619070495789615,0.0,0.0,0.0,0.0,0.0,0.0,0.0,0.04399999976158142
679215.351448773,60,0.022222222222222223,0.14072631299495697,-0.10073185712099075,0.37257203459739685,0.6372933983802795,-0.1412702351808548,0.012606373056769371,-1.0910258293151855,0.14107023902287089,-0.1261068622581558,0.3966254986281936,0.6484176617035291,-0.05090117049756067,0.040762902647987785,-1.0637380761806956,0.0,0.0,0.0,0.0,0.0,0.0,0.0,0.04399999976158142
679215.373666594,61,0.022222222222222223,0.13997043669223785,-0.09353197365999222,0.3673950135707855,0.6364608407020569,-0.15178582072257996,0.011029577814042568,-1.085664987564087,0.14107015478384857,-0.12122034112058494,0.39370061103954956,0.6476908265762215,-0.05765326805617351,0.03927013056047074,-1.065200305893217,0.0,0.0,0.0,0.0,0.0,0.0,0.0,0.04399999976158142
679215.396115607,62,0.022222222222222223,0.1370028555393219,-0.08968756347894669,0.3646147549152374,0.6389568448066711,-0.1570354402065277,0.012901847250759602,-1.0845996141433716,0.14107015478384857,-0.11642581778214639,0.39035645972221206,0.6469352875277706,-0.06478781061953857,0.037778350987820064,-1.0660112529320078,0.0,0.0,0.0,0.0,0.0,0.0,0.0,0.04399999976158142
679215.418486512,63,0.022222222222222223,0.13804922997951508,-0.08602895587682724,0.3637373447418213,0.6378146409988403,-0.16228505969047546,0.011147906072437763,-1.080521583557129,0.1410478200126714,-0.11167473724690716,0.38711343463706,0.6464238632663213,-0.07173730146796745,0.03656163994442877,-1.066513761813016,0.0,0.0,0.0,0.0,0.0,0.0,0.0,0.04399999976158142
679215.441071545,64,0.022222222222222223,0.13678959012031555,-0.08022462576627731,0.35948583483695984,0.637495756149292,-0.17173965275287628,0.009692253544926643,-1.074230432510376,0.1410159473022137,-0.10700441945784606,0.3843194285218065,0.6461326106453822,-0.07850646922063609,0.03537980083219398,-1.0665972290538501,0.0,0.0,0.0,0.0,0.0,0.0,0.0,0.04399999976158142
679215.462584175,65,0.022222222222222223,0.13552993535995483,-0.07814093679189682,0.3586077094078064,0.6393181085586548,-0.17497986555099487,0.011694075539708138,-1.0723081827163696,0.14100072269046818,-0.10253567485193342,0.38205991902445935,0.6459086751988027,-0.08457241619521935,0.034282562098704096,-1.0665972290538501,0.0,0.0,0.0,0.0,0.0,0.0,0.0,0.04399999976158142
679215.486049033,66,0.022222222222222223,0.13848474621772766,-0.07492988556623459,0.3589862585067749,0.6372783184051514,-0.1789231151342392,0.010081066749989986,-1.066959023475647,0.14086372289560903,-0.09423079148599632,0.37712726874118635,0.645672561812762,-0.09705227462599281,0.03233157597237291,-1.0665972290538501,0.0,0.0,0.0,0.0,0.0,0.0,0.0,0.04399999976158142
679215.507090011,67,0.022222222222222223,0.1372339427471161,-0.06902869045734406,0.3546510636806488,0.6374781727790833,-0.1879388988018036,0.009755452163517475,-1.0604389905929565,0.14075585375133942,-0.0903878555142886,0.3753359189280797,0.6456061974178708,-0.10290468795750196,0.03148979842675451,-1.0665972290538501,0.0,0.0,0.0,0.0,0.0,0.0,0.0,0.04399999976158142
679215.529195903,68,0.022222222222222223,0.13570518791675568,-0.0670587569475174,0.353812575340271,0.6401183009147644,-0.1906135529279709,0.012588363140821457,-1.0584419965744019,0.14068255511572758,-0.0866734206643242,0.37306982857141113,0.6454906712746393,-0.10907831862462429,0.0306725437719993,-1.0665972290538501,0.0,0.0,0.0,0.0,0.0,0.0,0.0,0.04399999976158142
679215.551415635,69,0.022222222222222223,0.13821318745613098,-0.06461741775274277,0.3547993302345276,0.6391258835792542,-0.1932004988193512,0.01158762164413929,-1.0536890029907227,0.14057441389009362,-0.08305545810972915,0.3710675740465567,0.6454797069005321,-0.1148987206030787,0.030168068647077384,-1.0665972290538501,0.0,0.0,0.0,0.0,0.0,0.0,0.0,0.04399999976158142
679215.573852677,70,0.022222222222222223,0.1369539201259613,-0.05848152935504913,0.3500455319881439,0.6392877101898193,-0.2029256820678711,0.01087220199406147,-1.0460644960403442,0.14047378850097128,-0.07957770432239623,0.36963442554415715,0.6454797069005321,-0.12037636434821795,0.02970855028875715,-1.0665972290538501,0.0,0.0,0.0,0.0,0.0,0.0,0.0,0.04399999976158142
679215.596847344,71,0.022222222222222223,0.13340331614017487,-0.055029962211847305,0.3466137945652008,0.6429730653762817,-0.20870977640151978,0.01367731112986803,-1.0427943468093872,0.14040641319648575,-0.07616512875676928,0.3675803125037107,0.6454797069005321,-0.1262843889942092,0.02921617873273973,-1.0660693475726888,0.0,0.0,0.0,0.0,0.0,0.0,0.0,0.04399999976158142
679215.618158857,72,0.022222222222222223,0.13522277772426605,-0.05194861441850662,0.34578442573547363,0.6420479416847229,-0.21449388563632965,0.011579087004065514,-1.035470962524414,0.14025220324952567,-0.07274349505493856,0.3652573246757014,0.6454797069005321,-0.13219041963936914,0.028989375659912296,-1.0651716573314858,0.0,0.0,0.0,0.0,0.0,0.0,0.0,0.04399999976158142
679215.640309874,73,0.022222222222222223,0.13523273169994354,-0.047897811979055405,0.3429161012172699,0.641943633556366,-0.22319060564041138,0.008945745415985584,-1.0265308618545532,0.1400062727226471,-0.06932266555874413,0.36321358330997117,0.6454797069005321,-0.13808351676597466,0.028686003469078028,-1.0636757621581079,0.0,0.0,0.0,0.0,0.0,0.0,0.0,0.04399999976158142
679215.662661021,74,0.022222222222222223,0.13524268567562103,-0.04706226661801338,0.3424910306930542,0.6440884470939636,-0.2265259474515915,0.010116457007825375,-1.0226253271102905,0.13973985490024007,-0.06589404845491217,0.36101750886192663,0.6454797069005321,-0.14426578125974626,0.028146633143229426,-1.0614141030492388,0.0,0.0,0.0,0.0,0.0,0.0,0.0,0.04399999976158142
679215.68468777,75,0.022222222222222223,0.1380581259727478,-0.04358731955289841,0.3412267863750458,0.6430555582046509,-0.23288778960704803,0.008618859574198723,-1.015076756477356,0.13921053940298014,-0.05935669745132109,0.3577146202648433,0.6454797069005321,-0.1551234134663621,0.027201694669595964,-1.0568510574226397,0.0,0.0,0.0,0.0,0.0,0.0,0.0,0.04399999976158142
679215.709131734,76,0.022222222222222223,0.13724780082702637,-0.040382303297519684,0.3389103412628174,0.6451457738876343,-0.2391824573278427,0.00875134952366352,-1.0098263025283813,0.13904157129702052,-0.05637086574731782,0.3562460965994519,0.6454797069005321,-0.1605333670798198,0.026756102994963577,-1.0540507232252605,0.0,0.0,0.0,0.0,0.0,0.0,0.0,0.04399999976158142
679215.731161206,77,0.022222222222222223,0.13901644945144653,-0.03811526298522949,0.33848288655281067,0.6454124450683594,-0.24335679411888123,0.008411931805312634,-1.004593014717102,0.1389916306881053,-0.053516328428947296,0.3546177535262213,0.6454797069005321,-0.1660373616433648,0.026332145701702645,-1.0509293110839226,0.0,0.0,0.0,0.0,0.0,0.0,0.0,0.04399999976158142
679215.751614698,78,0.022222222222222223,0.14071506261825562,-0.03424994647502899,0.3363465666770935,0.6439250111579895,-0.25124964118003845,0.005826858803629875,-0.9956592917442322,0.1389915093508795,-0.05077120134095222,0.35321454620808046,0.6454797069005321,-0.17140630568991522,0.025928778292724854,-1.0475771736297648,0.0,0.0,0.0,0.0,0.0,0.0,0.0,0.04399999976158142
679215.773644586,79,0.022222222222222223,0.14033767580986023,-0.034119028598070145,0.33693644404411316,0.6462683081626892,-0.2528578042984009,0.0070320842787623405,-0.9929342269897461,0.1389915093508795,-0.04809364355608411,0.35167558818768,0.6454797069005321,-0.1770324637463077,0.025347702442258518,-1.0437111022441052,0.0,0.0,0.0,0.0,0.0,0.0,0.0,0.04399999976158142
679215.795923663,80,0.022222222222222223,0.14246346056461334,-0.03340475261211395,0.3382302224636078,0.646417498588562,-0.25440168380737305,0.006711187772452831,-0.9893881678581238,0.1389915093508795,-0.04550673513023027,0.3505376242147766,0.6454797069005321,-0.18225017568508953,0.024862430836544994,-1.039816618552731,0.0,0.0,0.0,0.0,0.0,0.0,0.0,0.04399999976158142
679215.818184363,81,0.022222222222222223,0.14079108834266663,-0.028690261766314507,0.33391648530960083,0.6469926238059998,-0.26364269852638245,0.006191732827574015,-0.9823764562606812,0.13899897276122136,-0.04309036655709019,0.3498650369973939,0.6454797069005321,-0.18707834778851995,0.024432770123754655,-1.035977263362807,0.0,0.0,0.0,0.0,0.0,0.0,0.0,0.04399999976158142
679215.840337216,82,0.022222222222222223,0.13661153614521027,-0.02594015747308731,0.3307170271873474,0.6506926417350769,-0.2696167230606079,0.008726649917662144,-0.9791337251663208,0.13900003323036836,-0.040786199093900535,0.348509462857615,0.6454797069005321,-0.19235285463751225,0.023999527525774958,-1.0318799868897224,0.0,0.0,0.0,0.0,0.0,0.0,0.0,0.04399999976158142
679215.86266987,83,0.022222222222222223,0.13790296018123627,-0.02350287139415741,0.33070552349090576,0.6498075127601624,-0.2742246687412262,0.006997283082455397,-0.9723454713821411,0.13900003323036836,-0.0385062004930344,0.34679600444333425,0.6454797069005321,-0.19771081162888524,0.023808618414027656,-1.0277836476615638,0.0,0.0,0.0,0.0,0.0,0.0,0.0,0.04399999976158142
679215.884692771,84,0.022222222222222223,0.13805480301380157,-0.020780488848686218,0.32924574613571167,0.6488204598426819,-0.2813777029514313,0.00389642221853137,-0.9631518125534058,0.13900003323036836,-0.0341710244539452,0.3442742633412634,0.6454797069005321,-0.2072896865134857,0.02346851442837815,-1.0201507970226784,0.0,0.0,0.0,0.0,0.0,0.0,0.0,0.04399999976158142
679215.90893499,85,0.022222222222222223,0.13820664584636688,-0.02111305668950081,0.3299121856689453,0.6499881148338318,-0.28338703513145447,0.004610937554389238,-0.9593150615692139,0.13900003323036836,-0.03210110564871697,0.3430868960077041,0.6454797069005321,-0.2123074113533824,0.022959544782694557,-1.0157404740909894,0.0,0.0,0.0,0.0,0.0,0.0,0.0,0.04399999976158142
679215.929217452,86,0.022222222222222223,0.1404835283756256,-0.018809687346220016,0.32936152815818787,0.6485320925712585,-0.28856948018074036,0.00325301312841475,-0.9525648355484009,0.13900003323036836,-0.03011684466138017,0.3422494706556582,0.6454797069005321,-0.2170205603497805,0.022483981107485628,-1.0112607188263074,0.0,0.0,0.0,0.0,0.0,0.0,0.0,0.04399999976158142
679215.951467045,87,0.022222222222222223,0.13904090225696564,-0.016793709248304367,0.3278043568134308,0.6501679420471191,-0.2937285602092743,0.0034060964826494455,-0.9482679963111877,0.13900003323036836,-0.02824142270590782,0.3414708776289238,0.6454797069005321,-0.221774513131036,0.02196460574576621,-1.0066042211947306,0.0,0.0,0.0,0.0,0.0,0.0,0.0,0.04399999976158142
679215.97363679,88,0.022222222222222223,0.1402813196182251,-0.014871735125780106,0.32760190963745117,0.649482786655426,-0.2979108691215515,0.0025676493532955647,-0.9430052042007446,0.13900003323036836,-0.02643803603708518,0.34054565793427666,0.6454797069005321,-0.2265715081062364,0.021479825425228173,-1.0019272678255016,0.0,0.0,0.0,0.0,0.0,0.0,0.0,0.04399999976158142
679215.996300464,89,0.022222222222222223,0.14040687680244446,-0.012256979942321777,0.32601892948150635,0.6483948230743408,-0.3048761785030365,0.00027486972976475954,-0.9353747963905334,0.13900003323036836,-0.024683213966903532,0.3397552774805202,0.6454797069005321,-0.23130606100433274,0.020981758505861814,-0.997209513829667,0.0,0.0,0.0,0.0,0.0,0.0,0.0,0.04399999976158142
679216.018159486,90,0.022222222222222223,0.14053243398666382,-0.013230150565505028,0.3278203308582306,0.6491325497627258,-0.3055417835712433,0.0007623012643307447,-0.9326860904693604,0.13900003323036836,-0.022941114807214218,0.3388167115607344,0.6454797069005321,-0.2362693781267484,0.020327546565600586,-0.9922348817013797,0.0,0.0,0.0,0.0,0.0,0.0,0.0,0.04399999976158142
679216.041983599,91,0.022222222222222223,0.1432202309370041,-0.012722622603178024,0.3294380009174347,0.6470884084701538,-0.3079463541507721,-0.0009288026485592127,-0.9276154041290283,0.13900003323036836,-0.021257959972536763,0.3383946326321598,0.6454797069005321,-0.24079461912284497,0.019725160485979505,-0.9873868772139888,0.0,0.0,0.0,0.0,0.0,0.0,0.0,0.04399999976158142
679216.062504329,92,0.022222222222222223,0.14006541669368744,-0.010818473063409328,0.3269670605659485,0.6489490270614624,-0.313582181930542,0.0004214982036501169,-0.9246158003807068,0.13900003323036836,-0.01972023505257615,0.3380591764489499,0.6454797069005321,-0.2448417041243187,0.019199286606061135,-0.9829958323939831,0.0,0.0,0.0,0.0,0.0,0.0,0.0,0.04399999976158142
679216.084770754,93,0.022222222222222223,0.1369106024503708,-0.010772954672574997,0.3265644609928131,0.6515793204307556,-0.3154149651527405,0.004707897547632456,-0.9242470860481262,0.13903517203239146,-0.017128724091672598,0.3376290372248438,0.6454797069005321,-0.2527523836007775,0.018117709935243274,-0.9744117378641303,0.0,0.0,0.0,0.0,0.0,0.0,0.0,0.04399999976158142
679216.106916337,94,0.022222222222222223,0.13612845540046692,-0.007292596157640219,0.32518434524536133,0.6500406861305237,-0.322032630443573,0.004002174362540245,-0.9170694351196289,0.13903517203239146,-0.016026045376841554,0.33720054674183,0.6454797069005321,-0.2565731486888028,0.018054241228237507,-0.9705222541802938,0.0,0.0,0.0,0.0,0.0,0.0,0.0,0.04399999976158142
679216.129169865,95,0.022222222222222223,0.13313820958137512,-0.004453476518392563,0.3235374093055725,0.6506549119949341,-0.32856836915016174,0.003179376944899559,-0.9112504124641418,0.13903517203239146,-0.014982921396058842,0.33659207218279963,0.6454797069005321,-0.2606770698049161,0.018054241228237507,-0.966443573628207,0.0,0.0,0.0,0.0,0.0,0.0,0.0,0.04399999976158142
679216.15139752,96,0.022222222222222223,0.1341480016708374,-0.003999205306172371,0.3254905343055725,0.6495241522789001,-0.3307972550392151,0.0015252265147864819,-0.9065459370613098,0.13896713360496013,-0.013888608288725356,0.3357847585296841,0.6454797069005321,-0.265039191029353,0.01799272455303086,-0.9621456741550827,0.0,0.0,0.0,0.0,0.0,0.0,0.0,0.04399999976158142
679216.173568976,97,0.022222222222222223,0.13515780866146088,-0.0026425018440932035,0.3253440856933594,0.6475903391838074,-0.3366234004497528,-0.0013738556299358606,-0.8996009826660156,0.13881564041093547,-0.012732701221116615,0.3354972120098488,0.6454797069005321,-0.26918720534653384,0.0177824762573944,-0.9577753808578132,0.0,0.0,0.0,0.0,0.0,0.0,0.0,0.04399999976158142
679216.195991831,98,0.022222222222222223,0.13377392292022705,-0.0034059076569974422,0.3258928060531616,0.6491425633430481,-0.33901357650756836,-0.0006488438230007887,-0.8981366753578186,0.13865319382860994,-0.01153894958899507,0.33524317437139023,0.6454797069005321,-0.273503056937314,0.01731334948771646,-0.9531807088947423,0.0,0.0,0.0,0.0,0.0,0.0,0.0,0.04399999976158142
679216.218074827,99,0.022222222222222223,0.13472959399223328,-0.0036161269526928663,0.32712608575820923,0.6486889123916626,-0.3413504958152771,-0.0011884461855515838,-0.8959075212478638,0.13847701551618055,-0.010361127735038993,0.3351413584669188,0.6454797069005321,-0.27762435520987794,0.016879380576786326,-0.9487908475232992,0.0,0.0,0.0,0.0,0.0,0.0,0.0,0.04399999976158142
679216.240512551,100,0.022222222222222223,0.13189280033111572,-0.0016805153572931886,0.3246610760688782,0.649682343006134,-0.34795063734054565,-0.0003040378214791417,-0.893104076385498,0.13829232707517064,-0.009272385334115701,0.3351413584669188,0.6454797069005321,-0.2815565164907065,0.01646487389060074,-0.9446517466588713,0.0,0.0,0.0,0.0,0.0,0.0,0.0,0.04399999976158142
679216.262585174,101,0.022222222222222223,0.12905600666999817,-0.001723177614621818,0.3250666558742523,0.6513622999191284,-0.34976792335510254,0.003408599179238081,-0.8931453824043274,0.1380593852893594,-0.008259949723286317,0.334828996000439,0.6454797069005321,-0.2857596341188175,0.016154823198607348,-0.940672176833864,0.0,0.0,0.0,0.0,0.0,0.0,0.0,0.04399999976158142
679216.284755175,102,0.022222222222222223,0.1294996440410614,0.00020349165424704552,0.32588785886764526,0.6490647792816162,-0.3540031611919403,0.0025620791129767895,-0.8879156708717346,0.1377384244361827,-0.007312327989140762,0.3345716690500741,0.6454797069005321,-0.2895355604224689,0.015900857978171732,-0.9370552061929804,0.0,0.0,0.0,0.0,0.0,0.0,0.0,0.04399999976158142
679216.307040303,103,0.022222222222222223,0.12747497856616974,0.0014499588869512081,0.3259235620498657,0.6489986181259155,-0.35823842883110046,0.00229116203263402,-0.8844519257545471,0.13672101351256885,-0.0056756300406312,0.334440436938547,0.6454797069005321,-0.29672604882257486,0.015881822762547466,-0.9305233765580954,0.0,0.0,0.0,0.0,0.0,0.0,0.0,0.04399999976158142
679216.329249921,104,0.022222222222222223,0.1282147318124771,0.0028612359892576933,0.3265846371650696,0.6469250321388245,-0.3620630204677582,0.0011962931603193283,-0.880344569683075,0.13603615352426507,-0.004906832534760653,0.334440436938547,0.6454797069005321,-0.30041800142555153,0.015881822762547466,-0.9271559782464383,0.0,0.0,0.0,0.0,0.0,0.0,0.0,0.04399999976158142
679216.351434877,105,0.022222222222222223,0.12733374536037445,0.004382179584354162,0.3258416950702667,0.6454440355300903,-0.36801284551620483,-0.0007921113865450025,-0.8752005100250244,0.13526994152497848,-0.004124128552709075,0.334440436938547,0.6454797069005321,-0.3041251865751266,0.015835899203409064,-0.9237234213346525,0.0,0.0,0.0,0.0,0.0,0.0,0.0,0.04399999976158142
679216.373625217,106,0.022222222222222223,0.1264527589082718,0.003903126111254096,0.32715728878974915,0.6452135443687439,-0.36969536542892456,-0.0005609652725979686,-0.8736476302146912,0.1344699830507632,-0.0032985432457844,0.334440436938547,0.6454797069005321,-0.3080642579107153,0.015616884204615013,-0.920131157204009,0.0,0.0,0.0,0.0,0.0,0.0,0.0,0.04399999976158142
679216.396052055,107,0.022222222222222223,0.12559494376182556,0.00669071963056922,0.32575443387031555,0.6433669924736023,-0.3759966790676117,-0.002157909795641899,-0.8686130046844482,0.13363995042710122,-0.0024571391940188627,0.334440436938547,0.6454797069005321,-0.31177602900179513,0.01538927715317257,-0.9166716148365885,0.0,0.0,0.0,0.0,0.0,0.0,0.0,0.04399999976158142
679216.418077383,108,0.022222222222222223,0.12147864699363708,0.008721671998500824,0.3236407935619354,0.6445009708404541,-0.3821064531803131,-0.00266280397772789,-0.8658592700958252,0.13278468517791933,-0.0015832887701181571,0.334440436938547,0.6454797069005321,-0.31574942953093127,0.015059538549594735,-0.9131257655621273,0.0,0.0,0.0,0.0,0.0,0.0,0.0,0.04399999976158142
679216.443237145,109,0.022222222222222223,0.12242830544710159,0.008943521417677402,0.3255380392074585,0.6421735286712646,-0.3845941424369812,-0.005415554158389568,-0.8617967963218689,0.13182824164119833,-0.0006138589072269704,0.3340676462484699,0.6454797069005321,-0.3199499995244088,0.014683157809321319,-0.9096109744384214,0.0,0.0,0.0,0.0,0.0,0.0,0.0,0.04399999976158142
679216.462557883,110,0.022222222222222223,0.1233779713511467,0.00925956666469574,0.3260960578918457,0.6386389136314392,-0.38992688059806824,-0.009792976081371307,-0.8548799157142639,0.13074859742718745,0.00042874515564371733,0.3337605379954103,0.6454797069005321,-0.3237222607950486,0.01433369567995445,-0.906408179947904,0.0,0.0,0.0,0.0,0.0,0.0,0.0,0.04399999976158142
679216.484679601,111,0.022222222222222223,0.12310048937797546,0.006758393254131079,0.328258752822876,0.6385686993598938,-0.38984060287475586,-0.009135238826274872,-0.8555822968482971,0.12862367427270108,0.0025161728077221167,0.33376004510879265,0.6454797069005321,-0.33115285520857185,0.012883936019288876,-0.8996839524112156,0.0,0.0,0.0,0.0,0.0,0.0,0.0,0.04399999976158142
679216.506985264,112,0.022222222222222223,0.12500956654548645,0.0056321886368095875,0.33068835735321045,0.6369555592536926,-0.3897542953491211,-0.00909972470253706,-0.8560599684715271,0.12772273149289995,0.0034232603932275152,0.33376004510879265,0.6454797069005321,-0.3345573987855232,0.01201171512966235,-0.8964278143168758,0.0,0.0,0.0,0.0,0.0,0.0,0.0,0.04399999976158142
679216.529185661,113,0.022222222222222223,0.12204685062170029,0.00868825614452362,0.3280468285083771,0.6363013386726379,-0.3961963951587677,-0.009503726847469807,-0.8536049723625183,0.1270007794622321,0.004109391895956919,0.33376004510879265,0.6454029388334378,-0.3375916314392771,0.011251263480486424,-0.893578692698852,0.0,0.0,0.0,0.0,0.0,0.0,0.0,0.04399999976158142
679216.551416471,114,0.022222222222222223,0.11752831935882568,0.009118186309933662,0.3280505836009979,0.6373278498649597,-0.39805373549461365,-0.008116108365356922,-0.8540340662002563,0.12641916955758523,0.004643454028944866,0.33376004510879265,0.64519839246542,-0.34096889789554086,0.010541469770086156,-0.890845161669805,0.0,0.0,0.0,0.0,0.0,0.0,0.0,0.04399999976158142
679216.575131952,115,0.022222222222222223,0.11638371646404266,0.00987467635422945,0.32924512028694153,0.6355085372924805,-0.3999110460281372,-0.009323443286120892,-0.8518416881561279,0.12579717247436642,0.005110944390380373,0.33376004510879265,0.6450139114604294,-0.34419790397998773,0.010012769839205515,-0.8883847401114116,0.0,0.0,0.0,0.0,0.0,0.0,0.0,0.04399999976158142
679216.595902568,116,0.022222222222222223,0.11253301054239273,0.009861052967607975,0.3288818299770355,0.6361128687858582,-0.4019697904586792,-0.007856386713683605,-0.8522042036056519,0.1250464976154269,0.005532980911612623,0.33376004510879265,0.6447748848517603,-0.347281400086449,0.009477494973031029,-0.8860170577480438,0.0,0.0,0.0,0.0,0.0,0.0,0.0,0.04399999976158142
679216.618119772,117,0.022222222222222223,0.11145637184381485,0.010350411757826805,0.3293326795101166,0.6348060369491577,-0.40329089760780334,-0.005786035675555468,-0.8517382144927979,0.12410959423152455,0.005915938676905914,0.33376004510879265,0.6444919001082285,-0.35025562006606636,0.009091105710448803,-0.8838835415350165,0.0,0.0,0.0,0.0,0.0,0.0,0.0,0.04399999976158142
679216.640528995,118,0.022222222222222223,0.11015750467777252,0.012099085375666618,0.3283653259277344,0.6321855783462524,-0.4088382422924042,-0.00692796939983964,-0.846598744392395,0.12296113818595748,0.006262537107150564,0.33376004510879265,0.6441584309549625,-0.35305656449792966,0.008954157209109671,-0.8819503060980293,0.0,0.0,0.0,0.0,0.0,0.0,0.0,0.04399999976158142
679216.663148614,119,0.022222222222222223,0.1088586300611496,0.010917925275862217,0.33069172501564026,0.6314322352409363,-0.40881019830703735,-0.006138451863080263,-0.8459935784339905,0.12167804728294006,0.006575226026438245,0.33376004510879265,0.6437759505471292,-0.3555641220210894,0.008886205420224613,-0.8802156975780953,0.0,0.0,0.0,0.0,0.0,0.0,0.0,0.04399999976158142
679216.684683539,120,0.022222222222222223,0.11047974228858948,0.010498051531612873,0.3335399031639099,0.6285399794578552,-0.4097074568271637,-0.008009224198758602,-0.8433235883712769,0.1188990327790647,0.007201742665842429,0.33376004510879265,0.6424492164976269,-0.3609070229563483,0.00863208156968214,-0.876300991499157,0.0,0.0,0.0,0.0,0.0,0.0,0.0,0.04399999976158142
679216.706929761,121,0.022222222222222223,0.10716225951910019,0.011847331188619137,0.33114105463027954,0.6292439103126526,-0.41527730226516724,-0.006122148595750332,-0.8435303568840027,0.1175143273100036,0.007458946752945668,0.33376004510879265,0.6414279478423126,-0.3632599327407729,0.008407649636621562,-0.8743326657317712,0.0,0.0,0.0,0.0,0.0,0.0,0.0,0.04399999976158142
679216.730356496,122,0.022222222222222223,0.10549033433198929,0.011975704692304134,0.33181658387184143,0.6296499371528625,-0.4170004427433014,-0.001682167872786522,-0.8458816409111023,0.11617244515682151,0.0076868300331880066,0.33376004510879265,0.6403333673538624,-0.36594087387241203,0.00831546454476985,-0.8725299820845345,0.0,0.0,0.0,0.0,0.0,0.0,0.0,0.04399999976158142
679216.751402531,123,0.022222222222222223,0.10518970340490341,0.014023711904883385,0.33301109075546265,0.6267653107643127,-0.4216979444026947,-0.003350556828081608,-0.840941846370697,0.11481302892706881,0.007913619800081493,0.33376004510879265,0.639429421392818,-0.3685310965839206,0.00831546454476985,-0.8711234692969648,0.0,0.0,0.0,0.0,0.0,0.0,0.0,0.04399999976158142
679216.773681033,124,0.022222222222222223,0.10236333310604095,0.01515688095241785,0.3332173526287079,0.6264825463294983,-0.4263954758644104,-0.0043986826203763485,-0.8381388783454895,0.11345964641754382,0.008182969153384402,0.33376004510879265,0.6385198998746728,-0.37133644345214284,0.00831546454476985,-0.8695133582079526,0.0,0.0,0.0,0.0,0.0,0.0,0.0,0.04399999976158142
679216.795984312,125,0.022222222222222223,0.10250675678253174,0.016662025824189186,0.33383429050445557,0.624202311038971,-0.4310929775238037,-0.006766236387193203,-0.8342181444168091,0.11209690685508372,0.00854552413947166,0.33376004510879265,0.6375473123605675,-0.3743425140030031,0.00831546454476985,-0.8677243758852609,0.0,0.0,0.0,0.0,0.0,0.0,0.0,0.04399999976158142
679216.819161645,126,0.022222222222222223,0.10050990432500839,0.016908444464206696,0.333740234375,0.6238566637039185,-0.4357905089855194,-0.008755321614444256,-0.8315096497535706,0.11073288985154137,0.00902592599126775,0.33376004510879265,0.6364824530298723,-0.3775280123879273,0.008236913336585522,-0.8657307933963999,0.0,0.0,0.0,0.0,0.0,0.0,0.0,0.04399999976158142
679216.840382369,127,0.022222222222222223,0.10018027573823929,0.016979295760393143,0.33461621403694153,0.6231380701065063,-0.4382341802120209,-0.009220033884048462,-0.8305572867393494,0.10938462349733928,0.009614445915149952,0.33376004510879265,0.6353684614626081,-0.3808739078167912,0.007978584761161835,-0.863630077898144,0.0,0.0,0.0,0.0,0.0,0.0,0.0,0.04399999976158142
679216.862846387,128,0.022222222222222223,0.09985064715147018,0.019086934626102448,0.334017813205719,0.6212577819824219,-0.44308143854141235,-0.010885058902204037,-0.8270190954208374,0.10806007066366886,0.010266865442690377,0.33376004510879265,0.6343088095065269,-0.38413047293239916,0.007658355709239546,-0.861609810018398,0.0,0.0,0.0,0.0,0.0,0.0,0.0,0.04399999976158142
679216.887087475,129,0.022222222222222223,0.09952101856470108,0.017869416624307632,0.3368501663208008,0.6202538013458252,-0.44250035285949707,-0.011473537422716618,-0.8265235424041748,0.10566406037441317,0.011651104174893933,0.33376004510879265,0.6324721999504287,-0.3901574550852924,0.006956054734134786,-0.8578601777201519,0.0,0.0,0.0,0.0,0.0,0.0,0.0,0.04399999976158142
679216.906938193,130,0.022222222222222223,0.1012161374092102,0.017679492011666298,0.3392956256866455,0.6171278953552246,-0.44342079758644104,-0.014240064658224583,-0.8237355947494507,0.10464088395783386,0.012373284577643605,0.33376004510879265,0.6315179083056024,-0.3928903344368577,0.006505041958770865,-0.8560173625884437,0.0,0.0,0.0,0.0,0.0,0.0,0.0,0.04399999976158142
679216.929188031,131,0.022222222222222223,0.09726589918136597,0.01810758374631405,0.33819496631622314,0.6181638836860657,-0.44535499811172485,-0.01317700743675232,-0.8250832557678223,0.10379514801250299,0.013039506096450762,0.33376004510879265,0.630365787750082,-0.3954267008689026,0.005859022610667206,-0.854127387075291,0.0,0.0,0.0,0.0,0.0,0.0,0.0,0.04399999976158142
679216.951445468,132,0.022222222222222223,0.09524589031934738,0.018407369032502174,0.3377557694911957,0.6174972653388977,-0.4468771517276764,-0.011737209744751453,-0.8252266645431519,0.10306502306383261,0.01363766782320626,0.33376004510879265,0.6291955711119164,-0.3978963205302913,0.005299308427139583,-0.8524872520334409,0.0,0.0,0.0,0.0,0.0,0.0,0.0,0.04399999976158142
679216.97368184,133,0.022222222222222223,0.09282469004392624,0.019426949322223663,0.33624762296676636,0.6159156560897827,-0.4519435465335846,-0.012924691662192345,-0.8214086294174194,0.10232323900952109,0.014171664950506577,0.33376004510879265,0.6281820593687133,-0.4002665985998088,0.0049445300355383855,-0.851068521957158,0.0,0.0,0.0,0.0,0.0,0.0,0.0,0.04399999976158142
679216.99600415,134,0.022222222222222223,0.0904034897685051,0.01860314980149269,0.3369927704334259,0.6157007217407227,-0.4530611038208008,-0.012065253220498562,-0.8211067318916321,0.1015028138937716,0.014662748527240357,0.33376004510879265,0.6272078631716128,-0.4029128523363931,0.00456814592745498,-0.8494882816846862,0.0,0.0,0.0,0.0,0.0,0.0,0.0,0.04399999976158142
679217.018245926,135,0.022222222222222223,0.08982370793819427,0.020356543362140656,0.33639153838157654,0.6132275462150574,-0.4578729569911957,-0.014040171168744564,-0.8168838024139404,0.10054654413420802,0.015098942245502098,0.33376004510879265,0.626276747514106,-0.4054081157947983,0.00427389932125015,-0.8479614975766012,0.0,0.0,0.0,0.0,0.0,0.0,0.0,0.04399999976158142
679217.040284306,136,0.022222222222222223,0.08726825565099716,0.0213816836476326,0.33532512187957764,0.6129069924354553,-0.46268483996391296,-0.015504136681556702,-0.8143937587738037,0.09946217239919487,0.015498070201797559,0.33376004510879265,0.6252803185593752,-0.40813866989989095,0.003870324982851578,-0.846237712647801,0.0,0.0,0.0,0.0,0.0,0.0,0.0,0.04399999976158142
679217.062646328,137,0.022222222222222223,0.08809025585651398,0.022868067026138306,0.33529335260391235,0.6101009845733643,-0.46737346053123474,-0.01858905702829361,-0.8101809024810791,0.09825211486541853,0.015913245291758908,0.33376004510879265,0.6242278448336801,-0.4110900121947191,0.003339858003724695,-0.844389684672265,0.0,0.0,0.0,0.0,0.0,0.0,0.0,0.04399999976158142
679217.089370016,138,0.022222222222222223,0.08682148158550262,0.022823534905910492,0.3348865211009979,0.6090980768203735,-0.47202104330062866,-0.021454397588968277,-0.8070353865623474,0.09564440954761766,0.016803230951206418,0.33376004510879265,0.6222742820347091,-0.4165965614047886,0.002117102451658584,-0.8408011799030385,0.0,0.0,0.0,0.0,0.0,0.0,0.0,0.04399999976158142
679217.106917523,139,0.022222222222222223,0.08715881407260895,0.02271990105509758,0.33547165989875793,0.6078572869300842,-0.4744717478752136,-0.022573301568627357,-0.8059822916984558,0.09439484366255296,0.017294941295669997,0.33376004510879265,0.6211479470524089,-0.41964154034217743,0.001168063611458354,-0.8387608440873612,0.0,0.0,0.0,0.0,0.0,0.0,0.0,0.04399999976158142
679217.129128714,140,0.022222222222222223,0.08749615401029587,0.0246153324842453,0.33485671877861023,0.6055528521537781,-0.4788651764392853,-0.024650000035762787,-0.8028013706207275,0.09322448361827892,0.017785266918547767,0.33376004510879265,0.6199680130208226,-0.4226296951705653,0.00015444761820461634,-0.8367752285830072,0.0,0.0,0.0,0.0,0.0,0.0,0.0,0.04399999976158142
679217.151353882,141,0.022222222222222223,0.08783348649740219,0.023164156824350357,0.33799779415130615,0.6038585901260376,-0.477685809135437,-0.025953205302357674,-0.802356481552124,0.09218607325851443,0.018296809113160492,0.33376004510879265,0.6186722577775172,-0.4257614244863581,-0.0009506529568081069,-0.8347116473368371,0.0,0.0,0.0,0.0,0.0,0.0,0.0,0.04399999976158142
679217.1735672,142,0.022222222222222223,0.08907584846019745,0.022932501509785652,0.3402553200721741,0.6003697514533997,-0.4785386323928833,-0.029490362852811813,-0.7994333505630493,0.0913145728966785,0.018805718208998946,0.33376004510879265,0.6172396474060979,-0.4284516008136645,-0.0020970651739638225,-0.8327568720686782,0.0,0.0,0.0,0.0,0.0,0.0,0.0,0.04399999976158142
679217.195810455,143,0.022222222222222223,0.08539465069770813,0.022746581584215164,0.33977916836738586,0.6009336113929749,-0.479391485452652,-0.029221398755908012,-0.8012363910675049,0.09065206183931644,0.01925169005953543,0.33376004510879265,0.6155706094699667,-0.4309411191880509,-0.0034450008433712944,-0.8307571669770104,0.0,0.0,0.0,0.0,0.0,0.0,0.0,0.04399999976158142
679217.218018171,144,0.022222222222222223,0.08333069831132889,0.02266160026192665,0.33955368399620056,0.6002532243728638,-0.48024430871009827,-0.028714260086417198,-0.8022478222846985,0.09011815857788777,0.01961817793710691,0.33376004510879265,0.6138796200206814,-0.4332570193076784,-0.004715991641698794,-0.8290540696610964,0.0,0.0,0.0,0.0,0.0,0.0,0.0,0.04399999976158142
679217.241002248,145,0.022222222222222223,0.07894588261842728,0.022775903344154358,0.33791378140449524,0.6006162166595459,-0.48329344391822815,-0.027886658906936646,-0.8025646209716797,0.08957829866368214,0.01989950781107619,0.33376004510879265,0.6123870649767736,-0.43541771567996473,-0.005802444707377742,-0.8276628786005376,0.0,0.0,0.0,0.0,0.0,0.0,0.0,0.04399999976158142
679217.262541227,146,0.022222222222222223,0.07479958981275558,0.022330792620778084,0.33792009949684143,0.6016073226928711,-0.4833041727542877,-0.023771436884999275,-0.805692732334137,0.08890483864232485,0.020102393801892382,0.33376004510879265,0.6111714584827173,-0.4376664428592251,-0.006689491289584644,-0.8264746334981535,0.0,0.0,0.0,0.0,0.0,0.0,0.0,0.04399999976158142
679217.284715393,147,0.022222222222222223,0.07086262106895447,0.025418775156140327,0.3360656499862671,0.5988973379135132,-0.4907204210758209,-0.02624523639678955,-0.7983162999153137,0.08702811778296803,0.020301476539888584,0.33376004510879265,0.6096728136279448,-0.4414910138608224,-0.007804491174136549,-0.8247485593680989,0.0,0.0,0.0,0.0,0.0,0.0,0.0,0.04399999976158142
679217.308218429,148,0.022222222222222223,0.06510046869516373,0.02693461813032627,0.33468979597091675,0.5980358719825745,-0.4980871081352234,-0.02935606800019741,-0.7907777428627014,0.08570076305387467,0.02037546319735328,0.33376004510879265,0.6091439856976922,-0.4438709817428812,-0.008210863882310961,-0.8236054321275353,0.0,0.0,0.0,0.0,0.0,0.0,0.0,0.04399999976158142
679217.329207403,149,0.022222222222222223,0.06526099145412445,0.02462790347635746,0.3382621705532074,0.5969438552856445,-0.49771079421043396,-0.030192451551556587,-0.7894374132156372,0.08397906189982217,0.020558196883538698,0.33376004510879265,0.6084892233008489,-0.44678008321983936,-0.008890153231432187,-0.8217774745821625,0.0,0.0,0.0,0.0,0.0,0.0,0.0,0.04399999976158142
679217.351536521,150,0.022222222222222223,0.06795312464237213,0.02447327971458435,0.33991682529449463,0.594398558139801,-0.5005514621734619,-0.03224102780222893,-0.7868387699127197,0.08190978806170345,0.020792227035606913,0.33376004510879265,0.607735331521751,-0.4493625777138021,-0.009645920360072417,-0.8198487965881324,0.0,0.0,0.0,0.0,0.0,0.0,0.0,0.04399999976158142
679217.373731922,151,0.022222222222222223,0.06826090812683105,0.02378547191619873,0.34040918946266174,0.5942741632461548,-0.5033921003341675,-0.03237949311733246,-0.787395715713501,0.07973672388564484,0.02100158642365619,0.33376004510879265,0.6067776532957668,-0.45196335587532654,-0.010511775300444927,-0.8178755518572923,0.0,0.0,0.0,0.0,0.0,0.0,0.0,0.04399999976158142
679217.395920063,152,0.022222222222222223,0.06975630670785904,0.02398734539747238,0.3412155210971832,0.5930784344673157,-0.5060790181159973,-0.03261401504278183,-0.7874430418014526,0.07764980711855038,0.021161422980535805,0.33376004510879265,0.6057125811424031,-0.45458957857451643,-0.011348123570317335,-0.8160991461413007,0.0,0.0,0.0,0.0,0.0,0.0,0.0,0.04399999976158142
679217.418176212,153,0.022222222222222223,0.06839524954557419,0.024818943813443184,0.34325072169303894,0.5924743413925171,-0.5106480717658997,-0.03838443011045456,-0.7823032140731812,0.07577122773259627,0.021265403527905083,0.33376004510879265,0.604645109133669,-0.45722267483588047,-0.012117762679018937,-0.8145317453561753,0.0,0.0,0.0,0.0,0.0,0.0,0.0,0.04399999976158142
679217.440422383,154,0.022222222222222223,0.06857229024171829,0.022105783224105835,0.34833434224128723,0.5914920568466187,-0.5111104846000671,-0.0450981929898262,-0.7780317664146423,0.07414080610458633,0.021346174618587507,0.3338851582699352,0.6036065435177624,-0.4600558121916161,-0.013285120630633846,-0.8127056042441002,0.0,0.0,0.0,0.0,0.0,0.0,0.0,0.04399999976158142
679217.462737692,155,0.022222222222222223,0.07099423557519913,0.021771321073174477,0.3487357795238495,0.588009238243103,-0.5167027115821838,-0.05143827572464943,-0.7723106741905212,0.07275475218063583,0.02136727585811611,0.3349501302048656,0.6026089393598913,-0.4626490831192817,-0.015026890011710264,-0.8105951274806884,0.0,0.0,0.0,0.0,0.0,0.0,0.0,0.04399999976158142
679217.484682963,156,0.022222222222222223,0.07186264544725418,0.022232288494706154,0.347753643989563,0.5856886506080627,-0.5222948789596558,-0.056535713374614716,-0.7684454321861267,0.07081501170329443,0.02136727585811611,0.3366090895725757,0.6006938498111445,-0.46761940042248495,-0.018822781214013543,-0.8063541695852224,0.0,0.0,0.0,0.0,0.0,0.0,0.0,0.04399999976158142
679217.510085415,157,0.022222222222222223,0.0757259726524353,0.02062072791159153,0.3491768538951874,0.5799649953842163,-0.5244804620742798,-0.0618748739361763,-0.7644199132919312,0.07035960975310683,0.02136727585811611,0.33705716545073716,0.5993872332386924,-0.470582251750442,-0.02124811698779536,-0.8038828369445971,0.0,0.0,0.0,0.0,0.0,0.0,0.0,0.04399999976158142
679217.529133324,158,0.022222222222222223,0.07455724477767944,0.017384985461831093,0.35110726952552795,0.5751879811286926,-0.5244870781898499,-0.067685067653656,-0.762479305267334,0.07029019885349487,0.02136727585811611,0.3376854049754112,0.5975484762423579,-0.47347229015496106,-0.023984554876615778,-0.8012459455065263,0.0,0.0,0.0,0.0,0.0,0.0,0.0,0.04399999976158142
679217.551354618,159,0.022222222222222223,0.07338850945234299,0.01232134085148573,0.35537633299827576,0.5703631639480591,-0.5207235813140869,-0.07248476892709732,-0.7632094025611877,0.07035802594188109,0.02134704470430789,0.3385624535662749,0.595034352850203,-0.47606261995453936,-0.027042576988981656,-0.7986329377763868,0.0,0.0,0.0,0.0,0.0,0.0,0.0,0.04399999976158142
679217.573573673,160,0.022222222222222223,0.07221978157758713,0.011527304537594318,0.3559302091598511,0.5625622272491455,-0.5227774977684021,-0.07870239019393921,-0.7594187259674072,0.07042948093308493,0.021167890341032298,0.34008452770578884,0.5919265175898516,-0.4779896017984086,-0.030316241467148588,-0.7963154199287763,0.0,0.0,0.0,0.0,0.0,0.0,0.0,0.04399999976158142
679217.597084113,161,0.022222222222222223,0.06803125888109207,0.01099857036024332,0.35656827688217163,0.5566340088844299,-0.5241239666938782,-0.08515707403421402,-0.756453812122345,0.0704491000304403,0.020743958116761264,0.34143175317535407,0.5880988733635729,-0.47991358667594725,-0.03387323286831274,-0.793948870413698,0.0,0.0,0.0,0.0,0.0,0.0,0.0,0.04399999976158142
679217.618281577,162,0.022222222222222223,0.0688408836722374,0.0034662713296711445,0.3656143844127655,0.5514362454414368,-0.5146033763885498,-0.09153366088867188,-0.758276104927063,0.0704491000304403,0.0201186907666887,0.3426423830989224,0.5835797483898556,-0.48177831036009683,-0.037738054660855,-0.7914991175559264,0.0,0.0,0.0,0.0,0.0,0.0,0.0,0.04399999976158142
679217.640352584,163,0.022222222222222223,0.0717361718416214,-0.0045686704106628895,0.3742212653160095,0.5462909936904907,-0.5053563714027405,-0.09831613302230835,-0.7609325647354126,0.0704491000304403,0.019165935232847778,0.34533387076485345,0.578638856171691,-0.48246602681547285,-0.04187779959131244,-0.7893938123129702,0.0,0.0,0.0,0.0,0.0,0.0,0.0,0.04399999976158142
679217.662584025,164,0.022222222222222223,0.07332053780555725,-0.005631664302200079,0.37333253026008606,0.5399853587150574,-0.5071266293525696,-0.10303711891174316,-0.7619849443435669,0.0704491000304403,0.015561430810162095,0.3522838578048217,0.5686700592734981,-0.4824683764155678,-0.05040891334108244,-0.7864109100321875,0.0,0.0,0.0,0.0,0.0,0.0,0.0,0.04399999976158142
679217.68473319,165,0.022222222222222223,0.07461045682430267,-0.005262560211122036,0.3717760145664215,0.5343258380889893,-0.5086153149604797,-0.10483928769826889,-0.7660695314407349,0.0704491000304403,0.013125836316081146,0.35463577310034633,0.5641367066641865,-0.4824683764155678,-0.05446963739908554,-0.7852778646514997,0.0,0.0,0.0,0.0,0.0,0.0,0.0,0.04399999976158142
679217.706906567,166,0.022222222222222223,0.07497145235538483,-0.003915869630873203,0.37076064944267273,0.5277734398841858,-0.5101040601730347,-0.10670219361782074,-0.7694396376609802,0.07047378429079551,0.010510870352030266,0.35623830002007767,0.5595336515266464,-0.4824683764155678,-0.05835873962101611,-0.7846353099534137,0.0,0.0,0.0,0.0,0.0,0.0,0.0,0.04399999976158142
679217.729162962,167,0.022222222222222223,0.07320302724838257,-0.0030167438089847565,0.3705349564552307,0.5211032629013062,-0.5115927457809448,-0.10934814065694809,-0.7718213200569153,0.07054691443749572,0.007919711977592702,0.35733587730879596,0.5546860814707668,-0.482575717429736,-0.06202783584064258,-0.7844444371466427,0.0,0.0,0.0,0.0,0.0,0.0,0.0,0.04399999976158142
679217.751385255,168,0.022222222222222223,0.0727030336856842,-0.006134440191090107,0.37685537338256836,0.5146000385284424,-0.5047264099121094,-0.11210082471370697,-0.7776028513908386,0.0706180167415465,0.005519494676104508,0.35817664798130666,0.5494948519004498,-0.4828283212944207,-0.06556508300343801,-0.7844409486071784,0.0,0.0,0.0,0.0,0.0,0.0,0.0,0.04399999976158142
679217.773586738,169,0.022222222222222223,0.06961867213249207,-0.006896129809319973,0.37950700521469116,0.5075982809066772,-0.5021229386329651,-0.11584490537643433,-0.7820819020271301,0.07063536852157667,0.00332142250438725,0.36005101399271444,0.5439722110860712,-0.4828283212944207,-0.06901371279422847,-0.7844409486071784,0.0,0.0,0.0,0.0,0.0,0.0,0.0,0.04399999976158142
679217.795811892,170,0.022222222222222223,0.0660017654299736,-0.007563845254480839,0.38178399205207825,0.5016536116600037,-0.4995194375514984,-0.11888032406568527,-0.7870219349861145,0.07063536852157667,0.0012968864824271344,0.3620859656826248,0.5381378727601658,-0.4828283212944207,-0.07246825399582991,-0.7844409486071784,0.0,0.0,0.0,0.0,0.0,0.0,0.0,0.04399999976158142
679217.818060591,171,0.022222222222222223,0.06294439733028412,-0.008284376002848148,0.3839542269706726,0.4958201050758362,-0.49691593647003174,-0.12168076634407043,-0.7918105125427246,0.07059888789215055,-0.0005312178849737407,0.3641685888091026,0.5320991835625669,-0.4828283212944207,-0.07589524857245519,-0.7844409486071784,0.0,0.0,0.0,0.0,0.0,0.0,0.0,0.04399999976158142
679217.840306917,172,0.022222222222222223,0.059590891003608704,-0.008832026273012161,0.3860985338687897,0.49031832814216614,-0.49431249499320984,-0.12443741410970688,-0.7961763143539429,0.07042776546142754,-0.0021534989429615116,0.3662683802937138,0.5259970158538076,-0.4828283212944207,-0.07926077648592623,-0.7844409486071784,0.0,0.0,0.0,0.0,0.0,0.0,0.0,0.04399999976158142
679217.862693332,173,0.022222222222222223,0.056980155408382416,-0.009596415795385838,0.3881700932979584,0.48463985323905945,-0.49170899391174316,-0.12706567347049713,-0.8004279136657715,0.0693467396206259,-0.00476938536393285,0.3700863980878127,0.5143988310873141,-0.4828283212944207,-0.08557596040001514,-0.7844409486071784,0.0,0.0,0.0,0.0,0.0,0.0,0.0,0.04399999976158142
679217.884772333,174,0.022222222222222223,0.05422001704573631,-0.010218612849712372,0.39020559191703796,0.4791073501110077,-0.48910555243492126,-0.12959332764148712,-0.8045463562011719,0.06845811532285549,-0.0057651833074900665,0.37185928124897594,0.5093872813824972,-0.4828283212944207,-0.08848106734601217,-0.784588317865903,0.0,0.0,0.0,0.0,0.0,0.0,0.0,0.04399999976158142
679217.906897261,175,0.022222222222222223,0.05221842974424362,-0.011026213876903057,0.3920924961566925,0.4736136794090271,-0.4865020513534546,-0.13178220391273499,-0.8090684413909912,0.06730982632864659,-0.006587278399818969,0.37368276334633876,0.5045138242063577,-0.4828283212944207,-0.09134610082679943,-0.785107250519755,0.0,0.0,0.0,0.0,0.0,0.0,0.0,0.04399999976158142
679217.929130359,176,0.022222222222222223,0.05008050054311752,-0.01158625353127718,0.39388394355773926,0.46836212277412415,-0.4838986098766327,-0.13358905911445618,-0.8138781189918518,0.06590304434804445,-0.007269352483691071,0.37551889039043396,0.499611248261902,-0.4828283212944207,-0.09414658214856228,-0.7860494126092308,0.0,0.0,0.0,0.0,0.0,0.0,0.0,0.04399999976158142
679217.951390238,177,0.022222222222222223,0.0482533723115921,-0.012189537286758423,0.3954988718032837,0.4636106491088867,-0.481295108795166,-0.13495153188705444,-0.8192335367202759,0.06426369741022045,-0.007841993415552896,0.3773467176745557,0.49463538372716354,-0.4828283212944207,-0.09684934042847979,-0.787403932563378,0.0,0.0,0.0,0.0,0.0,0.0,0.0,0.04399999976158142
679217.973586005,178,0.022222222222222223,0.046312663704156876,-0.012501857243478298,0.3970004916191101,0.45925039052963257,-0.4786916673183441,-0.1357303410768509,-0.8249210119247437,0.06242764337714846,-0.008329865150365164,0.379134150460395,0.48963145178085615,-0.4828283212944207,-0.09941836833197952,-0.7891789563466445,0.0,0.0,0.0,0.0,0.0,0.0,0.0,0.04399999976158142
679217.995901225,179,0.022222222222222223,0.04458475857973099,-0.01281755231320858,0.39837518334388733,0.4554731249809265,-0.47608816623687744,-0.13619670271873474,-0.8309195041656494,0.06043586439763198,-0.008749795445558785,0.3808669784882451,0.48468154879670855,-0.4828283212944207,-0.10180846720744921,-0.7913700612717492,0.0,0.0,0.0,0.0,0.0,0.0,0.0,0.04399999976158142
679218.018220339,180,0.022222222222222223,0.04274934530258179,-0.012845390476286411,0.3996550440788269,0.452073335647583,-0.47348472476005554,-0.1361665576696396,-0.8369906544685364,0.058330415581568935,-0.009111857880560962,0.382531338583005,0.4798812021546708,-0.4828283212944207,-0.10399806960268759,-0.7939664714861846,0.0,0.0,0.0,0.0,0.0,0.0,0.0,0.04399999976158142
679218.042080142,181,0.022222222222222223,0.041097644716501236,-0.012823563069105148,0.40078088641166687,0.44914332032203674,-0.47088122367858887,-0.13597197830677032,-0.843156099319458,0.05615127682450448,-0.00941947411960547,0.3841220647318167,0.4753128348520753,-0.4828283212944207,-0.1059596700039877,-0.7969380146845704,0.0,0.0,0.0,0.0,0.0,0.0,0.0,0.04399999976158142
679218.06242348,182,0.022222222222222223,0.039243049919605255,-0.012696754187345505,0.4017764627933502,0.44662752747535706,-0.46827778220176697,-0.13529889285564423,-0.8493554592132568,0.05186532938509336,-0.00986636115238986,0.38666489546883026,0.4677685691552196,-0.4828283212944207,-0.10924942745045325,-0.802752677023397,0.0,0.0,0.0,0.0,0.0,0.0,0.0,0.04399999976158142
679218.084668639,183,0.022222222222222223,0.03762093186378479,-0.012864159420132637,0.4028260111808777,0.4444837272167206,-0.4656742811203003,-0.13472826778888702,-0.8552449941635132,0.04981990073861441,-0.010005387578185426,0.3878696406784014,0.46459932433614476,-0.4828283212944207,-0.11056324170180042,-0.8061093779509952,0.0,0.0,0.0,0.0,0.0,0.0,0.0,0.04399999976158142
679218.107132387,184,0.022222222222222223,0.03592168912291527,-0.013662684708833694,0.4041459560394287,0.44287317991256714,-0.4630708396434784,-0.13402105867862701,-0.8609879612922668,0.047840453155486844,-0.010095430748272807,0.3890443843546812,0.46168851041729847,-0.4828283212944207,-0.11166982507674868,-0.8097485652998103,0.0,0.0,0.0,0.0,0.0,0.0,0.0,0.04399999976158142
679218.129208346,185,0.022222222222222223,0.034730732440948486,-0.014089089818298817,0.4053943455219269,0.4415414333343506,-0.4604673385620117,-0.13292376697063446,-0.8669074177742004,0.045927143894728746,-0.010166696986813294,0.39024622187362495,0.4590326498922443,-0.4828283212944207,-0.11258277646511561,-0.8136198549128548,0.0,0.0,0.0,0.0,0.0,0.0,0.0,0.04399999976158142
679218.151368748,186,0.022222222222222223,0.03298962116241455,-0.014245735481381416,0.40642204880714417,0.4407541751861572,-0.4578638970851898,-0.13102750480175018,-0.8731456995010376,0.04408804620331,-0.010247933660146665,0.39145722677816236,0.45664783430019124,-0.4828283212944207,-0.11328756845996066,-0.8177091171067241,0.0,0.0,0.0,0.0,0.0,0.0,0.0,0.04399999976158142
679218.173829332,187,0.022222222222222223,0.03188246861100197,-0.014501290395855904,0.40737777948379517,0.44011056423187256,-0.45526039600372314,-0.12854887545108795,-0.8798789381980896,0.04232322981851357,-0.010346285186790209,0.39263366171054565,0.45456310700700364,-0.4828283212944207,-0.11373092128312487,-0.8220236017723436,0.0,0.0,0.0,0.0,0.0,0.0,0.0,0.04399999976158142
679218.195802485,188,0.022222222222222223,0.028158290311694145,-0.013415497727692127,0.40635111927986145,0.44054102897644043,-0.4552946388721466,-0.12498052418231964,-0.886441707611084,0.04063324439615012,-0.010463162337927018,0.39376788376046834,0.45279177433530393,-0.4827279763835501,-0.11387251542833735,-0.8265881363017169,0.0,0.0,0.0,0.0,0.0,0.0,0.0,0.04399999976158142
679218.218455536,189,0.022222222222222223,0.025996295735239983,-0.010460583493113518,0.4045739769935608,0.43849000334739685,-0.4582754373550415,-0.12242244929075241,-0.8888434767723083,0.0389633523515481,-0.010567398677675838,0.3944926896469087,0.4513907701100339,-0.4826390615171409,-0.11387329395127187,-0.8313735090249503,0.0,0.0,0.0,0.0,0.0,0.0,0.0,0.04399999976158142
679218.240348733,190,0.022222222222222223,0.02348417229950428,-0.008050200529396534,0.40402254462242126,0.4368014335632324,-0.4612562954425812,-0.12315935641527176,-0.8882153630256653,0.037252464285240885,-0.010585263191444129,0.3947387629058859,0.4501949629615707,-0.4826390615171409,-0.11387329395127187,-0.8360035484784385,0.0,0.0,0.0,0.0,0.0,0.0,0.0,0.04399999976158142
679218.262540256,191,0.022222222222222223,0.021827923133969307,-0.011997790075838566,0.4122740626335144,0.4370826482772827,-0.4534740149974823,-0.12514810264110565,-0.8911008238792419,0.035542620856180644,-0.010585263191444129,0.3949321252553858,0.44913243383087237,-0.4826390615171409,-0.11387329395127187,-0.8401927978981081,0.0,0.0,0.0,0.0,0.0,0.0,0.0,0.04399999976158142
679218.284806449,192,0.022222222222222223,0.020954925566911697,-0.016720833256840706,0.4197535216808319,0.43672195076942444,-0.44673576951026917,-0.12969917058944702,-0.8919811844825745,0.03215531377564861,-0.010585263191444129,0.3965854957261991,0.44722830789781953,-0.482373812858751,-0.11387329395127187,-0.8473859047304533,0.0,0.0,0.0,0.0,0.0,0.0,0.0,0.04399999976158142
679218.306921801,193,0.022222222222222223,0.020103713497519493,-0.015899354591965675,0.4175526797771454,0.43528127670288086,-0.4511086344718933,-0.13349008560180664,-0.8902132511138916,0.030479176937738828,-0.010659336336226784,0.39931943233779904,0.44646987920520864,-0.4814337041562214,-0.11401313355149367,-0.850658390775893,0.0,0.0,0.0,0.0,0.0,0.0,0.0,0.04399999976158142
679218.329509894,194,0.022222222222222223,0.019885975867509842,-0.015486390329897404,0.4147506654262543,0.43498265743255615,-0.45548155903816223,-0.13485084474086761,-0.8910139799118042,0.028855817904333347,-0.010831161415343238,0.4011340544418558,0.44574096421140896,-0.4810257555506949,-0.11449359824356566,-0.853450556772644,0.0,0.0,0.0,0.0,0.0,0.0,0.0,0.04399999976158142
679218.35138813,195,0.022222222222222223,0.02176245115697384,-0.014154167845845222,0.41290339827537537,0.43249163031578064,-0.4588215947151184,-0.13463588058948517,-0.8916621208190918,0.027325377537286817,-0.011043055114355755,0.40206292915325015,0.4450188366100633,-0.4810221936627129,-0.11513237652949396,-0.8559641947986363,0.0,0.0,0.0,0.0,0.0,0.0,0.0,0.04399999976158142
679218.373640241,196,0.022222222222222223,0.02155563421547413,-0.013444624841213226,0.4129129648208618,0.4309476315975189,-0.459951251745224,-0.13371482491493225,-0.8931260108947754,0.02598080405074455,-0.011234050938773532,0.4024551726056299,0.4441816597586491,-0.4810221936627129,-0.11572143838121751,-0.858277913286132,0.0,0.0,0.0,0.0,0.0,0.0,0.0,0.04399999976158142
679218.395913799,197,0.022222222222222223,0.02152392268180847,-0.012440614402294159,0.41299593448638916,0.42935216426849365,-0.4610808491706848,-0.13353011012077332,-0.8941022157669067,0.02487906637066176,-0.011353321792332373,0.4027682000808907,0.44314701982390436,-0.4810221936627129,-0.11616602724109881,-0.8604792103977994,0.0,0.0,0.0,0.0,0.0,0.0,0.0,0.04399999976158142
679218.418180839,198,0.022222222222222223,0.021147368475794792,-0.01190915983170271,0.41311052441596985,0.428353875875473,-0.4622105062007904,-0.1335158795118332,-0.8951718807220459,0.024012637340625975,-0.011377612197304427,0.4030367745058383,0.4419565348825032,-0.4810221936627129,-0.11652329896412934,-0.862559252283411,0.0,0.0,0.0,0.0,0.0,0.0,0.0,0.04399999976158142
679218.44030147,199,0.022222222222222223,0.0209734495729208,-0.011215275153517723,0.4129243493080139,0.42770978808403015,-0.4633401036262512,-0.13304837048053741,-0.8969398736953735,0.023359858798163956,-0.011377612197304427,0.4032756484160525,0.44069372528558703,-0.4810221936627129,-0.11683521917917307,-0.8645275590300481,0.0,0.0,0.0,0.0,0.0,0.0,0.0,0.04399999976158142
679218.462554488,200,0.022222222222222223,0.02065613679587841,-0.010807880200445652,0.4127451777458191,0.42761170864105225,-0.4644697606563568,-0.13223907351493835,-0.8989788889884949,0.022891515361478734,-0.011377612197304427,0.40343371844729947,0.4394651734791405,-0.4810221936627129,-0.11707422913656819,-0.8664567540455635,0.0,0.0,0.0,0.0,0.0,0.0,0.0,0.04399999976158142
679218.484664432,201,0.022222222222222223,0.02050314098596573,-0.010026774369180202,0.4124530255794525,0.42763739824295044,-0.4655993580818176,-0.13106828927993774,-0.9011765718460083,0.02241086851824177,-0.011377612197304427,0.4036296063771579,0.4374994457725436,-0.4810221936627129,-0.11738743755836752,-0.8699636572703168,0.0,0.0,0.0,0.0,0.0,0.0,0.0,0.04399999976158142
679218.506959653,202,0.022222222222222223,0.02003472112119198,-0.00948214903473854,0.41225168108940125,0.4281047582626343,-0.4667290151119232,-0.1297781616449356,-0.9031927585601807,0.022337425552888895,-0.011377612197304427,0.4036305134673666,0.43681712032567327,-0.4810221936627129,-0.1173955414912808,-0.8717515502708747,0.0,0.0,0.0,0.0,0.0,0.0,0.0,0.04399999976158142
679218.529129446,203,0.022222222222222223,0.020027054473757744,-0.008589508943259716,0.41188710927963257,0.42855438590049744,-0.46785861253738403,-0.1279521882534027,-0.9056916832923889,0.02232774170036368,-0.011377612197304427,0.4036305134673666,0.43635016207385435,-0.4810221936627129,-0.1173955414912808,-0.8735686238522029,0.0,0.0,0.0,0.0,0.0,0.0,0.0,0.04399999976158142
679218.551361652,204,0.022222222222222223,0.01920836977660656,-0.007816360332071781,0.41152864694595337,0.42959165573120117,-0.4689882695674896,-0.12582823634147644,-0.9083573222160339,0.02232774170036368,-0.011377612197304427,0.4036305134673666,0.4360988735384654,-0.4810221936627129,-0.1173955414912808,-0.8754478031373687,0.0,0.0,0.0,0.0,0.0,0.0,0.0,0.04399999976158142
679218.573618006,205,0.022222222222222223,0.018941644579172134,-0.006668982561677694,0.41088953614234924,0.43091651797294617,-0.47011786699295044,-0.12281501293182373,-0.9120859503746033,0.02232774170036368,-0.01136790896196123,0.4036305134673666,0.4360592661909528,-0.4810221936627129,-0.1173955414912808,-0.8774079562015009,0.0,0.0,0.0,0.0,0.0,0.0,0.0,0.04399999976158142
679218.596182634,206,0.022222222222222223,0.015498721040785313,-0.003976430743932724,0.40799301862716675,0.4335901141166687,-0.47405290603637695,-0.11951030045747757,-0.9143273830413818,0.022322422862815116,-0.011314020162040677,0.4036305134673666,0.4360592661909528,-0.4810221936627129,-0.1173955414912808,-0.8795335634343081,0.0,0.0,0.0,0.0,0.0,0.0,0.0,0.04399999976158142
679218.618056965,207,0.022222222222222223,0.012055798433721066,-0.0014465096173807979,0.4055047631263733,0.4366243779659271,-0.47742822766304016,-0.11398065835237503,-0.9164990782737732,0.022222606452857813,-0.011136089800600673,0.4036305134673666,0.4360592661909528,-0.4810221936627129,-0.1173955414912808,-0.8817081174031485,0.0,0.0,0.0,0.0,0.0,0.0,0.0,0.04399999976158142
679218.640363795,208,0.022222222222222223,0.010450142435729504,-2.7047470211982727e-05,0.4056135416030884,0.4390629827976227,-0.47852790355682373,-0.10965950787067413,-0.9177163243293762,0.02189343888349948,-0.01074834908610477,0.4036305134673666,0.4360592661909528,-0.4810221936627129,-0.1173955414912808,-0.8838848228523802,0.0,0.0,0.0,0.0,0.0,0.0,0.0,0.04399999976158142
679218.662509868,209,0.022222222222222223,0.008945191279053688,0.001562427612952888,0.4061046540737152,0.44116443395614624,-0.4796275198459625,-0.10729334503412247,-0.9170982837677002,0.021286397715966063,-0.010125036039538526,0.4036305134673666,0.4360592661909528,-0.4810221936627129,-0.1173955414912808,-0.8859811400405977,0.0,0.0,0.0,0.0,0.0,0.0,0.0,0.04399999976158142
679218.684803512,210,0.022222222222222223,0.005314631387591362,0.0032917317003011703,0.4054880738258362,0.4447343349456787,-0.4822564423084259,-0.10588415712118149,-0.9151473045349121,0.01945368879032334,-0.00836175687753915,0.4036305134673666,0.4360592661909528,-0.4810221936627129,-0.1173955414912808,-0.8895228826799513,0.0,0.0,0.0,0.0,0.0,0.0,0.0,0.04399999976158142
679218.706901235,211,0.022222222222222223,0.001892486005090177,0.004508373327553272,0.4049776792526245,0.4487104117870331,-0.4845893383026123,-0.10417969524860382,-0.9125661253929138,0.01823990110659097,-0.0072598673736331415,0.4036305134673666,0.43614812111329027,-0.4810221936627129,-0.1173955414912808,-0.8908085721685199,0.0,0.0,0.0,0.0,0.0,0.0,0.0,0.04399999976158142
679218.729113472,212,0.022222222222222223,-0.0009975716238841414,0.0056209927424788475,0.4034309685230255,0.45374515652656555,-0.4878651201725006,-0.10096926242113113,-0.9106121063232422,0.016754251668734225,-0.006026944644576398,0.4036305134673666,0.43664266151432407,-0.4810221936627129,-0.1173955414912808,-0.8916909226296109,0.0,0.0,0.0,0.0,0.0,0.0,0.0,0.04399999976158142
679218.751370577,213,0.022222222222222223,-0.0022913680877536535,0.00717998668551445,0.4017147123813629,0.459062397480011,-0.49139603972435,-0.09675713628530502,-0.908088207244873,0.014979826236534353,-0.004695289614278355,0.4036305134673666,0.4378654901434463,-0.4810221936627129,-0.1172062542951164,-0.8922502203839493,0.0,0.0,0.0,0.0,0.0,0.0,0.0,0.04399999976158142
679218.773860664,214,0.022222222222222223,-0.002245330950245261,0.01232256181538105,0.39294078946113586,0.46420297026634216,-0.5037221908569336,-0.09119267016649246,-0.9049778580665588,0.012968256562123928,-0.0032857589773143733,0.4036305134673666,0.4399339513241471,-0.4810221936627129,-0.1166316044994807,-0.892488752377218,0.0,0.0,0.0,0.0,0.0,0.0,0.0,0.04399999976158142
679218.79579564,215,0.022222222222222223,-0.0013668241444975138,0.016835281625390053,0.3871166408061981,0.4711151123046875,-0.5125592350959778,-0.0831078290939331,-0.9044336676597595,0.010838766942423089,-0.00171897868387022,0.4032785212866151,0.44278346151897435,-0.4810221936627129,-0.1155514660774453,-0.8924974957020312,0.0,0.0,0.0,0.0,0.0,0.0,0.0,0.04399999976158142
679218.818109501,216,0.022222222222222223,0.00235235714353621,0.02028440311551094,0.38570013642311096,0.4745747148990631,-0.5201016068458557,-0.0829647034406662,-0.8956212997436523,0.00873949574507406,0.00012127474201107336,0.40188652461266516,0.4464126318628842,-0.4815323522523325,-0.11377720760113132,-0.8924974957020312,0.0,0.0,0.0,0.0,0.0,0.0,0.0,0.04399999976158142
679218.840318188,217,0.022222222222222223,0.004175563808530569,0.020946724340319633,0.3860594630241394,0.47996196150779724,-0.5257469415664673,-0.08571040630340576,-0.8859431147575378,0.006873422677063846,0.0022725960282456575,0.4004764184264754,0.4505376512865021,-0.48278112958789465,-0.11197269716982043,-0.8924974957020312,0.0,0.0,0.0,0.0,0.0,0.0,0.0,0.04399999976158142
679218.862418723,218,0.022222222222222223,0.007805590983480215,0.02172131836414337,0.3849124610424042,0.4857598543167114,-0.5313923358917236,-0.08597186952829361,-0.8803664445877075,0.004345681752072471,0.007126438576238335,0.3985336060873039,0.4591449728825312,-0.4860556585242011,-0.10941183219974154,-0.8924974957020312,0.0,0.0,0.0,0.0,0.0,0.0,0.0,0.04399999976158142
679218.88469076,219,0.022222222222222223,0.011657333001494408,0.02624604105949402,0.37781503796577454,0.4912620484828949,-0.5454948544502258,-0.08539120852947235,-0.8715193867683411,0.0037530885253530184,0.009566118869935109,0.39761586336627136,0.4631707660728782,-0.4880276951280701,-0.10839261711663602,-0.8924974957020312,0.0,0.0,0.0,0.0,0.0,0.0,0.0,0.04399999976158142
679218.90730663,220,0.022222222222222223,0.015874039381742477,0.029637668281793594,0.3741407096385956,0.498496949672699,-0.5553995966911316,-0.08225049078464508,-0.8646137118339539,0.0036887610238730403,0.01199883655765477,0.3955281290528831,0.4673367593712196,-0.4912626063909352,-0.10744313631974405,-0.8919323331755346,0.0,0.0,0.0,0.0,0.0,0.0,0.0,0.04399999976158142
679218.930114118,221,0.022222222222222223,0.021606065332889557,0.03209051489830017,0.3717266023159027,0.5037966370582581,-0.5651469230651855,-0.08164570480585098,-0.8551303148269653,0.004006011273364678,0.014495326317091103,0.39312495790473007,0.47188203225993214,-0.49521693519352383,-0.10632346279294026,-0.890686258073736,0.0,0.0,0.0,0.0,0.0,0.0,0.0,0.04399999976158142
679218.951373742,222,0.022222222222222223,0.02610538899898529,0.033568091690540314,0.3701446056365967,0.5094649791717529,-0.574421763420105,-0.0825919583439827,-0.8447205424308777,0.004801403327614017,0.017059760568838372,0.3907158535639525,0.4767969119944257,-0.49978623316407916,-0.10519464866406818,-0.8886103485266574,0.0,0.0,0.0,0.0,0.0,0.0,0.0,0.04399999976158142
679218.974348139,223,0.022222222222222223,0.030798371881246567,0.0356602668762207,0.368700236082077,0.5136146545410156,-0.5829737186431885,-0.08341915905475616,-0.8332539200782776,0.006168565573308922,0.01964754414292799,0.3884632360622446,0.4819478336675571,-0.504856034174548,-0.10424890483606168,-0.8856542888866279,0.0,0.0,0.0,0.0,0.0,0.0,0.0,0.04399999976158142
679218.996054508,224,0.022222222222222223,0.033879268914461136,0.03607923537492752,0.36778202652931213,0.517664909362793,-0.5905148386955261,-0.08479312062263489,-0.8210574388504028,0.008132053724864578,0.022217129797841288,0.3863655905094147,0.4871460341272302,-0.5102972692590358,-0.10349796159998682,-0.8818013403807636,0.0,0.0,0.0,0.0,0.0,0.0,0.0,0.04399999976158142
679219.018061077,225,0.022222222222222223,0.03849252685904503,0.03707309439778328,0.3658844530582428,0.5208507776260376,-0.5980560779571533,-0.08497997373342514,-0.8113793730735779,0.01064714493455362,0.02470844197622288,0.3844930989209917,0.49221311574471904,-0.5159641215405689,-0.10296365471229622,-0.8770615636954131,0.0,0.0,0.0,0.0,0.0,0.0,0.0,0.04399999976158142
679219.040353778,226,0.022222222222222223,0.04144896939396858,0.037628818303346634,0.36380672454833984,0.5246074199676514,-0.605597198009491,-0.08518345654010773,-0.8026853203773499,0.013656757082212347,0.027056530698897557,0.38261876213610563,0.4970177613091929,-0.5218298092731433,-0.10253866153140567,-0.8717237347980593,0.0,0.0,0.0,0.0,0.0,0.0,0.0,0.04399999976158142
679219.062423998,227,0.022222222222222223,0.04604049772024155,0.03879587724804878,0.36153966188430786,0.5267919301986694,-0.6127007603645325,-0.08421485126018524,-0.795677125453949,0.020743889518858527,0.03114787929090623,0.37915442624508616,0.5055351009247909,-0.5332968981366296,-0.10187009621538275,-0.8606735903549108,0.0,0.0,0.0,0.0,0.0,0.0,0.0,0.04399999976158142
679219.0850781,228,0.022222222222222223,0.04945042356848717,0.039633408188819885,0.35971421003341675,0.5286546349525452,-0.6196584105491638,-0.08364839851856232,-0.7891969680786133,0.020743889518858527,0.03114787929090623,0.37915442624508616,0.5055351009247909,-0.5332968981366296,-0.10187009621538275,-0.8606735903549108,0.0,0.0,0.0,0.0,0.0,0.0,0.0,0.04399999976158142
679219.10698803,229,0.022222222222222223,0.05291524901986122,0.0400577150285244,0.36025893688201904,0.5281981229782104,-0.6239362955093384,-0.08338532596826553,-0.7815534472465515,0.02841408106724204,0.03429895862553482,0.3757612617502516,0.5119155787276423,-0.5446068089447655,-0.10112162518582773,-0.8498681379224662,0.0,0.0,0.0,0.0,0.0,0.0,0.0,0.04399999976158142
679219.129135437,230,0.022222222222222223,0.05414634570479393,0.03888712823390961,0.3622257709503174,0.5270205140113831,-0.6268478631973267,-0.08428986370563507,-0.7732038497924805,0.032362293088046945,0.035551591928561097,0.3744767091617234,0.514367689178915,-0.5501886873828853,-0.1007366929133448,-0.8441912277582905,0.0,0.0,0.0,0.0,0.0,0.0,0.0,0.04399999976158142
679219.151513058,231,0.022222222222222223,0.05506513640284538,0.038010016083717346,0.36418619751930237,0.5254077911376953,-0.6291303634643555,-0.08555896580219269,-0.7660093307495117,0.036279541059731794,0.0365604315943557,0.373812931518556,0.5161492535881895,-0.5554911645268455,-0.10046096201046312,-0.8382423647589378,0.0,0.0,0.0,0.0,0.0,0.0,0.0,0.04399999976158142
679219.173628349,232,0.022222222222222223,0.055047016590833664,0.03892648220062256,0.3639434576034546,0.523335874080658,-0.633108913898468,-0.08677726984024048,-0.7600067257881165,0.040039749063618894,0.03728505659785204,0.37365369161676165,0.5172132251752157,-0.560475061355436,-0.10034278106590647,-0.832130014808702,0.0,0.0,0.0,0.0,0.0,0.0,0.0,0.04399999976158142
679219.19582302,233,0.022222222222222223,0.054574351757764816,0.03466108813881874,0.3700765073299408,0.5215488076210022,-0.6281024217605591,-0.0877174586057663,-0.7579805850982666,0.04352182628674987,0.03775841506708825,0.3734850952493738,0.5175765511836262,-0.5653475110796562,-0.10033661847274523,-0.8259994256072023,0.0,0.0,0.0,0.0,0.0,0.0,0.0,0.04399999976158142
679219.218167509,234,0.022222222222222223,0.05380081385374069,0.030462294816970825,0.37566298246383667,0.5189069509506226,-0.6234365105628967,-0.09006616473197937,-0.7563521862030029,0.046612767304566066,0.03792736826750209,0.3734850952493738,0.517579298670279,-0.5691974244149403,-0.10033661847274523,-0.8202149775501765,0.0,0.0,0.0,0.0,0.0,0.0,0.0,0.04399999976158142
679219.240324507,235,0.022222222222222223,0.04788157343864441,0.03175870329141617,0.37214523553848267,0.5162195563316345,-0.6294370293617249,-0.09275036305189133,-0.7517410516738892,0.04922538679476095,0.037820051364238015,0.3734850952493738,0.517579298670279,-0.5721430115860117,-0.10033661847274523,-0.8148696966810887,0.0,0.0,0.0,0.0,0.0,0.0,0.0,0.04399999976158142
679219.262563608,236,0.022222222222222223,0.04151594266295433,0.03128097578883171,0.3698493540287018,0.5136003494262695,-0.6341034770011902,-0.09512757509946823,-0.7483766078948975,0.05117898126213043,0.03757376863594849,0.3734850952493738,0.517579298670279,-0.5753824831365955,-0.10033661847274523,-0.8096778748344136,0.0,0.0,0.0,0.0,0.0,0.0,0.0,0.04399999976158142
679219.284677206,237,0.022222222222222223,0.037896618247032166,0.025528226047754288,0.37684303522109985,0.5122820734977722,-0.6276588439941406,-0.09834513068199158,-0.7481878995895386,0.05283461245512642,0.036892828095521725,0.3734850952493738,0.517579298670279,-0.5813809196347745,-0.10033661847274523,-0.8004258565643518,0.0,0.0,0.0,0.0,0.0,0.0,0.0,0.04399999976158142
679219.306906422,238,0.022222222222222223,0.03613288328051567,0.020024435594677925,0.38464176654815674,0.5094981789588928,-0.6212142705917358,-0.10363481938838959,-0.7450013756752014,0.05255778356454293,0.0363502156912676,0.3734850952493738,0.517579298670279,-0.5834870167573645,-0.10033661847274523,-0.7963070330204137,0.0,0.0,0.0,0.0,0.0,0.0,0.0,0.04399999976158142
679219.329173389,239,0.022222222222222223,0.03642866015434265,0.013873232528567314,0.3918995261192322,0.505687415599823,-0.6147696375846863,-0.10855430364608765,-0.7431213855743408,0.051762929050259004,0.03543324017942397,0.3739254413534152,0.517538011488525,-0.584686054852529,-0.10033661847274523,-0.7923622347144409,0.0,0.0,0.0,0.0,0.0,0.0,0.0,0.04399999976158142
679219.351423041,240,0.022222222222222223,0.037743158638477325,0.008050607517361641,0.398303359746933,0.5025085210800171,-0.6083250641822815,-0.11255387216806412,-0.7446500062942505,0.050570671388068554,0.0339945596809767,0.37566148696533064,0.5171509882002161,-0.5850742491519744,-0.10033661847274523,-0.7886105576400986,0.0,0.0,0.0,0.0,0.0,0.0,0.0,0.04399999976158142
679219.373593311,241,0.022222222222222223,0.03997015953063965,0.007627289276570082,0.3980720639228821,0.49661725759506226,-0.6089667081832886,-0.11345179378986359,-0.7474562525749207,0.0491634497684837,0.03193791900659125,0.3782975371625987,0.516203934452534,-0.5850742491519744,-0.10033661847274523,-0.7853467067528518,0.0,0.0,0.0,0.0,0.0,0.0,0.0,0.04399999976158142
679219.395839838,242,0.022222222222222223,0.037677060812711716,0.009272696450352669,0.3985581696033478,0.4913679361343384,-0.608501136302948,-0.1135907992720604,-0.7519781589508057,0.04773825341324118,0.029359242008795406,0.3804024922673582,0.5145020842480531,-0.5850742491519744,-0.10033661847274523,-0.7827081905303492,0.0,0.0,0.0,0.0,0.0,0.0,0.0,0.04399999976158142
679219.418223021,243,0.022222222222222223,0.034711189568042755,0.0064360760152339935,0.405027836561203,0.48652184009552,-0.6010029911994934,-0.11511188000440598,-0.7566689848899841,0.04635624005483623,0.026526039879094375,0.3821940336531496,0.5119661503707387,-0.5850742491519744,-0.10033661847274523,-0.7808035059460533,0.0,0.0,0.0,0.0,0.0,0.0,0.0,0.04399999976158142
679219.440406357,244,0.022222222222222223,0.03336869925260544,0.0028471965342760086,0.4112602770328522,0.4818948209285736,-0.5935049057006836,-0.11719069629907608,-0.761728823184967,0.0449486423326449,0.02359125049848085,0.38486678340335023,0.5087450762036465,-0.5850742491519744,-0.10038993212218547,-0.7796095351073319,0.0,0.0,0.0,0.0,0.0,0.0,0.0,0.04399999976158142
679219.462768245,245,0.022222222222222223,0.030185585841536522,0.0048505160957574844,0.4086329936981201,0.47615110874176025,-0.5968955755233765,-0.11939075589179993,-0.7633947730064392,0.04202800623967829,0.017525745398660475,0.3909558471346053,0.5013655549561927,-0.5850742491519744,-0.10088887071115568,-0.7787427707279206,0.0,0.0,0.0,0.0,0.0,0.0,0.0,0.04399999976158142
679219.484640157,246,0.022222222222222223,0.02700808085501194,0.005939989350736141,0.40680208802223206,0.4709303379058838,-0.5996190309524536,-0.12099584937095642,-0.7663141489028931,0.0405542918240431,0.014672969520697063,0.3926648519049384,0.4977538756479183,-0.5850742491519744,-0.10130634526921971,-0.7785796560026572,0.0,0.0,0.0,0.0,0.0,0.0,0.0,0.04399999976158142
679219.506892492,247,0.022222222222222223,0.024452002719044685,0.0019038423197343946,0.41467392444610596,0.4673708379268646,-0.5912314057350159,-0.12436536699533463,-0.7705594301223755,0.03899125111636533,0.012167529118049792,0.3936908679293015,0.49391745185294933,-0.5850742491519744,-0.10186717723259413,-0.7785757675902086,0.0,0.0,0.0,0.0,0.0,0.0,0.0,0.04399999976158142
679219.529102993,248,0.022222222222222223,0.021596232429146767,-0.0029388992115855217,0.42295756936073303,0.46361303329467773,-0.5828438401222229,-0.13026633858680725,-0.7719205617904663,0.03729892346207658,0.009972140384761826,0.3960035389770021,0.48993175691639584,-0.5850742491519744,-0.1026871985502003,-0.7785757675902086,0.0,0.0,0.0,0.0,0.0,0.0,0.0,0.04399999976158142
679219.551342577,249,0.022222222222222223,0.022206095978617668,-0.005641093477606773,0.42593148350715637,0.4582332670688629,-0.5797758102416992,-0.13361632823944092,-0.7753108143806458,0.03545812102837308,0.00791233829648634,0.3994629121319001,0.4859260217332268,-0.5850742491519744,-0.10399169267039225,-0.7785757675902086,0.0,0.0,0.0,0.0,0.0,0.0,0.0,0.04399999976158142
679219.57352169,250,0.022222222222222223,0.022238604724407196,-0.004398958757519722,0.4240470826625824,0.45329490303993225,-0.5818806886672974,-0.13504339754581451,-0.7803821563720703,0.03354090197839186,0.005881958954050309,0.40284509282300346,0.48181581526698253,-0.5850742491519744,-0.1055840580893738,-0.7785757675902086,0.0,0.0,0.0,0.0,0.0,0.0,0.0,0.04399999976158142
679219.595805372,251,0.022222222222222223,0.01974044181406498,-0.0031858670990914106,0.4226585030555725,0.4500776529312134,-0.5839855074882507,-0.13716661930084229,-0.7839542031288147,0.03166740419178157,0.003941810306892977,0.40522951075344266,0.47752442279280316,-0.5850742491519744,-0.10721076664992754,-0.7785757675902086,0.0,0.0,0.0,0.0,0.0,0.0,0.0,0.04399999976158142
679219.61803116,252,0.022222222222222223,0.01875285431742668,-0.0038435342721641064,0.42634862661361694,0.4453394114971161,-0.580595850944519,-0.13971538841724396,-0.7874775528907776,0.029853538089496028,0.002219595624394156,0.40688704120289415,0.4732071819095347,-0.5850742491519744,-0.10887441969530069,-0.7785757675902086,0.0,0.0,0.0,0.0,0.0,0.0,0.0,0.04399999976158142
679219.640244164,253,0.022222222222222223,0.014157445169985294,-0.006470993161201477,0.431140273809433,0.44135957956314087,-0.5748415589332581,-0.141567662358284,-0.793636679649353,0.028092007971524974,0.000757247248484939,0.40891991173991893,0.4689072321145601,-0.5850742491519744,-0.1106226503278568,-0.7785757675902086,0.0,0.0,0.0,0.0,0.0,0.0,0.0,0.04399999976158142
679219.662728569,254,0.022222222222222223,0.010456027463078499,-0.006438922602683306,0.4327205717563629,0.435896635055542,-0.5731202363967896,-0.14323420822620392,-0.7977508306503296,0.024515441261345222,-0.0016348936415064516,0.4135621445816701,0.4606884491048617,-0.5850742491519744,-0.11403387394597497,-0.7787281851563683,0.0,0.0,0.0,0.0,0.0,0.0,0.0,0.04399999976158142
679219.684637803,255,0.022222222222222223,0.007226964924484491,-0.007056897971779108,0.434944748878479,0.4307849407196045,-0.5713988542556763,-0.14575864374637604,-0.800381600856781,0.022684158097892117,-0.002584653823720762,0.41554314437889267,0.4570109800715574,-0.5850742491519744,-0.11562840046663501,-0.7791465808430114,0.0,0.0,0.0,0.0,0.0,0.0,0.0,0.04399999976158142
679219.706890033,256,0.022222222222222223,0.005738536361604929,-0.007366500329226255,0.4373377859592438,0.4252622127532959,-0.5696775317192078,-0.14879895746707916,-0.8024942278862,0.020754556268152192,-0.0033718477498937208,0.4175689392298577,0.4532224146493633,-0.5850742491519744,-0.11730033820210227,-0.7798398440118354,0.0,0.0,0.0,0.0,0.0,0.0,0.0,0.04399999976158142
679219.729844853,257,0.022222222222222223,0.004181165713816881,-0.007539368234574795,0.4395667016506195,0.4200969636440277,-0.5679561495780945,-0.1518329679965973,-0.8049095869064331,0.01873128750397002,-0.0040167811246727666,0.41966482522153403,0.449174332987705,-0.5850742491519744,-0.11910684005107855,-0.78070070088789,0.0,0.0,0.0,0.0,0.0,0.0,0.0,0.04399999976158142
679219.751353396,258,0.022222222222222223,0.003528096480295062,-0.008042409084737301,0.4411517083644867,0.41600555181503296,-0.566234827041626,-0.15347573161125183,-0.809586763381958,0.016658207451047437,-0.004531822380022594,0.4217867858077827,0.44484576336412224,-0.5850742491519744,-0.12104659004332699,-0.7817230188143881,0.0,0.0,0.0,0.0,0.0,0.0,0.0,0.04399999976158142
679219.773523408,259,0.022222222222222223,0.003384045325219631,-0.008176429197192192,0.4423119127750397,0.41252249479293823,-0.5645134449005127,-0.1535128802061081,-0.8158033490180969,0.014592914871481929,-0.004937964037554826,0.42380747120983914,0.4403722600919344,-0.5850742491519744,-0.12299070903393608,-0.7830857002154206,0.0,0.0,0.0,0.0,0.0,0.0,0.0,0.04399999976158142
679219.795803405,260,0.022222222222222223,0.0030739197973161936,-0.008296040818095207,0.44336822628974915,0.41000601649284363,-0.5627921223640442,-0.15318059921264648,-0.822277307510376,0.012612180388137063,-0.005254548597322128,0.42566401547811916,0.4359391186467927,-0.5850742491519744,-0.12477075457086799,-0.7849358140906857,0.0,0.0,0.0,0.0,0.0,0.0,0.0,0.04399999976158142
679219.81874723,261,0.022222222222222223,0.003312485059723258,-0.008682589046657085,0.44446349143981934,0.40805670619010925,-0.5610707402229309,-0.15170320868492126,-0.8294108510017395,0.010778740945749361,-0.005492484772907985,0.4273670266019785,0.4317296678556549,-0.5850742491519744,-0.12633199572011627,-0.7872805509454467,0.0,0.0,0.0,0.0,0.0,0.0,0.0,0.04399999976158142
679219.84033203,262,0.022222222222222223,0.0037547664251178503,-0.008489326573908329,0.4453981816768646,0.4068775475025177,-0.5593494176864624,-0.14945223927497864,-0.8371172547340393,0.009144749722330847,-0.005670301713088684,0.4289530766873984,0.4278895700980128,-0.5850742491519744,-0.12759336197046633,-0.7901284774633048,0.0,0.0,0.0,0.0,0.0,0.0,0.0,0.04399999976158142
679219.862415397,263,0.022222222222222223,0.004358078818768263,-0.0070998286828398705,0.4445990324020386,0.4065214693546295,-0.559623658657074,-0.14446571469306946,-0.8465964794158936,0.006639445605116228,-0.005872449316135503,0.4315975935777564,0.42174577308943384,-0.5850742491519744,-0.12923806943002275,-0.79667601152345,0.0,0.0,0.0,0.0,0.0,0.0,0.0,0.04399999976158142
679219.884643419,264,0.022222222222222223,0.004417675081640482,-0.003690982237458229,0.44235458970069885,0.4064875841140747,-0.5628141164779663,-0.13969901204109192,-0.8540251851081848,0.005795817345584859,-0.005884594769700539,0.43240210988364247,0.41956453784071873,-0.5850742491519744,-0.12948904565072322,-0.8003143616923211,0.0,0.0,0.0,0.0,0.0,0.0,0.0,0.04399999976158142
679219.906890889,265,0.022222222222222223,0.0021857968531548977,-0.0008578728884458542,0.44079965353012085,0.4072189927101135,-0.5660045146942139,-0.13722766935825348,-0.8580322265625,0.005220652299562563,-0.005884594769700539,0.4326248395955807,0.41790615575704876,-0.5850742491519744,-0.12949063200584074,-0.8044102973899607,0.0,0.0,0.0,0.0,0.0,0.0,0.0,0.04399999976158142
679219.929200552,266,0.022222222222222223,-0.0009188747499138117,0.0012829776387661695,0.4397517442703247,0.40835827589035034,-0.5691949725151062,-0.13607463240623474,-0.8599532842636108,0.004827038353615935,-0.005838247978711594,0.4326248395955807,0.41674838186663665,-0.5850742491519744,-0.12949063200584074,-0.8085824327939873,0.0,0.0,0.0,0.0,0.0,0.0,0.0,0.04399999976158142
679219.951346194,267,0.022222222222222223,-0.0045587457716465,0.0027421903796494007,0.4393121898174286,0.4096130430698395,-0.5723853707313538,-0.1367306262254715,-0.8593953251838684,0.004467497550948329,-0.00566435546958589,0.4326248395955807,0.41608938242800564,-0.5850742491519744,-0.12949063200584074,-0.8125637652942077,0.0,0.0,0.0,0.0,0.0,0.0,0.0,0.04399999976158142
679219.973534074,268,0.022222222222222223,-0.00961807556450367,0.004320834763348103,0.4403919577598572,0.409988135099411,-0.5746146440505981,-0.14024150371551514,-0.8537957072257996,0.003993288786057176,-0.005316432123219354,0.4326248395955807,0.4158925906721211,-0.5850742491519744,-0.12949063200584074,-0.8161150714528455,0.0,0.0,0.0,0.0,0.0,0.0,0.0,0.04399999976158142
679219.995847589,269,0.022222222222222223,-0.015493422746658325,0.0033536995761096478,0.4426649510860443,0.41005703806877136,-0.5757164359092712,-0.1460592895746231,-0.844565749168396,0.0032468164756066474,-0.0047781207453641335,0.4326248395955807,0.4158924539978292,-0.5850742491519744,-0.12949063200584074,-0.818799657504497,0.0,0.0,0.0,0.0,0.0,0.0,0.0,0.04399999976158142
679220.01800268,270,0.022222222222222223,-0.01563604362308979,-0.0034260996617376804,0.45193514227867126,0.4105227589607239,-0.5674538612365723,-0.1499766856431961,-0.8425289988517761,0.002066901761844614,-0.004106627551164492,0.432853914660628,0.4158924539978292,-0.5850742491519744,-0.12969164512797807,-0.8202838587961425,0.0,0.0,0.0,0.0,0.0,0.0,0.0,0.04399999976158142
679220.040397684,271,0.022222222222222223,-0.01250872015953064,-0.010114490985870361,0.4596768319606781,0.4100065231323242,-0.5605968236923218,-0.15397952497005463,-0.8415172100067139,0.00047369453549755367,-0.003553104592758189,0.4347966976970787,0.4158924539978292,-0.5850742491519744,-0.13025613032439418,-0.8212092931558963,0.0,0.0,0.0,0.0,0.0,0.0,0.0,0.04399999976158142
679220.062446992,272,0.022222222222222223,-0.007220762316137552,-0.010700960643589497,0.4575595259666443,0.4076307415962219,-0.5642750263214111,-0.15471026301383972,-0.8411365151405334,-0.0012923702467972247,-0.003417093019180308,0.4378589998272767,0.4158924539978292,-0.5850742491519744,-0.1311911184456436,-0.8218955040333552,0.0,0.0,0.0,0.0,0.0,0.0,0.0,0.04399999976158142
679220.084637188,273,0.022222222222222223,-0.0026999611873179674,-0.009446151554584503,0.4549148976802826,0.40739867091178894,-0.5664820671081543,-0.14912083745002747,-0.8485227823257446,-0.004568962575525446,-0.0038172319109899865,0.44197247024034064,0.41583670364564657,-0.5850742491519744,-0.13302937497779216,-0.8229716151412235,0.0,0.0,0.0,0.0,0.0,0.0,0.0,0.04399999976158142
679220.10689127,274,0.022222222222222223,-0.000588280032388866,-0.0066610416397452354,0.45241856575012207,0.4079344570636749,-0.5686891674995422,-0.1433248221874237,-0.8555392026901245,-0.005620729922645809,-0.004171137463120566,0.44277125090938185,0.4157076224803685,-0.5850742491519744,-0.13338961661366727,-0.8240175080882589,0.0,0.0,0.0,0.0,0.0,0.0,0.0,0.04399999976158142
679220.129089883,275,0.022222222222222223,-8.363408414879814e-05,-0.003910153638571501,0.45028311014175415,0.4087899625301361,-0.5708962082862854,-0.13816268742084503,-0.8610886931419373,-0.006103851755210833,-0.004475223504507292,0.4429360765687655,0.41559543312973507,-0.5850742491519744,-0.13339542960874876,-0.8257166588810718,0.0,0.0,0.0,0.0,0.0,0.0,0.0,0.04399999976158142
679220.151340319,276,0.022222222222222223,-0.00046266798744909465,-0.001612965832464397,0.4485771656036377,0.4101838171482086,-0.5731033086776733,-0.13354089856147766,-0.8658003807067871,-0.006120960578638281,-0.004597330527548642,0.4429360765687655,0.4155803428996117,-0.5850742491519744,-0.13339542960874876,-0.8278701786649213,0.0,0.0,0.0,0.0,0.0,0.0,0.0,0.04399999976158142
679220.173542351,277,0.022222222222222223,-0.002157482085749507,0.0005475113866850734,0.44731050729751587,0.4123562276363373,-0.5753103494644165,-0.1295708268880844,-0.869504451751709,-0.005989056353985111,-0.004597428560512836,0.4429360765687655,0.4155803428996117,-0.5850742491519744,-0.13339542960874876,-0.8303228485980718,0.0,0.0,0.0,0.0,0.0,0.0,0.0,0.04399999976158142
679220.195750665,278,0.022222222222222223,-0.004107800778001547,0.0033024288713932037,0.4462040364742279,0.41435858607292175,-0.5775174498558044,-0.1258307546377182,-0.8720380067825317,-0.005818991297099119,-0.00454812576890268,0.4429360765687655,0.4155803428996117,-0.5850742491519744,-0.13339542960874876,-0.8329367655884357,0.0,0.0,0.0,0.0,0.0,0.0,0.0,0.04399999976158142
679220.218013697,279,0.022222222222222223,-0.0067167398519814014,0.005351048428565264,0.4455934464931488,0.416138231754303,-0.5797244906425476,-0.12383919954299927,-0.8720998167991638,-0.005712424339061267,-0.004351202084331448,0.4429360765687655,0.4155803428996117,-0.5850742491519744,-0.13339542960874876,-0.8355715220206746,0.0,0.0,0.0,0.0,0.0,0.0,0.0,0.04399999976158142
679220.241400543,280,0.022222222222222223,-0.00954251829534769,0.007260853890329599,0.4452493190765381,0.41747552156448364,-0.5819315910339355,-0.12324521690607071,-0.8699960708618164,-0.005706415553219414,-0.003937668783045341,0.4429360765687655,0.4155803428996117,-0.5850742491519744,-0.13339542960874876,-0.8379889874875696,0.0,0.0,0.0,0.0,0.0,0.0,0.0,0.04399999976158142
679220.262566958,281,0.022222222222222223,-0.012371402233839035,0.00800266396254301,0.4453149139881134,0.4185367822647095,-0.5841386318206787,-0.12450774013996124,-0.8657854199409485,-0.005706415553219414,-0.0033303647762465134,0.4429360765687655,0.4155803428996117,-0.5850742491519744,-0.13339542960874876,-0.8401468771328526,0.0,0.0,0.0,0.0,0.0,0.0,0.0,0.04399999976158142
679220.284627953,282,0.022222222222222223,-0.014982503838837147,0.008290820755064487,0.44602251052856445,0.41861221194267273,-0.5862910151481628,-0.12825287878513336,-0.8574869632720947,-0.005836649257022741,-0.0016185789840707293,0.4429360765687655,0.4155803428996117,-0.5850742491519744,-0.13339542960874876,-0.843048918929075,0.0,0.0,0.0,0.0,0.0,0.0,0.0,0.04399999976158142
679220.306886363,283,0.022222222222222223,-0.017645858228206635,0.0063761561177670956,0.4472964107990265,0.4190003275871277,-0.588279128074646,-0.13453228771686554,-0.8461430072784424,-0.0061470296779714915,-0.0005830020221633253,0.4429360765687655,0.4155803428996117,-0.5850742491519744,-0.13339542960874876,-0.8432799540489351,0.0,0.0,0.0,0.0,0.0,0.0,0.0,0.04399999976158142
679220.329138113,284,0.022222222222222223,-0.014671008102595806,-0.0004127060528844595,0.4548710882663727,0.41931647062301636,-0.5818867087364197,-0.13891944289207458,-0.8417634963989258,-0.006719173929337711,0.0004417390626605917,0.4429360765687655,0.4155803428996117,-0.5850742491519744,-0.13339542960874876,-0.8432799540489351,0.0,0.0,0.0,0.0,0.0,0.0,0.0,0.04399999976158142
679220.351354764,285,0.022222222222222223,-0.009261257946491241,-0.006023817230015993,0.4600968658924103,0.4188444912433624,-0.5778517723083496,-0.14307470619678497,-0.8389662504196167,-0.0074518830676650665,0.001199124540225354,0.44352369717035356,0.4155803428996117,-0.5850742491519744,-0.13339542960874876,-0.8432799540489351,0.0,0.0,0.0,0.0,0.0,0.0,0.0,0.04399999976158142
679220.373613928,286,0.022222222222222223,-0.004052475094795227,-0.0054074423387646675,0.4553219974040985,0.4178980886936188,-0.5843738913536072,-0.143712118268013,-0.8375913500785828,-0.00807622741498673,0.0014288743137882093,0.4449965852083436,0.4155803428996117,-0.5850742491519744,-0.13339542960874876,-0.8432799540489351,0.0,0.0,0.0,0.0,0.0,0.0,0.0,0.04399999976158142
679220.395878114,287,0.022222222222222223,0.0013673275243490934,-0.003658268367871642,0.4505031704902649,0.41840893030166626,-0.5899734497070312,-0.13915488123893738,-0.8421564698219299,-0.008340100965934915,0.001318940977748104,0.44529870495089807,0.4155803428996117,-0.5850742491519744,-0.13339542960874876,-0.8432799540489351,0.0,0.0,0.0,0.0,0.0,0.0,0.0,0.04399999976158142
679220.418243821,288,0.022222222222222223,0.004014693200588226,-0.0008779563941061497,0.4465135633945465,0.41972050070762634,-0.5955730676651001,-0.13585616648197174,-0.8449141979217529,-0.008203266413974942,0.001111375633392231,0.44529870495089807,0.4155803428996117,-0.5850742491519744,-0.13339542960874876,-0.8432799540489351,0.0,0.0,0.0,0.0,0.0,0.0,0.0,0.04399999976158142
679220.440346697,289,0.022222222222222223,0.0044931769371032715,0.002042972482740879,0.4429963529109955,0.4215836822986603,-0.6011726260185242,-0.13336913287639618,-0.8463590741157532,-0.007732280029353556,0.0009447485826162806,0.44529870495089807,0.4155803428996117,-0.5850742491519744,-0.13339542960874876,-0.8432799540489351,0.0,0.0,0.0,0.0,0.0,0.0,0.0,0.04399999976158142
679220.46259074,290,0.022222222222222223,0.004057729616761208,0.0051251547411084175,0.44004666805267334,0.4234744608402252,-0.606772243976593,-0.13145042955875397,-0.8464086651802063,-0.005961986518607026,0.0009195216209598138,0.44529870495089807,0.4155803428996117,-0.5850742491519744,-0.13339542960874876,-0.8432799540489351,0.0,0.0,0.0,0.0,0.0,0.0,0.0,0.04399999976158142
679220.484759705,291,0.022222222222222223,0.0026689302176237106,0.008167515508830547,0.43778520822525024,0.4252530038356781,-0.6123718023300171,-0.13070668280124664,-0.844404935836792,-0.004860626707095259,0.0009453373800076488,0.44529870495089807,0.4156066536253542,-0.5850742491519744,-0.13339542960874876,-0.8432799540489351,0.0,0.0,0.0,0.0,0.0,0.0,0.0,0.04399999976158142
679220.506889251,292,0.022222222222222223,-0.0017060951795428991,0.011027876287698746,0.4372451901435852,0.4274013936519623,-0.6171829700469971,-0.13188593089580536,-0.8382661938667297,-0.003769392968516005,0.0010884533226665591,0.44529870495089807,0.415801239173896,-0.5851466779762058,-0.13339542960874876,-0.8432799540489351,0.0,0.0,0.0,0.0,0.0,0.0,0.0,0.04399999976158142
679220.529260158,293,0.022222222222222223,-0.006977859418839216,0.012284836731851101,0.43838828802108765,0.42923855781555176,-0.6205939054489136,-0.13423454761505127,-0.8292039036750793,-0.002876151802178854,0.0014535740497585786,0.44529870495089807,0.41631141870091176,-0.5857101646196402,-0.13339542960874876,-0.8432799540489351,0.0,0.0,0.0,0.0,0.0,0.0,0.0,0.04399999976158142
679220.551444226,294,0.022222222222222223,-0.007422397844493389,0.006581196561455727,0.4476524889469147,0.4314230978488922,-0.6129100918769836,-0.1354459524154663,-0.8271819353103638,-0.002404984378352,0.0020679020570427966,0.44529870495089807,0.4171514551263683,-0.5865796722777565,-0.13339542960874876,-0.8432799540489351,0.0,0.0,0.0,0.0,0.0,0.0,0.0,0.04399999976158142
679220.573609953,295,0.022222222222222223,-0.005259313154965639,-9.261287050321698e-05,0.4563843607902527,0.4327235221862793,-0.6052317023277283,-0.13733604550361633,-0.8262667655944824,-0.002365808425749804,0.0027323080492026607,0.44529870495089807,0.41829268951833276,-0.5865987386218632,-0.13339542960874876,-0.8431232888290006,0.0,0.0,0.0,0.0,0.0,0.0,0.0,0.04399999976158142
679220.595809946,296,0.022222222222222223,-0.003588713239878416,-0.0006071852403692901,0.4555451273918152,0.43206894397735596,-0.6086644530296326,-0.1392805278301239,-0.8221968412399292,-0.0023999046029313464,0.0031145936760421187,0.4457256137900604,0.41963083944548096,-0.5865987386218632,-0.13339542960874876,-0.842861504438252,0.0,0.0,0.0,0.0,0.0,0.0,0.0,0.04399999976158142
679220.618061853,297,0.022222222222222223,-0.0016583771212026477,-0.00025352637749165297,0.45369505882263184,0.4316491484642029,-0.6120971441268921,-0.13881884515285492,-0.821198046207428,-0.0024019222964166247,0.0031500274909442264,0.44591850862032767,0.42088937049155895,-0.5865987386218632,-0.13339542960874876,-0.8422642786599785,0.0,0.0,0.0,0.0,0.0,0.0,0.0,0.04399999976158142
679220.640265695,298,0.022222222222222223,-0.0004196570662315935,0.000823420297820121,0.4517238140106201,0.431231826543808,-0.6155298948287964,-0.1379707306623459,-0.8207818269729614,-0.0024019222964166247,0.0031314083797812134,0.44591850862032767,0.42187284195169045,-0.5865987386218632,-0.13339542960874876,-0.8415488185931997,0.0,0.0,0.0,0.0,0.0,0.0,0.0,0.04399999976158142
679220.662654173,299,0.022222222222222223,2.2395106498152018e-05,0.0017711124382913113,0.44996848702430725,0.43099716305732727,-0.6189625859260559,-0.13735558092594147,-0.819940447807312,-0.0024019222964166247,0.0031269250573974583,0.44591850862032767,0.42298521248592447,-0.587061969264404,-0.13339542960874876,-0.8402161339635238,0.0,0.0,0.0,0.0,0.0,0.0,0.0,0.04399999976158142
679220.684649326,300,0.022222222222222223,0.0019006809452548623,0.0033733570016920567,0.4481988847255707,0.4310360848903656,-0.6223953366279602,-0.13673976063728333,-0.8206896781921387,-0.0024019222964166247,0.0031269250573974583,0.44591850862032767,0.4232403805126538,-0.5876149642449497,-0.13339542960874876,-0.8395805260074057,0.0,0.0,0.0,0.0,0.0,0.0,0.0,0.04399999976158142
679220.706839427,301,0.022222222222222223,0.007367496378719807,0.005583626683801413,0.44465839862823486,0.43348565697669983,-0.626749575138092,-0.13154387474060059,-0.8292298316955566,-0.0023737098025182774,0.0031269250573974583,0.44591850862032767,0.4233759253403221,-0.5884734447997818,-0.13339542960874876,-0.8390561471480685,0.0,0.0,0.0,0.0,0.0,0.0,0.0,0.04399999976158142
679220.729126646,302,0.022222222222222223,0.014893581159412861,0.009168524295091629,0.4404304623603821,0.4371303617954254,-0.6325835585594177,-0.12559735774993896,-0.8392204642295837,-0.0021638760624250516,0.0031269250573974583,0.44591850862032767,0.42364149739970036,-0.5897001492366014,-0.13339542960874876,-0.8390274268935723,0.0,0.0,0.0,0.0,0.0,0.0,0.0,0.04399999976158142
679220.755350234,303,0.022222222222222223,0.017022183164954185,0.01614779606461525,0.4314311444759369,0.4410634934902191,-0.6467217803001404,-0.12530656158924103,-0.8390535116195679,-0.0015162139830967771,0.0031986484951125158,0.44591850862032767,0.4243545719510253,-0.5914114084226652,-0.13339542960874876,-0.8390274268935723,0.0,0.0,0.0,0.0,0.0,0.0,0.0,0.04399999976158142
679220.77362215,304,0.022222222222222223,0.016060711815953255,0.021795732900500298,0.4247393310070038,0.4463357627391815,-0.6583491563796997,-0.1250646859407425,-0.837108314037323,-0.0003417947208068421,0.0035594264369084245,0.44484794196489286,0.4256767539945992,-0.594417425699037,-0.13339542960874876,-0.8390274268935723,0.0,0.0,0.0,0.0,0.0,0.0,0.0,0.04399999976158142
679220.795898929,305,0.022222222222222223,0.018065378069877625,0.02665383741259575,0.42126768827438354,0.4538085162639618,-0.6657418012619019,-0.11999339610338211,-0.840302050113678,0.001210405402595163,0.004420681811367106,0.44269980120060554,0.42771586932724226,-0.5983451057242446,-0.13339542960874876,-0.8390274268935723,0.0,0.0,0.0,0.0,0.0,0.0,0.0,0.04399999976158142
679220.818274731,306,0.022222222222222223,0.021216366440057755,0.03359745442867279,0.4157046973705292,0.4601115584373474,-0.6784601807594299,-0.11601947993040085,-0.8357099294662476,0.00301404691039994,0.005875282062483557,0.44028742137278437,0.43067063068584027,-0.6026523342689585,-0.13339542960874876,-0.8390274268935723,0.0,0.0,0.0,0.0,0.0,0.0,0.0,0.04399999976158142
679220.84035388,307,0.022222222222222223,0.02042602375149727,0.03792356699705124,0.41156354546546936,0.4675206243991852,-0.6894243955612183,-0.11380459368228912,-0.8282235264778137,0.005051646031203121,0.008002996409965988,0.4372756755499866,0.43452903520542135,-0.6078367504935119,-0.13312792999036224,-0.8390274268935723,0.0,0.0,0.0,0.0,0.0,0.0,0.0,0.04399999976158142
679220.862545465,308,0.022222222222222223,0.02267446182668209,0.039754536002874374,0.41029730439186096,0.47453629970550537,-0.6957735419273376,-0.10882765799760818,-0.8247354030609131,0.009385819601829376,0.014120452559773096,0.43141828447302305,0.4439571086446762,-0.618857252648004,-0.13211522279588672,-0.8390274268935723,0.0,0.0,0.0,0.0,0.0,0.0,0.0,0.04399999976158142
679220.884683231,309,0.022222222222222223,0.024922898039221764,0.042189307510852814,0.4080635905265808,0.48090827465057373,-0.7046812176704407,-0.10554856806993484,-0.8178690671920776,0.011492435009156669,0.017703997289569895,0.4290590180299556,0.4486878677955282,-0.6241772767641336,-0.13125068514443444,-0.8390219359399389,0.0,0.0,0.0,0.0,0.0,0.0,0.0,0.04399999976158142
679220.90691873,310,0.022222222222222223,0.025921303778886795,0.042265258729457855,0.40875446796417236,0.4874758720397949,-0.7099056243896484,-0.10332844406366348,-0.8106487393379211,0.013563399371947548,0.021437001394677455,0.42672683058170635,0.453661514163738,-0.6298706403465093,-0.13008218808041022,-0.8384406858214815,0.0,0.0,0.0,0.0,0.0,0.0,0.0,0.04399999976158142
679220.929190148,311,0.022222222222222223,0.028833268210291862,0.04263775050640106,0.40893128514289856,0.4921635091304779,-0.7151301503181458,-0.10141566395759583,-0.8040903806686401,0.015583619988818076,0.02516694907861267,0.4249669548635223,0.4589426137158589,-0.6355246797766142,-0.12877042809461825,-0.8371511100933438,0.0,0.0,0.0,0.0,0.0,0.0,0.0,0.04399999976158142
679220.951513721,312,0.022222222222222223,0.03259941190481186,0.04270177707076073,0.40845879912376404,0.49640294909477234,-0.7203545570373535,-0.09771642833948135,-0.7996442317962646,0.017564501980807487,0.028731580548805938,0.42358098199990757,0.46437661820264703,-0.6411331558897908,-0.12738450842336269,-0.835273558045537,0.0,0.0,0.0,0.0,0.0,0.0,0.0,0.04399999976158142
679220.973633054,313,0.022222222222222223,0.034246403723955154,0.04460811987519264,0.4076842665672302,0.5007853507995605,-0.7255790829658508,-0.09391066431999207,-0.7950523495674133,0.019579427213165967,0.03201087763938059,0.4223726058700152,0.46973677624862803,-0.6467008900914805,-0.12579396616487473,-0.8330645047397355,0.0,0.0,0.0,0.0,0.0,0.0,0.0,0.04399999976158142
679220.995838569,314,0.022222222222222223,0.03649462014436722,0.046258874237537384,0.40398627519607544,0.5033392906188965,-0.7347955703735352,-0.09141846746206284,-0.788490891456604,0.021649511810664903,0.034964031346606604,0.4212485567682679,0.47492489460812687,-0.6522322162725152,-0.12396659787939747,-0.8305994127361455,0.0,0.0,0.0,0.0,0.0,0.0,0.0,0.04399999976158142
679221.019640999,315,0.022222222222222223,0.03874284029006958,0.046915195882320404,0.40174564719200134,0.5064902901649475,-0.7421182990074158,-0.08806940168142319,-0.7844664454460144,0.023757897500389903,0.03760788249477964,0.41963853888511615,0.4797850720515333,-0.6581431694227282,-0.12203244703271837,-0.8277386959542024,0.0,0.0,0.0,0.0,0.0,0.0,0.0,0.04399999976158142
679221.04039171,316,0.022222222222222223,0.04039120301604271,0.04561726748943329,0.40443721413612366,0.509529709815979,-0.7440981864929199,-0.08556167781352997,-0.7801656126976013,0.02590264579680484,0.0399395819537082,0.417902852703042,0.4842421150002216,-0.6642092433325576,-0.1199661970341342,-0.8246897065022623,0.0,0.0,0.0,0.0,0.0,0.0,0.0,0.04399999976158142
679221.062573974,317,0.022222222222222223,0.04171527922153473,0.045005206018686295,0.4069852828979492,0.5117878913879395,-0.7460781931877136,-0.08403235673904419,-0.7757240533828735,0.02806556843970267,0.04190110195891273,0.4170033390253447,0.4883442042670971,-0.6698569720945552,-0.11783033236882164,-0.8215104750526344,0.0,0.0,0.0,0.0,0.0,0.0,0.0,0.04399999976158142
679221.084698068,318,0.022222222222222223,0.043915972113609314,0.04601982608437538,0.4041178822517395,0.5123259425163269,-0.7556037306785583,-0.08391685038805008,-0.7688536047935486,0.032184443829723,0.04460274222792126,0.4161867990602111,0.4949474525198583,-0.6796336912779403,-0.11397629090762794,-0.8155740345832448,0.0,0.0,0.0,0.0,0.0,0.0,0.0,0.04399999976158142
679221.106892956,319,0.022222222222222223,0.0461166687309742,0.04581405222415924,0.4035094380378723,0.5131414532661438,-0.7622829079627991,-0.08317065984010696,-0.7647491097450256,0.03409962116871542,0.045393417837627265,0.4155727105298915,0.49752052707551053,-0.6848443481722173,-0.1122484862417999,-0.8122203607589186,0.0,0.0,0.0,0.0,0.0,0.0,0.0,0.04399999976158142
679221.130091686,320,0.022222222222222223,0.04759731888771057,0.046915460377931595,0.40282201766967773,0.5130981206893921,-0.7691735625267029,-0.08327651023864746,-0.7594631910324097,0.03595658983976266,0.04588558286123618,0.4149528406793421,0.4996449896477788,-0.6902188410431664,-0.11064309655993033,-0.8087178148254487,0.0,0.0,0.0,0.0,0.0,0.0,0.0,0.04399999976158142
679221.151381823,321,0.022222222222222223,0.04839429631829262,0.047567278146743774,0.4022386372089386,0.5129109621047974,-0.7760641574859619,-0.08392268419265747,-0.7544891834259033,0.03776621646140999,0.04614531593499097,0.41432022391663426,0.5013352968617758,-0.6957535705647016,-0.10920167365620924,-0.8050496950668308,0.0,0.0,0.0,0.0,0.0,0.0,0.0,0.04399999976158142
679221.173638344,322,0.022222222222222223,0.048767611384391785,0.04920418560504913,0.40263283252716064,0.5113849639892578,-0.7811166644096375,-0.08374417573213577,-0.7507492899894714,0.039506547432950685,0.0462519506496288,0.4136967568679719,0.5025968735285908,-0.7014321310519156,-0.10797239542901359,-0.8012326754446644,0.0,0.0,0.0,0.0,0.0,0.0,0.0,0.04399999976158142
679221.195831615,323,0.022222222222222223,0.04542066529393196,0.050203558057546616,0.40362846851348877,0.5104405879974365,-0.7853660583496094,-0.08374004811048508,-0.7478089332580566,0.04113835360834523,0.04628934962903311,0.41326596972468677,0.5033750954775447,-0.7070494809663102,-0.10687870109229256,-0.7973932538084176,0.0,0.0,0.0,0.0,0.0,0.0,0.0,0.04399999976158142
679221.218085718,324,0.022222222222222223,0.04207371547818184,0.047888435423374176,0.4109191298484802,0.5085766911506653,-0.7821261882781982,-0.08468599617481232,-0.744064211845398,0.042534037673010894,0.0463314326700596,0.41310759240565337,0.5036844309748312,-0.71252399018121,-0.10589939119062439,-0.7936309418076348,0.0,0.0,0.0,0.0,0.0,0.0,0.0,0.04399999976158142
679221.240387244,325,0.022222222222222223,0.03922551870346069,0.046292420476675034,0.4161032736301422,0.5053861141204834,-0.7814164757728577,-0.08777648955583572,-0.7375531196594238,0.0435248129784134,0.04634640946520389,0.41310759240565337,0.5036960795883202,-0.7170952675258315,-0.1051042338766961,-0.7898900901059828,0.0,0.0,0.0,0.0,0.0,0.0,0.0,0.04399999976158142
679221.262521538,326,0.022222222222222223,0.03511242941021919,0.044162534177303314,0.4195500910282135,0.5039258599281311,-0.7807067036628723,-0.0901215523481369,-0.7339711785316467,0.04401045274870224,0.04634640946520389,0.41310759240565337,0.5036960795883202,-0.7210991752678556,-0.10467433431631698,-0.7859176469646825,0.0,0.0,0.0,0.0,0.0,0.0,0.0,0.04399999976158142
679221.284694672,327,0.022222222222222223,0.03209208697080612,0.041943103075027466,0.42216330766677856,0.502710223197937,-0.7799969911575317,-0.09198079258203506,-0.7321830987930298,0.04387930666429048,0.04634640946520389,0.41310759240565337,0.5036960795883202,-0.7278007500440534,-0.10429609381857564,-0.7786132262972416,0.0,0.0,0.0,0.0,0.0,0.0,0.0,0.04399999976158142
679221.307117521,328,0.022222222222222223,0.02919302135705948,0.040090903639793396,0.4244805574417114,0.5011886954307556,-0.7792872190475464,-0.09391174465417862,-0.730153501033783,0.04340444506670426,0.046315650956464324,0.41315040390236785,0.5036960795883202,-0.7305184359841194,-0.10429609381857564,-0.7751644965887347,0.0,0.0,0.0,0.0,0.0,0.0,0.0,0.04399999976158142
679221.329227304,329,0.022222222222222223,0.026520986109972,0.03826487064361572,0.4266982078552246,0.4993657171726227,-0.7785775065422058,-0.09629985690116882,-0.7275927066802979,0.042582864255433436,0.04618945839285224,0.4136241332447475,0.5036960795883202,-0.7328725358479847,-0.10429609381857564,-0.7718749114714168,0.0,0.0,0.0,0.0,0.0,0.0,0.0,0.04399999976158142
679221.352111842,330,0.022222222222222223,0.024112127721309662,0.03659061715006828,0.4288356602191925,0.49726277589797974,-0.7778677344322205,-0.09915191680192947,-0.7243860363960266,0.04139998071091726,0.04590909760568632,0.4144334441333755,0.5036960795883202,-0.7349016249907401,-0.10429609381857564,-0.7686777043004897,0.0,0.0,0.0,0.0,0.0,0.0,0.0,0.04399999976158142
679221.376077556,331,0.022222222222222223,0.0225556381046772,0.03460071608424187,0.43099191784858704,0.4946199655532837,-0.7771580219268799,-0.10268779844045639,-0.7206030488014221,0.039872733194907015,0.045440354973594235,0.41549834159007354,0.5036960795883202,-0.7366401747058923,-0.10429609381857564,-0.7654957662758684,0.0,0.0,0.0,0.0,0.0,0.0,0.0,0.04399999976158142
679221.395899187,332,0.022222222222222223,0.02119440771639347,0.03252267837524414,0.4329991042613983,0.4917391240596771,-0.7764482498168945,-0.10666811466217041,-0.7166380286216736,0.038057336601311685,0.04476074403485899,0.4167730021185381,0.5035751060556913,-0.738119011528189,-0.10429609381857564,-0.7622632299228885,0.0,0.0,0.0,0.0,0.0,0.0,0.0,0.04399999976158142
679221.418031418,333,0.022222222222222223,0.021546246483922005,0.030122241005301476,0.4350598454475403,0.4878820776939392,-0.775738537311554,-0.1112535148859024,-0.7126129269599915,0.03603430724392008,0.04385354884342205,0.41818894806343737,0.5031046220611151,-0.739365679929035,-0.10429609381857564,-0.7589560126898098,0.0,0.0,0.0,0.0,0.0,0.0,0.0,0.04399999976158142
679221.440347952,334,0.022222222222222223,0.02155725471675396,0.027673928067088127,0.43670138716697693,0.48404788970947266,-0.7750287652015686,-0.11586706340312958,-0.7096619009971619,0.033923073850098934,0.04270638884750731,0.4197286967917322,0.5020818261813016,-0.7404048144213864,-0.10429609381857564,-0.7555724751182983,0.0,0.0,0.0,0.0,0.0,0.0,0.0,0.04399999976158142
679221.462600969,335,0.022222222222222223,0.022527087479829788,0.02555101551115513,0.4379529058933258,0.4795854389667511,-0.774319052696228,-0.11970891058444977,-0.7084417939186096,0.029901549396998087,0.039738818638288445,0.42255484003445953,0.4985585526939442,-0.7420194743552224,-0.10429609381857564,-0.7491372478057672,0.0,0.0,0.0,0.0,0.0,0.0,0.0,0.04399999976158142
679221.484704192,336,0.022222222222222223,0.02272406779229641,0.024115487933158875,0.4390273094177246,0.4748579263687134,-0.7736092805862427,-0.12335514277219772,-0.7080389857292175,0.02816695137599735,0.03804498783524553,0.4238138882462668,0.4964686652090102,-0.7426265136302465,-0.10440191487293896,-0.7462950181262724,0.0,0.0,0.0,0.0,0.0,0.0,0.0,0.04399999976158142
679221.506894584,337,0.022222222222222223,0.02264084666967392,0.02322252094745636,0.4396871030330658,0.47003307938575745,-0.7728995680809021,-0.12619121372699738,-0.709327757358551,0.0267051283608422,0.03625483701545085,0.42503797583214126,0.4939492254698023,-0.7430938651478787,-0.10482953281907456,-0.743697820903147,0.0,0.0,0.0,0.0,0.0,0.0,0.0,0.04399999976158142
679221.529206648,338,0.022222222222222223,0.02176898904144764,0.023131566122174263,0.4402106702327728,0.4649643301963806,-0.7721897959709167,-0.12855412065982819,-0.7112833857536316,0.025526151538160204,0.034419739161927004,0.4261548349511169,0.49094205376896477,-0.7434363530318944,-0.10553872909120184,-0.741479969805183,0.0,0.0,0.0,0.0,0.0,0.0,0.0,0.04399999976158142
679221.551370475,339,0.022222222222222223,0.02044021524488926,0.022955849766731262,0.44093823432922363,0.45994478464126587,-0.7714800834655762,-0.13123676180839539,-0.7131389379501343,0.024598945704184805,0.03261359785190089,0.42715804438899097,0.4874643508885214,-0.7436672168854628,-0.10644065814106554,-0.7396976424393051,0.0,0.0,0.0,0.0,0.0,0.0,0.0,0.04399999976158142
679221.573587916,340,0.022222222222222223,0.018726782873272896,0.021871177479624748,0.44229963421821594,0.4550539255142212,-0.7707703113555908,-0.1344316601753235,-0.7146497964859009,0.02385912177647975,0.030907860316722584,0.4281076393514986,0.48357764099436873,-0.7437983038199651,-0.10752806297216057,-0.7383122484260242,0.0,0.0,0.0,0.0,0.0,0.0,0.0,0.04399999976158142
679221.595852118,341,0.022222222222222223,0.017450464889407158,0.02133667655289173,0.44398316740989685,0.4497716724872589,-0.7700605988502502,-0.13800764083862305,-0.7158939838409424,0.023228295059680173,0.029328952367331892,0.42913447951687567,0.4793763718780648,-0.7438401922289496,-0.10883086528224252,-0.7372497664040291,0.0,0.0,0.0,0.0,0.0,0.0,0.0,0.04399999976158142
679221.618069805,342,0.022222222222222223,0.015600019134581089,0.019902504980564117,0.4462156295776367,0.44460779428482056,-0.7693508267402649,-0.14218352735042572,-0.7168341875076294,0.022642911874098236,0.027885659751997794,0.43028659349391835,0.47491866046122105,-0.7438401922289496,-0.11037039181437518,-0.7364444056502378,0.0,0.0,0.0,0.0,0.0,0.0,0.0,0.04399999976158142
679221.640347607,343,0.022222222222222223,0.014649637043476105,0.019021620973944664,0.4499278962612152,0.4387005567550659,-0.7666418552398682,-0.14627021551132202,-0.7187535166740417,0.022046423615112096,0.026567901608792528,0.43164474202737313,0.47025117328976646,-0.7438401922289496,-0.11218044021799548,-0.7358361621887408,0.0,0.0,0.0,0.0,0.0,0.0,0.0,0.04399999976158142
679221.662522646,344,0.022222222222222223,0.012344674207270145,0.01677658036351204,0.4549333453178406,0.4333105981349945,-0.761021077632904,-0.14933818578720093,-0.7236261963844299,0.021405360730157558,0.025356359120458707,0.4334509851247949,0.46536906337829387,-0.7438401922289496,-0.11423992118395591,-0.7354780772357359,0.0,0.0,0.0,0.0,0.0,0.0,0.0,0.04399999976158142
679221.684803867,345,0.022222222222222223,0.010228249244391918,0.014717054553329945,0.45923906564712524,0.4292825758457184,-0.7554003596305847,-0.15128716826438904,-0.7303270101547241,0.020026087654839125,0.02326206176064683,0.4370559624446493,0.4563947295987944,-0.7438401922289496,-0.11817070580109043,-0.7351920811025333,0.0,0.0,0.0,0.0,0.0,0.0,0.0,0.04399999976158142
679221.706938528,346,0.022222222222222223,0.009591992944478989,0.0130859250202775,0.4631711542606354,0.4249415993690491,-0.7498266696929932,-0.15144754946231842,-0.738263726234436,0.0192077267010993,0.02227471097208702,0.4396101891301201,0.45214995542917935,-0.7438401922289496,-0.12018149981667552,-0.7351920811025333,0.0,0.0,0.0,0.0,0.0,0.0,0.0,0.04399999976158142
679221.729121742,347,0.022222222222222223,0.009159117005765438,0.012449458241462708,0.4665910303592682,0.4214803874492645,-0.7443941831588745,-0.15066833794116974,-0.7474148869514465,0.018283616759861652,0.021260243021655096,0.4424304533652335,0.4479477512749077,-0.7438401922289496,-0.1220389608684005,-0.7351920811025333,0.0,0.0,0.0,0.0,0.0,0.0,0.0,0.04399999976158142
679221.751488724,348,0.022222222222222223,0.007860156707465649,0.015418424271047115,0.46187880635261536,0.4186898171901703,-0.7482061386108398,-0.14719873666763306,-0.7566722631454468,0.01729557845657623,0.020220769536128298,0.44536755336443046,0.4438148436661305,-0.7438401922289496,-0.12363575627161445,-0.7351920811025333,0.0,0.0,0.0,0.0,0.0,0.0,0.0,0.04399999976158142
679221.773616014,349,0.022222222222222223,0.006158959120512009,0.01845472864806652,0.4613479971885681,0.41771310567855835,-0.7480233311653137,-0.14162038266658783,-0.7679233551025391,0.016261940062465514,0.019270754185124587,0.4468587459510528,0.4398560567261408,-0.7438401922289496,-0.12475334227492035,-0.7357992706212807,0.0,0.0,0.0,0.0,0.0,0.0,0.0,0.04399999976158142
679221.796031219,350,0.022222222222222223,0.003058147383853793,0.02095075696706772,0.46227675676345825,0.417150616645813,-0.7478406429290771,-0.1389951854944229,-0.7743068933486938,0.015170358363816765,0.018574825801662483,0.4479484870363164,0.4362743010922899,-0.7438401922289496,-0.12520039557151894,-0.737458763108881,0.0,0.0,0.0,0.0,0.0,0.0,0.0,0.04399999976158142
679221.818110079,351,0.022222222222222223,0.0006529638776555657,0.022180458530783653,0.46367958188056946,0.41698458790779114,-0.747657835483551,-0.13700254261493683,-0.7796131372451782,0.013970264511904917,0.018237352789137778,0.4490028419047306,0.4332378498862089,-0.7438401922289496,-0.12524794324782432,-0.7397496658203686,0.0,0.0,0.0,0.0,0.0,0.0,0.0,0.04399999976158142
679221.84034214,352,0.022222222222222223,-0.0013940089847892523,0.023587780073285103,0.46492496132850647,0.41718918085098267,-0.7474751472473145,-0.13511648774147034,-0.7849176526069641,0.01261445251782214,0.01821723263911983,0.4501227511702151,0.430797571466582,-0.7438401922289496,-0.12524794324782432,-0.7423969291444759,0.0,0.0,0.0,0.0,0.0,0.0,0.0,0.04399999976158142
679221.862487197,353,0.022222222222222223,-0.0041321879252791405,0.024620553478598595,0.4658897817134857,0.41833701729774475,-0.7475325465202332,-0.13193190097808838,-0.7913934588432312,0.011097355283552717,0.01829246051663464,0.45126726137789874,0.4289453912261841,-0.7438401922289496,-0.12524794324782432,-0.7453331977635657,0.0,0.0,0.0,0.0,0.0,0.0,0.0,0.04399999976158142
679221.884700638,354,0.022222222222222223,-0.00614613201469183,0.026806823909282684,0.4663633108139038,0.4193324148654938,-0.7483105659484863,-0.12805762887001038,-0.7975327372550964,0.00779420884512472,0.018690169380710994,0.45312787237100827,0.4267462435798968,-0.7438401922289496,-0.12524794324782432,-0.7510780891298088,0.0,0.0,0.0,0.0,0.0,0.0,0.0,0.04399999976158142
679221.907058277,355,0.022222222222222223,-0.009383096359670162,0.028329432010650635,0.4673652648925781,0.420555979013443,-0.7490885257720947,-0.1256398856639862,-0.8006387948989868,0.006021612137112545,0.0190604954999182,0.4539735079247787,0.42635415501581825,-0.7438401922289496,-0.12524794324782432,-0.7544200503257421,0.0,0.0,0.0,0.0,0.0,0.0,0.0,0.04399999976158142
679221.929160168,356,0.022222222222222223,-0.012428638525307178,0.02989443577826023,0.46852120757102966,0.4213211238384247,-0.7498665452003479,-0.12387319654226303,-0.801850438117981,0.004140362654517005,0.01960030127244092,0.45484759037350414,0.4263126700203626,-0.7438401922289496,-0.12524794324782432,-0.7578117916612207,0.0,0.0,0.0,0.0,0.0,0.0,0.0,0.04399999976158142
679221.951399535,357,0.022222222222222223,-0.01514168456196785,0.030182771384716034,0.4700371325016022,0.42198285460472107,-0.7506445050239563,-0.12373635917901993,-0.8009246587753296,0.0021160741483914076,0.020319032757641648,0.4557753939891805,0.4263126700203626,-0.7438401922289496,-0.12524794324782432,-0.7610154685126722,0.0,0.0,0.0,0.0,0.0,0.0,0.0,0.04399999976158142
679221.973728999,358,0.022222222222222223,-0.017215581610798836,0.0302288755774498,0.4714961349964142,0.42248281836509705,-0.7514225244522095,-0.12439925223588943,-0.7992001175880432,-5.895088373768203e-05,0.021184701928297946,0.45681517306476566,0.4263126700203626,-0.7438401922289496,-0.12524794324782432,-0.7638250189008216,0.0,0.0,0.0,0.0,0.0,0.0,0.0,0.04399999976158142
679221.995811803,359,0.022222222222222223,-0.01818098872900009,0.02901940606534481,0.4731515049934387,0.4227770268917084,-0.7522004842758179,-0.12584108114242554,-0.7965635061264038,-0.0023605450494422276,0.022131882893340622,0.4579357232649482,0.4263126700203626,-0.7438401922289496,-0.12524794324782432,-0.7661634178460742,0.0,0.0,0.0,0.0,0.0,0.0,0.0,0.04399999976158142
679222.018225987,360,0.022222222222222223,-0.018275568261742592,0.028144966810941696,0.4745560586452484,0.42290306091308594,-0.752978503704071,-0.12740513682365417,-0.7943118214607239,-0.0047224865403829525,0.023069168944296774,0.45915849873756104,0.4263126700203626,-0.7438401922289496,-0.12524794324782432,-0.7679849614681143,0.0,0.0,0.0,0.0,0.0,0.0,0.0,0.04399999976158142
679222.040345147,361,0.022222222222222223,-0.017738981172442436,0.02749933861196041,0.47536206245422363,0.4228030741214752,-0.7537564635276794,-0.12832914292812347,-0.7927693128585815,-0.00704466370551383,0.023907040852352374,0.4604169845023503,0.4263126700203626,-0.7438401922289496,-0.12524794324782432,-0.7693553699913733,0.0,0.0,0.0,0.0,0.0,0.0,0.0,0.04399999976158142
679222.062458418,362,0.022222222222222223,-0.01669876091182232,0.027092503383755684,0.4757496118545532,0.4227982759475708,-0.7545344829559326,-0.12873296439647675,-0.7923846244812012,-0.011157975396633444,0.025115617617904228,0.4625404841939761,0.4263126700203626,-0.7438401922289496,-0.12524794324782432,-0.7712772504188152,0.0,0.0,0.0,0.0,0.0,0.0,0.0,0.04399999976158142
679222.084703831,363,0.022222222222222223,-0.014731410890817642,0.02699948288500309,0.4753284156322479,0.4224163293838501,-0.755312442779541,-0.12721915543079376,-0.7940115928649902,-0.012803927041290974,0.025475556385784026,0.46338132269894716,0.4263126700203626,-0.7438401922289496,-0.12524794324782432,-0.7720335654150029,0.0,0.0,0.0,0.0,0.0,0.0,0.0,0.04399999976158142
679222.106905876,364,0.022222222222222223,-0.012871770188212395,0.02726653777062893,0.47464999556541443,0.42258983850479126,-0.7560904622077942,-0.12490127980709076,-0.7970709204673767,-0.01407116658812872,0.025681118326002728,0.46398198612772734,0.4263126700203626,-0.7438401922289496,-0.12524794324782432,-0.7728346193243144,0.0,0.0,0.0,0.0,0.0,0.0,0.0,0.04399999976158142
679222.129144747,365,0.022222222222222223,-0.010138205252587795,0.029875008389353752,0.4690999388694763,0.4221884310245514,-0.763409435749054,-0.12106572836637497,-0.799565851688385,-0.014895297286851244,0.025761483726881196,0.4643375203152999,0.4263126700203626,-0.7438401922289496,-0.12524794324782432,-0.7738442039281851,0.0,0.0,0.0,0.0,0.0,0.0,0.0,0.04399999976158142
679222.151357376,366,0.022222222222222223,-0.01066858321428299,0.03453698009252548,0.46376538276672363,0.42435920238494873,-0.771916925907135,-0.11662427335977554,-0.8014296889305115,-0.015227265343670925,0.025811554070284758,0.4643375203152999,0.4263126700203626,-0.7438401922289496,-0.12524794324782432,-0.7750282577321592,0.0,0.0,0.0,0.0,0.0,0.0,0.0,0.04399999976158142
679222.173549265,367,0.022222222222222223,-0.013323232531547546,0.037267692387104034,0.4624328017234802,0.4273061752319336,-0.776576578617096,-0.11398002505302429,-0.8008107542991638,-0.015213935828915294,0.026008640506225204,0.4643375203152999,0.4263126700203626,-0.743993071918236,-0.12524794324782432,-0.7763020137524099,0.0,0.0,0.0,0.0,0.0,0.0,0.0,0.04399999976158142
679222.195771917,368,0.022222222222222223,-0.014873920008540154,0.03853327035903931,0.46216756105422974,0.42960256338119507,-0.7812362909317017,-0.1139446422457695,-0.7971245646476746,-0.015197106767869964,0.02648013511763502,0.4643375203152999,0.4263126700203626,-0.7446150360886138,-0.12524794324782432,-0.7774323030120355,0.0,0.0,0.0,0.0,0.0,0.0,0.0,0.04399999976158142
679222.218023147,369,0.022222222222222223,-0.015732115134596825,0.038297899067401886,0.46246588230133057,0.4317176342010498,-0.7858959436416626,-0.11568883061408997,-0.7913130521774292,-0.015197106767869964,0.027234120144965478,0.4643375203152999,0.4263126700203626,-0.7456653261745663,-0.12524794324782432,-0.7781172526432608,0.0,0.0,0.0,0.0,0.0,0.0,0.0,0.04399999976158142
679222.240378396,370,0.022222222222222223,-0.015119621530175209,0.03832612559199333,0.4625253677368164,0.43322503566741943,-0.7905556559562683,-0.11749874800443649,-0.7860509157180786,-0.015197106767869964,0.028194522721333163,0.4643375203152999,0.4263126700203626,-0.7470984991906059,-0.12524794324782432,-0.7781959731097818,0.0,0.0,0.0,0.0,0.0,0.0,0.0,0.04399999976158142
679222.262495152,371,0.022222222222222223,-0.01401518564671278,0.03764580935239792,0.462510883808136,0.43459922075271606,-0.7952153086662292,-0.11943896114826202,-0.7808728218078613,-0.015197106767869964,0.029265890368177526,0.4643375203152999,0.4263126700203626,-0.7483928265765188,-0.12524794324782432,-0.7781959731097818,0.0,0.0,0.0,0.0,0.0,0.0,0.0,0.04399999976158142
679222.284640242,372,0.022222222222222223,-0.012970459647476673,0.037591755390167236,0.46220842003822327,0.43579503893852234,-0.799875020980835,-0.12099191546440125,-0.7763941884040833,-0.015197106767869964,0.03144396821002518,0.4643375203152999,0.42637040960594286,-0.7519896353013815,-0.12524794324782432,-0.7781959731097818,0.0,0.0,0.0,0.0,0.0,0.0,0.0,0.04399999976158142
679222.306887871,373,0.022222222222222223,-0.012124135158956051,0.0369684062898159,0.4619462192058563,0.4367918372154236,-0.8045346736907959,-0.12272144109010696,-0.7714757323265076,-0.015197106767869964,0.03241709185166221,0.4643375203152999,0.42658061724188406,-0.7542348292994244,-0.12524794324782432,-0.7781959731097818,0.0,0.0,0.0,0.0,0.0,0.0,0.0,0.04399999976158142
679222.329150961,374,0.022222222222222223,-0.011034919880330563,0.03709214925765991,0.4616420269012451,0.4371539354324341,-0.8091943860054016,-0.12426475435495377,-0.7665823101997375,-0.015197106767869964,0.03325300711299587,0.4643375203152999,0.42697274255376977,-0.7567361502993898,-0.12524794324782432,-0.7781959731097818,0.0,0.0,0.0,0.0,0.0,0.0,0.0,0.04399999976158142
679222.351342674,375,0.022222222222222223,-0.010415837168693542,0.03659976273775101,0.46141481399536133,0.4374595880508423,-0.8138540387153625,-0.12613317370414734,-0.7611260414123535,-0.015172401772378405,0.03393266843290045,0.4643375203152999,0.4274722658029398,-0.7594664342227465,-0.12524794324782432,-0.7781959731097818,0.0,0.0,0.0,0.0,0.0,0.0,0.0,0.04399999976158142
679222.373535707,376,0.022222222222222223,-0.008918790146708488,0.03685849905014038,0.461391419172287,0.4365954101085663,-0.8184104561805725,-0.12798012793064117,-0.7553213834762573,-0.015092770939973596,0.034449264005813024,0.4643375203152999,0.4279933168142472,-0.7624013865971708,-0.12524794324782432,-0.7779579520521412,0.0,0.0,0.0,0.0,0.0,0.0,0.0,0.04399999976158142
679222.395801157,377,0.022222222222222223,-0.008205683901906013,0.03629758208990097,0.4614529013633728,0.4358648359775543,-0.8229324221611023,-0.1303693801164627,-0.7488741278648376,-0.014923277924156446,0.034810552298570475,0.4643375203152999,0.4284003049695603,-0.7655086368330285,-0.12524794324782432,-0.777190721041183,0.0,0.0,0.0,0.0,0.0,0.0,0.0,0.04399999976158142
679222.41805021,378,0.022222222222222223,-0.00579082639887929,0.036237575113773346,0.4620237946510315,0.43350842595100403,-0.8264926075935364,-0.13207706809043884,-0.7440243363380432,-0.014641502586374977,0.035025559373605804,0.4643375203152999,0.42859723888838186,-0.768766058223699,-0.12524794324782432,-0.7758245207561864,0.0,0.0,0.0,0.0,0.0,0.0,0.0,0.04399999976158142
679222.440238306,379,0.022222222222222223,-0.005381215363740921,0.03500649705529213,0.46332666277885437,0.4319174587726593,-0.8285061120986938,-0.13339348137378693,-0.7415705919265747,-0.01420962245182258,0.03510294526730819,0.4643375203152999,0.428604358779529,-0.7720583186238842,-0.12524794324782432,-0.774040970553381,0.0,0.0,0.0,0.0,0.0,0.0,0.0,0.04399999976158142
679222.462567463,380,0.022222222222222223,-0.006262483075261116,0.034569285809993744,0.46426472067832947,0.4308549761772156,-0.8305197358131409,-0.13450448215007782,-0.7400139570236206,-0.012921933437404566,0.03510365501562232,0.4643375203152999,0.428604358779529,-0.7780506701816887,-0.12524794324782432,-0.7703537814714734,0.0,0.0,0.0,0.0,0.0,0.0,0.0,0.04399999976158142
679222.484715768,381,0.022222222222222223,-0.007070488296449184,0.03361375629901886,0.465388685464859,0.4296332597732544,-0.8325332403182983,-0.1359039843082428,-0.7377956509590149,-0.012921933437404566,0.03510365501562232,0.4643375203152999,0.428604358779529,-0.7780506701816887,-0.12524794324782432,-0.7703537814714734,0.0,0.0,0.0,0.0,0.0,0.0,0.0,0.04399999976158142
679222.506885657,382,0.022222222222222223,-0.008401589468121529,0.033384159207344055,0.4664855897426605,0.4283890128135681,-0.8345468640327454,-0.13745595514774323,-0.7352142333984375,-0.011524754227549542,0.03510365501562232,0.4643375203152999,0.428604358779529,-0.7834515595033198,-0.12524794324782432,-0.7668957102647527,0.0,0.0,0.0,0.0,0.0,0.0,0.0,0.04399999976158142
679222.52929369,383,0.022222222222222223,-0.010171887464821339,0.032384131103754044,0.4674537777900696,0.4271361231803894,-0.8365603685379028,-0.13876549899578094,-0.7325590252876282,-0.010973902918538841,0.03510365501562232,0.4643375203152999,0.428604358779529,-0.7860447510531728,-0.12524794324782432,-0.7650665948020016,0.0,0.0,0.0,0.0,0.0,0.0,0.0,0.04399999976158142
679222.551348509,384,0.022222222222222223,-0.01116474810987711,0.03207308053970337,0.46787503361701965,0.4260863959789276,-0.8385739922523499,-0.13891740143299103,-0.7322140336036682,-0.010616802815647756,0.03510365501562232,0.4643375203152999,0.428604358779529,-0.7885764494858291,-0.12524794324782432,-0.7631498473094176,0.0,0.0,0.0,0.0,0.0,0.0,0.0,0.04399999976158142
679222.573526817,385,0.022222222222222223,-0.011818528175354004,0.031694237142801285,0.46836987137794495,0.42514321208000183,-0.8405874967575073,-0.1386844515800476,-0.7323693037033081,-0.010490365894462391,0.03510365501562232,0.4643375203152999,0.428604358779529,-0.7910531899890728,-0.12524794324782432,-0.7613463803570433,0.0,0.0,0.0,0.0,0.0,0.0,0.0,0.04399999976158142
679222.595788185,386,0.022222222222222223,-0.013260582461953163,0.03242863342165947,0.46925005316734314,0.42421838641166687,-0.8425567746162415,-0.13950589299201965,-0.7307695746421814,-0.010489966400673761,0.03509774833516531,0.4643375203152999,0.428604358779529,-0.7934807905529357,-0.12524794324782432,-0.7597419178723898,0.0,0.0,0.0,0.0,0.0,0.0,0.0,0.04399999976158142
679222.61803849,387,0.022222222222222223,-0.015160948038101196,0.03205464035272598,0.47021985054016113,0.4233531057834625,-0.8445111513137817,-0.14085042476654053,-0.7280001044273376,-0.010489966400673761,0.03509580927378045,0.4643375203152999,0.428604358779529,-0.7958598971978802,-0.12525865243252446,-0.7581812514457859,0.0,0.0,0.0,0.0,0.0,0.0,0.0,0.04399999976158142
679222.640285768,388,0.022222222222222223,-0.016426926478743553,0.03211843967437744,0.470665842294693,0.42259708046913147,-0.8464655876159668,-0.14121155440807343,-0.7272303700447083,-0.010527380718990592,0.03509580927378045,0.4643375203152999,0.428604358779529,-0.7981939904723898,-0.1253822698702391,-0.7565193001084668,0.0,0.0,0.0,0.0,0.0,0.0,0.0,0.04399999976158142
679222.662503362,389,0.022222222222222223,-0.01756666786968708,0.03182017803192139,0.4713057577610016,0.42188015580177307,-0.8484199643135071,-0.14169402420520782,-0.7261906266212463,-0.010656180620776263,0.03509580927378045,0.4643375203152999,0.428604358779529,-0.8004878094010136,-0.12555681269567143,-0.7549051483128343,0.0,0.0,0.0,0.0,0.0,0.0,0.0,0.04399999976158142
679222.684640574,390,0.022222222222222223,-0.018859464675188065,0.032195646315813065,0.47198286652565,0.4210967719554901,-0.8503744006156921,-0.14242270588874817,-0.7248608469963074,-0.01118920237503317,0.03509324788036629,0.4643375203152999,0.428604358779529,-0.8045835371090918,-0.1259102173115728,-0.7520579255682035,0.0,0.0,0.0,0.0,0.0,0.0,0.0,0.04399999976158142
679222.706906719,391,0.022222222222222223,-0.020308855921030045,0.03186488151550293,0.47279515862464905,0.420297235250473,-0.8523287773132324,-0.1434297114610672,-0.722868025302887,-0.0116136269857342,0.03509258723510747,0.4643375203152999,0.428604358779529,-0.8066141987315071,-0.12614991644182705,-0.7506838116296978,0.0,0.0,0.0,0.0,0.0,0.0,0.0,0.04399999976158142
679222.729096881,392,0.022222222222222223,-0.021377183496952057,0.03203840181231499,0.47347742319107056,0.4193061888217926,-0.8542832136154175,-0.14430321753025055,-0.7213294506072998,-0.01217029054711307,0.03509122420230278,0.4643375203152999,0.42854497157540733,-0.8086367681844898,-0.12646552249682802,-0.7492591627502242,0.0,0.0,0.0,0.0,0.0,0.0,0.0,0.04399999976158142
679222.751391049,393,0.022222222222222223,-0.022471066564321518,0.031611040234565735,0.47421523928642273,0.41830453276634216,-0.8562375903129578,-0.14519503712654114,-0.7196747064590454,-0.01286207435210818,0.03509079253747257,0.4643962614601033,0.42834789802186884,-0.8106521098744485,-0.12684510513640027,-0.7478112105501121,0.0,0.0,0.0,0.0,0.0,0.0,0.0,0.04399999976158142
679222.77354786,394,0.022222222222222223,-0.023562422022223473,0.03183330222964287,0.4748508930206299,0.4172550439834595,-0.8581920266151428,-0.14603841304779053,-0.7183256149291992,-0.013677339817175829,0.03508312716964938,0.4645842595812566,0.4279843920444143,-0.8126609845400912,-0.12727997231606952,-0.7463434795604458,0.0,0.0,0.0,0.0,0.0,0.0,0.0,0.04399999976158142
679222.795813971,395,0.022222222222222223,-0.024807704612612724,0.03142871335148811,0.47563207149505615,0.41619542241096497,-0.8601464033126831,-0.1471540629863739,-0.716416597366333,-0.01460175403391311,0.03506877800837155,0.4648586325930915,0.4274607201946948,-0.8146640841917238,-0.12776051350050038,-0.7448810918014543,0.0,0.0,0.0,0.0,0.0,0.0,0.0,0.04399999976158142
679222.818015054,396,0.022222222222222223,-0.025320060551166534,0.03144967928528786,0.47610610723495483,0.41515859961509705,-0.8621008396148682,-0.14772717654705048,-0.7159303426742554,-0.015622853482614558,0.03504457793733021,0.4652299995064129,0.4267978201530439,-0.8166620154598058,-0.12830295277311823,-0.7433839784278119,0.0,0.0,0.0,0.0,0.0,0.0,0.0,0.04399999976158142
679222.840289905,397,0.022222222222222223,-0.02548198401927948,0.031171755865216255,0.47656914591789246,0.41421180963516235,-0.8640552163124084,-0.14788219332695007,-0.7160785794258118,-0.016711437797793365,0.0350056097686996,0.46562203869992264,0.42602464790336736,-0.8186553325942643,-0.1288628425925948,-0.7419615346194824,0.0,0.0,0.0,0.0,0.0,0.0,0.0,0.04399999976158142
679222.862666951,398,0.022222222222222223,-0.026372374966740608,0.031829167157411575,0.4771190285682678,0.4133950471878052,-0.8660096526145935,-0.14840631186962128,-0.7155343294143677,-0.01781702511132812,0.034950455794597254,0.46602776137861956,0.4251767910651168,-0.8206445190788608,-0.12939009092107887,-0.7406930976646857,0.0,0.0,0.0,0.0,0.0,0.0,0.0,0.04399999976158142
679222.884643783,399,0.022222222222222223,-0.027749495580792427,0.031715262681245804,0.4779159128665924,0.4126158356666565,-0.8679640293121338,-0.14956940710544586,-0.7136416435241699,-0.019903999871573118,0.03481530865069957,0.46672678664226086,0.4236023692623272,-0.8242245063143986,-0.1303304118407508,-0.738515097466237,0.0,0.0,0.0,0.0,0.0,0.0,0.0,0.04399999976158142
679222.906890119,400,0.022222222222222223,-0.028715034946799278,0.03210132196545601,0.47869646549224854,0.411283403635025,-0.8699184656143188,-0.15085674822330475,-0.7116362452507019,-0.02088379454524239,0.03477135839551952,0.467178024079711,0.42286410674972097,-0.82603756100959,-0.13085502621191397,-0.737406876650058,0.0,0.0,0.0,0.0,0.0,0.0,0.0,0.04399999976158142
679222.929098943,401,0.022222222222222223,-0.030021874234080315,0.03161299601197243,0.4795098900794983,0.4098193943500519,-0.8718728423118591,-0.15234816074371338,-0.7092503905296326,-0.021843494236265616,0.034752227717891285,0.46769262388790916,0.4220840935519307,-0.8278656133586462,-0.13145884889664822,-0.7362047652499484,0.0,0.0,0.0,0.0,0.0,0.0,0.0,0.04399999976158142
679222.951396902,402,0.022222222222222223,-0.030601711943745613,0.03159025311470032,0.4798676669597626,0.4084853231906891,-0.8738272786140442,-0.15286888182163239,-0.7089702486991882,-0.02279633032508475,0.034749461115224985,0.4682645745487559,0.4212008675141424,-0.8297070664183578,-0.13215368828708915,-0.7348837004721748,0.0,0.0,0.0,0.0,0.0,0.0,0.0,0.04399999976158142
679222.973570946,403,0.022222222222222223,-0.030864788219332695,0.03136776015162468,0.4802507162094116,0.4072716534137726,-0.8757816553115845,-0.1529577225446701,-0.7094077467918396,-0.02374214493233419,0.03474844921487475,0.4687967340923592,0.4202058849186023,-0.8315605046210394,-0.13285503941967206,-0.7336235336832846,0.0,0.0,0.0,0.0,0.0,0.0,0.0,0.04399999976158142
679222.995781713,404,0.022222222222222223,-0.03219550475478172,0.03220512345433235,0.4809597134590149,0.40609440207481384,-0.8776934146881104,-0.15393522381782532,-0.7082256078720093,-0.024657529579120794,0.03474279668090127,0.4693001495097988,0.4191277522651443,-0.8334246505919516,-0.13350182497501561,-0.7325287488085784,0.0,0.0,0.0,0.0,0.0,0.0,0.0,0.04399999976158142
679223.018030421,405,0.022222222222222223,-0.03419436886906624,0.031997326761484146,0.4819207787513733,0.40486598014831543,-0.8795909285545349,-0.15575337409973145,-0.7053266167640686,-0.02554548640067517,0.034741525427386136,0.46984209843701835,0.41799940422698767,-0.8352939680131377,-0.13416144778064346,-0.731464300563963,0.0,0.0,0.0,0.0,0.0,0.0,0.0,0.04399999976158142
679223.040285226,406,0.022222222222222223,-0.03441857174038887,0.03201388567686081,0.4823237657546997,0.4033522605895996,-0.881488561630249,-0.15627123415470123,-0.705173909664154,-0.026449378659919927,0.034741525427386136,0.4704638586793217,0.41683936046140774,-0.837166316837793,-0.1349242794844313,-0.7302441677110676,0.0,0.0,0.0,0.0,0.0,0.0,0.0,0.04399999976158142
679223.06242333,407,0.022222222222222223,-0.03421182557940483,0.031862325966358185,0.4826275706291199,0.4019849896430969,-0.8833860754966736,-0.15605594217777252,-0.7064924836158752,-0.02737235854798438,0.034741525427386136,0.47104525488693116,0.4156339375009416,-0.8390413474894878,-0.13569417203328962,-0.7290725927304872,0.0,0.0,0.0,0.0,0.0,0.0,0.0,0.04399999976158142
679223.084640688,408,0.022222222222222223,-0.0349830687046051,0.032686326652765274,0.48302721977233887,0.4010970890522003,-0.8852837085723877,-0.1563875675201416,-0.7071578502655029,-0.02910657494565297,0.034741525427386136,0.4719539059324088,0.41341536807376483,-0.8424218861671784,-0.1370020174917643,-0.7271976231234749,0.0,0.0,0.0,0.0,0.0,0.0,0.0,0.04399999976158142
679223.106861515,409,0.022222222222222223,-0.03589199110865593,0.03286342695355415,0.48358824849128723,0.40030568838119507,-0.8871812224388123,-0.15700869262218475,-0.7069304585456848,-0.02986619833199979,0.034741525427386136,0.4723840852388225,0.41237015151096806,-0.8441419945750556,-0.13756496076398914,-0.726549561696034,0.0,0.0,0.0,0.0,0.0,0.0,0.0,0.04399999976158142
679223.129116248,410,0.022222222222222223,-0.037519630044698715,0.03375294804573059,0.48412540555000305,0.3995496332645416,-0.8890788555145264,-0.15794773399829865,-0.7060414552688599,-0.030571442009571587,0.034741525427386136,0.4728389305530215,0.41136586910237743,-0.8458809225686934,-0.13812624274842655,-0.7259696219686371,0.0,0.0,0.0,0.0,0.0,0.0,0.0,0.04399999976158142
679223.151371337,411,0.022222222222222223,-0.03956809267401695,0.03358239680528641,0.4848618507385254,0.39875513315200806,-0.8909763693809509,-0.1594872772693634,-0.7036519050598145,-0.031261744221237134,0.034741525427386136,0.4733096733326204,0.41041048863459323,-0.8476366857293178,-0.1387200123513798,-0.7253730124195144,0.0,0.0,0.0,0.0,0.0,0.0,0.0,0.04399999976158142
679223.173585194,412,0.022222222222222223,-0.03993898630142212,0.03363838791847229,0.4852207899093628,0.3975575566291809,-0.892874002456665,-0.15999671816825867,-0.7032210230827332,-0.031994569963702965,0.034741525427386136,0.47383089315030535,0.4094995749958912,-0.8494074862039809,-0.13940055571442844,-0.7246194038346321,0.0,0.0,0.0,0.0,0.0,0.0,0.0,0.04399999976158142
679223.19583606,413,0.022222222222222223,-0.04003340005874634,0.03337441757321358,0.4855557084083557,0.3964831233024597,-0.8947715163230896,-0.1600157767534256,-0.7036524415016174,-0.03277990746842789,0.034741525427386136,0.47432206107781605,0.4085907797717485,-0.8511917407989418,-0.14008923878715535,-0.7238529646018309,0.0,0.0,0.0,0.0,0.0,0.0,0.0,0.04399999976158142
679223.221209591,414,0.022222222222222223,-0.040729742497205734,0.03398524597287178,0.48597797751426697,0.395641952753067,-0.8966691493988037,-0.160450741648674,-0.7035297155380249,-0.03357996105985538,0.034741525427386136,0.4747832621740878,0.4076533820507155,-0.8529880103241596,-0.14071872172271974,-0.723194160441504,0.0,0.0,0.0,0.0,0.0,0.0,0.0,0.04399999976158142
679223.240271086,415,0.022222222222222223,-0.041482266038656235,0.033917780965566635,0.48654410243034363,0.39483192563056946,-0.8985666632652283,-0.16106365621089935,-0.7027333974838257,-0.03437365432053627,0.034741525427386136,0.4752367128559615,0.40670406983801033,-0.8547950322016835,-0.1413164417387573,-0.7226068371498652,0.0,0.0,0.0,0.0,0.0,0.0,0.0,0.04399999976158142
679223.262529647,416,0.022222222222222223,-0.04200572893023491,0.03431491553783417,0.4868263602256775,0.39424362778663635,-0.9004642963409424,-0.16119395196437836,-0.7031118273735046,-0.03515925992986058,0.034741525427386136,0.47571138853005124,0.4057670196028941,-0.8566116538462003,-0.1419108581377066,-0.7220138171061304,0.0,0.0,0.0,0.0,0.0,0.0,0.0,0.04399999976158142
679223.284683995,417,0.022222222222222223,-0.042340416461229324,0.03430852293968201,0.48719194531440735,0.39375796914100647,-0.9023618102073669,-0.16120003163814545,-0.7034105062484741,-0.03663415254244218,0.034741525427386136,0.47646102615414365,0.40417256338376034,-0.8598933170579416,-0.14295430615218124,-0.721008416158001,0.0,0.0,0.0,0.0,0.0,0.0,0.0,0.04399999976158142
679223.307060553,418,0.022222222222222223,-0.04390990361571312,0.035233449190855026,0.4876757264137268,0.39328789710998535,-0.904259443283081,-0.1617884635925293,-0.7023112177848816,-0.037302861475696655,0.034741525427386136,0.47682548166895117,0.4035011939392938,-0.8615717012641515,-0.14340169225911417,-0.7206349262228113,0.0,0.0,0.0,0.0,0.0,0.0,0.0,0.04399999976158142
679223.329232439,419,0.022222222222222223,-0.04608287662267685,0.03503772243857384,0.48831865191459656,0.3927428722381592,-0.9061569571495056,-0.1628471314907074,-0.699670135974884,-0.03795005737891263,0.034741525427386136,0.47721251893331545,0.40288694683331916,-0.8632733431487248,-0.14384914675812724,-0.7202173994174904,0.0,0.0,0.0,0.0,0.0,0.0,0.0,0.04399999976158142
679223.35146207,420,0.022222222222222223,-0.04572031646966934,0.033806778490543365,0.49372074007987976,0.3901306390762329,-0.9025008082389832,-0.16395136713981628,-0.6977789402008057,-0.03863851729780761,0.034741525427386136,0.4776482684285151,0.40231015525711755,-0.864995763555906,-0.14435027064997608,-0.7195975238526097,0.0,0.0,0.0,0.0,0.0,0.0,0.0,0.04399999976158142
679223.37368351,421,0.022222222222222223,-0.04964229464530945,0.03337567672133446,0.49458518624305725,0.3880973756313324,-0.9013136029243469,-0.16229096055030823,-0.7016913294792175,-0.03936494143319539,0.034741525427386136,0.4790243586666348,0.4015877498838604,-0.8661633388619554,-0.14491543539417642,-0.7188218513063231,0.0,0.0,0.0,0.0,0.0,0.0,0.0,0.04399999976158142
679223.395911597,422,0.022222222222222223,-0.051899656653404236,0.033544089645147324,0.4989752173423767,0.3855890929698944,-0.8960908055305481,-0.15949313342571259,-0.7067251801490784,-0.040177258363830945,0.034741525427386136,0.48031587532048314,0.4005935094863535,-0.8670741313413959,-0.145311473674519,-0.71841055902718,0.0,0.0,0.0,0.0,0.0,0.0,0.0,0.04399999976158142
679223.418097466,423,0.022222222222222223,-0.05485949292778969,0.03316713869571686,0.504058301448822,0.3830755650997162,-0.8911793231964111,-0.16034863889217377,-0.7059398889541626,-0.04115976675238943,0.034741525427386136,0.4821923824939273,0.39930632883685613,-0.8673456899397576,-0.14539211571468705,-0.7183918309763212,0.0,0.0,0.0,0.0,0.0,0.0,0.0,0.04399999976158142
679223.440344784,424,0.022222222222222223,-0.05641685053706169,0.031323112547397614,0.5083081722259521,0.38075417280197144,-0.8862677216529846,-0.16034553945064545,-0.7076766490936279,-0.04235183707152698,0.034741525427386136,0.4846832657681787,0.3977302231399446,-0.8673456899397576,-0.14546152664261974,-0.7183918309763212,0.0,0.0,0.0,0.0,0.0,0.0,0.0,0.04399999976158142
679223.462575043,425,0.022222222222222223,-0.05692191794514656,0.02919342927634716,0.5120840072631836,0.379254013299942,-0.8813562393188477,-0.1603473275899887,-0.7112675905227661,-0.043754529770907935,0.034735393829979526,0.4875148571375308,0.39592132672148633,-0.8673456899397576,-0.1455432821440546,-0.7183918309763212,0.0,0.0,0.0,0.0,0.0,0.0,0.0,0.04399999976158142
679223.484631157,426,0.022222222222222223,-0.05684313178062439,0.02712886407971382,0.5162255764007568,0.37747058272361755,-0.8764446377754211,-0.16108854115009308,-0.7134488821029663,-0.04686915775641045,0.034643407783255004,0.4923873343782079,0.39247327455175546,-0.8673456899397576,-0.14568206106282455,-0.7183918309763212,0.0,0.0,0.0,0.0,0.0,0.0,0.0,0.04399999976158142
679223.506854633,427,0.022222222222222223,-0.05668812245130539,0.02479957602918148,0.5203324556350708,0.37598857283592224,-0.8715331554412842,-0.16242550313472748,-0.7154532074928284,-0.04841857584471412,0.03442637732254211,0.49526026993049604,0.3908688209794509,-0.8673456899397576,-0.1458015177496298,-0.7183918309763212,0.0,0.0,0.0,0.0,0.0,0.0,0.0,0.04399999976158142
679223.529198018,428,0.022222222222222223,-0.05582894757390022,0.02232493832707405,0.524459183216095,0.3744237720966339,-0.8666215538978577,-0.16371119022369385,-0.7177422046661377,-0.04986682394280418,0.03400676239370833,0.49837054365692546,0.3892865236735856,-0.8673456899397576,-0.1460371386430054,-0.7183918309763212,0.0,0.0,0.0,0.0,0.0,0.0,0.0,0.04399999976158142
679223.551475597,429,0.022222222222222223,-0.05473395437002182,0.01980157569050789,0.528506338596344,0.3732072412967682,-0.8617100715637207,-0.16535010933876038,-0.7203344106674194,-0.05114396434101417,0.033336643531141456,0.5016761761165416,0.38772049725255725,-0.8673456899397576,-0.1463878532951208,-0.7183918309763212,0.0,0.0,0.0,0.0,0.0,0.0,0.0,0.04399999976158142
679223.573701469,430,0.022222222222222223,-0.05178641155362129,0.017880897969007492,0.530850350856781,0.37139686942100525,-0.8583431839942932,-0.1654031127691269,-0.7252193093299866,-0.05218236304929106,0.032386003448741076,0.5051246124704895,0.3861893129891942,-0.8673456899397576,-0.14686932056172813,-0.7183918309763212,0.0,0.0,0.0,0.0,0.0,0.0,0.0,0.04399999976158142
679223.595967292,431,0.022222222222222223,-0.04918217286467552,0.017570119351148605,0.5319543480873108,0.3704646825790405,-0.8562679290771484,-0.16522957384586334,-0.7314583659172058,-0.05288906095789219,0.03115854931664054,0.5083658939631661,0.384667968038364,-0.8673456899397576,-0.1473457654297375,-0.7183918309763212,0.0,0.0,0.0,0.0,0.0,0.0,0.0,0.04399999976158142
679223.618122717,432,0.022222222222222223,-0.04592999815940857,0.017799867317080498,0.5311216711997986,0.36916205286979675,-0.8566515445709229,-0.16396082937717438,-0.738008975982666,-0.053175628048015365,0.02972335689211969,0.5112000395668025,0.3831816751083799,-0.8673456899397576,-0.14775856519697975,-0.7183918309763212,0.0,0.0,0.0,0.0,0.0,0.0,0.0,0.04399999976158142
679223.640373873,433,0.022222222222222223,-0.043867483735084534,0.0198251623660326,0.5288043022155762,0.3692035973072052,-0.8590204119682312,-0.16225571930408478,-0.7450368404388428,-0.053106017274609535,0.028192244597291572,0.5133351044218514,0.3817558269000824,-0.8673456899397576,-0.14801760385038992,-0.7188430714078522,0.0,0.0,0.0,0.0,0.0,0.0,0.0,0.04399999976158142
679223.662546471,434,0.022222222222222223,-0.04327616095542908,0.02109948918223381,0.5274941921234131,0.369566947221756,-0.8613457083702087,-0.1625499278306961,-0.748094916343689,-0.05281211980230415,0.026713386452167996,0.5146186763803521,0.3804796178225035,-0.8673456899397576,-0.14807535341260578,-0.7199647186543146,0.0,0.0,0.0,0.0,0.0,0.0,0.0,0.04399999976158142
679223.684965373,435,0.022222222222222223,-0.04260661080479622,0.0227943267673254,0.5263898968696594,0.36975350975990295,-0.863671064376831,-0.16304655373096466,-0.7505673170089722,-0.05166587559266551,0.02427574253881213,0.5162323142150259,0.378674362710718,-0.8673456899397576,-0.14811141997796648,-0.7224437696490149,0.0,0.0,0.0,0.0,0.0,0.0,0.0,0.04399999976158142
679223.70697045,436,0.022222222222222223,-0.04181593284010887,0.023719679564237595,0.5251956582069397,0.3698734641075134,-0.8659963607788086,-0.16264788806438446,-0.7534976601600647,-0.05090086850119046,0.023451410199358227,0.5164910104531784,0.3781591963838574,-0.8673456899397576,-0.14818589020610404,-0.7238890631882355,0.0,0.0,0.0,0.0,0.0,0.0,0.0,0.04399999976158142
679223.729555648,437,0.022222222222222223,-0.0413399301469326,0.025347910821437836,0.5239518880844116,0.3704247772693634,-0.8683217167854309,-0.16171608865261078,-0.7568754553794861,-0.05004639648677025,0.02294958482657689,0.5164932113859643,0.3778395684409539,-0.8673456899397576,-0.14823237812641096,-0.7254844189065384,0.0,0.0,0.0,0.0,0.0,0.0,0.0,0.04399999976158142
679223.751822865,438,0.022222222222222223,-0.041368111968040466,0.026485851034522057,0.523010790348053,0.3708304762840271,-0.8706470131874084,-0.1611468493938446,-0.7588866353034973,-0.049133031615288765,0.022783145853295106,0.5164932113859643,0.37769590009167403,-0.8673456899397576,-0.1482335233370583,-0.727261885317026,0.0,0.0,0.0,0.0,0.0,0.0,0.0,0.04399999976158142
679223.773753405,439,0.022222222222222223,-0.04200814291834831,0.028199950233101845,0.5221510529518127,0.371326744556427,-0.8729723691940308,-0.16065576672554016,-0.7604751586914062,-0.048206732868178025,0.022795618043303087,0.5164932113859643,0.3776843830447726,-0.8673456899397576,-0.1482335233370583,-0.7290984039628329,0.0,0.0,0.0,0.0,0.0,0.0,0.0,0.04399999976158142
679223.795914619,440,0.022222222222222223,-0.04286688566207886,0.029078995808959007,0.5213804841041565,0.37167036533355713,-0.8752976655960083,-0.16014143824577332,-0.7613233327865601,-0.04733009241339012,0.02287230037701232,0.5164932113859643,0.3776843830447726,-0.8673456899397576,-0.1482335233370583,-0.7309191753577956,0.0,0.0,0.0,0.0,0.0,0.0,0.0,0.04399999976158142
679223.818705783,441,0.022222222222222223,-0.04417100176215172,0.030562041327357292,0.520626962184906,0.3722178637981415,-0.8776230216026306,-0.15957826375961304,-0.7620307207107544,-0.04656825505090151,0.023054467328813905,0.5164932113859643,0.3776843830447726,-0.8673456899397576,-0.1482335233370583,-0.7326529941671032,0.0,0.0,0.0,0.0,0.0,0.0,0.0,0.04399999976158142
679223.840520776,442,0.022222222222222223,-0.04555297642946243,0.031198622658848763,0.520036518573761,0.37263408303260803,-0.8799483180046082,-0.1592281013727188,-0.7617643475532532,-0.04598249269463878,0.02336641223994871,0.5164932113859643,0.3776843830447726,-0.8673456899397576,-0.1482335233370583,-0.7342792877072063,0.0,0.0,0.0,0.0,0.0,0.0,0.0,0.04399999976158142
679223.863092331,443,0.022222222222222223,-0.0473184697329998,0.03244851902127266,0.519508421421051,0.3732459843158722,-0.8822736740112305,-0.1590096652507782,-0.7612307667732239,-0.04562391982637769,0.02381290281058021,0.5164932113859643,0.3776843830447726,-0.8673456899397576,-0.1482335233370583,-0.7357244245784731,0.0,0.0,0.0,0.0,0.0,0.0,0.0,0.04399999976158142
679223.88473314,444,0.022222222222222223,-0.049038078635931015,0.03271082788705826,0.5191361308097839,0.3737080991268158,-0.884598970413208,-0.15911871194839478,-0.7595366835594177,-0.04548655563995822,0.02498348934704342,0.5164932113859643,0.3776843830447726,-0.8673456899397576,-0.1482335233370583,-0.73810484986076,0.0,0.0,0.0,0.0,0.0,0.0,0.0,0.04399999976158142
679223.909073831,445,0.022222222222222223,-0.05065854638814926,0.03349859267473221,0.518587589263916,0.37435606122016907,-0.8869243264198303,-0.15868936479091644,-0.7588021755218506,-0.04549600669555091,0.02567812285153432,0.5164932113859643,0.3776843830447726,-0.8673456899397576,-0.1482335233370583,-0.7389291230692432,0.0,0.0,0.0,0.0,0.0,0.0,0.0,0.04399999976158142
679223.929387675,446,0.022222222222222223,-0.05210224166512489,0.03367158770561218,0.5182902216911316,0.3748958706855774,-0.8892496228218079,-0.15864521265029907,-0.7570309638977051,-0.04556103214743591,0.02641896364948356,0.5164932113859643,0.3776843830447726,-0.8673456899397576,-0.1482335233370583,-0.7395609998259932,0.0,0.0,0.0,0.0,0.0,0.0,0.0,0.04399999976158142
679223.951454877,447,0.022222222222222223,-0.053670644760131836,0.03436577320098877,0.5179749727249146,0.3755376935005188,-0.8915749788284302,-0.1585964858531952,-0.7554015517234802,-0.045737398239927375,0.027182621597764942,0.5164932113859643,0.3776843830447726,-0.8673456899397576,-0.1482335233370583,-0.7399573441536177,0.0,0.0,0.0,0.0,0.0,0.0,0.0,0.04399999976158142
679223.9736434,448,0.022222222222222223,-0.054821521043777466,0.034296903759241104,0.5177656412124634,0.3759877383708954,-0.8939002752304077,-0.1585892289876938,-0.7532727718353271,-0.04606267829333725,0.027949552557926673,0.5164932113859643,0.3776843830447726,-0.8673456899397576,-0.1482335233370583,-0.7401308326014903,0.0,0.0,0.0,0.0,0.0,0.0,0.0,0.04399999976158142
679223.996010058,449,0.022222222222222223,-0.0560399629175663,0.03479090705513954,0.5174970626831055,0.37660717964172363,-0.89622563123703,-0.15845924615859985,-0.7516134977340698,-0.0465514830199578,0.028696562312099674,0.5164932113859643,0.3776843830447726,-0.8673456899397576,-0.1482335233370583,-0.7401385833810705,0.0,0.0,0.0,0.0,0.0,0.0,0.0,0.04399999976158142
679224.018539167,450,0.022222222222222223,-0.056962210685014725,0.03460578992962837,0.5173909068107605,0.3770776093006134,-0.8985509276390076,-0.15852096676826477,-0.7492527365684509,-0.047200254158997465,0.029404088836899496,0.5164932113859643,0.3776843830447726,-0.8675815013088822,-0.1482335233370583,-0.7401385833810705,0.0,0.0,0.0,0.0,0.0,0.0,0.0,0.04399999976158142
679224.040971541,451,0.022222222222222223,-0.05800975486636162,0.034988466650247574,0.5172513127326965,0.3776959478855133,-0.9008762836456299,-0.15850086510181427,-0.747219443321228,-0.04799282857949865,0.03005391701544956,0.5164932113859643,0.3776843830447726,-0.8680388489429626,-0.1482335233370583,-0.7401385833810705,0.0,0.0,0.0,0.0,0.0,0.0,0.0,0.04399999976158142
679224.062581346,452,0.022222222222222223,-0.05876326933503151,0.03467227891087532,0.5172345042228699,0.3781540095806122,-0.9032015800476074,-0.15873122215270996,-0.7444890141487122,-0.04888047839909593,0.030624494022964355,0.5164932113859643,0.3776843830447726,-0.8684542611158355,-0.1482335233370583,-0.7401385833810705,0.0,0.0,0.0,0.0,0.0,0.0,0.0,0.04399999976158142
679224.084676159,453,0.022222222222222223,-0.059602122753858566,0.03492080420255661,0.5170778036117554,0.37873947620391846,-0.9055269360542297,-0.15882161259651184,-0.7422485947608948,-0.050816900155682,0.031524148829828916,0.5164932113859643,0.3776843830447726,-0.8698589469794494,-0.1482335233370583,-0.7401385833810705,0.0,0.0,0.0,0.0,0.0,0.0,0.0,0.04399999976158142
679224.106931313,454,0.022222222222222223,-0.060141779482364655,0.034509364515542984,0.5170601010322571,0.3791561424732208,-0.9078522324562073,-0.15910667181015015,-0.7394575476646423,-0.051831604030415694,0.03184696940567731,0.5164932113859643,0.3776843830447726,-0.8708147200301396,-0.1482335233370583,-0.7401385833810705,0.0,0.0,0.0,0.0,0.0,0.0,0.0,0.04399999976158142
679224.1292024,455,0.022222222222222223,-0.06072472780942917,0.034681789577007294,0.5170051455497742,0.379650741815567,-0.9101775884628296,-0.15923623740673065,-0.7371246218681335,-0.05285001365118474,0.03208356964365201,0.5164932113859643,0.3776843830447726,-0.8719157728839368,-0.1482335233370583,-0.7401385833810705,0.0,0.0,0.0,0.0,0.0,0.0,0.0,0.04399999976158142
679224.151365221,456,0.022222222222222223,-0.06090625748038292,0.03423391655087471,0.5170087218284607,0.3799479007720947,-0.9125028848648071,-0.1592872440814972,-0.734533429145813,-0.05385009490965494,0.03223738036635417,0.5164932113859643,0.3776843830447726,-0.8731467001815074,-0.1482335233370583,-0.7401385833810705,0.0,0.0,0.0,0.0,0.0,0.0,0.0,0.04399999976158142
679224.175044338,457,0.022222222222222223,-0.061264388263225555,0.03450652211904526,0.5169455409049988,0.38033682107925415,-0.9148282408714294,-0.1594466120004654,-0.732181191444397,-0.054806436941308934,0.03231204447982431,0.5164932113859643,0.3776843830447726,-0.8744937187996648,-0.1482335233370583,-0.7401385833810705,0.0,0.0,0.0,0.0,0.0,0.0,0.0,0.04399999976158142
679224.195868007,458,0.022222222222222223,-0.0608971081674099,0.034026287496089935,0.516811728477478,0.3804609775543213,-0.917153537273407,-0.15910457074642181,-0.7301920652389526,-0.055697015472291146,0.032322449282017954,0.5164932113859643,0.3776843830447726,-0.8759445197060322,-0.1482335233370583,-0.7401385833810705,0.0,0.0,0.0,0.0,0.0,0.0,0.0,0.04399999976158142
679224.219261142,459,0.022222222222222223,-0.06059614568948746,0.03455588221549988,0.5166483521461487,0.3808709681034088,-0.9194788932800293,-0.15874993801116943,-0.7287096381187439,-0.05649342238560408,0.032322449282017954,0.5164932113859643,0.3776843830447726,-0.8774880876446646,-0.1482335233370583,-0.7401385833810705,0.0,0.0,0.0,0.0,0.0,0.0,0.0,0.04399999976158142
679224.240412327,460,0.022222222222222223,-0.060994476079940796,0.03431575745344162,0.5168760418891907,0.38113728165626526,-0.9218041896820068,-0.15968875586986542,-0.725003182888031,-0.05716389479263234,0.032322449282017954,0.5164932113859643,0.3776843830447726,-0.8791145878338638,-0.1482335233370583,-0.7401385833810705,0.0,0.0,0.0,0.0,0.0,0.0,0.0,0.04399999976158142
679224.263562408,461,0.022222222222222223,-0.06049748510122299,0.03426697105169296,0.5168200731277466,0.3812134265899658,-0.9241295456886292,-0.1601083129644394,-0.7228037714958191,-0.057708443680497934,0.032322449282017954,0.5164932113859643,0.3776843830447726,-0.8808152167987725,-0.1482335233370583,-0.7400624959670424,0.0,0.0,0.0,0.0,0.0,0.0,0.0,0.04399999976158142
679224.284719603,462,0.022222222222222223,-0.05919954553246498,0.033849675208330154,0.51658695936203,0.3812465965747833,-0.9264548420906067,-0.15955251455307007,-0.7220585346221924,-0.058445773074338625,0.032322449282017954,0.5164932113859643,0.3776843830447726,-0.8839469583776949,-0.1482335233370583,-0.7397078352945342,0.0,0.0,0.0,0.0,0.0,0.0,0.0,0.04399999976158142
679224.306923642,463,0.022222222222222223,-0.05833959951996803,0.034451890736818314,0.5163108706474304,0.38165155053138733,-0.928780198097229,-0.15894323587417603,-0.721957266330719,-0.0586009092982901,0.032322449282017954,0.5164932113859643,0.3776843830447726,-0.8856283106035598,-0.1482335233370583,-0.7393559613940665,0.0,0.0,0.0,0.0,0.0,0.0,0.0,0.04399999976158142
679224.329200792,464,0.022222222222222223,-0.05744211748242378,0.034519389271736145,0.5161982774734497,0.38178661465644836,-0.9311054944992065,-0.15855492651462555,-0.7213085293769836,-0.058614145651957744,0.032322449282017954,0.5164932113859643,0.3776843830447726,-0.887377978862706,-0.1482335233370583,-0.7390145992033188,0.0,0.0,0.0,0.0,0.0,0.0,0.0,0.04399999976158142
679224.351375058,465,0.022222222222222223,-0.05749967694282532,0.03530997782945633,0.5160509943962097,0.382344126701355,-0.9334308505058289,-0.15828347206115723,-0.72076416015625,-0.058614145651957744,0.032322449282017954,0.5164932113859643,0.3776843830447726,-0.8891887101749805,-0.1482335233370583,-0.7386531308968862,0.0,0.0,0.0,0.0,0.0,0.0,0.0,0.04399999976158142
679224.376166694,466,0.022222222222222223,-0.05820872262120247,0.03534248098731041,0.5161432027816772,0.38275840878486633,-0.9357561469078064,-0.15888917446136475,-0.7185044884681702,-0.058614145651957744,0.032322449282017954,0.5164932113859643,0.3776843830447726,-0.89105403293062,-0.1482335233370583,-0.7382694894748646,0.0,0.0,0.0,0.0,0.0,0.0,0.0,0.04399999976158142
679224.395821346,467,0.022222222222222223,-0.059465501457452774,0.035869333893060684,0.5161553621292114,0.3830045759677887,-0.9380815029144287,-0.15956604480743408,-0.7159765362739563,-0.058614145651957744,0.032322449282017954,0.5164932113859643,0.3776843830447726,-0.8929681500599561,-0.1482335233370583,-0.737724775754034,0.0,0.0,0.0,0.0,0.0,0.0,0.0,0.04399999976158142
679224.418245559,468,0.022222222222222223,-0.06161554157733917,0.035517070442438126,0.5163661241531372,0.38333258032798767,-0.9404067993164062,-0.16094164550304413,-0.7118833065032959,-0.058614145651957744,0.03233179326928878,0.5164932113859643,0.3776843830447726,-0.8949258914200902,-0.1482335233370583,-0.7369723445064245,0.0,0.0,0.0,0.0,0.0,0.0,0.0,0.04399999976158142
679224.441474285,469,0.022222222222222223,-0.061857204884290695,0.035429298877716064,0.5165203809738159,0.38256731629371643,-0.9427321553230286,-0.16174638271331787,-0.7086653709411621,-0.058614145651957744,0.03234725111768097,0.5164932113859643,0.3776843830447726,-0.8969226233480466,-0.1482335233370583,-0.7358963519869341,0.0,0.0,0.0,0.0,0.0,0.0,0.0,0.04399999976158142
679224.462421595,470,0.022222222222222223,-0.06174255907535553,0.03489062935113907,0.5166179537773132,0.3819853961467743,-0.9450574517250061,-0.1621156483888626,-0.7061262726783752,-0.058614145651957744,0.03235913749156063,0.5164932113859643,0.3776843830447726,-0.8987141212574828,-0.1482335233370583,-0.7348363303500914,0.0,0.0,0.0,0.0,0.0,0.0,0.0,0.04399999976158142
679224.485134269,471,0.022222222222222223,-0.06153683364391327,0.035103339701890945,0.5168135166168213,0.3813294768333435,-0.9473828077316284,-0.16264280676841736,-0.7033540606498718,-0.05861589150706858,0.032365492369391125,0.5164932113859643,0.3776843830447726,-0.9005556707227527,-0.1482335233370583,-0.7336199580380903,0.0,0.0,0.0,0.0,0.0,0.0,0.0,0.04399999976158142
679224.506911461,472,0.022222222222222223,-0.06140923872590065,0.03469131141901016,0.5172180533409119,0.3807407021522522,-0.949708104133606,-0.16367223858833313,-0.6996639966964722,-0.058617562269646456,0.03236557543516265,0.5164932113859643,0.3776843830447726,-0.9043872807522797,-0.14825669597396457,-0.7307234192531806,0.0,0.0,0.0,0.0,0.0,0.0,0.0,0.04399999976158142
679224.529133471,473,0.022222222222222223,-0.060962457209825516,0.034639667719602585,0.5173240303993225,0.38017982244491577,-0.9520334601402283,-0.16413015127182007,-0.6974795460700989,-0.058617562269646456,0.03236557543516265,0.5164932113859643,0.3776843830447726,-0.9063670308450631,-0.1483693585910548,-0.7289896127264563,0.0,0.0,0.0,0.0,0.0,0.0,0.0,0.04399999976158142
679224.551415868,474,0.022222222222222223,-0.06077171117067337,0.0341891273856163,0.5174154043197632,0.37990301847457886,-0.9543587565422058,-0.16449514031410217,-0.6956868767738342,-0.058617562269646456,0.03236557543516265,0.5164932113859643,0.3776843830447726,-0.9083834427952562,-0.14853411167421463,-0.7271699943804665,0.0,0.0,0.0,0.0,0.0,0.0,0.0,0.04399999976158142
679224.573655455,475,0.022222222222222223,-0.06013581156730652,0.03450481593608856,0.5176982283592224,0.37901487946510315,-0.9566841125488281,-0.16535526514053345,-0.6934772729873657,-0.058617562269646456,0.03236557543516265,0.5164932113859643,0.3776843830447726,-0.9104326215114877,-0.1487234456797494,-0.7253428359351337,0.0,0.0,0.0,0.0,0.0,0.0,0.0,0.04399999976158142
679224.596070915,476,0.022222222222222223,-0.059764306992292404,0.034166134893894196,0.517905592918396,0.37824034690856934,-0.9590094089508057,-0.166263610124588,-0.6915076375007629,-0.058617562269646456,0.03236557543516265,0.5164932113859643,0.3776843830447726,-0.9125110970664713,-0.14897272328585648,-0.7234843098177312,0.0,0.0,0.0,0.0,0.0,0.0,0.0,0.04399999976158142
679224.618103106,477,0.022222222222222223,-0.060098741203546524,0.03462628647685051,0.517923891544342,0.3775590658187866,-0.961334764957428,-0.1669173538684845,-0.6901362538337708,-0.058617562269646456,0.03236557543516265,0.5164932113859643,0.3776843830447726,-0.9146157556532278,-0.14929204952042227,-0.72160797385454,0.0,0.0,0.0,0.0,0.0,0.0,0.0,0.04399999976158142
679224.641121402,478,0.022222222222222223,-0.06120561063289642,0.034407246857881546,0.5181893110275269,0.37697842717170715,-0.9636600613594055,-0.16824589669704437,-0.6873884201049805,-0.058617562269646456,0.03236557543516265,0.5164932113859643,0.3776843830447726,-0.9167438257498726,-0.14965439757017274,-0.7197714748315905,0.0,0.0,0.0,0.0,0.0,0.0,0.0,0.04399999976158142
679224.662539087,479,0.022222222222222223,-0.06008509546518326,0.03457868844270706,0.5198790431022644,0.37471169233322144,-0.9644429683685303,-0.16951756179332733,-0.6850542426109314,-0.058617562269646456,0.03236557543516265,0.5164932113859643,0.3776843830447726,-0.9188928178676801,-0.1501041643574356,-0.7178699331877015,0.0,0.0,0.0,0.0,0.0,0.0,0.0,0.04399999976158142
679224.684682256,480,0.022222222222222223,-0.06101219356060028,0.03280428797006607,0.522843599319458,0.3731798827648163,-0.9623588919639587,-0.1692783534526825,-0.6874415278434753,-0.058617562269646456,0.03236557543516265,0.5164932113859643,0.3776843830447726,-0.9226243847268795,-0.15103330409741172,-0.714339101021429,0.0,0.0,0.0,0.0,0.0,0.0,0.0,0.04399999976158142
679224.707032609,481,0.022222222222222223,-0.06301833689212799,0.032358840107917786,0.5256420969963074,0.37249308824539185,-0.9602749347686768,-0.16904807090759277,-0.6898103952407837,-0.058617562269646456,0.03236557543516265,0.5164932113859643,0.3776843830447726,-0.9240240137074428,-0.15148632453640837,-0.712905887841493,0.0,0.0,0.0,0.0,0.0,0.0,0.0,0.04399999976158142
679224.729141465,482,0.022222222222222223,-0.06421424448490143,0.030782092362642288,0.5292620658874512,0.37137195467948914,-0.9581908583641052,-0.17016920447349548,-0.6890689134597778,-0.05864822701324115,0.03236557543516265,0.5165536522083416,0.3776843830447726,-0.9250541020097288,-0.15186580912350744,-0.711883419142883,0.0,0.0,0.0,0.0,0.0,0.0,0.0,0.04399999976158142
679224.751389223,483,0.022222222222222223,-0.06517323851585388,0.02956959791481495,0.5324545502662659,0.3704903721809387,-0.9561069011688232,-0.17109042406082153,-0.6893436908721924,-0.05875774584061895,0.03236557543516265,0.5172884001127526,0.3776843830447726,-0.9257538386989771,-0.1522903258493797,-0.7109685983818386,0.0,0.0,0.0,0.0,0.0,0.0,0.0,0.04399999976158142
679224.773588213,484,0.022222222222222223,-0.06562597304582596,0.02853175811469555,0.5354626178741455,0.36927956342697144,-0.9540228247642517,-0.1716182827949524,-0.6899164915084839,-0.058973399953540354,0.03236557543516265,0.5184969613174544,0.3776843830447726,-0.9261582795894762,-0.15277321151956855,-0.7101592075174236,0.0,0.0,0.0,0.0,0.0,0.0,0.0,0.04399999976158142
679224.795879163,485,0.022222222222222223,-0.06596632301807404,0.027671504765748978,0.5381163358688354,0.3683399260044098,-0.9519388675689697,-0.17207036912441254,-0.6912540197372437,-0.059293745433025395,0.03234905679771856,0.52005204848289,0.37761717163037956,-0.9262987378172624,-0.15327146057722446,-0.7094919465033024,0.0,0.0,0.0,0.0,0.0,0.0,0.0,0.04399999976158142
679224.818098002,486,0.022222222222222223,-0.06608717888593674,0.026913493871688843,0.5407123565673828,0.3672032356262207,-0.9498547911643982,-0.17239873111248016,-0.6925073862075806,-0.059699040751092794,0.032284648035306646,0.5218194308114663,0.37740870796896986,-0.9262988447676821,-0.1537669509367538,-0.7090231174699333,0.0,0.0,0.0,0.0,0.0,0.0,0.0,0.04399999976158142
679224.840337461,487,0.022222222222222223,-0.06617256999015808,0.026208700612187386,0.5431073307991028,0.3662470877170563,-0.9477708339691162,-0.17293739318847656,-0.6939583420753479,-0.06016203403396829,0.032148380643408685,0.52374629898523,0.3770259502452579,-0.9262988447676821,-0.15424759009972777,-0.7087428931304606,0.0,0.0,0.0,0.0,0.0,0.0,0.0,0.04399999976158142
679224.862596506,488,0.022222222222222223,-0.06610763818025589,0.02547692507505417,0.545471727848053,0.3650916516780853,-0.9456867575645447,-0.1734074354171753,-0.6952729225158691,-0.06065317330795002,0.03192847072368528,0.5257637743392638,0.3764822632147009,-0.9262988447676821,-0.15472907877552547,-0.7086456749463128,0.0,0.0,0.0,0.0,0.0,0.0,0.0,0.04399999976158142
679224.884679268,489,0.022222222222222223,-0.06577152758836746,0.024716980755329132,0.5475887060165405,0.36412209272384644,-0.9436028003692627,-0.17386005818843842,-0.6972748637199402,-0.061613428083404115,0.0312889170453776,0.5291702240914647,0.3752698949343836,-0.9262988447676821,-0.1556063718657768,-0.708593519743886,0.0,0.0,0.0,0.0,0.0,0.0,0.0,0.04399999976158142
679224.906915165,490,0.022222222222222223,-0.06491953879594803,0.023989491164684296,0.5495141744613647,0.3628832697868347,-0.9415187239646912,-0.17359516024589539,-0.700248122215271,-0.062031459147858736,0.030874592294007963,0.5310073338550664,0.3745769673994916,-0.9262988447676821,-0.15604263264717488,-0.708593519743886,0.0,0.0,0.0,0.0,0.0,0.0,0.0,0.04399999976158142
679224.929111491,491,0.022222222222222223,-0.06456785649061203,0.02368263155221939,0.5513125658035278,0.3619934320449829,-0.9394347667694092,-0.1736244559288025,-0.7032453417778015,-0.06236237256804342,0.03039445353857279,0.5328620132058934,0.3737952000735091,-0.9262988447676821,-0.15642158286776162,-0.708593519743886,0.0,0.0,0.0,0.0,0.0,0.0,0.0,0.04399999976158142
679224.951434501,492,0.022222222222222223,-0.06456804275512695,0.02338305115699768,0.553350031375885,0.3609656095504761,-0.9373506903648376,-0.17417141795158386,-0.7048060297966003,-0.06258279477204044,0.029862023069970742,0.5347062571371134,0.3729420695359278,-0.9262988447676821,-0.156755246332733,-0.708593519743886,0.0,0.0,0.0,0.0,0.0,0.0,0.0,0.04399999976158142
679224.973618653,493,0.022222222222222223,-0.06436393409967422,0.022805331274867058,0.5552367568016052,0.3600045442581177,-0.9352667331695557,-0.17486786842346191,-0.7066048979759216,-0.06269924950204864,0.029299548533467248,0.5365869223279309,0.3720431360171854,-0.9262988447676821,-0.15709827400863477,-0.708593519743886,0.0,0.0,0.0,0.0,0.0,0.0,0.0,0.04399999976158142
679224.995932514,494,0.022222222222222223,-0.06387338787317276,0.022132528945803642,0.557091474533081,0.35883474349975586,-0.9331826567649841,-0.1752653568983078,-0.7086670398712158,-0.06272597839895981,0.028718967036213478,0.5384692108332112,0.37111289233728756,-0.9262988447676821,-0.15747543515415216,-0.708593519743886,0.0,0.0,0.0,0.0,0.0,0.0,0.0,0.04399999976158142
679225.018041764,495,0.022222222222222223,-0.06337574869394302,0.02150891348719597,0.5588111281394958,0.357854962348938,-0.9310986995697021,-0.17574237287044525,-0.711068332195282,-0.06272597839895981,0.028122033706601646,0.5403462959922698,0.3701486791145833,-0.9262988447676821,-0.15786257580411364,-0.708593519743886,0.0,0.0,0.0,0.0,0.0,0.0,0.0,0.04399999976158142
679225.040321983,496,0.022222222222222223,-0.06281337141990662,0.020931914448738098,0.5606205463409424,0.3567109704017639,-0.9290146231651306,-0.17618165910243988,-0.7131986021995544,-0.06272597839895981,0.027510052996214382,0.5421935245849411,0.36915751017422194,-0.9262988447676821,-0.1582575860655733,-0.708593519743886,0.0,0.0,0.0,0.0,0.0,0.0,0.0,0.04399999976158142
679225.062564606,497,0.022222222222222223,-0.062197495251894,0.020334454253315926,0.562281608581543,0.35585010051727295,-0.9269306659698486,-0.1766730695962906,-0.7157978415489197,-0.06272597839895981,0.026271817259587556,0.5455247073163141,0.367193885424397,-0.9262988447676821,-0.15902715790492156,-0.708593519743886,0.0,0.0,0.0,0.0,0.0,0.0,0.0,0.04399999976158142
679225.084663383,498,0.022222222222222223,-0.060944728553295135,0.019727710634469986,0.563816487789154,0.35469529032707214,-0.9248465895652771,-0.17638395726680756,-0.7192751169204712,-0.06272597839895981,0.02567657848682566,0.5470437545293111,0.3663315546372692,-0.9262988447676821,-0.1593966312385949,-0.708593519743886,0.0,0.0,0.0,0.0,0.0,0.0,0.0,0.04399999976158142
679225.10693353,499,0.022222222222222223,-0.060230374336242676,0.01955823414027691,0.5653572678565979,0.35395345091819763,-0.9227626323699951,-0.17664368450641632,-0.7223705053329468,-0.06272597839895981,0.025096520892974174,0.5485662290880335,0.36548227151308427,-0.9262988447676821,-0.15971476034490129,-0.708593519743886,0.0,0.0,0.0,0.0,0.0,0.0,0.0,0.04399999976158142
679225.129239032,500,0.022222222222222223,-0.05879772827029228,0.01905166544020176,0.5663500428199768,0.3529679775238037,-0.9206785559654236,-0.17489486932754517,-0.7278982400894165,-0.06272597839895981,0.024537981066199636,0.5500922050488355,0.36462987198992836,-0.9262988447676821,-0.1600125876682896,-0.708593519743886,0.0,0.0,0.0,0.0,0.0,0.0,0.0,0.04399999976158142
679225.15306304,501,0.022222222222222223,-0.057553939521312714,0.01940203830599785,0.5669897794723511,0.35297277569770813,-0.9185945987701416,-0.17226874828338623,-0.7355372309684753,-0.06270711697357163,0.024005915758944653,0.5515173358214017,0.3637717256442847,-0.9262988447676821,-0.16014050460535692,-0.7090186080701599,0.0,0.0,0.0,0.0,0.0,0.0,0.0,0.04399999976158142
679225.173564506,502,0.022222222222222223,-0.05545540899038315,0.020587122067809105,0.5650027394294739,0.3521341383457184,-0.920318067073822,-0.16947998106479645,-0.7417877316474915,-0.06262705901703898,0.023517093808331672,0.5527925432019958,0.36297314269920905,-0.9262988447676821,-0.16014229751198208,-0.7101604990263166,0.0,0.0,0.0,0.0,0.0,0.0,0.0,0.04399999976158142
679225.19585316,503,0.022222222222222223,-0.055104974657297134,0.022930510342121124,0.5619291663169861,0.35292455554008484,-0.9242265820503235,-0.16732031106948853,-0.7469614744186401,-0.06242375622693521,0.02312195921219254,0.5534485493852019,0.36224130727760445,-0.9262988447676821,-0.16014229751198208,-0.7118899308801551,0.0,0.0,0.0,0.0,0.0,0.0,0.0,0.04399999976158142
679225.218079519,504,0.022222222222222223,-0.05617028847336769,0.024417677894234657,0.5604941248893738,0.35406631231307983,-0.927258312702179,-0.1671406328678131,-0.748221218585968,-0.06207979897950436,0.022902452523432194,0.5534538477188728,0.36165321245805687,-0.9262988447676821,-0.16014229751198208,-0.7140205435602469,0.0,0.0,0.0,0.0,0.0,0.0,0.0,0.04399999976158142
679225.240399894,505,0.022222222222222223,-0.057231854647397995,0.026304801926016808,0.5592031478881836,0.3549136817455292,-0.9302901029586792,-0.16736087203025818,-0.7488347887992859,-0.06166128548950412,0.022878904704593778,0.5534538477188728,0.3613410084153889,-0.9262988447676821,-0.16014229751198208,-0.7161543323001177,0.0,0.0,0.0,0.0,0.0,0.0,0.0,0.04399999976158142
679225.262611314,506,0.022222222222222223,-0.05807964503765106,0.02731214463710785,0.5578089356422424,0.35551461577415466,-0.9333218336105347,-0.1670549362897873,-0.749413788318634,-0.06125368201622093,0.0228852234452915,0.5534538477188728,0.36129678028293394,-0.9262988447676821,-0.16014229751198208,-0.7181411395257289,0.0,0.0,0.0,0.0,0.0,0.0,0.0,0.04399999976158142
679225.284852555,507,0.022222222222222223,-0.05958707258105278,0.028981659561395645,0.5564181208610535,0.35642382502555847,-0.9363536238670349,-0.16680683195590973,-0.7498409152030945,-0.06061640054507275,0.02295032797397931,0.5534538477188728,0.36129678028293394,-0.9262988447676821,-0.16014229751198208,-0.7215695673762748,0.0,0.0,0.0,0.0,0.0,0.0,0.0,0.04399999976158142
679225.307121422,508,0.022222222222222223,-0.06113903596997261,0.02976132184267044,0.5551736354827881,0.3571130037307739,-0.9393853545188904,-0.16687355935573578,-0.7489255666732788,-0.06046540794360543,0.02308542715746984,0.5534538477188728,0.36129678028293394,-0.9262988447676821,-0.16014229751198208,-0.7230828975002505,0.0,0.0,0.0,0.0,0.0,0.0,0.0,0.04399999976158142
679225.329144394,509,0.022222222222222223,-0.06292511522769928,0.031080393120646477,0.5538017153739929,0.35798901319503784,-0.9424171447753906,-0.1664981096982956,-0.7487253546714783,-0.060452571062209345,0.023337130971314325,0.5534538477188728,0.36129678028293394,-0.9262988447676821,-0.16014229751198208,-0.7243660434520962,0.0,0.0,0.0,0.0,0.0,0.0,0.0,0.04399999976158142
679225.351510736,510,0.022222222222222223,-0.06468405574560165,0.0317484587430954,0.5526325106620789,0.358748197555542,-0.9454488754272461,-0.16645680367946625,-0.7473086714744568,-0.060452571062209345,0.023717786566663044,0.5534538477188728,0.36129678028293394,-0.9262988447676821,-0.16014229751198208,-0.7254711314952671,0.0,0.0,0.0,0.0,0.0,0.0,0.0,0.04399999976158142
679225.373665465,511,0.022222222222222223,-0.06683528423309326,0.03294043242931366,0.5514943599700928,0.35962310433387756,-0.9484806656837463,-0.166476771235466,-0.7457392811775208,-0.060479007066243665,0.02422638369113694,0.5534538477188728,0.36129678028293394,-0.9262988447676821,-0.16014229751198208,-0.7263323921657818,0.0,0.0,0.0,0.0,0.0,0.0,0.0,0.04399999976158142
679225.396060022,512,0.022222222222222223,-0.06873853504657745,0.03329911455512047,0.550494372844696,0.3602903187274933,-0.9515123963356018,-0.16672205924987793,-0.7430734634399414,-0.060601405756187374,0.02485519891296144,0.5534538477188728,0.36129678028293394,-0.9262988447676821,-0.16014229751198208,-0.7269342570562458,0.0,0.0,0.0,0.0,0.0,0.0,0.0,0.04399999976158142
679225.418082102,513,0.022222222222222223,-0.07088685035705566,0.034171465784311295,0.5494400262832642,0.3610914349555969,-0.954544186592102,-0.16677634418010712,-0.7407117486000061,-0.060886890944843175,0.025583098428854697,0.5534538477188728,0.36129678028293394,-0.9262988447676821,-0.16014229751198208,-0.7272087970214125,0.0,0.0,0.0,0.0,0.0,0.0,0.0,0.04399999976158142
679225.440323113,514,0.022222222222222223,-0.07293983548879623,0.0342852920293808,0.5485091209411621,0.361817866563797,-0.9575759172439575,-0.1670764684677124,-0.7373707294464111,-0.061380946118222146,0.026383828985678447,0.5534538477188728,0.36129678028293394,-0.926469133351592,-0.16014229751198208,-0.7272294869805525,0.0,0.0,0.0,0.0,0.0,0.0,0.0,0.04399999976158142
679225.464081234,515,0.022222222222222223,-0.07443283498287201,0.0348932221531868,0.5475607514381409,0.36239126324653625,-0.9606077075004578,-0.16714166104793549,-0.7345587015151978,-0.06211221570631507,0.027225676958592904,0.5534538477188728,0.36129678028293394,-0.9269390528524883,-0.16014229751198208,-0.7272294869805525,0.0,0.0,0.0,0.0,0.0,0.0,0.0,0.04399999976158142
679225.484693684,516,0.022222222222222223,-0.07662354409694672,0.034889332950115204,0.5468117594718933,0.3633231520652771,-0.9636394381523132,-0.16800850629806519,-0.7303817868232727,-0.06411128953473945,0.02887234560618291,0.5534538477188728,0.36129678028293394,-0.9280639147204557,-0.16014229751198208,-0.7272294869805525,0.0,0.0,0.0,0.0,0.0,0.0,0.0,0.04399999976158142
679225.506923882,517,0.022222222222222223,-0.0783475786447525,0.035333625972270966,0.5462728142738342,0.363601952791214,-0.9666712284088135,-0.16908159852027893,-0.7253493666648865,-0.0653349188420621,0.029635771744346392,0.5534538477188728,0.36129678028293394,-0.9290078800607883,-0.16014229751198208,-0.7272294869805525,0.0,0.0,0.0,0.0,0.0,0.0,0.0,0.04399999976158142
679225.529109097,518,0.022222222222222223,-0.07970645278692245,0.034914981573820114,0.5458008646965027,0.36370429396629333,-0.969702959060669,-0.17028020322322845,-0.7197427749633789,-0.06670959436233144,0.030338678899443312,0.5534538477188728,0.36129678028293394,-0.9301733226101837,-0.16014229751198208,-0.7272294869805525,0.0,0.0,0.0,0.0,0.0,0.0,0.0,0.04399999976158142
679225.551660809,519,0.022222222222222223,-0.0800071582198143,0.03477911651134491,0.5450534820556641,0.3634576201438904,-0.9727347493171692,-0.17039458453655243,-0.7161903381347656,-0.06820913751022337,0.030960799627486366,0.5534538477188728,0.36129678028293394,-0.9315367419841599,-0.16014229751198208,-0.7272294869805525,0.0,0.0,0.0,0.0,0.0,0.0,0.0,0.04399999976158142
679225.573555814,520,0.022222222222222223,-0.07997839152812958,0.03439459577202797,0.5443412661552429,0.3635389804840088,-0.9757664799690247,-0.17028619349002838,-0.7130321860313416,-0.06977301222137641,0.03147852715330503,0.5534538477188728,0.36129678028293394,-0.933077142700361,-0.16014229751198208,-0.7272294869805525,0.0,0.0,0.0,0.0,0.0,0.0,0.0,0.04399999976158142
679225.595778618,521,0.022222222222222223,-0.07959708571434021,0.03483002632856369,0.5439881682395935,0.36310338973999023,-0.9787982702255249,-0.17071999609470367,-0.7090129256248474,-0.0713199618389054,0.031878230335223405,0.5534002762048943,0.36129678028293394,-0.9347757445152663,-0.16014229751198208,-0.7272294869805525,0.0,0.0,0.0,0.0,0.0,0.0,0.0,0.04399999976158142
679225.61810623,522,0.022222222222222223,-0.0791967362165451,0.03462373465299606,0.543746829032898,0.3629187047481537,-0.9818300008773804,-0.17147162556648254,-0.7043787240982056,-0.07277152604039828,0.032169918783576355,0.5532893317263147,0.36129678028293394,-0.9366157713728697,-0.16014229751198208,-0.7268954850888897,0.0,0.0,0.0,0.0,0.0,0.0,0.0,0.04399999976158142
679225.6402749,523,0.022222222222222223,-0.07818643748760223,0.03468058258295059,0.5431163311004639,0.36269110441207886,-0.9848617911338806,-0.17133429646492004,-0.702208936214447,-0.07406291042826556,0.03236810458000544,0.5531529784065589,0.36129678028293394,-0.938582214857412,-0.16014229751198208,-0.7261127799901912,0.0,0.0,0.0,0.0,0.0,0.0,0.0,0.04399999976158142
679225.662466171,524,0.022222222222222223,-0.07710852473974228,0.0345575213432312,0.5423610210418701,0.3627469539642334,-0.9878935217857361,-0.1707587093114853,-0.7011716365814209,-0.07513543054099339,0.03248116225908074,0.5529228058719702,0.36129678028293394,-0.940661670623515,-0.16014229751198208,-0.7251187424938987,0.0,0.0,0.0,0.0,0.0,0.0,0.0,0.04399999976158142
679225.684644824,525,0.022222222222222223,-0.07696722447872162,0.03550712391734123,0.5419958829879761,0.36257830262184143,-0.9909253120422363,-0.17108778655529022,-0.6986100077629089,-0.07654132672518221,0.03252499293190698,0.5524403277284176,0.36129678028293394,-0.9445114904664935,-0.16014229751198208,-0.7232504916502411,0.0,0.0,0.0,0.0,0.0,0.0,0.0,0.04399999976158142
679225.706895571,526,0.022222222222222223,-0.07729661464691162,0.0356663279235363,0.5418460965156555,0.3625349998474121,-0.9939570426940918,-0.17224204540252686,-0.6942790150642395,-0.07686511006764322,0.03252499293190698,0.5521309472000158,0.36129678028293394,-0.946605187032496,-0.16014229751198208,-0.7221844017952374,0.0,0.0,0.0,0.0,0.0,0.0,0.0,0.04399999976158142
679225.729090714,527,0.022222222222222223,-0.07670298963785172,0.036052994430065155,0.5411261916160583,0.36213812232017517,-0.996988832950592,-0.17209301888942719,-0.692935049533844,-0.07698264457474491,0.03252499293190698,0.5518515949446267,0.36129678028293394,-0.9487983908321297,-0.16014229751198208,-0.7208086713539043,0.0,0.0,0.0,0.0,0.0,0.0,0.0,0.04399999976158142
679225.751620806,528,0.022222222222222223,-0.0759536400437355,0.03618016466498375,0.5402069687843323,0.3619803786277771,-1.0000205039978027,-0.17132321000099182,-0.6930704712867737,-0.07698522311709607,0.03253386475366763,0.5514892768937708,0.36129678028293394,-0.9510805520801957,-0.16014229751198208,-0.7193631550205003,0.0,0.0,0.0,0.0,0.0,0.0,0.0,0.04399999976158142
679225.773620532,529,0.022222222222222223,-0.0768049880862236,0.03746272623538971,0.5398004055023193,0.36179283261299133,-1.0030522346496582,-0.17187455296516418,-0.6905378699302673,-0.07698522311709607,0.03256008447009237,0.5510204965743459,0.36129678028293394,-0.9534422219920026,-0.16014229751198208,-0.7180510227535136,0.0,0.0,0.0,0.0,0.0,0.0,0.0,0.04399999976158142
679225.795793835,530,0.022222222222222223,-0.07839468121528625,0.03761626034975052,0.5397257208824158,0.3616522252559662,-1.0060839653015137,-0.17370302975177765,-0.6851341724395752,-0.07698522311709607,0.03263341698498576,0.5505621195224752,0.36129678028293394,-0.955874972070697,-0.16014229751198208,-0.7166718863297779,0.0,0.0,0.0,0.0,0.0,0.0,0.0,0.04399999976158142
679225.818079173,531,0.022222222222222223,-0.07642029970884323,0.03788616880774498,0.5399060845375061,0.36002200841903687,-1.0083444118499756,-0.1741684228181839,-0.6831020712852478,-0.07698522311709607,0.032771600127709515,0.5501765007343848,0.36129678028293394,-0.9583712622698441,-0.16014229751198208,-0.7149285551639886,0.0,0.0,0.0,0.0,0.0,0.0,0.0,0.04399999976158142
679225.840309424,532,0.022222222222222223,-0.07623659819364548,0.03701096028089523,0.5413309931755066,0.3592923879623413,-1.008291244506836,-0.1732981652021408,-0.6851773262023926,-0.07698522311709607,0.03296393612579766,0.549898920045737,0.36129678028293394,-0.9608447166685103,-0.16014229751198208,-0.7130716684834186,0.0,0.0,0.0,0.0,0.0,0.0,0.0,0.04399999976158142
679225.862515406,533,0.022222222222222223,-0.07859937101602554,0.03720887377858162,0.5428017973899841,0.35906949639320374,-1.0082380771636963,-0.17298011481761932,-0.6857041120529175,-0.07698522311709607,0.03317344761893227,0.5498972576462233,0.36129678028293394,-0.9630566930466599,-0.16014229751198208,-0.7115379286675872,0.0,0.0,0.0,0.0,0.0,0.0,0.0,0.04399999976158142
679225.884694243,534,0.022222222222222223,-0.08064059168100357,0.036301881074905396,0.5450782775878906,0.35859060287475586,-1.0081849098205566,-0.17403657734394073,-0.683086633682251,-0.07698522311709607,0.033545834907251264,0.5498972576462233,0.36129678028293394,-0.9667958205377595,-0.16014229751198208,-0.7090902988072831,0.0,0.0,0.0,0.0,0.0,0.0,0.0,0.04399999976158142
679225.90697142,535,0.022222222222222223,-0.0817331001162529,0.035664353519678116,0.5469433069229126,0.35808658599853516,-1.008131742477417,-0.1746656447649002,-0.6817664504051208,-0.0769972681594529,0.03368481792048854,0.5498972576462233,0.36129678028293394,-0.9683652211919236,-0.16014229751198208,-0.7078768754224746,0.0,0.0,0.0,0.0,0.0,0.0,0.0,0.04399999976158142
679225.92913156,536,0.022222222222222223,-0.08256971836090088,0.035386666655540466,0.5485298037528992,0.3574610650539398,-1.0080785751342773,-0.17469748854637146,-0.6814141869544983,-0.07705584296611642,0.03375123617301407,0.5498972576462233,0.36129678028293394,-0.9697624991252336,-0.16017486415107715,-0.7066212333456057,0.0,0.0,0.0,0.0,0.0,0.0,0.0,0.04399999976158142
679225.951375826,537,0.022222222222222223,-0.08362364768981934,0.03529641032218933,0.5497732758522034,0.3570318818092346,-1.0080254077911377,-0.1746656596660614,-0.6816492080688477,-0.07719244401678735,0.033755377866057416,0.5498972576462233,0.36129678028293394,-0.9710059131909908,-0.16021667083330432,-0.7054389929751285,0.0,0.0,0.0,0.0,0.0,0.0,0.0,0.04399999976158142
679225.973631774,538,0.022222222222222223,-0.08476188778877258,0.03547338768839836,0.5508893132209778,0.3564302921295166,-1.007972240447998,-0.17432823777198792,-0.6818903088569641,-0.07742788619556235,0.033755377866057416,0.5498972576462233,0.36129678028293394,-0.9721117853353747,-0.16025238450492202,-0.7043954901990972,0.0,0.0,0.0,0.0,0.0,0.0,0.0,0.04399999976158142
679225.995912009,539,0.022222222222222223,-0.08636509627103806,0.03539106249809265,0.5519769191741943,0.3561185300350189,-1.0079190731048584,-0.17462961375713348,-0.6813668608665466,-0.07778058702938116,0.033755377866057416,0.5498972576462233,0.36129678028293394,-0.9730947060653948,-0.16025756890381265,-0.703490944773803,0.0,0.0,0.0,0.0,0.0,0.0,0.0,0.04399999976158142
679226.018287024,540,0.022222222222222223,-0.08748626708984375,0.03421337157487869,0.5535740852355957,0.35568228363990784,-1.0078659057617188,-0.1755589246749878,-0.6796739101409912,-0.07827287421118777,0.033755377866057416,0.5498972576462233,0.36129678028293394,-0.9739677181207138,-0.1602776746674649,-0.7026467229927801,0.0,0.0,0.0,0.0,0.0,0.0,0.0,0.04399999976158142
679226.040292007,541,0.022222222222222223,-0.08776414394378662,0.03343551605939865,0.5549371838569641,0.35518890619277954,-1.007812738418579,-0.17627228796482086,-0.6788656115531921,-0.07891364789379078,0.033755377866057416,0.5498972576462233,0.36129678028293394,-0.9747424806614813,-0.16037840152991945,-0.7017397986976899,0.0,0.0,0.0,0.0,0.0,0.0,0.0,0.04399999976158142
679226.062442759,542,0.022222222222222223,-0.08788051456212997,0.03300223872065544,0.5561228394508362,0.35461869835853577,-1.0077595710754395,-0.17645417153835297,-0.6787970662117004,-0.08049117528998789,0.033755377866057416,0.5498972576462233,0.36129678028293394,-0.976043330558033,-0.16072368567862277,-0.6999837196834502,0.0,0.0,0.0,0.0,0.0,0.0,0.0,0.04399999976158142
679226.084684299,543,0.022222222222222223,-0.08815976232290268,0.032821208238601685,0.557025671005249,0.3542530834674835,-1.0077064037322998,-0.17647986114025116,-0.679375946521759,-0.08132387876466915,0.033755377866057416,0.5498972576462233,0.36129678028293394,-0.9765866311962503,-0.16089309071898686,-0.6992300734940655,0.0,0.0,0.0,0.0,0.0,0.0,0.0,0.04399999976158142
679226.106930908,544,0.022222222222222223,-0.08856790512800217,0.032916538417339325,0.557840883731842,0.3537425696849823,-1.0076532363891602,-0.1761777251958847,-0.6800252199172974,-0.0821374053338994,0.033755377866057416,0.5498972576462233,0.36129678028293394,-0.9770666582508494,-0.16105088014175245,-0.6986049975082291,0.0,0.0,0.0,0.0,0.0,0.0,0.0,0.04399999976158142
679226.129144156,545,0.022222222222222223,-0.08947189897298813,0.032824404537677765,0.5586550831794739,0.3535338044166565,-1.0076000690460205,-0.17645026743412018,-0.6800382733345032,-0.0829143221685178,0.033755377866057416,0.5498972576462233,0.36129678028293394,-0.9774901238111778,-0.16116741118128797,-0.6981161504092851,0.0,0.0,0.0,0.0,0.0,0.0,0.0,0.04399999976158142
679226.154052212,546,0.022222222222222223,-0.09092472493648529,0.031732071191072464,0.5601540207862854,0.35362696647644043,-1.0075469017028809,-0.17798185348510742,-0.6778536438941956,-0.08365791765535062,0.033755377866057416,0.5498972576462233,0.36128097236419415,-0.977863027945218,-0.16128597876896442,-0.6976975197707255,0.0,0.0,0.0,0.0,0.0,0.0,0.0,0.04399999976158142
679226.173762428,547,0.022222222222222223,-0.09093884378671646,0.030761953443288803,0.5613633990287781,0.3529799282550812,-1.0074937343597412,-0.17895197868347168,-0.6770054697990417,-0.08439672412812274,0.033755377866057416,0.5501673266811137,0.36125710270995853,-0.9781907342311233,-0.1615246013802072,-0.6971420926680776,0.0,0.0,0.0,0.0,0.0,0.0,0.0,0.04399999976158142
679226.196472429,548,0.022222222222222223,-0.09044422209262848,0.030317749828100204,0.5622258186340332,0.3520618975162506,-1.0074405670166016,-0.17872971296310425,-0.6782506108283997,-0.08512911575156917,0.033755377866057416,0.5506186457068062,0.36118653773217224,-0.9784780372763378,-0.16185669487258375,-0.6965228299939549,0.0,0.0,0.0,0.0,0.0,0.0,0.0,0.04399999976158142
679226.218226322,549,0.022222222222222223,-0.0910128653049469,0.030062217265367508,0.5633782148361206,0.3514697551727295,-1.007387399673462,-0.17961490154266357,-0.6775427460670471,-0.08581034658085482,0.03374876580047163,0.5511500558078127,0.36099625562960386,-0.9787292230742556,-0.16216029459408138,-0.6960533053962698,0.0,0.0,0.0,0.0,0.0,0.0,0.0,0.04399999976158142
679226.240395161,550,0.022222222222222223,-0.09129700064659119,0.028695452958345413,0.5651683211326599,0.3508729338645935,-1.0073342323303223,-0.18146173655986786,-0.6748259663581848,-0.08642349976459043,0.03372520495259848,0.5517999726055776,0.3606830048680955,-0.9789481229582236,-0.16249873391544895,-0.6956053271619401,0.0,0.0,0.0,0.0,0.0,0.0,0.0,0.04399999976158142
679226.262529238,551,0.022222222222222223,-0.0900222435593605,0.02760307490825653,0.566460132598877,0.350189745426178,-1.0072810649871826,-0.1823858618736267,-0.6746106743812561,-0.08696731935533397,0.033684013693876635,0.5523284420820005,0.3603279123935551,-0.9791436513928985,-0.16282299407399145,-0.695189350786906,0.0,0.0,0.0,0.0,0.0,0.0,0.0,0.04399999976158142
679226.284631743,552,0.022222222222222223,-0.08830182999372482,0.027145057916641235,0.5672876834869385,0.3494185209274292,-1.007227897644043,-0.1818007528781891,-0.6770617365837097,-0.08780643745793648,0.03342102119719323,0.5539622968588644,0.3595394266027139,-0.9794586465287605,-0.16378190266893775,-0.6939730543564605,0.0,0.0,0.0,0.0,0.0,0.0,0.0,0.04399999976158142
679226.30691786,553,0.022222222222222223,-0.08790350705385208,0.027255041524767876,0.5681737661361694,0.34915265440940857,-1.0071747303009033,-0.18182842433452606,-0.6786761283874512,-0.08800533486907516,0.033149290806505693,0.5548241493576719,0.35906092116042054,-0.9795832488096796,-0.1642196477321407,-0.693620982578562,0.0,0.0,0.0,0.0,0.0,0.0,0.0,0.04399999976158142
679226.329868265,554,0.022222222222222223,-0.08738192915916443,0.02649177610874176,0.5696732401847839,0.34858235716819763,-1.0071215629577637,-0.1827593743801117,-0.6784920692443848,-0.08803322252174015,0.0328083433343702,0.5556904823244581,0.3585571692719807,-0.9796889932113424,-0.16459768177285397,-0.6935017303764222,0.0,0.0,0.0,0.0,0.0,0.0,0.0,0.04399999976158142
679226.351449826,555,0.022222222222222223,-0.086757130920887,0.026343457400798798,0.570919930934906,0.3479959964752197,-1.007068395614624,-0.1835874319076538,-0.6789888739585876,-0.08803322252174015,0.032412653699224865,0.5566766757796762,0.35805092439549663,-0.9797778801858054,-0.16501164089114867,-0.6934204684391639,0.0,0.0,0.0,0.0,0.0,0.0,0.0,0.04399999976158142
679226.373642741,556,0.022222222222222223,-0.08621206879615784,0.02647380530834198,0.5720008015632629,0.3471784293651581,-1.0070152282714844,-0.18394336104393005,-0.6797954440116882,-0.08803322252174015,0.03197255271193727,0.5577137197060535,0.3575336262959058,-0.9798516979762988,-0.16547271930627647,-0.6933859482506055,0.0,0.0,0.0,0.0,0.0,0.0,0.0,0.04399999976158142
679226.396038901,557,0.022222222222222223,-0.0858013927936554,0.026465963572263718,0.5729080438613892,0.34658950567245483,-1.0069620609283447,-0.18435338139533997,-0.6809383630752563,-0.08803322252174015,0.03151842023902285,0.5587596936042162,0.3569837934199369,-0.9799120451284307,-0.16593486029655397,-0.6933856254888665,0.0,0.0,0.0,0.0,0.0,0.0,0.0,0.04399999976158142
679226.418269625,558,0.022222222222222223,-0.08497142791748047,0.02560500241816044,0.5741735100746155,0.3460525870323181,-1.006908893585205,-0.18483872711658478,-0.6817041635513306,-0.08803322252174015,0.03107714852780114,0.5597795233310955,0.35640222845402836,-0.9799603506133935,-0.1663902238050865,-0.6933856254888665,0.0,0.0,0.0,0.0,0.0,0.0,0.0,0.04399999976158142
679226.440395003,559,0.022222222222222223,-0.08414797484874725,0.025134075433015823,0.5753588080406189,0.3457212746143341,-1.0068557262420654,-0.18538010120391846,-0.6827370524406433,-0.08803322252174015,0.03064477167527764,0.5608454891960586,0.3558105969673616,-0.9799978918164927,-0.16684683391234503,-0.6933856254888665,0.0,0.0,0.0,0.0,0.0,0.0,0.0,0.04399999976158142
679226.462504981,560,0.022222222222222223,-0.0832023173570633,0.024112625047564507,0.5769286751747131,0.34523001313209534,-1.0068025588989258,-0.18611858785152435,-0.6832428574562073,-0.08801543526642068,0.030209097119449184,0.5619346410244451,0.3552386901699406,-0.9800258106174434,-0.16731113159390493,-0.6933856254888665,0.0,0.0,0.0,0.0,0.0,0.0,0.0,0.04399999976158142
679226.484796641,561,0.022222222222222223,-0.08233132213354111,0.023995205760002136,0.5782044529914856,0.3447788655757904,-1.0067493915557861,-0.1866399347782135,-0.684511125087738,-0.08787942429914938,0.029353182940136224,0.5638285723961943,0.3542874898547362,-0.9800673029666754,-0.16818188032908488,-0.6933856254888665,0.0,0.0,0.0,0.0,0.0,0.0,0.0,0.04399999976158142
679226.507013454,562,0.022222222222222223,-0.08155950158834457,0.02429148182272911,0.5792378783226013,0.3440561592578888,-1.0066962242126465,-0.18643207848072052,-0.686449408531189,-0.08771762692652817,0.028920551223131398,0.5648910259068041,0.3538618020680393,-0.9800765785726407,-0.16863836886881622,-0.6933856254888665,0.0,0.0,0.0,0.0,0.0,0.0,0.0,0.04399999976158142
679226.529159894,563,0.022222222222222223,-0.08132776618003845,0.024594677612185478,0.580109179019928,0.3436637818813324,-1.0066430568695068,-0.18646149337291718,-0.6884532570838928,-0.08746917429630312,0.02850919618347358,0.5659486352544592,0.3534197119357752,-0.9800792302033303,-0.16904198423735345,-0.6933856254888665,0.0,0.0,0.0,0.0,0.0,0.0,0.0,0.04399999976158142
679226.55146631,564,0.022222222222222223,-0.0810554251074791,0.024068661034107208,0.5814116597175598,0.34307780861854553,-1.0065898895263672,-0.18698345124721527,-0.6894298791885376,-0.08714230213689134,0.02814758138496398,0.56697091850348,0.3529590036524692,-0.9800792302033303,-0.1693991553347112,-0.6933856254888665,0.0,0.0,0.0,0.0,0.0,0.0,0.0,0.04399999976158142
679226.573639289,565,0.022222222222222223,-0.08094653487205505,0.02381773665547371,0.5825844407081604,0.34269553422927856,-1.0065367221832275,-0.18749310076236725,-0.690689742565155,-0.08675773045969569,0.027834980259223586,0.5680457606710874,0.35248433949735436,-0.9800792302033303,-0.16976111700084767,-0.6933856254888665,0.0,0.0,0.0,0.0,0.0,0.0,0.0,0.04399999976158142
679226.595821737,566,0.022222222222222223,-0.08065825700759888,0.02299642749130726,0.5840966105461121,0.342174232006073,-1.006483554840088,-0.18803270161151886,-0.6915202736854553,-0.08633750071410921,0.027557496453545573,0.5691398263811677,0.352005004553974,-0.9800792302033303,-0.1701391281763232,-0.6933856254888665,0.0,0.0,0.0,0.0,0.0,0.0,0.0,0.04399999976158142
679226.618064176,567,0.022222222222222223,-0.08047052472829819,0.02265879139304161,0.5854859948158264,0.34181103110313416,-1.0064303874969482,-0.18855586647987366,-0.6925907135009766,-0.08589950048901783,0.027294349661248322,0.570313243371876,0.3515258130163889,-0.9800792302033303,-0.17053391588635008,-0.6933856254888665,0.0,0.0,0.0,0.0,0.0,0.0,0.0,0.04399999976158142
679226.640472354,568,0.022222222222222223,-0.08014891296625137,0.02181616984307766,0.5871860384941101,0.3413025438785553,-1.0063772201538086,-0.18909943103790283,-0.6932521462440491,-0.08545713570180624,0.027028445792689097,0.5715285545339304,0.35105360537828134,-0.9800792302033303,-0.17094307229149464,-0.6933856254888665,0.0,0.0,0.0,0.0,0.0,0.0,0.0,0.04399999976158142
679226.662542864,569,0.022222222222222223,-0.0797053724527359,0.021424947306513786,0.5886701345443726,0.3410031795501709,-1.006324052810669,-0.18945930898189545,-0.6946403384208679,-0.08501988464534954,0.026744422647547453,0.5728361139931379,0.35058752637172863,-0.9800792302033303,-0.17136631260277102,-0.6933856254888665,0.0,0.0,0.0,0.0,0.0,0.0,0.0,0.04399999976158142
679226.684664736,570,0.022222222222222223,-0.07868809252977371,0.020684175193309784,0.5902802348136902,0.3404516577720642,-1.0062707662582397,-0.18924559652805328,-0.6966747641563416,-0.08420223172883794,0.026127672020975927,0.5750355623488519,0.34978042239367624,-0.9800792302033303,-0.17213682849904421,-0.6933856254888665,0.0,0.0,0.0,0.0,0.0,0.0,0.0,0.04399999976158142
679226.707073669,571,0.022222222222222223,-0.07845065742731094,0.020773006603121758,0.5916979312896729,0.34035223722457886,-1.0062175989151,-0.1891861855983734,-0.6988145709037781,-0.08380513975026944,0.025793476802538705,0.5762640298355599,0.34941335591722544,-0.9800792302033303,-0.17246625938672705,-0.6933856254888665,0.0,0.0,0.0,0.0,0.0,0.0,0.0,0.04399999976158142
679226.729175794,572,0.022222222222222223,-0.07847245782613754,0.020260559394955635,0.5935170650482178,0.34014764428138733,-1.0061644315719604,-0.18972229957580566,-0.699530303478241,-0.08339919964736066,0.025445053793091803,0.5775294625206554,0.3490621409863099,-0.9800792302033303,-0.17274972858358548,-0.6933856254888665,0.0,0.0,0.0,0.0,0.0,0.0,0.0,0.04399999976158142
679226.751356084,573,0.022222222222222223,-0.07830274850130081,0.020010551437735558,0.5951133370399475,0.3399956524372101,-1.0061112642288208,-0.19006982445716858,-0.7007290720939636,-0.08300068736888007,0.025090895530811036,0.5789001271679968,0.3487434196406323,-0.9800792302033303,-0.17304487767702592,-0.6933856254888665,0.0,0.0,0.0,0.0,0.0,0.0,0.0,0.04399999976158142
679226.774500128,574,0.022222222222222223,-0.07780178636312485,0.019300879910588264,0.5968984365463257,0.33963873982429504,-1.0060580968856812,-0.1901417374610901,-0.7019665837287903,-0.08262275616856884,0.024731451492005892,0.5803148435425607,0.3484580077761912,-0.9800792302033303,-0.17335029326456378,-0.6933856254888665,0.0,0.0,0.0,0.0,0.0,0.0,0.0,0.04399999976158142
679226.795894598,575,0.022222222222222223,-0.07759100198745728,0.019134415313601494,0.598470151424408,0.3395337760448456,-1.0060049295425415,-0.19019007682800293,-0.7035181522369385,-0.0822622882540878,0.02436149732718341,0.581800194219513,0.3481882498918387,-0.9800792302033303,-0.17363770252415972,-0.6933856254888665,0.0,0.0,0.0,0.0,0.0,0.0,0.0,0.04399999976158142
679226.81810139,576,0.022222222222222223,-0.07731340080499649,0.018487105146050453,0.6002939343452454,0.3392672538757324,-1.0059517621994019,-0.19037556648254395,-0.7045733332633972,-0.08191613527438676,0.023981099404186742,0.583302797525885,0.34793332063546284,-0.9800792302033303,-0.17389992966033738,-0.6933856254888665,0.0,0.0,0.0,0.0,0.0,0.0,0.0,0.04399999976158142
679226.843077707,577,0.022222222222222223,-0.07716598361730576,0.0182359479367733,0.6018872261047363,0.33927905559539795,-1.0058985948562622,-0.19047445058822632,-0.7060444355010986,-0.08158577435880483,0.02359051462466729,0.5848663832470318,0.34769206804245245,-0.9800792302033303,-0.17415022138348965,-0.6933856254888665,0.0,0.0,0.0,0.0,0.0,0.0,0.0,0.04399999976158142
679226.862500341,578,0.022222222222222223,-0.07646510004997253,0.017583882436156273,0.603630542755127,0.33898645639419556,-1.0058454275131226,-0.19016072154045105,-0.7077218294143677,-0.0812771125252691,0.023196210117005903,0.5861349043632182,0.34747441904150167,-0.9800792302033303,-0.1743781020345911,-0.6933856254888665,0.0,0.0,0.0,0.0,0.0,0.0,0.0,0.04399999976158142
679226.8846838,579,0.022222222222222223,-0.0762566328048706,0.01755664311349392,0.6050521731376648,0.339059054851532,-1.005792260169983,-0.18972651660442352,-0.7100968956947327,-0.08072891089795967,0.02242940084344157,0.588866891455581,0.34713823735302846,-0.9800792302033303,-0.1747545752478755,-0.6933948146218797,0.0,0.0,0.0,0.0,0.0,0.0,0.0,0.04399999976158142
679226.90691207,580,0.022222222222222223,-0.07630569487810135,0.01712063141167164,0.606788158416748,0.3389815092086792,-1.0057390928268433,-0.18967527151107788,-0.7115547060966492,-0.08046470821197903,0.02205335353356755,0.5902767693280582,0.34699790592785296,-0.9800792302033303,-0.1748579730459279,-0.6936044856577165,0.0,0.0,0.0,0.0,0.0,0.0,0.0,0.04399999976158142
679226.929110011,581,0.022222222222222223,-0.07664487510919571,0.01704792119562626,0.6083595156669617,0.33904731273651123,-1.0056859254837036,-0.18973569571971893,-0.7129265666007996,-0.08021182694775576,0.021687757718707398,0.5917483876803136,0.3468823343753594,-0.9800792302033303,-0.17493455599988597,-0.6939712438172904,0.0,0.0,0.0,0.0,0.0,0.0,0.0,0.04399999976158142
679226.951359023,582,0.022222222222222223,-0.07683582603931427,0.01648673042654991,0.6101481318473816,0.3387974798679352,-1.005632758140564,-0.1896986961364746,-0.7139172554016113,-0.07998907891819393,0.021336106440320544,0.5932396818201674,0.3467937466261828,-0.9800792302033303,-0.17500618885684227,-0.6944496480986997,0.0,0.0,0.0,0.0,0.0,0.0,0.0,0.04399999976158142
679226.973652678,583,0.022222222222222223,-0.0771934986114502,0.01631448045372963,0.6116886138916016,0.3387784957885742,-1.0055795907974243,-0.18964746594429016,-0.715293288230896,-0.07981228424148566,0.020996109799426625,0.5947874774278634,0.34671216626888746,-0.9800792302033303,-0.17506849951646716,-0.6949931592411138,0.0,0.0,0.0,0.0,0.0,0.0,0.0,0.04399999976158142
679226.995798757,584,0.022222222222222223,-0.07731681317090988,0.01572204940021038,0.613437294960022,0.33845674991607666,-1.0055264234542847,-0.18957462906837463,-0.7164084911346436,-0.0796925955386975,0.020664606906025906,0.5963346212059808,0.3466290700532725,-0.9800792302033303,-0.17511890493784965,-0.6956176472496524,0.0,0.0,0.0,0.0,0.0,0.0,0.0,0.04399999976158142
679227.018208812,585,0.022222222222222223,-0.07764437794685364,0.015556973405182362,0.6149413585662842,0.3384687602519989,-1.005473256111145,-0.18951070308685303,-0.7179043889045715,-0.079633791246481,0.020336639686921523,0.5979198788250999,0.3465298301213749,-0.9800792302033303,-0.17515649341298353,-0.696301674744025,0.0,0.0,0.0,0.0,0.0,0.0,0.0,0.04399999976158142
679227.040283678,586,0.022222222222222223,-0.07733910530805588,0.01504292618483305,0.6165730357170105,0.3380257189273834,-1.0054200887680054,-0.18901197612285614,-0.719667911529541,-0.07962707020788984,0.02000978375579604,0.5994902699862927,0.3464202721394889,-0.9800792302033303,-0.17518282637642046,-0.6970644884617276,0.0,0.0,0.0,0.0,0.0,0.0,0.0,0.04399999976158142
679227.062525715,587,0.022222222222222223,-0.07747785747051239,0.01521221362054348,0.6178610324859619,0.3380429744720459,-1.0053669214248657,-0.18825174868106842,-0.722210168838501,-0.07962707020788984,0.019682609964769573,0.601072055826889,0.3462865330990625,-0.9800792302033303,-0.1751839599326276,-0.6979290745542792,0.0,0.0,0.0,0.0,0.0,0.0,0.0,0.04399999976158142
679227.08468391,588,0.022222222222222223,-0.0778190866112709,0.014975138008594513,0.6194905042648315,0.3379673361778259,-1.005313754081726,-0.1878868192434311,-0.723660945892334,-0.07962707020788984,0.019058388235267686,0.6036344474013197,0.3460004752951204,-0.9800792302033303,-0.1751839599326276,-0.699683147923151,0.0,0.0,0.0,0.0,0.0,0.0,0.0,0.04399999976158142
679227.107168871,589,0.022222222222222223,-0.07845745235681534,0.015035995282232761,0.6209459900856018,0.33813169598579407,-1.0052605867385864,-0.18767274916172028,-0.7250036597251892,-0.07962707020788984,0.018786612024034758,0.6049803981515929,0.3458844978915994,-0.9800792302033303,-0.1751839599326276,-0.7007041383600292,0.0,0.0,0.0,0.0,0.0,0.0,0.0,0.04399999976158142
679227.129092318,590,0.022222222222222223,-0.07875815778970718,0.014578456990420818,0.6225915551185608,0.3379569351673126,-1.0052074193954468,-0.18734563887119293,-0.7260741591453552,-0.07962707020788984,0.018546627141629912,0.6063479365046252,0.3458014081145075,-0.9800792302033303,-0.1751839599326276,-0.7017632447903355,0.0,0.0,0.0,0.0,0.0,0.0,0.0,0.04399999976158142
679227.151357405,591,0.022222222222222223,-0.07928138226270676,0.014531420543789864,0.6239757537841797,0.33809828758239746,-1.0051542520523071,-0.18693557381629944,-0.7275501489639282,-0.07962707020788984,0.01833247494663988,0.607768349299344,0.34573858583107947,-0.9800792302033303,-0.1751839599326276,-0.7028304076947466,0.0,0.0,0.0,0.0,0.0,0.0,0.0,0.04399999976158142
679227.173542244,592,0.022222222222222223,-0.07947555184364319,0.01406598649919033,0.6255947351455688,0.3379319906234741,-1.0051010847091675,-0.18648740649223328,-0.7286362648010254,-0.07962707020788984,0.018137367626004135,0.6091825941870511,0.3456942773414828,-0.9800792302033303,-0.1751839599326276,-0.7039320120953878,0.0,0.0,0.0,0.0,0.0,0.0,0.0,0.04399999976158142
679227.195855705,593,0.022222222222222223,-0.07979121059179306,0.014033875428140163,0.6269578337669373,0.33805668354034424,-1.0050479173660278,-0.18594560027122498,-0.7301798462867737,-0.07962707020788984,0.017953540002376756,0.6106354871715833,0.34565834547500685,-0.9800792302033303,-0.1751839599326276,-0.7050414118987429,0.0,0.0,0.0,0.0,0.0,0.0,0.0,0.04399999976158142
679227.218013723,594,0.022222222222222223,-0.0791214257478714,0.013796704821288586,0.6282482147216797,0.3375520706176758,-1.0049947500228882,-0.18415586650371552,-0.7330593466758728,-0.07962707020788984,0.01777620732991407,0.6120718944743453,0.34563144744636887,-0.9800792302033303,-0.1751839599326276,-0.7061867682873347,0.0,0.0,0.0,0.0,0.0,0.0,0.0,0.04399999976158142
679227.240268036,595,0.022222222222222223,-0.07974176853895187,0.014841455034911633,0.6292902827262878,0.33779579401016235,-1.004940152168274,-0.18253184854984283,-0.7357320189476013,-0.07962707020788984,0.017605577898542658,0.6134804484141322,0.3455785711642379,-0.9800792302033303,-0.1751839599326276,-0.7074869432239955,0.0,0.0,0.0,0.0,0.0,0.0,0.0,0.04399999976158142
679227.262509569,596,0.022222222222222223,-0.08013234287500381,0.014877773821353912,0.6304522156715393,0.3375580310821533,-1.0048850774765015,-0.18081633746623993,-0.7377179265022278,-0.07962707020788984,0.017469123002391316,0.6148192981257046,0.3455132456998346,-0.9800792302033303,-0.1751839599326276,-0.7089405301056882,0.0,0.0,0.0,0.0,0.0,0.0,0.0,0.04399999976158142
679227.285790747,597,0.022222222222222223,-0.08085601776838303,0.0156447421759367,0.6312357187271118,0.33792561292648315,-1.0048301219940186,-0.1788727343082428,-0.7405238151550293,-0.07962707020788984,0.017355330944142534,0.6169998623882315,0.34541213768368406,-0.9800792302033303,-0.1751839599326276,-0.7116847730007883,0.0,0.0,0.0,0.0,0.0,0.0,0.0,0.04399999976158142
679227.306919123,598,0.022222222222222223,-0.08115743100643158,0.01588538847863674,0.6321467161178589,0.33781298995018005,-1.004775047302246,-0.17645375430583954,-0.7432883381843567,-0.07962707020788984,0.017354590465949487,0.6180368917855986,0.34538009339294434,-0.9800792302033303,-0.1751839599326276,-0.7131999745198409,0.0,0.0,0.0,0.0,0.0,0.0,0.0,0.04399999976158142
679227.333378085,599,0.022222222222222223,-0.08232293277978897,0.017263224348425865,0.6327602863311768,0.3383581340312958,-1.0047200918197632,-0.17395251989364624,-0.7463200092315674,-0.07962707020788984,0.017354590465949487,0.6190493032689003,0.34537285427544273,-0.9800792302033303,-0.1751839599326276,-0.7148513564364226,0.0,0.0,0.0,0.0,0.0,0.0,0.0,0.04399999976158142
679227.352221014,600,0.022222222222222223,-0.08290934562683105,0.01892467960715294,0.6312272548675537,0.3384663462638855,-1.0082603693008423,-0.17393673956394196,-0.7443915605545044,-0.07962707020788984,0.017354590465949487,0.6199859393166974,0.34537283556386994,-0.9800792302033303,-0.1751839599326276,-0.7166459156936609,0.0,0.0,0.0,0.0,0.0,0.0,0.0,0.04399999976158142
679227.373568,601,0.022222222222222223,-0.07872194796800613,0.020892757922410965,0.6270986199378967,0.33771806955337524,-1.0152286291122437,-0.17506234347820282,-0.7412329912185669,-0.07962979565482173,0.017354590465949487,0.6204542926155656,0.34537283556386994,-0.9802428898162664,-0.1751839599326276,-0.7181594026765239,0.0,0.0,0.0,0.0,0.0,0.0,0.0,0.04399999976158142
679227.395834386,602,0.022222222222222223,-0.07064111530780792,0.023476002737879753,0.6201056838035583,0.3373238742351532,-1.0249687433242798,-0.1753685027360916,-0.7408542037010193,-0.07962979565482173,0.017363716483875673,0.6204542926155656,0.345365693874003,-0.9811131509207652,-0.1751839599326276,-0.7191988564314387,0.0,0.0,0.0,0.0,0.0,0.0,0.0,0.04399999976158142
679227.418072696,603,0.022222222222222223,-0.06409372389316559,0.02650226280093193,0.6135578751564026,0.3393890857696533,-1.0339797735214233,-0.17585386335849762,-0.741884708404541,-0.07948452836283629,0.01745200961040548,0.6204542926155656,0.34531996927667913,-0.9829164860565754,-0.1751839599326276,-0.7200160715664521,0.0,0.0,0.0,0.0,0.0,0.0,0.0,0.04399999976158142
679227.440260364,604,0.022222222222222223,-0.05782362073659897,0.02971070632338524,0.606158971786499,0.3409579396247864,-1.044245958328247,-0.17688268423080444,-0.7403178215026855,-0.07894367471659502,0.017729376857517715,0.6204542926155656,0.3453149070747855,-0.985486479806307,-0.1751839599326276,-0.7208200855117327,0.0,0.0,0.0,0.0,0.0,0.0,0.0,0.04399999976158142
679227.463096062,605,0.022222222222222223,-0.052385397255420685,0.03275095671415329,0.599614679813385,0.34267786145210266,-1.0533998012542725,-0.17730598151683807,-0.7396738529205322,-0.07782169428253491,0.018286767211970676,0.619420063638111,0.3453149070747855,-0.9888693369958171,-0.1751839599326276,-0.7214305291981754,0.0,0.0,0.0,0.0,0.0,0.0,0.0,0.04399999976158142
679227.484654458,606,0.022222222222222223,-0.04977362975478172,0.036678727716207504,0.591869056224823,0.34462353587150574,-1.0644625425338745,-0.1786816269159317,-0.7352637648582458,-0.07402924044428474,0.020166249112958713,0.6166415678751357,0.3453149070747855,-0.9955967150315221,-0.1751839599326276,-0.7223340709152022,0.0,0.0,0.0,0.0,0.0,0.0,0.0,0.04399999976158142
679227.506920905,607,0.022222222222222223,-0.052130624651908875,0.04110046476125717,0.5840027332305908,0.34794527292251587,-1.075506567955017,-0.17963142693042755,-0.7304624915122986,-0.07144027177727114,0.021529537247022452,0.613599968765478,0.3453149070747855,-1.0000494040157035,-0.1751839599326276,-0.722372833303937,0.0,0.0,0.0,0.0,0.0,0.0,0.0,0.04399999976158142
679227.529160976,608,0.022222222222222223,-0.05666082724928856,0.0432526171207428,0.581322968006134,0.351150780916214,-1.0808734893798828,-0.17998477816581726,-0.7248560190200806,-0.06862010716707025,0.023260606908490505,0.6096311557875747,0.3453149070747855,-1.0052013578065495,-0.1751839599326276,-0.722372833303937,0.0,0.0,0.0,0.0,0.0,0.0,0.0,0.04399999976158142
679227.551411485,609,0.022222222222222223,-0.06133962422609329,0.04475502669811249,0.5791999101638794,0.35297253727912903,-1.086216926574707,-0.18200471997261047,-0.7150650024414062,-0.06591517056179881,0.02534691652711354,0.6058944042092612,0.3453149070747855,-1.0103921806524812,-0.1751839599326276,-0.722372833303937,0.0,0.0,0.0,0.0,0.0,0.0,0.0,0.04399999976158142
679227.573616793,610,0.022222222222222223,-0.06614991277456284,0.043908774852752686,0.5773563385009766,0.35415372252464294,-1.091489553451538,-0.18616211414337158,-0.700806200504303,-0.06364072381818939,0.027696828482447707,0.6024662022743166,0.34532227815003746,-1.0155992593513024,-0.1751839599326276,-0.722372833303937,0.0,0.0,0.0,0.0,0.0,0.0,0.0,0.04399999976158142
679227.595827932,611,0.022222222222222223,-0.06571140140295029,0.0408116914331913,0.5807566046714783,0.3527076244354248,-1.0915952920913696,-0.19189172983169556,-0.6849384903907776,-0.062028909554153154,0.030153883728572514,0.5993418050253777,0.34543148523374984,-1.0208134918100433,-0.1751839599326276,-0.7217584072588425,0.0,0.0,0.0,0.0,0.0,0.0,0.0,0.04399999976158142
679227.618053989,612,0.022222222222222223,-0.06660344451665878,0.03713783249258995,0.5819000005722046,0.3517821431159973,-1.092910647392273,-0.1992187350988388,-0.6689394116401672,-0.06110151436770498,0.03248413608801817,0.5974558721122871,0.34551879707009897,-1.0255004343911962,-0.1753964299875358,-0.7197039183196979,0.0,0.0,0.0,0.0,0.0,0.0,0.0,0.04399999976158142
679227.640879595,613,0.022222222222222223,-0.06772760301828384,0.03119909018278122,0.5858372449874878,0.3510512411594391,-1.0897092819213867,-0.20448638498783112,-0.6584606170654297,-0.060763526566268156,0.03444814698056135,0.5961592051161492,0.34551946059298544,-1.029826294523072,-0.17625550676164178,-0.716143685164223,0.0,0.0,0.0,0.0,0.0,0.0,0.0,0.04399999976158142
679227.6625389,614,0.022222222222222223,-0.06822321563959122,0.025955278426408768,0.5893511772155762,0.35042914748191833,-1.086557149887085,-0.20927168428897858,-0.6502979397773743,-0.060827864182847934,0.03580733614564747,0.5958602951503803,0.34551946059298544,-1.0333664447964717,-0.1776449034960827,-0.7116957698419459,0.0,0.0,0.0,0.0,0.0,0.0,0.0,0.04399999976158142
679227.684703229,615,0.022222222222222223,-0.06814444810152054,0.021323129534721375,0.5927460789680481,0.3490222096443176,-1.0834048986434937,-0.21297363936901093,-0.6441971063613892,-0.06140480612830022,0.036558808591060005,0.5956308202413922,0.34551946059298544,-1.0390173436638095,-0.18064956047995745,-0.7030100269599006,0.0,0.0,0.0,0.0,0.0,0.0,0.0,0.04399999976158142
679227.70704817,616,0.022222222222222223,-0.06846509873867035,0.017688080668449402,0.5956719517707825,0.3479328155517578,-1.080252766609192,-0.21582753956317902,-0.6409350037574768,-0.06184639547681693,0.03610460600599252,0.5956308202413922,0.34551946059298544,-1.0409135927232176,-0.18252689143186157,-0.6983267775792273,0.0,0.0,0.0,0.0,0.0,0.0,0.0,0.04399999976158142
679227.729176701,617,0.022222222222222223,-0.06785890460014343,0.014816123992204666,0.5987969040870667,0.34628525376319885,-1.0771005153656006,-0.21791765093803406,-0.6385818123817444,-0.06234409833330895,0.03511864901618608,0.5956308202413922,0.34551946059298544,-1.042274306976959,-0.18453336670844725,-0.693726358274082,0.0,0.0,0.0,0.0,0.0,0.0,0.0,0.04399999976158142
679227.755059571,618,0.022222222222222223,-0.0677577406167984,0.012640787288546562,0.6016126871109009,0.34500622749328613,-1.0739483833312988,-0.21957676112651825,-0.638048529624939,-0.0628541351229989,0.03361396426537218,0.5956308202413922,0.34551946059298544,-1.0431562842197075,-0.1865696359596671,-0.6893458266051762,0.0,0.0,0.0,0.0,0.0,0.0,0.0,0.04399999976158142
679227.773655855,619,0.022222222222222223,-0.06681156903505325,0.011158255860209465,0.603529155254364,0.3432639241218567,-1.071300983428955,-0.21902914345264435,-0.6409789323806763,-0.06333441139571436,0.03165879772990836,0.5956308202413922,0.34551946059298544,-1.0436103210534855,-0.18857678177086706,-0.6853371680235724,0.0,0.0,0.0,0.0,0.0,0.0,0.0,0.04399999976158142
679227.796039588,620,0.022222222222222223,-0.06675225496292114,0.011059455573558807,0.6051689982414246,0.3421635031700134,-1.0683388710021973,-0.21737335622310638,-0.6467382311820984,-0.06374330568990927,0.029359704765254777,0.5956308202413922,0.34551946059298544,-1.0437339278233995,-0.19036465156226456,-0.681994690298413,0.0,0.0,0.0,0.0,0.0,0.0,0.0,0.04399999976158142
679227.818237163,621,0.022222222222222223,-0.06714733690023422,0.01129832398146391,0.6070899367332458,0.3403250575065613,-1.065215826034546,-0.2151593565940857,-0.6523862481117249,-0.06405560961925644,0.026865315120350668,0.5957649214329046,0.34551946059298544,-1.0437339278233995,-0.19180883978879448,-0.6795680266738146,0.0,0.0,0.0,0.0,0.0,0.0,0.0,0.04399999976158142
679227.840354885,622,0.022222222222222223,-0.06838627904653549,0.011689973995089531,0.6090335249900818,0.33911022543907166,-1.0620927810668945,-0.21320874989032745,-0.6580535769462585,-0.06428667837326917,0.024338889245561525,0.5962388675732624,0.34551946059298544,-1.0437339278233995,-0.1928708373342364,-0.6780189802814846,0.0,0.0,0.0,0.0,0.0,0.0,0.0,0.04399999976158142
679227.862493383,623,0.022222222222222223,-0.06900165975093842,0.011592626571655273,0.6115680932998657,0.33729782700538635,-1.0589804649353027,-0.21147435903549194,-0.6626545190811157,-0.06448315445906605,0.021920241467228506,0.5969952919660627,0.34551946059298544,-1.0437339278233995,-0.1935987934917452,-0.6772526352037032,0.0,0.0,0.0,0.0,0.0,0.0,0.0,0.04399999976158142
679227.884793595,624,0.022222222222222223,-0.07016483694314957,0.012076829560101032,0.6140173077583313,0.33600470423698425,-1.055871844291687,-0.21012622117996216,-0.6673487424850464,-0.06467027556298506,0.019706790551560674,0.5976121973027113,0.34551946059298544,-1.0437339278233995,-0.19419605480902946,-0.6767100982107211,0.0,0.0,0.0,0.0,0.0,0.0,0.0,0.04399999976158142
679227.906902657,625,0.022222222222222223,-0.0703636035323143,0.013636033050715923,0.6117631793022156,0.33449992537498474,-1.0582923889160156,-0.208505779504776,-0.6713072061538696,-0.06507641440934744,0.016105266154199587,0.59985109421617,0.3452592238580618,-1.0437339278233995,-0.1947746422553902,-0.6766108292073956,0.0,0.0,0.0,0.0,0.0,0.0,0.0,0.04399999976158142
679227.929235894,626,0.022222222222222223,-0.07056237012147903,0.016055509448051453,0.6080260276794434,0.3339945673942566,-1.0622807741165161,-0.20642541348934174,-0.676089882850647,-0.06534176764152644,0.014819819702856802,0.6004505986873504,0.34482199924678053,-1.0437339278233995,-0.19479346617977375,-0.6766108292073956,0.0,0.0,0.0,0.0,0.0,0.0,0.0,0.04399999976158142
679227.951381973,627,0.022222222222222223,-0.07243439555168152,0.0174818467348814,0.6081768274307251,0.3341050446033478,-1.062731146812439,-0.2060358077287674,-0.6779304146766663,-0.06563963690262123,0.013971529971580156,0.600451180844165,0.3442236679195974,-1.0437339278233995,-0.19479346617977375,-0.6766108292073956,0.0,0.0,0.0,0.0,0.0,0.0,0.0,0.04399999976158142
679227.973630039,628,0.022222222222222223,-0.07366691529750824,0.01885833777487278,0.6087065935134888,0.33364489674568176,-1.0631816387176514,-0.2066553682088852,-0.678168535232544,-0.06600002860426239,0.013591354207635761,0.600451180844165,0.3436201613754561,-1.0437339278233995,-0.19479346617977375,-0.6766108292073956,0.0,0.0,0.0,0.0,0.0,0.0,0.0,0.04399999976158142
679227.99596661,629,0.022222222222222223,-0.0738551989197731,0.019375348463654518,0.6093988418579102,0.33273425698280334,-1.0636320114135742,-0.20758797228336334,-0.6775079965591431,-0.0664635767839963,0.013587326309681748,0.600451180844165,0.3430660812697741,-1.0437339278233995,-0.19479346617977375,-0.6766108292073956,0.0,0.0,0.0,0.0,0.0,0.0,0.0,0.04399999976158142
679228.018041217,630,0.022222222222222223,-0.07443181425333023,0.01983143948018551,0.6100761890411377,0.3322061002254486,-1.0640825033187866,-0.20881372690200806,-0.6768458485603333,-0.06701725032357572,0.013709353501694515,0.600473546742765,0.34250932663303524,-1.0437339278233995,-0.19479346617977375,-0.6766108292073956,0.0,0.0,0.0,0.0,0.0,0.0,0.0,0.04399999976158142
679228.040228732,631,0.022222222222222223,-0.07453157752752304,0.01953614130616188,0.6108123660087585,0.33142992854118347,-1.0645328760147095,-0.210215762257576,-0.6755266785621643,-0.06763384526408897,0.013932048009139004,0.6006201369269631,0.3419338704670126,-1.0437339278233995,-0.19479346617977375,-0.6766108292073956,0.0,0.0,0.0,0.0,0.0,0.0,0.0,0.04399999976158142
679228.062517205,632,0.022222222222222223,-0.07491893321275711,0.019418342038989067,0.6114957928657532,0.3310496509075165,-1.0649833679199219,-0.21175704896450043,-0.6745601892471313,-0.06828570448510413,0.014225268541278466,0.6008798997185949,0.34133719975587196,-1.0437339278233995,-0.1949000679258217,-0.6766108292073956,0.0,0.0,0.0,0.0,0.0,0.0,0.0,0.04399999976158142
679228.084675153,633,0.022222222222222223,-0.07552129030227661,0.018671924248337746,0.6122606992721558,0.33077847957611084,-1.0654337406158447,-0.21369074285030365,-0.6725897789001465,-0.06956676389403851,0.014890448426999835,0.6013925646548527,0.3402605200657452,-1.0437339278233995,-0.1952704219925199,-0.6766108292073956,0.0,0.0,0.0,0.0,0.0,0.0,0.0,0.04399999976158142
679228.106913943,634,0.022222222222222223,-0.0759323388338089,0.018426360562443733,0.6129209399223328,0.3304678201675415,-1.0658842325210571,-0.2154734581708908,-0.6710301041603088,-0.07017422673739648,0.015197557919748523,0.6017821868225552,0.33980248348602826,-1.0437339278233995,-0.19568506320110382,-0.6766108292073956,0.0,0.0,0.0,0.0,0.0,0.0,0.0,0.04399999976158142
679228.129113682,635,0.022222222222222223,-0.07610668987035751,0.018573153764009476,0.6132457256317139,0.32953470945358276,-1.06633460521698,-0.21689845621585846,-0.6695125102996826,-0.07075916890107274,0.01544473762503202,0.6022241550897892,0.3393879370047029,-1.0437339278233995,-0.19625211652977084,-0.6766108292073956,0.0,0.0,0.0,0.0,0.0,0.0,0.0,0.04399999976158142
679228.151452041,636,0.022222222222222223,-0.07642004638910294,0.018468240275979042,0.6134292483329773,0.3288228511810303,-1.0667850971221924,-0.2181178778409958,-0.6688258647918701,-0.07131254799787345,0.015632063018653938,0.6026446140111091,0.33895582582857275,-1.0437339278233995,-0.1969219523199805,-0.6766108292073956,0.0,0.0,0.0,0.0,0.0,0.0,0.0,0.04399999976158142
679228.173612117,637,0.022222222222222223,-0.07635761797428131,0.017822783440351486,0.6136598587036133,0.327988862991333,-1.0672354698181152,-0.21924428641796112,-0.6680272221565247,-0.07182714754108818,0.01576457046532541,0.603019949981664,0.3384658480005377,-1.0437339278233995,-0.1976571873930648,-0.6766108292073956,0.0,0.0,0.0,0.0,0.0,0.0,0.0,0.04399999976158142
679228.195876226,638,0.022222222222222223,-0.07628708332777023,0.01753070577979088,0.6139141917228699,0.32741212844848633,-1.0676859617233276,-0.22027631103992462,-0.667769193649292,-0.07229276458194961,0.015829782731110447,0.6033673184973356,0.33791173280052467,-1.0437339278233995,-0.19843753837972303,-0.6766108292073956,0.0,0.0,0.0,0.0,0.0,0.0,0.0,0.04399999976158142
679228.218069222,639,0.022222222222222223,-0.07529160380363464,0.01694994419813156,0.6142582893371582,0.32647064328193665,-1.0681363344192505,-0.22111061215400696,-0.6674948334693909,-0.07269541104637513,0.015834401855689403,0.6036967282979329,0.3373133480459593,-1.0437339278233995,-0.1992477999614455,-0.6766108292073956,0.0,0.0,0.0,0.0,0.0,0.0,0.0,0.04399999976158142
679228.240374736,640,0.022222222222222223,-0.07514968514442444,0.016926800832152367,0.6145172715187073,0.3260830342769623,-1.068586826324463,-0.22200505435466766,-0.6678343415260315,-0.07300383867446511,0.015834401855689403,0.6040286890603366,0.3366702458184033,-1.0437339278233995,-0.20006594870500558,-0.6766108292073956,0.0,0.0,0.0,0.0,0.0,0.0,0.0,0.04399999976158142
679228.262570285,641,0.022222222222222223,-0.07468339800834656,0.016481762751936913,0.6149088740348816,0.325458288192749,-1.0690371990203857,-0.22300678491592407,-0.6673694252967834,-0.07319942903369897,0.015834401855689403,0.604346877995747,0.3360122036128378,-1.0437339278233995,-0.20089093877978706,-0.6766108292073956,0.0,0.0,0.0,0.0,0.0,0.0,0.0,0.04399999976158142
679228.285352695,642,0.022222222222222223,-0.07443709671497345,0.016429658979177475,0.6152653098106384,0.32510071992874146,-1.0694876909255981,-0.22389650344848633,-0.6674140691757202,-0.07330747214949426,0.015834401855689403,0.6048870164956981,0.3348763750422646,-1.0437339278233995,-0.202409217767476,-0.6766108292073956,0.0,0.0,0.0,0.0,0.0,0.0,0.0,0.04399999976158142
679228.306909297,643,0.022222222222222223,-0.07381537556648254,0.015984760597348213,0.615678071975708,0.3244643211364746,-1.069938063621521,-0.22468502819538116,-0.6670646667480469,-0.07330747214949426,0.015834401855689403,0.6051837054863162,0.3343704362674668,-1.0437339278233995,-0.20318512300842423,-0.6766108292073956,0.0,0.0,0.0,0.0,0.0,0.0,0.0,0.04399999976158142
679228.329245417,644,0.022222222222222223,-0.07349945604801178,0.01600191928446293,0.6160425543785095,0.324101060628891,-1.0703885555267334,-0.22549034655094147,-0.6672441959381104,-0.07330747214949426,0.015834401855689403,0.6055025389950248,0.3338763527562555,-1.0437339278233995,-0.2039651242704962,-0.6766108292073956,0.0,0.0,0.0,0.0,0.0,0.0,0.0,0.04399999976158142
679228.351359617,645,0.022222222222222223,-0.0730472207069397,0.015617364086210728,0.6164466738700867,0.3234784007072449,-1.0708389282226562,-0.22622399032115936,-0.6669322848320007,-0.07330747214949426,0.015834401855689403,0.6058302955189748,0.33338969533887525,-1.0437399741976119,-0.20474750355869042,-0.6766108292073956,0.0,0.0,0.0,0.0,0.0,0.0,0.0,0.04399999976158142
679228.373627843,646,0.022222222222222223,-0.07305151224136353,0.015719331800937653,0.6167938709259033,0.3230982720851898,-1.0712894201278687,-0.22692131996154785,-0.6670873761177063,-0.07330747214949426,0.015834401855689403,0.6061726127765884,0.3329021726273406,-1.0437920461420793,-0.2055264641478161,-0.6766108292073956,0.0,0.0,0.0,0.0,0.0,0.0,0.0,0.04399999976158142
679228.395888249,647,0.022222222222222223,-0.07302834093570709,0.015404564328491688,0.6171774864196777,0.3224497139453888,-1.0717397928237915,-0.22754403948783875,-0.6666558980941772,-0.07330747214949426,0.015834401855689403,0.6065160412284828,0.33241529975040685,-1.043886382312416,-0.20629755493959434,-0.6766108292073956,0.0,0.0,0.0,0.0,0.0,0.0,0.0,0.04399999976158142
679228.41825952,648,0.022222222222222223,-0.07348302751779556,0.015595925971865654,0.6175804138183594,0.3219754993915558,-1.072190284729004,-0.22830523550510406,-0.6662535071372986,-0.07330747214949426,0.015834401855689403,0.6068670851690884,0.33192174442217603,-1.0440184873300171,-0.20705450792043892,-0.6766108292073956,0.0,0.0,0.0,0.0,0.0,0.0,0.0,0.04399999976158142
679228.440600102,649,0.022222222222222223,-0.0726328119635582,0.015722135081887245,0.6165941953659058,0.32049429416656494,-1.0737557411193848,-0.22745800018310547,-0.6672281622886658,-0.07330747214949426,0.015834401855689403,0.6072280452994389,0.33141824606250675,-1.0441843666301829,-0.20780832339910535,-0.6766108292073956,0.0,0.0,0.0,0.0,0.0,0.0,0.0,0.04399999976158142
679228.463797665,650,0.022222222222222223,-0.07194005697965622,0.016529211774468422,0.6173343658447266,0.31941068172454834,-1.0732494592666626,-0.2256995588541031,-0.6703260540962219,-0.07330747214949426,0.015834401855689403,0.6073342251831851,0.330833945503899,-1.0444955585273081,-0.2084303845891349,-0.6766108292073956,0.0,0.0,0.0,0.0,0.0,0.0,0.0,0.04399999976158142
679228.484690931,651,0.022222222222222223,-0.071547731757164,0.016219522804021835,0.6205472350120544,0.31818312406539917,-1.070838212966919,-0.22558213770389557,-0.6709762215614319,-0.07330747214949426,0.015834401855689403,0.6076239014564017,0.32957318083224235,-1.0449785261475864,-0.2092934239874407,-0.6766108292073956,0.0,0.0,0.0,0.0,0.0,0.0,0.0,0.04399999976158142
679228.506900283,652,0.022222222222222223,-0.07125920802354813,0.01608082838356495,0.623409628868103,0.3172827661037445,-1.068479061126709,-0.22599618136882782,-0.672334611415863,-0.07330747214949426,0.015834401855689403,0.6084012063830271,0.3288545532267614,-1.0449799431494684,-0.20953257421471091,-0.6766108292073956,0.0,0.0,0.0,0.0,0.0,0.0,0.0,0.04399999976158142
679228.52919388,653,0.022222222222222223,-0.07065232843160629,0.01584511063992977,0.6261004209518433,0.3156059980392456,-1.066119909286499,-0.22583654522895813,-0.6747617125511169,-0.07330747214949426,0.015834401855689403,0.6095804469064345,0.32805967192605595,-1.0449799431494684,-0.20977567623805965,-0.6766108292073956,0.0,0.0,0.0,0.0,0.0,0.0,0.0,0.04399999976158142
679228.551398005,654,0.022222222222222223,-0.07135618478059769,0.01571037992835045,0.6283677816390991,0.31487858295440674,-1.063760757446289,-0.22590047121047974,-0.6784044504165649,-0.07330747214949426,0.015834401855689403,0.6110508134722312,0.3271564489542032,-1.0449799431494684,-0.209989735868373,-0.6766108292073956,0.0,0.0,0.0,0.0,0.0,0.0,0.0,0.04399999976158142
679228.57359256,655,0.022222222222222223,-0.07180660963058472,0.014865214936435223,0.631309986114502,0.31385570764541626,-1.061401605606079,-0.2266734093427658,-0.6797954440116882,-0.07330747214949426,0.015834401855689403,0.6126756938048927,0.32617869121070425,-1.0449799431494684,-0.21018195430890266,-0.6766108292073956,0.0,0.0,0.0,0.0,0.0,0.0,0.0,0.04399999976158142
679228.595811273,656,0.022222222222222223,-0.07268858700990677,0.014286622405052185,0.6340841054916382,0.3131154775619507,-1.0590424537658691,-0.22766301035881042,-0.6809561252593994,-0.07330747214949426,0.015834401855689403,0.6145517859368185,0.3251803084431177,-1.0449799431494684,-0.21041848033906926,-0.6766108292073956,0.0,0.0,0.0,0.0,0.0,0.0,0.0,0.04399999976158142
679228.618122582,657,0.022222222222222223,-0.07273051142692566,0.013860245235264301,0.6361566781997681,0.3115299344062805,-1.0572799444198608,-0.22769518196582794,-0.6831207871437073,-0.07330747214949426,0.015834401855689403,0.6166010398639685,0.32419262635316665,-1.0449799431494684,-0.210730689194751,-0.6766108292073956,0.0,0.0,0.0,0.0,0.0,0.0,0.0,0.04399999976158142
679228.640284081,658,0.022222222222222223,-0.07311596721410751,0.013728056102991104,0.6377538442611694,0.31063112616539,-1.0557163953781128,-0.22771017253398895,-0.6863373517990112,-0.07330747214949426,0.015834401855689403,0.6186569094274293,0.3231754230066618,-1.0449799431494684,-0.21103752841332674,-0.6766108292073956,0.0,0.0,0.0,0.0,0.0,0.0,0.0,0.04399999976158142
679228.663754925,659,0.022222222222222223,-0.07289453595876694,0.013363576494157314,0.6390625238418579,0.3094213306903839,-1.0549341440200806,-0.22791796922683716,-0.6886364817619324,-0.07330747214949426,0.015834401855689403,0.6206260356970681,0.3221234722049915,-1.0449799431494684,-0.2113137239025342,-0.6766108292073956,0.0,0.0,0.0,0.0,0.0,0.0,0.0,0.04399999976158142
679228.686535024,660,0.022222222222222223,-0.07306188344955444,0.013568894006311893,0.6402484178543091,0.3087216317653656,-1.0540977716445923,-0.22804777324199677,-0.6913985013961792,-0.07330747214949426,0.015834401855689403,0.6237577437545545,0.32024473360319317,-1.0449799431494684,-0.21179722856051325,-0.6766108292073956,0.0,0.0,0.0,0.0,0.0,0.0,0.0,0.04399999976158142
679228.707572557,661,0.022222222222222223,-0.07276973873376846,0.013781193643808365,0.6402261257171631,0.30787619948387146,-1.0550932884216309,-0.22823219001293182,-0.6932501196861267,-0.07330747214949426,0.015834401855689403,0.6252270516252852,0.3193674554149117,-1.0449799431494684,-0.21202441442348702,-0.6766578093570035,0.0,0.0,0.0,0.0,0.0,0.0,0.0,0.04399999976158142
679228.729117117,662,0.022222222222222223,-0.07247759401798248,0.014560424722731113,0.639707624912262,0.3075352907180786,-1.0565671920776367,-0.22824668884277344,-0.6957603693008423,-0.07330747214949426,0.015834401855689403,0.6264132633476599,0.3185143219480085,-1.0449799431494684,-0.21224556015477264,-0.6768683331724781,0.0,0.0,0.0,0.0,0.0,0.0,0.0,0.04399999976158142
679228.751407908,663,0.022222222222222223,-0.07265477627515793,0.014835745096206665,0.6397104859352112,0.3073829412460327,-1.0575547218322754,-0.2288249135017395,-0.6968172192573547,-0.07330747214949426,0.015834401855689403,0.6272732426477524,0.317712709401209,-1.0449799431494684,-0.21244868428793423,-0.6773114389304569,0.0,0.0,0.0,0.0,0.0,0.0,0.0,0.04399999976158142
679228.773672828,664,0.022222222222222223,-0.07282096892595291,0.015353023074567318,0.6397994756698608,0.30737757682800293,-1.058542251586914,-0.22970546782016754,-0.6972441077232361,-0.07330747214949426,0.015834401855689403,0.6279668512924944,0.3170104497273698,-1.0449799431494684,-0.21267784214269925,-0.6778568795023742,0.0,0.0,0.0,0.0,0.0,0.0,0.0,0.04399999976158142
679228.795933803,665,0.022222222222222223,-0.07179679721593857,0.015832141041755676,0.6380622982978821,0.30681800842285156,-1.0611772537231445,-0.22939570248126984,-0.6987519264221191,-0.07330747214949426,0.015834401855689403,0.6285439566921326,0.31643630884107,-1.0449799431494684,-0.21296947484097656,-0.6784058064067574,0.0,0.0,0.0,0.0,0.0,0.0,0.0,0.04399999976158142
679228.8191934,666,0.022222222222222223,-0.07077262550592422,0.016784125939011574,0.6371948719024658,0.3070215582847595,-1.0625925064086914,-0.22799454629421234,-0.7026241421699524,-0.07330747214949426,0.015834401855689403,0.628681678933577,0.31594869329606823,-1.0449799431494684,-0.21322688623902894,-0.679032299078748,0.0,0.0,0.0,0.0,0.0,0.0,0.0,0.04399999976158142
679228.840368948,667,0.022222222222222223,-0.0698535367846489,0.017677120864391327,0.6372024416923523,0.3068014681339264,-1.0635735988616943,-0.2275342047214508,-0.7039074897766113,-0.07330747214949426,0.015834401855689403,0.628681678933577,0.31554846143874543,-1.0449799431494684,-0.21333353979644148,-0.6799518212067331,0.0,0.0,0.0,0.0,0.0,0.0,0.0,0.04399999976158142
679228.862496575,668,0.022222222222222223,-0.06924968212842941,0.018367113545536995,0.6383857727050781,0.30669450759887695,-1.0635228157043457,-0.22720621526241302,-0.7052825689315796,-0.07330045876195541,0.015834401855689403,0.628681678933577,0.31523299899787377,-1.0449799431494684,-0.21335450920250035,-0.6809738871536288,0.0,0.0,0.0,0.0,0.0,0.0,0.0,0.04399999976158142
679228.884697224,669,0.022222222222222223,-0.06916499137878418,0.019015707075595856,0.6380937099456787,0.30631938576698303,-1.0651732683181763,-0.22657671570777893,-0.7067341804504395,-0.07324106068142962,0.015834401855689403,0.6288471740523672,0.31478692397039676,-1.0449799431494684,-0.2133605032205889,-0.6828757075991715,0.0,0.0,0.0,0.0,0.0,0.0,0.0,0.04399999976158142
679228.906913812,670,0.022222222222222223,-0.0706377848982811,0.020757591351866722,0.6366572380065918,0.3068313002586365,-1.0679097175598145,-0.22606904804706573,-0.7084380388259888,-0.07316874187330871,0.0158346046605303,0.6289282474261456,0.3146031495848547,-1.0449799431494684,-0.2133605032205889,-0.6838843097974456,0.0,0.0,0.0,0.0,0.0,0.0,0.0,0.04399999976158142
679228.929167919,671,0.022222222222222223,-0.07366589456796646,0.02144281379878521,0.6365014910697937,0.3075374364852905,-1.0694936513900757,-0.22686734795570374,-0.7070614099502563,-0.07311048531753409,0.0158786865347068,0.6289282474261456,0.31446967929891284,-1.0449799431494684,-0.2133605032205889,-0.6849620525262765,0.0,0.0,0.0,0.0,0.0,0.0,0.0,0.04399999976158142
679228.951360601,672,0.022222222222222223,-0.07666809111833572,0.021993374451994896,0.6365116834640503,0.3078314960002899,-1.0710777044296265,-0.22807207703590393,-0.7048120498657227,-0.0731080437532458,0.016009686353810244,0.6289282474261456,0.3144474478326733,-1.0449799431494684,-0.2133605032205889,-0.6858497592673816,0.0,0.0,0.0,0.0,0.0,0.0,0.0,0.04399999976158142
679228.973659584,673,0.022222222222222223,-0.07761753350496292,0.02231314405798912,0.6347423195838928,0.3073059022426605,-1.0744465589523315,-0.2286929488182068,-0.7025735378265381,-0.07311770774137957,0.016230877603585176,0.6289282474261456,0.3144474478326733,-1.0449799431494684,-0.21340857171395272,-0.6864202100257814,0.0,0.0,0.0,0.0,0.0,0.0,0.0,0.04399999976158142
679228.995854308,674,0.022222222222222223,-0.07856696844100952,0.02308320812880993,0.6330453753471375,0.3073694407939911,-1.0775699615478516,-0.2288060486316681,-0.7016526460647583,-0.0731665245200188,0.016531924404722193,0.6289282474261456,0.3144474478326733,-1.0452763290215115,-0.21351754102120774,-0.6866860160986278,0.0,0.0,0.0,0.0,0.0,0.0,0.0,0.04399999976158142
679229.018041519,675,0.022222222222222223,-0.08120781928300858,0.023075468838214874,0.6325252056121826,0.3081154525279999,-1.0795173645019531,-0.2298903912305832,-0.698849618434906,-0.07328780127337697,0.016907321647724436,0.6289282474261456,0.3144474478326733,-1.0458718905278586,-0.21364030437722692,-0.6867903399673462,0.0,0.0,0.0,0.0,0.0,0.0,0.0,0.04399999976158142
679229.040341007,676,0.022222222222222223,-0.0838179886341095,0.02321730926632881,0.6321713328361511,0.30859795212745667,-1.0814647674560547,-0.23110328614711761,-0.6955132484436035,-0.07354637129615195,0.017339598523676603,0.6289282474261456,0.3144474478326733,-1.0466141838344507,-0.21384234131270632,-0.6867916782630699,0.0,0.0,0.0,0.0,0.0,0.0,0.0,0.04399999976158142
679229.06257599,677,0.022222222222222223,-0.08463256061077118,0.02263898029923439,0.631505012512207,0.3084145486354828,-1.0834121704101562,-0.23123109340667725,-0.6933087706565857,-0.07470136029837039,0.01826232814798837,0.6289282474261456,0.3144474478326733,-1.0482676543981235,-0.2144565331055464,-0.6867916782630699,0.0,0.0,0.0,0.0,0.0,0.0,0.0,0.04399999976158142
679229.08468173,678,0.022222222222222223,-0.08627642691135406,0.022580938413739204,0.6313802003860474,0.3090079426765442,-1.084635853767395,-0.23114295303821564,-0.6919695138931274,-0.07552788195331983,0.018691602483304946,0.6289282474261456,0.3144474478326733,-1.0491689667379238,-0.21474085237193047,-0.6867916782630699,0.0,0.0,0.0,0.0,0.0,0.0,0.0,0.04399999976158142
679229.106933109,679,0.022222222222222223,-0.08893675357103348,0.021813226863741875,0.6317936182022095,0.309780478477478,-1.0855910778045654,-0.23262587189674377,-0.6874278783798218,-0.07648935251731885,0.019060705668671768,0.6289282474261456,0.3144474478326733,-1.050106524333614,-0.21499030840564842,-0.6867916782630699,0.0,0.0,0.0,0.0,0.0,0.0,0.0,0.04399999976158142
679229.1291609,680,0.022222222222222223,-0.08979332447052002,0.02143026888370514,0.6321795582771301,0.30964988470077515,-1.086530089378357,-0.2337062656879425,-0.6836768388748169,-0.0776131682920754,0.01934526890889041,0.6289282474261456,0.3144474478326733,-1.0510467156852554,-0.21533259511478556,-0.6867916782630699,0.0,0.0,0.0,0.0,0.0,0.0,0.0,0.04399999976158142
679229.15146136,681,0.022222222222222223,-0.08789227902889252,0.021609731018543243,0.631435215473175,0.3081424832344055,-1.0876771211624146,-0.23209401965141296,-0.6841922998428345,-0.07889001386534437,0.01952452770296228,0.6289282474261456,0.3144474478326733,-1.0519868277639357,-0.21576468939768667,-0.6867916782630699,0.0,0.0,0.0,0.0,0.0,0.0,0.0,0.04399999976158142
679229.173654204,682,0.022222222222222223,-0.08713951706886292,0.022327035665512085,0.6315811276435852,0.30784478783607483,-1.087578535079956,-0.2298254668712616,-0.6872530579566956,-0.08019766561923922,0.019609592784938547,0.6289282474261456,0.3144474478326733,-1.0529483013150116,-0.21604573946704725,-0.6867916782630699,0.0,0.0,0.0,0.0,0.0,0.0,0.0,0.04399999976158142
679229.197142621,683,0.022222222222222223,-0.08638676255941391,0.023399746045470238,0.6298583745956421,0.30746138095855713,-1.0903340578079224,-0.22857503592967987,-0.6875052452087402,-0.08140856496806359,0.01963911775879282,0.6289282474261456,0.3144474478326733,-1.053800848154851,-0.21608150153149963,-0.6867916782630699,0.0,0.0,0.0,0.0,0.0,0.0,0.0,0.04399999976158142
679229.218086235,684,0.022222222222222223,-0.08563400059938431,0.024333776906132698,0.6279581189155579,0.30761441588401794,-1.0933558940887451,-0.22775734961032867,-0.6872155070304871,-0.08245260344535066,0.019666320740524997,0.6289282474261456,0.3144474478326733,-1.0548471868865397,-0.21608150153149963,-0.6867916782630699,0.0,0.0,0.0,0.0,0.0,0.0,0.0,0.04399999976158142
679229.24044024,685,0.022222222222222223,-0.0878063514828682,0.023891832679510117,0.6290403008460999,0.30889806151390076,-1.0934970378875732,-0.22880800068378448,-0.6839761734008789,-0.0832829135650701,0.01973698862642408,0.6289282474261456,0.3144474478326733,-1.0561023336398798,-0.21608150153149963,-0.6867916782630699,0.0,0.0,0.0,0.0,0.0,0.0,0.0,0.04399999976158142
679229.262554386,686,0.022222222222222223,-0.08912824094295502,0.02357526868581772,0.6302206516265869,0.30910035967826843,-1.0936157703399658,-0.22998642921447754,-0.6803906559944153,-0.08394599057976897,0.019847365788856087,0.6289282474261456,0.3144474478326733,-1.0572474583213507,-0.21608150153149963,-0.6867916782630699,0.0,0.0,0.0,0.0,0.0,0.0,0.0,0.04399999976158142
679229.284711599,687,0.022222222222222223,-0.08924514800310135,0.023506266996264458,0.6310689449310303,0.3083515465259552,-1.0936673879623413,-0.23050931096076965,-0.677639901638031,-0.08496191859979703,0.020099435295978886,0.6289282474261456,0.3144474478326733,-1.0591991835153456,-0.21608150153149963,-0.6867916782630699,0.0,0.0,0.0,0.0,0.0,0.0,0.0,0.04399999976158142
679229.306954599,688,0.022222222222222223,-0.09012459218502045,0.02340931072831154,0.6317484378814697,0.3081133961677551,-1.0937105417251587,-0.23124070465564728,-0.6753259301185608,-0.08537517062415513,0.020209562956596767,0.6289282474261456,0.3144474478326733,-1.0600341171646936,-0.2161061999218179,-0.6867916782630699,0.0,0.0,0.0,0.0,0.0,0.0,0.0,0.04399999976158142
679229.329863228,689,0.022222222222222223,-0.09082531929016113,0.023388274013996124,0.6321444511413574,0.3073272705078125,-1.093727707862854,-0.2318420261144638,-0.6728551387786865,-0.08575165992409045,0.020298700769618483,0.6289282474261456,0.3144474478326733,-1.0607850824095528,-0.2161961526707711,-0.6867916782630699,0.0,0.0,0.0,0.0,0.0,0.0,0.0,0.04399999976158142
679229.351343985,690,0.022222222222222223,-0.09181375801563263,0.023319192230701447,0.6324108839035034,0.3068113625049591,-1.093740701675415,-0.23260240256786346,-0.670928955078125,-0.08611845903121715,0.02036470730409088,0.6289282474261456,0.3144474478326733,-1.0614582794654273,-0.21634483142408553,-0.6867916782630699,0.0,0.0,0.0,0.0,0.0,0.0,0.0,0.04399999976158142
679229.375172277,691,0.022222222222222223,-0.09280034899711609,0.023326821625232697,0.6324397921562195,0.30594050884246826,-1.0937411785125732,-0.2333308309316635,-0.6687605381011963,-0.08650044555484675,0.02040743216978407,0.6289282474261456,0.3144418022271631,-1.062061453680235,-0.2165558935089179,-0.6866547089085926,0.0,0.0,0.0,0.0,0.0,0.0,0.0,0.04399999976158142
679229.395844182,692,0.022222222222222223,-0.09382370114326477,0.02327606827020645,0.6324030756950378,0.3053044080734253,-1.0937411785125732,-0.2340555340051651,-0.6671445965766907,-0.08692246761949109,0.020428723205517384,0.6289282474261456,0.3143608685651224,-1.0626007289151633,-0.2168239352621515,-0.6863112995741066,0.0,0.0,0.0,0.0,0.0,0.0,0.0,0.04399999976158142
679229.418283029,693,0.022222222222222223,-0.09472630172967911,0.0233569648116827,0.6321452856063843,0.30434727668762207,-1.093739628791809,-0.23473471403121948,-0.665307879447937,-0.08740290430644851,0.020432371075581223,0.6289282474261456,0.3141597183524165,-1.0630827989473237,-0.21714173578749152,-0.6858163598309658,0.0,0.0,0.0,0.0,0.0,0.0,0.0,0.04399999976158142
679229.440349191,694,0.022222222222222223,-0.09552043676376343,0.023005735129117966,0.6320209503173828,0.3037277162075043,-1.0937381982803345,-0.23552393913269043,-0.6639288663864136,-0.08795113627824867,0.020432371075581223,0.6289282474261456,0.3138234764637315,-1.063513570770592,-0.21750002305035615,-0.6851810135188371,0.0,0.0,0.0,0.0,0.0,0.0,0.0,0.04399999976158142
679229.462518117,695,0.022222222222222223,-0.09543408453464508,0.02189292386174202,0.6324282288551331,0.302970290184021,-1.0937366485595703,-0.23640751838684082,-0.6623748540878296,-0.08922130493467224,0.020432371075581223,0.6289282474261456,0.31290228365870976,-1.0642425804412288,-0.21828154495584595,-0.683770880333859,0.0,0.0,0.0,0.0,0.0,0.0,0.0,0.04399999976158142
679229.484649505,696,0.022222222222222223,-0.09550619125366211,0.021340010687708855,0.6327800750732422,0.30254489183425903,-1.0937352180480957,-0.23728351294994354,-0.661348819732666,-0.089875450708379,0.020432371075581223,0.6289282474261456,0.31242600900462875,-1.0645500059934374,-0.21869286494026224,-0.6830313836333887,0.0,0.0,0.0,0.0,0.0,0.0,0.0,0.04399999976158142
679229.506862966,697,0.022222222222222223,-0.0954972431063652,0.021052870899438858,0.6332848072052002,0.301753431558609,-1.0937336683273315,-0.23787938058376312,-0.6604713797569275,-0.0904981624991959,0.020432371075581223,0.6289282474261456,0.3119358468869494,-1.0648246676223587,-0.21915432653318423,-0.6822484484719454,0.0,0.0,0.0,0.0,0.0,0.0,0.0,0.04399999976158142
679229.529092741,698,0.022222222222222223,-0.09573817253112793,0.02091153711080551,0.6336310505867004,0.3012616038322449,-1.093732237815857,-0.23849020898342133,-0.6602550148963928,-0.0910687072237448,0.020432371075581223,0.6289282474261456,0.3114194027058578,-1.065070028968174,-0.21963777071233298,-0.6814513214304136,0.0,0.0,0.0,0.0,0.0,0.0,0.0,0.04399999976158142
679229.551361149,699,0.022222222222222223,-0.09581775963306427,0.020916856825351715,0.6340910792350769,0.300339937210083,-1.0937306880950928,-0.2387518435716629,-0.6602546572685242,-0.09157784757882005,0.020432371075581223,0.6289282474261456,0.3108785262653366,-1.0652892101887863,-0.22013485325010065,-0.6807007359300846,0.0,0.0,0.0,0.0,0.0,0.0,0.0,0.04399999976158142
679229.573543693,700,0.022222222222222223,-0.0963217169046402,0.02072112075984478,0.6344586610794067,0.29992610216140747,-1.0937292575836182,-0.23915430903434753,-0.660683810710907,-0.09202261040333273,0.020432371075581223,0.6289282474261456,0.3102997227651277,-1.0654849765122048,-0.22061553675500187,-0.6800258765245842,0.0,0.0,0.0,0.0,0.0,0.0,0.0,0.04399999976158142
679229.595817015,701,0.022222222222222223,-0.09612107276916504,0.01990126445889473,0.6353053450584412,0.29931744933128357,-1.093727707862854,-0.2395642101764679,-0.6606887578964233,-0.0924107931220153,0.020432371075581223,0.6289282474261456,0.3096990619211191,-1.0656598237720258,-0.2210842375296249,-0.6794600558103707,0.0,0.0,0.0,0.0,0.0,0.0,0.0,0.04399999976158142
679229.618013929,702,0.022222222222222223,-0.09625629335641861,0.019752928987145424,0.6360052227973938,0.2990545928478241,-1.0937262773513794,-0.24001099169254303,-0.6611003875732422,-0.09274267193002705,0.020432371075581223,0.6289282474261456,0.30909914245814113,-1.0658159591005514,-0.2215462631148438,-0.6789664887549327,0.0,0.0,0.0,0.0,0.0,0.0,0.0,0.04399999976158142
679229.640256124,703,0.022222222222222223,-0.09650526940822601,0.019838504493236542,0.636802613735199,0.2984084188938141,-1.0937247276306152,-0.24020518362522125,-0.661289632320404,-0.09301425783434658,0.020432371075581223,0.6289282474261456,0.3085260359819824,-1.0659553794387044,-0.22200565269294373,-0.67856127209852,0.0,0.0,0.0,0.0,0.0,0.0,0.0,0.04399999976158142
679229.662510473,704,0.022222222222222223,-0.0970165804028511,0.019699884578585625,0.6374711990356445,0.29819124937057495,-1.0937232971191406,-0.24053481221199036,-0.661763608455658,-0.0934121552990759,0.020432371075581223,0.6289282474261456,0.3074735072032175,-1.0661911046119013,-0.2228377939337361,-0.6779317077664037,0.0,0.0,0.0,0.0,0.0,0.0,0.0,0.04399999976158142
679229.684675293,705,0.022222222222222223,-0.0967346802353859,0.018928851932287216,0.6385631561279297,0.2977127730846405,-1.0937217473983765,-0.24084456264972687,-0.6618648767471313,-0.09355899609431642,0.020432371075581223,0.6289282474261456,0.30704244941294506,-1.066290413206251,-0.2232170897811981,-0.6777092235572642,0.0,0.0,0.0,0.0,0.0,0.0,0.0,0.04399999976158142
679229.70688993,706,0.022222222222222223,-0.09687098115682602,0.018840229138731956,0.6394554972648621,0.297521710395813,-1.0937203168869019,-0.24120424687862396,-0.662411630153656,-0.09367964136139911,0.020432371075581223,0.6290806516191717,0.30664925549492006,-1.0663790230438837,-0.22358913464707372,-0.677530889754616,0.0,0.0,0.0,0.0,0.0,0.0,0.0,0.04399999976158142
679229.729090858,707,0.022222222222222223,-0.09735897928476334,0.01900593563914299,0.6404064297676086,0.2968178987503052,-1.0937187671661377,-0.24138309061527252,-0.662704348564148,-0.09377156904763599,0.020432371075581223,0.6293750488025289,0.30628324468639373,-1.06645808102467,-0.22395852787813175,-0.6774203710048068,0.0,0.0,0.0,0.0,0.0,0.0,0.0,0.04399999976158142
679229.751340314,708,0.022222222222222223,-0.09810247272253036,0.018923167139291763,0.6411961317062378,0.29658210277557373,-1.093717336654663,-0.24168379604816437,-0.66329425573349,-0.0938519675269037,0.020432371075581223,0.6297954905568766,0.3059113391260909,-1.066528588442659,-0.22431193928524487,-0.6773596994275729,0.0,0.0,0.0,0.0,0.0,0.0,0.0,0.04399999976158142
679229.773539419,709,0.022222222222222223,-0.09802328795194626,0.018198849633336067,0.6423974633216858,0.2961081266403198,-1.093715786933899,-0.24199049174785614,-0.6634299755096436,-0.09394874669166432,0.020432371075581223,0.6302874147800566,0.3055292343831478,-1.0665914643163732,-0.2246565290574017,-0.6773540061238752,0.0,0.0,0.0,0.0,0.0,0.0,0.0,0.04399999976158142
679229.795801643,710,0.022222222222222223,-0.09822551161050797,0.018094634637236595,0.6433948278427124,0.2959746718406677,-1.0937143564224243,-0.24234522879123688,-0.663953423500061,-0.09406786282089404,0.020432371075581223,0.6309144754141169,0.30514373778202086,-1.0666475062322658,-0.22499676403126612,-0.6773540061238752,0.0,0.0,0.0,0.0,0.0,0.0,0.0,0.04399999976158142
679229.819880657,711,0.022222222222222223,-0.09846121072769165,0.01816801354289055,0.6444424986839294,0.29542747139930725,-1.0937128067016602,-0.2424364686012268,-0.6642695665359497,-0.09420218079571359,0.020432371075581223,0.6316133490795832,0.30477204280017406,-1.0666974511106555,-0.22533730371661975,-0.6773540061238752,0.0,0.0,0.0,0.0,0.0,0.0,0.0,0.04399999976158142
679229.840361415,712,0.022222222222222223,-0.09897401183843613,0.01801193878054619,0.6453177332878113,0.29533109068870544,-1.0937113761901855,-0.2426699697971344,-0.6648648977279663,-0.0943523452030006,0.020432371075581223,0.6323791280820791,0.30440542720392044,-1.0667419337568473,-0.22565765386835618,-0.6773540061238752,0.0,0.0,0.0,0.0,0.0,0.0,0.0,0.04399999976158142
679229.862624477,713,0.022222222222222223,-0.0986003652215004,0.017237599939107895,0.646577000617981,0.2949182689189911,-1.0937098264694214,-0.24286501109600067,-0.665054202079773,-0.09452576508320062,0.020432371075581223,0.6331664746983103,0.3040524285083593,-1.066781545577908,-0.225964988004242,-0.6773540061238752,0.0,0.0,0.0,0.0,0.0,0.0,0.0,0.04399999976158142
679229.884699501,714,0.022222222222222223,-0.09866216033697128,0.017147162929177284,0.6475905776023865,0.2948191463947296,-1.0937083959579468,-0.2431076467037201,-0.665669322013855,-0.09491291431030052,0.020431831560294093,0.6345592373281427,0.3034717610690621,-1.0668484411800374,-0.22651074222757722,-0.6773540061238752,0.0,0.0,0.0,0.0,0.0,0.0,0.0,0.04399999976158142
679229.906950145,715,0.022222222222222223,-0.09907665848731995,0.017275026068091393,0.6486331224441528,0.2942078113555908,-1.0937068462371826,-0.24319897592067719,-0.6660622358322144,-0.0950885194583854,0.02042816910915046,0.6353639922769586,0.30321414234470323,-1.066876438502856,-0.22677261499854873,-0.6773540061238752,0.0,0.0,0.0,0.0,0.0,0.0,0.0,0.04399999976158142
679229.92923491,716,0.022222222222222223,-0.09979275614023209,0.01715255156159401,0.6494858860969543,0.29407596588134766,-1.093705415725708,-0.24350076913833618,-0.6667677164077759,-0.0952543830358104,0.02042348655158806,0.6362143756397508,0.3029447732011471,-1.0669013017997446,-0.22701990073438028,-0.6773540061238752,0.0,0.0,0.0,0.0,0.0,0.0,0.0,0.04399999976158142
679229.951435179,717,0.022222222222222223,-0.09963212162256241,0.016415046527981758,0.6507283449172974,0.29365649819374084,-1.0937038660049438,-0.24374744296073914,-0.6669920086860657,-0.09543176837258345,0.020417928887328615,0.6370657934982741,0.3026623119190264,-1.066923375500633,-0.22726766546537888,-0.6773540061238752,0.0,0.0,0.0,0.0,0.0,0.0,0.0,0.04399999976158142
679229.973624587,718,0.022222222222222223,-0.09943894296884537,0.016338510438799858,0.6517871022224426,0.2934975028038025,-1.0937024354934692,-0.24406734108924866,-0.6675150394439697,-0.0956213234745472,0.02039086010204,0.6379912066746132,0.30237187991075737,-1.0669429435559907,-0.22751662722852664,-0.6773540061238752,0.0,0.0,0.0,0.0,0.0,0.0,0.0,0.04399999976158142
679229.99589099,719,0.022222222222222223,-0.09880943596363068,0.016379453241825104,0.652849555015564,0.2927258312702179,-1.093700885772705,-0.24399569630622864,-0.6682792901992798,-0.09580324012889926,0.020330437954731693,0.6389428144133543,0.30208140375951226,-1.066960283736878,-0.22777140387039502,-0.6773540061238752,0.0,0.0,0.0,0.0,0.0,0.0,0.0,0.04399999976158142
679230.018165871,720,0.022222222222222223,-0.09896726906299591,0.016289371997117996,0.6536641120910645,0.29270312190055847,-1.0936994552612305,-0.24419443309307098,-0.66961270570755,-0.09595083460794762,0.020246215371968714,0.6399157215145527,0.30175975654982373,-1.0669756204061003,-0.22800096557226232,-0.6773540061238752,0.0,0.0,0.0,0.0,0.0,0.0,0.0,0.04399999976158142
679230.040326273,721,0.022222222222222223,-0.09766601026058197,0.016205357387661934,0.6534864902496338,0.2922186255455017,-1.0952279567718506,-0.24412409961223602,-0.670560896396637,-0.0960551539578529,0.0201460080896038,0.6408589384379864,0.30142377876181525,-1.0669891780681402,-0.2282203098896044,-0.6773540061238752,0.0,0.0,0.0,0.0,0.0,0.0,0.0,0.04399999976158142
679230.062522062,722,0.022222222222222223,-0.09636475145816803,0.016672814264893532,0.6534323692321777,0.2921734154224396,-1.0964124202728271,-0.24379336833953857,-0.6724506616592407,-0.09609218909019628,0.020033970364490124,0.6415896835922368,0.30108752777921205,-1.0671591121988526,-0.22841508172074546,-0.6773540061238752,0.0,0.0,0.0,0.0,0.0,0.0,0.0,0.04399999976158142
679230.084704276,723,0.022222222222222223,-0.09526035189628601,0.016575736925005913,0.6537473201751709,0.2921355068683624,-1.0971351861953735,-0.24387480318546295,-0.6732782125473022,-0.09609218909019628,0.01981093000454913,0.6426454975048924,0.30049938740482546,-1.0675773011985996,-0.22871295121063281,-0.6773540061238752,0.0,0.0,0.0,0.0,0.0,0.0,0.0,0.04399999976158142
679230.106983046,724,0.022222222222222223,-0.09467098116874695,0.01680983603000641,0.6539602875709534,0.29256337881088257,-1.0977925062179565,-0.2440006136894226,-0.6743221879005432,-0.09609218909019628,0.01972817913058181,0.6430814152511632,0.3002800278987817,-1.067889446788646,-0.22882341979846207,-0.6773540061238752,0.0,0.0,0.0,0.0,0.0,0.0,0.0,0.04399999976158142
679230.129100893,725,0.022222222222222223,-0.09385502338409424,0.016878759488463402,0.6529512405395508,0.2928212881088257,-1.0996862649917603,-0.24404273927211761,-0.6746406555175781,-0.09609218909019628,0.01967052619876085,0.6434747795136342,0.3001439642860256,-1.0682383938333058,-0.2289341197201462,-0.6773540061238752,0.0,0.0,0.0,0.0,0.0,0.0,0.0,0.04399999976158142
679230.151678453,726,0.022222222222222223,-0.09303906559944153,0.01712886057794094,0.6527021527290344,0.29335328936576843,-1.1008278131484985,-0.24394749104976654,-0.6753912568092346,-0.09609218909019628,0.019641899268817705,0.6436022367013292,0.300105853016973,-1.0687477162781984,-0.22903953412593075,-0.6773540061238752,0.0,0.0,0.0,0.0,0.0,0.0,0.0,0.04399999976158142
679230.1735781,727,0.022222222222222223,-0.09222310781478882,0.01700666733086109,0.652573823928833,0.29358768463134766,-1.1018396615982056,-0.2440919131040573,-0.6751905679702759,-0.09609218909019628,0.0196389840809293,0.6436549909381102,0.300105853016973,-1.0693262341246303,-0.22912680932078522,-0.6773540061238752,0.0,0.0,0.0,0.0,0.0,0.0,0.0,0.04399999976158142
679230.195832775,728,0.022222222222222223,-0.09140714257955551,0.017325477674603462,0.6524118781089783,0.29406651854515076,-1.102805256843567,-0.2439562976360321,-0.6759477853775024,-0.09607480565973128,0.0196389840809293,0.6436725638585976,0.300105853016973,-1.0699510868975644,-0.22921407388884174,-0.6773540061238752,0.0,0.0,0.0,0.0,0.0,0.0,0.0,0.04399999976158142
679230.217998942,729,0.022222222222222223,-0.09071911126375198,0.017270375043153763,0.6518633365631104,0.29439565539360046,-1.104174256324768,-0.24407817423343658,-0.6757988929748535,-0.09600927323829486,0.0196389840809293,0.6436725638585976,0.300105853016973,-1.0706122166689351,-0.22928433246032418,-0.6773540061238752,0.0,0.0,0.0,0.0,0.0,0.0,0.0,0.04399999976158142
679230.240261796,730,0.022222222222222223,-0.09032638370990753,0.0175993163138628,0.6514016389846802,0.2950868010520935,-1.1055070161819458,-0.24412329494953156,-0.6761277318000793,-0.09587446037190277,0.0196389840809293,0.6436725638585976,0.300105853016973,-1.0713472960056223,-0.22935359887630985,-0.6773540061238752,0.0,0.0,0.0,0.0,0.0,0.0,0.0,0.04399999976158142
679230.262537306,731,0.022222222222222223,-0.08985212445259094,0.01767764613032341,0.6504043936729431,0.295301228761673,-1.1073567867279053,-0.2442520409822464,-0.6757325530052185,-0.09566726427821075,0.0196389840809293,0.6436725638585976,0.300105853016973,-1.0721458801042991,-0.22942209717324116,-0.6773540061238752,0.0,0.0,0.0,0.0,0.0,0.0,0.0,0.04399999976158142
679230.284700146,732,0.022222222222222223,-0.08992962539196014,0.018202168866991997,0.6497560739517212,0.2954992651939392,-1.108852505683899,-0.24426618218421936,-0.6761106848716736,-0.09509970931222402,0.0196389840809293,0.6436725638585976,0.300105853016973,-1.0736960251789314,-0.22955053548462476,-0.6773540061238752,0.0,0.0,0.0,0.0,0.0,0.0,0.0,0.04399999976158142
679230.306923859,733,0.022222222222222223,-0.09013469517230988,0.0183746125549078,0.6488659977912903,0.2957019805908203,-1.1105786561965942,-0.24447214603424072,-0.6755486726760864,-0.09476723770155941,0.0196389840809293,0.6436725638585976,0.300105853016973,-1.0745998849027485,-0.22961396778719373,-0.6773540061238752,0.0,0.0,0.0,0.0,0.0,0.0,0.0,0.04399999976158142
679230.329604738,734,0.022222222222222223,-0.09055992215871811,0.019044915214180946,0.6479769945144653,0.296307772397995,-1.1123859882354736,-0.2445509284734726,-0.6753711700439453,-0.09443572750591005,0.0196389840809293,0.6436725638585976,0.300105853016973,-1.0755903215117741,-0.22968791353346746,-0.6773540061238752,0.0,0.0,0.0,0.0,0.0,0.0,0.0,0.04399999976158142
679230.351583842,735,0.022222222222222223,-0.09167958796024323,0.019222166389226913,0.6471487283706665,0.2968352735042572,-1.1141736507415771,-0.24521075189113617,-0.6735808849334717,-0.09413545706556867,0.0196389840809293,0.6436725638585976,0.300105853016973,-1.0766671850150151,-0.22976561114167657,-0.6773540061238752,0.0,0.0,0.0,0.0,0.0,0.0,0.0,0.04399999976158142
679230.374078945,736,0.022222222222222223,-0.0926535576581955,0.019740980118513107,0.6464531421661377,0.2969709634780884,-1.1159614324569702,-0.24570009112358093,-0.6720760464668274,-0.0939106697835457,0.0196389840809293,0.6436725638585976,0.300105853016973,-1.077819506047781,-0.22989136070340563,-0.6773540061238752,0.0,0.0,0.0,0.0,0.0,0.0,0.0,0.04399999976158142
679230.39582738,737,0.022222222222222223,-0.09362980723381042,0.019829027354717255,0.6457523107528687,0.2970026731491089,-1.1177490949630737,-0.2462248057126999,-0.6697458624839783,-0.09380368850150216,0.0196389840809293,0.6436725638585976,0.300105853016973,-1.0790392366895822,-0.23006074463636003,-0.6773540061238752,0.0,0.0,0.0,0.0,0.0,0.0,0.0,0.04399999976158142
679230.418218362,738,0.022222222222222223,-0.09383422881364822,0.02015961892902851,0.6451268196105957,0.2970351278781891,-1.1195368766784668,-0.2463226616382599,-0.6682881116867065,-0.09379818100031202,0.0196389840809293,0.6436725638585976,0.300105853016973,-1.0803192141285989,-0.23026792640024232,-0.6773540061238752,0.0,0.0,0.0,0.0,0.0,0.0,0.0,0.04399999976158142
679230.44035017,739,0.022222222222222223,-0.09356135129928589,0.020209085196256638,0.6444425582885742,0.29703158140182495,-1.1213245391845703,-0.24616684019565582,-0.6667723655700684,-0.09379818100031202,0.0196389840809293,0.6436725638585976,0.300105853016973,-1.0816530593293965,-0.2304744502706741,-0.6773540061238752,0.0,0.0,0.0,0.0,0.0,0.0,0.0,0.04399999976158142
679230.462535341,740,0.022222222222222223,-0.09354504197835922,0.02065635286271572,0.6438544988632202,0.29720941185951233,-1.1231123208999634,-0.2460944652557373,-0.665648341178894,-0.09379818100031202,0.0196389840809293,0.6436725638585976,0.300105853016973,-1.0830350460052192,-0.2306485508459857,-0.6773540061238752,0.0,0.0,0.0,0.0,0.0,0.0,0.0,0.04399999976158142
679230.484683609,741,0.022222222222222223,-0.09353893250226974,0.020768722519278526,0.6432093381881714,0.2971600890159607,-1.124899983406067,-0.2461768239736557,-0.6640756130218506,-0.09379818100031202,0.0196389840809293,0.6436725638585976,0.300105853016973,-1.0855689361439183,-0.23092853800398003,-0.6773540061238752,0.0,0.0,0.0,0.0,0.0,0.0,0.0,0.04399999976158142
679230.506895401,742,0.022222222222222223,-0.09358035027980804,0.021234363317489624,0.6426445841789246,0.2972296476364136,-1.12668776512146,-0.2461595982313156,-0.6630248427391052,-0.09379818100031202,0.0196389840809293,0.6436725638585976,0.300105853016973,-1.0869148095817902,-0.23104820732875267,-0.6773540061238752,0.0,0.0,0.0,0.0,0.0,0.0,0.0,0.04399999976158142
679230.531079245,743,0.022222222222222223,-0.09359819442033768,0.021374545991420746,0.6420121788978577,0.29708200693130493,-1.1284754276275635,-0.24627819657325745,-0.66159588098526,-0.09379818100031202,0.0196389840809293,0.6436725638585976,0.300105853016973,-1.0883075605051429,-0.23115551801393627,-0.6773454063328237,0.0,0.0,0.0,0.0,0.0,0.0,0.0,0.04399999976158142
679230.551362475,744,0.022222222222222223,-0.09383855760097504,0.02187100611627102,0.6414375901222229,0.29709911346435547,-1.1302632093429565,-0.24625450372695923,-0.6607110500335693,-0.09379818100031202,0.0196389840809293,0.6436725638585976,0.300105853016973,-1.08974220415878,-0.23126054022815729,-0.6772156273928235,0.0,0.0,0.0,0.0,0.0,0.0,0.0,0.04399999976158142
679230.573714165,745,0.022222222222222223,-0.09413480758666992,0.022043362259864807,0.6407902240753174,0.29692450165748596,-1.13205087184906,-0.24635596573352814,-0.659388542175293,-0.09379818100031202,0.0196389840809293,0.6436725638585976,0.300105853016973,-1.0912143085146924,-0.23135523126623123,-0.6769910651274259,0.0,0.0,0.0,0.0,0.0,0.0,0.0,0.04399999976158142
679230.595919291,746,0.022222222222222223,-0.09446538984775543,0.022587724030017853,0.6402504444122314,0.29693979024887085,-1.1338386535644531,-0.2463720738887787,-0.6583698391914368,-0.09379818100031202,0.0196389840809293,0.6436725638585976,0.300105853016973,-1.0927198877541513,-0.23144745253951599,-0.6766579528342036,0.0,0.0,0.0,0.0,0.0,0.0,0.0,0.04399999976158142
679230.620076411,747,0.022222222222222223,-0.0945797711610794,0.022716866806149483,0.639647364616394,0.2969209551811218,-1.1356263160705566,-0.2464897632598877,-0.6567938327789307,-0.09379818100031202,0.0196389840809293,0.6436725638585976,0.300105853016973,-1.0942554028180023,-0.23153356833796965,-0.6762431104561504,0.0,0.0,0.0,0.0,0.0,0.0,0.0,0.04399999976158142
679230.640248906,748,0.022222222222222223,-0.09464924037456512,0.023212671279907227,0.6391400694847107,0.2969387471675873,-1.1374140977859497,-0.24657604098320007,-0.6557042598724365,-0.09379818100031202,0.0196389840809293,0.6436725638585976,0.300105853016973,-1.0958176661298458,-0.2316204942539322,-0.6757159369716816,0.0,0.0,0.0,0.0,0.0,0.0,0.0,0.04399999976158142
679230.662770342,749,0.022222222222222223,-0.0946832075715065,0.023354893550276756,0.638534426689148,0.2966707646846771,-1.1392017602920532,-0.24681119620800018,-0.6543110013008118,-0.09379818100031202,0.019648998257362438,0.6436725638585976,0.300105853016973,-1.0974038521949576,-0.23170811154932844,-0.6751159321538146,0.0,0.0,0.0,0.0,0.0,0.0,0.0,0.04399999976158142
679230.68470783,750,0.022222222222222223,-0.09493506699800491,0.023878170177340508,0.637989342212677,0.29667428135871887,-1.140989065170288,-0.24686618149280548,-0.6534373760223389,-0.09379818100031202,0.019715815291945174,0.6436725638585976,0.300105853016973,-1.1002834426296249,-0.23187956786202546,-0.6739354330488113,0.0,0.0,0.0,0.0,0.0,0.0,0.0,0.04399999976158142
679230.706931718,751,0.022222222222222223,-0.09505277872085571,0.024001892656087875,0.6373605728149414,0.296700656414032,-1.142775058746338,-0.2468687891960144,-0.6520879864692688,-0.09379818100031202,0.019782416018003162,0.6436725638585976,0.300105853016973,-1.1017751326246001,-0.23197130943235597,-0.6732771833394289,0.0,0.0,0.0,0.0,0.0,0.0,0.0,0.04399999976158142
679230.729133161,752,0.022222222222222223,-0.09514647722244263,0.024539563804864883,0.6368427276611328,0.2967241704463959,-1.1445609331130981,-0.24692939221858978,-0.651129961013794,-0.09379818100031202,0.019880410345063514,0.6436725638585976,0.300105853016973,-1.1032980461825714,-0.2320548569811935,-0.6725554899154351,0.0,0.0,0.0,0.0,0.0,0.0,0.0,0.04399999976158142
679230.752138742,753,0.022222222222222223,-0.09526776522397995,0.024724429473280907,0.636232852935791,0.2964607775211334,-1.1463459730148315,-0.24702347815036774,-0.6497698426246643,-0.09379818100031202,0.02001441456470352,0.6436725638585976,0.300105853016973,-1.1048488550751734,-0.2321344197256925,-0.6717986682505641,0.0,0.0,0.0,0.0,0.0,0.0,0.0,0.04399999976158142
679230.773599569,754,0.022222222222222223,-0.09559105336666107,0.025319749489426613,0.6357215642929077,0.2964309751987457,-1.14812433719635,-0.24709175527095795,-0.6487584114074707,-0.09379818100031202,0.020186472519908252,0.6436725638585976,0.300105853016973,-1.1064245136567739,-0.23221464157028168,-0.6709861625557726,0.0,0.0,0.0,0.0,0.0,0.0,0.0,0.04399999976158142
679230.796046836,755,0.022222222222222223,-0.09574708342552185,0.02542891912162304,0.635135293006897,0.2963804602622986,-1.1498829126358032,-0.24716953933238983,-0.6471863389015198,-0.09379818100031202,0.020399039774549935,0.6436725638585976,0.300105853016973,-1.1080216942279273,-0.2322942218970906,-0.670143611649914,0.0,0.0,0.0,0.0,0.0,0.0,0.0,0.04399999976158142
679230.818120055,756,0.022222222222222223,-0.09580761939287186,0.025941867381334305,0.6346641182899475,0.296450674533844,-1.1516271829605103,-0.24726520478725433,-0.6461270451545715,-0.09379818100031202,0.02064885714030389,0.6436725638585976,0.300105853016973,-1.1096360516357247,-0.23237337295093538,-0.6692356335799574,0.0,0.0,0.0,0.0,0.0,0.0,0.0,0.04399999976158142
679230.840354749,757,0.022222222222222223,-0.09561190754175186,0.025969844311475754,0.6341134905815125,0.29643914103507996,-1.1533282995224,-0.2473447620868683,-0.6447542905807495,-0.09379818100031202,0.020931236639840124,0.6436386965464826,0.300105853016973,-1.1112642307433418,-0.23245384219461127,-0.6682987842510967,0.0,0.0,0.0,0.0,0.0,0.0,0.0,0.04399999976158142
679230.862445658,758,0.022222222222222223,-0.09570422768592834,0.026413200423121452,0.6336320638656616,0.2965697646141052,-1.1550058126449585,-0.24739696085453033,-0.6441212296485901,-0.09379818100031202,0.02123760899383319,0.6435066087553157,0.300105853016973,-1.1129002692053944,-0.23253462476409545,-0.667322157670598,0.0,0.0,0.0,0.0,0.0,0.0,0.0,0.04399999976158142
679230.884717784,759,0.022222222222222223,-0.09585990011692047,0.026482004672288895,0.6330937147140503,0.29641735553741455,-1.1566122770309448,-0.24747802317142487,-0.6432536840438843,-0.09379818100031202,0.02186086079792777,0.643219615481046,0.300105853016973,-1.1158524228643485,-0.23267913581528343,-0.6655575393594517,0.0,0.0,0.0,0.0,0.0,0.0,0.0,0.04399999976158142
679230.91024514,760,0.022222222222222223,-0.09646235406398773,0.02703971043229103,0.6326819658279419,0.2963876724243164,-1.1582022905349731,-0.24759241938591003,-0.6426199674606323,-0.09379818100031202,0.02186086079792777,0.643219615481046,0.300105853016973,-1.1158524228643485,-0.23267913581528343,-0.6655575393594517,0.0,0.0,0.0,0.0,0.0,0.0,0.0,0.04399999976158142
679230.929306507,761,0.022222222222222223,-0.09720499068498611,0.027139931917190552,0.6322371959686279,0.2960154414176941,-1.1597425937652588,-0.24785611033439636,-0.6412302255630493,-0.09379818100031202,0.022477656480202963,0.642692450179033,0.300105853016973,-1.1188581443720582,-0.23282451702586293,-0.6638663408289557,0.0,0.0,0.0,0.0,0.0,0.0,0.0,0.04399999976158142
679230.951499462,762,0.022222222222222223,-0.09785395115613937,0.027712799608707428,0.6319973468780518,0.2956738770008087,-1.1612622737884521,-0.2482900768518448,-0.6397148370742798,-0.09380401722263292,0.02278472505914448,0.6423812335222894,0.300105853016973,-1.1203695033682861,-0.2329157275195036,-0.6629884978409156,0.0,0.0,0.0,0.0,0.0,0.0,0.0,0.04399999976158142
679230.973704064,763,0.022222222222222223,-0.09822268038988113,0.027512449771165848,0.6317110657691956,0.2951846122741699,-1.162719964981079,-0.24886862933635712,-0.6372730731964111,-0.09383538627711029,0.023093402361170332,0.6420831147975858,0.300105853016973,-1.1218818034226916,-0.2330396119023027,-0.6620449584956887,0.0,0.0,0.0,0.0,0.0,0.0,0.0,0.04399999976158142
679230.996101445,764,0.022222222222222223,-0.09825359284877777,0.02774995006620884,0.6315407752990723,0.29491737484931946,-1.164129614830017,-0.24937289953231812,-0.6358810067176819,-0.09390841855317256,0.023396315631316344,0.6417874130600276,0.300105853016973,-1.1233884859625871,-0.23320899684192775,-0.6609618856225797,0.0,0.0,0.0,0.0,0.0,0.0,0.0,0.04399999976158142
679231.018154605,765,0.022222222222222223,-0.09783053398132324,0.027458470314741135,0.6313065886497498,0.29459550976753235,-1.1653952598571777,-0.24976372718811035,-0.6347383260726929,-0.09401925463810266,0.023682224052838773,0.6415154697829586,0.300105853016973,-1.1248850111807642,-0.23341664474182897,-0.6598196917122157,0.0,0.0,0.0,0.0,0.0,0.0,0.0,0.04399999976158142
679231.040343307,766,0.022222222222222223,-0.09807419776916504,0.02763216197490692,0.6310954093933105,0.2946963310241699,-1.1666076183319092,-0.24997691810131073,-0.6348439455032349,-0.09414449078831492,0.0239393996781336,0.6412509796564857,0.300105853016973,-1.1263574520356137,-0.23364724125309097,-0.6586707416127721,0.0,0.0,0.0,0.0,0.0,0.0,0.0,0.04399999976158142
679231.062653527,767,0.022222222222222223,-0.09832689166069031,0.027507692575454712,0.6308907270431519,0.2945712208747864,-1.1676596403121948,-0.25001803040504456,-0.6349460482597351,-0.09427206712803543,0.024160241688526252,0.6409966689148204,0.300105853016973,-1.1278024540296092,-0.23388070244502931,-0.6576268285484357,0.0,0.0,0.0,0.0,0.0,0.0,0.0,0.04399999976158142
679231.085409736,768,0.022222222222222223,-0.09915649890899658,0.027944790199398994,0.6308652758598328,0.2946659028530121,-1.1686848402023315,-0.2500588893890381,-0.6351011991500854,-0.09453071645284285,0.024493289662206527,0.6405854360108586,0.300105853016973,-1.130363978881641,-0.23428862730148037,-0.6558789404965256,0.0,0.0,0.0,0.0,0.0,0.0,0.0,0.04399999976158142
679231.106982359,769,0.022222222222222223,-0.10007093846797943,0.027955884113907814,0.6308362483978271,0.2944185137748718,-1.1696289777755737,-0.25019600987434387,-0.6343170404434204,-0.09468171594420943,0.024611392455943196,0.6404142708016347,0.300105853016973,-1.1316048489878485,-0.23446605709993354,-0.6551640603269006,0.0,0.0,0.0,0.0,0.0,0.0,0.0,0.04399999976158142
679231.129142041,770,0.022222222222222223,-0.1008782759308815,0.028423868119716644,0.6309571266174316,0.29422879219055176,-1.1705483198165894,-0.2505185008049011,-0.633236289024353,-0.09488286181807101,0.024711156382908415,0.6402704432577341,0.300105853016973,-1.132814470969477,-0.23463656818212994,-0.6544649457457085,0.0,0.0,0.0,0.0,0.0,0.0,0.0,0.04399999976158142
679231.151401738,771,0.022222222222222223,-0.10127781331539154,0.0281505323946476,0.6310499310493469,0.2938292622566223,-1.1713933944702148,-0.25094518065452576,-0.6311947703361511,-0.09515363541822286,0.02480392245320815,0.6401770512472719,0.300105853016973,-1.1339933700953442,-0.2348186524343425,-0.6537322428231619,0.0,0.0,0.0,0.0,0.0,0.0,0.0,0.04399999976158142
679231.173658938,772,0.022222222222222223,-0.10138071328401566,0.02819916419684887,0.6311723589897156,0.293707013130188,-1.1721917390823364,-0.251240074634552,-0.6302639245986938,-0.0954934771387103,0.024890192527934403,0.6401195419024381,0.300105853016973,-1.1351370671390923,-0.23502445632437693,-0.652881502533308,0.0,0.0,0.0,0.0,0.0,0.0,0.0,0.04399999976158142
679231.195936226,773,0.022222222222222223,-0.10095658153295517,0.027807004749774933,0.6312556862831116,0.29350414872169495,-1.1728492975234985,-0.2513255178928375,-0.6296642422676086,-0.09588251756781921,0.024962687173976324,0.6400965364839853,0.300105853016973,-1.136244261283973,-0.2352433452946046,-0.6519949868307718,0.0,0.0,0.0,0.0,0.0,0.0,0.0,0.04399999976158142
679231.218244685,774,0.022222222222222223,-0.10155525803565979,0.027891211211681366,0.6313465237617493,0.2937643229961395,-1.1734726428985596,-0.25143682956695557,-0.629618227481842,-0.09628340916234764,0.025012314606251113,0.6400940929902799,0.300105853016973,-1.1373041562771158,-0.2354533320502666,-0.6511308366766677,0.0,0.0,0.0,0.0,0.0,0.0,0.0,0.04399999976158142
679231.240310894,775,0.022222222222222223,-0.10225635021924973,0.0275469571352005,0.631464421749115,0.2937553822994232,-1.1739928722381592,-0.2515944540500641,-0.6289222240447998,-0.09668066065341414,0.025035440631352105,0.6400940929902799,0.300105853016973,-1.138317838713259,-0.2356520512591667,-0.6503415574940375,0.0,0.0,0.0,0.0,0.0,0.0,0.0,0.04399999976158142
679231.26265256,776,0.022222222222222223,-0.10280253738164902,0.027620812878012657,0.6317037343978882,0.2938225567340851,-1.1744834184646606,-0.25173401832580566,-0.6286539435386658,-0.09708701483378947,0.025037436729717158,0.6400940929902799,0.300105853016973,-1.1392794672297386,-0.2358450693213416,-0.6495782525648018,0.0,0.0,0.0,0.0,0.0,0.0,0.0,0.04399999976158142
679231.284707533,777,0.022222222222222223,-0.10311323404312134,0.027312615886330605,0.6319653391838074,0.2935396432876587,-1.1748849153518677,-0.25186246633529663,-0.6279743909835815,-0.09790348279710183,0.025037436729717158,0.6400940929902799,0.300105853016973,-1.1409609529528175,-0.23618983348658149,-0.6482362979431396,0.0,0.0,0.0,0.0,0.0,0.0,0.0,0.04399999976158142
679231.306954407,778,0.022222222222222223,-0.1037934422492981,0.02738763950765133,0.6323171257972717,0.2935386598110199,-1.1752547025680542,-0.25202441215515137,-0.6276508569717407,-0.09830866980245921,0.025037436729717158,0.6400940929902799,0.300105853016973,-1.141737163072245,-0.23635427735679296,-0.6475982987569282,0.0,0.0,0.0,0.0,0.0,0.0,0.0,0.04399999976158142
679231.331603995,779,0.022222222222222223,-0.10433003306388855,0.027025358751416206,0.6326995491981506,0.2932349741458893,-1.1755294799804688,-0.25220727920532227,-0.6267815232276917,-0.0987174250723734,0.025037436729717158,0.6400940929902799,0.300105853016973,-1.1424703494055606,-0.23651757213554392,-0.6469857988832294,0.0,0.0,0.0,0.0,0.0,0.0,0.0,0.04399999976158142
679231.351643229,780,0.022222222222222223,-0.10492759197950363,0.026996780186891556,0.6331857442855835,0.29325032234191895,-1.175770878791809,-0.25239890813827515,-0.6263329386711121,-0.09913801667719585,0.025037436729717158,0.6400940929902799,0.300105853016973,-1.1431551763814556,-0.2366824212622051,-0.6463587983176109,0.0,0.0,0.0,0.0,0.0,0.0,0.0,0.04399999976158142
679231.37354927,781,0.022222222222222223,-0.10505501180887222,0.02650335617363453,0.6337018013000488,0.29313334822654724,-1.175911545753479,-0.2524960935115814,-0.6255024671554565,-0.09957475849962447,0.025037436729717158,0.6400940929902799,0.300105853016973,-1.143793058759754,-0.23684993626910117,-0.6457409869772736,0.0,0.0,0.0,0.0,0.0,0.0,0.0,0.04399999976158142
679231.395820842,782,0.022222222222222223,-0.10553422570228577,0.026366136968135834,0.6343111395835876,0.2932969033718109,-1.1760220527648926,-0.25269967317581177,-0.6250077486038208,-0.10001983327362192,0.025037436729717158,0.6400940929902799,0.300105853016973,-1.1443784813630113,-0.23701228833238655,-0.6451093698884313,0.0,0.0,0.0,0.0,0.0,0.0,0.0,0.04399999976158142
679231.418050274,783,0.022222222222222223,-0.10581764578819275,0.025791138410568237,0.6349449157714844,0.29311931133270264,-1.1760421991348267,-0.25293922424316406,-0.6240147948265076,-0.10046539516757823,0.025037436729717158,0.6400940929902799,0.300105853016973,-1.144913610060442,-0.2371763810273806,-0.6444844633962638,0.0,0.0,0.0,0.0,0.0,0.0,0.0,0.04399999976158142
679231.440342252,784,0.022222222222222223,-0.10635532438755035,0.025548771023750305,0.6356578469276428,0.29322218894958496,-1.1760308742523193,-0.25323063135147095,-0.6234743595123291,-0.10090801324662628,0.025037436729717158,0.6400940929902799,0.300105853016973,-1.1453943649125033,-0.23734765991319615,-0.6438318160603921,0.0,0.0,0.0,0.0,0.0,0.0,0.0,0.04399999976158142
679231.463452399,785,0.022222222222222223,-0.10666210949420929,0.024924011901021004,0.6362944841384888,0.292995810508728,-1.17592453956604,-0.2535243630409241,-0.622492790222168,-0.1013472736424793,0.025037436729717158,0.6400940929902799,0.300105853016973,-1.1458230087897427,-0.23753060563973982,-0.6431803612231299,0.0,0.0,0.0,0.0,0.0,0.0,0.0,0.04399999976158142
679231.484680519,786,0.022222222222222223,-0.10711561888456345,0.02470349706709385,0.6369457840919495,0.2930082082748413,-1.1758183240890503,-0.25378191471099854,-0.622114896774292,-0.10218167120358532,0.025037436729717158,0.6400940929902799,0.300105853016973,-1.1465376680938182,-0.23787783552997352,-0.6419736508169718,0.0,0.0,0.0,0.0,0.0,0.0,0.0,0.04399999976158142
679231.509539591,787,0.022222222222222223,-0.10722644627094269,0.0240459144115448,0.6381574273109436,0.2926476001739502,-1.175711989402771,-0.25389236211776733,-0.6216070055961609,-0.10257076958052729,0.025037436729717158,0.6400940929902799,0.300105853016973,-1.1468227509804017,-0.23806393532711678,-0.6413722728612438,0.0,0.0,0.0,0.0,0.0,0.0,0.0,0.04399999976158142
679231.529085765,788,0.022222222222222223,-0.10794353485107422,0.02379620261490345,0.6392747163772583,0.2926836609840393,-1.1756057739257812,-0.25403398275375366,-0.6215286254882812,-0.10294066729883897,0.025037436729717158,0.6400940929902799,0.300105853016973,-1.147066312457477,-0.23824570645798027,-0.6407839754227713,0.0,0.0,0.0,0.0,0.0,0.0,0.0,0.04399999976158142
679231.551365114,789,0.022222222222222223,-0.10837125778198242,0.02307130955159664,0.6408908367156982,0.2923736870288849,-1.175499439239502,-0.2541136145591736,-0.6210189461708069,-0.10329867881226537,0.025037436729717158,0.6400940929902799,0.300105853016973,-1.147272769105365,-0.23842238936786292,-0.6402404160659619,0.0,0.0,0.0,0.0,0.0,0.0,0.0,0.04399999976158142
679231.573632902,790,0.022222222222222223,-0.1091153621673584,0.02270863950252533,0.6423712968826294,0.29240769147872925,-1.1753932237625122,-0.2542721629142761,-0.6208851933479309,-0.1036569226246235,0.025037436729717158,0.6400940929902799,0.30009251257639397,-1.1474460450494384,-0.23859013737348927,-0.6397110243483729,0.0,0.0,0.0,0.0,0.0,0.0,0.0,0.04399999976158142
679231.595853462,791,0.022222222222222223,-0.10943839699029922,0.021883726119995117,0.6442867517471313,0.29207560420036316,-1.175286889076233,-0.2543710172176361,-0.6203874945640564,-0.1040264864343441,0.025037436729717158,0.6400940929902799,0.3000687956084821,-1.1475896720843206,-0.238754846483486,-0.6392154503749987,0.0,0.0,0.0,0.0,0.0,0.0,0.0,0.04399999976158142
679231.618091969,792,0.022222222222222223,-0.11020269244909286,0.021810535341501236,0.6459142565727234,0.29196473956108093,-1.1751806735992432,-0.2544490098953247,-0.6204139590263367,-0.10441179861916731,0.025037436729717158,0.6400940929902799,0.3000192983114785,-1.1477067834081405,-0.23891391844735013,-0.638728494853449,0.0,0.0,0.0,0.0,0.0,0.0,0.0,0.04399999976158142
679231.64030183,793,0.022222222222222223,-0.11118882149457932,0.02209356799721718,0.647590696811676,0.2911664843559265,-1.1750743389129639,-0.2542465627193451,-0.6204268336296082,-0.10481750610031844,0.025036093808932295,0.6400940929902799,0.29993826631123965,-1.1478002037901833,-0.2390647644492903,-0.6382844273374408,0.0,0.0,0.0,0.0,0.0,0.0,0.0,0.04399999976158142
679231.662517061,794,0.022222222222222223,-0.11254945397377014,0.022063689306378365,0.6490161418914795,0.29076069593429565,-1.1749681234359741,-0.2542498707771301,-0.6207706928253174,-0.10573554238790069,0.02503588517409594,0.6400940929902799,0.299577602681301,-1.1479367018560502,-0.23928627775211136,-0.6375387531430479,0.0,0.0,0.0,0.0,0.0,0.0,0.0,0.04399999976158142
679231.684712714,795,0.022222222222222223,-0.11330097168684006,0.021297305822372437,0.6508587002754211,0.2901465892791748,-1.1748617887496948,-0.25432494282722473,-0.620552659034729,-0.10624528640359998,0.02503588517409594,0.640111612666055,0.29934344704367205,-1.1479831849748314,-0.23937703739690983,-0.6372543894593566,0.0,0.0,0.0,0.0,0.0,0.0,0.0,0.04399999976158142
679231.706899459,796,0.022222222222222223,-0.11437418311834335,0.021121332421898842,0.6524563431739807,0.289878785610199,-1.174755573272705,-0.25444698333740234,-0.6205599904060364,-0.10680715309110196,0.025021747928129733,0.6404746871526151,0.29905805491755777,-1.1480134574515395,-0.23946419534659436,-0.6369909977158975,0.0,0.0,0.0,0.0,0.0,0.0,0.0,0.04399999976158142
679231.729137728,797,0.022222222222222223,-0.11541809886693954,0.021159324795007706,0.6541625261306763,0.2891802191734314,-1.1746492385864258,-0.25436636805534363,-0.6202328205108643,-0.10742651017452318,0.02498063374830615,0.6410758589367135,0.2987342483109714,-1.1480292508892478,-0.23955386007449808,-0.6367516698313571,0.0,0.0,0.0,0.0,0.0,0.0,0.0,0.04399999976158142
679231.751331716,798,0.022222222222222223,-0.11660914123058319,0.02086815983057022,0.6556527614593506,0.2888336181640625,-1.174543023109436,-0.25452521443367004,-0.6201441884040833,-0.10811107874468917,0.024917563922624144,0.6418891455115946,0.29836755914864793,-1.1480320892596374,-0.23963032178955238,-0.6365110036393852,0.0,0.0,0.0,0.0,0.0,0.0,0.0,0.04399999976158142
679231.773572063,799,0.022222222222222223,-0.11705345660448074,0.019882841035723686,0.6575554013252258,0.28829076886177063,-1.1744366884231567,-0.2546616196632385,-0.6195887923240662,-0.1088668814744502,0.02483386878885616,0.6428332357637099,0.2979659607292653,-1.1480320892596374,-0.2397095628947162,-0.6362810816066767,0.0,0.0,0.0,0.0,0.0,0.0,0.0,0.04399999976158142
679231.795799362,800,0.022222222222222223,-0.1178102120757103,0.019474420696496964,0.6591947674751282,0.28813478350639343,-1.174330472946167,-0.2549033463001251,-0.6194005012512207,-0.10967981899252291,0.024707074450881633,0.6439603590880411,0.297541585657185,-1.1480320892596374,-0.23979545436502014,-0.6360273059776878,0.0,0.0,0.0,0.0,0.0,0.0,0.0,0.04399999976158142
679231.818047465,801,0.022222222222222223,-0.11845901608467102,0.01926451362669468,0.6609209775924683,0.2875387668609619,-1.1742241382598877,-0.2549133896827698,-0.6191102862358093,-0.1105279204797551,0.024521100711225798,0.6451867642886192,0.29712255540204047,-1.1480320892596374,-0.23989552196267946,-0.6357717568016228,0.0,0.0,0.0,0.0,0.0,0.0,0.0,0.04399999976158142
679231.840245359,802,0.022222222222222223,-0.11942251771688461,0.01912342943251133,0.6623349189758301,0.28725576400756836,-1.174117922782898,-0.25505921244621277,-0.6192930340766907,-0.11139647600433444,0.024283611588156864,0.6465089958656509,0.29670635359086633,-1.1480320892596374,-0.23999183859634757,-0.6355147965936416,0.0,0.0,0.0,0.0,0.0,0.0,0.0,0.04399999976158142
679231.862469838,803,0.022222222222222223,-0.12021952867507935,0.01904403604567051,0.6638503670692444,0.28652116656303406,-1.1740115880966187,-0.25493043661117554,-0.6193680167198181,-0.11315101677309977,0.023715195686545006,0.6489371399126593,0.2959187479851944,-1.1480320892596374,-0.24018145630012014,-0.635101210232949,0.0,0.0,0.0,0.0,0.0,0.0,0.0,0.04399999976158142
679231.884650121,804,0.022222222222222223,-0.12139812856912613,0.019001172855496407,0.6650874018669128,0.2861739695072174,-1.173905372619629,-0.2549961805343628,-0.619796872138977,-0.11399514836269466,0.023418170067946074,0.6501021728546557,0.2955548282701754,-1.1480320892596374,-0.24025236067690206,-0.6349358262927506,0.0,0.0,0.0,0.0,0.0,0.0,0.0,0.04399999976158142
679231.906887297,805,0.022222222222222223,-0.12238911539316177,0.01898231916129589,0.6664813160896301,0.2854197323322296,-1.1737990379333496,-0.25488632917404175,-0.6198950409889221,-0.11482457184978008,0.023129687759193163,0.6512818948484447,0.29517527607464344,-1.1480320892596374,-0.24031766620383638,-0.6348261139775928,0.0,0.0,0.0,0.0,0.0,0.0,0.0,0.04399999976158142
679231.929107936,806,0.022222222222222223,-0.12360872328281403,0.018935196101665497,0.6676424741744995,0.2850334346294403,-1.1736928224563599,-0.2550243139266968,-0.6202269196510315,-0.11565410897634562,0.022859912969845263,0.6525023196619698,0.2947610166730114,-1.1480320892596374,-0.24036843133995317,-0.6347469915512259,0.0,0.0,0.0,0.0,0.0,0.0,0.0,0.04399999976158142
679231.951382531,807,0.022222222222222223,-0.12481079995632172,0.01888652890920639,0.6690300107002258,0.28437113761901855,-1.1735864877700806,-0.25516360998153687,-0.619850218296051,-0.11649696494467991,0.02261570493985161,0.6537120576088737,0.2943154318233712,-1.1480320892596374,-0.24042226053278526,-0.6347068340740757,0.0,0.0,0.0,0.0,0.0,0.0,0.0,0.04399999976158142
679231.973528107,808,0.022222222222222223,-0.12615354359149933,0.018643680959939957,0.670123815536499,0.2840001881122589,-1.1734802722930908,-0.255199134349823,-0.6201324462890625,-0.11736731017323546,0.022400566340830555,0.6549552902344131,0.29384276183471675,-1.1480320892596374,-0.24048518487903248,-0.6346476253039484,0.0,0.0,0.0,0.0,0.0,0.0,0.0,0.04399999976158142
679231.995815125,809,0.022222222222222223,-0.1253228783607483,0.018703073263168335,0.6705697178840637,0.28248196840286255,-1.1738466024398804,-0.2534022927284241,-0.6232209205627441,-0.11827804322097858,0.022210982203247454,0.6561706873591888,0.2933562959380277,-1.1480320892596374,-0.24054786004932285,-0.6346094688310618,0.0,0.0,0.0,0.0,0.0,0.0,0.0,0.04399999976158142
679232.018062685,810,0.022222222222222223,-0.12527868151664734,0.01830056495964527,0.67409747838974,0.2816275358200073,-1.1705811023712158,-0.2513883411884308,-0.6272674798965454,-0.11918608311973367,0.022046382645590612,0.6572401141201127,0.29278793661957586,-1.1480320892596374,-0.24054957901345558,-0.6346094688310618,0.0,0.0,0.0,0.0,0.0,0.0,0.0,0.04399999976158142
679232.042156455,811,0.022222222222222223,-0.12548239529132843,0.017508169636130333,0.6783204078674316,0.27987921237945557,-1.1665258407592773,-0.25001347064971924,-0.6293854117393494,-0.12003068966237586,0.021900142276231414,0.6587728017814903,0.29210917455796365,-1.1480320892596374,-0.24054957901345558,-0.6346094688310618,0.0,0.0,0.0,0.0,0.0,0.0,0.0,0.04399999976158142
679232.062491793,812,0.022222222222222223,-0.1263919621706009,0.01750444434583187,0.6804857850074768,0.2788626551628113,-1.164279580116272,-0.24926987290382385,-0.6321946382522583,-0.12078556762859367,0.021766323499773945,0.6600215446887552,0.2914288798597947,-1.1480320892596374,-0.24054957901345558,-0.6346094688310618,0.0,0.0,0.0,0.0,0.0,0.0,0.0,0.04399999976158142
679232.084649204,813,0.022222222222222223,-0.1272851973772049,0.016833001747727394,0.6831235885620117,0.27832692861557007,-1.1624400615692139,-0.25023937225341797,-0.6318255662918091,-0.12201400864138826,0.021477055284057512,0.6637119842983027,0.2898719833370765,-1.1480320892596374,-0.24054957901345558,-0.6346094688310618,0.0,0.0,0.0,0.0,0.0,0.0,0.0,0.04399999976158142
679232.106859661,814,0.022222222222222223,-0.12798872590065002,0.016085242852568626,0.6855555176734924,0.2782299220561981,-1.1608192920684814,-0.2520154118537903,-0.6307106018066406,-0.12253943924569323,0.021304917515369032,0.6657384443750264,0.28901440176645243,-1.1480320892596374,-0.24054957901345558,-0.6346094688310618,0.0,0.0,0.0,0.0,0.0,0.0,0.0,0.04399999976158142
679232.129105172,815,0.022222222222222223,-0.1291571855545044,0.015099460259079933,0.6881670951843262,0.27769044041633606,-1.1595250368118286,-0.2547479271888733,-0.6268881559371948,-0.12303974990423207,0.02109155524335729,0.6678434839815922,0.2882237440347164,-1.1480320892596374,-0.24054957901345558,-0.6346094688310618,0.0,0.0,0.0,0.0,0.0,0.0,0.0,0.04399999976158142
679232.151356979,816,0.022222222222222223,-0.1300775706768036,0.013237868435680866,0.6905615329742432,0.27730119228363037,-1.1583397388458252,-0.2580985128879547,-0.6224859356880188,-0.12354156182918306,0.02081520825139001,0.670045362325511,0.28752006290427023,-1.1480320892596374,-0.24055537956665532,-0.6346094688310618,0.0,0.0,0.0,0.0,0.0,0.0,0.0,0.04399999976158142
679232.173529634,817,0.022222222222222223,-0.12873364984989166,0.013234465382993221,0.6865656971931458,0.2761687934398651,-1.1625984907150269,-0.2575705647468567,-0.6246808767318726,-0.12406939603477277,0.02043481448944628,0.6722849213561158,0.28688704623223155,-1.1480320892596374,-0.2408383043773386,-0.6346094688310618,0.0,0.0,0.0,0.0,0.0,0.0,0.0,0.04399999976158142
679232.195766259,818,0.022222222222222223,-0.1274387389421463,0.014001510106027126,0.6820271611213684,0.2767053544521332,-1.1664267778396606,-0.25478827953338623,-0.6309521198272705,-0.12457923295132195,0.019950764130886464,0.6733451143760855,0.28625718663286986,-1.1480320892596374,-0.24113310702898597,-0.6346094688310618,0.0,0.0,0.0,0.0,0.0,0.0,0.0,0.04399999976158142
679232.218069573,819,0.022222222222222223,-0.128331258893013,0.01387446466833353,0.6829188466072083,0.27789390087127686,-1.1651993989944458,-0.2538253664970398,-0.6331894397735596,-0.12498992951328948,0.019427624058461584,0.6733581436771295,0.2856938321863272,-1.1480320892596374,-0.24117374651925955,-0.6346094688310618,0.0,0.0,0.0,0.0,0.0,0.0,0.0,0.04399999976158142
679232.240271917,820,0.022222222222222223,-0.12880267202854156,0.014045518822968006,0.6841402053833008,0.27841007709503174,-1.1640548706054688,-0.2538714110851288,-0.6337160468101501,-0.12529856321171312,0.018911820044026716,0.6734965069469817,0.28536028758142556,-1.1480320892596374,-0.24117374651925955,-0.6346094688310618,0.0,0.0,0.0,0.0,0.0,0.0,0.0,0.04399999976158142
679232.262489027,821,0.022222222222222223,-0.12685845792293549,0.013685783371329308,0.6859604716300964,0.2777585983276367,-1.162940263748169,-0.25394314527511597,-0.634177029132843,-0.12554432975279536,0.018427309642292614,0.6738415925129838,0.2852758181504337,-1.1480320892596374,-0.24117374651925955,-0.6346094688310618,0.0,0.0,0.0,0.0,0.0,0.0,0.0,0.04399999976158142
679232.284642372,822,0.022222222222222223,-0.12602663040161133,0.013543589971959591,0.6875711679458618,0.27794116735458374,-1.161835789680481,-0.2544671893119812,-0.6351844668388367,-0.12583849770489824,0.017610330644742447,0.6746966196523475,0.2852758181504337,-1.1480320892596374,-0.24117374651925955,-0.6346094688310618,0.0,0.0,0.0,0.0,0.0,0.0,0.0,0.04399999976158142
679232.306964692,823,0.022222222222222223,-0.12448588013648987,0.013888870365917683,0.685986340045929,0.2777509093284607,-1.1639270782470703,-0.2532552480697632,-0.6382290720939636,-0.12584166082315415,0.01727323305094854,0.675469415403209,0.2852758181504337,-1.1480320892596374,-0.24117374651925955,-0.6346094688310618,0.0,0.0,0.0,0.0,0.0,0.0,0.0,0.04399999976158142
679232.329163207,824,0.022222222222222223,-0.12294512987136841,0.015359081327915192,0.6834591627120972,0.2783379852771759,-1.1663823127746582,-0.25018075108528137,-0.6444340944290161,-0.12584166082315415,0.016993280962205006,0.6757986578518448,0.2852758181504337,-1.1480320892596374,-0.24117374651925955,-0.6346094688310618,0.0,0.0,0.0,0.0,0.0,0.0,0.0,0.04399999976158142
679232.351343193,825,0.022222222222222223,-0.12281598150730133,0.01636405661702156,0.6831706166267395,0.27920767664909363,-1.166841745376587,-0.24801303446292877,-0.6479732394218445,-0.12584166082315415,0.016815129746891394,0.6757986578518448,0.2852758181504337,-1.1480320892596374,-0.24117374651925955,-0.6346094688310618,0.0,0.0,0.0,0.0,0.0,0.0,0.0,0.04399999976158142
679232.373551542,826,0.022222222222222223,-0.12356311827898026,0.017698734998703003,0.6832676529884338,0.27998968958854675,-1.1673810482025146,-0.2469436377286911,-0.6494860053062439,-0.12584166082315415,0.016775672210271333,0.6757986578518448,0.2852758181504337,-1.1480320892596374,-0.24117374651925955,-0.6346094688310618,0.0,0.0,0.0,0.0,0.0,0.0,0.0,0.04399999976158142
679232.395850352,827,0.022222222222222223,-0.12459849566221237,0.018276575952768326,0.6834933757781982,0.2807210087776184,-1.1681495904922485,-0.24790702760219574,-0.6466951370239258,-0.12584166082315415,0.016775672210271333,0.6757986578518448,0.2852758181504337,-1.1480320892596374,-0.24117374651925955,-0.6346638875361454,0.0,0.0,0.0,0.0,0.0,0.0,0.0,0.04399999976158142
679232.418005554,828,0.022222222222222223,-0.12465668469667435,0.018369968980550766,0.6839995384216309,0.28111082315444946,-1.168948769569397,-0.24984286725521088,-0.6428384184837341,-0.12584166082315415,0.016775672210271333,0.6757986578518448,0.2852758181504337,-1.1480320892596374,-0.24117374651925955,-0.6346648312127838,0.0,0.0,0.0,0.0,0.0,0.0,0.0,0.04399999976158142
679232.440313992,829,0.022222222222222223,-0.12251000106334686,0.017535939812660217,0.6842979788780212,0.2806670069694519,-1.1695648431777954,-0.2511696517467499,-0.6405773162841797,-0.12584166082315415,0.016775672210271333,0.6757986578518448,0.2852758181504337,-1.1480320892596374,-0.24117374651925955,-0.6346648312127838,0.0,0.0,0.0,0.0,0.0,0.0,0.0,0.04399999976158142
679232.462423915,830,0.022222222222222223,-0.12155529111623764,0.017237268388271332,0.6847531795501709,0.28096431493759155,-1.169596552848816,-0.2521214485168457,-0.6401033401489258,-0.1258377017913028,0.016775672210271333,0.6757986578518448,0.2852758181504337,-1.1480320892596374,-0.24117374651925955,-0.6346648312127838,0.0,0.0,0.0,0.0,0.0,0.0,0.0,0.04399999976158142
679232.484634556,831,0.022222222222222223,-0.1208355501294136,0.017107993364334106,0.6846657395362854,0.280415415763855,-1.169287919998169,-0.2515832483768463,-0.6413968801498413,-0.1257888386086828,0.016775672210271333,0.6758223219020967,0.2852758181504337,-1.1480320892596374,-0.24117374651925955,-0.6346648312127838,0.0,0.0,0.0,0.0,0.0,0.0,0.0,0.04399999976158142
679232.506896745,832,0.022222222222222223,-0.121085524559021,0.017214473336935043,0.6848130226135254,0.2806319296360016,-1.1684831380844116,-0.25054532289505005,-0.6442518830299377,-0.12569140543123597,0.016775672210271333,0.6758252715008328,0.2852758181504337,-1.1480320892596374,-0.24117374651925955,-0.6346648312127838,0.0,0.0,0.0,0.0,0.0,0.0,0.0,0.04399999976158142
679232.529090664,833,0.022222222222222223,-0.12118583172559738,0.01704663597047329,0.6850004196166992,0.2804909944534302,-1.168304204940796,-0.2493167221546173,-0.6461749076843262,-0.12554334426185504,0.016775672210271333,0.6758552565563708,0.2852758181504337,-1.1480320892596374,-0.24117374651925955,-0.6346648312127838,0.0,0.0,0.0,0.0,0.0,0.0,0.0,0.04399999976158142
679232.551586685,834,0.022222222222222223,-0.12162652611732483,0.017357535660266876,0.6857930421829224,0.2807784676551819,-1.1675152778625488,-0.24765655398368835,-0.6489731669425964,-0.12537062606267518,0.016775672210271333,0.6759153830259831,0.2852758181504337,-1.1480320892596374,-0.24117374651925955,-0.6346648312127838,0.0,0.0,0.0,0.0,0.0,0.0,0.0,0.04399999976158142
679232.573609886,835,0.022222222222222223,-0.12312338501214981,0.017040202394127846,0.6876157522201538,0.28116488456726074,-1.16658353805542,-0.24760784208774567,-0.6481270790100098,-0.12519991015798718,0.016775672210271333,0.6761144963751334,0.2852758181504337,-1.1480320892596374,-0.24117374651925955,-0.6346716875850442,0.0,0.0,0.0,0.0,0.0,0.0,0.0,0.04399999976158142
679232.595783971,836,0.022222222222222223,-0.12433397024869919,0.016950232908129692,0.689491868019104,0.28103771805763245,-1.1657195091247559,-0.2485385686159134,-0.6461260318756104,-0.12508561327938886,0.016775672210271333,0.6766226243495932,0.2852758181504337,-1.1480320892596374,-0.24117374651925955,-0.6346716875850442,0.0,0.0,0.0,0.0,0.0,0.0,0.0,0.04399999976158142
679232.618004392,837,0.022222222222222223,-0.12447461485862732,0.01659456267952919,0.6915680170059204,0.2800564467906952,-1.1648553609848022,-0.2494991272687912,-0.6441583037376404,-0.12506824376434142,0.016775672210271333,0.6773935934696647,0.2852758181504337,-1.1480320892596374,-0.24117374651925955,-0.6346716875850442,0.0,0.0,0.0,0.0,0.0,0.0,0.0,0.04399999976158142
679232.640267404,838,0.022222222222222223,-0.125074103474617,0.016064537689089775,0.6933501958847046,0.27974459528923035,-1.1639913320541382,-0.2507140636444092,-0.642867386341095,-0.12506824376434142,0.016775672210271333,0.6784148828479863,0.2852758181504337,-1.1480320892596374,-0.24117374651925955,-0.6346716875850442,0.0,0.0,0.0,0.0,0.0,0.0,0.0,0.04399999976158142
679232.662473871,839,0.022222222222222223,-0.12462922930717468,0.015418323688209057,0.6948168277740479,0.27866819500923157,-1.1634536981582642,-0.2513044476509094,-0.6424932479858398,-0.12506824376434142,0.016775672210271333,0.6805325919755336,0.2852758181504337,-1.1480320892596374,-0.24117374651925955,-0.6346716875850442,0.0,0.0,0.0,0.0,0.0,0.0,0.0,0.04399999976158142
679232.684640076,840,0.022222222222222223,-0.12500616908073425,0.015045170672237873,0.6960076093673706,0.278374046087265,-1.162752628326416,-0.251841276884079,-0.6435008645057678,-0.12506824376434142,0.016775672210271333,0.681576846117373,0.2852758181504337,-1.1480320892596374,-0.24117374651925955,-0.6346716875850442,0.0,0.0,0.0,0.0,0.0,0.0,0.0,0.04399999976158142
679232.706888454,841,0.022222222222222223,-0.12497110664844513,0.01506445650011301,0.6959289312362671,0.2775368392467499,-1.1631125211715698,-0.25057390332221985,-0.6466665267944336,-0.12506824376434142,0.016775672210271333,0.6826501094922662,0.2852758181504337,-1.1480320892596374,-0.24117374651925955,-0.6346716875850442,0.0,0.0,0.0,0.0,0.0,0.0,0.0,0.04399999976158142
679232.729093164,842,0.022222222222222223,-0.12512320280075073,0.015326031483709812,0.6966329216957092,0.27744051814079285,-1.16220223903656,-0.24780815839767456,-0.6529291868209839,-0.12506824376434142,0.016775672210271333,0.683505764259106,0.28526193208223677,-1.1480320892596374,-0.24117374651925955,-0.6346716875850442,0.0,0.0,0.0,0.0,0.0,0.0,0.0,0.04399999976158142
679232.751341151,843,0.022222222222222223,-0.12892000377178192,0.014889106154441833,0.6992062330245972,0.27881261706352234,-1.1603325605392456,-0.24787724018096924,-0.6529847979545593,-0.12506824376434142,0.016775672210271333,0.6843298816447934,0.28522669628502634,-1.1480320892596374,-0.24117374651925955,-0.6350091162604636,0.0,0.0,0.0,0.0,0.0,0.0,0.0,0.04399999976158142
679232.773595949,844,0.022222222222222223,-0.13513495028018951,0.01224343478679657,0.7046323418617249,0.28003519773483276,-1.1564174890518188,-0.25293081998825073,-0.6411466598510742,-0.1250851945221297,0.016775672210271333,0.6854846094572798,0.2852238966790343,-1.1480320892596374,-0.24117374651925955,-0.6354126121314309,0.0,0.0,0.0,0.0,0.0,0.0,0.0,0.04399999976158142
679232.795792581,845,0.022222222222222223,-0.13877834379673004,0.006606648210436106,0.7087828516960144,0.27999386191368103,-1.1531147956848145,-0.2584300935268402,-0.6284677386283875,-0.12528446578309527,0.01674168982697856,0.6874518631443937,0.2852238966790343,-1.1480320892596374,-0.24117374651925955,-0.6354224815283768,0.0,0.0,0.0,0.0,0.0,0.0,0.0,0.04399999976158142
679232.818087316,846,0.022222222222222223,-0.13688378036022186,0.0028944583609700203,0.70940762758255,0.28008267283439636,-1.1529147624969482,-0.26223692297935486,-0.6227337121963501,-0.12584177178255265,0.016512492699274985,0.6898427377039481,0.2852238966790343,-1.1480320892596374,-0.24143139597012042,-0.6354224815283768,0.0,0.0,0.0,0.0,0.0,0.0,0.0,0.04399999976158142
679232.840265937,847,0.022222222222222223,-0.1305452436208725,0.002535005798563361,0.7065123319625854,0.27883660793304443,-1.155844807624817,-0.263521283864975,-0.623502254486084,-0.12668351165607256,0.015927218637267128,0.6919047867477237,0.2852238966790343,-1.1480320892596374,-0.2420549198947609,-0.6354224815283768,0.0,0.0,0.0,0.0,0.0,0.0,0.0,0.04399999976158142
679232.863212114,848,0.022222222222222223,-0.12681113183498383,0.0043097008019685745,0.7016828656196594,0.27942776679992676,-1.1591182947158813,-0.2623082399368286,-0.6303864121437073,-0.1275084748014986,0.015002569950925358,0.6930244577748573,0.2852238966790343,-1.1480320892596374,-0.24281624525038675,-0.6354224815283768,0.0,0.0,0.0,0.0,0.0,0.0,0.0,0.04399999976158142
679232.884646497,849,0.022222222222222223,-0.1251620501279831,0.005535629112273455,0.6988729238510132,0.28017568588256836,-1.160247802734375,-0.26052147150039673,-0.6362966895103455,-0.12851189896225076,0.01261478957262464,0.6939245006856057,0.2852238966790343,-1.1480320892596374,-0.2440677341635913,-0.6354224815283768,0.0,0.0,0.0,0.0,0.0,0.0,0.0,0.04399999976158142
679232.906886359,850,0.022222222222222223,-0.12454816699028015,0.007476062048226595,0.6965317130088806,0.28068992495536804,-1.1614794731140137,-0.2587739825248718,-0.6407671570777893,-0.12856371252503074,0.011444703515246646,0.6939245006856057,0.2852238966790343,-1.1480320892596374,-0.24436844768057778,-0.6354224815283768,0.0,0.0,0.0,0.0,0.0,0.0,0.0,0.04399999976158142
679232.92910895,851,0.022222222222222223,-0.12419227510690689,0.00912175327539444,0.6943976879119873,0.28078630566596985,-1.1627930402755737,-0.2574751079082489,-0.6428956985473633,-0.12853828043624557,0.010454023142086525,0.6939245006856057,0.2852238966790343,-1.1480320892596374,-0.24444587342102847,-0.6354224815283768,0.0,0.0,0.0,0.0,0.0,0.0,0.0,0.04399999976158142
679232.951353936,852,0.022222222222222223,-0.1238626018166542,0.01091112568974495,0.6926742196083069,0.2807685434818268,-1.1641451120376587,-0.2565271854400635,-0.6445027589797974,-0.12847152091715322,0.009732402671156378,0.6939245006856057,0.2852238966790343,-1.1480320892596374,-0.24444622895479717,-0.6354224815283768,0.0,0.0,0.0,0.0,0.0,0.0,0.0,0.04399999976158142
679232.973525909,853,0.022222222222222223,-0.1227763220667839,0.012139566242694855,0.691074013710022,0.28062865138053894,-1.1655077934265137,-0.2557755410671234,-0.645003616809845,-0.1283597415365663,0.009334372811993667,0.6939245006856057,0.2852238966790343,-1.1480320892596374,-0.24444622895479717,-0.6354224815283768,0.0,0.0,0.0,0.0,0.0,0.0,0.0,0.04399999976158142
679232.995792186,854,0.022222222222222223,-0.12210424244403839,0.013367614708840847,0.6897993683815002,0.2809050381183624,-1.1668586730957031,-0.25540977716445923,-0.6452586650848389,-0.12818382811834267,0.009259164412645637,0.6939245006856057,0.2852238966790343,-1.1480320892596374,-0.24444622895479717,-0.6354224815283768,0.0,0.0,0.0,0.0,0.0,0.0,0.0,0.04399999976158142
679233.020125529,855,0.022222222222222223,-0.121076300740242,0.013957435265183449,0.6886176466941833,0.28083521127700806,-1.1681346893310547,-0.2553025484085083,-0.6446256041526794,-0.12792587817099904,0.00928255014980397,0.6939245006856057,0.2852238966790343,-1.1480320892596374,-0.24444622895479717,-0.6354224815283768,0.0,0.0,0.0,0.0,0.0,0.0,0.0,0.04399999976158142
679233.04207057,856,0.022222222222222223,-0.12065275758504868,0.01461835578083992,0.687686026096344,0.2812763750553131,-1.1693788766860962,-0.2554183900356293,-0.6441566348075867,-0.12757581593695322,0.009358030500178353,0.6939245006856057,0.2852238966790343,-1.1480320892596374,-0.24444622895479717,-0.6354224815283768,0.0,0.0,0.0,0.0,0.0,0.0,0.0,0.04399999976158142
679233.062549532,857,0.022222222222222223,-0.1201261505484581,0.014713115058839321,0.6868427395820618,0.2814929783344269,-1.17054283618927,-0.25566521286964417,-0.6425958275794983,-0.1271480711986311,0.009483329853362525,0.6939245006856057,0.2852238966790343,-1.1480320892596374,-0.24444622895479717,-0.6354224815283768,0.0,0.0,0.0,0.0,0.0,0.0,0.0,0.04399999976158142
679233.085380965,858,0.022222222222222223,-0.1198296770453453,0.014910473488271236,0.6862536072731018,0.28207090497016907,-1.1716711521148682,-0.2560289800167084,-0.6412914991378784,-0.12615028636663123,0.00988000274657139,0.6939245006856057,0.2852238966790343,-1.1480320892596374,-0.24444622895479717,-0.6354224815283768,0.0,0.0,0.0,0.0,0.0,0.0,0.0,0.04399999976158142
679233.106917943,859,0.022222222222222223,-0.11926721036434174,0.01461756695061922,0.6857395768165588,0.2823618948459625,-1.1726808547973633,-0.2564845681190491,-0.6392137408256531,-0.1256057393399723,0.010135192074426518,0.6939245006856057,0.2852238966790343,-1.1480320892596374,-0.24444622895479717,-0.6354224815283768,0.0,0.0,0.0,0.0,0.0,0.0,0.0,0.04399999976158142
679233.12910113,860,0.022222222222222223,-0.11896781623363495,0.014511536806821823,0.6854293942451477,0.2829754650592804,-1.173641324043274,-0.25698527693748474,-0.6376540660858154,-0.1250460677153928,0.010401384066510923,0.6939245006856057,0.2852238966790343,-1.1480320892596374,-0.24444622895479717,-0.6354224815283768,0.0,0.0,0.0,0.0,0.0,0.0,0.0,0.04399999976158142
679233.15130899,861,0.022222222222222223,-0.11833830922842026,0.01396803930401802,0.6851794719696045,0.2832438051700592,-1.1744446754455566,-0.2574514150619507,-0.6356380581855774,-0.12448104992994297,0.01065475614059959,0.6939245006856057,0.2852238966790343,-1.1480320892596374,-0.24444622895479717,-0.6354224815283768,0.0,0.0,0.0,0.0,0.0,0.0,0.0,0.04399999976158142
679233.173536091,862,0.022222222222222223,-0.11810825020074844,0.013696632348001003,0.6850935220718384,0.2838887870311737,-1.175200343132019,-0.25790610909461975,-0.6343261003494263,-0.12391599101025204,0.010870445698866376,0.6939245006856057,0.2852238966790343,-1.1480320892596374,-0.24444622895479717,-0.6354224815283768,0.0,0.0,0.0,0.0,0.0,0.0,0.0,0.04399999976158142
679233.195820563,863,0.022222222222222223,-0.1175873801112175,0.013060802593827248,0.6850163340568542,0.2841905355453491,-1.1758143901824951,-0.25827452540397644,-0.6326306462287903,-0.12335787629526283,0.011028185686371542,0.6939242129700927,0.2852238966790343,-1.1480911678511698,-0.24444622895479717,-0.6354224815283768,0.0,0.0,0.0,0.0,0.0,0.0,0.0,0.04399999976158142
679233.218024523,864,0.022222222222222223,-0.11743051558732986,0.012781515717506409,0.6849642992019653,0.2848478853702545,-1.176382303237915,-0.25858867168426514,-0.6316795945167542,-0.1228131884228271,0.011111656082699572,0.6939093707360457,0.2852238966790343,-1.1482089992805329,-0.24444622895479717,-0.6354224815283768,0.0,0.0,0.0,0.0,0.0,0.0,0.0,0.04399999976158142
679233.240342957,865,0.022222222222222223,-0.1169833093881607,0.012188422493636608,0.6849251389503479,0.2851540148258209,-1.1768262386322021,-0.25879502296447754,-0.6303510665893555,-0.1222891666518263,0.01112216833013458,0.6938873015507809,0.2852238966790343,-1.1483747061160972,-0.2444474252796409,-0.6354224815283768,0.0,0.0,0.0,0.0,0.0,0.0,0.0,0.04399999976158142
679233.262508608,866,0.022222222222222223,-0.11686411499977112,0.011973326094448566,0.6849249005317688,0.28579220175743103,-1.177229881286621,-0.25893574953079224,-0.6297572255134583,-0.12132679771943634,0.01112216833013458,0.6938412763420785,0.2852238966790343,-1.148746360536171,-0.24448759938083797,-0.6354224815283768,0.0,0.0,0.0,0.0,0.0,0.0,0.0,0.04399999976158142
679233.284655647,867,0.022222222222222223,-0.11642538756132126,0.01146029494702816,0.6849392652511597,0.28605562448501587,-1.1775224208831787,-0.2589973211288452,-0.6287967562675476,-0.1209074602280248,0.01112216833013458,0.6938245666299381,0.2852238966790343,-1.1489454401604693,-0.24451869939570367,-0.6354224815283768,0.0,0.0,0.0,0.0,0.0,0.0,0.0,0.04399999976158142
679233.306925963,868,0.022222222222222223,-0.11637702584266663,0.01130669191479683,0.6849926114082336,0.28664153814315796,-1.1777774095535278,-0.2590934634208679,-0.6285252571105957,-0.12052916243356818,0.01112216833013458,0.6938137867662826,0.2852238966790343,-1.1491547484612845,-0.24455510779378342,-0.6354224815283768,0.0,0.0,0.0,0.0,0.0,0.0,0.0,0.04399999976158142
679233.331336042,869,0.022222222222222223,-0.11607470363378525,0.01084994152188301,0.6850612759590149,0.28685909509658813,-1.177925944328308,-0.25907453894615173,-0.6278325319290161,-0.12018978544491342,0.01112216833013458,0.693813714496772,0.2852238966790343,-1.1493690088180666,-0.24459714885587538,-0.6354224815283768,0.0,0.0,0.0,0.0,0.0,0.0,0.0,0.04399999976158142
679233.351338891,870,0.022222222222222223,-0.11610668897628784,0.010743489488959312,0.685180127620697,0.28736618161201477,-1.17803955078125,-0.2591302990913391,-0.6278010010719299,-0.11988795158598935,0.01112216833013458,0.693813714496772,0.2852238966790343,-1.1495765982220363,-0.24463557286352305,-0.6354224815283768,0.0,0.0,0.0,0.0,0.0,0.0,0.0,0.04399999976158142
679233.37353041,871,0.022222222222222223,-0.1158125177025795,0.01032437663525343,0.6853138208389282,0.2874375283718109,-1.1780476570129395,-0.25918179750442505,-0.6273871660232544,-0.119623704948253,0.01112216833013458,0.693813714496772,0.2852238966790343,-1.149774316714508,-0.244673989120322,-0.6354224815283768,0.0,0.0,0.0,0.0,0.0,0.0,0.0,0.04399999976158142
679233.395817433,872,0.022222222222222223,-0.11595069617033005,0.010271508246660233,0.6854923963546753,0.28782689571380615,-1.1780229806900024,-0.25924259424209595,-0.6276030540466309,-0.11939440167276963,0.01112216833013458,0.693813714496772,0.2852238966790343,-1.1499522196025194,-0.2447138922809256,-0.6354224815283768,0.0,0.0,0.0,0.0,0.0,0.0,0.0,0.04399999976158142
679233.417985484,873,0.022222222222222223,-0.11591640114784241,0.009920942597091198,0.6855943202972412,0.28783684968948364,-1.1779072284698486,-0.2593211829662323,-0.6272556185722351,-0.11920011004460293,0.01112216833013458,0.693813714496772,0.2852238966790343,-1.150108725568276,-0.24475582333381324,-0.6354224815283768,0.0,0.0,0.0,0.0,0.0,0.0,0.0,0.04399999976158142
679233.440276456,874,0.022222222222222223,-0.11610051244497299,0.00994808878749609,0.6857118606567383,0.28807660937309265,-1.1778050661087036,-0.25934457778930664,-0.6275239586830139,-0.11904428118343657,0.01112216833013458,0.693813714496772,0.2852238966790343,-1.1502366079955153,-0.24480126440235947,-0.6354224815283768,0.0,0.0,0.0,0.0,0.0,0.0,0.0,0.04399999976158142
679233.462479489,875,0.022222222222222223,-0.11590144783258438,0.009609969332814217,0.6863870620727539,0.28786784410476685,-1.177702784538269,-0.2592320144176483,-0.6275616884231567,-0.11892954429376076,0.01112216833013458,0.693813714496772,0.2852238966790343,-1.1503400487143822,-0.24484575128815375,-0.6354224815283768,0.0,0.0,0.0,0.0,0.0,0.0,0.0,0.04399999976158142
679233.484652038,876,0.022222222222222223,-0.11624661833047867,0.009664719924330711,0.6869797110557556,0.2880188524723053,-1.177600622177124,-0.2591308057308197,-0.6281369924545288,-0.11881342794985388,0.01112216833013458,0.693813714496772,0.2852238966790343,-1.150504066897316,-0.24491272301489034,-0.6354224815283768,0.0,0.0,0.0,0.0,0.0,0.0,0.0,0.04399999976158142
679233.506949587,877,0.022222222222222223,-0.11624299734830856,0.009320484474301338,0.688064455986023,0.28773975372314453,-1.1774983406066895,-0.2589575946331024,-0.6283201575279236,-0.11880058445819774,0.01112216833013458,0.693813714496772,0.2852238966790343,-1.1505574479577925,-0.2449252658561074,-0.6354224815283768,0.0,0.0,0.0,0.0,0.0,0.0,0.0,0.04399999976158142
679233.529088318,878,0.022222222222222223,-0.11672917008399963,0.009335574693977833,0.6890125870704651,0.2878231108188629,-1.1773961782455444,-0.25884681940078735,-0.6289425492286682,-0.11880058445819774,0.01112216833013458,0.693813714496772,0.2852238966790343,-1.1505943165958292,-0.24492580816033543,-0.6354224815283768,0.0,0.0,0.0,0.0,0.0,0.0,0.0,0.04399999976158142
679233.551339783,879,0.022222222222222223,-0.1168408915400505,0.008935266174376011,0.6904022693634033,0.28748369216918945,-1.1772938966751099,-0.25870490074157715,-0.6291102170944214,-0.11880058445819774,0.01112216833013458,0.693813714496772,0.2852238966790343,-1.150616436427492,-0.24492580816033543,-0.6354224815283768,0.0,0.0,0.0,0.0,0.0,0.0,0.0,0.04399999976158142
679233.573631692,880,0.022222222222222223,-0.11741143465042114,0.008876924403011799,0.6916068196296692,0.2875184714794159,-1.1771917343139648,-0.2586466073989868,-0.6297096610069275,-0.11880058445819774,0.01112216833013458,0.693813714496772,0.2852238966790343,-1.1506253600415015,-0.24492580816033543,-0.6354224815283768,0.0,0.0,0.0,0.0,0.0,0.0,0.0,0.04399999976158142
679233.595799303,881,0.022222222222222223,-0.11754647642374039,0.00840571615844965,0.693209707736969,0.28712424635887146,-1.1770894527435303,-0.25855743885040283,-0.6298739314079285,-0.11880058445819774,0.01112216833013458,0.693813714496772,0.2852238966790343,-1.1506254253488335,-0.24492580816033543,-0.6354224815283768,0.0,0.0,0.0,0.0,0.0,0.0,0.0,0.04399999976158142
679233.618074916,882,0.022222222222222223,-0.11816944926977158,0.00828572828322649,0.6945840716362,0.28715214133262634,-1.1769872903823853,-0.258573979139328,-0.6304976940155029,-0.11880058445819774,0.01112216833013458,0.693813714496772,0.2852238966790343,-1.1506254253488335,-0.24492580816033543,-0.6354224815283768,0.0,0.0,0.0,0.0,0.0,0.0,0.0,0.04399999976158142
679233.640369062,883,0.022222222222222223,-0.11832001805305481,0.007753773592412472,0.6963233947753906,0.2867530584335327,-1.1768850088119507,-0.2585533857345581,-0.6306968927383423,-0.11880058445819774,0.01112216833013458,0.693813714496772,0.2852238966790343,-1.1506254253488335,-0.24492580816033543,-0.6354224815283768,0.0,0.0,0.0,0.0,0.0,0.0,0.0,0.04399999976158142
679233.662468025,884,0.022222222222222223,-0.11895979195833206,0.007589398883283138,0.6978053450584412,0.28680136799812317,-1.1767828464508057,-0.2585759460926056,-0.6313755512237549,-0.11880058445819774,0.011117287418555324,0.693813714496772,0.2852238966790343,-1.1506254253488335,-0.24492580816033543,-0.6354224815283768,0.0,0.0,0.0,0.0,0.0,0.0,0.0,0.04399999976158142
679233.684691253,885,0.022222222222222223,-0.11909361183643341,0.007034786976873875,0.6996526718139648,0.28645265102386475,-1.176680564880371,-0.25846195220947266,-0.6315432190895081,-0.11880058445819774,0.011082343952579468,0.693813714496772,0.2852238966790343,-1.1506254253488335,-0.24492580816033543,-0.6354224815283768,0.0,0.0,0.0,0.0,0.0,0.0,0.0,0.04399999976158142
679233.707046799,886,0.022222222222222223,-0.11966431140899658,0.006828282494097948,0.7012324333190918,0.286545068025589,-1.176578402519226,-0.25846627354621887,-0.6321622133255005,-0.11880058445819774,0.01103621962459887,0.693813714496772,0.2852238966790343,-1.1506254253488335,-0.24492580816033543,-0.6354224815283768,0.0,0.0,0.0,0.0,0.0,0.0,0.0,0.04399999976158142
679233.729205107,887,0.022222222222222223,-0.11964325606822968,0.006232382729649544,0.7031408548355103,0.28620126843452454,-1.1764761209487915,-0.25831303000450134,-0.6323720216751099,-0.11880058445819774,0.010956506489300818,0.693813714496772,0.2852238966790343,-1.1506254253488335,-0.24492580816033543,-0.6354224815283768,0.0,0.0,0.0,0.0,0.0,0.0,0.0,0.04399999976158142
679233.751362071,888,0.022222222222222223,-0.12013803422451019,0.0060017951764166355,0.7047390341758728,0.2863282263278961,-1.1763739585876465,-0.2583423852920532,-0.633061945438385,-0.11880058445819774,0.010834975473449688,0.693907883975145,0.2852238966790343,-1.1506254253488335,-0.24492580816033543,-0.6354224815283768,0.0,0.0,0.0,0.0,0.0,0.0,0.0,0.04399999976158142
679233.773561229,889,0.022222222222222223,-0.11999485641717911,0.005376841872930527,0.706617534160614,0.28594303131103516,-1.176271677017212,-0.25826531648635864,-0.6335033178329468,-0.11880058445819774,0.010667882123641448,0.6942878628061476,0.2852238966790343,-1.1506254253488335,-0.24492580816033543,-0.6354224815283768,0.0,0.0,0.0,0.0,0.0,0.0,0.0,0.04399999976158142
679233.795935668,890,0.022222222222222223,-0.12049350142478943,0.005198321305215359,0.708145260810852,0.2860732674598694,-1.176169514656067,-0.25827327370643616,-0.6345406770706177,-0.11880058445819774,0.010452468553872421,0.6949550888163049,0.2852238966790343,-1.1506254253488335,-0.24492580816033543,-0.6354224815283768,0.0,0.0,0.0,0.0,0.0,0.0,0.0,0.04399999976158142
679233.818129333,891,0.022222222222222223,-0.12046417593955994,0.004631467629224062,0.7099719643592834,0.2857137620449066,-1.1760672330856323,-0.2581941485404968,-0.6351273655891418,-0.11880058445819774,0.010191477186236027,0.6957888172284385,0.2852238966790343,-1.1506254253488335,-0.24492580816033543,-0.6354224815283768,0.0,0.0,0.0,0.0,0.0,0.0,0.0,0.04399999976158142
679233.840354787,892,0.022222222222222223,-0.12105004489421844,0.0045033590868115425,0.7114629149436951,0.2858475148677826,-1.1759650707244873,-0.25819218158721924,-0.6362140774726868,-0.11880058445819774,0.009889109299870677,0.6968125419984391,0.2852238966790343,-1.1506254253488335,-0.24492580816033543,-0.6354224815283768,0.0,0.0,0.0,0.0,0.0,0.0,0.0,0.04399999976158142
679233.862516144,893,0.022222222222222223,-0.1210949569940567,0.003970937337726355,0.713270366191864,0.28549063205718994,-1.1758627891540527,-0.2581382989883423,-0.636742115020752,-0.11880058445819774,0.00920389515071643,0.6988319354771942,0.2852238966790343,-1.1506254253488335,-0.24492580816033543,-0.6354224815283768,0.0,0.0,0.0,0.0,0.0,0.0,0.0,0.04399999976158142
679233.88475215,894,0.022222222222222223,-0.12168343365192413,0.003846435807645321,0.7147566080093384,0.2856023907661438,-1.1757606267929077,-0.2581792175769806,-0.6377173662185669,-0.11880058445819774,0.008847265922545262,0.6999047984964266,0.2852238966790343,-1.1506254253488335,-0.24492580816033543,-0.6354224815283768,0.0,0.0,0.0,0.0,0.0,0.0,0.0,0.04399999976158142
679233.906941593,895,0.022222222222222223,-0.12167908996343613,0.0033141367603093386,0.7165470719337463,0.28520819544792175,-1.1756583452224731,-0.258139431476593,-0.6382153034210205,-0.11880058445819774,0.008486890741722384,0.7010581123225615,0.2852238966790343,-1.1506254253488335,-0.24492580816033543,-0.6354224815283768,0.0,0.0,0.0,0.0,0.0,0.0,0.0,0.04399999976158142
679233.929229062,896,0.022222222222222223,-0.12226688861846924,0.003200991777703166,0.7180006504058838,0.28530827164649963,-1.1755561828613281,-0.25817641615867615,-0.6392197608947754,-0.11880058445819774,0.008124396589650272,0.7023329971647507,0.2852238966790343,-1.1506254253488335,-0.24492580816033543,-0.6354224815283768,0.0,0.0,0.0,0.0,0.0,0.0,0.0,0.04399999976158142
679233.951408396,897,0.022222222222222223,-0.12222660332918167,0.002686384366825223,0.7197594046592712,0.2848849296569824,-1.1754539012908936,-0.2581183612346649,-0.6397453546524048,-0.118807906809251,0.007762815950109276,0.7036432608981972,0.2852238966790343,-1.1506254253488335,-0.24492580816033543,-0.6354224815283768,0.0,0.0,0.0,0.0,0.0,0.0,0.0,0.04399999976158142
679233.973538839,898,0.022222222222222223,-0.12280309945344925,0.0026040677912533283,0.7211781740188599,0.2849716246128082,-1.1753517389297485,-0.25814059376716614,-0.6407782435417175,-0.1188259189468023,0.00740349073326918,0.7050388218661763,0.2852238966790343,-1.1506254253488335,-0.24492580816033543,-0.6354224815283768,0.0,0.0,0.0,0.0,0.0,0.0,0.0,0.04399999976158142
679233.996357128,899,0.022222222222222223,-0.12276716530323029,0.002129429718479514,0.7228520512580872,0.2845405638217926,-1.1752991676330566,-0.2580685615539551,-0.6413119435310364,-0.11886495372001515,0.007049492795840282,0.706439878220559,0.2852238966790343,-1.1506254253488335,-0.24492580816033543,-0.6354224815283768,0.0,0.0,0.0,0.0,0.0,0.0,0.0,0.04399999976158142
679234.018030628,900,0.022222222222222223,-0.12385497987270355,0.0009840545244514942,0.7266029119491577,0.28446727991104126,-1.1722952127456665,-0.2572859525680542,-0.6433317065238953,-0.1189301065640467,0.00670250147767309,0.7078926105073482,0.2852238966790343,-1.1506254253488335,-0.24492580816033543,-0.6354224815283768,0.0,0.0,0.0,0.0,0.0,0.0,0.0,0.04399999976158142
679234.040253459,901,0.022222222222222223,-0.13327611982822418,0.0008600567816756666,0.7263088822364807,0.28629791736602783,-1.172321081161499,-0.2551267147064209,-0.6453051567077637,-0.11903897682274929,0.006338246801360846,0.709780857785006,0.2852238966790343,-1.1506254253488335,-0.24492580816033543,-0.6354224815283768,0.0,0.0,0.0,0.0,0.0,0.0,0.0,0.04399999976158142
679234.062409739,902,0.022222222222222223,-0.14551740884780884,-0.00083001988241449,0.7300084829330444,0.28777456283569336,-1.1671431064605713,-0.2511596381664276,-0.6473245620727539,-0.11920033954015621,0.005952765433846504,0.7113174800892449,0.2852238966790343,-1.1506254253488335,-0.24492580816033543,-0.6354224815283768,0.0,0.0,0.0,0.0,0.0,0.0,0.0,0.04399999976158142
679234.084641137,903,0.022222222222222223,-0.15646526217460632,-0.003852765541523695,0.737286388874054,0.2871665060520172,-1.1572682857513428,-0.24491910636425018,-0.6494651436805725,-0.12075915488708754,0.0051502766811459075,0.7141598044374573,0.2852238966790343,-1.1506254253488335,-0.24492580816033543,-0.6354224815283768,0.0,0.0,0.0,0.0,0.0,0.0,0.0,0.04399999976158142
679234.106890877,904,0.022222222222222223,-0.16677795350551605,-0.004222398158162832,0.7419341206550598,0.28648772835731506,-1.1487003564834595,-0.23398065567016602,-0.6554056406021118,-0.12291761641211797,0.00462022158635765,0.7168863863343161,0.2852238966790343,-1.1506254253488335,-0.24492580816033543,-0.6354224815283768,0.0,0.0,0.0,0.0,0.0,0.0,0.0,0.04399999976158142
679234.129119854,905,0.022222222222222223,-0.171325221657753,-0.0019675528164952993,0.7422284483909607,0.28541579842567444,-1.144817590713501,-0.2206266224384308,-0.6637702584266663,-0.1262721006839126,0.003950918455152592,0.7199903151314689,0.2852238966790343,-1.1506254253488335,-0.24492580816033543,-0.6359043598691908,0.0,0.0,0.0,0.0,0.0,0.0,0.0,0.04399999976158142
679234.151335142,906,0.022222222222222223,-0.17568635940551758,0.0003755281213670969,0.7438788414001465,0.2860017418861389,-1.1406679153442383,-0.209921196103096,-0.6692410707473755,-0.13073876536828635,0.0032527173343122164,0.722567314952455,0.2852238966790343,-1.1506254253488335,-0.2440881286754693,-0.6371741166408509,0.0,0.0,0.0,0.0,0.0,0.0,0.0,0.04399999976158142
679234.173537538,907,0.022222222222222223,-0.17948907613754272,0.0013460178161039948,0.7471557855606079,0.2863296568393707,-1.1351896524429321,-0.20104673504829407,-0.6733407378196716,-0.13607131160819264,0.002671878496551387,0.7249620473305574,0.2852238966790343,-1.1506254253488335,-0.2421985632057339,-0.6389702504540048,0.0,0.0,0.0,0.0,0.0,0.0,0.0,0.04399999976158142
679234.195751758,908,0.022222222222222223,-0.18329179286956787,0.0030670727137476206,0.7486051321029663,0.2871173620223999,-1.1323065757751465,-0.19377590715885162,-0.6765081882476807,-0.14201948979126383,0.002284472865952387,0.7275214457965028,0.2852238966790343,-1.1506254253488335,-0.2395019718087688,-0.6410518187948047,0.0,0.0,0.0,0.0,0.0,0.0,0.0,0.04399999976158142
679234.217967788,909,0.022222222222222223,-0.18709450960159302,0.003750026924535632,0.751006007194519,0.28798404335975647,-1.1288005113601685,-0.18831168115139008,-0.6777462363243103,-0.14834753575054072,0.0021298503692218904,0.729872985718733,0.2852238966790343,-1.1506254253488335,-0.23626467862810335,-0.6432750797555666,0.0,0.0,0.0,0.0,0.0,0.0,0.0,0.04399999976158142
679234.240229826,910,0.022222222222222223,-0.18722306191921234,0.005724004935473204,0.746990978717804,0.2887074947357178,-1.1319416761398315,-0.18124622106552124,-0.6829310655593872,-0.15485401461185838,0.002127862224058433,0.7322311182806839,0.2852238966790343,-1.1506254253488335,-0.23273661006836396,-0.6454397833928691,0.0,0.0,0.0,0.0,0.0,0.0,0.0,0.04399999976158142
679234.262407756,911,0.022222222222222223,-0.18687966465950012,0.008174167945981026,0.7430731654167175,0.29071614146232605,-1.1349828243255615,-0.17483356595039368,-0.6889310479164124,-0.16128184984243474,0.0021384378925798095,0.7333834763937558,0.2852238966790343,-1.1506254253488335,-0.2288649726075886,-0.6478352668597981,0.0,0.0,0.0,0.0,0.0,0.0,0.0,0.04399999976158142
679234.284712438,912,0.022222222222222223,-0.1833553910255432,0.01049155741930008,0.7400542497634888,0.2920839488506317,-1.1381951570510864,-0.1700790673494339,-0.6931989192962646,-0.17285153495993105,0.002266511179558031,0.7343146949778853,0.2852238966790343,-1.1506254253488335,-0.2214556311200875,-0.6526190270868251,0.0,0.0,0.0,0.0,0.0,0.0,0.0,0.04399999976158142
679234.30690605,913,0.022222222222222223,-0.17925970256328583,0.013354088179767132,0.7374817728996277,0.29374101758003235,-1.141750693321228,-0.16798987984657288,-0.6934996843338013,-0.17755528654976918,0.0025303251330558384,0.7343146949778853,0.2852238966790343,-1.1506254253488335,-0.2175359812207719,-0.6553701141235413,0.0,0.0,0.0,0.0,0.0,0.0,0.0,0.04399999976158142
679234.329139994,914,0.022222222222222223,-0.17632776498794556,0.015215850435197353,0.7353233695030212,0.29574689269065857,-1.1455178260803223,-0.16804291307926178,-0.6914404034614563,-0.1812411931748002,0.003030666849030806,0.7343146949778853,0.28530010199343636,-1.1506254253488335,-0.21374409268051195,-0.6579545400462021,0.0,0.0,0.0,0.0,0.0,0.0,0.0,0.04399999976158142
679234.351336252,915,0.022222222222222223,-0.16976074874401093,0.0169562678784132,0.7313725352287292,0.29673054814338684,-1.150138020515442,-0.16565194725990295,-0.6951097846031189,-0.18380048652313996,0.0038003969235288304,0.7343146949778853,0.2856117832881234,-1.1506254253488335,-0.2103119386762032,-0.6600955750839832,0.0,0.0,0.0,0.0,0.0,0.0,0.0,0.04399999976158142
679234.373579102,916,0.022222222222222223,-0.16599474847316742,0.01912178285419941,0.7273960709571838,0.29980793595314026,-1.1540571451187134,-0.16384762525558472,-0.7001017332077026,-0.1851352001061192,0.0048278929593473,0.7343146949778853,0.28617060754245516,-1.1506254253488335,-0.20705590394515624,-0.6622615182865494,0.0,0.0,0.0,0.0,0.0,0.0,0.0,0.04399999976158142
679234.3958563,917,0.022222222222222223,-0.1622287631034851,0.021593201905488968,0.7209732532501221,0.30233192443847656,-1.1607553958892822,-0.1632968783378601,-0.7004157900810242,-0.1852505895295502,0.0061000889655732716,0.7343146949778853,0.2870580298410523,-1.1506254253488335,-0.20394380228607645,-0.6646984969865134,0.0,0.0,0.0,0.0,0.0,0.0,0.0,0.04399999976158142
679234.418021474,918,0.022222222222222223,-0.1584627777338028,0.023995598778128624,0.7145153880119324,0.3043903708457947,-1.1673283576965332,-0.1622799187898636,-0.7003991603851318,-0.18445655724788126,0.007612234557487632,0.7334609552382718,0.28833651459074733,-1.1506254253488335,-0.20107675765309582,-0.6670204643372656,0.0,0.0,0.0,0.0,0.0,0.0,0.0,0.04399999976158142
679234.441600213,919,0.022222222222222223,-0.15627488493919373,0.025310618802905083,0.7118312120437622,0.30628708004951477,-1.1700831651687622,-0.16116732358932495,-0.6997216939926147,-0.18285619164813727,0.009354328460198754,0.7315357051571317,0.28991045137652327,-1.1506254253488335,-0.19842227570509088,-0.6690991618289853,0.0,0.0,0.0,0.0,0.0,0.0,0.0,0.04399999976158142
679234.462534844,920,0.022222222222222223,-0.15625298023223877,0.026379868388175964,0.7109931707382202,0.3080119788646698,-1.171278715133667,-0.160636305809021,-0.6980270743370056,-0.18062061910342003,0.01124629510379262,0.7299609656611393,0.2915087207194515,-1.1506254253488335,-0.19602984467218415,-0.6709520683328474,0.0,0.0,0.0,0.0,0.0,0.0,0.0,0.04399999976158142
679234.485117406,921,0.022222222222222223,-0.15651443600654602,0.026292093098163605,0.7115951776504517,0.30877649784088135,-1.1714082956314087,-0.1615561991930008,-0.6927093267440796,-0.17498813372594862,0.015165095232254646,0.7265766751273426,0.294605073496175,-1.1506254253488335,-0.1917500410462329,-0.6738108490058262,0.0,0.0,0.0,0.0,0.0,0.0,0.0,0.04399999976158142
679234.506952254,922,0.022222222222222223,-0.1576259732246399,0.025973249226808548,0.713106632232666,0.3087902069091797,-1.170912504196167,-0.16327723860740662,-0.6864030361175537,-0.17196974829656364,0.017069096727891572,0.7253920804705936,0.29610997668607003,-1.1506254253488335,-0.189979701254067,-0.6744507074817707,0.0,0.0,0.0,0.0,0.0,0.0,0.0,0.04399999976158142
679234.529163682,923,0.022222222222222223,-0.16032497584819794,0.024837128818035126,0.7147639393806458,0.30889153480529785,-1.1701083183288574,-0.1651015728712082,-0.680664598941803,-0.16907309896988373,0.018826637844200585,0.724723052278898,0.2974334802642722,-1.1506254253488335,-0.18856681877668247,-0.6744950487237245,0.0,0.0,0.0,0.0,0.0,0.0,0.0,0.04399999976158142
679234.551331893,924,0.022222222222222223,-0.16342638432979584,0.023326154798269272,0.7160683274269104,0.30933281779289246,-1.1693041324615479,-0.1668502390384674,-0.6761440634727478,-0.16649765883025675,0.0203528297615378,0.7245008320149641,0.29850991144907607,-1.1506254253488335,-0.1875025669409356,-0.6744950487237245,0.0,0.0,0.0,0.0,0.0,0.0,0.0,0.04399999976158142
679234.573700484,925,0.022222222222222223,-0.16619327664375305,0.021755974739789963,0.7176907658576965,0.3093022406101227,-1.1685189008712769,-0.16884784400463104,-0.671050488948822,-0.1644282607748587,0.02156527938871829,0.7245003578790696,0.29937770410135434,-1.1506254253488335,-0.1867460092382326,-0.6744950487237245,0.0,0.0,0.0,0.0,0.0,0.0,0.0,0.04399999976158142
679234.595838838,926,0.022222222222222223,-0.1679648756980896,0.01997709646821022,0.7192603945732117,0.3092138469219208,-1.167739987373352,-0.17105510830879211,-0.6663429737091064,-0.1629857195523956,0.02240483515192046,0.7245003578790696,0.3000626134016481,-1.1506254253488335,-0.18628233570321648,-0.6744950487237245,0.0,0.0,0.0,0.0,0.0,0.0,0.0,0.04399999976158142
679234.618059989,927,0.022222222222222223,-0.16843043267726898,0.018176186829805374,0.7210201621055603,0.3082870543003082,-1.1669609546661377,-0.1729743480682373,-0.6624552607536316,-0.16220291053932998,0.022836296247131183,0.7245003578790696,0.30056916156682717,-1.1506254253488335,-0.1861033227807846,-0.6744950487237245,0.0,0.0,0.0,0.0,0.0,0.0,0.0,0.04399999976158142
679234.640272337,928,0.022222222222222223,-0.16910891234874725,0.016481716185808182,0.7224750518798828,0.3078348934650421,-1.166182041168213,-0.17478884756565094,-0.6598777770996094,-0.16201576694190623,0.022884428919217364,0.7245003578790696,0.3008531439577473,-1.1506254253488335,-0.18609588635989704,-0.6744950487237245,0.0,0.0,0.0,0.0,0.0,0.0,0.0,0.04399999976158142
679234.662503681,929,0.022222222222222223,-0.16991600394248962,0.014989420771598816,0.724111020565033,0.307393342256546,-1.1654030084609985,-0.176491379737854,-0.6575974822044373,-0.1621336471142739,0.022772153246068995,0.7245003578790696,0.3009185363257105,-1.1506254253488335,-0.18609588635989704,-0.6744623322800974,0.0,0.0,0.0,0.0,0.0,0.0,0.0,0.04399999976158142
679234.684692595,930,0.022222222222222223,-0.17056861519813538,0.013538465835154057,0.7253717184066772,0.3071942627429962,-1.1646240949630737,-0.17752353847026825,-0.6571714878082275,-0.16279692247471247,0.022186176785455564,0.7245003578790696,0.3009185363257105,-1.1506254253488335,-0.18609588635989704,-0.6741981198573471,0.0,0.0,0.0,0.0,0.0,0.0,0.0,0.04399999976158142
679234.706954052,931,0.022222222222222223,-0.1687268167734146,0.013532346114516258,0.7241891622543335,0.305830180644989,-1.1659036874771118,-0.17523561418056488,-0.6613959074020386,-0.16330432016697452,0.02168714874955885,0.7245003578790696,0.3009185363257105,-1.1506254253488335,-0.18609588635989704,-0.6739059381917548,0.0,0.0,0.0,0.0,0.0,0.0,0.0,0.04399999976158142
679234.729132507,932,0.022222222222222223,-0.1669142097234726,0.01446148008108139,0.7233505249023438,0.30551183223724365,-1.1661827564239502,-0.171144500374794,-0.6691778302192688,-0.16384429685225255,0.021066228448265677,0.7245003578790696,0.3009185363257105,-1.1506254253488335,-0.18609588635989704,-0.6738825344733068,0.0,0.0,0.0,0.0,0.0,0.0,0.0,0.04399999976158142
679234.751349738,933,0.022222222222222223,-0.16567353904247284,0.014934834092855453,0.7246506810188293,0.30490610003471375,-1.1645019054412842,-0.16745179891586304,-0.6745659112930298,-0.1642994624043627,0.020402385568441525,0.7245003578790696,0.3009185363257105,-1.1506254253488335,-0.18602806755467188,-0.6738825344733068,0.0,0.0,0.0,0.0,0.0,0.0,0.0,0.04399999976158142
679234.77358337,934,0.022222222222222223,-0.16607479751110077,0.015602871775627136,0.7268015742301941,0.30497947335243225,-1.1620632410049438,-0.16438370943069458,-0.6788491606712341,-0.16459719594786032,0.019767968425161504,0.7245003578790696,0.3009185363257105,-1.1506254253488335,-0.1856423467440837,-0.6738825344733068,0.0,0.0,0.0,0.0,0.0,0.0,0.0,0.04399999976158142
679234.796058897,935,0.022222222222222223,-0.16675834357738495,0.015642447397112846,0.7297594547271729,0.3046894073486328,-1.1597505807876587,-0.16309168934822083,-0.6795861721038818,-0.16474159829982052,0.019212990274327178,0.7245003578790696,0.3009185363257105,-1.1506254253488335,-0.1849504885447366,-0.6738825344733068,0.0,0.0,0.0,0.0,0.0,0.0,0.0,0.04399999976158142
679234.81808499,936,0.022222222222222223,-0.1680949181318283,0.015325485728681087,0.7326890230178833,0.3046934902667999,-1.1575753688812256,-0.16321033239364624,-0.6789669394493103,-0.1647855164807075,0.01876120837037024,0.7245003578790696,0.3009185363257105,-1.1506254253488335,-0.18414622577947645,-0.6738825344733068,0.0,0.0,0.0,0.0,0.0,0.0,0.0,0.04399999976158142
679234.841163979,937,0.022222222222222223,-0.17036111652851105,0.014137199148535728,0.7360881567001343,0.30493780970573425,-1.15567147731781,-0.16532447934150696,-0.6752614378929138,-0.16479722513156617,0.01840382217015956,0.7245003578790696,0.3009185363257105,-1.1506254253488335,-0.1834039351823608,-0.6738825344733068,0.0,0.0,0.0,0.0,0.0,0.0,0.0,0.04399999976158142
679234.862623171,938,0.022222222222222223,-0.1714896559715271,0.012704417109489441,0.73951655626297,0.3046439290046692,-1.1538625955581665,-0.1689029037952423,-0.6703783869743347,-0.16481215002976757,0.018129792928639477,0.7245003578790696,0.3009185363257105,-1.1506254253488335,-0.18274449972251774,-0.6738825344733068,0.0,0.0,0.0,0.0,0.0,0.0,0.0,0.04399999976158142
679234.884755781,939,0.022222222222222223,-0.16959553956985474,0.012872683815658092,0.7365903258323669,0.30372974276542664,-1.158023476600647,-0.17098116874694824,-0.6689981818199158,-0.16488549437115455,0.01790377247333993,0.7250222802308797,0.3009185363257105,-1.1506254253488335,-0.1823309192093628,-0.6738825344733068,0.0,0.0,0.0,0.0,0.0,0.0,0.0,0.04399999976158142
679234.906912631,940,0.022222222222222223,-0.16770142316818237,0.014398152939975262,0.730268120765686,0.3038542568683624,-1.1640515327453613,-0.17085912823677063,-0.6729048490524292,-0.16533168906330048,0.017398427744017467,0.7264289756209921,0.3009185363257105,-1.1506254253488335,-0.1822821898619598,-0.6738825344733068,0.0,0.0,0.0,0.0,0.0,0.0,0.0,0.04399999976158142
679234.929187528,941,0.022222222222222223,-0.16820189356803894,0.015086092054843903,0.7272794842720032,0.3046366274356842,-1.1664907932281494,-0.17026829719543457,-0.6763413548469543,-0.16553282245239123,0.01716645690552707,0.7264289756209921,0.3009185363257105,-1.1506254253488335,-0.1822821898619598,-0.6738825344733068,0.0,0.0,0.0,0.0,0.0,0.0,0.0,0.04399999976158142
679234.951472864,942,0.022222222222222223,-0.16967563331127167,0.01652255468070507,0.7247666120529175,0.30530089139938354,-1.1690237522125244,-0.16992025077342987,-0.677753210067749,-0.16565528948855762,0.01702179838822435,0.7264289756209921,0.3009185363257105,-1.1506254253488335,-0.1822821898619598,-0.6738825344733068,0.0,0.0,0.0,0.0,0.0,0.0,0.0,0.04399999976158142
679234.97360598,943,0.022222222222222223,-0.1711301952600479,0.017489178106188774,0.7224348187446594,0.3057340979576111,-1.1716217994689941,-0.17024992406368256,-0.6763871908187866,-0.16575836496414284,0.016992765424389395,0.7264289756209921,0.3009185363257105,-1.1506254253488335,-0.1822821898619598,-0.6738825344733068,0.0,0.0,0.0,0.0,0.0,0.0,0.0,0.04399999976158142
679234.99582639,944,0.022222222222222223,-0.17128677666187286,0.018628643825650215,0.7204387187957764,0.3056892156600952,-1.1742032766342163,-0.17022471129894257,-0.6755838990211487,-0.16590968702382455,0.016992765424389395,0.7264289756209921,0.3009185363257105,-1.1506254253488335,-0.1822821898619598,-0.6738825344733068,0.0,0.0,0.0,0.0,0.0,0.0,0.0,0.04399999976158142
679235.018094355,945,0.022222222222222223,-0.17065054178237915,0.019407594576478004,0.7185531854629517,0.3056999146938324,-1.1766334772109985,-0.17002004384994507,-0.6745720505714417,-0.16612688555825436,0.016992765424389395,0.7264289756209921,0.3009185363257105,-1.1506254253488335,-0.1822821898619598,-0.6738825344733068,0.0,0.0,0.0,0.0,0.0,0.0,0.0,0.04399999976158142
679235.040250726,946,0.022222222222222223,-0.17010197043418884,0.02039758302271366,0.7170040011405945,0.30585014820098877,-1.179013967514038,-0.16993652284145355,-0.673520028591156,-0.16637279766215915,0.016992765424389395,0.7264289756209921,0.3009185363257105,-1.1506254253488335,-0.1822821898619598,-0.6738825344733068,0.0,0.0,0.0,0.0,0.0,0.0,0.0,0.04399999976158142
679235.062487199,947,0.022222222222222223,-0.1672300398349762,0.021163558587431908,0.7141100764274597,0.3050372898578644,-1.1821248531341553,-0.16773909330368042,-0.6752423644065857,-0.1666021916053303,0.01699855707662158,0.7263162943525622,0.3009185363257105,-1.1508104994558543,-0.1822821898619598,-0.6738825344733068,0.0,0.0,0.0,0.0,0.0,0.0,0.0,0.04399999976158142
679235.08463921,948,0.022222222222222223,-0.16480639576911926,0.022071605548262596,0.7131790518760681,0.3051595091819763,-1.1828107833862305,-0.16404107213020325,-0.6802666783332825,-0.16688180539406947,0.01705429662139523,0.7256009083800485,0.3009185363257105,-1.15145463963226,-0.18224799672100592,-0.6738825344733068,0.0,0.0,0.0,0.0,0.0,0.0,0.0,0.04399999976158142
679235.106849864,949,0.022222222222222223,-0.16238275170326233,0.023606076836586,0.7119427919387817,0.3052772879600525,-1.1842577457427979,-0.16140002012252808,-0.6824173331260681,-0.16688180539406947,0.017152351372211466,0.7249130792392343,0.3009185363257105,-1.1519576495339967,-0.18190229611977946,-0.6738825344733068,0.0,0.0,0.0,0.0,0.0,0.0,0.0,0.04399999976158142
679235.129092704,950,0.022222222222222223,-0.1599591076374054,0.024981318041682243,0.7110104560852051,0.3058798909187317,-1.1858998537063599,-0.15968261659145355,-0.6832286715507507,-0.1668486857108226,0.017348519520524085,0.724120738955454,0.3009185363257105,-1.1525586407383404,-0.18128140402009538,-0.6738825344733068,0.0,0.0,0.0,0.0,0.0,0.0,0.0,0.04399999976158142
679235.151337065,951,0.022222222222222223,-0.15798406302928925,0.025666149333119392,0.7111107707023621,0.30613476037979126,-1.1862245798110962,-0.15739145874977112,-0.6849821209907532,-0.16670212267349943,0.017679541455237837,0.7233005598952933,0.3009185363257105,-1.1532695218352327,-0.1805163321566786,-0.6738825344733068,0.0,0.0,0.0,0.0,0.0,0.0,0.0,0.04399999976158142
679235.1790787,952,0.022222222222222223,-0.15735480189323425,0.026657240465283394,0.7120144367218018,0.307039350271225,-1.1858370304107666,-0.15500293672084808,-0.6877533197402954,-0.16637229872581014,0.01814705065467572,0.7226542120956898,0.3009185363257105,-1.1539431673985117,-0.17959985553395605,-0.6738825344733068,0.0,0.0,0.0,0.0,0.0,0.0,0.0,0.04399999976158142
679235.195813553,953,0.022222222222222223,-0.15738248825073242,0.027590354904532433,0.7120899558067322,0.30737021565437317,-1.1868281364440918,-0.1532517373561859,-0.6882289052009583,-0.16585664139492914,0.01873869114485473,0.7223034213959304,0.3009185363257105,-1.1545062565502107,-0.17852628718873015,-0.6738825344733068,0.0,0.0,0.0,0.0,0.0,0.0,0.0,0.04399999976158142
679235.218039744,954,0.022222222222222223,-0.1593809723854065,0.0283986683934927,0.7111560106277466,0.3088083863258362,-1.1888203620910645,-0.1525014489889145,-0.6875354647636414,-0.16520727396857482,0.01944421922301137,0.7220371084796887,0.3009185363257105,-1.1551108485696957,-0.17736233656442935,-0.673892574637987,0.0,0.0,0.0,0.0,0.0,0.0,0.0,0.04399999976158142
679235.24023207,955,0.022222222222222223,-0.16187192499637604,0.027809977531433105,0.7119629383087158,0.3103490471839905,-1.1892945766448975,-0.15350061655044556,-0.6835401058197021,-0.1645344624386217,0.020245970428119837,0.7216455078773603,0.3009445052438717,-1.1558598083791454,-0.17621656088045407,-0.6738926752097045,0.0,0.0,0.0,0.0,0.0,0.0,0.0,0.04399999976158142
679235.262538095,956,0.022222222222222223,-0.16451624035835266,0.027443120256066322,0.7131768465042114,0.3114864230155945,-1.1897141933441162,-0.15611962974071503,-0.6768006682395935,-0.16398009635871827,0.02108806662677439,0.721479039519071,0.30111936201742034,-1.1565839187934808,-0.1752571853159488,-0.6738926752097045,0.0,0.0,0.0,0.0,0.0,0.0,0.0,0.04399999976158142
679235.284649855,957,0.022222222222222223,-0.1661849319934845,0.026594452559947968,0.7137413620948792,0.31166142225265503,-1.1902976036071777,-0.15946976840496063,-0.6685088872909546,-0.16343306439690364,0.02266767596769937,0.7213470284448905,0.3018209174835259,-1.1578557134472396,-0.17390386680514636,-0.6738926752097045,0.0,0.0,0.0,0.0,0.0,0.0,0.0,0.04399999976158142
679235.306915056,958,0.022222222222222223,-0.16667768359184265,0.025251856073737144,0.713933527469635,0.31173816323280334,-1.1908886432647705,-0.16234488785266876,-0.662743866443634,-0.16343098776550274,0.02331178421645202,0.7213470284448905,0.30228861199672413,-1.1584741899146178,-0.17378057681972656,-0.6738926752097045,0.0,0.0,0.0,0.0,0.0,0.0,0.0,0.04399999976158142
679235.32911141,959,0.022222222222222223,-0.16655613481998444,0.023921247571706772,0.7138803601264954,0.31103506684303284,-1.1909656524658203,-0.16401059925556183,-0.6595861911773682,-0.16343282446008708,0.023785163022308105,0.7213470284448905,0.30273597743890923,-1.159089734283417,-0.17378057681972656,-0.6738926752097045,0.0,0.0,0.0,0.0,0.0,0.0,0.0,0.04399999976158142
679235.351648042,960,0.022222222222222223,-0.1675289422273636,0.022917987778782845,0.7142031192779541,0.3108733594417572,-1.1906497478485107,-0.16467203199863434,-0.6589062809944153,-0.16343455873018217,0.024041159584937133,0.7213470284448905,0.30306191349768613,-1.1596496052215126,-0.17378057681972656,-0.6738859738373321,0.0,0.0,0.0,0.0,0.0,0.0,0.0,0.04399999976158142
679235.373562221,961,0.022222222222222223,-0.16902954876422882,0.022310849279165268,0.7149317264556885,0.31036892533302307,-1.1902318000793457,-0.16488893330097198,-0.6579644083976746,-0.16345780751305686,0.02408155046281956,0.7213470284448905,0.3032403745517087,-1.1601176853829427,-0.17378057681972656,-0.6738211396269248,0.0,0.0,0.0,0.0,0.0,0.0,0.0,0.04399999976158142
679235.395862156,962,0.022222222222222223,-0.1708463728427887,0.02198340930044651,0.7154631018638611,0.3100237548351288,-1.1898233890533447,-0.1647750735282898,-0.6578036546707153,-0.16355523316424536,0.02408155046281956,0.7213470284448905,0.30328487153025774,-1.1604920640790175,-0.17378057681972656,-0.6736679264436601,0.0,0.0,0.0,0.0,0.0,0.0,0.0,0.04399999976158142
679235.418034799,963,0.022222222222222223,-0.1729443371295929,0.02201666310429573,0.7163038849830627,0.30939340591430664,-1.1896262168884277,-0.1649172306060791,-0.6561906337738037,-0.16378372026255258,0.02408155046281956,0.7213470284448905,0.30328487153025774,-1.1607833771126659,-0.17378057681972656,-0.6734946460483322,0.0,0.0,0.0,0.0,0.0,0.0,0.0,0.04399999976158142
679235.440272562,964,0.022222222222222223,-0.17387741804122925,0.021974658593535423,0.7171276807785034,0.3085915148258209,-1.1894996166229248,-0.16530555486679077,-0.6546387672424316,-0.16419534916013617,0.02408155046281956,0.7213470284448905,0.30328487153025774,-1.1610222736549818,-0.17378057681972656,-0.6732007734848099,0.0,0.0,0.0,0.0,0.0,0.0,0.0,0.04399999976158142
679235.462481477,965,0.022222222222222223,-0.1716659963130951,0.022681696340441704,0.7143332958221436,0.3071712553501129,-1.1926125288009644,-0.1628003865480423,-0.6575945019721985,-0.16479915227532468,0.02408155046281956,0.7213470284448905,0.30328487153025774,-1.1612221984305842,-0.17378057681972656,-0.672769576434357,0.0,0.0,0.0,0.0,0.0,0.0,0.0,0.04399999976158142
679235.484638021,966,0.022222222222222223,-0.16945457458496094,0.023908086121082306,0.7115393877029419,0.3069946765899658,-1.1945390701293945,-0.15833868086338043,-0.6647936701774597,-0.16631090195249557,0.02408155046281956,0.7213470284448905,0.30328487153025774,-1.1618814050100932,-0.17378057681972656,-0.6722162533006624,0.0,0.0,0.0,0.0,0.0,0.0,0.0,0.04399999976158142
679235.506897609,967,0.022222222222222223,-0.16869592666625977,0.02475292794406414,0.7121297121047974,0.3071385622024536,-1.193400502204895,-0.1554456651210785,-0.6685446500778198,-0.16695438140837796,0.02408155046281956,0.7211619405771329,0.30328487153025774,-1.1625189701572167,-0.17367236087822716,-0.6722162533006624,0.0,0.0,0.0,0.0,0.0,0.0,0.0,0.04399999976158142
679235.529095051,968,0.022222222222222223,-0.16916078329086304,0.02565339207649231,0.713208794593811,0.3076328635215759,-1.1924172639846802,-0.15455001592636108,-0.6688651442527771,-0.167405582474569,0.02408155046281956,0.7211211624147464,0.30328487153025774,-1.1629767960475184,-0.17330389437301758,-0.6722162533006624,0.0,0.0,0.0,0.0,0.0,0.0,0.0,0.04399999976158142
679235.551335909,969,0.022222222222222223,-0.17116712033748627,0.02533683180809021,0.7150553464889526,0.3084978759288788,-1.1916674375534058,-0.15593856573104858,-0.6652415990829468,-0.1676811453070172,0.02408155046281956,0.7211211624147464,0.30328487153025774,-1.1632813136730027,-0.17282655712756187,-0.6722162533006624,0.0,0.0,0.0,0.0,0.0,0.0,0.0,0.04399999976158142
679235.573541427,970,0.022222222222222223,-0.17307190597057343,0.024685442447662354,0.7170834541320801,0.3090408146381378,-1.1909955739974976,-0.15893778204917908,-0.6596328020095825,-0.16786714601242686,0.02408155046281956,0.7211211624147464,0.30328487153025774,-1.1634733255072287,-0.17249057293125653,-0.6722162533006624,0.0,0.0,0.0,0.0,0.0,0.0,0.0,0.04399999976158142
679235.595774018,971,0.022222222222222223,-0.17480267584323883,0.02336053177714348,0.7194461822509766,0.3091318607330322,-1.1903235912322998,-0.1628865748643875,-0.652908205986023,-0.168065591688441,0.02408155046281956,0.7211211624147464,0.30328487153025774,-1.1635734764422088,-0.17244943370406457,-0.6722162533006624,0.0,0.0,0.0,0.0,0.0,0.0,0.0,0.04399999976158142
679235.6180358,972,0.022222222222222223,-0.17453613877296448,0.021240493282675743,0.7217844128608704,0.3089914917945862,-1.1896517276763916,-0.1673600673675537,-0.6463760733604431,-0.16834886201395274,0.02408155046281956,0.7211211624147464,0.30328487153025774,-1.16359171943484,-0.17244943370406457,-0.6717908864840602,0.0,0.0,0.0,0.0,0.0,0.0,0.0,0.04399999976158142
679235.640278032,973,0.022222222222222223,-0.17358216643333435,0.018556522205471992,0.7245770692825317,0.30893534421920776,-1.1894688606262207,-0.17456528544425964,-0.6341716647148132,-0.16871576610001707,0.02408155046281956,0.7211211624147464,0.30328487153025774,-1.16359171943484,-0.17244943370406457,-0.6707413180445485,0.0,0.0,0.0,0.0,0.0,0.0,0.0,0.04399999976158142
679235.662426446,974,0.022222222222222223,-0.17045778036117554,0.013450882397592068,0.7270798087120056,0.3083191215991974,-1.189141035079956,-0.18298445641994476,-0.6213297247886658,-0.16946245659514683,0.023870024195749826,0.7211211624147464,0.30328487153025774,-1.16359171943484,-0.17244943370406457,-0.6664340054723402,0.0,0.0,0.0,0.0,0.0,0.0,0.0,0.04399999976158142
679235.684655758,975,0.022222222222222223,-0.16820310056209564,0.012079508043825626,0.7218539118766785,0.3080441355705261,-1.195801019668579,-0.19214102625846863,-0.6079137921333313,-0.16971006043877254,0.023523589235702778,0.7211211624147464,0.30328487153025774,-1.16359171943484,-0.17244943370406457,-0.6634018297470458,0.0,0.0,0.0,0.0,0.0,0.0,0.0,0.04399999976158142
679235.706912199,976,0.022222222222222223,-0.16682462394237518,0.008476060815155506,0.7174084186553955,0.30713924765586853,-1.1987413167953491,-0.19722864031791687,-0.6014916300773621,-0.1697546391710019,0.022897723374127082,0.7211211624147464,0.30328487153025774,-1.1641712891583735,-0.17290764369800052,-0.6592632895887818,0.0,0.0,0.0,0.0,0.0,0.0,0.0,0.04399999976158142
679235.730058642,977,0.022222222222222223,-0.16488327085971832,0.007863137871026993,0.7131533622741699,0.30675381422042847,-1.1996378898620605,-0.19490103423595428,-0.6084550023078918,-0.1697546391710019,0.02196357567452882,0.7211211624147464,0.30328487153025774,-1.1650088498068432,-0.17387796375637277,-0.6547037637354975,0.0,0.0,0.0,0.0,0.0,0.0,0.0,0.04399999976158142
679235.751365428,978,0.022222222222222223,-0.16464051604270935,0.009670122526586056,0.7117011547088623,0.3063184916973114,-1.1972910165786743,-0.18999484181404114,-0.6178686618804932,-0.16971221933930564,0.020739569224707096,0.7211211624147464,0.30328487153025774,-1.1658584538940182,-0.17468538471106862,-0.6510590782362775,0.0,0.0,0.0,0.0,0.0,0.0,0.0,0.04399999976158142
679235.773633291,979,0.022222222222222223,-0.1668662577867508,0.011727806180715561,0.7110207080841064,0.30608895421028137,-1.1949758529663086,-0.18562068045139313,-0.6243097186088562,-0.1695959779364302,0.019378721844159643,0.7210094209397824,0.30328487153025774,-1.1663781526439128,-0.17494455258905664,-0.6487639882972189,0.0,0.0,0.0,0.0,0.0,0.0,0.0,0.04399999976158142
679235.795906987,980,0.022222222222222223,-0.1677302122116089,0.01287497766315937,0.7115173935890198,0.3053707778453827,-1.1928755044937134,-0.18209201097488403,-0.6278190612792969,-0.16947797266494768,0.018065210460677945,0.7207886159046969,0.30328487153025774,-1.1665970382252346,-0.17494698346741944,-0.6474894005982327,0.0,0.0,0.0,0.0,0.0,0.0,0.0,0.04399999976158142
679235.818287869,981,0.022222222222222223,-0.16792990267276764,0.013867055997252464,0.7122923731803894,0.30500662326812744,-1.1908468008041382,-0.17958484590053558,-0.6310218572616577,-0.16943373583903007,0.01692297861163069,0.7207021744403272,0.30328487153025774,-1.166599932555727,-0.17494698346741944,-0.6468082004967589,0.0,0.0,0.0,0.0,0.0,0.0,0.0,0.04399999976158142
679235.840355383,982,0.022222222222222223,-0.1662752330303192,0.014105592854321003,0.713699221611023,0.3039916455745697,-1.188818097114563,-0.17705945670604706,-0.6352158188819885,-0.1694337245125203,0.016017050577734396,0.7207021744403272,0.30328487153025774,-1.166599932555727,-0.17494698346741944,-0.6465576085872633,0.0,0.0,0.0,0.0,0.0,0.0,0.0,0.04399999976158142
679235.866148199,983,0.022222222222222223,-0.16592077910900116,0.014477694407105446,0.7153279781341553,0.30405718088150024,-1.1865125894546509,-0.17531394958496094,-0.639977753162384,-0.1694337245125203,0.015364877990312564,0.7207021744403272,0.30328487153025774,-1.166599932555727,-0.17494698346741944,-0.6465525974961379,0.0,0.0,0.0,0.0,0.0,0.0,0.0,0.04399999976158142
679235.884682628,984,0.022222222222222223,-0.16509456932544708,0.01463351957499981,0.7161816954612732,0.3037005364894867,-1.1855512857437134,-0.1735808402299881,-0.6441839933395386,-0.16942523709713112,0.014737654284653371,0.7207021744403272,0.30328487153025774,-1.166599932555727,-0.17494698346741944,-0.6465525974961379,0.0,0.0,0.0,0.0,0.0,0.0,0.0,0.04399999976158142
679235.90689358,985,0.022222222222222223,-0.164268359541893,0.01499104592949152,0.7175315022468567,0.30384933948516846,-1.1839431524276733,-0.17165160179138184,-0.6495462656021118,-0.16938255450652903,0.014703885670198575,0.7207021744403272,0.30328487153025774,-1.166599932555727,-0.17494698346741944,-0.6465525974961379,0.0,0.0,0.0,0.0,0.0,0.0,0.0,0.04399999976158142
679235.929187011,986,0.022222222222222223,-0.16364668309688568,0.01519120205193758,0.7189942598342896,0.30373573303222656,-1.182673454284668,-0.16975592076778412,-0.654191792011261,-0.1692767293048263,0.014703885670198575,0.7207021744403272,0.30328487153025774,-1.166599932555727,-0.17494698346741944,-0.6465525974961379,0.0,0.0,0.0,0.0,0.0,0.0,0.0,0.04399999976158142
679235.951394905,987,0.022222222222222223,-0.16363860666751862,0.01575697399675846,0.7208398580551147,0.3042248785495758,-1.1808773279190063,-0.16783295571804047,-0.6594783663749695,-0.16909325128144195,0.014703885670198575,0.7207021744403272,0.30328487153025774,-1.166599932555727,-0.17494698346741944,-0.6465525974961379,0.0,0.0,0.0,0.0,0.0,0.0,0.0,0.04399999976158142
679235.97361942,988,0.022222222222222223,-0.16369836032390594,0.01603107899427414,0.7225731611251831,0.30432847142219543,-1.1797266006469727,-0.1661931425333023,-0.6631594896316528,-0.1688441728708906,0.014703885670198575,0.7207021744403272,0.30328487153025774,-1.166599932555727,-0.17494698346741944,-0.6465525974961379,0.0,0.0,0.0,0.0,0.0,0.0,0.0,0.04399999976158142
679235.995861081,989,0.022222222222222223,-0.16396163403987885,0.01646357774734497,0.7246783375740051,0.30475735664367676,-1.1780893802642822,-0.16468557715415955,-0.6670241951942444,-0.16855688782162673,0.014703885670198575,0.7207021744403272,0.30328487153025774,-1.166599932555727,-0.17494698346741944,-0.6467518589394451,0.0,0.0,0.0,0.0,0.0,0.0,0.0,0.04399999976158142
679236.019122653,990,0.022222222222222223,-0.1642913818359375,0.016504377126693726,0.7267516851425171,0.30486777424812317,-1.1771012544631958,-0.1640341430902481,-0.6687452793121338,-0.16826107350556174,0.014703885670198575,0.7207021744403272,0.30328487153025774,-1.166599932555727,-0.17494698346741944,-0.6473108886372054,0.0,0.0,0.0,0.0,0.0,0.0,0.0,0.04399999976158142
679236.040301571,991,0.022222222222222223,-0.16481558978557587,0.016506101936101913,0.7290156483650208,0.3052155375480652,-1.175837516784668,-0.16395936906337738,-0.6702033877372742,-0.16798631180565066,0.014703885670198575,0.7207021744403272,0.30328487153025774,-1.166599932555727,-0.17494698346741944,-0.6480484654289841,0.0,0.0,0.0,0.0,0.0,0.0,0.0,0.04399999976158142
679236.062613658,992,0.022222222222222223,-0.16532503068447113,0.01687772013247013,0.7277738451957703,0.3054300844669342,-1.1780447959899902,-0.1628471314907074,-0.6724239587783813,-0.1675959588936439,0.014703885670198575,0.7207021744403272,0.30328487153025774,-1.166599932555727,-0.17494698346741944,-0.6496421553222254,0.0,0.0,0.0,0.0,0.0,0.0,0.0,0.04399999976158142
679236.084692487,993,0.022222222222222223,-0.1658344715833664,0.018178008496761322,0.7254192233085632,0.3061920702457428,-1.180690050125122,-0.16002418100833893,-0.6772910356521606,-0.16749837771172987,0.014703885670198575,0.7207021744403272,0.30328487153025774,-1.166599932555727,-0.17494698346741944,-0.6505154997096506,0.0,0.0,0.0,0.0,0.0,0.0,0.0,0.04399999976158142
679236.106898612,994,0.022222222222222223,-0.1679716557264328,0.018706979230046272,0.725871205329895,0.3075591027736664,-1.1809145212173462,-0.1590539664030075,-0.6783434152603149,-0.16747788840098718,0.014711410274971406,0.7207021744403272,0.30328487153025774,-1.166599932555727,-0.17488151872768457,-0.6517554893947706,0.0,0.0,0.0,0.0,0.0,0.0,0.0,0.04399999976158142
679236.12908965,995,0.022222222222222223,-0.1690700352191925,0.019339915364980698,0.726752519607544,0.3082394599914551,-1.181344747543335,-0.15957042574882507,-0.676715075969696,-0.16747788840098718,0.014744178185321609,0.7207021744403272,0.30328487153025774,-1.166599932555727,-0.17472284732000495,-0.6530684488538739,0.0,0.0,0.0,0.0,0.0,0.0,0.0,0.04399999976158142
679236.151338869,996,0.022222222222222223,-0.16759243607521057,0.019154753535985947,0.7276679277420044,0.30814245343208313,-1.1817593574523926,-0.16065724194049835,-0.6744643449783325,-0.16747788840098718,0.014822346650768491,0.7207021744403272,0.30328487153025774,-1.166599932555727,-0.174598523666928,-0.6541306097717315,0.0,0.0,0.0,0.0,0.0,0.0,0.0,0.04399999976158142
679236.173572939,997,0.022222222222222223,-0.16692200303077698,0.019017111510038376,0.7289886474609375,0.3085681200027466,-1.181719183921814,-0.1620045006275177,-0.6730753779411316,-0.16747788840098718,0.014941295292399922,0.7207021744403272,0.30328487153025774,-1.166599932555727,-0.1745825632596444,-0.6548500613843355,0.0,0.0,0.0,0.0,0.0,0.0,0.0,0.04399999976158142
679236.195821802,998,0.022222222222222223,-0.16605404019355774,0.020334748551249504,0.7263874411582947,0.3085053563117981,-1.186134696006775,-0.16383445262908936,-0.6697469353675842,-0.16747788840098718,0.015079027682527857,0.7207021744403272,0.30328487153025774,-1.166599932555727,-0.1745825632596444,-0.6553196487788682,0.0,0.0,0.0,0.0,0.0,0.0,0.0,0.04399999976158142
679236.218017518,999,0.022222222222222223,-0.1651860773563385,0.021537724882364273,0.7212579846382141,0.309123158454895,-1.1925522089004517,-0.16593050956726074,-0.6662828326225281,-0.16747788840098718,0.0152549458660421,0.7207021744403272,0.30328487153025774,-1.166599932555727,-0.1745825632596444,-0.6554247668161506,0.0,0.0,0.0,0.0,0.0,0.0,0.0,0.04399999976158142
679236.240263769,1000,0.022222222222222223,-0.16614238917827606,0.021554172039031982,0.7175185084342957,0.31049248576164246,-1.1968978643417358,-0.16789647936820984,-0.6630889177322388,-0.16747788840098718,0.015510975895008116,0.7207021744403272,0.30328487153025774,-1.166599932555727,-0.1745825632596444,-0.6554247668161506,0.0,0.0,0.0,0.0,0.0,0.0,0.0,0.04399999976158142
679236.262732104,1001,0.022222222222222223,-0.1658042073249817,0.02223629504442215,0.7140025496482849,0.3106495141983032,-1.2010843753814697,-0.1683565378189087,-0.661902666091919,-0.16747788840098718,0.01622157418381061,0.7207021744403272,0.30328487153025774,-1.167334301650102,-0.1745825632596444,-0.6554247668161506,0.0,0.0,0.0,0.0,0.0,0.0,0.0,0.04399999976158142
679236.284641343,1002,0.022222222222222223,-0.16403739154338837,0.022977903485298157,0.7103918790817261,0.310229629278183,-1.2047935724258423,-0.16661053895950317,-0.6631579995155334,-0.16747788840098718,0.01663355928321345,0.7207021744403272,0.30328487153025774,-1.1680813546668833,-0.1745825632596444,-0.6554247668161506,0.0,0.0,0.0,0.0,0.0,0.0,0.0,0.04399999976158142
679236.306917793,1003,0.022222222222222223,-0.1644328385591507,0.024357108399271965,0.708338737487793,0.3106614053249359,-1.20693838596344,-0.1645343005657196,-0.6650053858757019,-0.16747121069758603,0.017086359800415205,0.7204219762503781,0.30328487153025774,-1.1691439839278042,-0.1745825632596444,-0.6554247668161506,0.0,0.0,0.0,0.0,0.0,0.0,0.0,0.04399999976158142
679236.329190514,1004,0.022222222222222223,-0.16622114181518555,0.02515297941863537,0.7076781392097473,0.31114038825035095,-1.2078521251678467,-0.16356447339057922,-0.6641824245452881,-0.16746374459314717,0.017600368106195804,0.7198026591671924,0.30328487153025774,-1.170325838695919,-0.1745825632596444,-0.6554247668161506,0.0,0.0,0.0,0.0,0.0,0.0,0.0,0.04399999976158142
679236.351377265,1005,0.022222222222222223,-0.16632746160030365,0.026164039969444275,0.7075517773628235,0.31082406640052795,-1.2089464664459229,-0.16360034048557281,-0.6620349884033203,-0.16746374459314717,0.018187814957776945,0.719171172672127,0.30330809079072296,-1.1714827353695267,-0.1745825632596444,-0.6554247668161506,0.0,0.0,0.0,0.0,0.0,0.0,0.0,0.04399999976158142
679236.373534817,1006,0.022222222222222223,-0.1635589599609375,0.02641112171113491,0.7067345380783081,0.3094056248664856,-1.2101331949234009,-0.16239237785339355,-0.6622479557991028,-0.16746374459314717,0.018847577732399687,0.7186351753787729,0.3033287772151513,-1.1726324850677414,-0.1745825632596444,-0.6554247668161506,0.0,0.0,0.0,0.0,0.0,0.0,0.0,0.04399999976158142
679236.39580147,1007,0.022222222222222223,-0.16173848509788513,0.026732556521892548,0.7080023288726807,0.30879998207092285,-1.2087353467941284,-0.1600356549024582,-0.6664958596229553,-0.16744546931879495,0.019560958786056515,0.7180472077409417,0.3033287772151513,-1.1737858960516445,-0.1745825632596444,-0.6554247668161506,0.0,0.0,0.0,0.0,0.0,0.0,0.0,0.04399999976158142
679236.418018537,1008,0.022222222222222223,-0.15991802513599396,0.027610935270786285,0.708371639251709,0.3079652786254883,-1.2094635963439941,-0.1599106639623642,-0.6653431057929993,-0.1673525285800159,0.020296235876753707,0.7178096824783644,0.3033287772151513,-1.1746759822482258,-0.17454805618876265,-0.6554247668161506,0.0,0.0,0.0,0.0,0.0,0.0,0.0,0.04399999976158142
679236.440230045,1009,0.022222222222222223,-0.1580975502729416,0.028126604855060577,0.7080594897270203,0.30741944909095764,-1.2114052772521973,-0.16198919713497162,-0.6604393124580383,-0.16712093817312831,0.021043205710949232,0.7176915559177931,0.3033287772151513,-1.1755428842644058,-0.17449624342338932,-0.6554247668161506,0.0,0.0,0.0,0.0,0.0,0.0,0.0,0.04399999976158142
679236.46254597,1010,0.022222222222222223,-0.15701816976070404,0.026973789557814598,0.7089704871177673,0.3067985773086548,-1.2103619575500488,-0.16110266745090485,-0.6624993085861206,-0.16670728959448752,0.02179634263813704,0.7175381987432488,0.3033287772151513,-1.1765203654992757,-0.1744953274978231,-0.6554247668161506,0.0,0.0,0.0,0.0,0.0,0.0,0.0,0.04399999976158142
679236.484654874,1011,0.022222222222222223,-0.15752266347408295,0.02728363126516342,0.7104840874671936,0.3073209226131439,-1.2077903747558594,-0.15856154263019562,-0.6689596772193909,-0.16542976296294643,0.02318632473906707,0.7174133765321938,0.3033287772151513,-1.1780779356684483,-0.1744953274978231,-0.6554247668161506,0.0,0.0,0.0,0.0,0.0,0.0,0.0,0.04399999976158142
679236.506886385,1012,0.022222222222222223,-0.15952454507350922,0.02722460776567459,0.7133002877235413,0.30654850602149963,-1.20451021194458,-0.1555413007736206,-0.6728835701942444,-0.16465132774210353,0.023733825059408103,0.7174133765321938,0.3033287772151513,-1.1784157988448503,-0.17434660085410397,-0.6554247668161506,0.0,0.0,0.0,0.0,0.0,0.0,0.0,0.04399999976158142
679236.529144182,1013,0.022222222222222223,-0.16463755071163177,0.02825499325990677,0.7148520350456238,0.3068527281284332,-1.2026690244674683,-0.15308593213558197,-0.6754337549209595,-0.16391043392583887,0.024176482682176207,0.7174133765321938,0.3033287772151513,-1.1784202795325833,-0.1739189139439545,-0.6556953391234196,0.0,0.0,0.0,0.0,0.0,0.0,0.0,0.04399999976158142
679236.551400762,1014,0.022222222222222223,-0.1706753522157669,0.02773304656147957,0.7175487875938416,0.3079802989959717,-1.200964331626892,-0.15356433391571045,-0.6725268363952637,-0.16340425583130852,0.024541305704971393,0.7174133765321938,0.3033287772151513,-1.1784202795325833,-0.17325675412364464,-0.6562286238050355,0.0,0.0,0.0,0.0,0.0,0.0,0.0,0.04399999976158142
679236.573636384,1015,0.022222222222222223,-0.17455267906188965,0.027069399133324623,0.720500648021698,0.3082564175128937,-1.1993709802627563,-0.1553313434123993,-0.6677196621894836,-0.16333271110827838,0.0248376982759702,0.7174133765321938,0.3033287772151513,-1.1784202795325833,-0.1726409258083622,-0.6565243022695039,0.0,0.0,0.0,0.0,0.0,0.0,0.0,0.04399999976158142
679236.595883736,1016,0.022222222222222223,-0.17572100460529327,0.02597413957118988,0.723807692527771,0.307218462228775,-1.1978915929794312,-0.15769027173519135,-0.6624659299850464,-0.16360883992523254,0.025039080144954182,0.7174133765321938,0.3033287772151513,-1.1784202795325833,-0.17224822439105747,-0.656532842932909,0.0,0.0,0.0,0.0,0.0,0.0,0.0,0.04399999976158142
679236.618282368,1017,0.022222222222222223,-0.17655013501644135,0.02422088012099266,0.7268588542938232,0.30667582154273987,-1.1964503526687622,-0.16094619035720825,-0.6574105024337769,-0.16421514218277597,0.025115315924376633,0.7174133765321938,0.3033287772151513,-1.1784202795325833,-0.17213814525943755,-0.656532842932909,0.0,0.0,0.0,0.0,0.0,0.0,0.0,0.04399999976158142
679236.64041938,1018,0.022222222222222223,-0.17534644901752472,0.022870609536767006,0.7270753979682922,0.3052804470062256,-1.1974825859069824,-0.16254931688308716,-0.6556817293167114,-0.16509646811279013,0.025115439119481837,0.7175299373505561,0.3033287772151513,-1.1784202795325833,-0.17213807488750651,-0.656532842932909,0.0,0.0,0.0,0.0,0.0,0.0,0.0,0.04399999976158142
679236.663106567,1019,0.022222222222222223,-0.1741427481174469,0.022374074906110764,0.7267490029335022,0.3043350577354431,-1.1980257034301758,-0.16253621876239777,-0.658160388469696,-0.16723241060330796,0.025115439119481837,0.717778251779141,0.3033287772151513,-1.1784202795325833,-0.17213807488750651,-0.656532842932909,0.0,0.0,0.0,0.0,0.0,0.0,0.0,0.04399999976158142
679236.6846681,1020,0.022222222222222223,-0.1765815168619156,0.021941181272268295,0.7283291220664978,0.30438724160194397,-1.1965606212615967,-0.1642185002565384,-0.6568715572357178,-0.16828467085024873,0.025115439119481837,0.7178064083185861,0.3033287772151513,-1.1784202795325833,-0.17213807488750651,-0.656532842932909,0.0,0.0,0.0,0.0,0.0,0.0,0.0,0.04399999976158142
679236.706945008,1021,0.022222222222222223,-0.17761974036693573,0.021120943129062653,0.7302218675613403,0.30377304553985596,-1.195213794708252,-0.1667664647102356,-0.6536115407943726,-0.16929071683756894,0.025115412531684353,0.7181271433749192,0.3033287772151513,-1.1784202795325833,-0.17213807488750651,-0.656532842932909,0.0,0.0,0.0,0.0,0.0,0.0,0.0,0.04399999976158142
679236.729160644,1022,0.022222222222222223,-0.17493882775306702,0.021129101514816284,0.7274497151374817,0.30245348811149597,-1.197103500366211,-0.16399897634983063,-0.6596513390541077,-0.17029248996931035,0.025094833721383256,0.7187491561470276,0.3033287772151513,-1.1784202795325833,-0.17213807488750651,-0.656532842932909,0.0,0.0,0.0,0.0,0.0,0.0,0.0,0.04399999976158142
679236.751453305,1023,0.022222222222222223,-0.17473718523979187,0.0240606851875782,0.7233772873878479,0.303470641374588,-1.1993958950042725,-0.15938006341457367,-0.6690744161605835,-0.17119972940840555,0.025041675535369942,0.7187563968886614,0.3033287772151513,-1.1784202795325833,-0.17213807488750651,-0.656532842932909,0.0,0.0,0.0,0.0,0.0,0.0,0.0,0.04399999976158142
679236.773615033,1024,0.022222222222222223,-0.17575277388095856,0.02563331089913845,0.7224107384681702,0.30424556136131287,-1.199172019958496,-0.15633930265903473,-0.6733839511871338,-0.17192810695779265,0.025025733279263534,0.7187563968886614,0.3033287772151513,-1.1784202795325833,-0.17213807488750651,-0.656532842932909,0.0,0.0,0.0,0.0,0.0,0.0,0.0,0.04399999976158142
679236.796584546,1025,0.022222222222222223,-0.17721650004386902,0.027054116129875183,0.7221904993057251,0.30456990003585815,-1.1990745067596436,-0.15499581396579742,-0.6740575432777405,-0.17250417868557633,0.025025733279263534,0.7187563968886614,0.3033287772151513,-1.1784202795325833,-0.17200046753656933,-0.6567525469546781,0.0,0.0,0.0,0.0,0.0,0.0,0.0,0.04399999976158142
679236.818181139,1026,0.022222222222222223,-0.17867180705070496,0.02722903899848461,0.7230046987533569,0.30466368794441223,-1.1992573738098145,-0.15569233894348145,-0.6706692576408386,-0.17299321556586847,0.025025733279263534,0.7187563968886614,0.3033287772151513,-1.1784202795325833,-0.17172425240213143,-0.6570686215170517,0.0,0.0,0.0,0.0,0.0,0.0,0.0,0.04399999976158142
679236.840375421,1027,0.022222222222222223,-0.17737677693367004,0.026924461126327515,0.7244042158126831,0.30411216616630554,-1.1995517015457153,-0.15816731750965118,-0.6651830673217773,-0.17345960757492807,0.025025733279263534,0.7187563968886614,0.3033287772151513,-1.1784202795325833,-0.17149983911581776,-0.6571121452543093,0.0,0.0,0.0,0.0,0.0,0.0,0.0,0.04399999976158142
679236.862517307,1028,0.022222222222222223,-0.17327891290187836,0.025439511984586716,0.7251213788986206,0.30297425389289856,-1.1998132467269897,-0.1609720140695572,-0.662032425403595,-0.1738857084296796,0.025025733279263534,0.7187563968886614,0.3033287772151513,-1.1784202795325833,-0.17147868002746935,-0.6571121452543093,0.0,0.0,0.0,0.0,0.0,0.0,0.0,0.04399999976158142
679236.884675244,1029,0.022222222222222223,-0.17205967009067535,0.02460271678864956,0.7262340784072876,0.3030596077442169,-1.1987488269805908,-0.1632722169160843,-0.663045346736908,-0.1743992307954318,0.025025733279263534,0.7187563968886614,0.3033287772151513,-1.1784202795325833,-0.17147868002746935,-0.6571121452543093,0.0,0.0,0.0,0.0,0.0,0.0,0.0,0.04399999976158142
679236.906965395,1030,0.022222222222222223,-0.17132285237312317,0.025019269436597824,0.7234636545181274,0.30195096135139465,-1.2008134126663208,-0.16192305088043213,-0.6672329306602478,-0.17440162886436275,0.025025733279263534,0.7187563968886614,0.3033287772151513,-1.1784202795325833,-0.17147868002746935,-0.6571121452543093,0.0,0.0,0.0,0.0,0.0,0.0,0.0,0.04399999976158142
679236.929233816,1031,0.022222222222222223,-0.17203325033187866,0.027239635586738586,0.7197858691215515,0.30179938673973083,-1.2024128437042236,-0.15751759707927704,-0.675462543964386,-0.17440162886436275,0.025025733279263534,0.7187563968886614,0.3033287772151513,-1.1784202795325833,-0.17147868002746935,-0.6571121452543093,0.0,0.0,0.0,0.0,0.0,0.0,0.0,0.04399999976158142
679236.951454236,1032,0.022222222222222223,-0.175127774477005,0.028304236009716988,0.7200450301170349,0.30228573083877563,-1.200635552406311,-0.15508517622947693,-0.6785786151885986,-0.17440162886436275,0.025025733279263534,0.7187563968886614,0.3033287772151513,-1.1784202795325833,-0.17147868002746935,-0.657457350258331,0.0,0.0,0.0,0.0,0.0,0.0,0.0,0.04399999976158142
679236.973710647,1033,0.022222222222222223,-0.1805984228849411,0.027870846912264824,0.723633348941803,0.3030082583427429,-1.196668028831482,-0.15652263164520264,-0.6730318665504456,-0.17440162886436275,0.02502836647322698,0.7187563968886614,0.3033287772151513,-1.1784202795325833,-0.17129209211819693,-0.6581262194327554,0.0,0.0,0.0,0.0,0.0,0.0,0.0,0.04399999976158142
679236.995862551,1034,0.022222222222222223,-0.185845747590065,0.024448709562420845,0.7284644842147827,0.3036922812461853,-1.1922330856323242,-0.16108328104019165,-0.6611923575401306,-0.17447715686634577,0.025028944208273573,0.7187563968886614,0.3033287772151513,-1.1784202795325833,-0.1711859750658732,-0.6583359935840276,0.0,0.0,0.0,0.0,0.0,0.0,0.0,0.04399999976158142
679237.018209461,1035,0.022222222222222223,-0.18557099997997284,0.020945807918906212,0.7322325706481934,0.3031100928783417,-1.1888269186019897,-0.16547156870365143,-0.651975691318512,-0.17480440105381975,0.025028944208273573,0.7189226476520912,0.3033287772151513,-1.1784202795325833,-0.17118572278654506,-0.6583359935840276,0.0,0.0,0.0,0.0,0.0,0.0,0.0,0.04399999976158142
679237.040348637,1036,0.022222222222222223,-0.1804026961326599,0.02041185274720192,0.7281006574630737,0.3017529249191284,-1.192670226097107,-0.16750270128250122,-0.6485801935195923,-0.17541903450299104,0.02500619143883731,0.7197725889342529,0.3033287772151513,-1.1784202795325833,-0.17118572278654506,-0.6583359935840276,0.0,0.0,0.0,0.0,0.0,0.0,0.0,0.04399999976158142
679237.06249432,1037,0.022222222222222223,-0.1764737069606781,0.022365599870681763,0.7195279598236084,0.3017596900463104,-1.198927879333496,-0.16641363501548767,-0.6527784466743469,-0.1760939843011049,0.02493375178176153,0.7197792817882034,0.3033287772151513,-1.1784202795325833,-0.17118572278654506,-0.6583359935840276,0.0,0.0,0.0,0.0,0.0,0.0,0.0,0.04399999976158142
679237.084724535,1038,0.022222222222222223,-0.174964040517807,0.02348453551530838,0.7149499654769897,0.3022190034389496,-1.2011051177978516,-0.16458848118782043,-0.657404899597168,-0.17705184803790616,0.024713009615555653,0.7197792817882034,0.3033287772151513,-1.1784202795325833,-0.17118572278654506,-0.6583359935840276,0.0,0.0,0.0,0.0,0.0,0.0,0.0,0.04399999976158142
679237.106926728,1039,0.022222222222222223,-0.174758642911911,0.025721047073602676,0.7109782099723816,0.30248329043388367,-1.2036967277526855,-0.16352200508117676,-0.659163773059845,-0.1771418781043665,0.02469277527073221,0.7197792817882034,0.3033287772151513,-1.1784202795325833,-0.17118572278654506,-0.6583359935840276,0.0,0.0,0.0,0.0,0.0,0.0,0.0,0.04399999976158142
679237.129220196,1040,0.022222222222222223,-0.17512209713459015,0.027285002171993256,0.7072502970695496,0.30245134234428406,-1.2064632177352905,-0.16336937248706818,-0.6576725244522095,-0.1771418781043665,0.02469277527073221,0.7197792817882034,0.3033287772151513,-1.1784202795325833,-0.17118572278654506,-0.6583359935840276,0.0,0.0,0.0,0.0,0.0,0.0,0.0,0.04399999976158142
679237.151455388,1041,0.022222222222222223,-0.17282594740390778,0.02919984608888626,0.7040659785270691,0.30184343457221985,-1.209201693534851,-0.1627599447965622,-0.6577749252319336,-0.1771418781043665,0.02469277527073221,0.7190792719564493,0.3033287772151513,-1.1785696698182762,-0.17118572278654506,-0.6583359935840276,0.0,0.0,0.0,0.0,0.0,0.0,0.0,0.04399999976158142
679237.173687056,1042,0.022222222222222223,-0.1683882474899292,0.030410729348659515,0.7008901834487915,0.3012363016605377,-1.2113169431686401,-0.15989378094673157,-0.6620208024978638,-0.17711333270024018,0.024726128372025088,0.7179000735095689,0.3033287772151513,-1.1789900564117335,-0.17118572278654506,-0.6583359935840276,0.0,0.0,0.0,0.0,0.0,0.0,0.0,0.04399999976158142
679237.195922942,1043,0.022222222222222223,-0.16641676425933838,0.03165232762694359,0.7003228664398193,0.30207952857017517,-1.2109899520874023,-0.15659578144550323,-0.6676833629608154,-0.17692834084545198,0.02484302313657685,0.7163369920354857,0.3033287772151513,-1.179591998434957,-0.17118572278654506,-0.6583359935840276,0.0,0.0,0.0,0.0,0.0,0.0,0.0,0.04399999976158142
679237.218127161,1044,0.022222222222222223,-0.16444528102874756,0.03241835907101631,0.7009275555610657,0.30222001671791077,-1.2103619575500488,-0.15386009216308594,-0.6708556413650513,-0.1764849578106244,0.025076777894347493,0.7149574230722335,0.3033287772151513,-1.1801023099361976,-0.17114767163008907,-0.6583359935840276,0.0,0.0,0.0,0.0,0.0,0.0,0.0,0.04399999976158142
679237.240719993,1045,0.022222222222222223,-0.16247379779815674,0.03287279233336449,0.7030921578407288,0.3024579882621765,-1.2083165645599365,-0.15148070454597473,-0.6738539338111877,-0.17576902685129747,0.02543667658392019,0.7139557765646989,0.3033287772151513,-1.1804927212226317,-0.17087658424568883,-0.6583359935840276,0.0,0.0,0.0,0.0,0.0,0.0,0.0,0.04399999976158142
679237.262858218,1046,0.022222222222222223,-0.16189786791801453,0.03408833220601082,0.7004525065422058,0.30268436670303345,-1.211125373840332,-0.14927487075328827,-0.6757493019104004,-0.17478220878841608,0.02590600078331015,0.7135581178762971,0.3033287772151513,-1.180628752314563,-0.17036843425094605,-0.6584441022199581,0.0,0.0,0.0,0.0,0.0,0.0,0.0,0.04399999976158142
679237.284648708,1047,0.022222222222222223,-0.16515880823135376,0.03612827882170677,0.6976178288459778,0.30490535497665405,-1.2142438888549805,-0.14888514578342438,-0.6740176677703857,-0.17227246797056414,0.027053183113857574,0.712489888563024,0.3033287772151513,-1.1811381036416078,-0.1692096532353465,-0.6588450899488977,0.0,0.0,0.0,0.0,0.0,0.0,0.0,0.04399999976158142
679237.306896431,1048,0.022222222222222223,-0.17065908014774323,0.03551049157977104,0.7004468441009521,0.307361900806427,-1.212287425994873,-0.15182247757911682,-0.6654912829399109,-0.170993524160312,0.027755345460044427,0.7113367803136186,0.3033287772151513,-1.1818198324902083,-0.1685477723299872,-0.6589898002463842,0.0,0.0,0.0,0.0,0.0,0.0,0.0,0.04399999976158142
679237.329175378,1049,0.022222222222222223,-0.17034468054771423,0.034138597548007965,0.7035883069038391,0.3075198531150818,-1.210281491279602,-0.1551523357629776,-0.6579974293708801,-0.17001021204096028,0.028529388504667245,0.7109320423442155,0.3033287772151513,-1.1822360620965393,-0.16818831868936784,-0.6589898002463842,0.0,0.0,0.0,0.0,0.0,0.0,0.0,0.04399999976158142
679237.35145143,1050,0.022222222222222223,-0.1698758602142334,0.035163652151823044,0.6966339349746704,0.30779698491096497,-1.2172409296035767,-0.1574632227420807,-0.6543167233467102,-0.1694140256594437,0.029275692741373704,0.7109320423442155,0.3033287772151513,-1.1823954874517348,-0.16815959178300213,-0.6589898002463842,0.0,0.0,0.0,0.0,0.0,0.0,0.0,0.04399999976158142
679237.373861741,1051,0.022222222222222223,-0.1703675240278244,0.03729698434472084,0.6910473704338074,0.3073773980140686,-1.221414566040039,-0.1577226221561432,-0.6543991565704346,-0.1691288122433768,0.02996156893979913,0.7098972861085725,0.3033287772151513,-1.1832508907372328,-0.16815959178300213,-0.6589898002463842,0.0,0.0,0.0,0.0,0.0,0.0,0.0,0.04399999976158142
679237.395894149,1052,0.022222222222222223,-0.1730376034975052,0.03679923340678215,0.691958487033844,0.3066251277923584,-1.22034752368927,-0.15904369950294495,-0.6502366662025452,-0.16908359731198874,0.030643888256746507,0.7079877771223212,0.3033287772151513,-1.184466176966588,-0.16815959178300213,-0.6589898002463842,0.0,0.0,0.0,0.0,0.0,0.0,0.0,0.04399999976158142
679237.418026442,1053,0.022222222222222223,-0.17349283397197723,0.03406262770295143,0.6976608633995056,0.304195761680603,-1.2146192789077759,-0.16090987622737885,-0.6439960598945618,-0.1691031021049456,0.03132529338299255,0.7066007987547146,0.3033287772151513,-1.1854541829736813,-0.16815959178300213,-0.6589898002463842,0.0,0.0,0.0,0.0,0.0,0.0,0.0,0.04399999976158142
679237.44212845,1054,0.022222222222222223,-0.1740102618932724,0.03086618147790432,0.7029561996459961,0.3030914068222046,-1.2088911533355713,-0.16402886807918549,-0.639177680015564,-0.16916513347597312,0.031895032072565555,0.7065622255429065,0.3033287772151513,-1.1857429165417024,-0.16815959178300213,-0.6589255707660869,0.0,0.0,0.0,0.0,0.0,0.0,0.0,0.04399999976158142
679237.462503238,1055,0.022222222222222223,-0.1756928414106369,0.027330607175827026,0.708349883556366,0.302660197019577,-1.2031629085540771,-0.16861945390701294,-0.6324588656425476,-0.16926724974710472,0.032292053394324276,0.7065484015693629,0.3033287772151513,-1.1859848112128586,-0.16815959178300213,-0.6588496514937149,0.0,0.0,0.0,0.0,0.0,0.0,0.0,0.04399999976158142
679237.484872487,1056,0.022222222222222223,-0.17594103515148163,0.022942405194044113,0.713740348815918,0.3024308681488037,-1.1974347829818726,-0.17423632740974426,-0.6253436803817749,-0.169627626059153,0.03241392715289733,0.7065484015693629,0.3033287772151513,-1.1859848112128586,-0.16815959178300213,-0.6572784380855624,0.0,0.0,0.0,0.0,0.0,0.0,0.0,0.04399999976158142
679237.506911778,1057,0.022222222222222223,-0.17292585968971252,0.02190292254090309,0.7098716497421265,0.3006223440170288,-1.2003774642944336,-0.17566648125648499,-0.6263325810432434,-0.16993908368413377,0.03218206031693898,0.7065484015693629,0.3033287772151513,-1.1859848112128586,-0.16815959178300213,-0.6555366301454637,0.0,0.0,0.0,0.0,0.0,0.0,0.0,0.04399999976158142
679237.529142134,1058,0.022222222222222223,-0.17233794927597046,0.023959903046488762,0.7037180066108704,0.3001675307750702,-1.203870415687561,-0.17325103282928467,-0.6347876191139221,-0.17023825112657154,0.03169259411377821,0.7065484015693629,0.3033287772151513,-1.1859848112128586,-0.16815959178300213,-0.653890264386346,0.0,0.0,0.0,0.0,0.0,0.0,0.0,0.04399999976158142
679237.551420108,1059,0.022222222222222223,-0.17399798333644867,0.02445504628121853,0.7035422325134277,0.3000324070453644,-1.2015408277511597,-0.17064215242862701,-0.6420473456382751,-0.1704341066502189,0.03105420775798034,0.7065484015693629,0.3033287772151513,-1.1859848112128586,-0.16815959178300213,-0.6531508198955979,0.0,0.0,0.0,0.0,0.0,0.0,0.0,0.04399999976158142
679237.573599202,1060,0.022222222222222223,-0.1761692762374878,0.025311503559350967,0.7040247321128845,0.2999348044395447,-1.1994643211364746,-0.1687989979982376,-0.6460903286933899,-0.17056909438560056,0.030386397867960255,0.7065484015693629,0.3033287772151513,-1.1859848112128586,-0.16815959178300213,-0.653111976297681,0.0,0.0,0.0,0.0,0.0,0.0,0.0,0.04399999976158142
679237.595893508,1061,0.022222222222222223,-0.1761469841003418,0.025802308693528175,0.7040323615074158,0.29892539978027344,-1.198915958404541,-0.16663405299186707,-0.649003267288208,-0.17074044447838543,0.02975891465906634,0.7065484015693629,0.3033287772151513,-1.1859848112128586,-0.16815959178300213,-0.653111976297681,0.0,0.0,0.0,0.0,0.0,0.0,0.0,0.04399999976158142
679237.618079395,1062,0.022222222222222223,-0.1761246919631958,0.02587153948843479,0.7067185044288635,0.29858285188674927,-1.1962544918060303,-0.16614504158496857,-0.6493753790855408,-0.17097848634110216,0.02922288979405123,0.7065484015693629,0.3033287772151513,-1.1859848112128586,-0.16815959178300213,-0.653111976297681,0.0,0.0,0.0,0.0,0.0,0.0,0.0,0.04399999976158142
679237.640272294,1063,0.022222222222222223,-0.1761023998260498,0.02543206512928009,0.7086474299430847,0.2983798384666443,-1.1952444314956665,-0.1678713709115982,-0.6452874541282654,-0.17125637937188412,0.02879545280156553,0.7065484015693629,0.3033287772151513,-1.1859848112128586,-0.16815959178300213,-0.653111976297681,0.0,0.0,0.0,0.0,0.0,0.0,0.0,0.04399999976158142
679237.662618539,1064,0.022222222222222223,-0.17532211542129517,0.026102818548679352,0.7062870264053345,0.29823973774909973,-1.1983319520950317,-0.16928686201572418,-0.6426804661750793,-0.1718454085411877,0.02821070230675989,0.7065484015693629,0.3033287772151513,-1.1859848112128586,-0.16815959178300213,-0.653111976297681,0.0,0.0,0.0,0.0,0.0,0.0,0.0,0.04399999976158142
679237.68472694,1065,0.022222222222222223,-0.17635416984558105,0.02603532187640667,0.7039527297019958,0.29926639795303345,-1.2012546062469482,-0.171986386179924,-0.6385336518287659,-0.1718454085411877,0.02821070230675989,0.7065484015693629,0.3033287772151513,-1.1859848112128586,-0.16815959178300213,-0.653111976297681,0.0,0.0,0.0,0.0,0.0,0.0,0.0,0.04399999976158142
679237.706851502,1066,0.022222222222222223,-0.17207887768745422,0.02514754980802536,0.7049779295921326,0.2980020046234131,-1.2010393142700195,-0.17372825741767883,-0.6376308798789978,-0.17233612921564653,0.02797896497897038,0.7065484015693629,0.3033287772151513,-1.1859848112128586,-0.16815959178300213,-0.6530825200003544,0.0,0.0,0.0,0.0,0.0,0.0,0.0,0.04399999976158142
679237.729131689,1067,0.022222222222222223,-0.1678035855293274,0.026100195944309235,0.7017368674278259,0.2971404790878296,-1.204299807548523,-0.1737096607685089,-0.6414427757263184,-0.17244837044972156,0.027959325286296622,0.7065484015693629,0.3033287772151513,-1.1859848112128586,-0.16815959178300213,-0.6529721343877144,0.0,0.0,0.0,0.0,0.0,0.0,0.0,0.04399999976158142
679237.751348108,1068,0.022222222222222223,-0.16561724245548248,0.02631213143467903,0.701863706111908,0.29638075828552246,-1.2031970024108887,-0.17116720974445343,-0.648761510848999,-0.17241374296820858,0.02795893788680798,0.7065484015693629,0.3033287772151513,-1.1859848112128586,-0.16815959178300213,-0.6529687920545492,0.0,0.0,0.0,0.0,0.0,0.0,0.0,0.04399999976158142
679237.773575416,1069,0.022222222222222223,-0.1660325974225998,0.027249228209257126,0.7033178806304932,0.29700109362602234,-1.2005188465118408,-0.16789774596691132,-0.6568993926048279,-0.1722652152568678,0.02795893788680798,0.7065484015693629,0.3033287772151513,-1.1859848112128586,-0.16815959178300213,-0.6529687920545492,0.0,0.0,0.0,0.0,0.0,0.0,0.0,0.04399999976158142
679237.795790275,1070,0.022222222222222223,-0.1664479672908783,0.027782229706645012,0.7041018605232239,0.2972686290740967,-1.199504017829895,-0.16527560353279114,-0.6615216732025146,-0.17199799715910688,0.02795893788680798,0.7065484015693629,0.3033287772151513,-1.1859848112128586,-0.16815959178300213,-0.6529687920545492,0.0,0.0,0.0,0.0,0.0,0.0,0.0,0.04399999976158142
679237.818260049,1071,0.022222222222222223,-0.1668633222579956,0.028832269832491875,0.704617440700531,0.29763171076774597,-1.1991437673568726,-0.1629030853509903,-0.6648367643356323,-0.17167006889182654,0.02795893788680798,0.7065484015693629,0.3033287772151513,-1.1859848112128586,-0.16815959178300213,-0.6529687920545492,0.0,0.0,0.0,0.0,0.0,0.0,0.0,0.04399999976158142
679237.840433551,1072,0.022222222222222223,-0.1679152399301529,0.028863245621323586,0.7070786952972412,0.29790249466896057,-1.197621464729309,-0.16211701929569244,-0.665300726890564,-0.17132944480235351,0.02795893788680798,0.7065484015693629,0.3033287772151513,-1.1859848112128586,-0.16815959178300213,-0.6529687920545492,0.0,0.0,0.0,0.0,0.0,0.0,0.0,0.04399999976158142
679237.862654932,1073,0.022222222222222223,-0.16786710917949677,0.02896391786634922,0.7098368406295776,0.29770129919052124,-1.1961649656295776,-0.16299623250961304,-0.663862407207489,-0.17079941181490393,0.02795893788680798,0.7065484015693629,0.3033287772151513,-1.1859848112128586,-0.16815959178300213,-0.6529687920545492,0.0,0.0,0.0,0.0,0.0,0.0,0.0,0.04399999976158142
679237.884737763,1074,0.022222222222222223,-0.16756613552570343,0.028129294514656067,0.7127417325973511,0.2973174452781677,-1.1948474645614624,-0.1647362858057022,-0.6623343229293823,-0.17063193213907546,0.02795893788680798,0.7065484015693629,0.3033287772151513,-1.1859848112128586,-0.16815959178300213,-0.6529687920545492,0.0,0.0,0.0,0.0,0.0,0.0,0.0,0.04399999976158142
679237.906916063,1075,0.022222222222222223,-0.16971544921398163,0.027832714840769768,0.7145968675613403,0.29783251881599426,-1.193947196006775,-0.16665270924568176,-0.6622239351272583,-0.17051290744186334,0.02795893788680798,0.7065484015693629,0.3033287772151513,-1.1859848112128586,-0.16815959178300213,-0.6529687920545492,0.0,0.0,0.0,0.0,0.0,0.0,0.0,0.04399999976158142
679237.929165096,1076,0.022222222222222223,-0.17110510170459747,0.026634618639945984,0.7159833312034607,0.2978263795375824,-1.1941670179367065,-0.16857179999351501,-0.6604416966438293,-0.17047909296917155,0.02795893788680798,0.7065484015693629,0.3033287772151513,-1.1859848112128586,-0.16815959178300213,-0.6529687920545492,0.0,0.0,0.0,0.0,0.0,0.0,0.0,0.04399999976158142
679237.951341589,1077,0.022222222222222223,-0.17237049341201782,0.026059459894895554,0.7169504165649414,0.2978987991809845,-1.1945340633392334,-0.17015515267848969,-0.6590633988380432,-0.17047909296917155,0.02795893788680798,0.7066629665126752,0.3033287772151513,-1.1859848112128586,-0.16815959178300213,-0.6529687920545492,0.0,0.0,0.0,0.0,0.0,0.0,0.0,0.04399999976158142
679237.973598913,1078,0.022222222222222223,-0.1739358901977539,0.025582274422049522,0.7179133296012878,0.29749205708503723,-1.1942824125289917,-0.17171373963356018,-0.6568628549575806,-0.17047909296917155,0.02795893788680798,0.7069403341960234,0.3033287772151513,-1.1859848112128586,-0.16815959178300213,-0.6529687920545492,0.0,0.0,0.0,0.0,0.0,0.0,0.0,0.04399999976158142
679237.995865576,1079,0.022222222222222223,-0.17503629624843597,0.0250688549131155,0.7187866568565369,0.29724740982055664,-1.1940351724624634,-0.1732378900051117,-0.6550579071044922,-0.17048617784398518,0.02795893788680798,0.7073495145758371,0.3033287772151513,-1.1859848112128586,-0.16815959178300213,-0.6529687920545492,0.0,0.0,0.0,0.0,0.0,0.0,0.0,0.04399999976158142
679238.018147634,1080,0.022222222222222223,-0.17509882152080536,0.024448996409773827,0.7199019193649292,0.2963107228279114,-1.1937878131866455,-0.17429351806640625,-0.653630793094635,-0.17053206682159436,0.02795893788680798,0.7078482021572217,0.3033287772151513,-1.1859848112128586,-0.16815959178300213,-0.6529687920545492,0.0,0.0,0.0,0.0,0.0,0.0,0.0,0.04399999976158142
679238.040373316,1081,0.022222222222222223,-0.1755668818950653,0.024010924622416496,0.7207633256912231,0.29587990045547485,-1.1935405731201172,-0.1752314418554306,-0.6531043648719788,-0.17063138616927545,0.027950517649441266,0.7084646943915501,0.3033287772151513,-1.1859848112128586,-0.16815959178300213,-0.6529687920545492,0.0,0.0,0.0,0.0,0.0,0.0,0.0,0.04399999976158142
679238.062558061,1082,0.022222222222222223,-0.1753939539194107,0.02358340285718441,0.7218020558357239,0.29483872652053833,-1.1932932138442993,-0.17558375000953674,-0.6530308723449707,-0.1707807627256543,0.027917696702352644,0.7091290443983769,0.3033287772151513,-1.1859848112128586,-0.16815959178300213,-0.6529687920545492,0.0,0.0,0.0,0.0,0.0,0.0,0.0,0.04399999976158142
679238.084824244,1083,0.022222222222222223,-0.17583458125591278,0.02348632737994194,0.7225677967071533,0.2943916916847229,-1.193045973777771,-0.175927996635437,-0.6537663340568542,-0.17118346065877885,0.027769252509376206,0.7103004028197635,0.3032547398789106,-1.1859848112128586,-0.16815959178300213,-0.6529687920545492,0.0,0.0,0.0,0.0,0.0,0.0,0.0,0.04399999976158142
679238.107063404,1084,0.022222222222222223,-0.17588642239570618,0.023390406742691994,0.7235355377197266,0.29337990283966064,-1.1927986145019531,-0.1758526712656021,-0.6544957756996155,-0.17140734668000865,0.02765052710894666,0.7109590380464663,0.30307219865958046,-1.1859848112128586,-0.16815959178300213,-0.6529687920545492,0.0,0.0,0.0,0.0,0.0,0.0,0.0,0.04399999976158142
679238.129159828,1085,0.022222222222222223,-0.1765458732843399,0.023193107917904854,0.724324107170105,0.2931082248687744,-1.1925513744354248,-0.1760331690311432,-0.6556023359298706,-0.17164153497108808,0.02750942494006242,0.7116764866150419,0.3027631551060553,-1.1859848112128586,-0.16815959178300213,-0.6529687920545492,0.0,0.0,0.0,0.0,0.0,0.0,0.0,0.04399999976158142
679238.1513374,1086,0.022222222222222223,-0.17631572484970093,0.02245032787322998,0.7251660823822021,0.29270458221435547,-1.1929258108139038,-0.17625074088573456,-0.6558539867401123,-0.17189043719319513,0.027350459725620058,0.7124081532014543,0.30236489496757546,-1.1859848112128586,-0.16815959178300213,-0.6529687920545492,0.0,0.0,0.0,0.0,0.0,0.0,0.0,0.04399999976158142
679238.173662237,1087,0.022222222222222223,-0.17625242471694946,0.022121591493487358,0.7258744835853577,0.2928532361984253,-1.1932789087295532,-0.17660203576087952,-0.6564203500747681,-0.17214770638705293,0.027162150134192046,0.7131608649162271,0.3019361200438122,-1.1859848112128586,-0.16815959178300213,-0.6529687920545492,0.0,0.0,0.0,0.0,0.0,0.0,0.0,0.04399999976158142
679238.198389343,1088,0.022222222222222223,-0.17594674229621887,0.02137823775410652,0.7260851860046387,0.2929740846157074,-1.193931221961975,-0.17721465229988098,-0.6557864546775818,-0.1723929627390889,0.026935480894206287,0.7139054637021089,0.30154228010957906,-1.1859848112128586,-0.16815959178300213,-0.6529687920545492,0.0,0.0,0.0,0.0,0.0,0.0,0.0,0.04399999976158142
679238.218004978,1089,0.022222222222222223,-0.17551666498184204,0.02110758051276207,0.7261276245117188,0.2934187352657318,-1.1947028636932373,-0.17781037092208862,-0.6556276679039001,-0.17260843140005208,0.026663798628153337,0.7145489306966598,0.30123469477007975,-1.1859848112128586,-0.16815959178300213,-0.6529687920545492,0.0,0.0,0.0,0.0,0.0,0.0,0.0,0.04399999976158142
679238.240397623,1090,0.022222222222222223,-0.1746354103088379,0.0204007625579834,0.7260161638259888,0.29363349080085754,-1.195482850074768,-0.1784018874168396,-0.6548178195953369,-0.17277330524251608,0.026346875436575833,0.7150773579939141,0.3010473767228375,-1.1859848112128586,-0.16815959178300213,-0.6529687920545492,0.0,0.0,0.0,0.0,0.0,0.0,0.0,0.04399999976158142
679238.262430239,1091,0.022222222222222223,-0.17388014495372772,0.020180484279990196,0.7259941101074219,0.2941973805427551,-1.1962649822235107,-0.17889457941055298,-0.6547466516494751,-0.17285976823647412,0.02598595440819746,0.7154832309697202,0.30097789405325,-1.1859848112128586,-0.16815959178300213,-0.6529687920545492,0.0,0.0,0.0,0.0,0.0,0.0,0.0,0.04399999976158142
679238.284635828,1092,0.022222222222222223,-0.17266038060188293,0.01958237960934639,0.7258273959159851,0.29441747069358826,-1.1970252990722656,-0.1792416125535965,-0.654215395450592,-0.172870278620036,0.02518598935312646,0.716071099316058,0.3009727530744169,-1.1859848112128586,-0.16815959178300213,-0.6529687920545492,0.0,0.0,0.0,0.0,0.0,0.0,0.0,0.04399999976158142
679238.306845827,1093,0.022222222222222223,-0.171868234872818,0.01954673044383526,0.7257282733917236,0.2950342297554016,-1.1977671384811401,-0.17945517599582672,-0.6544814705848694,-0.172870278620036,0.024769040305582343,0.7162497960827026,0.3009727530744169,-1.1859848112128586,-0.16815959178300213,-0.6529687920545492,0.0,0.0,0.0,0.0,0.0,0.0,0.0,0.04399999976158142
679238.329165708,1094,0.022222222222222223,-0.17080874741077423,0.01910821907222271,0.7255122065544128,0.29530608654022217,-1.198440432548523,-0.1795639991760254,-0.6541240215301514,-0.172870278620036,0.02434942193904349,0.716374875046057,0.3009727530744169,-1.1859848112128586,-0.16815959178300213,-0.6529687920545492,0.0,0.0,0.0,0.0,0.0,0.0,0.0,0.04399999976158142
679238.351401938,1095,0.022222222222222223,-0.17016755044460297,0.01919945701956749,0.7253962755203247,0.2959236204624176,-1.1990917921066284,-0.17962785065174103,-0.6544830799102783,-0.172870278620036,0.02393555108019594,0.7164347222502122,0.3009727530744169,-1.1859848112128586,-0.16815959178300213,-0.6529687920545492,0.0,0.0,0.0,0.0,0.0,0.0,0.0,0.04399999976158142
679238.373654161,1096,0.022222222222222223,-0.16925173997879028,0.018835827708244324,0.7251951098442078,0.29612621665000916,-1.199647068977356,-0.17973029613494873,-0.6542187333106995,-0.172870278620036,0.02353825574612794,0.7164604707036184,0.3009727530744169,-1.1859848112128586,-0.16815959178300213,-0.6529687920545492,0.0,0.0,0.0,0.0,0.0,0.0,0.0,0.04399999976158142
679238.395827083,1097,0.022222222222222223,-0.1688317358493805,0.018970780074596405,0.7251446843147278,0.2966900169849396,-1.2001421451568604,-0.1797505021095276,-0.6546708345413208,-0.17285915356236228,0.023165276642848925,0.7164604707036184,0.3009727530744169,-1.1859848112128586,-0.16815959178300213,-0.6529687920545492,0.0,0.0,0.0,0.0,0.0,0.0,0.0,0.04399999976158142
679238.421097456,1098,0.022222222222222223,-0.168218731880188,0.018612464889883995,0.7250825762748718,0.29686638712882996,-1.2005172967910767,-0.17983855307102203,-0.6543925404548645,-0.17281976691199727,0.02282414587354976,0.7164604707036184,0.3009727530744169,-1.1859848112128586,-0.16815959178300213,-0.6529687920545492,0.0,0.0,0.0,0.0,0.0,0.0,0.0,0.04399999976158142
679238.44026263,1099,0.022222222222222223,-0.1680200695991516,0.01872921735048294,0.7251710295677185,0.29738038778305054,-1.2008583545684814,-0.17985588312149048,-0.6547783613204956,-0.17273580643080053,0.022517690278405743,0.7164604707036184,0.3009727530744169,-1.1859848112128586,-0.16815959178300213,-0.6529687920545492,0.0,0.0,0.0,0.0,0.0,0.0,0.0,0.04399999976158142
679238.462652141,1100,0.022222222222222223,-0.16753645241260529,0.01834408938884735,0.7252566814422607,0.2974805235862732,-1.201032280921936,-0.17993967235088348,-0.6544454097747803,-0.1726077796655426,0.02224479311409632,0.7164604707036184,0.3009727530744169,-1.1859848112128586,-0.16815959178300213,-0.6529687920545492,0.0,0.0,0.0,0.0,0.0,0.0,0.0,0.04399999976158142
679238.484645443,1101,0.022222222222222223,-0.16744059324264526,0.01843530684709549,0.7253760099411011,0.297926664352417,-1.2011557817459106,-0.17997093498706818,-0.6547645330429077,-0.17225020042627018,0.02181880217016268,0.7164604707036184,0.3009727530744169,-1.1859848112128586,-0.16815959178300213,-0.6529687920545492,0.0,0.0,0.0,0.0,0.0,0.0,0.0,0.04399999976158142
679238.506904217,1102,0.022222222222222223,-0.1670459359884262,0.01805245690047741,0.725409984588623,0.297962486743927,-1.2011291980743408,-0.1800781488418579,-0.6543563008308411,-0.17202313769976021,0.02165518703378731,0.7164767586465238,0.3009727530744169,-1.1859848112128586,-0.16815959178300213,-0.6529687920545492,0.0,0.0,0.0,0.0,0.0,0.0,0.0,0.04399999976158142
679238.529133655,1103,0.022222222222222223,-0.16691477596759796,0.01818014308810234,0.7254422903060913,0.2982754409313202,-1.201122760772705,-0.18007461726665497,-0.6546710133552551,-0.17177067682067035,0.021515959493788105,0.716496605345991,0.3009727530744169,-1.1859848112128586,-0.16815959178300213,-0.6529687920545492,0.0,0.0,0.0,0.0,0.0,0.0,0.0,0.04399999976158142
679238.553102992,1104,0.022222222222222223,-0.16628113389015198,0.017794985324144363,0.7260385751724243,0.2980889081954956,-1.2011162042617798,-0.17990893125534058,-0.654845118522644,-0.17149838111289406,0.021397141214370134,0.7165188524358974,0.3009727530744169,-1.1859848112128586,-0.16815959178300213,-0.6529687920545492,0.0,0.0,0.0,0.0,0.0,0.0,0.0,0.04399999976158142
679238.573549082,1105,0.022222222222222223,-0.16641056537628174,0.017957668751478195,0.7265067100524902,0.2983746826648712,-1.201109766960144,-0.17977167665958405,-0.6556520462036133,-0.17120464887957615,0.02129289305914196,0.7166497472625476,0.3009727530744169,-1.1859848112128586,-0.16815959178300213,-0.6529687920545492,0.0,0.0,0.0,0.0,0.0,0.0,0.0,0.04399999976158142
679238.595793686,1106,0.022222222222222223,-0.16613249480724335,0.01756918802857399,0.7275046110153198,0.2981983721256256,-1.2011030912399292,-0.17954960465431213,-0.6560463905334473,-0.170897439894415,0.021200599509606486,0.7168458679508865,0.3009727530744169,-1.1859848112128586,-0.16815959178300213,-0.6529687920545492,0.0,0.0,0.0,0.0,0.0,0.0,0.0,0.04399999976158142
679238.618052484,1107,0.022222222222222223,-0.1664784550666809,0.01769140176475048,0.728327751159668,0.2984689176082611,-1.201096534729004,-0.17939992249011993,-0.6569339632987976,-0.17058988515608267,0.02111572558646634,0.7171945251697133,0.3009727530744169,-1.1859848112128586,-0.16815959178300213,-0.6529687920545492,0.0,0.0,0.0,0.0,0.0,0.0,0.0,0.04399999976158142
679238.640325124,1108,0.022222222222222223,-0.16629788279533386,0.017254697158932686,0.7296324968338013,0.29826217889785767,-1.201089859008789,-0.17919287085533142,-0.6573547124862671,-0.1702990220111523,0.021035248090609047,0.7176349356584788,0.3009727530744169,-1.1859848112128586,-0.16815959178300213,-0.6529687920545492,0.0,0.0,0.0,0.0,0.0,0.0,0.0,0.04399999976158142
679238.662629027,1109,0.022222222222222223,-0.16674081981182098,0.017312418669462204,0.7307090759277344,0.2985279858112335,-1.2010833024978638,-0.17908692359924316,-0.6582402586936951,-0.16980760392620362,0.020865597820115277,0.7187328037796863,0.3009727530744169,-1.1859848112128586,-0.16815959178300213,-0.6529687920545492,0.0,0.0,0.0,0.0,0.0,0.0,0.0,0.04399999976158142
679238.684643488,1110,0.022222222222222223,-0.1666167974472046,0.016793815419077873,0.732271134853363,0.2983277440071106,-1.2011233568191528,-0.17892105877399445,-0.6586678624153137,-0.1696236875521235,0.020778015286913788,0.7193345243431194,0.3009727530744169,-1.1859848112128586,-0.16815959178300213,-0.6529687920545492,0.0,0.0,0.0,0.0,0.0,0.0,0.0,0.04399999976158142
679238.706899241,1111,0.022222222222222223,-0.16702549159526825,0.01668955758213997,0.7338554263114929,0.2986079156398773,-1.2011257410049438,-0.17882779240608215,-0.659669816493988,-0.16949077512927294,0.020683177498117922,0.7201193997514178,0.3009727530744169,-1.1859848112128586,-0.16815959178300213,-0.6529687920545492,0.0,0.0,0.0,0.0,0.0,0.0,0.0,0.04399999976158142
679238.729116811,1112,0.022222222222222223,-0.16693489253520966,0.016111308708786964,0.7356195449829102,0.29846519231796265,-1.201382040977478,-0.17868360877037048,-0.6601526737213135,-0.16941133351662893,0.020573291460927342,0.7210578998868094,0.3009727530744169,-1.1859848112128586,-0.16815959178300213,-0.6529687920545492,0.0,0.0,0.0,0.0,0.0,0.0,0.0,0.04399999976158142
679238.751364804,1113,0.022222222222222223,-0.16737787425518036,0.01579950377345085,0.7376736998558044,0.2988196611404419,-1.2011709213256836,-0.17847874760627747,-0.6614802479743958,-0.16938382718390604,0.0204400912406735,0.7221545832919456,0.3009727530744169,-1.1859848112128586,-0.16815959178300213,-0.6529687920545492,0.0,0.0,0.0,0.0,0.0,0.0,0.0,0.04399999976158142
679238.773535414,1114,0.022222222222222223,-0.1675289124250412,0.01570313610136509,0.7379768490791321,0.29901185631752014,-1.2031257152557373,-0.17835582792758942,-0.6617748737335205,-0.16938357316194633,0.020274640276153437,0.7234344644483945,0.3009727530744169,-1.1859848112128586,-0.16815959178300213,-0.6529687920545492,0.0,0.0,0.0,0.0,0.0,0.0,0.0,0.04399999976158142
679238.795851469,1115,0.022222222222222223,-0.16767995059490204,0.01657887175679207,0.7371953725814819,0.2993711829185486,-1.2057327032089233,-0.17785952985286713,-0.6626790165901184,-0.16938357316194633,0.020082625571239503,0.7245318857776271,0.3009727530744169,-1.1859848112128586,-0.16815959178300213,-0.6529687920545492,0.0,0.0,0.0,0.0,0.0,0.0,0.0,0.04399999976158142
679238.818244382,1116,0.022222222222222223,-0.16787023842334747,0.017005914822220802,0.7364279627799988,0.2995257079601288,-1.2079001665115356,-0.17749163508415222,-0.6628991365432739,-0.16938357316194633,0.019898680341381134,0.7252713751558764,0.3009727530744169,-1.1859848112128586,-0.16815959178300213,-0.6529687920545492,0.0,0.0,0.0,0.0,0.0,0.0,0.0,0.04399999976158142
679238.84056663,1117,0.022222222222222223,-0.16808921098709106,0.017772454768419266,0.7360057234764099,0.2995584011077881,-1.2097117900848389,-0.17719142138957977,-0.6635876297950745,-0.16938357316194633,0.019759205358429312,0.7257211117924738,0.3009727530744169,-1.1859848112128586,-0.16815959178300213,-0.6529687920545492,0.0,0.0,0.0,0.0,0.0,0.0,0.0,0.04399999976158142
679238.862467763,1118,0.022222222222222223,-0.16869764029979706,0.0179419107735157,0.7357955574989319,0.2997106909751892,-1.211006760597229,-0.177268847823143,-0.6630369424819946,-0.16938357316194633,0.019689278768168058,0.7260021568657848,0.3009727530744169,-1.1859848112128586,-0.16815959178300213,-0.6529687920545492,0.0,0.0,0.0,0.0,0.0,0.0,0.0,0.04399999976158142
679238.884727351,1119,0.022222222222222223,-0.16947463154792786,0.0183897465467453,0.7358293533325195,0.2997806668281555,-1.2122193574905396,-0.17747530341148376,-0.6626518368721008,-0.16938357316194633,0.019682950745665322,0.7263704505513137,0.3009727530744169,-1.1859848112128586,-0.16815959178300213,-0.6529687920545492,0.0,0.0,0.0,0.0,0.0,0.0,0.0,0.04399999976158142
679238.907447238,1120,0.022222222222222223,-0.16923944652080536,0.0183506291359663,0.7356765270233154,0.2994365394115448,-1.2133738994598389,-0.17742721736431122,-0.661861002445221,-0.16938357316194633,0.019682950745665322,0.7264913621724,0.3009727530744169,-1.1859848112128586,-0.16815959178300213,-0.6529687920545492,0.0,0.0,0.0,0.0,0.0,0.0,0.0,0.04399999976158142
679238.929129866,1121,0.022222222222222223,-0.16922496259212494,0.018652435392141342,0.7356618642807007,0.2995874881744385,-1.2145172357559204,-0.17755626142024994,-0.6613592505455017,-0.16938357316194633,0.019682950745665322,0.7265602133801051,0.3009727530744169,-1.1860666910891593,-0.16815959178300213,-0.6529687920545492,0.0,0.0,0.0,0.0,0.0,0.0,0.0,0.04399999976158142
679238.951368878,1122,0.022222222222222223,-0.16908638179302216,0.01841454766690731,0.7356590628623962,0.2995571196079254,-1.2153658866882324,-0.17777259647846222,-0.6598944067955017,-0.16938357316194633,0.019682950745665322,0.7266125885822855,0.3009727530744169,-1.1862601793946568,-0.16815959178300213,-0.6529687920545492,0.0,0.0,0.0,0.0,0.0,0.0,0.0,0.04399999976158142
679238.973579405,1123,0.022222222222222223,-0.16907715797424316,0.018542032688856125,0.7357092499732971,0.2998321056365967,-1.2161204814910889,-0.17795467376708984,-0.659031093120575,-0.16938357316194633,0.019682950745665322,0.7266543197092229,0.3009727530744169,-1.186524001544536,-0.16815959178300213,-0.6529687920545492,0.0,0.0,0.0,0.0,0.0,0.0,0.0,0.04399999976158142
679238.995896211,1124,0.022222222222222223,-0.16855865716934204,0.018166689202189445,0.7357731461524963,0.299709290266037,-1.2166036367416382,-0.17802157998085022,-0.6577267050743103,-0.16938357316194633,0.019682950745665322,0.7266975154800138,0.3009727530744169,-1.186840151233618,-0.16815959178300213,-0.6529687920545492,0.0,0.0,0.0,0.0,0.0,0.0,0.0,0.04399999976158142
679239.018086392,1125,0.022222222222222223,-0.16860873997211456,0.01822793111205101,0.7358747720718384,0.3000551760196686,-1.2170008420944214,-0.17812003195285797,-0.6570869088172913,-0.16938357316194633,0.019682950745665322,0.7267446493516997,0.3009727530744169,-1.187174785071163,-0.16815959178300213,-0.6529687920545492,0.0,0.0,0.0,0.0,0.0,0.0,0.0,0.04399999976158142
679239.040318217,1126,0.022222222222222223,-0.16836969554424286,0.017749765887856483,0.7360016703605652,0.30006739497184753,-1.2171764373779297,-0.17824962735176086,-0.6557199358940125,-0.16938357316194633,0.019682950745665322,0.726802144945331,0.3009727530744169,-1.1875162997452609,-0.16815959178300213,-0.6529687920545492,0.0,0.0,0.0,0.0,0.0,0.0,0.0,0.04399999976158142
679239.062542015,1127,0.022222222222222223,-0.16848498582839966,0.017660578712821007,0.7362101674079895,0.3004547357559204,-1.2172819375991821,-0.17841829359531403,-0.6550072431564331,-0.16938357316194633,0.019682950745665322,0.7268729067843783,0.3009727530744169,-1.187840840735123,-0.16815959178300213,-0.6529687920545492,0.0,0.0,0.0,0.0,0.0,0.0,0.0,0.04399999976158142
679239.084673266,1128,0.022222222222222223,-0.16824041306972504,0.01708805188536644,0.7363353967666626,0.30047476291656494,-1.2171958684921265,-0.1786249727010727,-0.6536074280738831,-0.16938357316194633,0.019682950745665322,0.7270163811620172,0.3009727530744169,-1.1884021265022038,-0.16815959178300213,-0.6529687920545492,0.0,0.0,0.0,0.0,0.0,0.0,0.0,0.04399999976158142
679239.106922676,1129,0.022222222222222223,-0.1682480275630951,0.01696884073317051,0.7364674806594849,0.30079057812690735,-1.2171450853347778,-0.1788184940814972,-0.6529498100280762,-0.16938357316194633,0.019682950745665322,0.7271101207462007,0.3009727530744169,-1.188635500328088,-0.16815959178300213,-0.6529687920545492,0.0,0.0,0.0,0.0,0.0,0.0,0.0,0.04399999976158142
679239.129129792,1130,0.022222222222222223,-0.16773028671741486,0.01634320057928562,0.7371907234191895,0.30064088106155396,-1.2171279191970825,-0.17883619666099548,-0.652222216129303,-0.16938357316194633,0.019682950745665322,0.7272112114074766,0.3009727530744169,-1.1888386308042895,-0.16815959178300213,-0.6529687920545492,0.0,0.0,0.0,0.0,0.0,0.0,0.0,0.04399999976158142
679239.151370314,1131,0.022222222222222223,-0.16797101497650146,0.01623539999127388,0.7377755045890808,0.30096250772476196,-1.2171220779418945,-0.17895235121250153,-0.6522459387779236,-0.16938357316194633,0.019678786081387255,0.727430117441758,0.3009727530744169,-1.1890182969894174,-0.16815959178300213,-0.6529687920545492,0.0,0.0,0.0,0.0,0.0,0.0,0.0,0.04399999976158142
679239.173596994,1132,0.022222222222222223,-0.1677127480506897,0.015584501437842846,0.738997757434845,0.300821453332901,-1.2171404361724854,-0.17890657484531403,-0.6519801616668701,-0.16938357316194633,0.019665275050835197,0.7277197859398398,0.3009727530744169,-1.1891782524169623,-0.16815959178300213,-0.6529687920545492,0.0,0.0,0.0,0.0,0.0,0.0,0.0,0.04399999976158142
679239.195816127,1133,0.022222222222222223,-0.16804122924804688,0.01534308772534132,0.740371584892273,0.30114057660102844,-1.2171058654785156,-0.17896831035614014,-0.6524457931518555,-0.16938357316194633,0.01962650619245681,0.7281868114104098,0.3009727530744169,-1.1893231186718531,-0.16815959178300213,-0.6529687920545492,0.0,0.0,0.0,0.0,0.0,0.0,0.0,0.04399999976158142
679239.21805116,1134,0.022222222222222223,-0.1678759902715683,0.01465179119259119,0.7420485019683838,0.30101343989372253,-1.217289924621582,-0.17888031899929047,-0.6525014042854309,-0.16938357316194633,0.01954975958019184,0.7288277140118087,0.3009727530744169,-1.18944909995639,-0.16815959178300213,-0.6529687920545492,0.0,0.0,0.0,0.0,0.0,0.0,0.0,0.04399999976158142
679239.240299668,1135,0.022222222222222223,-0.16819310188293457,0.014339138753712177,0.7438916563987732,0.3012941777706146,-1.217250943183899,-0.17886371910572052,-0.6533675193786621,-0.16938357316194633,0.01942449727096942,0.7296668750286837,0.3009727530744169,-1.189580623481933,-0.16815959178300213,-0.6529687920545492,0.0,0.0,0.0,0.0,0.0,0.0,0.0,0.04399999976158142
679239.262517317,1136,0.022222222222222223,-0.16816852986812592,0.013638597913086414,0.7457806468009949,0.30117037892341614,-1.2175636291503906,-0.17879806458950043,-0.6537599563598633,-0.16938357316194633,0.019244514038861762,0.7306985542140579,0.3009727530744169,-1.1896946909317883,-0.16815959178300213,-0.6529687920545492,0.0,0.0,0.0,0.0,0.0,0.0,0.0,0.04399999976158142
679239.284794168,1137,0.022222222222222223,-0.16855071485042572,0.013338114134967327,0.7478175163269043,0.301404744386673,-1.2175637483596802,-0.17865994572639465,-0.6549352407455444,-0.16938357316194633,0.018763382605329375,0.7325725624392896,0.3009727530744169,-1.189919884563483,-0.16815959178300213,-0.6529687920545492,0.0,0.0,0.0,0.0,0.0,0.0,0.0,0.04399999976158142
679239.306891049,1138,0.022222222222222223,-0.16856195032596588,0.012968437746167183,0.7486116290092468,0.30126938223838806,-1.218779444694519,-0.17754164338111877,-0.6569929122924805,-0.16938357316194633,0.018462197299276815,0.7337997867952726,0.3009727530744169,-1.1900310349114371,-0.16815959178300213,-0.6529687920545492,0.0,0.0,0.0,0.0,0.0,0.0,0.0,0.04399999976158142
679239.334099487,1139,0.022222222222222223,-0.16857317090034485,0.013377716764807701,0.7496663928031921,0.30139702558517456,-1.2188355922698975,-0.1751430630683899,-0.6614073514938354,-0.16938357316194633,0.018127339474185128,0.7349475205208363,0.3009727530744169,-1.1902559161123492,-0.16815959178300213,-0.6529687920545492,0.0,0.0,0.0,0.0,0.0,0.0,0.0,0.04399999976158142
679239.351412286,1140,0.022222222222222223,-0.168584406375885,0.014212096109986305,0.749480664730072,0.30146533250808716,-1.220070719718933,-0.17351995408535004,-0.6632680296897888,-0.16938357316194633,0.017784100520663912,0.7360765879532154,0.3009727530744169,-1.190466179293448,-0.16815959178300213,-0.6529687920545492,0.0,0.0,0.0,0.0,0.0,0.0,0.0,0.04399999976158142
679239.373583418,1141,0.022222222222222223,-0.16859562695026398,0.01562580280005932,0.7487163543701172,0.30176055431365967,-1.2219558954238892,-0.1722632199525833,-0.6644443273544312,-0.16938357316194633,0.017480043508335433,0.7369566491123517,0.3009727530744169,-1.190781824219719,-0.16815959178300213,-0.6529687920545492,0.0,0.0,0.0,0.0,0.0,0.0,0.0,0.04399999976158142
679239.395870236,1142,0.022222222222222223,-0.16883014142513275,0.01595994457602501,0.7495630383491516,0.30188557505607605,-1.221937656402588,-0.17138364911079407,-0.6648019552230835,-0.16938357316194633,0.01727407436704068,0.7375223291413158,0.3009727530744169,-1.1912621261345988,-0.16815959178300213,-0.6529687920545492,0.0,0.0,0.0,0.0,0.0,0.0,0.0,0.04399999976158142
679239.418159709,1143,0.022222222222222223,-0.16962923109531403,0.016011690720915794,0.7511563301086426,0.3024512827396393,-1.221474528312683,-0.1711706668138504,-0.664794385433197,-0.16938357316194633,0.017193044107022954,0.7381371369022283,0.3009727530744169,-1.1916949289347016,-0.16815959178300213,-0.6529687920545492,0.0,0.0,0.0,0.0,0.0,0.0,0.0,0.04399999976158142
679239.440289273,1144,0.022222222222222223,-0.17011259496212006,0.01573421061038971,0.7521181106567383,0.3024888336658478,-1.2222133874893188,-0.1713045835494995,-0.6637769341468811,-0.16938357316194633,0.0171907277330325,0.7389377943686922,0.3009727530744169,-1.1920339499521693,-0.16815959178300213,-0.6529687920545492,0.0,0.0,0.0,0.0,0.0,0.0,0.0,0.04399999976158142
679239.462527518,1145,0.022222222222222223,-0.1705959588289261,0.015761246904730797,0.7535332441329956,0.3020939826965332,-1.2224208116531372,-0.17134156823158264,-0.6637535691261292,-0.16938357316194633,0.0171907277330325,0.739771348251841,0.3009727530744169,-1.1924119845657488,-0.16815959178300213,-0.6529687920545492,0.0,0.0,0.0,0.0,0.0,0.0,0.0,0.04399999976158142
679239.484667878,1146,0.022222222222222223,-0.17107932269573212,0.01544688269495964,0.7544089555740356,0.3017275035381317,-1.2232587337493896,-0.1709039956331253,-0.6643698215484619,-0.16938357316194633,0.0171907277330325,0.7412615504482082,0.3009727530744169,-1.1930773781638093,-0.16815959178300213,-0.6529687920545492,0.0,0.0,0.0,0.0,0.0,0.0,0.0,0.04399999976158142
679239.506915052,1147,0.022222222222222223,-0.17156268656253815,0.015711264684796333,0.7556071877479553,0.3016916513442993,-1.2233916521072388,-0.16975466907024384,-0.6667013764381409,-0.16938357316194633,0.0171907277330325,0.7420890385935489,0.3009727530744169,-1.193455335914357,-0.16815959178300213,-0.6529687920545492,0.0,0.0,0.0,0.0,0.0,0.0,0.0,0.04399999976158142
679239.529155446,1148,0.022222222222222223,-0.1721523553133011,0.015688680112361908,0.7569838166236877,0.30149704217910767,-1.223440170288086,-0.16802699863910675,-0.6692914962768555,-0.16938357316194633,0.0171907277330325,0.742986824043057,0.3009727530744169,-1.193809294814455,-0.16815959178300213,-0.6529687920545492,0.0,0.0,0.0,0.0,0.0,0.0,0.0,0.04399999976158142
679239.551362867,1149,0.022222222222222223,-0.17306095361709595,0.016390027478337288,0.7589520215988159,0.30168306827545166,-1.2224029302597046,-0.1655973345041275,-0.6734842658042908,-0.16938357316194633,0.0171907277330325,0.7439761276129029,0.3009727530744169,-1.1941310912673253,-0.16815959178300213,-0.6531442650036975,0.0,0.0,0.0,0.0,0.0,0.0,0.0,0.04399999976158142
679239.576186336,1150,0.022222222222222223,-0.173969566822052,0.017216164618730545,0.7595304250717163,0.3017880618572235,-1.2236344814300537,-0.16479016840457916,-0.6734697818756104,-0.16939616804533786,0.0171907277330325,0.7451518323816052,0.3009727530744169,-1.194311793040151,-0.16815959178300213,-0.6537026379146743,0.0,0.0,0.0,0.0,0.0,0.0,0.0,0.04399999976158142
679239.595848158,1151,0.022222222222222223,-0.17487816512584686,0.01834910176694393,0.7588611245155334,0.3019314110279083,-1.2261040210723877,-0.16486987471580505,-0.6715479493141174,-0.16945157739194597,0.0171907277330325,0.7462169270928112,0.3009727530744169,-1.194597549099788,-0.16815959178300213,-0.6543021894365207,0.0,0.0,0.0,0.0,0.0,0.0,0.0,0.04399999976158142
679239.61810032,1152,0.022222222222222223,-0.17629526555538177,0.018185218796133995,0.7593938112258911,0.3020711839199066,-1.2269666194915771,-0.1656379997730255,-0.6685338616371155,-0.16958009158972237,0.0171907277330325,0.7469523669998837,0.3009727530744169,-1.1951114585871416,-0.16815959178300213,-0.6546775215409452,0.0,0.0,0.0,0.0,0.0,0.0,0.0,0.04399999976158142
679239.640419657,1153,0.022222222222222223,-0.1784154325723648,0.017863107845187187,0.7600210309028625,0.3023155927658081,-1.227665662765503,-0.16698062419891357,-0.6654340028762817,-0.16981461427390399,0.0171907277330325,0.7476451728061233,0.3009727530744169,-1.1956669045063555,-0.16815959178300213,-0.6547266281774807,0.0,0.0,0.0,0.0,0.0,0.0,0.0,0.04399999976158142
679239.663148361,1154,0.022222222222222223,-0.17989951372146606,0.016801156103610992,0.7601033449172974,0.30245986580848694,-1.228509545326233,-0.16828440129756927,-0.6620532274246216,-0.1701514347782241,0.0171907277330325,0.7482064019242322,0.3009727530744169,-1.1961658694803206,-0.16815959178300213,-0.6547266281774807,0.0,0.0,0.0,0.0,0.0,0.0,0.0,0.04399999976158142
679239.685903149,1155,0.022222222222222223,-0.1808297485113144,0.016384050250053406,0.7601723670959473,0.3025193512439728,-1.2293572425842285,-0.16910824179649353,-0.6600092053413391,-0.17121197661944992,0.0171907277330325,0.7492579307552996,0.3009727530744169,-1.1972364293692623,-0.16815959178300213,-0.6547266281774807,0.0,0.0,0.0,0.0,0.0,0.0,0.0,0.04399999976158142
679239.706961533,1156,0.022222222222222223,-0.1820497214794159,0.016273710876703262,0.7602508068084717,0.30196189880371094,-1.2295777797698975,-0.16947923600673676,-0.6581932902336121,-0.17196489279799998,0.0171907277330325,0.749658569949468,0.3009727530744169,-1.1978200979690812,-0.16815959178300213,-0.6547266281774807,0.0,0.0,0.0,0.0,0.0,0.0,0.0,0.04399999976158142
679239.729269017,1157,0.022222222222222223,-0.18293754756450653,0.015990927815437317,0.7604519128799438,0.3016377389431,-1.2296884059906006,-0.1696304827928543,-0.6573355793952942,-0.17284724074082944,0.0171907277330325,0.7499972358248324,0.3009727530744169,-1.1983670201815748,-0.16815959178300213,-0.6547266281774807,0.0,0.0,0.0,0.0,0.0,0.0,0.0,0.04399999976158142
679239.752772182,1158,0.022222222222222223,-0.18563786149024963,0.015199308283627033,0.7607560753822327,0.30243951082229614,-1.2297892570495605,-0.17142896354198456,-0.6531978845596313,-0.17383788925380322,0.0171907277330325,0.7503090821766241,0.3009727530744169,-1.19886797095345,-0.16815959178300213,-0.6547266281774807,0.0,0.0,0.0,0.0,0.0,0.0,0.0,0.04399999976158142
679239.773702312,1159,0.022222222222222223,-0.1846092939376831,0.014456636272370815,0.7615243792533875,0.3017916977405548,-1.229958415031433,-0.17358243465423584,-0.6489484310150146,-0.1749534274178367,0.0171907277330325,0.7506191380073176,0.3009727530744169,-1.1993265066352408,-0.16815959178300213,-0.6547266281774807,0.0,0.0,0.0,0.0,0.0,0.0,0.0,0.04399999976158142
679239.795881412,1160,0.022222222222222223,-0.18373039364814758,0.01613248884677887,0.7537773847579956,0.30156299471855164,-1.236581802368164,-0.17332197725772858,-0.6492664813995361,-0.17614696410862168,0.0171907277330325,0.7510158838094151,0.3009727530744169,-1.1997541517079648,-0.16815959178300213,-0.6547266281774807,0.0,0.0,0.0,0.0,0.0,0.0,0.0,0.04399999976158142
679239.81820069,1161,0.022222222222222223,-0.18318752944469452,0.01744595542550087,0.7500138878822327,0.30135950446128845,-1.2386887073516846,-0.17128075659275055,-0.6522524952888489,-0.17730153338189383,0.0171907277330325,0.7510158838094151,0.3009727530744169,-1.2008207795011212,-0.16815959178300213,-0.6547266281774807,0.0,0.0,0.0,0.0,0.0,0.0,0.0,0.04399999976158142
679239.840369862,1162,0.022222222222222223,-0.18325629830360413,0.01949332468211651,0.7468440532684326,0.30142271518707275,-1.241139531135559,-0.17011460661888123,-0.6526443958282471,-0.17833941890971236,0.0171907277330325,0.7510158838094151,0.3009727530744169,-1.2020105411942181,-0.16815959178300213,-0.6547266281774807,0.0,0.0,0.0,0.0,0.0,0.0,0.0,0.04399999976158142
679239.865108636,1163,0.022222222222222223,-0.18124668300151825,0.02067594788968563,0.7438656687736511,0.30066749453544617,-1.2432751655578613,-0.16853298246860504,-0.6527483463287354,-0.17922802208961996,0.0171907277330325,0.7510158838094151,0.3009727530744169,-1.2033331036748878,-0.16815959178300213,-0.6547266281774807,0.0,0.0,0.0,0.0,0.0,0.0,0.0,0.04399999976158142
679239.884765776,1164,0.022222222222222223,-0.1804310530424118,0.021708790212869644,0.7425315380096436,0.3007391393184662,-1.2439343929290771,-0.16708892583847046,-0.6539486050605774,-0.18048666224667517,0.017198529822590587,0.7510158838094151,0.3009727530744169,-1.2058058581418953,-0.16815959178300213,-0.6547266281774807,0.0,0.0,0.0,0.0,0.0,0.0,0.0,0.04399999976158142
679239.9069194,1165,0.022222222222222223,-0.17961543798446655,0.023157650604844093,0.7392389178276062,0.30078089237213135,-1.2467920780181885,-0.16718699038028717,-0.6514843702316284,-0.18076405359383818,0.017244617482664697,0.7510158838094151,0.3009727530744169,-1.2070273618026874,-0.16815959178300213,-0.6547266281774807,0.0,0.0,0.0,0.0,0.0,0.0,0.0,0.04399999976158142
679239.929217713,1166,0.022222222222222223,-0.1787998080253601,0.024577973410487175,0.7344643473625183,0.30114033818244934,-1.2508689165115356,-0.1683235913515091,-0.6478571891784668,-0.18081202896675422,0.017376939712716928,0.7504581679942403,0.3009727530744169,-1.2084162110586605,-0.16815959178300213,-0.6547266281774807,0.0,0.0,0.0,0.0,0.0,0.0,0.0,0.04399999976158142
679239.951492019,1167,0.022222222222222223,-0.17945002019405365,0.02494652196764946,0.7307295799255371,0.3020155727863312,-1.2535042762756348,-0.16988562047481537,-0.643653154373169,-0.18081202896675422,0.017637113770997487,0.7490952914203479,0.3009727530744169,-1.2100867533980053,-0.16815959178300213,-0.6547266281774807,0.0,0.0,0.0,0.0,0.0,0.0,0.0,0.04399999976158142
679239.973580877,1168,0.022222222222222223,-0.1784897744655609,0.025846855714917183,0.7274453639984131,0.3018471598625183,-1.2561174631118774,-0.17025402188301086,-0.6415632963180542,-0.18081202896675422,0.01802468849369577,0.7472732446122188,0.3009727530744169,-1.2118637231190381,-0.16815959178300213,-0.6547266281774807,0.0,0.0,0.0,0.0,0.0,0.0,0.0,0.04399999976158142
679239.99585623,1169,0.022222222222222223,-0.17704933881759644,0.02637447603046894,0.7246460914611816,0.3014228641986847,-1.2578723430633545,-0.16940897703170776,-0.6411418318748474,-0.18081202896675422,0.018523935430506712,0.7451687179044676,0.3009727530744169,-1.21372946186182,-0.16815959178300213,-0.6547266281774807,0.0,0.0,0.0,0.0,0.0,0.0,0.0,0.04399999976158142
679240.01811928,1170,0.022222222222222223,-0.17817535996437073,0.02764759212732315,0.7223852872848511,0.30141863226890564,-1.2595322132110596,-0.1687835305929184,-0.6401718258857727,-0.18079730310924877,0.019119569070500674,0.7429291482727339,0.3009727530744169,-1.2155858695115132,-0.16815959178300213,-0.6547266281774807,0.0,0.0,0.0,0.0,0.0,0.0,0.0,0.04399999976158142
679240.040248313,1171,0.022222222222222223,-0.18037614226341248,0.02808309905230999,0.7205384373664856,0.30094146728515625,-1.2607210874557495,-0.1688225418329239,-0.6366928815841675,-0.18078669713838055,0.01980577088062171,0.7406838594145877,0.3009727530744169,-1.217421697238122,-0.16815959178300213,-0.6546991408490975,0.0,0.0,0.0,0.0,0.0,0.0,0.0,0.04399999976158142
679240.062686808,1172,0.022222222222222223,-0.17814740538597107,0.028929388150572777,0.7197772860527039,0.29911816120147705,-1.2612618207931519,-0.16745950281620026,-0.6370203495025635,-0.18078669713838055,0.021365953314478634,0.7367555399849057,0.3009727530744169,-1.220774517860267,-0.16815959178300213,-0.6540021022164172,0.0,0.0,0.0,0.0,0.0,0.0,0.0,0.04399999976158142
679240.08472136,1173,0.022222222222222223,-0.17890936136245728,0.029186220839619637,0.7215121984481812,0.29869577288627625,-1.2591372728347778,-0.16722047328948975,-0.6361677050590515,-0.18078669713838055,0.022173301712586083,0.7351912010276511,0.3009727530744169,-1.2222465759918004,-0.16815959178300213,-0.6536949895108475,0.0,0.0,0.0,0.0,0.0,0.0,0.0,0.04399999976158142
679240.106899801,1174,0.022222222222222223,-0.17895610630512238,0.029247770085930824,0.7236653566360474,0.29705968499183655,-1.2571251392364502,-0.16798874735832214,-0.6332634687423706,-0.18078669713838055,0.02297579069297941,0.7342535748085472,0.3009727530744169,-1.2233446468526998,-0.16815959178300213,-0.6533577632941462,0.0,0.0,0.0,0.0,0.0,0.0,0.0,0.04399999976158142
679240.129123308,1175,0.022222222222222223,-0.18013626337051392,0.030629370361566544,0.720175564289093,0.2958710789680481,-1.259837031364441,-0.16661402583122253,-0.63583904504776,-0.18078669713838055,0.023744171985199,0.7339088982370906,0.3009727530744169,-1.224112467755369,-0.16815959178300213,-0.6527934536692793,0.0,0.0,0.0,0.0,0.0,0.0,0.0,0.04399999976158142
679240.151358426,1176,0.022222222222222223,-0.1843453198671341,0.030224565416574478,0.722022533416748,0.2960430085659027,-1.256514549255371,-0.1644371896982193,-0.6402350068092346,-0.18078669713838055,0.0244860336498632,0.7329767078574232,0.3009727530744169,-1.2250731484288495,-0.16815959178300213,-0.6524349375998764,0.0,0.0,0.0,0.0,0.0,0.0,0.0,0.04399999976158142
679240.173588476,1177,0.022222222222222223,-0.18674832582473755,0.030357392504811287,0.7248412370681763,0.2956307530403137,-1.2534900903701782,-0.16460654139518738,-0.6390799283981323,-0.1807963255401347,0.02519238924924637,0.7325626048132877,0.3009727530744169,-1.2255965455321638,-0.16815959178300213,-0.6524150482174595,0.0,0.0,0.0,0.0,0.0,0.0,0.0,0.04399999976158142
679240.195979121,1178,0.022222222222222223,-0.1846821904182434,0.02938779443502426,0.7282549738883972,0.29431474208831787,-1.2508610486984253,-0.16501228511333466,-0.6378642916679382,-0.18088135885070303,0.025832721748336927,0.7325626048132877,0.3009727530744169,-1.2257427411720605,-0.16815959178300213,-0.6524150482174595,0.0,0.0,0.0,0.0,0.0,0.0,0.0,0.04399999976158142
679240.218147779,1179,0.022222222222222223,-0.1838865876197815,0.028380269184708595,0.7321599125862122,0.29401466250419617,-1.2472132444381714,-0.16594837605953217,-0.6383174657821655,-0.18102148214793354,0.026370387732435115,0.7325626048132877,0.3009727530744169,-1.2257427411720605,-0.16815959178300213,-0.6523878995456834,0.0,0.0,0.0,0.0,0.0,0.0,0.0,0.04399999976158142
679240.240276096,1180,0.022222222222222223,-0.18309098482131958,0.028543034568428993,0.7315375208854675,0.29336223006248474,-1.24846613407135,-0.16764913499355316,-0.6363028883934021,-0.1811335206804079,0.026756845619259756,0.7325626048132877,0.3009727530744169,-1.2257427411720605,-0.16815959178300213,-0.6523847444267873,0.0,0.0,0.0,0.0,0.0,0.0,0.0,0.04399999976158142
679240.262501315,1181,0.022222222222222223,-0.18229538202285767,0.028903039172291756,0.728585958480835,0.29291170835494995,-1.2512162923812866,-0.16941432654857635,-0.6345954537391663,-0.18118139815262232,0.026989767264847673,0.7325626048132877,0.3009691546842687,-1.2257427411720605,-0.16815959178300213,-0.6522294321370796,0.0,0.0,0.0,0.0,0.0,0.0,0.0,0.04399999976158142
679240.284675701,1182,0.022222222222222223,-0.18157528340816498,0.028376532718539238,0.7282352447509766,0.292398601770401,-1.2513427734375,-0.17146426439285278,-0.6323425769805908,-0.18118218463588368,0.027111433793242712,0.7325626048132877,0.30091830854861285,-1.2257427411720605,-0.16815959178300213,-0.6517383657781434,0.0,0.0,0.0,0.0,0.0,0.0,0.0,0.04399999976158142
679240.306902317,1183,0.022222222222222223,-0.18108169734477997,0.02770124189555645,0.7296671867370605,0.2921145260334015,-1.2503600120544434,-0.17417868971824646,-0.6294237971305847,-0.18118218463588368,0.027111433793242712,0.7325626048132877,0.30079890173950163,-1.2257427411720605,-0.16815959178300213,-0.6512341259163898,0.0,0.0,0.0,0.0,0.0,0.0,0.0,0.04399999976158142
679240.329214445,1184,0.022222222222222223,-0.1812555342912674,0.02600986510515213,0.7324434518814087,0.2911738157272339,-1.2478137016296387,-0.1757546216249466,-0.6288037896156311,-0.18118218463588368,0.027111433793242712,0.7325626048132877,0.30061263839736657,-1.2257427411720605,-0.16815959178300213,-0.6504846640282573,0.0,0.0,0.0,0.0,0.0,0.0,0.0,0.04399999976158142
679240.351388033,1185,0.022222222222222223,-0.18276004493236542,0.02451956644654274,0.7355219721794128,0.29091787338256836,-1.244437336921692,-0.1767948418855667,-0.6301284432411194,-0.18118218463588368,0.027111433793242712,0.7325626048132877,0.30033258775497834,-1.2257427411720605,-0.16815959178300213,-0.6496925388487277,0.0,0.0,0.0,0.0,0.0,0.0,0.0,0.04399999976158142
679240.373594715,1186,0.022222222222222223,-0.18418855965137482,0.023594707250595093,0.7372061014175415,0.28999844193458557,-1.2424676418304443,-0.17641231417655945,-0.6324990391731262,-0.18118218463588368,0.027111433793242712,0.7325626048132877,0.29997826121563453,-1.2257427411720605,-0.16815959178300213,-0.6490807346076027,0.0,0.0,0.0,0.0,0.0,0.0,0.0,0.04399999976158142
679240.395845844,1187,0.022222222222222223,-0.1855442374944687,0.0234652329236269,0.7383322715759277,0.28955385088920593,-1.2408944368362427,-0.1754818707704544,-0.6358070373535156,-0.18118218463588368,0.027102843897727654,0.7325626048132877,0.29955323808445034,-1.2257427411720605,-0.16815959178300213,-0.6487656435252492,0.0,0.0,0.0,0.0,0.0,0.0,0.0,0.04399999976158142
679240.418084953,1188,0.022222222222222223,-0.18825814127922058,0.02263478934764862,0.7404839992523193,0.2897755205631256,-1.2394566535949707,-0.17644332349300385,-0.6347438097000122,-0.1812118821379771,0.027077298722782348,0.7325626048132877,0.29906940537559845,-1.2257427411720605,-0.16815959178300213,-0.6487445546525207,0.0,0.0,0.0,0.0,0.0,0.0,0.0,0.04399999976158142
679240.440368,1189,0.022222222222222223,-0.19240045547485352,0.021869858726859093,0.7430576086044312,0.29019472002983093,-1.2381162643432617,-0.1797768622636795,-0.6284162402153015,-0.1813568071776947,0.027016170447152713,0.7325626048132877,0.29861976137397706,-1.2257427411720605,-0.16815959178300213,-0.6487445546525207,0.0,0.0,0.0,0.0,0.0,0.0,0.0,0.04399999976158142
679240.462510035,1190,0.022222222222222223,-0.19536623358726501,0.020714592188596725,0.7440575361251831,0.2896762788295746,-1.2391210794448853,-0.18451236188411713,-0.6179062128067017,-0.18174686505184717,0.026893090746497594,0.7328777528036533,0.298291659648762,-1.2257427411720605,-0.16815959178300213,-0.6482337844202267,0.0,0.0,0.0,0.0,0.0,0.0,0.0,0.04399999976158142
679240.485076135,1191,0.022222222222222223,-0.1925208419561386,0.01978522352874279,0.7431204915046692,0.28846651315689087,-1.2420189380645752,-0.18951837718486786,-0.6098397970199585,-0.18239925562293766,0.02671094627170248,0.7331373744931233,0.29808247857398296,-1.2257427411720605,-0.16815959178300213,-0.6476300537936442,0.0,0.0,0.0,0.0,0.0,0.0,0.0,0.04399999976158142
679240.509029367,1192,0.022222222222222223,-0.18793903291225433,0.018807563930749893,0.7392487525939941,0.2876336872577667,-1.2449517250061035,-0.19018791615962982,-0.6123257875442505,-0.1843447527096908,0.026125459505404992,0.7336842378200215,0.2976499880530219,-1.2257427411720605,-0.1689755732591497,-0.644011484817044,0.0,0.0,0.0,0.0,0.0,0.0,0.0,0.04399999976158142
679240.52913315,1193,0.022222222222222223,-0.18648166954517365,0.020042577758431435,0.7355831265449524,0.2884128987789154,-1.2461507320404053,-0.1868772804737091,-0.6215094923973083,-0.18527770109020741,0.025690854135899152,0.7336842378200215,0.29725450868353015,-1.2257427411720605,-0.16972470664909886,-0.6420591563747436,0.0,0.0,0.0,0.0,0.0,0.0,0.0,0.04399999976158142
679240.551331033,1194,0.022222222222222223,-0.1864711195230484,0.020710282027721405,0.7348473072052002,0.2887008488178253,-1.2447233200073242,-0.18387429416179657,-0.6275065541267395,-0.1859445511167026,0.025210154546881223,0.7336842378200215,0.29687200719212037,-1.2257427411720605,-0.17014021205661176,-0.6411438546144561,0.0,0.0,0.0,0.0,0.0,0.0,0.0,0.04399999976158142
679240.573610551,1195,0.022222222222222223,-0.18799380958080292,0.021804120391607285,0.7347529530525208,0.2889120876789093,-1.2434375286102295,-0.1818273514509201,-0.6309184432029724,-0.18634122312537543,0.02475934279821869,0.7336842378200215,0.29661386126583056,-1.2257427411720605,-0.1701919323326463,-0.6410351657482597,0.0,0.0,0.0,0.0,0.0,0.0,0.0,0.04399999976158142
679240.595855431,1196,0.022222222222222223,-0.1888527125120163,0.02200106903910637,0.7354950904846191,0.28868454694747925,-1.2424665689468384,-0.18069592118263245,-0.6317811608314514,-0.18654666505715797,0.024394618344685093,0.7336842378200215,0.2964758225842574,-1.2257427411720605,-0.1701919323326463,-0.6410351657482597,0.0,0.0,0.0,0.0,0.0,0.0,0.0,0.04399999976158142
679240.618166375,1197,0.022222222222222223,-0.18938331305980682,0.022170428186655045,0.7364096641540527,0.2887977063655853,-1.2416006326675415,-0.1803925484418869,-0.6320040225982666,-0.1866478416513245,0.02414253934311592,0.7336842378200215,0.2964003055456335,-1.2257427411720605,-0.1701919323326463,-0.6410351657482597,0.0,0.0,0.0,0.0,0.0,0.0,0.0,0.04399999976158142
679240.640296368,1198,0.022222222222222223,-0.1885880082845688,0.021820897236466408,0.7368941903114319,0.2883141338825226,-1.2417112588882446,-0.17959487438201904,-0.632962167263031,-0.1866948493479661,0.02399847003536661,0.7336842378200215,0.2963574249477312,-1.2257427411720605,-0.1701919323326463,-0.6410351657482597,0.0,0.0,0.0,0.0,0.0,0.0,0.0,0.04399999976158142
679240.66383614,1199,0.022222222222222223,-0.18786446750164032,0.022283557802438736,0.7371616959571838,0.2884807884693146,-1.241789698600769,-0.17891259491443634,-0.6345794796943665,-0.18670055412783812,0.02394019210051375,0.7336842378200215,0.2963016207563289,-1.2257427411720605,-0.1701919323326463,-0.6410351657482597,0.0,0.0,0.0,0.0,0.0,0.0,0.0,0.04399999976158142
679240.684691399,1200,0.022222222222222223,-0.1898978054523468,0.021971946582198143,0.7374674081802368,0.2894696295261383,-1.2415584325790405,-0.18003372848033905,-0.6324805617332458,-0.18670055412783812,0.023935023381099586,0.7336842378200215,0.296154071908057,-1.2257427411720605,-0.1701919323326463,-0.6410351657482597,0.0,0.0,0.0,0.0,0.0,0.0,0.0,0.04399999976158142
679240.707065381,1201,0.022222222222222223,-0.19355349242687225,0.021892445161938667,0.7375355958938599,0.2903611958026886,-1.2413610219955444,-0.1806367039680481,-0.6311445832252502,-0.18670115573472584,0.023935023381099586,0.7336842378200215,0.29614824059120504,-1.2257427411720605,-0.1701919323326463,-0.6410351657482597,0.0,0.0,0.0,0.0,0.0,0.0,0.0,0.04399999976158142
679240.729150728,1202,0.022222222222222223,-0.19740983843803406,0.02202506735920906,0.7380134463310242,0.29065579175949097,-1.2414723634719849,-0.18118847906589508,-0.6288906335830688,-0.18679403469786862,0.023935023381099586,0.7336842378200215,0.29614824059120504,-1.2257427411720605,-0.1701919323326463,-0.6410351657482597,0.0,0.0,0.0,0.0,0.0,0.0,0.0,0.04399999976158142
679240.751368113,1203,0.022222222222222223,-0.20326176285743713,0.02117924578487873,0.7407729029655457,0.29120033979415894,-1.2397222518920898,-0.18311819434165955,-0.623970091342926,-0.187129779363773,0.023935023381099586,0.7336842378200215,0.29614824059120504,-1.2257427411720605,-0.1701919323326463,-0.6410351657482597,0.0,0.0,0.0,0.0,0.0,0.0,0.0,0.04399999976158142
679240.773719968,1204,0.022222222222222223,-0.21086542308330536,0.019340578466653824,0.7446250319480896,0.29191291332244873,-1.2371784448623657,-0.1866954118013382,-0.6158878207206726,-0.18786862064634588,0.023935023381099586,0.7336842378200215,0.29614824059120504,-1.2257427411720605,-0.1701919323326463,-0.640797551279567,0.0,0.0,0.0,0.0,0.0,0.0,0.0,0.04399999976158142
679240.795908816,1205,0.022222222222222223,-0.2119286209344864,0.01549137569963932,0.7514183521270752,0.29062792658805847,-1.2309099435806274,-0.18864767253398895,-0.6130805015563965,-0.189203512899207,0.023899485521657826,0.7340837364980567,0.29614824059120504,-1.2257427411720605,-0.1703875775545456,-0.6398401489200672,0.0,0.0,0.0,0.0,0.0,0.0,0.0,0.04399999976158142
679240.818135081,1206,0.022222222222222223,-0.2116728127002716,0.014581947587430477,0.7506568431854248,0.2895548641681671,-1.2319012880325317,-0.18907544016838074,-0.6131044030189514,-0.19113152765679825,0.023710946762708872,0.7356982522524846,0.29614824059120504,-1.2257427411720605,-0.17078376062642145,-0.6385537166322743,0.0,0.0,0.0,0.0,0.0,0.0,0.0,0.04399999976158142
679240.840318318,1207,0.022222222222222223,-0.2114633470773697,0.014519233256578445,0.7499715089797974,0.28877320885658264,-1.2325739860534668,-0.18970023095607758,-0.612434446811676,-0.19344856544232847,0.02330604731917877,0.7368789278280264,0.29614824059120504,-1.2257427411720605,-0.17122378675503172,-0.6373366458816957,0.0,0.0,0.0,0.0,0.0,0.0,0.0,0.04399999976158142
679240.86249592,1208,0.022222222222222223,-0.2098860740661621,0.014333322644233704,0.7498906254768372,0.2883177697658539,-1.2335193157196045,-0.1917518675327301,-0.6092286109924316,-0.1959501157867613,0.02273022462340583,0.7377006208077549,0.29614824059120504,-1.2257427411720605,-0.17167972108147206,-0.6361947066637607,0.0,0.0,0.0,0.0,0.0,0.0,0.0,0.04399999976158142
679240.884647193,1209,0.022222222222222223,-0.2082066833972931,0.013176824897527695,0.7500112652778625,0.28841906785964966,-1.2345268726348877,-0.19615676999092102,-0.6014541387557983,-0.200859525054627,0.021306531117823754,0.7388813825502528,0.29612702718736506,-1.2257427411720605,-0.17264860403462728,-0.6339696357929577,0.0,0.0,0.0,0.0,0.0,0.0,0.0,0.04399999976158142
679240.906890529,1210,0.022222222222222223,-0.2037343978881836,0.011341160163283348,0.7502063512802124,0.28786221146583557,-1.2354257106781006,-0.20025695860385895,-0.5959806442260742,-0.2029490146641761,0.020523750903069432,0.7393232856438999,0.2960930956416768,-1.2257427411720605,-0.17355087580384218,-0.6321793651790869,0.0,0.0,0.0,0.0,0.0,0.0,0.0,0.04399999976158142
679240.929089222,1211,0.022222222222222223,-0.19932062923908234,0.011441856622695923,0.7457693815231323,0.28745216131210327,-1.2377946376800537,-0.19819137454032898,-0.6028831005096436,-0.2045628274578834,0.01967338067279638,0.7397175104489074,0.29601957793811867,-1.2257427411720605,-0.17480722055012418,-0.6299345797587456,0.0,0.0,0.0,0.0,0.0,0.0,0.0,0.04399999976158142
679240.952779883,1212,0.022222222222222223,-0.19837932288646698,0.014101269654929638,0.7411885261535645,0.2883724570274353,-1.239082932472229,-0.192505344748497,-0.6141695380210876,-0.20552392476289408,0.018772832277886318,0.7397175104489074,0.29587545723323194,-1.2257427411720605,-0.17586507422452785,-0.6283742515938039,0.0,0.0,0.0,0.0,0.0,0.0,0.0,0.04399999976158142
679240.97358589,1213,0.022222222222222223,-0.19967946410179138,0.015642227604985237,0.740483283996582,0.2893277108669281,-1.237088680267334,-0.18796111643314362,-0.6206120848655701,-0.20581287701172649,0.017943846346463836,0.7397175104489074,0.2957722123864513,-1.2257427411720605,-0.17628930179214464,-0.6280926611967554,0.0,0.0,0.0,0.0,0.0,0.0,0.0,0.04399999976158142
679240.995824766,1214,0.022222222222222223,-0.1994248777627945,0.01721666194498539,0.7408615946769714,0.2894706130027771,-1.2354261875152588,-0.18582504987716675,-0.6221276521682739,-0.20573893222379264,0.017305280121835742,0.7397175104489074,0.29576767274670507,-1.2257427411720605,-0.17630541384548676,-0.6280926611967554,0.0,0.0,0.0,0.0,0.0,0.0,0.0,0.04399999976158142
679241.018116569,1215,0.022222222222222223,-0.1974869966506958,0.017676908522844315,0.7423981428146362,0.288981169462204,-1.234230637550354,-0.18645358085632324,-0.61899334192276,-0.20554051511150337,0.016917522995461353,0.7397175104489074,0.29576767274670507,-1.2257427411720605,-0.17630541384548676,-0.6280926611967554,0.0,0.0,0.0,0.0,0.0,0.0,0.0,0.04399999976158142
679241.040409201,1216,0.022222222222222223,-0.1969844549894333,0.017217429354786873,0.7437237501144409,0.2891005873680115,-1.2331907749176025,-0.18826161324977875,-0.6154775619506836,-0.20520042704791627,0.016788797351536294,0.7397175104489074,0.29576767274670507,-1.2257427411720605,-0.17630541384548676,-0.6280926611967554,0.0,0.0,0.0,0.0,0.0,0.0,0.0,0.04399999976158142
679241.062544693,1217,0.022222222222222223,-0.19887599349021912,0.01631162129342556,0.7451058626174927,0.28960105776786804,-1.2325055599212646,-0.19097356498241425,-0.6105318069458008,-0.20411812463212098,0.01678846786924003,0.7397175104489074,0.29576767274670507,-1.2257427411720605,-0.17630541384548676,-0.6280926611967554,0.0,0.0,0.0,0.0,0.0,0.0,0.0,0.04399999976158142
679241.084649495,1218,0.022222222222222223,-0.19898958504199982,0.014650784432888031,0.7462499141693115,0.28909122943878174,-1.2319387197494507,-0.1933777928352356,-0.6069518327713013,-0.20351857310617472,0.01678846786924003,0.7397175104489074,0.29576767274670507,-1.2257427411720605,-0.17634990615903967,-0.6278135465255076,0.0,0.0,0.0,0.0,0.0,0.0,0.0,0.04399999976158142
679241.106888474,1219,0.022222222222222223,-0.19722042977809906,0.0149307856336236,0.7417119145393372,0.2885229289531708,-1.235180377960205,-0.18964718282222748,-0.6144205927848816,-0.20298571295484932,0.01678846786924003,0.7397175104489074,0.29576767274670507,-1.2257427411720605,-0.17660144522133422,-0.6271839642659425,0.0,0.0,0.0,0.0,0.0,0.0,0.0,0.04399999976158142
679241.129117258,1220,0.022222222222222223,-0.19840236008167267,0.017750544473528862,0.7388103604316711,0.28949207067489624,-1.2355750799179077,-0.1835402399301529,-0.624539852142334,-0.20248790738912312,0.01678846786924003,0.7397175104489074,0.29576767274670507,-1.2257427411720605,-0.17663561568176372,-0.6270925653152027,0.0,0.0,0.0,0.0,0.0,0.0,0.0,0.04399999976158142
679241.151355702,1221,0.022222222222222223,-0.20084838569164276,0.01818285696208477,0.742865800857544,0.28985166549682617,-1.2295243740081787,-0.17989420890808105,-0.6283836364746094,-0.20203192468574618,0.01678846786924003,0.7397175104489074,0.29576767274670507,-1.2257427411720605,-0.17663561568176372,-0.6270925653152027,0.0,0.0,0.0,0.0,0.0,0.0,0.0,0.04399999976158142
679241.173533749,1222,0.022222222222222223,-0.20235024392604828,0.01792833022773266,0.7474204301834106,0.2894849181175232,-1.2236015796661377,-0.17844834923744202,-0.6282131671905518,-0.20171639826338447,0.01678846786924003,0.7397175104489074,0.29576767274670507,-1.2257427411720605,-0.17663561568176372,-0.6270925653152027,0.0,0.0,0.0,0.0,0.0,0.0,0.0,0.04399999976158142
679241.195770395,1223,0.022222222222222223,-0.20153681933879852,0.01707901619374752,0.7513929605484009,0.2880702018737793,-1.2192492485046387,-0.17953243851661682,-0.6244801878929138,-0.2016151665916858,0.01678846786924003,0.7397175104489074,0.29576767274670507,-1.2257427411720605,-0.17663561568176372,-0.6270925653152027,0.0,0.0,0.0,0.0,0.0,0.0,0.0,0.04399999976158142
679241.218049948,1224,0.022222222222222223,-0.20071078836917877,0.015066666528582573,0.7545239925384521,0.2871868908405304,-1.2159887552261353,-0.18336987495422363,-0.6190387606620789,-0.2016151665916858,0.01678846786924003,0.7402560178295934,0.2957571109421995,-1.2257427411720605,-0.17663561568176372,-0.6270925653152027,0.0,0.0,0.0,0.0,0.0,0.0,0.0,0.04399999976158142
679241.240310168,1225,0.022222222222222223,-0.19876329600811005,0.01486255694180727,0.7517252564430237,0.2861618101596832,-1.2187376022338867,-0.186846524477005,-0.6145027279853821,-0.2016151665916858,0.01678846786924003,0.7412920864641023,0.295665435867809,-1.2257427411720605,-0.17663561568176372,-0.6270925653152027,0.0,0.0,0.0,0.0,0.0,0.0,0.0,0.04399999976158142
679241.263294393,1226,0.022222222222222223,-0.19681580364704132,0.015146808698773384,0.7455906271934509,0.28597643971443176,-1.223663330078125,-0.18946391344070435,-0.6134614944458008,-0.2016151665916858,0.01678846786924003,0.7416089164748035,0.2954207273085584,-1.2257427411720605,-0.17663561568176372,-0.6270925653152027,0.0,0.0,0.0,0.0,0.0,0.0,0.0,0.04399999976158142
679241.284652825,1227,0.022222222222222223,-0.19571349024772644,0.014429585076868534,0.7421897053718567,0.28619256615638733,-1.2249683141708374,-0.18946512043476105,-0.617135226726532,-0.20157454540168146,0.01678846786924003,0.7418563268822875,0.29474903877593334,-1.2257427411720605,-0.17663561568176372,-0.6270925653152027,0.0,0.0,0.0,0.0,0.0,0.0,0.0,0.04399999976158142
679241.306887783,1228,0.022222222222222223,-0.195832759141922,0.01487853191792965,0.7398713827133179,0.28699854016304016,-1.2252899408340454,-0.1878030002117157,-0.6224705576896667,-0.20144150448530465,0.01678846786924003,0.7418563268822875,0.2944605830190461,-1.2257427411720605,-0.17663561568176372,-0.6270925653152027,0.0,0.0,0.0,0.0,0.0,0.0,0.0,0.04399999976158142
679241.329175887,1229,0.022222222222222223,-0.1964644193649292,0.01540403999388218,0.738231897354126,0.28779223561286926,-1.2254233360290527,-0.18700535595417023,-0.6242527961730957,-0.20122180688868307,0.01678846786924003,0.7418563268822875,0.2943091681002773,-1.2257427411720605,-0.17663561568176372,-0.6270925653152027,0.0,0.0,0.0,0.0,0.0,0.0,0.0,0.04399999976158142
679241.351388141,1230,0.022222222222222223,-0.19648662209510803,0.01632719486951828,0.7368886470794678,0.2882389426231384,-1.226090908050537,-0.1870959848165512,-0.6246036291122437,-0.20096315994406053,0.01678846786924003,0.7418563268822875,0.2942991156833033,-1.2257427411720605,-0.17663561568176372,-0.6270925653152027,0.0,0.0,0.0,0.0,0.0,0.0,0.0,0.04399999976158142
679241.373538047,1231,0.022222222222222223,-0.1977912336587906,0.016738807782530785,0.7356442213058472,0.2892094552516937,-1.2268633842468262,-0.18850797414779663,-0.622069239616394,-0.20070039994016278,0.01678846786924003,0.7418563268822875,0.2942991156833033,-1.2257427411720605,-0.17663561568176372,-0.6270925653152027,0.0,0.0,0.0,0.0,0.0,0.0,0.0,0.04399999976158142
679241.395790846,1232,0.022222222222222223,-0.19375479221343994,0.01666705310344696,0.7367779612541199,0.2877407968044281,-1.2259303331375122,-0.1890920102596283,-0.6218407154083252,-0.20047974015219863,0.01678846786924003,0.7418563268822875,0.2942991156833033,-1.2257427411720605,-0.17663561568176372,-0.6270925653152027,0.0,0.0,0.0,0.0,0.0,0.0,0.0,0.04399999976158142
679241.417971634,1233,0.022222222222222223,-0.18976068496704102,0.018965600058436394,0.7319918274879456,0.2866459786891937,-1.2303439378738403,-0.18798096477985382,-0.6255691051483154,-0.20022951473558984,0.01678846786924003,0.7418563268822875,0.2942991156833033,-1.2257427411720605,-0.17663561568176372,-0.6270925653152027,0.0,0.0,0.0,0.0,0.0,0.0,0.0,0.04399999976158142
679241.440406225,1234,0.022222222222222223,-0.18904903531074524,0.019779857248067856,0.7309249639511108,0.286629855632782,-1.230589747428894,-0.18650341033935547,-0.6302012801170349,-0.19978096255658256,0.01678846786924003,0.74166048044479,0.29429210445686527,-1.2257427411720605,-0.17663561568176372,-0.6270925653152027,0.0,0.0,0.0,0.0,0.0,0.0,0.0,0.04399999976158142
679241.462433166,1235,0.022222222222222223,-0.1907670795917511,0.020886722952127457,0.7301884889602661,0.28739917278289795,-1.2308473587036133,-0.18501555919647217,-0.6335147023200989,-0.19909470443237054,0.01678846786924003,0.7412972727183776,0.29427691719813903,-1.2257427411720605,-0.17663561568176372,-0.6270925653152027,0.0,0.0,0.0,0.0,0.0,0.0,0.0,0.04399999976158142
679241.484648121,1236,0.022222222222222223,-0.19297876954078674,0.021492429077625275,0.7295622229576111,0.2880978584289551,-1.231262445449829,-0.184769868850708,-0.6328826546669006,-0.19733615071849586,0.01681159867872186,0.7406217033337269,0.2942587994970112,-1.2257427411720605,-0.17663561568176372,-0.6270925653152027,0.0,0.0,0.0,0.0,0.0,0.0,0.0,0.04399999976158142
679241.506887305,1237,0.022222222222222223,-0.19440892338752747,0.02224644459784031,0.729503870010376,0.28828907012939453,-1.2320725917816162,-0.18626725673675537,-0.6287423372268677,-0.19652898749668543,0.016886814202132904,0.7401948724293204,0.2942587994970112,-1.2257427411720605,-0.17663561568176372,-0.6270925653152027,0.0,0.0,0.0,0.0,0.0,0.0,0.0,0.04399999976158142
679241.529136981,1238,0.022222222222222223,-0.19461311399936676,0.021578781306743622,0.7295966148376465,0.28774791955947876,-1.2325955629348755,-0.1886717677116394,-0.6225250363349915,-0.19591808865070925,0.01703105062530609,0.7398371572532747,0.2942587994970112,-1.2257427411720605,-0.17663561568176372,-0.6270925653152027,0.0,0.0,0.0,0.0,0.0,0.0,0.0,0.04399999976158142
679241.551353866,1239,0.022222222222222223,-0.19329936802387238,0.02085394412279129,0.7297640442848206,0.2873826324939728,-1.2328897714614868,-0.19052067399024963,-0.619310200214386,-0.1955245862518488,0.01722194294004975,0.7395655863018317,0.2942587994970112,-1.2257427411720605,-0.17663561568176372,-0.6270925653152027,0.0,0.0,0.0,0.0,0.0,0.0,0.0,0.04399999976158142
679241.573529985,1240,0.022222222222222223,-0.18924164772033691,0.020836934447288513,0.7295188307762146,0.2859870493412018,-1.23367178440094,-0.19280466437339783,-0.615073025226593,-0.19529043207708033,0.0174077308436271,0.7393781886709059,0.2942587994970112,-1.2257427411720605,-0.17663561568176372,-0.6270925653152027,0.0,0.0,0.0,0.0,0.0,0.0,0.0,0.04399999976158142
679241.595793903,1241,0.022222222222222223,-0.18592971563339233,0.019855115562677383,0.7308090925216675,0.28521063923835754,-1.2333269119262695,-0.1961054801940918,-0.6105324625968933,-0.1950616415402329,0.017564787255833728,0.739180929903542,0.29420224524878186,-1.2257427411720605,-0.1768037180473151,-0.6270925653152027,0.0,0.0,0.0,0.0,0.0,0.0,0.0,0.04399999976158142
679241.617977643,1242,0.022222222222222223,-0.18261778354644775,0.019497757777571678,0.7295366525650024,0.2840079665184021,-1.2355679273605347,-0.19939997792243958,-0.606166422367096,-0.19467732872095994,0.01766721831053348,0.7391808929253858,0.29402797614686116,-1.2257427411720605,-0.177277825132656,-0.6268972204697736,0.0,0.0,0.0,0.0,0.0,0.0,0.0,0.04399999976158142
679241.640259,1243,0.022222222222222223,-0.17930585145950317,0.019370293244719505,0.7275830507278442,0.28273725509643555,-1.2375524044036865,-0.20241668820381165,-0.6033399701118469,-0.1940354564309138,0.01769329673871312,0.7390267230327591,0.29368845005848737,-1.2257427411720605,-0.17805782645799248,-0.6263008550127845,0.0,0.0,0.0,0.0,0.0,0.0,0.0,0.04399999976158142
679241.662444389,1244,0.022222222222222223,-0.17787449061870575,0.01820320077240467,0.7285322546958923,0.28123927116394043,-1.2355294227600098,-0.2038910984992981,-0.604556143283844,-0.19306849785683428,0.01769329673871312,0.7385300636904536,0.2931569730218936,-1.2257427411720605,-0.17908827454268608,-0.6254252982822661,0.0,0.0,0.0,0.0,0.0,0.0,0.0,0.04399999976158142
679241.684653014,1245,0.022222222222222223,-0.17908136546611786,0.017459753900766373,0.7306550741195679,0.2806355357170105,-1.2318143844604492,-0.2044399231672287,-0.6081020832061768,-0.19037911514613212,0.01769329673871312,0.7379737138549038,0.2918663436423334,-1.2257427411720605,-0.18109940819456485,-0.6239152164095123,0.0,0.0,0.0,0.0,0.0,0.0,0.0,0.04399999976158142
679241.706886736,1246,0.022222222222222223,-0.183163583278656,0.016189785674214363,0.7340819835662842,0.2804040014743805,-1.226908802986145,-0.2040906846523285,-0.611539363861084,-0.18885037656711345,0.01769329673871312,0.7379737138549038,0.29111729302266903,-1.2257427411720605,-0.18208544025711615,-0.623654411804111,0.0,0.0,0.0,0.0,0.0,0.0,0.0,0.04399999976158142
679241.729110061,1247,0.022222222222222223,-0.18789705634117126,0.015117313712835312,0.7375077605247498,0.28045380115509033,-1.2220438718795776,-0.20367231965065002,-0.614066481590271,-0.1874537260950791,0.01769329673871312,0.7379737138549038,0.29038913661323296,-1.2257427411720605,-0.1829505718791496,-0.6236473220386932,0.0,0.0,0.0,0.0,0.0,0.0,0.0,0.04399999976158142
679241.751343033,1248,0.022222222222222223,-0.1912599503993988,0.013938404619693756,0.7413855791091919,0.27959099411964417,-1.2173019647598267,-0.20296096801757812,-0.6160171627998352,-0.18643146350968678,0.01769329673871312,0.7379737138549038,0.2897598892161212,-1.2257427411720605,-0.18367860928078428,-0.6236473220386932,0.0,0.0,0.0,0.0,0.0,0.0,0.0,0.04399999976158142
679241.773517629,1249,0.022222222222222223,-0.19466632604599,0.012734801508486271,0.7449607849121094,0.27936166524887085,-1.2126010656356812,-0.20189684629440308,-0.6190522313117981,-0.18593481603541737,0.017678751597812445,0.7379737138549038,0.28919131130424786,-1.2257427411720605,-0.18425795662893824,-0.6236473220386932,0.0,0.0,0.0,0.0,0.0,0.0,0.0,0.04399999976158142
679241.795796833,1250,0.022222222222222223,-0.19649550318717957,0.012194528244435787,0.747275710105896,0.2784198820590973,-1.2094285488128662,-0.19966256618499756,-0.6229750514030457,-0.18595717648854365,0.017610882611587025,0.7379737138549038,0.2886586692956264,-1.2257427411720605,-0.18466813865593654,-0.6236473220386932,0.0,0.0,0.0,0.0,0.0,0.0,0.0,0.04399999976158142
679241.817978919,1251,0.022222222222222223,-0.19767971336841583,0.012449421919882298,0.7485172748565674,0.2779800295829773,-1.2072477340698242,-0.19667239487171173,-0.6280026435852051,-0.18629255667571848,0.01746510550278193,0.7380631256682572,0.28812527799001303,-1.2257427411720605,-0.1848219212478454,-0.6236473220386932,0.0,0.0,0.0,0.0,0.0,0.0,0.0,0.04399999976158142
679241.840246519,1252,0.022222222222222223,-0.1993030309677124,0.01243453100323677,0.7503775954246521,0.2781997621059418,-1.2055246829986572,-0.19536152482032776,-0.629391074180603,-0.1869109262921202,0.017260118979899364,0.7383717078880988,0.2875761271957674,-1.2257427411720605,-0.1848240007318465,-0.6236473220386932,0.0,0.0,0.0,0.0,0.0,0.0,0.0,0.04399999976158142
679241.862444883,1253,0.022222222222222223,-0.20017081499099731,0.012237333692610264,0.7525094151496887,0.2785108685493469,-1.2039542198181152,-0.19595229625701904,-0.6287827491760254,-0.18778716598225526,0.017023694224299536,0.7389767398672482,0.28708812318909716,-1.2257427411720605,-0.1848240007318465,-0.6236473220386932,0.0,0.0,0.0,0.0,0.0,0.0,0.0,0.04399999976158142
679241.884642303,1254,0.022222222222222223,-0.19855818152427673,0.011368193663656712,0.7543224692344666,0.2782388925552368,-1.2030917406082153,-0.19628478586673737,-0.6293039917945862,-0.19005399404019585,0.01651924289930112,0.740273801462069,0.2864414538503448,-1.2257427411720605,-0.1848240007318465,-0.6236473220386932,0.0,0.0,0.0,0.0,0.0,0.0,0.0,0.04399999976158142
679241.906888247,1255,0.022222222222222223,-0.19712534546852112,0.011087034828960896,0.7554718852043152,0.27848634123802185,-1.2024654150009155,-0.19608455896377563,-0.6315562129020691,-0.19126872301204476,0.016247741095304063,0.741271713296275,0.28626030133560787,-1.2257427411720605,-0.1848240007318465,-0.6236473220386932,0.0,0.0,0.0,0.0,0.0,0.0,0.0,0.04399999976158142
679241.929118447,1256,0.022222222222222223,-0.19507887959480286,0.012081996537744999,0.7543759346008301,0.27827316522598267,-1.2046680450439453,-0.1960708349943161,-0.632510244846344,-0.19237134530037087,0.015949624313569263,0.7423007699048455,0.2861424908819165,-1.2257427411720605,-0.1848240007318465,-0.6236473220386932,0.0,0.0,0.0,0.0,0.0,0.0,0.0,0.04399999976158142
679241.951353716,1257,0.022222222222222223,-0.1930324137210846,0.013029538094997406,0.7528148293495178,0.2786761522293091,-1.2072173357009888,-0.19631895422935486,-0.6341655254364014,-0.1932531808222315,0.015663470433903662,0.7429281068900382,0.2860639652726864,-1.2257427411720605,-0.1848240007318465,-0.6236473220386932,0.0,0.0,0.0,0.0,0.0,0.0,0.0,0.04399999976158142
679241.973545504,1258,0.022222222222222223,-0.19203689694404602,0.01298989076167345,0.7527256608009338,0.2790778577327728,-1.2076210975646973,-0.19575509428977966,-0.6371399164199829,-0.19382656128275239,0.015445177286556757,0.7431361172565937,0.2860328171641488,-1.2257427411720605,-0.1848240007318465,-0.6236473220386932,0.0,0.0,0.0,0.0,0.0,0.0,0.0,0.04399999976158142
679241.995873094,1259,0.022222222222222223,-0.19249188899993896,0.013455929234623909,0.7526084184646606,0.27960267663002014,-1.207887053489685,-0.19498465955257416,-0.6401154398918152,-0.19406378065026259,0.015309423749012556,0.7432825190819955,0.2860328171641488,-1.2257427411720605,-0.1848240007318465,-0.6236473220386932,0.0,0.0,0.0,0.0,0.0,0.0,0.0,0.04399999976158142
679242.018061971,1260,0.022222222222222223,-0.19377656280994415,0.013451841659843922,0.7525752186775208,0.28029879927635193,-1.2081224918365479,-0.194978728890419,-0.6402166485786438,-0.19407552588682733,0.015255104556934684,0.7433783191447539,0.2860328171641488,-1.2257427411720605,-0.1848240007318465,-0.623834967114616,0.0,0.0,0.0,0.0,0.0,0.0,0.0,0.04399999976158142
679242.040261199,1261,0.022222222222222223,-0.1950986087322235,0.01348734088242054,0.752849280834198,0.2809945046901703,-1.2085700035095215,-0.1960359364748001,-0.6389166116714478,-0.19407552588682733,0.015253931102663376,0.7434490627875091,0.2860328171641488,-1.2257427411720605,-0.1848240007318465,-0.6240652355394268,0.0,0.0,0.0,0.0,0.0,0.0,0.0,0.04399999976158142
679242.062632353,1262,0.022222222222222223,-0.1947195827960968,0.01336487103253603,0.751066267490387,0.2812122106552124,-1.2106873989105225,-0.19640223681926727,-0.6379441022872925,-0.19407552588682733,0.015253931102663376,0.7436467570568391,0.2860328171641488,-1.2257427411720605,-0.1848240007318465,-0.6242228642760347,0.0,0.0,0.0,0.0,0.0,0.0,0.0,0.04399999976158142
679242.084639401,1263,0.022222222222222223,-0.1943405568599701,0.012985003180801868,0.7526565790176392,0.2816190719604492,-1.209568738937378,-0.19699761271476746,-0.6362099647521973,-0.19407552588682733,0.015253931102663376,0.7436467570568391,0.2860328171641488,-1.2257427411720605,-0.1848240007318465,-0.6242260469834341,0.0,0.0,0.0,0.0,0.0,0.0,0.0,0.04399999976158142
679242.10688916,1264,0.022222222222222223,-0.19396153092384338,0.011793379671871662,0.755735456943512,0.2814040780067444,-1.2070724964141846,-0.19875767827033997,-0.6316879391670227,-0.19407552588682733,0.015253931102663376,0.7436808848044428,0.2860328171641488,-1.2257427411720605,-0.1848240007318465,-0.6242260469834341,0.0,0.0,0.0,0.0,0.0,0.0,0.0,0.04399999976158142
679242.129107097,1265,0.022222222222222223,-0.1927521526813507,0.011275343596935272,0.7554928064346313,0.2813085913658142,-1.2073394060134888,-0.19982565939426422,-0.6299306154251099,-0.19407552588682733,0.015246745845806703,0.7442915726698193,0.2860328171641488,-1.2257427411720605,-0.1848240007318465,-0.6242260469834341,0.0,0.0,0.0,0.0,0.0,0.0,0.0,0.04399999976158142
679242.15134104,1266,0.022222222222222223,-0.19193953275680542,0.01107743289321661,0.7552956342697144,0.2812301218509674,-1.2073599100112915,-0.20136545598506927,-0.6277858018875122,-0.19407552588682733,0.015215132629626291,0.7447482976894336,0.2860328171641488,-1.2257427411720605,-0.18489595986512905,-0.6242260469834341,0.0,0.0,0.0,0.0,0.0,0.0,0.0,0.04399999976158142
679242.173517425,1267,0.022222222222222223,-0.19138894975185394,0.010593718849122524,0.755165159702301,0.2815445065498352,-1.20749032497406,-0.2030097246170044,-0.6265298128128052,-0.19407552588682733,0.015149814303638532,0.7450791689974435,0.2860328171641488,-1.2257427411720605,-0.18510935461668548,-0.6242260469834341,0.0,0.0,0.0,0.0,0.0,0.0,0.0,0.04399999976158142
679242.195773615,1268,0.022222222222222223,-0.1925048679113388,0.01018860749900341,0.755026638507843,0.2819668650627136,-1.2072455883026123,-0.2050236016511917,-0.6242974400520325,-0.19407552588682733,0.015044907316812375,0.7453211411845766,0.2860328171641488,-1.2257427411720605,-0.18547508688264436,-0.6242260469834341,0.0,0.0,0.0,0.0,0.0,0.0,0.0,0.04399999976158142
679242.217958337,1269,0.022222222222222223,-0.19221390783786774,0.00933364313095808,0.7549052238464355,0.2817438542842865,-1.207111120223999,-0.2063070386648178,-0.6233641505241394,-0.19407552588682733,0.014893460883590452,0.7454899858025329,0.2860328171641488,-1.2257427411720605,-0.18601016387900457,-0.6242260469834341,0.0,0.0,0.0,0.0,0.0,0.0,0.0,0.04399999976158142
679242.240339293,1270,0.022222222222222223,-0.19024869799613953,0.009031740017235279,0.7542532086372375,0.28104713559150696,-1.2069766521453857,-0.20375201106071472,-0.6288373470306396,-0.19407552588682733,0.014682679709058278,0.7456029744162168,0.2860328171641488,-1.2257427411720605,-0.1866455924468685,-0.6242260469834341,0.0,0.0,0.0,0.0,0.0,0.0,0.0,0.04399999976158142
679242.262488002,1271,0.022222222222222223,-0.19123823940753937,0.010370796546339989,0.7533652186393738,0.2816021144390106,-1.2068421840667725,-0.19994762539863586,-0.6355659365653992,-0.19405919791518336,0.014409466057266219,0.7456033390885279,0.2860328171641488,-1.2257427411720605,-0.18703581470602196,-0.6242260469834341,0.0,0.0,0.0,0.0,0.0,0.0,0.0,0.04399999976158142
679242.284653693,1272,0.022222222222222223,-0.19310471415519714,0.011213937774300575,0.7533147931098938,0.2822953164577484,-1.2070369720458984,-0.1974489688873291,-0.6383941173553467,-0.1939807473224005,0.01379331329782422,0.7456033390885279,0.2860328171641488,-1.2257427411720605,-0.18734276644533435,-0.6242260469834341,0.0,0.0,0.0,0.0,0.0,0.0,0.0,0.04399999976158142
679242.306897653,1273,0.022222222222222223,-0.1942504495382309,0.012051580473780632,0.7539160251617432,0.28282275795936584,-1.2075152397155762,-0.19762679934501648,-0.6368295550346375,-0.19397921925532197,0.01356863698878083,0.7456033390885279,0.2860328171641488,-1.2257427411720605,-0.18734276644533435,-0.6242260469834341,0.0,0.0,0.0,0.0,0.0,0.0,0.0,0.04399999976158142
679242.329142119,1274,0.022222222222222223,-0.19320803880691528,0.011329060420393944,0.7541878819465637,0.2825517952442169,-1.2079460620880127,-0.19857068359851837,-0.6342706084251404,-0.19397921925532197,0.013452687470167476,0.7456033390885279,0.2860328171641488,-1.2257427411720605,-0.18734276644533435,-0.6242260469834341,0.0,0.0,0.0,0.0,0.0,0.0,0.0,0.04399999976158142
679242.351354282,1275,0.022222222222222223,-0.19150792062282562,0.01107986643910408,0.7541511654853821,0.2827834188938141,-1.2082363367080688,-0.198805034160614,-0.6348440051078796,-0.19397921925532197,0.013426723157203916,0.7456033390885279,0.2860328171641488,-1.2257427411720605,-0.18734276644533435,-0.6242260469834341,0.0,0.0,0.0,0.0,0.0,0.0,0.0,0.04399999976158142
679242.373532024,1276,0.022222222222222223,-0.1904117465019226,0.011313792318105698,0.7540670037269592,0.2826874852180481,-1.2081702947616577,-0.19933398067951202,-0.6344712376594543,-0.19397921925532197,0.013426723157203916,0.7456033390885279,0.2860328171641488,-1.2257427411720605,-0.18734276644533435,-0.6242260469834341,0.0,0.0,0.0,0.0,0.0,0.0,0.0,0.04399999976158142
679242.395791198,1277,0.022222222222222223,-0.19137340784072876,0.011164538562297821,0.7539820075035095,0.2833910882472992,-1.208091139793396,-0.2003297060728073,-0.6336526870727539,-0.19396936978638843,0.013426723157203916,0.7456033390885279,0.2860328171641488,-1.2257427411720605,-0.18734276644533435,-0.6242260469834341,0.0,0.0,0.0,0.0,0.0,0.0,0.0,0.04399999976158142
679242.417960015,1278,0.022222222222222223,-0.19158636033535004,0.010311645455658436,0.7541133165359497,0.2835480868816376,-1.2085918188095093,-0.20135433971881866,-0.6320751905441284,-0.19396468227515712,0.013426723157203916,0.7456033390885279,0.2860328171641488,-1.2257427411720605,-0.18734276644533435,-0.6242260469834341,0.0,0.0,0.0,0.0,0.0,0.0,0.0,0.04399999976158142
679242.441664418,1279,0.022222222222222223,-0.19102437794208527,0.010090960189700127,0.7542456984519958,0.28341948986053467,-1.2090964317321777,-0.2018696516752243,-0.6322660446166992,-0.19396468227515712,0.013426723157203916,0.7456033390885279,0.2860328171641488,-1.2257427411720605,-0.18734276644533435,-0.6242260469834341,0.0,0.0,0.0,0.0,0.0,0.0,0.0,0.04399999976158142
679242.46247297,1280,0.022222222222222223,-0.1903102993965149,0.010132788680493832,0.7541334629058838,0.28302472829818726,-1.2090208530426025,-0.20124362409114838,-0.6340430974960327,-0.19396468227515712,0.013426723157203916,0.7456033390885279,0.2860328171641488,-1.2257427411720605,-0.18734276644533435,-0.6242260469834341,0.0,0.0,0.0,0.0,0.0,0.0,0.0,0.04399999976158142
679242.48465051,1281,0.022222222222222223,-0.19119739532470703,0.009998993948101997,0.7551646828651428,0.2834750711917877,-1.2077676057815552,-0.20122694969177246,-0.6349611282348633,-0.19395266185450136,0.013413147496817998,0.7456033390885279,0.2860328171641488,-1.2257427411720605,-0.18737906667246143,-0.6242260469834341,0.0,0.0,0.0,0.0,0.0,0.0,0.0,0.04399999976158142
679242.506889976,1282,0.022222222222222223,-0.19208449125289917,0.00945824570953846,0.755657434463501,0.28355297446250916,-1.2080695629119873,-0.20248635113239288,-0.6323882937431335,-0.19394342121052469,0.013397395895579808,0.745741823616832,0.2860328171641488,-1.2257427411720605,-0.18737906667246143,-0.6242260469834341,0.0,0.0,0.0,0.0,0.0,0.0,0.0,0.04399999976158142
679242.529096624,1283,0.022222222222222223,-0.19153745472431183,0.009567715227603912,0.7545164227485657,0.2831767201423645,-1.2098747491836548,-0.20304149389266968,-0.6316421031951904,-0.19394342121052469,0.013361102883237701,0.7459491449028265,0.2860328171641488,-1.2257427411720605,-0.18745972487403287,-0.6242260469834341,0.0,0.0,0.0,0.0,0.0,0.0,0.0,0.04399999976158142
679242.551338435,1284,0.022222222222222223,-0.19038765132427216,0.00933705922216177,0.7534286379814148,0.28312408924102783,-1.2112433910369873,-0.20306651294231415,-0.6318925619125366,-0.19394342121052469,0.01330154607214662,0.7459501252612056,0.2860328171641488,-1.2257427411720605,-0.18760249277575275,-0.6242260469834341,0.0,0.0,0.0,0.0,0.0,0.0,0.0,0.04399999976158142
679242.573575696,1285,0.022222222222222223,-0.18936656415462494,0.009491834789514542,0.7524651885032654,0.28351548314094543,-1.2124618291854858,-0.20234979689121246,-0.6339559555053711,-0.19393386407070137,0.013223238967484023,0.7459501252612056,0.2860328171641488,-1.2257427411720605,-0.1877466932524575,-0.6242260469834341,0.0,0.0,0.0,0.0,0.0,0.0,0.0,0.04399999976158142
679242.595901523,1286,0.022222222222222223,-0.18726731836795807,0.009697796776890755,0.7515435218811035,0.28352025151252747,-1.2134777307510376,-0.20127137005329132,-0.6360520124435425,-0.1938835351759518,0.013132857937723667,0.7459501252612056,0.2860328171641488,-1.2257427411720605,-0.18781720783989286,-0.6242260469834341,0.0,0.0,0.0,0.0,0.0,0.0,0.0,0.04399999976158142
679242.618285183,1287,0.022222222222222223,-0.18598578870296478,0.010100726038217545,0.7520001530647278,0.2842002511024475,-1.21357262134552,-0.20139777660369873,-0.6364279389381409,-0.1937292863480317,0.013045778836836707,0.7459501252612056,0.2860328171641488,-1.2257427411720605,-0.18781941857484294,-0.6242260469834341,0.0,0.0,0.0,0.0,0.0,0.0,0.0,0.04399999976158142
679242.640333451,1288,0.022222222222222223,-0.1847042739391327,0.010108140297234058,0.7513012886047363,0.28428915143013,-1.2145822048187256,-0.20179450511932373,-0.6354377269744873,-0.19342388569807079,0.012979859085627394,0.7459501252612056,0.2860328171641488,-1.2257427411720605,-0.18781941857484294,-0.6242260469834341,0.0,0.0,0.0,0.0,0.0,0.0,0.0,0.04399999976158142
679242.664117238,1289,0.022222222222222223,-0.1834227442741394,0.009991609491407871,0.7521623373031616,0.2839110195636749,-1.2139289379119873,-0.20132052898406982,-0.6367195248603821,-0.19295522235190252,0.012942393375529096,0.7459501252612056,0.2860328171641488,-1.2257427411720605,-0.18781941857484294,-0.6242260469834341,0.0,0.0,0.0,0.0,0.0,0.0,0.0,0.04399999976158142
679242.684692141,1290,0.022222222222222223,-0.18233439326286316,0.00949913077056408,0.7554740905761719,0.2831590175628662,-1.2109880447387695,-0.2010543793439865,-0.6376804113388062,-0.1916440185958299,0.012928655377688005,0.7459501252612056,0.2860328171641488,-1.2257427411720605,-0.18781941857484294,-0.6242260469834341,0.0,0.0,0.0,0.0,0.0,0.0,0.0,0.04399999976158142
679242.706913506,1291,0.022222222222222223,-0.18175283074378967,0.008888699114322662,0.7588547468185425,0.2830093204975128,-1.2076961994171143,-0.20126858353614807,-0.6391565203666687,-0.19082880484342857,0.012922245935503177,0.7460815371845584,0.2860328171641488,-1.2257427411720605,-0.18781941857484294,-0.6242260469834341,0.0,0.0,0.0,0.0,0.0,0.0,0.0,0.04399999976158142
679242.729247338,1292,0.022222222222222223,-0.18101389706134796,0.008341900072991848,0.7616961598396301,0.2824435830116272,-1.2052245140075684,-0.20138409733772278,-0.6402665376663208,-0.18993110573278654,0.012890337169474552,0.746829469912236,0.2860328171641488,-1.2257427411720605,-0.18781941857484294,-0.6242849805808215,0.0,0.0,0.0,0.0,0.0,0.0,0.0,0.04399999976158142
679242.751374454,1293,0.022222222222222223,-0.1802178919315338,0.007903638295829296,0.7640020251274109,0.28230419754981995,-1.2030888795852661,-0.20170551538467407,-0.6418491005897522,-0.1889799147122472,0.012813181333436906,0.7479815253157407,0.2860328171641488,-1.2257427411720605,-0.18781941857484294,-0.6244475562437407,0.0,0.0,0.0,0.0,0.0,0.0,0.0,0.04399999976158142
679242.773557677,1294,0.022222222222222223,-0.17908324301242828,0.007499589119106531,0.7660229206085205,0.2816106379032135,-1.2014151811599731,-0.20160651206970215,-0.643837034702301,-0.18799549505879076,0.012681591106605796,0.7493570351529297,0.2860328171641488,-1.2257427411720605,-0.18781941857484294,-0.6247522984367158,0.0,0.0,0.0,0.0,0.0,0.0,0.0,0.04399999976158142
679242.795805075,1295,0.022222222222222223,-0.17880700528621674,0.0068647186271846294,0.7688470482826233,0.28147634863853455,-1.1984710693359375,-0.2015785574913025,-0.646764874458313,-0.18698549499336303,0.012494147636182163,0.7508574902833529,0.2860328171641488,-1.2257427411720605,-0.18781941857484294,-0.6252294080931485,0.0,0.0,0.0,0.0,0.0,0.0,0.0,0.04399999976158142
679242.818938751,1296,0.022222222222222223,-0.17853078246116638,0.006431138142943382,0.7711835503578186,0.28084293007850647,-1.1963176727294922,-0.2016623318195343,-0.6485045552253723,-0.18597119584607363,0.012247317248116282,0.7526099874715921,0.2860328171641488,-1.2256729846122743,-0.18781941857484294,-0.6259489489688511,0.0,0.0,0.0,0.0,0.0,0.0,0.0,0.04399999976158142
679242.840309088,1297,0.022222222222222223,-0.17819872498512268,0.006324739195406437,0.7727572917938232,0.2804456651210785,-1.1947764158248901,-0.20184242725372314,-0.650513768196106,-0.18498792165563588,0.01194115923672561,0.7544762451574266,0.2860328171641488,-1.2253863764969293,-0.18781941857484294,-0.626808214536955,0.0,0.0,0.0,0.0,0.0,0.0,0.0,0.04399999976158142
679242.862533828,1298,0.022222222222222223,-0.17828373610973358,0.006030831020325422,0.7746515274047852,0.27991941571235657,-1.1931623220443726,-0.20203854143619537,-0.6521593928337097,-0.18406036281317917,0.01159101769762676,0.7562885834589907,0.2860328171641488,-1.2249649424442972,-0.18781941857484294,-0.6277861715651142,0.0,0.0,0.0,0.0,0.0,0.0,0.0,0.04399999976158142
679242.884740732,1299,0.022222222222222223,-0.17916269600391388,0.005706658586859703,0.7762775421142578,0.2800213694572449,-1.1915826797485352,-0.2025148570537567,-0.6540367007255554,-0.1824676928884461,0.010844388745071798,0.7593020183761298,0.2860328171641488,-1.224076533169381,-0.18782693007760132,-0.6296680405864206,0.0,0.0,0.0,0.0,0.0,0.0,0.0,0.04399999976158142
679242.907034259,1300,0.022222222222222223,-0.17945368587970734,0.005506996065378189,0.7774617075920105,0.2794676125049591,-1.1907095909118652,-0.20261335372924805,-0.655748724937439,-0.18186229701000511,0.010466666164197693,0.7608632035423804,0.2860328171641488,-1.2234553635761076,-0.1878751960275648,-0.63072131079388,0.0,0.0,0.0,0.0,0.0,0.0,0.0,0.04399999976158142
679242.929168371,1301,0.022222222222222223,-0.18011705577373505,0.005166040267795324,0.7791255712509155,0.2793813645839691,-1.1890522241592407,-0.20269952714443207,-0.657870352268219,-0.1814198072081976,0.010093399972313864,0.7623532475917026,0.2860328171641488,-1.2228054708589793,-0.18793862132668487,-0.6318500423309342,0.0,0.0,0.0,0.0,0.0,0.0,0.0,0.04399999976158142
679242.951367374,1302,0.022222222222222223,-0.18079398572444916,0.004892382305115461,0.7807561159133911,0.27892646193504333,-1.1878000497817993,-0.20307466387748718,-0.6586374640464783,-0.18114774157847055,0.00972816633757607,0.7638752513327518,0.2860328171641488,-1.2220509242237731,-0.18800508768763102,-0.6330764418644282,0.0,0.0,0.0,0.0,0.0,0.0,0.0,0.04399999976158142
679242.973560509,1303,0.022222222222222223,-0.18100939691066742,0.004615653771907091,0.7819204926490784,0.278780072927475,-1.186865210533142,-0.20354968309402466,-0.6598222851753235,-0.18105240233564873,0.009372005730667175,0.7654182239651812,0.2860328171641488,-1.2212424423982615,-0.18809750887206483,-0.6342864106311713,0.0,0.0,0.0,0.0,0.0,0.0,0.0,0.04399999976158142
679242.995782092,1304,0.022222222222222223,-0.18051931262016296,0.004546332638710737,0.7826098799705505,0.278011679649353,-1.1866391897201538,-0.20342229306697845,-0.6616591215133667,-0.18105208111839588,0.00902668372752578,0.7668898263663376,0.2860328171641488,-1.2204196585202103,-0.18822869836495182,-0.6354839551366492,0.0,0.0,0.0,0.0,0.0,0.0,0.0,0.04399999976158142
679243.018133737,1305,0.022222222222222223,-0.18037348985671997,0.004295530263334513,0.7835884690284729,0.2779580354690552,-1.1860495805740356,-0.20324064791202545,-0.6643774509429932,-0.18105208111839588,0.008698190426718266,0.7682124872548199,0.28599633379106987,-1.2196581736982661,-0.18834758066652835,-0.6367345021998096,0.0,0.0,0.0,0.0,0.0,0.0,0.0,0.04399999976158142
679243.04029168,1306,0.022222222222222223,-0.18013843894004822,0.0041298214346170425,0.7834571003913879,0.27806174755096436,-1.1871960163116455,-0.2033221572637558,-0.6656744480133057,-0.18105208111839588,0.008390353693646605,0.7694681192899164,0.2859197287966464,-1.2189159504133031,-0.18843561994415306,-0.6381221340473531,0.0,0.0,0.0,0.0,0.0,0.0,0.0,0.04399999976158142
679243.062503962,1307,0.022222222222222223,-0.17990337312221527,0.00432003615424037,0.7833966016769409,0.27847573161125183,-1.188202977180481,-0.20329196751117706,-0.6671009063720703,-0.18105208111839588,0.008103397865377707,0.7704604664153709,0.285842128238535,-1.2183691642029253,-0.18851606133391444,-0.6395347577216682,0.0,0.0,0.0,0.0,0.0,0.0,0.0,0.04399999976158142
679243.084668854,1308,0.022222222222222223,-0.17966832220554352,0.004286724608391523,0.7831078767776489,0.2786876857280731,-1.189250111579895,-0.20354394614696503,-0.6675087809562683,-0.18105208111839588,0.007618843472494281,0.7718973176423124,0.285764382601127,-1.2175535623231315,-0.18865295929609316,-0.6420990019480356,0.0,0.0,0.0,0.0,0.0,0.0,0.0,0.04399999976158142
679243.106900808,1309,0.022222222222222223,-0.17943325638771057,0.004458545241504908,0.7833758592605591,0.27861860394477844,-1.1897200345993042,-0.2036769986152649,-0.6684374809265137,-0.18105208111839588,0.007437890646064386,0.7723559755684751,0.285764382601127,-1.217369479162678,-0.18872929053345086,-0.6433018365056034,0.0,0.0,0.0,0.0,0.0,0.0,0.0,0.04399999976158142
679243.12920464,1310,0.022222222222222223,-0.17919820547103882,0.004377967678010464,0.7832939624786377,0.27871009707450867,-1.1903209686279297,-0.2037293165922165,-0.6688323020935059,-0.18105208111839588,0.0073022275340410584,0.7727762828460859,0.285764382601127,-1.2172564066685914,-0.18881473522393485,-0.6444624890045185,0.0,0.0,0.0,0.0,0.0,0.0,0.0,0.04399999976158142
679243.152040592,1311,0.022222222222222223,-0.17896313965320587,0.004692265763878822,0.7828724980354309,0.27920228242874146,-1.1912728548049927,-0.20366297662258148,-0.6695723533630371,-0.18105208111839588,0.007209874954026386,0.7731011020376942,0.285764382601127,-1.2172187055599986,-0.18889878010149858,-0.64555302978304,0.0,0.0,0.0,0.0,0.0,0.0,0.0,0.04399999976158142
679243.173605749,1312,0.022222222222222223,-0.17872808873653412,0.004818909801542759,0.7815531492233276,0.2795864939689636,-1.192854642868042,-0.20367377996444702,-0.6697355508804321,-0.18105208111839588,0.007161689735062305,0.773283476105502,0.285764382601127,-1.2172187055599986,-0.1889696589566259,-0.6465972272599207,0.0,0.0,0.0,0.0,0.0,0.0,0.0,0.04399999976158142
679243.195831015,1313,0.022222222222222223,-0.17849302291870117,0.004993680398911238,0.7811508178710938,0.27978163957595825,-1.1936020851135254,-0.20359724760055542,-0.6705519556999207,-0.18105208111839588,0.007155323878977999,0.773283476105502,0.285764382601127,-1.2172187055599986,-0.18903205442902785,-0.6475599638226281,0.0,0.0,0.0,0.0,0.0,0.0,0.0,0.04399999976158142
679243.217983434,1314,0.022222222222222223,-0.17825797200202942,0.00503764720633626,0.780592143535614,0.2798546254634857,-1.1943904161453247,-0.20365191996097565,-0.6704966425895691,-0.18105208111839588,0.007155323878977999,0.773283476105502,0.285764382601127,-1.2172187055599986,-0.18908159973252503,-0.6484908930426087,0.0,0.0,0.0,0.0,0.0,0.0,0.0,0.04399999976158142
679243.240277052,1315,0.022222222222222223,-0.17802290618419647,0.005182286258786917,0.7807981371879578,0.27973830699920654,-1.1945369243621826,-0.20354057848453522,-0.6710411906242371,-0.18105208111839588,0.007155323878977999,0.773283476105502,0.285764382601127,-1.2172187055599986,-0.18912830179154358,-0.649336104675845,0.0,0.0,0.0,0.0,0.0,0.0,0.0,0.04399999976158142
679243.26251442,1316,0.022222222222222223,-0.17778785526752472,0.005103636533021927,0.7809173464775085,0.27973473072052,-1.1946526765823364,-0.2034621238708496,-0.6710123419761658,-0.18105208111839588,0.007155323878977999,0.773283476105502,0.285764382601127,-1.2172187055599986,-0.1891621124333554,-0.6501342280696615,0.0,0.0,0.0,0.0,0.0,0.0,0.0,0.04399999976158142
679243.284897174,1317,0.022222222222222223,-0.17755278944969177,0.0050864373333752155,0.7815076112747192,0.28013691306114197,-1.194665789604187,-0.2032669186592102,-0.6713714003562927,-0.18104980653654765,0.007155323878977999,0.773283476105502,0.285764382601127,-1.2172187055599986,-0.18920722973679113,-0.6515028902970398,0.0,0.0,0.0,0.0,0.0,0.0,0.0,0.04399999976158142
679243.308069774,1318,0.022222222222222223,-0.17731773853302002,0.004984620958566666,0.7820336818695068,0.28021976351737976,-1.1952027082443237,-0.20315143465995789,-0.6711083650588989,-0.18103802696323876,0.007155323878977999,0.773283476105502,0.285764382601127,-1.2172187055599986,-0.18920873595005783,-0.6521062983802425,0.0,0.0,0.0,0.0,0.0,0.0,0.0,0.04399999976158142
679243.329140363,1319,0.022222222222222223,-0.17708267271518707,0.005240065976977348,0.7832100987434387,0.2797475755214691,-1.1950311660766602,-0.20275340974330902,-0.671675443649292,-0.18100844054065804,0.007155323878977999,0.773283476105502,0.285764382601127,-1.2172187055599986,-0.18920873595005783,-0.6526309219086427,0.0,0.0,0.0,0.0,0.0,0.0,0.0,0.04399999976158142
679243.352083873,1320,0.022222222222222223,-0.17742696404457092,0.00527904462069273,0.7849847078323364,0.27922284603118896,-1.1942551136016846,-0.20177601277828217,-0.6727589964866638,-0.18095540652312275,0.007155323878977999,0.7734910772579034,0.285764382601127,-1.2172187055599986,-0.18920873595005783,-0.6531398577319395,0.0,0.0,0.0,0.0,0.0,0.0,0.0,0.04399999976158142
679243.37363933,1321,0.022222222222222223,-0.17946147918701172,0.006248507648706436,0.7861393094062805,0.27944961190223694,-1.1935678720474243,-0.2004181444644928,-0.6746141314506531,-0.1808900924659172,0.007155323878977999,0.7739978854412943,0.285764382601127,-1.2172187055599986,-0.18920873595005783,-0.6536979281058026,0.0,0.0,0.0,0.0,0.0,0.0,0.0,0.04399999976158142
679243.395862977,1322,0.022222222222222223,-0.1813526749610901,0.006330225151032209,0.7872866988182068,0.2795751988887787,-1.193566083908081,-0.19969825446605682,-0.6742703914642334,-0.18087042234987202,0.007155323878977999,0.7746311202236003,0.285764382601127,-1.2172187055599986,-0.18920873595005783,-0.6543773472380924,0.0,0.0,0.0,0.0,0.0,0.0,0.0,0.04399999976158142
679243.418016331,1323,0.022222222222222223,-0.1831686645746231,0.006076439283788204,0.7882894277572632,0.2801300883293152,-1.1936205625534058,-0.1994878351688385,-0.6734234094619751,-0.18087042234987202,0.007155323878977999,0.7753632260958955,0.285764382601127,-1.2172187055599986,-0.18920873595005783,-0.6549999092601072,0.0,0.0,0.0,0.0,0.0,0.0,0.0,0.04399999976158142
679243.440247187,1324,0.022222222222222223,-0.1847590208053589,0.006076313089579344,0.7867913246154785,0.28056830167770386,-1.1958776712417603,-0.1994716227054596,-0.6715179085731506,-0.18087042234987202,0.007155323878977999,0.7761478005196456,0.285764382601127,-1.2172187055599986,-0.18920873595005783,-0.6554765676960161,0.0,0.0,0.0,0.0,0.0,0.0,0.0,0.04399999976158142
679243.462480256,1325,0.022222222222222223,-0.18634937703609467,0.006796770263463259,0.7846012711524963,0.2808312773704529,-1.198771357536316,-0.1995200216770172,-0.6700300574302673,-0.1808882933053013,0.007155323878977999,0.7765011188227542,0.285764382601127,-1.2172187055599986,-0.18920873595005783,-0.6557212461010481,0.0,0.0,0.0,0.0,0.0,0.0,0.0,0.04399999976158142
679243.484646081,1326,0.022222222222222223,-0.18972593545913696,0.006547804456204176,0.7836337089538574,0.28196555376052856,-1.2001725435256958,-0.20040954649448395,-0.6672730445861816,-0.18104093723903833,0.007155323878977999,0.7767819559291458,0.285764382601127,-1.2172187055599986,-0.18920873595005783,-0.6559222214992811,0.0,0.0,0.0,0.0,0.0,0.0,0.0,0.04399999976158142
679243.506886602,1327,0.022222222222222223,-0.19252099096775055,0.0062536438927054405,0.7830557823181152,0.2827630043029785,-1.2016390562057495,-0.2017316371202469,-0.6635096073150635,-0.18130751942745205,0.007155323878977999,0.7767819559291458,0.285764382601127,-1.2172187055599986,-0.18920873595005783,-0.6559222214992811,0.0,0.0,0.0,0.0,0.0,0.0,0.0,0.04399999976158142
679243.529091888,1328,0.022222222222222223,-0.1931760013103485,0.005342943128198385,0.7826077938079834,0.2829913794994354,-1.20291006565094,-0.20311056077480316,-0.658940851688385,-0.18182939495828643,0.007155323878977999,0.7767819559291458,0.285764382601127,-1.2172187055599986,-0.18920873595005783,-0.6559222214992811,0.0,0.0,0.0,0.0,0.0,0.0,0.0,0.04399999976158142
679243.551463804,1329,0.022222222222222223,-0.19319243729114532,0.004676716402173042,0.7823209762573242,0.2834872305393219,-1.2040024995803833,-0.20391380786895752,-0.6562796831130981,-0.18260264929389203,0.007155323878977999,0.7767819559291458,0.285764382601127,-1.2172187055599986,-0.18920873595005783,-0.6559222214992811,0.0,0.0,0.0,0.0,0.0,0.0,0.0,0.04399999976158142
679243.57362159,1330,0.022222222222222223,-0.1945604383945465,0.004465059842914343,0.7820879817008972,0.2841291129589081,-1.20485520362854,-0.2054758071899414,-0.6518077850341797,-0.18355035717431453,0.007155323878977999,0.7767819559291458,0.285764382601127,-1.2172187055599986,-0.18925626896400036,-0.6559222214992811,0.0,0.0,0.0,0.0,0.0,0.0,0.0,0.04399999976158142
679243.595890075,1331,0.022222222222222223,-0.19462105631828308,0.003913960885256529,0.7819788455963135,0.2838950455188751,-1.205849051475525,-0.20680488646030426,-0.6478214859962463,-0.1846244125797852,0.007155323878977999,0.7767819559291458,0.285764382601127,-1.2172187055599986,-0.189442102820609,-0.6559222214992811,0.0,0.0,0.0,0.0,0.0,0.0,0.0,0.04399999976158142
679243.618309954,1332,0.022222222222222223,-0.19080550968647003,0.004887873772531748,0.7763742208480835,0.28330549597740173,-1.21040940284729,-0.20275887846946716,-0.6522478461265564,-0.1857779698063467,0.0071536193508997216,0.7767819559291458,0.285764382601127,-1.2172187055599986,-0.18975769113351884,-0.6559222214992811,0.0,0.0,0.0,0.0,0.0,0.0,0.0,0.04399999976158142
679243.640330236,1333,0.022222222222222223,-0.18910253047943115,0.007577821146696806,0.7705661654472351,0.28551462292671204,-1.2145711183547974,-0.1983560025691986,-0.6565724015235901,-0.1868457594981381,0.007153563658844326,0.7767819559291458,0.285764382601127,-1.2172187055599986,-0.1897970294144031,-0.6559222214992811,0.0,0.0,0.0,0.0,0.0,0.0,0.0,0.04399999976158142
679243.662527474,1334,0.022222222222222223,-0.1874569058418274,0.009030438959598541,0.7683796882629395,0.2869096100330353,-1.215922474861145,-0.19651684165000916,-0.654627799987793,-0.18767203627049633,0.007153563658844326,0.7767819559291458,0.285764382601127,-1.2172187055599986,-0.1897970294144031,-0.6559222214992811,0.0,0.0,0.0,0.0,0.0,0.0,0.0,0.04399999976158142
679243.68468316,1335,0.022222222222222223,-0.1859833002090454,0.009935734793543816,0.7666839957237244,0.28789883852005005,-1.2170886993408203,-0.19545920193195343,-0.6531073451042175,-0.18852495915453013,0.007153563658844326,0.7767819559291458,0.285764382601127,-1.2172187055599986,-0.1897970294144031,-0.6559222214992811,0.0,0.0,0.0,0.0,0.0,0.0,0.0,0.04399999976158142
679243.706910652,1336,0.022222222222222223,-0.1846073716878891,0.010154892690479755,0.7644396424293518,0.28861522674560547,-1.218448281288147,-0.19433310627937317,-0.6523315906524658,-0.1885586821121167,0.007153563658844326,0.7765419349586286,0.285764382601127,-1.2172187055599986,-0.1897970294144031,-0.6559222214992811,0.0,0.0,0.0,0.0,0.0,0.0,0.0,0.04399999976158142
679243.731432321,1337,0.022222222222222223,-0.1835244745016098,0.010270675644278526,0.7636911273002625,0.28923195600509644,-1.2184851169586182,-0.1931912899017334,-0.6529781222343445,-0.18853924465731633,0.007153563658844326,0.7759195358994921,0.285764382601127,-1.2172187055599986,-0.1897970294144031,-0.6559222214992811,0.0,0.0,0.0,0.0,0.0,0.0,0.0,0.04399999976158142
679243.751474781,1338,0.022222222222222223,-0.1824415773153305,0.010397267527878284,0.7626981139183044,0.289539635181427,-1.2189624309539795,-0.1928836703300476,-0.6515815854072571,-0.18846170952654928,0.007153563658844326,0.775268343456854,0.285764382601127,-1.2172187055599986,-0.1897970294144031,-0.6559222214992811,0.0,0.0,0.0,0.0,0.0,0.0,0.0,0.04399999976158142
679243.773639435,1339,0.022222222222222223,-0.1813586801290512,0.010395640507340431,0.7629737257957458,0.2893655300140381,-1.218674659729004,-0.19287168979644775,-0.6504500508308411,-0.18829207147430488,0.007155326719675806,0.7745521771770826,0.285764382601127,-1.2172187055599986,-0.1897970294144031,-0.6559222214992811,0.0,0.0,0.0,0.0,0.0,0.0,0.0,0.04399999976158142
679243.796501599,1340,0.022222222222222223,-0.18038833141326904,0.009998969733715057,0.7641950845718384,0.28892409801483154,-1.2177138328552246,-0.19280053675174713,-0.6496086716651917,-0.18800811821724436,0.007159864655685271,0.7740228297222586,0.285764382601127,-1.2172187055599986,-0.1897970294144031,-0.6559222214992811,0.0,0.0,0.0,0.0,0.0,0.0,0.0,0.04399999976158142
679243.819112052,1341,0.022222222222222223,-0.17975559830665588,0.009989861398935318,0.7658389210700989,0.28862157464027405,-1.2160571813583374,-0.1923750936985016,-0.6500556468963623,-0.1876006742189677,0.007160619467251572,0.7738271907962969,0.285764382601127,-1.2172187055599986,-0.1897970294144031,-0.6559222214992811,0.0,0.0,0.0,0.0,0.0,0.0,0.0,0.04399999976158142
679243.844120427,1342,0.022222222222222223,-0.18015916645526886,0.009350299835205078,0.7683358192443848,0.2880403399467468,-1.2139049768447876,-0.19215348362922668,-0.6498685479164124,-0.18707920402779996,0.007160619467251572,0.7738271907962969,0.285764382601127,-1.2172187055599986,-0.1897970294144031,-0.6559222214992811,0.0,0.0,0.0,0.0,0.0,0.0,0.0,0.04399999976158142
679243.862521352,1343,0.022222222222222223,-0.18260557949543,0.009174472652375698,0.770384669303894,0.28809916973114014,-1.2118710279464722,-0.1922527551651001,-0.6501065492630005,-0.18647949078307235,0.007160619467251572,0.7738271907962969,0.285764382601127,-1.2172187055599986,-0.1897970294144031,-0.6559222214992811,0.0,0.0,0.0,0.0,0.0,0.0,0.0,0.04399999976158142
679243.884675986,1344,0.022222222222222223,-0.18476234376430511,0.008687878958880901,0.7710453867912292,0.28816333413124084,-1.2118875980377197,-0.19239678978919983,-0.648924708366394,-0.18531505902949857,0.007160619467251572,0.7738271907962969,0.285764382601127,-1.2172187055599986,-0.1897970294144031,-0.6559222214992811,0.0,0.0,0.0,0.0,0.0,0.0,0.0,0.04399999976158142
679243.906929474,1345,0.022222222222222223,-0.18678238987922668,0.008796051144599915,0.7701858282089233,0.2886372208595276,-1.2133291959762573,-0.1926986277103424,-0.6479194164276123,-0.18496831545582987,0.007160619467251572,0.7738271907962969,0.285764382601127,-1.2172187055599986,-0.1897970294144031,-0.6559222214992811,0.0,0.0,0.0,0.0,0.0,0.0,0.0,0.04399999976158142
679243.929174573,1346,0.022222222222222223,-0.189453125,0.0082739582285285,0.769476592540741,0.28958094120025635,-1.2144355773925781,-0.1937115490436554,-0.6454281806945801,-0.18488057027849625,0.007160619467251572,0.7738271907962969,0.285764382601127,-1.2172187055599986,-0.1897970294144031,-0.6559222214992811,0.0,0.0,0.0,0.0,0.0,0.0,0.0,0.04399999976158142
679243.951394488,1347,0.022222222222222223,-0.19111832976341248,0.008112968876957893,0.7690343856811523,0.28998008370399475,-1.2156068086624146,-0.19476190209388733,-0.6430539488792419,-0.18491552596403552,0.007160619467251572,0.7738271907962969,0.285764382601127,-1.2172187055599986,-0.1897970294144031,-0.6559222214992811,0.0,0.0,0.0,0.0,0.0,0.0,0.0,0.04399999976158142
679243.973574523,1348,0.022222222222222223,-0.19090308248996735,0.008122555911540985,0.7686508893966675,0.28925806283950806,-1.216174602508545,-0.19478660821914673,-0.6422209143638611,-0.18504791241108698,0.007160619467251572,0.7738271907962969,0.285764382601127,-1.2172187055599986,-0.1897970294144031,-0.6559222214992811,0.0,0.0,0.0,0.0,0.0,0.0,0.0,0.04399999976158142
679243.995885967,1349,0.022222222222222223,-0.19137632846832275,0.008065380156040192,0.7683670520782471,0.28939855098724365,-1.216593623161316,-0.19469577074050903,-0.6429395079612732,-0.18528064983749198,0.007160619467251572,0.7738271907962969,0.285764382601127,-1.2172187055599986,-0.1897970294144031,-0.6559222214992811,0.0,0.0,0.0,0.0,0.0,0.0,0.0,0.04399999976158142
679244.018134878,1350,0.022222222222222223,-0.1911408007144928,0.0080833425745368,0.7664027810096741,0.2894394099712372,-1.2183890342712402,-0.19423064589500427,-0.6434265375137329,-0.1855879289734519,0.007160619467251572,0.7738271907962969,0.285764382601127,-1.2172187055599986,-0.1897970294144031,-0.6559222214992811,0.0,0.0,0.0,0.0,0.0,0.0,0.0,0.04399999976158142
679244.040305365,1351,0.022222222222222223,-0.19090527296066284,0.008663044311106205,0.7648898363113403,0.2899949848651886,-1.2201091051101685,-0.1943117380142212,-0.6427334547042847,-0.18594332734966565,0.007160619467251572,0.7738271907962969,0.285764382601127,-1.2172187055599986,-0.1897970294144031,-0.6559222214992811,0.0,0.0,0.0,0.0,0.0,0.0,0.0,0.04399999976158142
679244.064790537,1352,0.022222222222222223,-0.1912277638912201,0.008238694630563259,0.7647920250892639,0.29055461287498474,-1.2205408811569214,-0.1959252655506134,-0.6389286518096924,-0.1863087051429546,0.007160619467251572,0.7738067750583862,0.285764382601127,-1.2172187055599986,-0.1897970294144031,-0.6559222214992811,0.0,0.0,0.0,0.0,0.0,0.0,0.0,0.04399999976158142
679244.084706908,1353,0.022222222222222223,-0.19112789630889893,0.007929086685180664,0.7650840282440186,0.29066720604896545,-1.2209372520446777,-0.1979665905237198,-0.6348764896392822,-0.18699134837365133,0.007160619467251572,0.7737578637602119,0.285764382601127,-1.2172187055599986,-0.1897970294144031,-0.6556905924699189,0.0,0.0,0.0,0.0,0.0,0.0,0.0,0.04399999976158142
679244.106926502,1354,0.022222222222222223,-0.1903305947780609,0.007415525149554014,0.765302300453186,0.2899283170700073,-1.2208274602890015,-0.19992861151695251,-0.6307147741317749,-0.1872968000883918,0.007160619467251572,0.7737578637602119,0.285764382601127,-1.2172187055599986,-0.1897970294144031,-0.6550776128572312,0.0,0.0,0.0,0.0,0.0,0.0,0.0,0.04399999976158142
679244.129166735,1355,0.022222222222222223,-0.18942472338676453,0.006772167049348354,0.7652214765548706,0.2896236777305603,-1.220718264579773,-0.20128263533115387,-0.6290042996406555,-0.1875455805369127,0.007160619467251572,0.7737578637602119,0.285764382601127,-1.2172187055599986,-0.1897970294144031,-0.654082895596583,0.0,0.0,0.0,0.0,0.0,0.0,0.0,0.04399999976158142
679244.151360971,1356,0.022222222222222223,-0.18767917156219482,0.006328178569674492,0.7652767896652222,0.28874051570892334,-1.2206248044967651,-0.20144154131412506,-0.6292324662208557,-0.18769876121631765,0.007160619467251572,0.7737578637602119,0.285764382601127,-1.2172187055599986,-0.1897970294144031,-0.6529497350568596,0.0,0.0,0.0,0.0,0.0,0.0,0.0,0.04399999976158142
679244.173633732,1357,0.022222222222222223,-0.18722912669181824,0.006048859097063541,0.7652724981307983,0.2887571156024933,-1.2202845811843872,-0.20114685595035553,-0.6310786604881287,-0.1877245445206423,0.007160619467251572,0.7737578637602119,0.285764382601127,-1.2172187055599986,-0.1897970294144031,-0.6519149783155151,0.0,0.0,0.0,0.0,0.0,0.0,0.0,0.04399999976158142
679244.1958345,1358,0.022222222222222223,-0.18654599785804749,0.005529195070266724,0.7653438448905945,0.28860896825790405,-1.2201462984085083,-0.19972778856754303,-0.6340034008026123,-0.1877245445206423,0.007160619467251572,0.7737578637602119,0.285764382601127,-1.2172187055599986,-0.1897970294144031,-0.6511517285429002,0.0,0.0,0.0,0.0,0.0,0.0,0.0,0.04399999976158142
679244.218081934,1359,0.022222222222222223,-0.18673187494277954,0.005651444662362337,0.7657774686813354,0.2890394330024719,-1.219322919845581,-0.19745109975337982,-0.6381809115409851,-0.1877245445206423,0.007160619467251572,0.7737578637602119,0.285764382601127,-1.2172187055599986,-0.1897970294144031,-0.6507611225126024,0.0,0.0,0.0,0.0,0.0,0.0,0.0,0.04399999976158142
679244.240356637,1360,0.022222222222222223,-0.18703912198543549,0.005731604062020779,0.7667075395584106,0.28935760259628296,-1.219035267829895,-0.19639095664024353,-0.6389172673225403,-0.1877245445206423,0.007160619467251572,0.7737578637602119,0.285764382601127,-1.2172187055599986,-0.1897970294144031,-0.6507356312419189,0.0,0.0,0.0,0.0,0.0,0.0,0.0,0.04399999976158142
679244.26249419,1361,0.022222222222222223,-0.1869693249464035,0.005988127551972866,0.7676631212234497,0.28951385617256165,-1.2190269231796265,-0.196651890873909,-0.6382190585136414,-0.1877245445206423,0.007160619467251572,0.7737578637602119,0.285764382601127,-1.2172187055599986,-0.1897970294144031,-0.6507356312419189,0.0,0.0,0.0,0.0,0.0,0.0,0.0,0.04399999976158142
679244.287042179,1362,0.022222222222222223,-0.1864139884710312,0.0054707759991288185,0.7690589427947998,0.2895163297653198,-1.2190334796905518,-0.1967419981956482,-0.6379995942115784,-0.1877245445206423,0.007160619467251572,0.7737578637602119,0.285764382601127,-1.2172187055599986,-0.1897970294144031,-0.6507356312419189,0.0,0.0,0.0,0.0,0.0,0.0,0.0,0.04399999976158142
679244.30691459,1363,0.022222222222222223,-0.18698616325855255,0.00472086388617754,0.7719326615333557,0.29008302092552185,-1.2173182964324951,-0.1967133730649948,-0.6389504075050354,-0.1877245445206423,0.007160619467251572,0.7737578637602119,0.285764382601127,-1.2172187055599986,-0.1897970294144031,-0.6507356312419189,0.0,0.0,0.0,0.0,0.0,0.0,0.0,0.04399999976158142
679244.329208574,1364,0.022222222222222223,-0.1885252445936203,0.0035899814683943987,0.7761746048927307,0.2903382182121277,-1.21457040309906,-0.1976398229598999,-0.6376824975013733,-0.1877245445206423,0.007160619467251572,0.7737578637602119,0.285764382601127,-1.2172187055599986,-0.1897970294144031,-0.6507356312419189,0.0,0.0,0.0,0.0,0.0,0.0,0.0,0.04399999976158142
679244.351471569,1365,0.022222222222222223,-0.18970584869384766,0.00216082576662302,0.7801382541656494,0.2902882993221283,-1.2119221687316895,-0.1991637498140335,-0.6362289786338806,-0.1877245445206423,0.007150681534981104,0.7737578637602119,0.285764382601127,-1.2172187055599986,-0.1897970294144031,-0.6507356312419189,0.0,0.0,0.0,0.0,0.0,0.0,0.0,0.04399999976158142
679244.373669847,1366,0.022222222222222223,-0.18899275362491608,0.0025106987450271845,0.7772403955459595,0.28951841592788696,-1.215386152267456,-0.19805270433425903,-0.6387739181518555,-0.1877245445206423,0.007089137476998497,0.7737578637602119,0.285764382601127,-1.2172187055599986,-0.1897970294144031,-0.6507121743751264,0.0,0.0,0.0,0.0,0.0,0.0,0.0,0.04399999976158142
679244.397122904,1367,0.022222222222222223,-0.1885610818862915,0.004154023714363575,0.7725870609283447,0.29035621881484985,-1.2195156812667847,-0.1957956850528717,-0.6432358622550964,-0.1877245445206423,0.006968111123852238,0.7737578637602119,0.285764382601127,-1.2172187055599986,-0.1897970294144031,-0.6507121743751264,0.0,0.0,0.0,0.0,0.0,0.0,0.0,0.04399999976158142
679244.418057152,1368,0.022222222222222223,-0.18831855058670044,0.004755087662488222,0.7726321816444397,0.2908707857131958,-1.2195608615875244,-0.19528701901435852,-0.6433518528938293,-0.1877245445206423,0.0068550358143199515,0.7737578637602119,0.285764382601127,-1.2172187055599986,-0.1897970294144031,-0.6507121743751264,0.0,0.0,0.0,0.0,0.0,0.0,0.0,0.04399999976158142
679244.44031393,1369,0.022222222222222223,-0.18861046433448792,0.004971211776137352,0.7735072374343872,0.2912600636482239,-1.2194417715072632,-0.19566640257835388,-0.6426387429237366,-0.1877245445206423,0.0068039776506937065,0.7737578637602119,0.285764382601127,-1.2172187055599986,-0.1897970294144031,-0.6507121743751264,0.0,0.0,0.0,0.0,0.0,0.0,0.0,0.04399999976158142
679244.46247115,1370,0.022222222222222223,-0.1904025822877884,0.0042034657672047615,0.7749048471450806,0.2920926511287689,-1.2192405462265015,-0.19663573801517487,-0.6407231688499451,-0.1877245445206423,0.0068021243719325235,0.7737578637602119,0.285764382601127,-1.2172187055599986,-0.1897970294144031,-0.6507121743751264,0.0,0.0,0.0,0.0,0.0,0.0,0.0,0.04399999976158142
679244.484708281,1371,0.022222222222222223,-0.19133538007736206,0.0036246946547180414,0.7762297987937927,0.292406290769577,-1.2190901041030884,-0.19767265021800995,-0.6389241814613342,-0.1877245445206423,0.0068021243719325235,0.7737578637602119,0.285764382601127,-1.2172187055599986,-0.1897970294144031,-0.6507121743751264,0.0,0.0,0.0,0.0,0.0,0.0,0.0,0.04399999976158142
679244.506929581,1372,0.022222222222222223,-0.19125871360301971,0.0031558810733258724,0.7778183817863464,0.2918410003185272,-1.2189582586288452,-0.19827502965927124,-0.6375429630279541,-0.18773547716086675,0.006802018472655712,0.7737578637602119,0.285764382601127,-1.2172187055599986,-0.1897970294144031,-0.6507121743751264,0.0,0.0,0.0,0.0,0.0,0.0,0.0,0.04399999976158142
679244.529144735,1373,0.022222222222222223,-0.19182492792606354,0.002797076478600502,0.7790712118148804,0.2917093336582184,-1.2188327312469482,-0.19887953996658325,-0.6369755268096924,-0.1877619575724907,0.00679002093865327,0.7737578637602119,0.285764382601127,-1.2172187055599986,-0.1897970294144031,-0.6507121743751264,0.0,0.0,0.0,0.0,0.0,0.0,0.0,0.04399999976158142
679244.551681709,1374,0.022222222222222223,-0.1921381652355194,0.002448250539600849,0.7802782654762268,0.2910182476043701,-1.2187070846557617,-0.19850881397724152,-0.6379148960113525,-0.1878118097748012,0.006750212152147974,0.7737578637602119,0.285764382601127,-1.2172187055599986,-0.1897970294144031,-0.6507121743751264,0.0,0.0,0.0,0.0,0.0,0.0,0.0,0.04399999976158142
679244.573707245,1375,0.022222222222222223,-0.19305966794490814,0.0022874807473272085,0.781297504901886,0.2910502254962921,-1.2185815572738647,-0.19835463166236877,-0.6387569308280945,-0.1878976070483152,0.006674112579664437,0.7737578637602119,0.285764382601127,-1.2172187055599986,-0.1897970294144031,-0.6507121743751264,0.0,0.0,0.0,0.0,0.0,0.0,0.0,0.04399999976158142
679244.595988771,1376,0.022222222222222223,-0.19414883852005005,0.001446377020329237,0.7829623222351074,0.2912786900997162,-1.2184913158416748,-0.19911418855190277,-0.6374039649963379,-0.18803720508653587,0.006561725384211103,0.7737578637602119,0.285764382601127,-1.2172187055599986,-0.1897970294144031,-0.6507121743751264,0.0,0.0,0.0,0.0,0.0,0.0,0.0,0.04399999976158142
679244.618210377,1377,0.022222222222222223,-0.19441044330596924,0.0007411008700728416,0.7843306064605713,0.2914053499698639,-1.2184128761291504,-0.19930975139141083,-0.6373238563537598,-0.18825933798819725,0.006401798178510004,0.7738288198606301,0.285764382601127,-1.2172187055599986,-0.1897970294144031,-0.6507121743751264,0.0,0.0,0.0,0.0,0.0,0.0,0.0,0.04399999976158142
679244.64035342,1378,0.022222222222222223,-0.19481386244297028,0.0004558646469376981,0.7860280871391296,0.29126396775245667,-1.2184669971466064,-0.19952809810638428,-0.6369458436965942,-0.18856550448941298,0.006176470752096596,0.7741461754604051,0.285764382601127,-1.2172187055599986,-0.1897970294144031,-0.6507121743751264,0.0,0.0,0.0,0.0,0.0,0.0,0.0,0.04399999976158142
679244.662726562,1379,0.022222222222222223,-0.1962677389383316,4.0053040720522404e-05,0.7877330183982849,0.2916739583015442,-1.2183507680892944,-0.20009702444076538,-0.6363949775695801,-0.18935527231701832,0.005558477331437007,0.7752028854230272,0.285764382601127,-1.2172187055599986,-0.1897970294144031,-0.6507121743751264,0.0,0.0,0.0,0.0,0.0,0.0,0.0,0.04399999976158142
679244.684785784,1380,0.022222222222222223,-0.1955203264951706,0.00020483130356296897,0.7871452569961548,0.2907610535621643,-1.219727873802185,-0.19902274012565613,-0.6376912593841553,-0.18982274248885064,0.005201142457032184,0.7759091789168989,0.285764382601127,-1.2172187055599986,-0.1897970294144031,-0.6507045762695322,0.0,0.0,0.0,0.0,0.0,0.0,0.0,0.04399999976158142
679244.706915504,1381,0.022222222222222223,-0.19471266865730286,0.0012680009240284562,0.7852652072906494,0.2907679080963135,-1.2224109172821045,-0.19829390943050385,-0.6385881900787354,-0.19032077998489905,0.00483417523835196,0.7763736519769395,0.285764382601127,-1.2172187055599986,-0.1897970294144031,-0.6507045762695322,0.0,0.0,0.0,0.0,0.0,0.0,0.0,0.04399999976158142
679244.729222488,1382,0.022222222222222223,-0.194827139377594,0.0017116230446845293,0.7835845351219177,0.2914923429489136,-1.2248164415359497,-0.19939596951007843,-0.6359031796455383,-0.1907831286188658,0.0045069571309089024,0.776391305253968,0.285764382601127,-1.2172187055599986,-0.1897970294144031,-0.6507045762695322,0.0,0.0,0.0,0.0,0.0,0.0,0.0,0.04399999976158142
679244.751456053,1383,0.022222222222222223,-0.19635024666786194,-0.00041280410368926823,0.7885609269142151,0.2922622859477997,-1.2206168174743652,-0.20170049369335175,-0.6315169930458069,-0.1911815469589021,0.004260037359787421,0.776391305253968,0.285764382601127,-1.2172187055599986,-0.1897970294144031,-0.6506564472897604,0.0,0.0,0.0,0.0,0.0,0.0,0.0,0.04399999976158142
679244.773685613,1384,0.022222222222222223,-0.19787336885929108,-0.0030909832566976547,0.7922483682632446,0.29232257604599,-1.217572808265686,-0.20390111207962036,-0.6260079145431519,-0.19155210318891744,0.004043660694202503,0.7770233178264976,0.285764382601127,-1.2172187055599986,-0.1897970294144031,-0.6502324046565626,0.0,0.0,0.0,0.0,0.0,0.0,0.0,0.04399999976158142
679244.79591457,1385,0.022222222222222223,-0.19743774831295013,-0.003008804051205516,0.7879225611686707,0.2921842336654663,-1.2221081256866455,-0.2031775563955307,-0.6256445050239563,-0.1919546253258537,0.0037482812738348216,0.7782416984437213,0.285764382601127,-1.2172187055599986,-0.1897970294144031,-0.6492862846475465,0.0,0.0,0.0,0.0,0.0,0.0,0.0,0.04399999976158142
679244.818087518,1386,0.022222222222222223,-0.1970863789319992,-0.002501632086932659,0.7835968732833862,0.29277583956718445,-1.2260799407958984,-0.20181520283222198,-0.6270445585250854,-0.19238532383093887,0.0033492835395803914,0.7784185348685382,0.285764382601127,-1.2172187055599986,-0.1897970294144031,-0.6482762978541149,0.0,0.0,0.0,0.0,0.0,0.0,0.0,0.04399999976158142
679244.840333688,1387,0.022222222222222223,-0.19417180120944977,-0.0008145493338815868,0.7829076051712036,0.29134422540664673,-1.2278212308883667,-0.20290493965148926,-0.6233398914337158,-0.1927997374523956,0.002902612630785785,0.7784185348685382,0.285764382601127,-1.2172187055599986,-0.1897970294144031,-0.6474815404304629,0.0,0.0,0.0,0.0,0.0,0.0,0.0,0.04399999976158142
679244.862546424,1388,0.022222222222222223,-0.1909678876399994,-0.0018888111226260662,0.7853201627731323,0.28954631090164185,-1.2259403467178345,-0.20544594526290894,-0.618457019329071,-0.1931017661854446,0.0024927694736707096,0.7784185348685382,0.285764382601127,-1.2172187055599986,-0.1897970294144031,-0.6464967427346264,0.0,0.0,0.0,0.0,0.0,0.0,0.0,0.04399999976158142
679244.88470238,1389,0.022222222222222223,-0.18917055428028107,-0.003302962752059102,0.7870122194290161,0.28904110193252563,-1.2240594625473022,-0.20762573182582855,-0.6175411343574524,-0.19324572697797102,0.0018955913436557803,0.7784185348685382,0.285764382601127,-1.2172187055599986,-0.18992229498034513,-0.6442565215597286,0.0,0.0,0.0,0.0,0.0,0.0,0.0,0.04399999976158142
679244.906923917,1390,0.022222222222222223,-0.18622036278247833,-0.0032630155328661203,0.785963773727417,0.287664532661438,-1.224568247795105,-0.20700061321258545,-0.6214035749435425,-0.19322319553365985,0.00162012162924559,0.7784185348685382,0.285764382601127,-1.2172187055599986,-0.1902525358413239,-0.6429263282900977,0.0,0.0,0.0,0.0,0.0,0.0,0.0,0.04399999976158142
679244.930109446,1391,0.022222222222222223,-0.1846819967031479,-0.0018941607559099793,0.7841116786003113,0.28736913204193115,-1.2250126600265503,-0.20421111583709717,-0.6293964385986328,-0.19309098069100797,0.0013249127606155375,0.7784185348685382,0.285764382601127,-1.2172187055599986,-0.1905523686306362,-0.6420391463613112,0.0,0.0,0.0,0.0,0.0,0.0,0.0,0.04399999976158142
679244.951431642,1392,0.022222222222222223,-0.1842043697834015,-0.0006551853730343282,0.784015953540802,0.28715619444847107,-1.2239432334899902,-0.2018846720457077,-0.6341850757598877,-0.19277730382926436,0.0010631783332547024,0.7784185348685382,0.285764382601127,-1.2172187055599986,-0.19059342060169873,-0.6419388708067985,0.0,0.0,0.0,0.0,0.0,0.0,0.0,0.04399999976158142
679244.974103397,1393,0.022222222222222223,-0.1853083074092865,0.0003297689836472273,0.7854577302932739,0.2874932289123535,-1.2220152616500854,-0.2011573314666748,-0.6358606815338135,-0.19229166152115126,0.0009002956346667311,0.7784185348685382,0.285764382601127,-1.2172187055599986,-0.19059342060169873,-0.6419388708067985,0.0,0.0,0.0,0.0,0.0,0.0,0.0,0.04399999976158142
679244.995912933,1394,0.022222222222222223,-0.1864122450351715,0.0006053170654922724,0.7860565781593323,0.28770124912261963,-1.2216477394104004,-0.20135872066020966,-0.6353480219841003,-0.19171187773478401,0.0008664068720381934,0.7784185348685382,0.285764382601127,-1.2172187055599986,-0.19059342060169873,-0.6419388708067985,0.0,0.0,0.0,0.0,0.0,0.0,0.0,0.04399999976158142
679245.018286768,1395,0.022222222222222223,-0.18710117042064667,0.0011367659317329526,0.7848435044288635,0.2881523668766022,-1.222948431968689,-0.20185239613056183,-0.6348176002502441,-0.19113714387161,0.0008664068720381934,0.7784185348685382,0.285764382601127,-1.2172187055599986,-0.19059342060169873,-0.6419388708067985,0.0,0.0,0.0,0.0,0.0,0.0,0.0,0.04399999976158142
679245.040389103,1396,0.022222222222222223,-0.18851740658283234,0.0009928527288138866,0.7836876511573792,0.2888437807559967,-1.2239134311676025,-0.20261961221694946,-0.6337260007858276,-0.19063416276352785,0.0008664068720381934,0.7784185348685382,0.285764382601127,-1.2172187055599986,-0.19059342060169873,-0.6419388708067985,0.0,0.0,0.0,0.0,0.0,0.0,0.0,0.04399999976158142
679245.062559809,1397,0.022222222222222223,-0.19092552363872528,0.0009690592996776104,0.7828560471534729,0.2896531820297241,-1.2249329090118408,-0.20382927358150482,-0.6317653059959412,-0.19026078261733717,0.0008664068720381934,0.7784185348685382,0.285764382601127,-1.2172187055599986,-0.19059342060169873,-0.6419388708067985,0.0,0.0,0.0,0.0,0.0,0.0,0.0,0.04399999976158142
679245.084682284,1398,0.022222222222222223,-0.19208942353725433,0.0007280201534740627,0.7804692983627319,0.28984713554382324,-1.2270867824554443,-0.2043353021144867,-0.6295799612998962,-0.18998646854402126,0.0008664068720381934,0.7784185348685382,0.285764382601127,-1.2172187055599986,-0.19059342060169873,-0.6419388708067985,0.0,0.0,0.0,0.0,0.0,0.0,0.0,0.04399999976158142
679245.107139618,1399,0.022222222222222223,-0.19283145666122437,0.0017743692733347416,0.7769830226898193,0.2900998294353485,-1.2303271293640137,-0.20373934507369995,-0.6291398406028748,-0.18998646854402126,0.0008664068720381934,0.7784185348685382,0.285764382601127,-1.2172187055599986,-0.19059342060169873,-0.6419388708067985,0.0,0.0,0.0,0.0,0.0,0.0,0.0,0.04399999976158142
679245.131295675,1400,0.022222222222222223,-0.1944991499185562,0.0027582705952227116,0.7736017107963562,0.29051104187965393,-1.2332687377929688,-0.2038666307926178,-0.6269466876983643,-0.18998646854402126,0.0008664068720381934,0.7784185348685382,0.285764382601127,-1.2172187055599986,-0.19059342060169873,-0.6419388708067985,0.0,0.0,0.0,0.0,0.0,0.0,0.0,0.04399999976158142
679245.151447234,1401,0.022222222222222223,-0.19043663144111633,0.002675720490515232,0.7750996351242065,0.2890598773956299,-1.231798529624939,-0.2029067575931549,-0.6278992295265198,-0.19001992863689673,0.0008664068720381934,0.7784185348685382,0.285764382601127,-1.2172187055599986,-0.19059342060169873,-0.6418747716785449,0.0,0.0,0.0,0.0,0.0,0.0,0.0,0.04399999976158142
679245.173681554,1402,0.022222222222222223,-0.18847618997097015,0.004072169773280621,0.7713415622711182,0.28916871547698975,-1.2355284690856934,-0.20158466696739197,-0.6304547190666199,-0.19003131311066032,0.0008664068720381934,0.7784185348685382,0.285764382601127,-1.2172187055599986,-0.19059342060169873,-0.6418657406338734,0.0,0.0,0.0,0.0,0.0,0.0,0.0,0.04399999976158142
679245.196102431,1403,0.022222222222222223,-0.1876107007265091,0.0053549474105238914,0.7679631114006042,0.28959542512893677,-1.2385214567184448,-0.20016247034072876,-0.6325312256813049,-0.19003131311066032,0.0008672212324873245,0.7784185348685382,0.285764382601127,-1.2172187055599986,-0.19059342060169873,-0.6418657406338734,0.0,0.0,0.0,0.0,0.0,0.0,0.0,0.04399999976158142
679245.219090916,1404,0.022222222222222223,-0.18815188109874725,0.006968851666897535,0.7666328549385071,0.29002654552459717,-1.2400743961334229,-0.2000385820865631,-0.6318431496620178,-0.19003131311066032,0.0009014115013268034,0.7781108761106755,0.285764382601127,-1.2172187055599986,-0.19059342060169873,-0.6418657406338734,0.0,0.0,0.0,0.0,0.0,0.0,0.0,0.04399999976158142
679245.240355983,1405,0.022222222222222223,-0.18947388231754303,0.0072756134904921055,0.7668993473052979,0.2900921404361725,-1.240014910697937,-0.20121754705905914,-0.6277251839637756,-0.19003131311066032,0.0010280950492917145,0.7776057182406935,0.285764382601127,-1.2172187055599986,-0.19059342060169873,-0.6418657406338734,0.0,0.0,0.0,0.0,0.0,0.0,0.0,0.04399999976158142
679245.263141492,1406,0.022222222222222223,-0.18849019706249237,0.007194983772933483,0.7673810720443726,0.2898033559322357,-1.2397959232330322,-0.2018735706806183,-0.6257096529006958,-0.19003131311066032,0.0012634929767559127,0.777244060958332,0.285764382601127,-1.2172187055599986,-0.19059342060169873,-0.6418657406338734,0.0,0.0,0.0,0.0,0.0,0.0,0.0,0.04399999976158142
679245.284817154,1407,0.022222222222222223,-0.18669886887073517,0.007333254441618919,0.7677931785583496,0.28872448205947876,-1.2391494512557983,-0.20199179649353027,-0.6243909001350403,-0.19003131311066032,0.0015792504349991833,0.7769527444041253,0.285764382601127,-1.2172187055599986,-0.19059342060169873,-0.6418657406338734,0.0,0.0,0.0,0.0,0.0,0.0,0.0,0.04399999976158142
679245.308092276,1408,0.022222222222222223,-0.18686504662036896,0.0071466281078755856,0.7680642008781433,0.2884647250175476,-1.2386013269424438,-0.20246422290802002,-0.6234273314476013,-0.19002733448306608,0.002323110658310485,0.7767715828346172,0.285764382601127,-1.2172187055599986,-0.19059342060169873,-0.6414029021137949,0.0,0.0,0.0,0.0,0.0,0.0,0.0,0.04399999976158142
679245.32923814,1409,0.022222222222222223,-0.1883178949356079,0.006420326419174671,0.7688345313072205,0.28876036405563354,-1.2385445833206177,-0.20384842157363892,-0.6205466389656067,-0.19002115174274686,0.0027018901098201844,0.7767715828346172,0.285764382601127,-1.2172187055599986,-0.19059342060169873,-0.6410206183389469,0.0,0.0,0.0,0.0,0.0,0.0,0.0,0.04399999976158142
679245.353784179,1410,0.022222222222222223,-0.18926146626472473,0.005659403745085001,0.7696660757064819,0.288650244474411,-1.2385493516921997,-0.205215185880661,-0.6180065274238586,-0.19002106332387037,0.0030381284349146344,0.7767715828346172,0.285764382601127,-1.2172187055599986,-0.19059342060169873,-0.6404145914648004,0.0,0.0,0.0,0.0,0.0,0.0,0.0,0.04399999976158142
679245.373654238,1411,0.022222222222222223,-0.18824101984500885,0.005159024614840746,0.7701095938682556,0.2874365448951721,-1.2377245426177979,-0.20402732491493225,-0.6203739643096924,-0.19002106332387037,0.003290820120386244,0.7767715828346172,0.285764382601127,-1.2172187055599986,-0.19063409269561227,-0.6395911688530928,0.0,0.0,0.0,0.0,0.0,0.0,0.0,0.04399999976158142
679245.395839204,1412,0.022222222222222223,-0.18904158473014832,0.005469911266118288,0.7703996896743774,0.28726914525032043,-1.2366148233413696,-0.20187631249427795,-0.6248429417610168,-0.19002106332387037,0.0034376778036266454,0.7767715828346172,0.285764382601127,-1.2172187055599986,-0.19063628660669868,-0.6389920883184325,0.0,0.0,0.0,0.0,0.0,0.0,0.0,0.04399999976158142
679245.418308721,1413,0.022222222222222223,-0.1904439777135849,0.005456476006656885,0.7712854146957397,0.28735560178756714,-1.23564612865448,-0.19977718591690063,-0.6277187466621399,-0.19002106332387037,0.0034921878329276243,0.7767715828346172,0.285764382601127,-1.2172187055599986,-0.19063628660669868,-0.6388872069808068,0.0,0.0,0.0,0.0,0.0,0.0,0.0,0.04399999976158142
679245.440384343,1414,0.022222222222222223,-0.19322310388088226,0.005075469613075256,0.7745441794395447,0.2879723906517029,-1.2320897579193115,-0.19842584431171417,-0.6294675469398499,-0.19002106332387037,0.0034945915359293708,0.7767715828346172,0.285764382601127,-1.2172187055599986,-0.19063628660669868,-0.6388872069808068,0.0,0.0,0.0,0.0,0.0,0.0,0.0,0.04399999976158142
679245.46249759,1415,0.022222222222222223,-0.19600223004817963,0.005361814051866531,0.7760034203529358,0.2880704998970032,-1.2308794260025024,-0.19817714393138885,-0.6280323266983032,-0.190021784562303,0.0034945915359293708,0.7767715828346172,0.285764382601127,-1.2172187055599986,-0.19063628660669868,-0.6388872069808068,0.0,0.0,0.0,0.0,0.0,0.0,0.0,0.04399999976158142
679245.487071294,1416,0.022222222222222223,-0.198781356215477,0.00564374215900898,0.7764704823493958,0.28804394602775574,-1.2309719324111938,-0.1997203230857849,-0.6233512163162231,-0.19002365784398423,0.0034945915359293708,0.7767715828346172,0.285764382601127,-1.2172187055599986,-0.19063628660669868,-0.6388872069808068,0.0,0.0,0.0,0.0,0.0,0.0,0.0,0.04399999976158142
679245.506930703,1417,0.022222222222222223,-0.20156048238277435,0.004597937688231468,0.7769975066184998,0.288065105676651,-1.2309452295303345,-0.20297516882419586,-0.6153032779693604,-0.1903486803088512,0.0034945915359293708,0.7767715828346172,0.285764382601127,-1.2172187055599986,-0.19063628660669868,-0.638777587398403,0.0,0.0,0.0,0.0,0.0,0.0,0.0,0.04399999976158142
679245.52932753,1418,0.022222222222222223,-0.19956554472446442,0.004031744319945574,0.7746414542198181,0.2871529757976532,-1.233302116394043,-0.20390695333480835,-0.613060474395752,-0.19086017294200794,0.0034945915359293708,0.7767715828346172,0.285764382601127,-1.2172187055599986,-0.19063628660669868,-0.637974348896563,0.0,0.0,0.0,0.0,0.0,0.0,0.0,0.04399999976158142
679245.55157077,1419,0.022222222222222223,-0.19570134580135345,0.004288079217076302,0.7719995975494385,0.28635168075561523,-1.2344125509262085,-0.2009403109550476,-0.6189883351325989,-0.19155954742761633,0.0034945915359293708,0.7767715828346172,0.285764382601127,-1.2172187055599986,-0.19063628660669868,-0.63687418593985,0.0,0.0,0.0,0.0,0.0,0.0,0.0,0.04399999976158142
679245.57364752,1420,0.022222222222222223,-0.19400733709335327,0.005778134800493717,0.7695993185043335,0.287036657333374,-1.235437273979187,-0.19758443534374237,-0.6251818537712097,-0.19223316761332984,0.0034945915359293708,0.7767715828346172,0.285764382601127,-1.2172187055599986,-0.19063628660669868,-0.6363311321710776,0.0,0.0,0.0,0.0,0.0,0.0,0.0,0.04399999976158142
679245.59581744,1421,0.022222222222222223,-0.1934412121772766,0.0070897298865020275,0.7673765420913696,0.287809282541275,-1.236507534980774,-0.19557124376296997,-0.6274921298027039,-0.1927295779176175,0.0034945915359293708,0.7767715828346172,0.285764382601127,-1.2172187055599986,-0.19063628660669868,-0.636306932849901,0.0,0.0,0.0,0.0,0.0,0.0,0.0,0.04399999976158142
679245.619091315,1422,0.022222222222222223,-0.19512559473514557,0.007496706210076809,0.7684539556503296,0.2887459397315979,-1.2348955869674683,-0.19468073546886444,-0.6282300353050232,-0.19301403521782462,0.0035051420907657132,0.7766645655097585,0.285764382601127,-1.2172187055599986,-0.19063628660669868,-0.636306932849901,0.0,0.0,0.0,0.0,0.0,0.0,0.0,0.04399999976158142
679245.640319951,1423,0.022222222222222223,-0.19680999219417572,0.0068353321403265,0.770918607711792,0.28895941376686096,-1.2326005697250366,-0.19488489627838135,-0.6263196468353271,-0.1931499074579538,0.00354271788103381,0.7766645655097585,0.285764382601127,-1.2172187055599986,-0.19063628660669868,-0.636306932849901,0.0,0.0,0.0,0.0,0.0,0.0,0.0,0.04399999976158142
679245.662620161,1424,0.022222222222222223,-0.19691035151481628,0.006619705818593502,0.7723812460899353,0.28863590955734253,-1.23159921169281,-0.19591692090034485,-0.6239808201789856,-0.19324210200288627,0.003591857711080255,0.7766645655097585,0.285764382601127,-1.2172187055599986,-0.19063628660669868,-0.636306932849901,0.0,0.0,0.0,0.0,0.0,0.0,0.0,0.04399999976158142
679245.684819271,1425,0.022222222222222223,-0.19517487287521362,0.006391390226781368,0.7726001143455505,0.2875416874885559,-1.2318201065063477,-0.19551506638526917,-0.6246334314346313,-0.1934193515030598,0.0036617508582993848,0.7766645655097585,0.285764382601127,-1.2172187055599986,-0.19063628660669868,-0.636306932849901,0.0,0.0,0.0,0.0,0.0,0.0,0.0,0.04399999976158142
679245.706887617,1426,0.022222222222222223,-0.19343939423561096,0.0064124418422579765,0.7728378772735596,0.2871619164943695,-1.2315675020217896,-0.19323265552520752,-0.6297492384910583,-0.1934586482805334,0.003668825502039135,0.7766645655097585,0.285764382601127,-1.2172187055599986,-0.19063628660669868,-0.636306932849901,0.0,0.0,0.0,0.0,0.0,0.0,0.0,0.04399999976158142
679245.729153881,1427,0.022222222222222223,-0.19247867166996002,0.006484838202595711,0.7740592360496521,0.2871411144733429,-1.231155514717102,-0.19178062677383423,-0.6321946978569031,-0.1934586482805334,0.003668825502039135,0.7766645655097585,0.285764382601127,-1.2172187055599986,-0.19063628660669868,-0.636306932849901,0.0,0.0,0.0,0.0,0.0,0.0,0.0,0.04399999976158142
679245.751356593,1428,0.022222222222222223,-0.19274847209453583,0.00656942930072546,0.7758118510246277,0.28790482878685,-1.2302823066711426,-0.19163048267364502,-0.6331042051315308,-0.1934586482805334,0.003668825502039135,0.7766645655097585,0.285764382601127,-1.2172187055599986,-0.19063628660669868,-0.636306932849901,0.0,0.0,0.0,0.0,0.0,0.0,0.0,0.04399999976158142
679245.775083729,1429,0.022222222222222223,-0.1928257793188095,0.006457536015659571,0.7762522101402283,0.2883490324020386,-1.2313646078109741,-0.19208037853240967,-0.6323472261428833,-0.1934586482805334,0.003668825502039135,0.7766645655097585,0.285764382601127,-1.2172187055599986,-0.19063628660669868,-0.636306932849901,0.0,0.0,0.0,0.0,0.0,0.0,0.0,0.04399999976158142
679245.795891892,1430,0.022222222222222223,-0.1929030865430832,0.006698222830891609,0.7761412262916565,0.28858307003974915,-1.2327157258987427,-0.1926666647195816,-0.6322596073150635,-0.1934586482805334,0.003668825502039135,0.7766645655097585,0.285764382601127,-1.2172187055599986,-0.19063628660669868,-0.636306932849901,0.0,0.0,0.0,0.0,0.0,0.0,0.0,0.04399999976158142
679245.818967123,1431,0.022222222222222223,-0.19388094544410706,0.00611415458843112,0.7768039703369141,0.2891261577606201,-1.2329341173171997,-0.1937924176454544,-0.6311250925064087,-0.1934586482805334,0.003668825502039135,0.7766645655097585,0.285764382601127,-1.2172187055599986,-0.19063628660669868,-0.636306932849901,0.0,0.0,0.0,0.0,0.0,0.0,0.0,0.04399999976158142
679245.840328127,1432,0.022222222222222223,-0.19540876150131226,0.005814141593873501,0.7776470184326172,0.28958138823509216,-1.23301362991333,-0.19533216953277588,-0.6295737624168396,-0.1934586482805334,0.003668825502039135,0.7766645655097585,0.285764382601127,-1.2172187055599986,-0.19063628660669868,-0.636306932849901,0.0,0.0,0.0,0.0,0.0,0.0,0.0,0.04399999976158142
679245.864073741,1433,0.022222222222222223,-0.19593442976474762,0.00556194968521595,0.778142511844635,0.2892165184020996,-1.232980489730835,-0.19666212797164917,-0.6276268362998962,-0.1934586482805334,0.003668825502039135,0.7766645655097585,0.285764382601127,-1.2172187055599986,-0.19063628660669868,-0.636306932849901,0.0,0.0,0.0,0.0,0.0,0.0,0.0,0.04399999976158142
679245.885066065,1434,0.022222222222222223,-0.19579097628593445,0.0052422573789954185,0.7786049842834473,0.2890647351741791,-1.2329134941101074,-0.1977871209383011,-0.6268168091773987,-0.1934586482805334,0.003668825502039135,0.7766645655097585,0.285764382601127,-1.2172187055599986,-0.19063628660669868,-0.636306932849901,0.0,0.0,0.0,0.0,0.0,0.0,0.0,0.04399999976158142
679245.906910595,1435,0.022222222222222223,-0.19446256756782532,0.006146651227027178,0.7765161991119385,0.28828558325767517,-1.2353565692901611,-0.1996225118637085,-0.6235727071762085,-0.1934586482805334,0.003668825502039135,0.7766645655097585,0.285764382601127,-1.2172187055599986,-0.19063628660669868,-0.636306932849901,0.0,0.0,0.0,0.0,0.0,0.0,0.0,0.04399999976158142
679245.929174599,1436,0.022222222222222223,-0.1931341588497162,0.006891661323606968,0.7731359601020813,0.2878955900669098,-1.2390903234481812,-0.20153048634529114,-0.6206294298171997,-0.1934586482805334,0.003668825502039135,0.7766645655097585,0.285764382601127,-1.2172187055599986,-0.19063628660669868,-0.636306932849901,0.0,0.0,0.0,0.0,0.0,0.0,0.0,0.04399999976158142
679245.951592023,1437,0.022222222222222223,-0.19372020661830902,0.006738096475601196,0.7703162431716919,0.28828129172325134,-1.2415845394134521,-0.20292463898658752,-0.6190134882926941,-0.1934586482805334,0.0036700667647784125,0.7766645655097585,0.285764382601127,-1.2172187055599986,-0.19063628660669868,-0.6361854677033968,0.0,0.0,0.0,0.0,0.0,0.0,0.0,0.04399999976158142
679245.976059058,1438,0.022222222222222223,-0.19416171312332153,0.007001799531280994,0.7677120566368103,0.28826674818992615,-1.2442352771759033,-0.20386873185634613,-0.6177797913551331,-0.1934586482805334,0.003670477234505296,0.7766645655097585,0.285764382601127,-1.2172187055599986,-0.19063628660669868,-0.6359066303661973,0.0,0.0,0.0,0.0,0.0,0.0,0.0,0.04399999976158142
679245.995779743,1439,0.022222222222222223,-0.1932702362537384,0.0070387921296060085,0.7651798129081726,0.2875964641571045,-1.2462279796600342,-0.20319774746894836,-0.6185887455940247,-0.1934586482805334,0.0036744311629065296,0.7766412823183784,0.285764382601127,-1.2172621228654166,-0.19063628660669868,-0.635514777627642,0.0,0.0,0.0,0.0,0.0,0.0,0.0,0.04399999976158142
679246.018250055,1440,0.022222222222222223,-0.19374023377895355,0.0077391923405230045,0.7635124921798706,0.2878929078578949,-1.2475686073303223,-0.20253817737102509,-0.6195856928825378,-0.1934586482805334,0.0036856243897957623,0.7761429602587173,0.285764382601127,-1.217507872150932,-0.19063628660669868,-0.6352023594395045,0.0,0.0,0.0,0.0,0.0,0.0,0.0,0.04399999976158142
679246.040407843,1441,0.022222222222222223,-0.19518926739692688,0.008133092895150185,0.7621335387229919,0.2883279621601105,-1.248615026473999,-0.2030332386493683,-0.6175015568733215,-0.1934586482805334,0.0037202490368942074,0.7754172624440351,0.285764382601127,-1.217871611868807,-0.19063628660669868,-0.6350263515514929,0.0,0.0,0.0,0.0,0.0,0.0,0.0,0.04399999976158142
679246.062473336,1442,0.022222222222222223,-0.19370883703231812,0.00877984706312418,0.7612972855567932,0.2877779006958008,-1.2498539686203003,-0.2036767154932022,-0.615200400352478,-0.1934586482805334,0.0037866551641709766,0.7748260160860947,0.285764382601127,-1.2182005596566545,-0.19063628660669868,-0.6348940724535438,0.0,0.0,0.0,0.0,0.0,0.0,0.0,0.04399999976158142
679246.084718369,1443,0.022222222222222223,-0.18981097638607025,0.008733619935810566,0.7601590156555176,0.28703272342681885,-1.2505382299423218,-0.20257048308849335,-0.616112232208252,-0.1934586482805334,0.0038845767867600237,0.7740875200918529,0.285764382601127,-1.2186026559387768,-0.19063628660669868,-0.6346021871884479,0.0,0.0,0.0,0.0,0.0,0.0,0.0,0.04399999976158142
679246.106901508,1444,0.022222222222222223,-0.18786227703094482,0.00962196383625269,0.7589141726493835,0.2876098155975342,-1.2510302066802979,-0.20087574422359467,-0.6194553971290588,-0.19344679549538193,0.0042107563102950635,0.7724976297847551,0.285764382601127,-1.2196054473958489,-0.19063628660669868,-0.6336691658734074,0.0,0.0,0.0,0.0,0.0,0.0,0.0,0.04399999976158142
679246.129122794,1445,0.022222222222222223,-0.18695245683193207,0.00999851431697607,0.7578197717666626,0.28796616196632385,-1.2511818408966064,-0.1994830071926117,-0.6211798787117004,-0.19336733301427972,0.004438925668059907,0.771587430183829,0.285764382601127,-1.2201162849169382,-0.19063628660669868,-0.6335869435276229,0.0,0.0,0.0,0.0,0.0,0.0,0.0,0.04399999976158142
679246.151347811,1446,0.022222222222222223,-0.18686333298683167,0.010701174847781658,0.757205069065094,0.288347065448761,-1.251295566558838,-0.198536217212677,-0.6225347518920898,-0.1931740700671962,0.00471981470016851,0.7706413595394743,0.285764382601127,-1.220589981103597,-0.19063628660669868,-0.6335869435276229,0.0,0.0,0.0,0.0,0.0,0.0,0.0,0.04399999976158142
679246.173585727,1447,0.022222222222222223,-0.18709972500801086,0.010822916403412819,0.7566336393356323,0.28855839371681213,-1.2511647939682007,-0.19840732216835022,-0.6218543648719788,-0.1928792437031335,0.005054393406708422,0.7697575381547502,0.285764382601127,-1.2210255987344867,-0.19063628660669868,-0.6335869435276229,0.0,0.0,0.0,0.0,0.0,0.0,0.0,0.04399999976158142
679246.195784478,1448,0.022222222222222223,-0.18614976108074188,0.011227049864828587,0.7564487457275391,0.2883989214897156,-1.2510894536972046,-0.1984337866306305,-0.6219685077667236,-0.1925229756810536,0.0054334378794920896,0.7689336443166054,0.285764382601127,-1.2214018253302146,-0.19063628660669868,-0.6335869435276229,0.0,0.0,0.0,0.0,0.0,0.0,0.0,0.04399999976158142
679246.217953698,1449,0.022222222222222223,-0.18657606840133667,0.011105615645647049,0.7571326494216919,0.28886938095092773,-1.2511343955993652,-0.19923906028270721,-0.6206285357475281,-0.19211679187472902,0.0058421927341029455,0.7682314269858436,0.285764382601127,-1.2217299926521579,-0.19063628660669868,-0.6335869435276229,0.0,0.0,0.0,0.0,0.0,0.0,0.0,0.04399999976158142
679246.240287085,1450,0.022222222222222223,-0.19025269150733948,0.010853045620024204,0.7581889033317566,0.2892381548881531,-1.2510284185409546,-0.20112885534763336,-0.6160325407981873,-0.19168075804310303,0.006260738857984366,0.7677930584944767,0.285764382601127,-1.2220277749208797,-0.19063628660669868,-0.6335869435276229,0.0,0.0,0.0,0.0,0.0,0.0,0.0,0.04399999976158142
679246.262540884,1451,0.022222222222222223,-0.19284965097904205,0.009319210425019264,0.7592175602912903,0.2885438799858093,-1.2505055665969849,-0.2039029747247696,-0.6083820462226868,-0.19125097514792305,0.006664776159405817,0.7674410476907089,0.285764382601127,-1.222294095494245,-0.19063628660669868,-0.6335869435276229,0.0,0.0,0.0,0.0,0.0,0.0,0.0,0.04399999976158142
679246.284635258,1452,0.022222222222222223,-0.1926996409893036,0.008078827522695065,0.7600847482681274,0.28763875365257263,-1.2500349283218384,-0.20625737309455872,-0.6036057472229004,-0.1908639242239657,0.00731058557066173,0.7673565731717286,0.285764382601127,-1.2226699710341278,-0.19063628660669868,-0.6323386942429952,0.0,0.0,0.0,0.0,0.0,0.0,0.0,0.04399999976158142
679246.306887332,1453,0.022222222222222223,-0.19131076335906982,0.007134410552680492,0.7611026167869568,0.2866608798503876,-1.2495777606964111,-0.20767107605934143,-0.6017376184463501,-0.1908639242239657,0.007442054683942168,0.7673565731717286,0.285764382601127,-1.2227528670179773,-0.19075926021826597,-0.6308867654854736,0.0,0.0,0.0,0.0,0.0,0.0,0.0,0.04399999976158142
679246.329114914,1454,0.022222222222222223,-0.19055244326591492,0.006483286619186401,0.7616633176803589,0.2863810658454895,-1.2491250038146973,-0.20820744335651398,-0.6026820540428162,-0.1908639242239657,0.0074488900411486154,0.7673565731717286,0.285764382601127,-1.222778434699057,-0.19102365073512412,-0.6293161053575531,0.0,0.0,0.0,0.0,0.0,0.0,0.0,0.04399999976158142
679246.352294046,1455,0.022222222222222223,-0.18949900567531586,0.006420836318284273,0.7623355984687805,0.2856886386871338,-1.2488782405853271,-0.20785629749298096,-0.60471510887146,-0.1908639242239657,0.0074488900411486154,0.7673565731717286,0.285764382601127,-1.222778434699057,-0.1913407516999763,-0.6279471153820362,0.0,0.0,0.0,0.0,0.0,0.0,0.0,0.04399999976158142
679246.373627647,1456,0.022222222222222223,-0.18967580795288086,0.006526031531393528,0.7627432942390442,0.2856409549713135,-1.2487002611160278,-0.20748965442180634,-0.6074258685112,-0.1908639242239657,0.0074488900411486154,0.7673565731717286,0.285764382601127,-1.222778434699057,-0.1916091760896063,-0.6269188815400534,0.0,0.0,0.0,0.0,0.0,0.0,0.0,0.04399999976158142
679246.396063952,1457,0.022222222222222223,-0.18965494632720947,0.006279179360717535,0.7634406089782715,0.28534796833992004,-1.248622179031372,-0.2063852995634079,-0.6108250021934509,-0.1908639242239657,0.0074488900411486154,0.7673565731717286,0.285764382601127,-1.222778434699057,-0.19180957448675257,-0.6262790296720415,0.0,0.0,0.0,0.0,0.0,0.0,0.0,0.04399999976158142
679246.418031993,1458,0.022222222222222223,-0.19013728201389313,0.006714400369673967,0.7639613747596741,0.2855856418609619,-1.2485774755477905,-0.2051420360803604,-0.614561915397644,-0.1908639242239657,0.0074488900411486154,0.7673565731717286,0.285764382601127,-1.222778434699057,-0.19188760108204928,-0.6260600737344347,0.0,0.0,0.0,0.0,0.0,0.0,0.0,0.04399999976158142
679246.440274358,1459,0.022222222222222223,-0.19042560458183289,0.006724173203110695,0.7651062607765198,0.2856485843658447,-1.2486376762390137,-0.2039189487695694,-0.6174862384796143,-0.1908639242239657,0.0074488900411486154,0.7673565731717286,0.285764382601127,-1.222778434699057,-0.19188910812135698,-0.6260568787158007,0.0,0.0,0.0,0.0,0.0,0.0,0.0,0.04399999976158142
679246.462473338,1460,0.022222222222222223,-0.19132401049137115,0.006953400559723377,0.7662517428398132,0.28623878955841064,-1.2485237121582031,-0.20258188247680664,-0.6206178665161133,-0.1908639242239657,0.0074488900411486154,0.7673565731717286,0.285764382601127,-1.222778434699057,-0.19188910812135698,-0.6260568787158007,0.0,0.0,0.0,0.0,0.0,0.0,0.0,0.04399999976158142
679246.485411143,1461,0.022222222222222223,-0.19202736020088196,0.007042728364467621,0.7673560976982117,0.28658872842788696,-1.2482359409332275,-0.20225456357002258,-0.6209383606910706,-0.1908639242239657,0.0074488900411486154,0.7673565731717286,0.285764382601127,-1.222778434699057,-0.19188910812135698,-0.6260568787158007,0.0,0.0,0.0,0.0,0.0,0.0,0.0,0.04399999976158142
679246.50690387,1462,0.022222222222222223,-0.19212105870246887,0.0071734776720404625,0.7685313820838928,0.2866939902305603,-1.2480995655059814,-0.2027011215686798,-0.6204062700271606,-0.1908639242239657,0.0074488900411486154,0.7673565731717286,0.285764382601127,-1.222778434699057,-0.19188910812135698,-0.6260568787158007,0.0,0.0,0.0,0.0,0.0,0.0,0.0,0.04399999976158142
679246.529088938,1463,0.022222222222222223,-0.19176124036312103,0.006654686294496059,0.7701960802078247,0.28663092851638794,-1.248092532157898,-0.20293672382831573,-0.6201843023300171,-0.1908639242239657,0.0074488900411486154,0.7673565731717286,0.285764382601127,-1.222778434699057,-0.19188910812135698,-0.6260568787158007,0.0,0.0,0.0,0.0,0.0,0.0,0.0,0.04399999976158142
679246.55134552,1464,0.022222222222222223,-0.19302509725093842,0.006537572015076876,0.7718883752822876,0.2871831953525543,-1.247869610786438,-0.20362789928913116,-0.6194722652435303,-0.1908639242239657,0.0074488900411486154,0.7673565731717286,0.285764382601127,-1.222778434699057,-0.19188910812135698,-0.6260568787158007,0.0,0.0,0.0,0.0,0.0,0.0,0.0,0.04399999976158142
679246.573549194,1465,0.022222222222222223,-0.19383719563484192,0.006350055802613497,0.7734739184379578,0.28681543469429016,-1.2470824718475342,-0.20451250672340393,-0.6174002289772034,-0.1908639242239657,0.0074488900411486154,0.7673565731717286,0.285764382601127,-1.222778434699057,-0.19188910812135698,-0.6260568787158007,0.0,0.0,0.0,0.0,0.0,0.0,0.0,0.04399999976158142
679246.595767702,1466,0.022222222222222223,-0.19382363557815552,0.005924976896494627,0.774836540222168,0.28656792640686035,-1.2463665008544922,-0.20527499914169312,-0.616383969783783,-0.1908639242239657,0.0074488900411486154,0.7673565731717286,0.285764382601127,-1.222778434699057,-0.19188910812135698,-0.6260568787158007,0.0,0.0,0.0,0.0,0.0,0.0,0.0,0.04399999976158142
679246.618233694,1467,0.022222222222222223,-0.1930854767560959,0.005446446593850851,0.7763623595237732,0.28578981757164,-1.2457611560821533,-0.20546792447566986,-0.6162875294685364,-0.1908639242239657,0.0074488900411486154,0.7673565731717286,0.285764382601127,-1.222778434699057,-0.19188910812135698,-0.6260568787158007,0.0,0.0,0.0,0.0,0.0,0.0,0.0,0.04399999976158142
679246.64115866,1468,0.022222222222222223,-0.1929999440908432,0.00515963276848197,0.7774960398674011,0.2855995297431946,-1.2451927661895752,-0.20548146963119507,-0.6175764799118042,-0.1908639242239657,0.0074488900411486154,0.7673899373173753,0.285764382601127,-1.222778434699057,-0.19188910812135698,-0.6260568787158007,0.0,0.0,0.0,0.0,0.0,0.0,0.0,0.04399999976158142
679246.662454362,1469,0.022222222222222223,-0.19290506839752197,0.005043875891715288,0.7787665128707886,0.28508642315864563,-1.2447834014892578,-0.20507746934890747,-0.6190623044967651,-0.1908639242239657,0.0074488900411486154,0.7676319335134414,0.285764382601127,-1.222778434699057,-0.19188910812135698,-0.6260568787158007,0.0,0.0,0.0,0.0,0.0,0.0,0.0,0.04399999976158142
679246.684804258,1470,0.022222222222222223,-0.19434525072574615,0.004972073715180159,0.7803983092308044,0.28515562415122986,-1.2438515424728394,-0.20540310442447662,-0.6194833517074585,-0.1908639242239657,0.0074488900411486154,0.7678308505663374,0.285764382601127,-1.222778434699057,-0.19188910812135698,-0.6260568787158007,0.0,0.0,0.0,0.0,0.0,0.0,0.0,0.04399999976158142
679246.706912677,1471,0.022222222222222223,-0.19570273160934448,0.004586627706885338,0.782541036605835,0.2845979332923889,-1.242881417274475,-0.206167072057724,-0.6182172894477844,-0.19087162182218462,0.0074488900411486154,0.7688685028253389,0.285764382601127,-1.222778434699057,-0.19188910812135698,-0.6260568787158007,0.0,0.0,0.0,0.0,0.0,0.0,0.0,0.04399999976158142
679246.729150295,1472,0.022222222222222223,-0.19598644971847534,0.0039322879165410995,0.7843829393386841,0.2842121124267578,-1.2419625520706177,-0.20674026012420654,-0.6182140707969666,-0.19092552377639094,0.0074488900411486154,0.76979309865232,0.285764382601127,-1.222778434699057,-0.19190146562331048,-0.6260568787158007,0.0,0.0,0.0,0.0,0.0,0.0,0.0,0.04399999976158142
679246.751380003,1473,0.022222222222222223,-0.19526588916778564,0.0032750042155385017,0.7863480448722839,0.28327468037605286,-1.241135835647583,-0.2067258208990097,-0.61915522813797,-0.19104932718422007,0.00744030325666233,0.7708949663833619,0.285764382601127,-1.222778434699057,-0.1919635404342137,-0.6260568787158007,0.0,0.0,0.0,0.0,0.0,0.0,0.0,0.04399999976158142
679246.775182163,1474,0.022222222222222223,-0.1959652602672577,0.002713587833568454,0.7884520888328552,0.2830984890460968,-1.2398062944412231,-0.2071990817785263,-0.6201971769332886,-0.19120997007725168,0.007401568475616267,0.7721624220225256,0.285764382601127,-1.222778434699057,-0.1920324987409946,-0.6260568787158007,0.0,0.0,0.0,0.0,0.0,0.0,0.0,0.04399999976158142
679246.795949615,1475,0.022222222222222223,-0.196321502327919,0.0028173469472676516,0.7887334227561951,0.2823682725429535,-1.2406901121139526,-0.20748457312583923,-0.6203879117965698,-0.1913937507690008,0.007312904687311033,0.7735902942236383,0.285764382601127,-1.222778434699057,-0.19213293852668836,-0.6260568787158007,0.0,0.0,0.0,0.0,0.0,0.0,0.0,0.04399999976158142
679246.818213177,1476,0.022222222222222223,-0.19667772948741913,0.002796374261379242,0.7896629571914673,0.28187358379364014,-1.2408702373504639,-0.20773911476135254,-0.6208328008651733,-0.19161100629609687,0.0071799322349849455,0.7748032783142068,0.285764382601127,-1.222778434699057,-0.19225812916687887,-0.6260568787158007,0.0,0.0,0.0,0.0,0.0,0.0,0.0,0.04399999976158142
679246.840331917,1477,0.022222222222222223,-0.19720961153507233,0.002002775901928544,0.7927517294883728,0.28107884526252747,-1.2390162944793701,-0.2083270400762558,-0.6205043196678162,-0.1918608233070591,0.007020355000403301,0.7759597972749579,0.285764382601127,-1.222778434699057,-0.19239831295121942,-0.6260568787158007,0.0,0.0,0.0,0.0,0.0,0.0,0.0,0.04399999976158142
679246.862543621,1478,0.022222222222222223,-0.19725307822227478,0.0010923466179519892,0.7953990697860718,0.2807437777519226,-1.237295389175415,-0.20897547900676727,-0.6211422681808472,-0.1921453608468173,0.006827191621155989,0.777481239626787,0.285764382601127,-1.222778434699057,-0.1925784081954858,-0.6260568787158007,0.0,0.0,0.0,0.0,0.0,0.0,0.0,0.04399999976158142
679246.887044296,1479,0.022222222222222223,-0.1958984136581421,0.0005592733505181968,0.7970269322395325,0.2797883152961731,-1.236796259880066,-0.20903393626213074,-0.6223205327987671,-0.19277139059696036,0.0063333341075851755,0.7802207341981323,0.285764382601127,-1.222778434699057,-0.19296466408637825,-0.6260568787158007,0.0,0.0,0.0,0.0,0.0,0.0,0.0,0.04399999976158142
679246.906884079,1480,0.022222222222222223,-0.19450439512729645,0.00033442332642152905,0.7984158396720886,0.2794083058834076,-1.2360862493515015,-0.20892751216888428,-0.6249255537986755,-0.19304492542424181,0.006016060557643053,0.7817493599144758,0.285764382601127,-1.222778434699057,-0.19317373265047588,-0.6260568787158007,0.0,0.0,0.0,0.0,0.0,0.0,0.0,0.04399999976158142
679246.929144641,1481,0.022222222222222223,-0.1930069476366043,0.00039449811447411776,0.7994344234466553,0.2788067162036896,-1.2361304759979248,-0.20890574157238007,-0.6270508170127869,-0.1932083940105217,0.005656778473925049,0.7832518503352428,0.285764382601127,-1.222778434699057,-0.19335322931095514,-0.6260568787158007,0.0,0.0,0.0,0.0,0.0,0.0,0.0,0.04399999976158142
679246.951423179,1482,0.022222222222222223,-0.19155336916446686,0.0002307211107108742,0.8010008931159973,0.27870628237724304,-1.235602617263794,-0.20896746218204498,-0.6299383044242859,-0.19323215474585245,0.005278157818935497,0.7846624325964631,0.285764382601127,-1.222778434699057,-0.1935087349572367,-0.6260568787158007,0.0,0.0,0.0,0.0,0.0,0.0,0.0,0.04399999976158142
679246.973715812,1483,0.022222222222222223,-0.19019217789173126,0.00019216397777199745,0.8025369644165039,0.27833667397499084,-1.2354258298873901,-0.20894932746887207,-0.6322492361068726,-0.19323215474585245,0.004899324535364054,0.7861013197132917,0.285764382601127,-1.222778434699057,-0.19365179261765897,-0.6260568787158007,0.0,0.0,0.0,0.0,0.0,0.0,0.0,0.04399999976158142
679246.995810863,1484,0.022222222222222223,-0.18910159170627594,-5.168287316337228e-05,0.804445207118988,0.27842798829078674,-1.2348428964614868,-0.20913679897785187,-0.635011613368988,-0.19323215474585245,0.00453348261306355,0.787558983446,0.285764382601127,-1.222778434699057,-0.19377937517156302,-0.6260568787158007,0.0,0.0,0.0,0.0,0.0,0.0,0.0,0.04399999976158142
679247.018059699,1485,0.022222222222222223,-0.18803071975708008,-3.111606929451227e-05,0.8058293461799622,0.27802953124046326,-1.2350151538848877,-0.2090810090303421,-0.6373699307441711,-0.19320823969108414,0.004187887553763811,0.7891021422853741,0.285764382601127,-1.222778434699057,-0.19390810190624921,-0.6260568787158007,0.0,0.0,0.0,0.0,0.0,0.0,0.0,0.04399999976158142
679247.040263926,1486,0.022222222222222223,-0.18707828223705292,-0.00021968758665025234,0.8076928853988647,0.2780090868473053,-1.2345675230026245,-0.20904254913330078,-0.640374481678009,-0.19311937521510172,0.003869422585003299,0.7906163217629445,0.2857508270964655,-1.222778434699057,-0.19402304548240498,-0.6260568787158007,0.0,0.0,0.0,0.0,0.0,0.0,0.0,0.04399999976158142
679247.062707857,1487,0.022222222222222223,-0.18636652827262878,-0.00019859694293700159,0.809533953666687,0.27744433283805847,-1.2342182397842407,-0.20891311764717102,-0.6428436636924744,-0.19296090525348236,0.003587387012306677,0.7918435988980296,0.28572396055640875,-1.222778434699057,-0.19412418145410715,-0.6260568787158007,0.0,0.0,0.0,0.0,0.0,0.0,0.0,0.04399999976158142
679247.084703713,1488,0.022222222222222223,-0.18637676537036896,-0.0003836186369881034,0.8114314079284668,0.27742570638656616,-1.2333557605743408,-0.20886845886707306,-0.6456097960472107,-0.1924199076351889,0.003133517900229149,0.7946271186564442,0.2856194690197543,-1.222778434699057,-0.19427696478398676,-0.6262802195840531,0.0,0.0,0.0,0.0,0.0,0.0,0.0,0.04399999976158142
679247.10693703,1489,0.022222222222222223,-0.18638701736927032,-0.0008937916136346757,0.8129726648330688,0.27746084332466125,-1.2333766222000122,-0.20903699100017548,-0.646963357925415,-0.19204296223964534,0.002958916215849198,0.7961545579319934,0.2855040327660084,-1.222778434699057,-0.19432862165079223,-0.6267641555336981,0.0,0.0,0.0,0.0,0.0,0.0,0.0,0.04399999976158142
679247.129125648,1490,0.022222222222222223,-0.1863972544670105,-0.0011752985883504152,0.8149667978286743,0.2776862680912018,-1.2328979969024658,-0.20913459360599518,-0.648511528968811,-0.19163333386233025,0.002802226847030805,0.7976857364466178,0.2853888600241845,-1.222778434699057,-0.19438731168148468,-0.6273773520428848,0.0,0.0,0.0,0.0,0.0,0.0,0.0,0.04399999976158142
679247.151359541,1491,0.022222222222222223,-0.18641816079616547,-0.0012827522587031126,0.8167338967323303,0.2773641347885132,-1.232808232307434,-0.20899826288223267,-0.6497763991355896,-0.19121778950726237,0.0026487318266726636,0.7993045440154258,0.28530951718276426,-1.222778434699057,-0.19445195830376727,-0.6280878875514799,0.0,0.0,0.0,0.0,0.0,0.0,0.0,0.04399999976158142
679247.174653525,1492,0.022222222222222223,-0.18646341562271118,-0.0013697952963411808,0.8185916543006897,0.27729541063308716,-1.232444405555725,-0.2087443768978119,-0.6516541242599487,-0.19081773173982974,0.0024961098384970464,0.8009525515490106,0.2852427851171581,-1.222778434699057,-0.19450096465498476,-0.6288655299003952,0.0,0.0,0.0,0.0,0.0,0.0,0.0,0.04399999976158142
679247.19581962,1493,0.022222222222222223,-0.18656273186206818,-0.0012998677557334304,0.8199201226234436,0.2768670916557312,-1.232742190361023,-0.20819516479969025,-0.6533548831939697,-0.19044995796198047,0.002346784171769378,0.8026406091540781,0.2851668055529469,-1.222778434699057,-0.19452029793554712,-0.62974748826686,0.0,0.0,0.0,0.0,0.0,0.0,0.0,0.04399999976158142
679247.218172048,1494,0.022222222222222223,-0.18689335882663727,-0.001269453321583569,0.8213353157043457,0.27684158086776733,-1.2327682971954346,-0.2075420618057251,-0.6556064486503601,-0.19012793182773186,0.0022068553961620274,0.8042611425258813,0.28505916042337087,-1.222778434699057,-0.19452044936454435,-0.6307223956799765,0.0,0.0,0.0,0.0,0.0,0.0,0.0,0.04399999976158142
679247.240266025,1495,0.022222222222222223,-0.1876549869775772,-0.001113977050408721,0.8229793310165405,0.27638882398605347,-1.2327028512954712,-0.20689824223518372,-0.6570567488670349,-0.18986696099562494,0.0020830435675742776,0.8058419344383732,0.28492688066843724,-1.222778434699057,-0.19452044936454435,-0.6318222643171046,0.0,0.0,0.0,0.0,0.0,0.0,0.0,0.04399999976158142
679247.262540117,1496,0.022222222222222223,-0.18929655849933624,-0.0012047237250953913,0.8243032097816467,0.2766847312450409,-1.2326256036758423,-0.20663246512413025,-0.658292829990387,-0.1896918932129055,0.001982106164420001,0.8074341858678792,0.2847646618021236,-1.222778434699057,-0.19452044936454435,-0.6329797758878646,0.0,0.0,0.0,0.0,0.0,0.0,0.0,0.04399999976158142
679247.284707516,1497,0.022222222222222223,-0.19045816361904144,-0.0012723515974357724,0.824428141117096,0.27687209844589233,-1.2343263626098633,-0.2064715474843979,-0.6582342982292175,-0.18960287013801752,0.001853409027331323,0.810018716491125,0.2844499721910093,-1.222778434699057,-0.19452044936454435,-0.6351046015529197,0.0,0.0,0.0,0.0,0.0,0.0,0.0,0.04399999976158142
679247.306936216,1498,0.022222222222222223,-0.19161975383758545,-0.0009047212661243975,0.8239835500717163,0.27744075655937195,-1.2364072799682617,-0.2064458429813385,-0.6582171320915222,-0.18960287013801752,0.001815282971219688,0.8110911172219872,0.2843808016301146,-1.222778434699057,-0.19452044936454435,-0.6360716611494449,0.0,0.0,0.0,0.0,0.0,0.0,0.0,0.04399999976158142
679247.329188532,1499,0.022222222222222223,-0.19278135895729065,-0.0005714250146411359,0.8219396471977234,0.2780143618583679,-1.2394843101501465,-0.20663003623485565,-0.6570950746536255,-0.18960287013801752,0.0017987589673020765,0.8118735987674984,0.28437611302675286,-1.222778434699057,-0.19452044936454435,-0.636931515009728,0.0,0.0,0.0,0.0,0.0,0.0,0.0,0.04399999976158142
