t_recv,t_send,step_idx,arm_target_0,arm_target_1,arm_target_2,arm_target_3,arm_target_4,arm_target_5,arm_target_6,grip_cmd
1788154322.707773,1788154322.707507,0,-0.009592,-0.374678,0.001288,0.930996,-0.465680,-0.002781,-0.328675,0.044000
1788154322.868446,1788154322.868234,1,0.000943,-0.372045,0.008103,0.925917,-0.465111,-0.009830,-0.324702,0.044000
1788154322.976042,1788154322.975767,2,0.018059,-0.367060,0.021341,0.918014,-0.462980,-0.021451,-0.318159,0.044000
1788154323.080716,1788154323.080499,3,0.040082,-0.358666,0.042225,0.906763,-0.458417,-0.036701,-0.308346,0.044000
1788154323.186970,1788154323.186771,4,0.064335,-0.346751,0.071085,0.892440,-0.450617,-0.054948,-0.294867,0.044000
1788154323.293962,1788154323.293618,5,0.087835,-0.332257,0.107772,0.876070,-0.438525,-0.076044,-0.277740,0.044000
1788154323.386225,1788154323.386010,6,0.108252,-0.316123,0.149775,0.859356,-0.421446,-0.100002,-0.257875,0.044000
1788154323.489422,1788154323.489186,7,0.123463,-0.302654,0.192080,0.852895,-0.362314,-0.110211,-0.263463,0.044000
1788154323.594771,1788154323.593475,8,0.122816,-0.307424,0.214299,0.854622,-0.334695,-0.114820,-0.265979,0.044000
1788154323.682424,1788154323.682184,9,0.117548,-0.312641,0.240550,0.855619,-0.306997,-0.123030,-0.266458,0.044000
1788154323.794737,1788154323.794530,10,0.104315,-0.317733,0.270290,0.854116,-0.282319,-0.137471,-0.261620,0.044000
1788154323.904983,1788154323.904787,11,0.082340,-0.322409,0.305368,0.850216,-0.261069,-0.158883,-0.250891,0.044000
1788154324.006217,1788154324.006012,12,0.052426,-0.326075,0.344660,0.843647,-0.242264,-0.185963,-0.234692,0.043741
1788154324.100768,1788154324.100276,13,0.017019,-0.329638,0.382587,0.834783,-0.223614,-0.213410,-0.216787,0.043928
1788154324.196101,1788154324.195916,14,-0.022549,-0.336133,0.412379,0.823010,-0.208962,-0.237353,-0.199434,0.043964
1788154324.293048,1788154324.292840,15,-0.064021,-0.346085,0.430490,0.806046,-0.200959,-0.255454,-0.182104,0.043930
1788154324.378949,1788154324.378608,16,-0.105864,-0.357917,0.437759,0.782934,-0.197625,-0.267774,-0.163770,0.043910
1788154324.478235,1788154324.477875,17,-0.147578,-0.370068,0.438138,0.755317,-0.195746,-0.276342,-0.144566,0.043925
1788154324.583379,1788154324.583121,18,-0.188897,-0.380413,0.434095,0.724901,-0.194682,-0.282425,-0.125064,0.043963
1788154324.664551,1788154324.664371,19,-0.229018,-0.387119,0.427018,0.693344,-0.194644,-0.286900,-0.105959,0.044000
1788154324.763182,1788154324.762995,20,-0.265767,-0.389277,0.424596,0.663311,-0.195980,-0.294555,-0.088124,0.044000
1788154324.882004,1788154324.881794,21,-0.295380,-0.383354,0.427739,0.635230,-0.200762,-0.305886,-0.071557,0.044000
1788154324.991821,1788154324.991594,22,-0.320945,-0.366537,0.427054,0.607094,-0.204842,-0.313910,-0.055671,0.044000
1788154325.111012,1788154325.110779,23,-0.344121,-0.341694,0.419618,0.580850,-0.207201,-0.315501,-0.042556,0.044000
1788154325.220439,1788154325.220071,24,-0.364576,-0.313244,0.412034,0.560051,-0.212362,-0.309994,-0.033115,0.044000
1788154325.328587,1788154325.328404,25,-0.384622,-0.284298,0.404539,0.542099,-0.220302,-0.300060,-0.024349,0.044000
1788154325.419688,1788154325.419466,26,-0.405378,-0.257419,0.396692,0.526195,-0.229544,-0.284967,-0.014641,0.043987
1788154325.517344,1788154325.517119,27,-0.427148,-0.233749,0.387177,0.513259,-0.238243,-0.263744,-0.004834,0.043974
1788154325.623546,1788154325.623364,28,-0.449776,-0.212684,0.374398,0.504207,-0.246455,-0.237185,0.003577,0.039826
1788154325.727151,1788154325.726811,29,-0.472420,-0.194472,0.360821,0.499252,-0.253252,-0.207808,0.010293,0.035702
1788154325.834086,1788154325.833862,30,-0.494712,-0.179148,0.348196,0.496106,-0.256772,-0.179968,0.016503,0.031726
1788154325.943460,1788154325.943230,31,-0.516800,-0.167555,0.338267,0.493280,-0.258568,-0.157709,0.022098,0.029695
1788154326.049903,1788154326.049722,32,-0.538983,-0.160236,0.330436,0.490592,-0.259776,-0.143429,0.026962,0.028709
1788154326.157360,1788154326.157128,33,-0.559725,-0.157720,0.323926,0.489448,-0.260916,-0.138339,0.030387,0.028190
1788154326.264671,1788154326.264471,34,-0.577547,-0.159724,0.318200,0.491715,-0.262204,-0.141396,0.031568,0.027601
1788154326.372010,1788154326.371774,35,-0.591212,-0.165483,0.312828,0.498557,-0.264034,-0.150528,0.030069,0.027116
1788154326.494467,1788154326.491801,36,-0.599797,-0.173764,0.306612,0.510456,-0.267355,-0.162479,0.025545,0.026694
1788154326.610274,1788154326.609883,37,-0.603106,-0.183776,0.299506,0.527413,-0.271450,-0.175264,0.018199,0.026350
1788154326.709306,1788154326.709136,38,-0.601288,-0.195031,0.291745,0.549410,-0.275870,-0.187980,0.008182,0.026026
1788154326.820693,1788154326.820492,39,-0.594522,-0.207028,0.283185,0.576366,-0.280677,-0.199257,-0.004463,0.025777
1788154326.921126,1788154326.920960,40,-0.582999,-0.219145,0.273289,0.607915,-0.286140,-0.207154,-0.019657,0.025572
1788154327.023915,1788154327.023766,41,-0.567233,-0.231044,0.261552,0.643394,-0.292057,-0.210836,-0.037048,0.025376
1788154327.132817,1788154327.132690,42,-0.547650,-0.242979,0.248183,0.682475,-0.297883,-0.211418,-0.056296,0.025266
1788154327.247400,1788154327.247156,43,-0.524137,-0.255319,0.233179,0.723826,-0.304545,-0.210309,-0.077925,0.025009
1788154327.339505,1788154327.339222,44,-0.495331,-0.268528,0.216925,0.766408,-0.313008,-0.209019,-0.100758,0.024668
1788154327.441300,1788154327.440982,45,-0.459850,-0.283084,0.200963,0.809297,-0.321996,-0.209121,-0.122767,0.024556
1788154327.532300,1788154327.532101,46,-0.418592,-0.297808,0.187041,0.850710,-0.328899,-0.208532,-0.143771,0.024590
1788154327.635832,1788154327.635504,47,-0.375405,-0.311155,0.175874,0.888051,-0.332143,-0.206318,-0.163220,0.024439
1788154327.740538,1788154327.740304,48,-0.333871,-0.321893,0.167577,0.919298,-0.332533,-0.202546,-0.181646,0.024432
1788154327.847601,1788154327.847346,49,-0.296461,-0.329112,0.162158,0.943046,-0.330713,-0.197431,-0.199481,0.024589
1788154327.969175,1788154327.968854,50,-0.264082,-0.332693,0.159469,0.960509,-0.327038,-0.191288,-0.216213,0.024565
1788154328.079722,1788154328.079470,51,-0.237492,-0.332912,0.159041,0.973474,-0.321959,-0.184556,-0.231910,0.024616
1788154328.201129,1788154328.200926,52,-0.217624,-0.329147,0.159211,0.982716,-0.316330,-0.175206,-0.246875,0.024658
1788154328.311723,1788154328.311342,53,-0.203324,-0.321425,0.158015,0.990380,-0.311869,-0.161985,-0.261947,0.024763
1788154328.424140,1788154328.423956,54,-0.192786,-0.310858,0.154532,0.998645,-0.309146,-0.145245,-0.277830,0.024814
1788154328.533230,1788154328.532969,55,-0.185101,-0.298620,0.148286,1.008160,-0.308564,-0.125333,-0.293462,0.024910
1788154328.653951,1788154328.653761,56,-0.179451,-0.285811,0.139010,1.018923,-0.310035,-0.102462,-0.307315,0.024962
1788154328.763849,1788154328.763493,57,-0.175323,-0.273329,0.126255,1.030096,-0.313530,-0.076921,-0.318533,0.024928
1788154328.877084,1788154328.876881,58,-0.171872,-0.263288,0.112032,1.040409,-0.318100,-0.051302,-0.326491,0.025017
1788154328.985482,1788154328.985250,59,-0.169292,-0.255586,0.098001,1.047586,-0.322572,-0.026353,-0.330659,0.024979
1788154329.098482,1788154329.098288,60,-0.167641,-0.251478,0.085837,1.050411,-0.326515,-0.005656,-0.330923,0.025112
1788154329.203497,1788154329.203305,61,-0.164627,-0.251202,0.076210,1.048999,-0.329879,0.008049,-0.333277,0.024972
1788154329.313595,1788154329.313377,62,-0.158381,-0.252983,0.069954,1.045760,-0.333353,0.014695,-0.340986,0.025090
1788154329.404448,1788154329.404261,63,-0.153584,-0.256058,0.068176,1.039849,-0.335833,0.014831,-0.348609,0.025123
1788154329.509605,1788154329.506696,64,-0.152215,-0.255217,0.068195,1.031819,-0.338030,0.016839,-0.357938,0.025125
1788154329.613575,1788154329.613398,65,-0.154113,-0.250072,0.067635,1.023017,-0.339457,0.023745,-0.370058,0.024991
1788154329.718878,1788154329.718696,66,-0.158459,-0.242164,0.064302,1.015236,-0.341298,0.036212,-0.381913,0.024931
1788154329.814983,1788154329.814754,67,-0.164047,-0.234749,0.058546,1.009178,-0.343505,0.051328,-0.390495,0.024892
1788154329.929343,1788154329.927884,68,-0.170232,-0.230593,0.051352,1.003043,-0.345637,0.065494,-0.395110,0.024943
1788154330.027032,1788154330.026708,69,-0.173578,-0.229897,0.043488,0.996649,-0.347784,0.077434,-0.398709,0.024776
1788154330.134918,1788154330.134465,70,-0.172299,-0.232003,0.038574,0.990944,-0.351215,0.083281,-0.401114,0.024823
1788154330.236576,1788154330.236363,71,-0.169067,-0.236004,0.038759,0.984724,-0.353644,0.081930,-0.403592,0.024881
1788154330.322464,1788154330.322260,72,-0.167186,-0.237950,0.041969,0.978161,-0.356018,0.078698,-0.407037,0.024890
1788154330.427841,1788154330.426835,73,-0.166703,-0.234874,0.045095,0.974354,-0.358125,0.080860,-0.414983,0.025246
1788154330.556031,1788154330.555658,74,-0.169109,-0.227908,0.045744,0.973527,-0.359265,0.090507,-0.420699,0.025163
1788154330.649595,1788154330.649272,75,-0.172565,-0.220024,0.043765,0.975794,-0.360815,0.104410,-0.422910,0.025285
1788154330.754029,1788154330.753829,76,-0.176391,-0.212867,0.038890,0.980036,-0.363210,0.120472,-0.421985,0.025249
1788154330.872441,1788154330.871905,77,-0.179126,-0.208131,0.032222,0.985689,-0.365875,0.136502,-0.418576,0.025356
1788154331.008793,1788154331.008519,78,-0.180335,-0.204931,0.024976,0.991206,-0.369003,0.152432,-0.412725,0.025145
1788154331.131754,1788154331.131510,79,-0.180567,-0.204136,0.019800,0.994842,-0.372188,0.164388,-0.403019,0.025161
1788154331.248861,1788154331.248642,80,-0.179140,-0.205935,0.018609,0.995820,-0.374543,0.170217,-0.393216,0.025226
1788154331.365482,1788154331.365222,81,-0.176142,-0.206072,0.020574,0.995556,-0.377055,0.174655,-0.386893,0.025256
1788154331.458447,1788154331.458264,82,-0.174416,-0.203120,0.025238,0.996524,-0.380941,0.179149,-0.383577,0.025185
1788154331.559829,1788154331.559525,83,-0.175393,-0.197729,0.028667,0.999676,-0.382403,0.187252,-0.382907,0.024947
1788154331.666021,1788154331.665581,84,-0.177483,-0.191125,0.028225,1.005074,-0.383568,0.199771,-0.385708,0.024824
1788154331.757201,1788154331.756989,85,-0.181296,-0.184548,0.024055,1.011396,-0.385245,0.215457,-0.387281,0.024925
1788154331.861174,1788154331.861002,86,-0.186583,-0.179512,0.018029,1.016388,-0.385844,0.232564,-0.386337,0.025071
1788154331.962133,1788154331.961947,87,-0.192406,-0.175713,0.011434,1.018294,-0.385708,0.250045,-0.382693,0.025154
1788154332.066581,1788154332.066384,88,-0.197060,-0.174435,0.007121,1.016347,-0.384898,0.263112,-0.376080,0.025197
1788154332.156466,1788154332.156286,89,-0.197746,-0.174607,0.008088,1.013264,-0.385452,0.269333,-0.372514,0.025288
1788154332.267870,1788154332.267572,90,-0.197864,-0.175193,0.013304,1.008632,-0.386860,0.268428,-0.371134,0.025221
1788154332.375737,1788154332.375549,91,-0.197620,-0.174990,0.020042,1.005911,-0.389256,0.264510,-0.373973,0.025187
1788154332.478043,1788154332.477799,92,-0.200103,-0.172194,0.024338,1.005237,-0.392303,0.264856,-0.379545,0.025341
1788154332.581698,1788154332.581311,93,-0.205343,-0.167665,0.024161,1.006465,-0.393682,0.272101,-0.383706,0.025514
1788154332.691935,1788154332.691757,94,-0.212714,-0.163534,0.020446,1.007587,-0.394570,0.283540,-0.383909,0.025547
1788154332.798803,1788154332.798640,95,-0.220022,-0.161369,0.014889,1.007430,-0.394409,0.296152,-0.381261,0.025527
1788154332.886179,1788154332.885977,96,-0.224126,-0.161968,0.010738,1.005860,-0.392859,0.306050,-0.375952,0.025535
1788154332.989701,1788154332.989447,97,-0.223030,-0.164165,0.011354,1.004415,-0.393757,0.308977,-0.373553,0.025640
1788154333.096535,1788154333.096081,98,-0.220402,-0.165660,0.015712,1.001855,-0.395433,0.306725,-0.374332,0.025586
1788154333.211183,1788154333.210834,99,-0.220523,-0.165655,0.021597,0.998299,-0.399117,0.302601,-0.375337,0.025437
1788154333.319858,1788154333.319424,100,-0.223728,-0.162751,0.024509,0.995578,-0.403412,0.303316,-0.380225,0.025534
1788154333.426574,1788154333.426323,101,-0.230417,-0.158307,0.022721,0.993189,-0.406115,0.310413,-0.383429,0.025393
1788154333.517130,1788154333.516935,102,-0.237082,-0.155868,0.018430,0.991873,-0.406915,0.319412,-0.384673,0.025354
1788154333.616217,1788154333.615941,103,-0.240574,-0.155169,0.012745,0.991019,-0.405297,0.329717,-0.385538,0.025330
1788154333.714814,1788154333.714612,104,-0.239613,-0.156584,0.010122,0.989706,-0.403608,0.335394,-0.384189,0.025445
1788154333.832096,1788154333.828605,105,-0.236860,-0.159332,0.011713,0.986691,-0.404489,0.333762,-0.379077,0.025443
1788154333.941325,1788154333.939634,106,-0.234401,-0.160970,0.016409,0.982489,-0.407035,0.329616,-0.373804,0.025469
1788154334.050894,1788154334.050716,107,-0.233520,-0.161196,0.023193,0.980488,-0.413305,0.323679,-0.370075,0.025475
1788154334.140882,1788154334.140671,108,-0.234272,-0.158734,0.027522,0.982841,-0.417826,0.324058,-0.369869,0.025430
1788154334.251301,1788154334.251071,109,-0.236753,-0.154638,0.027494,0.988157,-0.419531,0.331640,-0.368459,0.025381
1788154334.362768,1788154334.362563,110,-0.239693,-0.152541,0.025263,0.994699,-0.419532,0.340498,-0.363678,0.025370
1788154334.469601,1788154334.469390,111,-0.240780,-0.152279,0.021715,1.001365,-0.416982,0.350245,-0.356663,0.025368
1788154334.568450,1788154334.568239,112,-0.238925,-0.154177,0.020820,1.007561,-0.415023,0.356116,-0.346754,0.025382
1788154334.675354,1788154334.675150,113,-0.233819,-0.157459,0.024708,1.013370,-0.414390,0.355305,-0.338605,0.025416
1788154334.788946,1788154334.788733,114,-0.227930,-0.159001,0.031520,1.018788,-0.414676,0.352555,-0.333491,0.025434
1788154334.899438,1788154334.899246,115,-0.224323,-0.159620,0.039405,1.025271,-0.418339,0.347855,-0.329360,0.025429
1788154334.991020,1788154334.990820,116,-0.223345,-0.159017,0.044060,1.034036,-0.420861,0.347997,-0.327687,0.025402
1788154335.087956,1788154335.087769,117,-0.223874,-0.157545,0.043574,1.043648,-0.421423,0.353512,-0.329029,0.025410
1788154335.191668,1788154335.191352,118,-0.226865,-0.156101,0.039324,1.049889,-0.419148,0.362831,-0.329309,0.025387
1788154335.297924,1788154335.297676,119,-0.230983,-0.155433,0.034018,1.050979,-0.415253,0.373461,-0.327844,0.025377
1788154335.403333,1788154335.402948,120,-0.230474,-0.155626,0.030353,1.051689,-0.411167,0.382120,-0.326546,0.025427
1788154335.510011,1788154335.509811,121,-0.227145,-0.155805,0.031081,1.053223,-0.411957,0.385522,-0.324474,0.025506
1788154335.617300,1788154335.617051,122,-0.225064,-0.157421,0.036240,1.050954,-0.411532,0.380835,-0.321936,0.025440
1788154335.728691,1788154335.728455,123,-0.223941,-0.157659,0.042676,1.047021,-0.413041,0.374488,-0.322736,0.025436
1788154335.831313,1788154335.830942,124,-0.225715,-0.154840,0.046080,1.043918,-0.418790,0.372328,-0.326624,0.025429
1788154335.927165,1788154335.926981,125,-0.230153,-0.150346,0.044517,1.041981,-0.420972,0.377888,-0.329298,0.025372
1788154336.033195,1788154336.032994,126,-0.235420,-0.148164,0.040014,1.040534,-0.421961,0.384746,-0.328315,0.025372
1788154336.141254,1788154336.140843,127,-0.238120,-0.147556,0.034181,1.039514,-0.419798,0.393291,-0.326672,0.025395
1788154336.251003,1788154336.250114,128,-0.237298,-0.147653,0.031166,1.038651,-0.417868,0.399574,-0.323200,0.025423
1788154336.364473,1788154336.364099,129,-0.234049,-0.149121,0.034013,1.037360,-0.417937,0.397871,-0.320048,0.025442
1788154336.466105,1788154336.465916,130,-0.231212,-0.150112,0.040214,1.036543,-0.420491,0.391991,-0.318067,0.025459
1788154336.579509,1788154336.579302,131,-0.230073,-0.151015,0.046053,1.038431,-0.425754,0.384607,-0.317933,0.025440
1788154336.689036,1788154336.688670,132,-0.228843,-0.150518,0.047701,1.044804,-0.428571,0.383927,-0.321769,0.025371
1788154336.796780,1788154336.796586,133,-0.232162,-0.148316,0.044217,1.048274,-0.428405,0.390103,-0.322134,0.025426
1788154336.912518,1788154336.912099,134,-0.236624,-0.147491,0.039095,1.048215,-0.425123,0.398327,-0.319684,0.025390
1788154337.005642,1788154337.005387,135,-0.236915,-0.148361,0.036465,1.047535,-0.420479,0.404490,-0.316461,0.025379
1788154337.131530,1788154337.131289,136,-0.231119,-0.150193,0.038817,1.050048,-0.420631,0.403357,-0.317567,0.025416
1788154337.235516,1788154337.235305,137,-0.226117,-0.151460,0.043944,1.050244,-0.420586,0.397459,-0.320029,0.025423
1788154337.340405,1788154337.340168,138,-0.224750,-0.150315,0.048060,1.049692,-0.424495,0.393206,-0.322990,0.025438
1788154337.447231,1788154337.447017,139,-0.227688,-0.147136,0.047642,1.048025,-0.427567,0.395507,-0.326685,0.025369
1788154337.554779,1788154337.554468,140,-0.233728,-0.145291,0.043559,1.043655,-0.428384,0.400003,-0.329575,0.025508
1788154337.675027,1788154337.674772,141,-0.238506,-0.144405,0.038494,1.036456,-0.423891,0.406683,-0.332644,0.025476
1788154337.784928,1788154337.784704,142,-0.240818,-0.145186,0.035882,1.032321,-0.426412,0.409273,-0.332315,0.025548
1788154337.893748,1788154337.893213,143,-0.240507,-0.147442,0.037491,1.028675,-0.422870,0.407414,-0.330242,0.025483
1788154338.001113,1788154338.000909,144,-0.237730,-0.150679,0.042760,1.025462,-0.422591,0.398823,-0.328921,0.025489
1788154338.098675,1788154338.098495,145,-0.234885,-0.152744,0.049347,1.024848,-0.426465,0.388100,-0.329461,0.025497
1788154338.207825,1788154338.207608,146,-0.233850,-0.152556,0.053197,1.027842,-0.431374,0.382139,-0.332669,0.025454
1788154338.315033,1788154338.314522,147,-0.236061,-0.151611,0.051642,1.030478,-0.430935,0.383815,-0.332689,0.025395
1788154338.422610,1788154338.422426,148,-0.237737,-0.152179,0.047144,1.032907,-0.429191,0.388384,-0.330202,0.025394
1788154338.532711,1788154338.532180,149,-0.236036,-0.151697,0.043571,1.036462,-0.426717,0.395546,-0.327004,0.025584
1788154338.637501,1788154338.637247,150,-0.234921,-0.152626,0.045062,1.035940,-0.423988,0.396632,-0.319479,0.025617
1788154338.745737,1788154338.745494,151,-0.234442,-0.152727,0.050512,1.032267,-0.422562,0.395284,-0.315038,0.025460
1788154338.851584,1788154338.851351,152,-0.232988,-0.151869,0.055501,1.032862,-0.427107,0.392835,-0.316494,0.025483
1788154338.958073,1788154338.957870,153,-0.235981,-0.148929,0.055129,1.034106,-0.429174,0.396823,-0.314152,0.025595
1788154339.074727,1788154339.074536,154,-0.238663,-0.147860,0.052011,1.035921,-0.427331,0.402783,-0.309149,0.025481
1788154339.184895,1788154339.184668,155,-0.238743,-0.148578,0.051029,1.037784,-0.425811,0.406463,-0.305478,0.025422
1788154339.294633,1788154339.294417,156,-0.232711,-0.151564,0.054459,1.042308,-0.423425,0.402806,-0.308297,0.025618
1788154339.404783,1788154339.404588,157,-0.226025,-0.154890,0.059186,1.044809,-0.421922,0.393546,-0.314368,0.025641
1788154339.515001,1788154339.514776,158,-0.222827,-0.156304,0.063127,1.045063,-0.423253,0.385318,-0.320505,0.025499
1788154339.622917,1788154339.622634,159,-0.225406,-0.154002,0.063276,1.042424,-0.425458,0.384409,-0.325937,0.025344
1788154339.733672,1788154339.733448,160,-0.230622,-0.150398,0.059587,1.039368,-0.426424,0.389106,-0.330670,0.025420
1788154339.843117,1788154339.842741,161,-0.236085,-0.148944,0.053494,1.035854,-0.425479,0.394454,-0.333032,0.025318
1788154339.960796,1788154339.959382,162,-0.237692,-0.150014,0.046708,1.034105,-0.423371,0.398972,-0.335600,0.025503
1788154340.066717,1788154340.066509,163,-0.235849,-0.152099,0.042938,1.033652,-0.421902,0.400206,-0.336728,0.025472
1788154340.177826,1788154340.177628,164,-0.232587,-0.155838,0.044464,1.032744,-0.420390,0.393831,-0.333562,0.025351
1788154340.293880,1788154340.293294,165,-0.226375,-0.158935,0.049174,1.033307,-0.419328,0.384512,-0.332200,0.025515
1788154340.400633,1788154340.400451,166,-0.221156,-0.160934,0.055715,1.033601,-0.420780,0.373006,-0.330672,0.025206
1788154340.510046,1788154340.509707,167,-0.219744,-0.160596,0.061006,1.035348,-0.425857,0.364383,-0.330002,0.025144
1788154340.625388,1788154340.625039,168,-0.219428,-0.158476,0.062038,1.039725,-0.426539,0.364375,-0.332847,0.025078
1788154340.734548,1788154340.734363,169,-0.220150,-0.155409,0.058086,1.045297,-0.426317,0.370596,-0.334546,0.025160
1788154340.846526,1788154340.846198,170,-0.223597,-0.153164,0.052352,1.047554,-0.423815,0.379833,-0.331963,0.025108
1788154340.953596,1788154340.953251,171,-0.224789,-0.153677,0.048567,1.047316,-0.417549,0.386710,-0.326469,0.025127
1788154341.064434,1788154341.064097,172,-0.223245,-0.154947,0.049093,1.046813,-0.416862,0.388186,-0.322129,0.025073
1788154341.171579,1788154341.171381,173,-0.216237,-0.157843,0.053728,1.049680,-0.416080,0.381314,-0.324580,0.025077
1788154341.280379,1788154341.277540,174,-0.209933,-0.160085,0.059191,1.052756,-0.417345,0.371356,-0.329034,0.025129
1788154341.372323,1788154341.372132,175,-0.208453,-0.160378,0.062935,1.054836,-0.420272,0.363855,-0.333828,0.025277
1788154341.475820,1788154341.473580,176,-0.209531,-0.158551,0.062296,1.057308,-0.420675,0.363986,-0.340623,0.025123
1788154341.574167,1788154341.573946,177,-0.214946,-0.157193,0.058152,1.055511,-0.419135,0.367375,-0.344135,0.025302
1788154341.686812,1788154341.686589,178,-0.221955,-0.157533,0.053565,1.048461,-0.414463,0.371679,-0.345036,0.025159
1788154341.791713,1788154341.791550,179,-0.223934,-0.160415,0.050348,1.042041,-0.411211,0.371703,-0.346052,0.025302
1788154341.902693,1788154341.902478,180,-0.222893,-0.164097,0.050706,1.038121,-0.413075,0.366175,-0.346417,0.025200
1788154342.011572,1788154342.011391,181,-0.218049,-0.165753,0.053965,1.036752,-0.411076,0.360568,-0.350148,0.025174
1788154342.119371,1788154342.119150,182,-0.213452,-0.165235,0.057922,1.036936,-0.414384,0.353799,-0.355868,0.025199
1788154342.224226,1788154342.223945,183,-0.214941,-0.162388,0.059061,1.034710,-0.416092,0.352078,-0.359053,0.024966
1788154342.322285,1788154342.322100,184,-0.219067,-0.158138,0.055461,1.031578,-0.415710,0.357349,-0.360344,0.024922
1788154342.418552,1788154342.418331,185,-0.223488,-0.155593,0.049432,1.029698,-0.417442,0.364186,-0.358085,0.025278
1788154342.527529,1788154342.527336,186,-0.224662,-0.155445,0.043577,1.030812,-0.417136,0.370775,-0.355337,0.025138
1788154342.639399,1788154342.639176,187,-0.222203,-0.157075,0.041826,1.033720,-0.415620,0.373423,-0.350699,0.025060
1788154342.729308,1788154342.728874,188,-0.215338,-0.160659,0.044856,1.037641,-0.413603,0.368063,-0.348081,0.024988
1788154342.837317,1788154342.837082,189,-0.207987,-0.163623,0.050367,1.040346,-0.412721,0.359502,-0.346791,0.025055
1788154342.941519,1788154342.941305,190,-0.203106,-0.165419,0.057150,1.043230,-0.415850,0.348862,-0.345793,0.025188
1788154343.035398,1788154343.035160,191,-0.201554,-0.164448,0.060926,1.048369,-0.419783,0.343756,-0.347296,0.025130
1788154343.135900,1788154343.135497,192,-0.203561,-0.162260,0.060073,1.052469,-0.419565,0.345436,-0.349986,0.025203
1788154343.251312,1788154343.251089,193,-0.209536,-0.160249,0.056415,1.051397,-0.416772,0.351432,-0.350066,0.025204
1788154343.367294,1788154343.365890,194,-0.215196,-0.159398,0.051354,1.047496,-0.413941,0.358204,-0.349550,0.025230
1788154343.477190,1788154343.475342,195,-0.215751,-0.160088,0.047430,1.045708,-0.411511,0.363635,-0.349261,0.025138
1788154343.586465,1788154343.586219,196,-0.212515,-0.161535,0.048093,1.045788,-0.410791,0.363873,-0.347856,0.025173
1788154343.685678,1788154343.685473,197,-0.210286,-0.162980,0.052705,1.042589,-0.409557,0.358512,-0.344896,0.025239
1788154343.782665,1788154343.782461,198,-0.211672,-0.161930,0.057861,1.037018,-0.412218,0.353647,-0.342154,0.025068
1788154343.884311,1788154343.884089,199,-0.214847,-0.158327,0.059841,1.032935,-0.415830,0.354293,-0.343226,0.025130
1788154343.978202,1788154343.977990,200,-0.217214,-0.154866,0.058245,1.032256,-0.418321,0.358517,-0.349062,0.025029
1788154344.078263,1788154344.078064,201,-0.221316,-0.153880,0.053879,1.030967,-0.417890,0.363177,-0.352612,0.024893
1788154344.180670,1788154344.180478,202,-0.223229,-0.154399,0.047760,1.030135,-0.414799,0.369687,-0.356370,0.025188
1788154344.269603,1788154344.269389,203,-0.223148,-0.155174,0.043964,1.028507,-0.412778,0.374058,-0.357861,0.025153
1788154344.373220,1788154344.372860,204,-0.223554,-0.157689,0.045452,1.023964,-0.411465,0.370358,-0.353818,0.025101
1788154344.477056,1788154344.476020,205,-0.220619,-0.160023,0.050371,1.021240,-0.411171,0.362519,-0.352341,0.025072
1788154344.594054,1788154344.593842,206,-0.215857,-0.161278,0.056553,1.022371,-0.414079,0.352807,-0.353550,0.025102
1788154344.698123,1788154344.697924,207,-0.214617,-0.159910,0.059746,1.025691,-0.418434,0.348394,-0.355437,0.025050
1788154344.789191,1788154344.788983,208,-0.216984,-0.157418,0.058414,1.029137,-0.418937,0.351362,-0.356471,0.025292
1788154344.892799,1788154344.892514,209,-0.222537,-0.154926,0.053078,1.030487,-0.419104,0.358699,-0.354569,0.026011
1788154344.998139,1788154344.997864,210,-0.226554,-0.153705,0.046151,1.032100,-0.417968,0.368284,-0.352099,0.026457
1788154345.108048,1788154345.107441,211,-0.230460,-0.154274,0.041230,1.031022,-0.415600,0.376456,-0.343787,0.026380
1788154345.214721,1788154345.214505,212,-0.229254,-0.157079,0.042003,1.029884,-0.413275,0.377005,-0.339564,0.026540
1788154345.305339,1788154345.305107,213,-0.225221,-0.157192,0.045133,1.028383,-0.412707,0.375407,-0.341361,0.026416
1788154345.407192,1788154345.406981,214,-0.223425,-0.155238,0.049434,1.025729,-0.415143,0.372217,-0.343655,0.026424
1788154345.511480,1788154345.511246,215,-0.226823,-0.153167,0.052557,1.021196,-0.419671,0.367729,-0.345523,0.026406
1788154345.620241,1788154345.619994,216,-0.231517,-0.150257,0.051671,1.016403,-0.421602,0.367218,-0.352061,0.026392
1788154345.737399,1788154345.735899,217,-0.240468,-0.148351,0.048690,1.007064,-0.422955,0.368044,-0.356043,0.026410
1788154345.849697,1788154345.849447,218,-0.248718,-0.148168,0.045072,0.995043,-0.419850,0.369636,-0.360280,0.026395
1788154345.962506,1788154345.962289,219,-0.251859,-0.149434,0.043939,0.985507,-0.419166,0.367676,-0.365826,0.026421
1788154346.084214,1788154346.083600,220,-0.251395,-0.151993,0.047116,0.978607,-0.417869,0.359953,-0.368240,0.026414
1788154346.201726,1788154346.201484,221,-0.249228,-0.153613,0.052683,0.972781,-0.417241,0.349842,-0.370684,0.026409
1788154346.309590,1788154346.309260,222,-0.247739,-0.154570,0.058344,0.969875,-0.422101,0.337113,-0.374436,0.026407
1788154346.416329,1788154346.416054,223,-0.247072,-0.154233,0.060296,0.970989,-0.425135,0.330311,-0.380758,0.026388
1788154346.508005,1788154346.507599,224,-0.249428,-0.152859,0.057170,0.972103,-0.425959,0.331537,-0.383290,0.026379
1788154346.609947,1788154346.609733,225,-0.252722,-0.152561,0.052028,0.970707,-0.423663,0.336527,-0.382264,0.026401
1788154346.721459,1788154346.720695,226,-0.252598,-0.154624,0.049754,0.967890,-0.419732,0.338669,-0.379356,0.026408
1788154346.812351,1788154346.812171,227,-0.248671,-0.157550,0.052409,0.965543,-0.419544,0.333507,-0.379294,0.026430
1788154346.919859,1788154346.919511,228,-0.244760,-0.158582,0.057644,0.963552,-0.420595,0.325826,-0.381522,0.026410
1788154347.025509,1788154347.025305,229,-0.244030,-0.156932,0.061010,0.962782,-0.424855,0.320292,-0.385672,0.026398
1788154347.135315,1788154347.134969,230,-0.246626,-0.154010,0.059592,0.962571,-0.425365,0.322429,-0.387647,0.026393
1788154347.225257,1788154347.225045,231,-0.250075,-0.153682,0.055524,0.962643,-0.425331,0.326191,-0.385960,0.026388
1788154347.327704,1788154347.327512,232,-0.251083,-0.155167,0.051296,0.962552,-0.422257,0.330865,-0.383031,0.026407
1788154347.433350,1788154347.431853,233,-0.248467,-0.157198,0.050561,0.962573,-0.420598,0.331804,-0.380400,0.026423
1788154347.542475,1788154347.542267,234,-0.244492,-0.160493,0.054884,0.961256,-0.419544,0.324870,-0.379112,0.026417
1788154347.650867,1788154347.649492,235,-0.239846,-0.162742,0.060941,0.962136,-0.420903,0.314797,-0.380869,0.026404
1788154347.756448,1788154347.756256,236,-0.237482,-0.161872,0.064571,0.965972,-0.424412,0.308933,-0.385312,0.026397
1788154347.865905,1788154347.865659,237,-0.238807,-0.159369,0.063923,0.970747,-0.424485,0.310825,-0.386932,0.026395
1788154347.969261,1788154347.968769,238,-0.242291,-0.156541,0.059711,0.974549,-0.423342,0.318372,-0.385440,0.026397
1788154348.078513,1788154348.078313,239,-0.245539,-0.155176,0.054454,0.976105,-0.420343,0.327656,-0.381436,0.026406
1788154348.186431,1788154348.185770,240,-0.245640,-0.156170,0.051406,0.976067,-0.416533,0.333957,-0.375580,0.026410
1788154348.277668,1788154348.277494,241,-0.242180,-0.158230,0.053097,0.975439,-0.415395,0.333543,-0.371889,0.026428
1788154348.373136,1788154348.372814,242,-0.239716,-0.158252,0.057746,0.973780,-0.417202,0.329982,-0.370144,0.026418
1788154348.477632,1788154348.477425,243,-0.240159,-0.157980,0.061755,0.973125,-0.421938,0.323764,-0.371047,0.026397
1788154348.587345,1788154348.585771,244,-0.240271,-0.156777,0.061178,0.976038,-0.423715,0.323514,-0.377004,0.026388
1788154348.695233,1788154348.695056,245,-0.245529,-0.155757,0.057156,0.974478,-0.424408,0.326874,-0.378420,0.026405
1788154348.803861,1788154348.803649,246,-0.250312,-0.156300,0.052571,0.970372,-0.421410,0.331524,-0.378616,0.026402
1788154348.917346,1788154348.917143,247,-0.250490,-0.157894,0.050731,0.967268,-0.419871,0.333220,-0.379167,0.026420
1788154349.023493,1788154349.023267,248,-0.247609,-0.160794,0.053868,0.964885,-0.418594,0.328049,-0.378698,0.026417
1788154349.130495,1788154349.130288,249,-0.243387,-0.162874,0.059728,0.963716,-0.418370,0.319590,-0.379009,0.026410
1788154349.400853,1788154349.400442,250,-0.240770,-0.162909,0.064926,0.965697,-0.422980,0.311187,-0.381031,0.026404
1788154349.497728,1788154349.497529,251,-0.241041,-0.161958,0.069859,0.971260,-0.424125,0.307716,-0.379174,0.026404
1788154349.595790,1788154349.595112,252,-0.242820,-0.159402,0.074173,0.980047,-0.423420,0.310225,-0.373967,0.026391
1788154349.701071,1788154349.700862,253,-0.245542,-0.155286,0.077136,0.991688,-0.422721,0.317520,-0.366625,0.026397
1788154349.792682,1788154349.792475,254,-0.249693,-0.150030,0.078387,1.006323,-0.423496,0.328359,-0.357547,0.026401
1788154349.896534,1788154349.896321,255,-0.256133,-0.144502,0.077549,1.023971,-0.425527,0.341827,-0.346748,0.026405
1788154349.998497,1788154349.998008,256,-0.264704,-0.140999,0.074934,1.043428,-0.425637,0.356175,-0.333091,0.026403
1788154350.100941,1788154350.100738,257,-0.272905,-0.141301,0.072972,1.062201,-0.419532,0.369478,-0.315725,0.026395
1788154350.205671,1788154350.205298,258,-0.278665,-0.145252,0.073270,1.078532,-0.410713,0.378596,-0.295065,0.026399
1788154350.313779,1788154350.313381,259,-0.280750,-0.152244,0.076062,1.093271,-0.403823,0.381350,-0.274142,0.026394
1788154350.425931,1788154350.425596,260,-0.278922,-0.159964,0.080267,1.107621,-0.398501,0.381273,-0.255688,0.026394
1788154350.523596,1788154350.522927,261,-0.274598,-0.166955,0.085272,1.123724,-0.396617,0.380997,-0.238417,0.026409
1788154350.618083,1788154350.617739,262,-0.271022,-0.173659,0.090399,1.141563,-0.397870,0.380195,-0.220840,0.026402
1788154350.717691,1788154350.717412,263,-0.266793,-0.181400,0.095285,1.162042,-0.397934,0.378282,-0.204250,0.026392
1788154350.821715,1788154350.821437,264,-0.260821,-0.187744,0.097852,1.184882,-0.398996,0.377569,-0.190663,0.026394
1788154350.914443,1788154350.914180,265,-0.259166,-0.190563,0.097933,1.202569,-0.398982,0.382201,-0.176647,0.026404
1788154351.009049,1788154351.008789,266,-0.256277,-0.194506,0.100083,1.215695,-0.391133,0.386574,-0.163686,0.026397
1788154351.112875,1788154351.112591,267,-0.253757,-0.196440,0.103396,1.226090,-0.390477,0.390555,-0.152871,0.026417
1788154351.220931,1788154351.220512,268,-0.254985,-0.196400,0.104294,1.234203,-0.396408,0.393266,-0.147013,0.026398
1788154351.331464,1788154351.331253,269,-0.256246,-0.198425,0.104213,1.239983,-0.393412,0.395915,-0.143166,0.026387
1788154351.435912,1788154351.435724,270,-0.254871,-0.202996,0.107201,1.244478,-0.387608,0.394958,-0.138983,0.026405
1788154351.543376,1788154351.543187,271,-0.254346,-0.206075,0.110486,1.250160,-0.391837,0.391385,-0.135812,0.026405
1788154351.644200,1788154351.643995,272,-0.254845,-0.206140,0.110004,1.255234,-0.392765,0.393207,-0.134901,0.026370
1788154351.750872,1788154351.750625,273,-0.258697,-0.204032,0.107913,1.256370,-0.390433,0.401848,-0.130717,0.026400
1788154351.864392,1788154351.864161,274,-0.260875,-0.205163,0.109457,1.253877,-0.381333,0.405148,-0.125187,0.026400
1788154351.983576,1788154351.983242,275,-0.259533,-0.208166,0.113253,1.253882,-0.382539,0.400931,-0.122042,0.026418
1788154352.094473,1788154352.094204,276,-0.258734,-0.207035,0.113264,1.257906,-0.391448,0.399966,-0.122184,0.026401
1788154352.202359,1788154352.202083,277,-0.261567,-0.204806,0.110641,1.258183,-0.390783,0.404889,-0.119591,0.026395
1788154352.319028,1788154352.318788,278,-0.263105,-0.205173,0.110826,1.255149,-0.383338,0.408765,-0.114705,0.026403
1788154352.423437,1788154352.423123,279,-0.262613,-0.208048,0.114482,1.253443,-0.384922,0.403746,-0.111022,0.026421
1788154352.530473,1788154352.530275,280,-0.260587,-0.207500,0.115301,1.255655,-0.390825,0.401676,-0.112305,0.026397
1788154352.645830,1788154352.645621,281,-0.263145,-0.204472,0.113431,1.256199,-0.393644,0.407303,-0.109165,0.026398
1788154352.753940,1788154352.753719,282,-0.265788,-0.203066,0.112572,1.252910,-0.385815,0.414059,-0.103732,0.026395
1788154352.862620,1788154352.862425,283,-0.266725,-0.202526,0.114700,1.251021,-0.386956,0.415512,-0.100500,0.026423
1788154352.971492,1788154352.971286,284,-0.268125,-0.202085,0.116009,1.248703,-0.390525,0.411862,-0.100402,0.026380
1788154353.079309,1788154353.079067,285,-0.268059,-0.198697,0.113129,1.248510,-0.398441,0.411625,-0.107021,0.026402
1788154353.182884,1788154353.182678,286,-0.272853,-0.196315,0.110262,1.243483,-0.403077,0.410650,-0.110996,0.026409
1788154353.289646,1788154353.288931,287,-0.278577,-0.196857,0.109238,1.232897,-0.398787,0.407899,-0.112762,0.026391
1788154353.399862,1788154353.399648,288,-0.278491,-0.199352,0.110374,1.225598,-0.400124,0.399708,-0.118717,0.026417
1788154353.511075,1788154353.510833,289,-0.277280,-0.199395,0.111457,1.223595,-0.406961,0.393276,-0.125764,0.026416
1788154353.615255,1788154353.615017,290,-0.279081,-0.198510,0.109750,1.219483,-0.406576,0.392987,-0.128116,0.026378
1788154353.724268,1788154353.723951,291,-0.278161,-0.200526,0.109256,1.217323,-0.403439,0.392611,-0.126910,0.026405
1788154353.813774,1788154353.813598,292,-0.272366,-0.204930,0.111465,1.219596,-0.403179,0.384992,-0.126887,0.026400
1788154353.909461,1788154353.909123,293,-0.266898,-0.204284,0.111904,1.226208,-0.410088,0.381740,-0.128576,0.026413
1788154354.010816,1788154354.010450,294,-0.265959,-0.202086,0.110301,1.229674,-0.410409,0.383532,-0.126403,0.026378
1788154354.120086,1788154354.119886,295,-0.264229,-0.202441,0.109196,1.228438,-0.403044,0.384954,-0.122699,0.026386
1788154354.225416,1788154354.225195,296,-0.261365,-0.203219,0.110311,1.228922,-0.406255,0.382512,-0.120316,0.026420
1788154354.330335,1788154354.330105,297,-0.259274,-0.201619,0.109430,1.229749,-0.412403,0.378742,-0.124900,0.026394
1788154354.424883,1788154354.424646,298,-0.262265,-0.200103,0.107477,1.227858,-0.416695,0.377365,-0.126403,0.026403
1788154354.536961,1788154354.536755,299,-0.265787,-0.200420,0.106431,1.222313,-0.411073,0.376730,-0.125780,0.026387
1788154354.643866,1788154354.643461,300,-0.263874,-0.202148,0.107936,1.220049,-0.409431,0.372719,-0.128619,0.026420
1788154354.753345,1788154354.753074,301,-0.261776,-0.202525,0.108849,1.222316,-0.416694,0.366350,-0.133754,0.026409
1788154354.841536,1788154354.841316,302,-0.261798,-0.202815,0.107157,1.222496,-0.415403,0.363768,-0.137092,0.026379
1788154354.936607,1788154354.936407,303,-0.259525,-0.204456,0.106830,1.223757,-0.410324,0.363675,-0.135782,0.026402
1788154355.045253,1788154355.044931,304,-0.252823,-0.205007,0.107155,1.228715,-0.409976,0.362249,-0.137597,0.026403
1788154355.150251,1788154355.150001,305,-0.248316,-0.204598,0.107559,1.233603,-0.412053,0.361167,-0.137139,0.026406
1788154355.239674,1788154355.239335,306,-0.248567,-0.200526,0.104227,1.234336,-0.412521,0.366212,-0.135325,0.026382
1788154355.339416,1788154355.339167,307,-0.252756,-0.198928,0.103175,1.230723,-0.411018,0.369408,-0.129293,0.026409
1788154355.450168,1788154355.449960,308,-0.254725,-0.199654,0.105212,1.226001,-0.407476,0.366397,-0.126854,0.026399
1788154355.541577,1788154355.541375,309,-0.252915,-0.200900,0.107540,1.225585,-0.410961,0.359504,-0.129239,0.026397
1788154355.665176,1788154355.664987,310,-0.252825,-0.199987,0.106873,1.228375,-0.417988,0.355965,-0.132418,0.026392
1788154355.762606,1788154355.762318,311,-0.253957,-0.201642,0.105341,1.228520,-0.415511,0.352633,-0.133920,0.026386
1788154355.870690,1788154355.870467,312,-0.251123,-0.205254,0.106243,1.227682,-0.408319,0.348549,-0.134404,0.026398
1788154355.977504,1788154355.977292,313,-0.247203,-0.206612,0.108799,1.229286,-0.410157,0.344299,-0.134881,0.026412
1788154356.081372,1788154356.081140,314,-0.246611,-0.204819,0.108821,1.231619,-0.414204,0.344192,-0.135675,0.026390
1788154356.189057,1788154356.188596,315,-0.248924,-0.202019,0.105411,1.231102,-0.412244,0.349798,-0.134655,0.026388
1788154356.294459,1788154356.294274,316,-0.251493,-0.202025,0.104557,1.227361,-0.405970,0.353731,-0.130166,0.026409
1788154356.387126,1788154356.386934,317,-0.247663,-0.205160,0.107081,1.227637,-0.403962,0.348890,-0.130847,0.026406
1788154356.484323,1788154356.484113,318,-0.243232,-0.206150,0.108650,1.232391,-0.410680,0.342102,-0.134749,0.026413
1788154356.599214,1788154356.598986,319,-0.245098,-0.205641,0.107671,1.234619,-0.413132,0.340348,-0.133447,0.026384
1788154356.707034,1788154356.706640,320,-0.246301,-0.206753,0.105194,1.235418,-0.409708,0.341326,-0.130857,0.026384
1788154356.799153,1788154356.798989,321,-0.243560,-0.208661,0.105159,1.237309,-0.407261,0.340058,-0.130677,0.026410
1788154356.902971,1788154356.902770,322,-0.241037,-0.209488,0.106144,1.239670,-0.412018,0.333825,-0.134883,0.026412
1788154357.005490,1788154357.005301,323,-0.242558,-0.208509,0.104550,1.238688,-0.412274,0.333313,-0.136312,0.026371
1788154357.106246,1788154357.105604,324,-0.243932,-0.208927,0.103953,1.237623,-0.407594,0.337603,-0.133095,0.026403
1788154357.208552,1788154357.208381,325,-0.239802,-0.212071,0.106029,1.239586,-0.404714,0.334036,-0.134680,0.026404
1788154357.312886,1788154357.312716,326,-0.236541,-0.212605,0.107782,1.243270,-0.408000,0.330509,-0.137560,0.026415
1788154357.417688,1788154357.415371,327,-0.237775,-0.210685,0.106025,1.245367,-0.409505,0.332248,-0.137361,0.026379
1788154357.522553,1788154357.522060,328,-0.238943,-0.209539,0.103434,1.245079,-0.403662,0.338385,-0.134309,0.026392
1788154357.631791,1788154357.631593,329,-0.238906,-0.208740,0.103868,1.244509,-0.401914,0.341673,-0.131998,0.026428
1788154357.737167,1788154357.736590,330,-0.238907,-0.208360,0.103804,1.242635,-0.404426,0.338351,-0.134793,0.026382
1788154357.827453,1788154357.827203,331,-0.242258,-0.205362,0.102752,1.240977,-0.407470,0.341732,-0.135439,0.026418
1788154357.930487,1788154357.930135,332,-0.246192,-0.204678,0.101949,1.236142,-0.401557,0.344659,-0.132977,0.026382
1788154358.039986,1788154358.039770,333,-0.246301,-0.205796,0.102783,1.233695,-0.400722,0.344327,-0.132774,0.026424
1788154358.134513,1788154358.134183,334,-0.243681,-0.206646,0.103670,1.235953,-0.405768,0.338469,-0.137497,0.026412
1788154358.244706,1788154358.244533,335,-0.246540,-0.205318,0.102539,1.235463,-0.408356,0.337674,-0.137832,0.026394
1788154358.349396,1788154358.349091,336,-0.248702,-0.205471,0.100712,1.233315,-0.405031,0.338617,-0.136859,0.026385
1788154358.456730,1788154358.456553,337,-0.247006,-0.207106,0.101602,1.232960,-0.403811,0.336503,-0.137756,0.026411
1788154358.563234,1788154358.560679,338,-0.244966,-0.207339,0.102155,1.233514,-0.408496,0.330777,-0.143285,0.026407
1788154358.674328,1788154358.674107,339,-0.248720,-0.204491,0.099940,1.230654,-0.409407,0.333560,-0.143165,0.026391
1788154358.781345,1788154358.781158,340,-0.251250,-0.203997,0.097699,1.226190,-0.405098,0.336878,-0.141755,0.026392
1788154358.884828,1788154358.884616,341,-0.250677,-0.204881,0.098542,1.223595,-0.404184,0.336713,-0.141847,0.026428
1788154358.970764,1788154358.970549,342,-0.247335,-0.205834,0.099992,1.224397,-0.407610,0.330389,-0.147295,0.026403
1788154359.072402,1788154359.072150,343,-0.247787,-0.205144,0.100048,1.224981,-0.411023,0.328159,-0.149666,0.026408
1788154359.183022,1788154359.182804,344,-0.249455,-0.203296,0.097794,1.223957,-0.406881,0.333368,-0.148336,0.026390
1788154359.288924,1788154359.288567,345,-0.250369,-0.203184,0.097511,1.223371,-0.404023,0.338662,-0.143222,0.026417
1788154359.396342,1788154359.394244,346,-0.247320,-0.205825,0.100174,1.224056,-0.400120,0.336228,-0.141146,0.026396
1788154359.492358,1788154359.489203,347,-0.242993,-0.207471,0.102303,1.228763,-0.406167,0.330225,-0.142393,0.026415
1788154359.596497,1788154359.596325,348,-0.244656,-0.206720,0.101483,1.231557,-0.409102,0.330382,-0.138515,0.026383
1788154359.700150,1788154359.699955,349,-0.245220,-0.207250,0.098974,1.233729,-0.407775,0.332566,-0.135467,0.026394
1788154359.807543,1788154359.807133,350,-0.242584,-0.209223,0.099408,1.235886,-0.405338,0.331673,-0.134189,0.026411
1788154359.917361,1788154359.917180,351,-0.239241,-0.210293,0.101122,1.237355,-0.408493,0.325866,-0.138547,0.026397
1788154360.021255,1788154360.021075,352,-0.240319,-0.209364,0.101368,1.237688,-0.411993,0.324764,-0.139816,0.026398
1788154360.128841,1788154360.128670,353,-0.241553,-0.208716,0.099713,1.236419,-0.406999,0.329338,-0.138137,0.026379
1788154360.218298,1788154360.218109,354,-0.241204,-0.208465,0.099286,1.237014,-0.407040,0.333494,-0.136755,0.026429
1788154360.319834,1788154360.319648,355,-0.239713,-0.210865,0.101498,1.236940,-0.402093,0.331923,-0.134761,0.026392
1788154360.431966,1788154360.431779,356,-0.236397,-0.211554,0.102806,1.240899,-0.405011,0.330936,-0.135299,0.026401
1788154360.527349,1788154360.523645,357,-0.238384,-0.208742,0.101649,1.243794,-0.406929,0.336357,-0.131660,0.026403
1788154360.633499,1788154360.633245,358,-0.240404,-0.207161,0.100263,1.244528,-0.400711,0.344475,-0.125991,0.026394
1788154360.735078,1788154360.734887,359,-0.240184,-0.206562,0.101826,1.244782,-0.396942,0.349397,-0.121625,0.026419
1788154360.841422,1788154360.840858,360,-0.240669,-0.206115,0.102608,1.244391,-0.401988,0.347197,-0.122443,0.026404
1788154360.955375,1788154360.953913,361,-0.244046,-0.201946,0.101205,1.243220,-0.402182,0.354654,-0.122289,0.026406
1788154361.056546,1788154361.056205,362,-0.249720,-0.202340,0.101821,1.238969,-0.399668,0.356596,-0.117436,0.026400
1788154361.163264,1788154361.163073,363,-0.252052,-0.205476,0.103901,1.235501,-0.396758,0.353843,-0.115116,0.026393
1788154361.278433,1788154361.278249,364,-0.249940,-0.206860,0.105581,1.237242,-0.399597,0.350646,-0.117692,0.026402
1788154361.391313,1788154361.391054,365,-0.250969,-0.204119,0.104669,1.240497,-0.404126,0.354995,-0.117812,0.026399
1788154361.493348,1788154361.493158,366,-0.253778,-0.203182,0.103030,1.240358,-0.400370,0.360244,-0.114955,0.026396
1788154361.597565,1788154361.597377,367,-0.253119,-0.204752,0.104262,1.238651,-0.395860,0.360255,-0.114671,0.026413
1788154361.687862,1788154361.687643,368,-0.252240,-0.205036,0.106165,1.238977,-0.402219,0.356381,-0.117432,0.026421
1788154361.794166,1788154361.793864,369,-0.254290,-0.204443,0.105483,1.237735,-0.404318,0.356375,-0.118778,0.026369
1788154361.893839,1788154361.893589,370,-0.255782,-0.204871,0.105371,1.236376,-0.399740,0.360853,-0.115490,0.026403
1788154361.998304,1788154361.998121,371,-0.252155,-0.208421,0.107649,1.238130,-0.399221,0.356700,-0.116295,0.026405
1788154362.092711,1788154362.092532,372,-0.249694,-0.208062,0.108413,1.242441,-0.405832,0.354570,-0.119371,0.026415
1788154362.191811,1788154362.191495,373,-0.251333,-0.206199,0.106720,1.243516,-0.406424,0.356578,-0.119883,0.026374
1788154362.292856,1788154362.292643,374,-0.253573,-0.206645,0.105884,1.239736,-0.399848,0.360066,-0.116275,0.026394
1788154362.400104,1788154362.399924,375,-0.251784,-0.207979,0.107962,1.238847,-0.399677,0.359449,-0.115536,0.026429
1788154362.506360,1788154362.506173,376,-0.250420,-0.207909,0.108579,1.241123,-0.407619,0.355755,-0.118352,0.026402
1788154362.609244,1788154362.609057,377,-0.251716,-0.206933,0.106426,1.240579,-0.407388,0.357281,-0.119550,0.026387
1788154362.718282,1788154362.717900,378,-0.252690,-0.207866,0.106437,1.238477,-0.403884,0.359074,-0.116872,0.026412
1788154362.825742,1788154362.825554,379,-0.248095,-0.212116,0.109252,1.239870,-0.403736,0.352140,-0.118305,0.026396
1788154362.930325,1788154362.930124,380,-0.244035,-0.211907,0.110176,1.244284,-0.410009,0.349415,-0.122166,0.026410
1788154363.020960,1788154363.020589,381,-0.246070,-0.208958,0.108584,1.245176,-0.411208,0.353553,-0.121360,0.026386
1788154363.121350,1788154363.120945,382,-0.248535,-0.207933,0.107120,1.242671,-0.404987,0.360323,-0.117336,0.026390
1788154363.224683,1788154363.224478,383,-0.248290,-0.207531,0.108682,1.240928,-0.402194,0.364105,-0.115142,0.026426
1788154363.328284,1788154363.327857,384,-0.247840,-0.207108,0.109191,1.240945,-0.408557,0.361308,-0.117779,0.026402
1788154363.415452,1788154363.415112,385,-0.250961,-0.203422,0.107495,1.239270,-0.408650,0.367280,-0.118232,0.026395
1788154363.517572,1788154363.517371,386,-0.256014,-0.204731,0.108412,1.233949,-0.404721,0.367830,-0.113158,0.026396
1788154363.625615,1788154363.625425,387,-0.256528,-0.208213,0.110738,1.231041,-0.402753,0.363755,-0.111563,0.026402
1788154363.732241,1788154363.732030,388,-0.253255,-0.209231,0.112222,1.233780,-0.406565,0.360549,-0.114534,0.026410
1788154363.821551,1788154363.821305,389,-0.252942,-0.206017,0.110877,1.238137,-0.410314,0.364674,-0.114877,0.026404
1788154363.925487,1788154363.925223,390,-0.254923,-0.204420,0.108681,1.238823,-0.406045,0.370608,-0.111129,0.026392
1788154364.032135,1788154364.031941,391,-0.253833,-0.204742,0.108841,1.238561,-0.401313,0.373090,-0.109418,0.026409
1788154364.147524,1788154364.147324,392,-0.253086,-0.204170,0.110355,1.239243,-0.406728,0.370265,-0.111773,0.026426
1788154364.270426,1788154364.270191,393,-0.255048,-0.202945,0.109869,1.237885,-0.407410,0.370380,-0.113032,0.026377
1788154364.375829,1788154364.375618,394,-0.256420,-0.204828,0.110757,1.236939,-0.404749,0.370382,-0.110200,0.026406
1788154364.490665,1788154364.490414,395,-0.253316,-0.206338,0.111873,1.238166,-0.402476,0.368824,-0.111484,0.026398
1788154364.597392,1788154364.597146,396,-0.249992,-0.204878,0.110884,1.242512,-0.410572,0.367615,-0.116289,0.026414
1788154364.690415,1788154364.690179,397,-0.251879,-0.202404,0.108467,1.243032,-0.412981,0.368864,-0.118430,0.026396
1788154364.790922,1788154364.790653,398,-0.254783,-0.201609,0.106389,1.237984,-0.407949,0.371323,-0.118302,0.026392
1788154364.904358,1788154364.903363,399,-0.255518,-0.201424,0.107448,1.232735,-0.407320,0.370886,-0.120149,0.026432
1788154365.009134,1788154365.008610,400,-0.255344,-0.201156,0.107720,1.230042,-0.414546,0.365232,-0.126609,0.026404
1788154365.119738,1788154365.119524,401,-0.260009,-0.201902,0.107767,1.223912,-0.415851,0.361252,-0.128267,0.026397
1788154365.208388,1788154365.208177,402,-0.262393,-0.203260,0.107349,1.218507,-0.415271,0.357925,-0.132223,0.026394
1788154365.312244,1788154365.311393,403,-0.260239,-0.206459,0.108799,1.218724,-0.416113,0.352342,-0.136061,0.026403
1788154365.413761,1788154365.413516,404,-0.255415,-0.206860,0.109435,1.223442,-0.413441,0.353922,-0.137209,0.026390
1788154365.520357,1788154365.520031,405,-0.252343,-0.206711,0.108888,1.228531,-0.415043,0.356616,-0.135409,0.026395
1788154365.625736,1788154365.625562,406,-0.250933,-0.206774,0.108380,1.230300,-0.409143,0.361176,-0.129608,0.026392
1788154365.729690,1788154365.729491,407,-0.247378,-0.207981,0.110970,1.234011,-0.409025,0.361384,-0.125299,0.026431
1788154365.841293,1788154365.841099,408,-0.245211,-0.208620,0.112295,1.237443,-0.414101,0.356757,-0.124468,0.026394
1788154365.955096,1788154365.954919,409,-0.242985,-0.205351,0.109517,1.241195,-0.417555,0.359621,-0.128685,0.026398
1788154366.044202,1788154366.043970,410,-0.244635,-0.203041,0.106960,1.241685,-0.420202,0.362083,-0.129583,0.026415
1788154366.149792,1788154366.149600,411,-0.248068,-0.203678,0.107127,1.237030,-0.414562,0.362525,-0.127142,0.026392
1788154366.258941,1788154366.258679,412,-0.245910,-0.207443,0.110214,1.234202,-0.412140,0.356255,-0.129153,0.026401
1788154366.370789,1788154366.370581,413,-0.242172,-0.208574,0.112851,1.235764,-0.417311,0.349917,-0.135101,0.026420
1788154366.479364,1788154366.477260,414,-0.243763,-0.206630,0.112181,1.236686,-0.420048,0.351228,-0.135831,0.026386
1788154366.585025,1788154366.582528,415,-0.245169,-0.206615,0.110186,1.235824,-0.414692,0.355458,-0.133392,0.026383
1788154366.687284,1788154366.687098,416,-0.243727,-0.207448,0.110478,1.235723,-0.411974,0.357563,-0.131989,0.026416
1788154366.791167,1788154366.790984,417,-0.240709,-0.208359,0.111815,1.236810,-0.415172,0.352462,-0.136106,0.026399
1788154366.887708,1788154366.887411,418,-0.242220,-0.206911,0.111785,1.236571,-0.418110,0.352221,-0.136821,0.026403
1788154367.008417,1788154367.008171,419,-0.244256,-0.205455,0.110093,1.234043,-0.412926,0.356938,-0.134544,0.026386
1788154367.154800,1788154367.154562,420,-0.244816,-0.204588,0.109881,1.233326,-0.413248,0.361037,-0.132638,0.026418
1788154367.271075,1788154367.270871,421,-0.244594,-0.206602,0.112261,1.231971,-0.410622,0.357379,-0.131539,0.026394
1788154367.383353,1788154367.382983,422,-0.241337,-0.205637,0.112462,1.235832,-0.415235,0.356252,-0.135995,0.026411
1788154367.497307,1788154367.497100,423,-0.243495,-0.201591,0.110553,1.236840,-0.416152,0.361750,-0.135917,0.026405
1788154367.588475,1788154367.588229,424,-0.247859,-0.200344,0.109075,1.232615,-0.410307,0.366730,-0.131594,0.026395
1788154367.688579,1788154367.686393,425,-0.247983,-0.201218,0.110682,1.229448,-0.407295,0.366841,-0.130647,0.026418
1788154367.790934,1788154367.790750,426,-0.247198,-0.201247,0.112372,1.230501,-0.414193,0.362708,-0.133369,0.026414
1788154367.896368,1788154367.896042,427,-0.249616,-0.200618,0.110912,1.229628,-0.415193,0.362650,-0.133998,0.026369
1788154368.003042,1788154368.002837,428,-0.250848,-0.200900,0.110459,1.227400,-0.409498,0.365588,-0.131619,0.026405
1788154368.114448,1788154368.114243,429,-0.248955,-0.203498,0.113198,1.228589,-0.411489,0.360921,-0.131680,0.026408
1788154368.205172,1788154368.204929,430,-0.247392,-0.202418,0.113023,1.230984,-0.414427,0.360277,-0.135733,0.026396
1788154368.303624,1788154368.303355,431,-0.250596,-0.199889,0.110037,1.230813,-0.416861,0.364432,-0.135685,0.026405
1788154368.406206,1788154368.405902,432,-0.255195,-0.199130,0.108159,1.226109,-0.410196,0.369768,-0.131945,0.026398
1788154368.510307,1788154368.510046,433,-0.254361,-0.199822,0.110082,1.223042,-0.406794,0.369953,-0.133019,0.026420
1788154368.621096,1788154368.620825,434,-0.253784,-0.198913,0.112248,1.222587,-0.412418,0.367037,-0.136346,0.026414
1788154368.709188,1788154368.708982,435,-0.256168,-0.197768,0.111079,1.221809,-0.415012,0.367764,-0.137723,0.026371
1788154368.808864,1788154368.808661,436,-0.257300,-0.197857,0.109831,1.219765,-0.408492,0.371874,-0.135104,0.026394
1788154368.919960,1788154368.919777,437,-0.256023,-0.198922,0.112019,1.220479,-0.410175,0.370580,-0.134186,0.026421
1788154369.026115,1788154369.025666,438,-0.255318,-0.199022,0.113148,1.221209,-0.412512,0.367417,-0.136203,0.026397
1788154369.131808,1788154369.131514,439,-0.256912,-0.195419,0.110089,1.221655,-0.414806,0.373369,-0.136692,0.026405
1788154369.221303,1788154369.221078,440,-0.262096,-0.196609,0.109778,1.216102,-0.410553,0.374093,-0.131158,0.026401
1788154369.333404,1788154369.333061,441,-0.262493,-0.201192,0.111753,1.212643,-0.410173,0.366746,-0.130264,0.026404
1788154369.438869,1788154369.438640,442,-0.257749,-0.202259,0.112473,1.215420,-0.414248,0.361947,-0.136174,0.026412
1788154369.545356,1788154369.545143,443,-0.255989,-0.198731,0.110997,1.219299,-0.417761,0.366584,-0.139240,0.026408
1788154369.643172,1788154369.642701,444,-0.259571,-0.197601,0.109141,1.218164,-0.415370,0.371716,-0.134891,0.026397
1788154369.728216,1788154369.727964,445,-0.260473,-0.200303,0.109806,1.215927,-0.410768,0.371180,-0.132086,0.026402
1788154369.830238,1788154369.830028,446,-0.256085,-0.202748,0.112155,1.218526,-0.412587,0.365977,-0.134952,0.026417
1788154369.917634,1788154369.917425,447,-0.253900,-0.202481,0.113599,1.224015,-0.417224,0.364332,-0.135192,0.026406
1788154370.016519,1788154370.015930,448,-0.253582,-0.202137,0.112615,1.226921,-0.413957,0.366916,-0.132739,0.026380
1788154370.107153,1788154370.106651,449,-0.250010,-0.202845,0.112604,1.231805,-0.412685,0.368856,-0.131600,0.026415
1788154370.203337,1788154370.203157,450,-0.249947,-0.202716,0.112903,1.232787,-0.413678,0.368315,-0.128856,0.026392
1788154370.296371,1788154370.295683,451,-0.247407,-0.202056,0.111816,1.233055,-0.414440,0.367215,-0.134063,0.026385
1788154370.388111,1788154370.387006,452,-0.246407,-0.202563,0.111519,1.232656,-0.418073,0.363797,-0.137404,0.026408
1788154370.493978,1788154370.493633,453,-0.248375,-0.202892,0.111388,1.227731,-0.414085,0.363861,-0.136363,0.026388
1788154370.590236,1788154370.589961,454,-0.248750,-0.204126,0.112362,1.225601,-0.417139,0.361903,-0.136434,0.026414
1788154370.675417,1788154370.675220,455,-0.247504,-0.201054,0.110692,1.226583,-0.418722,0.366504,-0.140696,0.026402
1788154370.755419,1788154370.755194,456,-0.249454,-0.200557,0.110216,1.226185,-0.420186,0.368116,-0.140346,0.026405
1788154370.841006,1788154370.839711,457,-0.252036,-0.204342,0.112968,1.222509,-0.412684,0.365324,-0.134669,0.026383
1788154370.925690,1788154370.925459,458,-0.248688,-0.207991,0.115974,1.223222,-0.411420,0.361721,-0.132387,0.026409
1788154371.018604,1788154371.018335,459,-0.244186,-0.208162,0.117242,1.229295,-0.417389,0.360742,-0.132806,0.026417
1788154371.101554,1788154371.101300,460,-0.244975,-0.205554,0.115805,1.234066,-0.419231,0.366064,-0.128996,0.026398
1788154371.182360,1788154371.182137,461,-0.246478,-0.204202,0.114560,1.236044,-0.412523,0.374594,-0.122165,0.026394
1788154371.262769,1788154371.262573,462,-0.245133,-0.203643,0.116654,1.237899,-0.407277,0.379969,-0.117146,0.026417
1788154371.343466,1788154371.343213,463,-0.245544,-0.201964,0.119086,1.239620,-0.409946,0.381883,-0.113480,0.026411
1788154371.431122,1788154371.430892,464,-0.246483,-0.198658,0.116841,1.241418,-0.413848,0.385157,-0.115289,0.026390
1788154371.512356,1788154371.512182,465,-0.251895,-0.197472,0.114817,1.239308,-0.416993,0.386072,-0.115453,0.026420
1788154371.598744,1788154371.598538,466,-0.257353,-0.198057,0.114758,1.233943,-0.412377,0.385201,-0.115143,0.026392
1788154371.680861,1788154371.680478,467,-0.255796,-0.201031,0.116449,1.232130,-0.411207,0.378963,-0.120033,0.026402
1788154371.764955,1788154371.764672,468,-0.253003,-0.201903,0.117743,1.234895,-0.416801,0.373696,-0.126367,0.026417
1788154371.847469,1788154371.847173,469,-0.254640,-0.201769,0.116775,1.234309,-0.416362,0.372931,-0.127847,0.026384
1788154371.950086,1788154371.949644,470,-0.253861,-0.203375,0.115488,1.232735,-0.410610,0.374068,-0.126757,0.026388
1788154372.043899,1788154372.043585,471,-0.251603,-0.205065,0.116728,1.233783,-0.412993,0.372168,-0.125966,0.026420
1788154372.129372,1788154372.129189,472,-0.249991,-0.204922,0.116681,1.234820,-0.415715,0.369522,-0.129061,0.026389
1788154372.209588,1788154372.209367,473,-0.252915,-0.202110,0.114421,1.233802,-0.417883,0.374178,-0.128100,0.026409
1788154372.304350,1788154372.301049,474,-0.255596,-0.201895,0.113720,1.229627,-0.411403,0.377302,-0.124774,0.026392
1788154372.380769,1788154372.380590,475,-0.253894,-0.203566,0.115957,1.228468,-0.410766,0.375300,-0.124292,0.026424
1788154372.466659,1788154372.466477,476,-0.250606,-0.204802,0.117367,1.232049,-0.417516,0.368933,-0.127864,0.026407
1788154372.545219,1788154372.544934,477,-0.252714,-0.203153,0.115653,1.232502,-0.418719,0.370498,-0.126481,0.026383
1788154372.635779,1788154372.635590,478,-0.253322,-0.203331,0.114160,1.230781,-0.413960,0.372831,-0.124317,0.026391
1788154372.719419,1788154372.719181,479,-0.251539,-0.204702,0.115934,1.231126,-0.415039,0.371077,-0.123977,0.026419
1788154372.800579,1788154372.800402,480,-0.250303,-0.204686,0.116547,1.231189,-0.418542,0.367192,-0.128580,0.026397
1788154372.906390,1788154372.906001,481,-0.253135,-0.201619,0.114142,1.229979,-0.420950,0.371232,-0.129990,0.026408
1788154372.997378,1788154372.994987,482,-0.256804,-0.201454,0.112655,1.224436,-0.414081,0.374393,-0.127720,0.026388
1788154373.088980,1788154373.088796,483,-0.256427,-0.202895,0.113643,1.221358,-0.412911,0.373593,-0.128035,0.026427
1788154373.176961,1788154373.176772,484,-0.253306,-0.203519,0.114999,1.224427,-0.418546,0.368975,-0.132696,0.026417
1788154373.267995,1788154373.267763,485,-0.255997,-0.202048,0.113277,1.225108,-0.421412,0.369680,-0.131821,0.026388
1788154373.348771,1788154373.348598,486,-0.257867,-0.202355,0.110914,1.224450,-0.418352,0.371740,-0.130107,0.026394
1788154373.431349,1788154373.428681,487,-0.255251,-0.203946,0.111930,1.225035,-0.415152,0.370346,-0.131086,0.026413
1788154373.513292,1788154373.513109,488,-0.252984,-0.205075,0.113745,1.227288,-0.421370,0.363490,-0.134897,0.026411
1788154373.606677,1788154373.606448,489,-0.252341,-0.205479,0.112875,1.227423,-0.420321,0.361255,-0.137374,0.026376
1788154373.688344,1788154373.688033,490,-0.251046,-0.206598,0.112871,1.229493,-0.419759,0.362001,-0.135603,0.026416
1788154373.771497,1788154373.771245,491,-0.247026,-0.206861,0.112822,1.231313,-0.415341,0.363179,-0.136068,0.026387
1788154373.857104,1788154373.856918,492,-0.242933,-0.206239,0.111976,1.234245,-0.419150,0.363934,-0.137325,0.026406
1788154373.936831,1788154373.936520,493,-0.244789,-0.203722,0.110753,1.234649,-0.421864,0.367348,-0.135335,0.026417
1788154374.022479,1788154374.022148,494,-0.247001,-0.202793,0.110348,1.232162,-0.416142,0.371024,-0.131892,0.026392
1788154374.106038,1788154374.105738,495,-0.246058,-0.203791,0.113095,1.232067,-0.415602,0.370160,-0.130792,0.026419
1788154374.190118,1788154374.189907,496,-0.244536,-0.204044,0.114146,1.234164,-0.420332,0.366094,-0.134314,0.026395
1788154374.280482,1788154374.280302,497,-0.247603,-0.200594,0.112155,1.234299,-0.421101,0.371737,-0.133970,0.026407
1788154374.376295,1788154374.376109,498,-0.250897,-0.200619,0.111468,1.229669,-0.413443,0.375156,-0.130426,0.026385
1788154374.453581,1788154374.453401,499,-0.250463,-0.202277,0.113264,1.227204,-0.412740,0.374260,-0.129405,0.026422
1788154374.535731,1788154374.534396,500,-0.247294,-0.202886,0.114813,1.230741,-0.418999,0.369462,-0.133557,0.026416
1788154374.617111,1788154374.616748,501,-0.249960,-0.201515,0.113591,1.231903,-0.422327,0.369827,-0.132865,0.026392
1788154374.699580,1788154374.699212,502,-0.252182,-0.203869,0.110452,1.231760,-0.420063,0.370713,-0.129714,0.026381
1788154374.782293,1788154374.781960,503,-0.248230,-0.208796,0.104206,1.234088,-0.421318,0.369844,-0.132282,0.026394
1788154374.872247,1788154374.871923,504,-0.241671,-0.217443,0.096975,1.237192,-0.423066,0.365485,-0.132915,0.026391
1788154374.952933,1788154374.952717,505,-0.231917,-0.228006,0.092438,1.240948,-0.422860,0.356794,-0.133848,0.026412
1788154375.032573,1788154375.032233,506,-0.222199,-0.235775,0.088343,1.248047,-0.431352,0.348129,-0.135863,0.026407
1788154375.121254,1788154375.120852,507,-0.217722,-0.239034,0.082371,1.253397,-0.434167,0.348934,-0.133154,0.026395
1788154375.204248,1788154375.204072,508,-0.214381,-0.243621,0.079830,1.256099,-0.431472,0.348505,-0.126875,0.026417
1788154375.284022,1788154375.283684,509,-0.207442,-0.251737,0.081376,1.260085,-0.431712,0.338952,-0.123544,0.026403
1788154375.368201,1788154375.367985,510,-0.200045,-0.255645,0.079779,1.269305,-0.439660,0.334879,-0.124152,0.026406
1788154375.453000,1788154375.452809,511,-0.198696,-0.255777,0.076367,1.277161,-0.440963,0.340041,-0.120505,0.026397
1788154375.535140,1788154375.534924,512,-0.199656,-0.256579,0.075701,1.280757,-0.432817,0.346775,-0.111770,0.026402
1788154375.617288,1788154375.616513,513,-0.196946,-0.260280,0.079125,1.283819,-0.428119,0.345235,-0.106834,0.026408
1788154375.702613,1788154375.702421,514,-0.194062,-0.262986,0.080821,1.290788,-0.434063,0.341923,-0.105078,0.026403
1788154375.793689,1788154375.793497,515,-0.192570,-0.262802,0.078127,1.300204,-0.436178,0.345257,-0.103324,0.026377
1788154375.878519,1788154375.878314,516,-0.194252,-0.262450,0.076744,1.304492,-0.429933,0.351441,-0.096774,0.026402
1788154375.973723,1788154375.971553,517,-0.193440,-0.264876,0.079184,1.305476,-0.424991,0.349469,-0.095064,0.026399
1788154376.066820,1788154376.066446,518,-0.192478,-0.265548,0.079335,1.309140,-0.431386,0.347645,-0.097388,0.026404
1788154376.152377,1788154376.150739,519,-0.194278,-0.263241,0.075856,1.312779,-0.431774,0.353301,-0.097998,0.026399
1788154376.235254,1788154376.234840,520,-0.197090,-0.261874,0.074637,1.311293,-0.422965,0.359768,-0.094632,0.026405
1788154376.330081,1788154376.329769,521,-0.197401,-0.263316,0.077440,1.308668,-0.420340,0.357697,-0.094180,0.026412
1788154376.413554,1788154376.413153,522,-0.196915,-0.263513,0.077832,1.310369,-0.426680,0.355645,-0.097281,0.026396
1788154376.491925,1788154376.491738,523,-0.198875,-0.260446,0.074165,1.312967,-0.427866,0.361851,-0.098192,0.026399
1788154376.573732,1788154376.573532,524,-0.201532,-0.259343,0.073285,1.310804,-0.419898,0.366290,-0.095166,0.026405
1788154376.655398,1788154376.655163,525,-0.200827,-0.262088,0.076003,1.307557,-0.418177,0.360765,-0.094928,0.026402
1788154376.743913,1788154376.743718,526,-0.198979,-0.263250,0.076628,1.308704,-0.425593,0.356163,-0.098498,0.026402
1788154376.827939,1788154376.827728,527,-0.200478,-0.260907,0.073438,1.310108,-0.428147,0.359838,-0.099390,0.026399
1788154376.911226,1788154376.911004,528,-0.202628,-0.259860,0.072556,1.307139,-0.420675,0.363916,-0.096216,0.026404
1788154376.993665,1788154376.993438,529,-0.201980,-0.261742,0.075509,1.303727,-0.419753,0.359696,-0.095668,0.026413
1788154377.079637,1788154377.079066,530,-0.200493,-0.262158,0.076070,1.305218,-0.427468,0.356302,-0.098794,0.026399
1788154377.160323,1788154377.159946,531,-0.202236,-0.259277,0.072714,1.306842,-0.429160,0.361444,-0.099342,0.026397
1788154377.243206,1788154377.242981,532,-0.204289,-0.258583,0.072314,1.304263,-0.421603,0.364927,-0.095995,0.026404
1788154377.329350,1788154377.329144,533,-0.202572,-0.261575,0.075355,1.301374,-0.420519,0.358712,-0.095764,0.026403
1788154377.427604,1788154377.427407,534,-0.200025,-0.262426,0.075942,1.303171,-0.428347,0.354615,-0.099028,0.026403
1788154377.512222,1788154377.512035,535,-0.201157,-0.259600,0.073000,1.305548,-0.430937,0.359283,-0.099335,0.026399
1788154377.595974,1788154377.595196,536,-0.203319,-0.258077,0.072102,1.303607,-0.423689,0.364284,-0.095553,0.026403
1788154377.687446,1788154377.686024,537,-0.202598,-0.259710,0.075197,1.300811,-0.421588,0.360911,-0.094565,0.026407
1788154377.777169,1788154377.776467,538,-0.201349,-0.260122,0.076155,1.302374,-0.429114,0.357388,-0.097093,0.026399
1788154377.871875,1788154377.870743,539,-0.202735,-0.257756,0.072974,1.303904,-0.430356,0.361634,-0.097555,0.026392
1788154377.957552,1788154377.957301,540,-0.204535,-0.257154,0.072389,1.301554,-0.423760,0.365119,-0.094218,0.026407
1788154378.041016,1788154378.040774,541,-0.203166,-0.260207,0.075583,1.298773,-0.422701,0.358898,-0.093648,0.026404
1788154378.123171,1788154378.122937,542,-0.200666,-0.260788,0.075941,1.300962,-0.430451,0.355513,-0.097135,0.026400
1788154378.206276,1788154378.206034,543,-0.203134,-0.257408,0.073292,1.302614,-0.432361,0.361905,-0.096697,0.026406
1788154378.290877,1788154378.290140,544,-0.205749,-0.255825,0.072731,1.300378,-0.424482,0.367353,-0.093073,0.026399
1788154378.392146,1788154378.391122,545,-0.205126,-0.257756,0.075902,1.297580,-0.422498,0.363877,-0.092162,0.026410
1788154378.476882,1788154378.476677,546,-0.203159,-0.258592,0.076883,1.299622,-0.429705,0.360078,-0.095253,0.026400
1788154378.562044,1788154378.561690,547,-0.203936,-0.256449,0.073768,1.302394,-0.431950,0.364252,-0.095756,0.026391
1788154378.646572,1788154378.646206,548,-0.205597,-0.255950,0.073302,1.300709,-0.424836,0.367645,-0.092349,0.026406
1788154378.741023,1788154378.740814,549,-0.204261,-0.258954,0.076547,1.297975,-0.423390,0.361689,-0.091664,0.026402
1788154378.831434,1788154378.831239,550,-0.201786,-0.259828,0.077219,1.299966,-0.431033,0.357905,-0.094976,0.026400
1788154378.916698,1788154378.916459,551,-0.202962,-0.256950,0.074275,1.302248,-0.433255,0.363122,-0.095419,0.026399
1788154379.004377,1788154379.004146,552,-0.205129,-0.255988,0.074067,1.300017,-0.425547,0.367261,-0.091653,0.026406
1788154379.092815,1788154379.092589,553,-0.203701,-0.258636,0.077413,1.297699,-0.424064,0.362180,-0.090864,0.026402
1788154379.182716,1788154379.182498,554,-0.201385,-0.259384,0.078064,1.300269,-0.431926,0.358734,-0.093877,0.026398
1788154379.279780,1788154379.279545,555,-0.202877,-0.256632,0.074971,1.302543,-0.433635,0.363893,-0.094089,0.026400
1788154379.373585,1788154379.373375,556,-0.204883,-0.255731,0.074625,1.300173,-0.425561,0.367945,-0.090684,0.026401
1788154379.458116,1788154379.457920,557,-0.203827,-0.258269,0.077980,1.297356,-0.424312,0.362859,-0.089831,0.026407
1788154379.549740,1788154379.549460,558,-0.201444,-0.258946,0.078621,1.299713,-0.431823,0.359528,-0.093122,0.026399
1788154379.634637,1788154379.634458,559,-0.203330,-0.255882,0.075591,1.301906,-0.433904,0.365222,-0.093018,0.026405
1788154379.724602,1788154379.724426,560,-0.205711,-0.254727,0.075066,1.299836,-0.425919,0.369771,-0.089401,0.026402
1788154379.803810,1788154379.803651,561,-0.204963,-0.256959,0.078228,1.297050,-0.423964,0.365467,-0.088518,0.026406
1788154379.884731,1788154379.884516,562,-0.202927,-0.257787,0.079010,1.299195,-0.431505,0.361632,-0.091813,0.026398
1788154379.968413,1788154379.968042,563,-0.204088,-0.255504,0.075817,1.301546,-0.433551,0.365891,-0.092426,0.026397
1788154380.056463,1788154380.056284,564,-0.205753,-0.254909,0.075217,1.299478,-0.425875,0.369434,-0.089382,0.026402
1788154380.135838,1788154380.135645,565,-0.204995,-0.257484,0.078466,1.296435,-0.424659,0.364149,-0.088535,0.026408
1788154380.220372,1788154380.220086,566,-0.202734,-0.258152,0.079056,1.298544,-0.432014,0.360723,-0.092038,0.026400
1788154380.315879,1788154380.315559,567,-0.204705,-0.255023,0.075967,1.300443,-0.434084,0.366498,-0.092095,0.026405
1788154380.401889,1788154380.401575,568,-0.207187,-0.253955,0.075519,1.298047,-0.426029,0.370828,-0.088578,0.026403
1788154380.488038,1788154380.487720,569,-0.206129,-0.256375,0.078638,1.295377,-0.424211,0.366169,-0.087991,0.026406
1788154380.585033,1788154380.584162,570,-0.203873,-0.257275,0.079353,1.297655,-0.431849,0.362234,-0.091422,0.026401
1788154380.674415,1788154380.674085,571,-0.205023,-0.255015,0.076162,1.300086,-0.434014,0.366397,-0.091995,0.026398
1788154380.769003,1788154380.768776,572,-0.206648,-0.254477,0.075571,1.298129,-0.426306,0.369802,-0.088916,0.026404
1788154380.866585,1788154380.866381,573,-0.205367,-0.257202,0.078762,1.295722,-0.425158,0.364379,-0.088219,0.026407
1788154380.954623,1788154380.954365,574,-0.202848,-0.257988,0.079245,1.298433,-0.432758,0.360891,-0.091563,0.026400
1788154381.040127,1788154381.039924,575,-0.204435,-0.255034,0.076012,1.300753,-0.434571,0.366509,-0.091740,0.026404
1788154381.124369,1788154381.124077,576,-0.206724,-0.254114,0.075569,1.298483,-0.426609,0.370559,-0.088254,0.026404
1788154381.210749,1788154381.210550,577,-0.205490,-0.256763,0.078731,1.295798,-0.424812,0.365402,-0.087726,0.026403
1788154381.291992,1788154381.291774,578,-0.203181,-0.257694,0.079490,1.297904,-0.432394,0.361420,-0.091151,0.026402
1788154381.380306,1788154381.380085,579,-0.204013,-0.255374,0.076386,1.300655,-0.434662,0.365682,-0.091869,0.026395
1788154381.462593,1788154381.462395,580,-0.205961,-0.254696,0.075828,1.298775,-0.427159,0.369349,-0.088385,0.026405
1788154381.553953,1788154381.553765,581,-0.204643,-0.257359,0.078992,1.296345,-0.425371,0.364141,-0.087821,0.026403
1788154381.640008,1788154381.639772,582,-0.202356,-0.258132,0.079588,1.298688,-0.433062,0.360514,-0.091120,0.026401
1788154381.724882,1788154381.724697,583,-0.203406,-0.255534,0.076409,1.301360,-0.434978,0.365404,-0.091710,0.026391
1788154381.810703,1788154381.810356,584,-0.205658,-0.254765,0.076016,1.299270,-0.427416,0.369115,-0.088150,0.026407
1788154381.906943,1788154381.906706,585,-0.203870,-0.257798,0.079185,1.297046,-0.425538,0.363249,-0.088008,0.026399
1788154382.005595,1788154382.005364,586,-0.201180,-0.258744,0.079746,1.299387,-0.433111,0.359383,-0.091524,0.026401
1788154382.100137,1788154382.099931,587,-0.202257,-0.256122,0.076709,1.302058,-0.435354,0.364129,-0.091949,0.026394
1788154382.196074,1788154382.195738,588,-0.204520,-0.255132,0.076177,1.300186,-0.427737,0.368320,-0.088150,0.026403
1788154382.281285,1788154382.281087,589,-0.203560,-0.257456,0.079381,1.297526,-0.425439,0.363769,-0.087369,0.026406
1788154382.369780,1788154382.369563,590,-0.201465,-0.258355,0.080349,1.299553,-0.432761,0.359717,-0.090488,0.026402
1788154382.455087,1788154382.454806,591,-0.202408,-0.256235,0.077315,1.302196,-0.435055,0.363541,-0.090926,0.026396
1788154382.539395,1788154382.539041,592,-0.204402,-0.255332,0.076421,1.300137,-0.427469,0.367773,-0.087463,0.026404
1788154382.629035,1788154382.628861,593,-0.204044,-0.257297,0.079569,1.296758,-0.425384,0.363759,-0.086716,0.026412
1788154382.721424,1788154382.721234,594,-0.202451,-0.257655,0.080359,1.298147,-0.432338,0.360659,-0.090123,0.026402
1788154382.805461,1788154382.804440,595,-0.203830,-0.254790,0.077271,1.300680,-0.434506,0.365989,-0.090666,0.026404
1788154382.901345,1788154382.899942,596,-0.206083,-0.253850,0.076610,1.298878,-0.426726,0.370190,-0.087145,0.026404
1788154382.984850,1788154382.984650,597,-0.204986,-0.256324,0.079603,1.296573,-0.424599,0.365520,-0.086476,0.026404
1788154383.067927,1788154383.067743,598,-0.202786,-0.257268,0.080210,1.299065,-0.432276,0.361515,-0.089761,0.026399
1788154383.152193,1788154383.151958,599,-0.203871,-0.255057,0.076914,1.301494,-0.434117,0.365597,-0.090385,0.026397
1788154383.233372,1788154383.233161,600,-0.205574,-0.254663,0.076403,1.299505,-0.426637,0.368696,-0.087211,0.026403
1788154383.318049,1788154383.317786,601,-0.204226,-0.257801,0.079610,1.296853,-0.425356,0.362429,-0.086679,0.026403
1788154383.401619,1788154383.401433,602,-0.201592,-0.258620,0.079985,1.299219,-0.432921,0.358881,-0.090305,0.026408
1788154383.486241,1788154383.486035,603,-0.202756,-0.255484,0.076879,1.302252,-0.435066,0.364848,-0.090630,0.026410
1788154383.573949,1788154383.573734,604,-0.204932,-0.254471,0.076447,1.301073,-0.427304,0.369212,-0.086696,0.026403
1788154383.664213,1788154383.664046,605,-0.203770,-0.257159,0.079502,1.298921,-0.424842,0.364306,-0.085731,0.026403
1788154383.749253,1788154383.749048,606,-0.201404,-0.258287,0.080177,1.301308,-0.432282,0.360159,-0.088901,0.026401
1788154383.833600,1788154383.833250,607,-0.202475,-0.256103,0.076990,1.303478,-0.434238,0.364123,-0.089485,0.026394
1788154383.918454,1788154383.918241,608,-0.204369,-0.255655,0.076650,1.301242,-0.426853,0.367253,-0.086192,0.026405
1788154384.005402,1788154384.004851,609,-0.202775,-0.258983,0.079928,1.298749,-0.425651,0.360659,-0.085890,0.026401
1788154384.094248,1788154384.093986,610,-0.200128,-0.259593,0.080056,1.301201,-0.433314,0.357660,-0.089570,0.026402
1788154384.182719,1788154384.182506,611,-0.202439,-0.256234,0.077243,1.303096,-0.434996,0.364417,-0.089425,0.026404
1788154384.271954,1788154384.271435,612,-0.205229,-0.254937,0.076980,1.300871,-0.426714,0.369442,-0.085670,0.026403
1788154384.363235,1788154384.363039,613,-0.204208,-0.257296,0.080153,1.298654,-0.424700,0.365317,-0.084900,0.026405
1788154384.447888,1788154384.447673,614,-0.202049,-0.258198,0.080791,1.301348,-0.432360,0.361767,-0.088077,0.026400
1788154384.544732,1788154384.544106,615,-0.203217,-0.255911,0.077482,1.303864,-0.434114,0.366262,-0.088646,0.026391
1788154384.629580,1788154384.629347,616,-0.205152,-0.255358,0.077008,1.301736,-0.426748,0.369523,-0.085629,0.026406
1788154384.715932,1788154384.715683,617,-0.203890,-0.258645,0.080221,1.298703,-0.425366,0.362917,-0.085391,0.026403
1788154384.803120,1788154384.802892,618,-0.201242,-0.259553,0.080681,1.300492,-0.432715,0.359249,-0.089270,0.026400
1788154384.906253,1788154384.906049,619,-0.203034,-0.256384,0.078017,1.302430,-0.434985,0.365371,-0.089348,0.026406
1788154385.004563,1788154385.004238,620,-0.205877,-0.254974,0.077582,1.300163,-0.427506,0.370481,-0.085522,0.026402
1788154385.095878,1788154385.095573,621,-0.205358,-0.257039,0.080841,1.297349,-0.425153,0.366739,-0.084863,0.026403
1788154385.182364,1788154385.182048,622,-0.203494,-0.257837,0.081834,1.299289,-0.432454,0.362984,-0.088333,0.026401
1788154385.273899,1788154385.273685,623,-0.204250,-0.255794,0.078662,1.302143,-0.434860,0.366973,-0.089172,0.026396
1788154385.358469,1788154385.357823,624,-0.205720,-0.255203,0.077800,1.300565,-0.427426,0.370773,-0.086138,0.026404
1788154385.448251,1788154385.448038,625,-0.204829,-0.257582,0.080910,1.297853,-0.425825,0.366121,-0.085415,0.026410
1788154385.543784,1788154385.542995,626,-0.202720,-0.258241,0.081533,1.300008,-0.433279,0.362785,-0.088809,0.026400
1788154385.627354,1788154385.626556,627,-0.204315,-0.255378,0.078326,1.302007,-0.435191,0.368194,-0.089274,0.026403
1788154385.710457,1788154385.710285,628,-0.206416,-0.254623,0.078067,1.299498,-0.427120,0.371868,-0.086126,0.026403
1788154385.796027,1788154385.795860,629,-0.204941,-0.257629,0.081333,1.296940,-0.425964,0.365949,-0.085726,0.026406
1788154385.897043,1788154385.896652,630,-0.202179,-0.258524,0.081772,1.299511,-0.433635,0.362445,-0.089350,0.026400
1788154385.982029,1788154385.981814,631,-0.203669,-0.255455,0.078613,1.302024,-0.435818,0.368223,-0.089582,0.026406
1788154386.073107,1788154386.072908,632,-0.206037,-0.254309,0.078053,1.300176,-0.428096,0.372664,-0.085957,0.026404
1788154386.160691,1788154386.160510,633,-0.205133,-0.256658,0.081158,1.297511,-0.425825,0.368180,-0.085249,0.026404
1788154386.249124,1788154386.248951,634,-0.202942,-0.257608,0.081959,1.299569,-0.433324,0.364180,-0.088681,0.026401
1788154386.340348,1788154386.337165,635,-0.203886,-0.255460,0.078764,1.301956,-0.435619,0.368149,-0.089435,0.026396
1788154386.430759,1788154386.430437,636,-0.205522,-0.254978,0.078205,1.300027,-0.428206,0.371457,-0.086369,0.026406
1788154386.530822,1788154386.530511,637,-0.203950,-0.257938,0.081389,1.297786,-0.426928,0.365677,-0.085976,0.026403
1788154386.618394,1788154386.618178,638,-0.201422,-0.258611,0.081670,1.300501,-0.434808,0.362514,-0.089478,0.026406
1788154386.721395,1788154386.720507,639,-0.203009,-0.255349,0.078406,1.303063,-0.436510,0.368772,-0.089825,0.026406
1788154386.803933,1788154386.803727,640,-0.205595,-0.254073,0.077821,1.301019,-0.428735,0.373342,-0.086354,0.026405
1788154386.896642,1788154386.896459,641,-0.204705,-0.256508,0.080860,1.298067,-0.426178,0.368657,-0.085879,0.026404
1788154386.983629,1788154386.983431,642,-0.202315,-0.257602,0.081742,1.299693,-0.433263,0.364380,-0.089536,0.026403
1788154387.078463,1788154387.078257,643,-0.202868,-0.255489,0.078725,1.302498,-0.436160,0.368119,-0.090353,0.026400
1788154387.172307,1788154387.172107,644,-0.204512,-0.254766,0.077934,1.300945,-0.428820,0.371884,-0.086990,0.026402
1788154387.272419,1788154387.269611,645,-0.203556,-0.257057,0.081092,1.298405,-0.426889,0.367345,-0.086236,0.026403
1788154387.355731,1788154387.355521,646,-0.201796,-0.257696,0.081839,1.300445,-0.434442,0.363808,-0.089326,0.026399
1788154387.445443,1788154387.445265,647,-0.203035,-0.255188,0.078570,1.302433,-0.435917,0.368528,-0.090098,0.026390
1788154387.544006,1788154387.543807,648,-0.205536,-0.254630,0.078278,1.299665,-0.428768,0.371769,-0.086725,0.026406
1788154387.629310,1788154387.629124,649,-0.203682,-0.257945,0.081384,1.297174,-0.427259,0.365087,-0.087095,0.026398
1788154387.712056,1788154387.711884,650,-0.200915,-0.258648,0.081570,1.299251,-0.434988,0.361575,-0.091258,0.026402
1788154387.799422,1788154387.798938,651,-0.202995,-0.255481,0.078827,1.301069,-0.437041,0.367555,-0.091349,0.026408
1788154387.887757,1788154387.887318,652,-0.205921,-0.254012,0.078198,1.298689,-0.429300,0.372795,-0.087633,0.026402
1788154387.981241,1788154387.981017,653,-0.205191,-0.256033,0.081302,1.295873,-0.426664,0.369259,-0.087187,0.026407
1788154388.083143,1788154388.082854,654,-0.203370,-0.256789,0.082233,1.297692,-0.434050,0.365513,-0.090638,0.026402
1788154388.177961,1788154388.177616,655,-0.204030,-0.254751,0.079001,1.300444,-0.436190,0.369431,-0.091528,0.026385
1788154388.271564,1788154388.271365,656,-0.205813,-0.254345,0.078411,1.298707,-0.429264,0.372617,-0.088284,0.026407
1788154388.358122,1788154388.357816,657,-0.204567,-0.257422,0.081654,1.295983,-0.427493,0.366476,-0.087895,0.026398
1788154388.442420,1788154388.442020,658,-0.202112,-0.258150,0.082104,1.297966,-0.435081,0.362993,-0.091607,0.026407
1788154388.523300,1788154388.522938,659,-0.203279,-0.255161,0.078986,1.300506,-0.437310,0.368627,-0.092164,0.026401
1788154388.620732,1788154388.620468,660,-0.206010,-0.253725,0.078024,1.298481,-0.430184,0.373729,-0.088452,0.026406
1788154388.706454,1788154388.705941,661,-0.205444,-0.255639,0.080928,1.295182,-0.426851,0.370237,-0.088082,0.026407
1788154388.791284,1788154388.791077,662,-0.203629,-0.256512,0.082140,1.296152,-0.433883,0.365826,-0.091730,0.026405
1788154388.877423,1788154388.877197,663,-0.204026,-0.254643,0.079099,1.298872,-0.436798,0.368953,-0.092594,0.026387
1788154388.962743,1788154388.962524,664,-0.205549,-0.254257,0.078390,1.297542,-0.430072,0.372273,-0.089103,0.026405
1788154389.053356,1788154389.053141,665,-0.203978,-0.257029,0.081588,1.295619,-0.428136,0.366946,-0.088555,0.026399
1788154389.137416,1788154389.137178,666,-0.201635,-0.257782,0.082122,1.298379,-0.436092,0.363350,-0.091788,0.026399
1788154389.224157,1788154389.223942,667,-0.202925,-0.255226,0.078911,1.300784,-0.437643,0.368211,-0.092241,0.026393
1788154389.306648,1788154389.306058,668,-0.205118,-0.254463,0.078509,1.298413,-0.429904,0.371934,-0.088891,0.026405
1788154389.399392,1788154389.396630,669,-0.203716,-0.257442,0.081819,1.295763,-0.428198,0.366144,-0.088514,0.026403
1788154389.481398,1788154389.480416,670,-0.201131,-0.258211,0.082328,1.298003,-0.435583,0.362824,-0.092082,0.026409
1788154389.564982,1788154389.564807,671,-0.202076,-0.255157,0.079289,1.301292,-0.437781,0.368714,-0.092431,0.026403
1788154389.646638,1788154389.646448,672,-0.204537,-0.253853,0.078600,1.300254,-0.430430,0.373650,-0.088299,0.026406
1788154389.735737,1788154389.735535,673,-0.203819,-0.256038,0.081601,1.297740,-0.427050,0.369737,-0.087351,0.026399
1788154389.823397,1788154389.822728,674,-0.201766,-0.257206,0.082733,1.299459,-0.434157,0.365054,-0.090545,0.026402
1788154389.904394,1788154389.904216,675,-0.202021,-0.255473,0.079586,1.302398,-0.436785,0.368066,-0.091232,0.026388
1788154389.993494,1788154389.993271,676,-0.203373,-0.255085,0.078790,1.301105,-0.430033,0.371368,-0.087827,0.026405
1788154390.075279,1788154390.073956,677,-0.202293,-0.257752,0.082002,1.298602,-0.428137,0.366061,-0.087083,0.026407
1788154390.159309,1788154390.157367,678,-0.200015,-0.258281,0.082415,1.300830,-0.435451,0.363004,-0.090535,0.026401
1788154390.242054,1788154390.241867,679,-0.202015,-0.255093,0.079566,1.303036,-0.437258,0.369459,-0.090469,0.026405
1788154390.325769,1788154390.325567,680,-0.204690,-0.253759,0.079011,1.300982,-0.429369,0.374488,-0.086971,0.026404
1788154390.409503,1788154390.408095,681,-0.204072,-0.255986,0.082118,1.298224,-0.426926,0.370539,-0.086271,0.026405
1788154390.496038,1788154390.495858,682,-0.202098,-0.256913,0.082898,1.300280,-0.434387,0.366732,-0.089775,0.026401
1788154390.576452,1788154390.576199,683,-0.203052,-0.254820,0.079618,1.302700,-0.436455,0.370801,-0.090660,0.026393
1788154390.662841,1788154390.662066,684,-0.204719,-0.254367,0.079022,1.300684,-0.429060,0.374046,-0.087782,0.026407
1788154390.758928,1788154390.758771,685,-0.203399,-0.257361,0.082246,1.298087,-0.427734,0.368115,-0.087390,0.026405
1788154390.850667,1788154390.850458,686,-0.200888,-0.258093,0.082622,1.300520,-0.435485,0.364785,-0.091046,0.026400
1788154390.942383,1788154390.942155,687,-0.203008,-0.254809,0.079478,1.302243,-0.437269,0.370849,-0.091187,0.026408
1788154391.029623,1788154391.029367,688,-0.205631,-0.253650,0.079139,1.299531,-0.428975,0.375187,-0.087761,0.026404
1788154391.119127,1788154391.118914,689,-0.204552,-0.256140,0.082352,1.296761,-0.427190,0.370355,-0.087252,0.026404
1788154391.209429,1788154391.209185,690,-0.202314,-0.256959,0.083007,1.298970,-0.434819,0.366738,-0.090716,0.026401
1788154391.296871,1788154391.296590,691,-0.203516,-0.254454,0.079765,1.301346,-0.436858,0.371419,-0.091352,0.026397
1788154391.387640,1788154391.387433,692,-0.205484,-0.253738,0.079204,1.299121,-0.429059,0.375047,-0.088130,0.026403
1788154391.470830,1788154391.470605,693,-0.204390,-0.256367,0.082416,1.296319,-0.427513,0.369730,-0.087564,0.026407
1788154391.555371,1788154391.555167,694,-0.202195,-0.257041,0.082943,1.298466,-0.435289,0.366271,-0.091064,0.026400
1788154391.642757,1788154391.642576,695,-0.203918,-0.254143,0.079703,1.300279,-0.437135,0.371575,-0.091562,0.026402
1788154391.727302,1788154391.727114,696,-0.206245,-0.253341,0.079391,1.297493,-0.429026,0.375216,-0.088345,0.026411
1788154391.808309,1788154391.808083,697,-0.204409,-0.256052,0.082578,1.295727,-0.427957,0.369908,-0.088138,0.026408
1788154391.891776,1788154391.891557,698,-0.201578,-0.256954,0.082955,1.299225,-0.436057,0.366201,-0.091617,0.026401
1788154391.983054,1788154391.982862,699,-0.202835,-0.254544,0.079610,1.301998,-0.437699,0.370853,-0.091843,0.026389
1788154392.062176,1788154392.061993,700,-0.205086,-0.253965,0.079165,1.299925,-0.430052,0.374256,-0.088235,0.026410
1788154392.143814,1788154392.143518,701,-0.203010,-0.257296,0.082204,1.297547,-0.428100,0.367890,-0.088390,0.026402
1788154392.234803,1788154392.234516,702,-0.200252,-0.258401,0.082829,1.299432,-0.435719,0.363684,-0.092064,0.026403
1788154392.320156,1788154392.319976,703,-0.201186,-0.255887,0.079875,1.301739,-0.438184,0.367959,-0.092765,0.026399
1788154392.404733,1788154392.404559,704,-0.203575,-0.254630,0.079042,1.299406,-0.430783,0.372583,-0.089137,0.026404
1788154392.483615,1788154392.483390,705,-0.202930,-0.256443,0.082279,1.296552,-0.428378,0.368982,-0.088575,0.026408
1788154392.564565,1788154392.564349,706,-0.201605,-0.256747,0.083220,1.298162,-0.435472,0.365950,-0.091593,0.026399
1788154392.646372,1788154392.646127,707,-0.202934,-0.254170,0.080020,1.300405,-0.437083,0.370819,-0.092226,0.026396
1788154392.732267,1788154392.732041,708,-0.205104,-0.253677,0.079647,1.298293,-0.429544,0.374290,-0.088621,0.026406
1788154392.814661,1788154392.814429,709,-0.203253,-0.257110,0.082805,1.296198,-0.428031,0.367719,-0.088420,0.026401
1788154392.895843,1788154392.895666,710,-0.200410,-0.258081,0.083100,1.298836,-0.435808,0.364000,-0.092016,0.026402
1788154392.980117,1788154392.979918,711,-0.202149,-0.255029,0.079994,1.301036,-0.437906,0.369502,-0.092135,0.026407
1788154393.066782,1788154393.066544,712,-0.204776,-0.253709,0.079330,1.298828,-0.430086,0.374151,-0.088434,0.026405
1788154393.148015,1788154393.147830,713,-0.203940,-0.255798,0.082461,1.296258,-0.427734,0.370159,-0.087758,0.026407
1788154393.236989,1788154393.236795,714,-0.201977,-0.256565,0.083260,1.298494,-0.435164,0.366454,-0.091015,0.026401
1788154393.335360,1788154393.332005,715,-0.202869,-0.254404,0.079989,1.301309,-0.437152,0.370607,-0.091662,0.026397
1788154393.418314,1788154393.418094,716,-0.204490,-0.253939,0.079319,1.299713,-0.429605,0.373995,-0.088415,0.026403
1788154393.501670,1788154393.501467,717,-0.203333,-0.256790,0.082489,1.297189,-0.427963,0.368366,-0.087699,0.026406
1788154393.585068,1788154393.584875,718,-0.200845,-0.257551,0.082882,1.299632,-0.435529,0.364924,-0.091231,0.026401
1788154393.677087,1788154393.676704,719,-0.202675,-0.254388,0.079689,1.301818,-0.437493,0.370825,-0.091342,0.026407
1788154393.765380,1788154393.764915,720,-0.205222,-0.253257,0.079197,1.299615,-0.429472,0.375144,-0.087804,0.026404
1788154393.868732,1788154393.868475,721,-0.204096,-0.255786,0.082284,1.297071,-0.427306,0.370337,-0.087284,0.026404
1788154393.952664,1788154393.952432,722,-0.201742,-0.256822,0.083008,1.299317,-0.434750,0.366294,-0.090734,0.026402
1788154394.044734,1788154394.044373,723,-0.202659,-0.254657,0.079794,1.301949,-0.437049,0.370299,-0.091380,0.026397
1788154394.137371,1788154394.137148,724,-0.204457,-0.254047,0.079108,1.300034,-0.429445,0.373810,-0.088122,0.026404
1788154394.235386,1788154394.235149,725,-0.203274,-0.256619,0.082272,1.297490,-0.427769,0.368674,-0.087562,0.026401
1788154394.329220,1788154394.329008,726,-0.201263,-0.257292,0.082851,1.299734,-0.435593,0.365148,-0.090869,0.026399
1788154394.413472,1788154394.413131,727,-0.202817,-0.254640,0.079585,1.301674,-0.437180,0.370060,-0.091468,0.026401
1788154394.495386,1788154394.495205,728,-0.205067,-0.253880,0.079091,1.298937,-0.429268,0.373761,-0.088309,0.026403
1788154394.579844,1788154394.579663,729,-0.203814,-0.256641,0.082306,1.296147,-0.427810,0.368260,-0.088015,0.026405
1788154394.664639,1788154394.664460,730,-0.201610,-0.257245,0.082733,1.298340,-0.435587,0.364993,-0.091616,0.026401
1788154394.748083,1788154394.747791,731,-0.203493,-0.254213,0.079502,1.300297,-0.437381,0.370566,-0.092013,0.026405
1788154394.830092,1788154394.829914,732,-0.205949,-0.253200,0.078975,1.297749,-0.429148,0.374729,-0.088646,0.026403
1788154394.919403,1788154394.919168,733,-0.205052,-0.255631,0.082146,1.294941,-0.427395,0.369928,-0.088006,0.026406
1788154395.001467,1788154395.001256,734,-0.202860,-0.256407,0.082751,1.297206,-0.434919,0.366330,-0.091452,0.026399
1788154395.085088,1788154395.084884,735,-0.204041,-0.253850,0.079451,1.299762,-0.436960,0.371154,-0.092036,0.026400
1788154395.168294,1788154395.168025,736,-0.205913,-0.253259,0.078967,1.297841,-0.429123,0.374584,-0.088739,0.026406
1788154395.254931,1788154395.254738,737,-0.204371,-0.256275,0.082158,1.295669,-0.427693,0.368706,-0.088168,0.026401
1788154395.344931,1788154395.344589,738,-0.201734,-0.257243,0.082627,1.298480,-0.435503,0.364920,-0.091539,0.026399
1788154395.426500,1788154395.426319,739,-0.203175,-0.254557,0.079390,1.300808,-0.437377,0.369936,-0.091836,0.026403
1788154395.508044,1788154395.507835,740,-0.205225,-0.253809,0.078987,1.298503,-0.429191,0.373700,-0.088389,0.026402
1788154395.589738,1788154395.589530,741,-0.203919,-0.256513,0.082261,1.295997,-0.427763,0.368406,-0.087743,0.026408
1788154395.672283,1788154395.672082,742,-0.201573,-0.257247,0.082779,1.298507,-0.435460,0.365045,-0.091081,0.026400
1788154395.757022,1788154395.756705,743,-0.203277,-0.254325,0.079547,1.300716,-0.437281,0.370536,-0.091350,0.026402
1788154395.839766,1788154395.839586,744,-0.205829,-0.253255,0.078918,1.298269,-0.429384,0.374777,-0.087938,0.026403
1788154395.926254,1788154395.926079,745,-0.204887,-0.255651,0.081984,1.295314,-0.427240,0.370078,-0.087572,0.026408
1788154396.015018,1788154396.014839,746,-0.202572,-0.256569,0.082778,1.297187,-0.434499,0.366098,-0.091246,0.026403
1788154396.097336,1788154396.097154,747,-0.203414,-0.254324,0.079690,1.300060,-0.437216,0.370169,-0.091910,0.026396
1788154396.184391,1788154396.183993,748,-0.205168,-0.253626,0.078900,1.298642,-0.429613,0.374020,-0.088418,0.026407
1788154396.269357,1788154396.266957,749,-0.203881,-0.256006,0.082008,1.296689,-0.427669,0.369502,-0.087727,0.026403
1788154396.356145,1788154396.355944,750,-0.201749,-0.256925,0.082792,1.299449,-0.435392,0.365475,-0.090774,0.026396
1788154396.449142,1788154396.448864,751,-0.202193,-0.254940,0.079453,1.302561,-0.437039,0.369401,-0.091558,0.026382
1788154396.535362,1788154396.533757,752,-0.204185,-0.254520,0.078793,1.300826,-0.430510,0.372490,-0.088206,0.026409
1788154396.618354,1788154396.617324,753,-0.201254,-0.257425,0.080555,1.299211,-0.428330,0.367210,-0.088932,0.026394
1788154396.699505,1788154396.699298,754,-0.191659,-0.258623,0.078734,1.302182,-0.431099,0.363818,-0.096735,0.026379
1788154396.798560,1788154396.798362,755,-0.182701,-0.256904,0.072701,1.307135,-0.437096,0.366612,-0.103212,0.026404
1788154396.889914,1788154396.889364,756,-0.175524,-0.256755,0.068425,1.308210,-0.434226,0.368065,-0.106311,0.026411
1788154396.983451,1788154396.983263,757,-0.169143,-0.259458,0.068904,1.305269,-0.433329,0.362126,-0.109052,0.026418
1788154397.094257,1788154397.092133,758,-0.160467,-0.260730,0.069436,1.306294,-0.439510,0.354097,-0.117691,0.026414
1788154397.187883,1788154397.187694,759,-0.155487,-0.257722,0.066387,1.309152,-0.446959,0.353474,-0.125901,0.026399
1788154397.279965,1788154397.279605,760,-0.153620,-0.255313,0.062046,1.308410,-0.445871,0.355234,-0.131622,0.026387
1788154397.369282,1788154397.369097,761,-0.150118,-0.255909,0.061204,1.304654,-0.439919,0.354076,-0.134550,0.026404
1788154397.458465,1788154397.458276,762,-0.144706,-0.256860,0.063675,1.303623,-0.441684,0.349323,-0.137857,0.026419
1788154397.540784,1788154397.540602,763,-0.141417,-0.254217,0.063637,1.306008,-0.447123,0.349260,-0.142324,0.026406
1788154397.625427,1788154397.624892,764,-0.141431,-0.249897,0.060823,1.308356,-0.446535,0.356118,-0.143117,0.026396
1788154397.710751,1788154397.710566,765,-0.140497,-0.249285,0.061200,1.307267,-0.438083,0.359273,-0.140569,0.026403
1788154397.796481,1788154397.796288,766,-0.136249,-0.252122,0.065003,1.306250,-0.436759,0.353224,-0.140152,0.026411
1788154397.880254,1788154397.880070,767,-0.131739,-0.253056,0.067090,1.310182,-0.443843,0.347601,-0.142957,0.026412
1788154397.963979,1788154397.963801,768,-0.130204,-0.250068,0.064651,1.315510,-0.447448,0.349414,-0.145657,0.026395
1788154398.045239,1788154398.044962,769,-0.130230,-0.247303,0.061570,1.316631,-0.443081,0.354250,-0.145928,0.026400
1788154398.130727,1788154398.130551,770,-0.129051,-0.247322,0.062750,1.313472,-0.438352,0.353625,-0.147439,0.026408
1788154398.217358,1788154398.214463,771,-0.127898,-0.246936,0.063934,1.312533,-0.444974,0.348938,-0.153287,0.026410
1788154398.296323,1788154398.296154,772,-0.127923,-0.244773,0.060801,1.311815,-0.444563,0.350922,-0.157537,0.026368
1788154398.377879,1788154398.377564,773,-0.128372,-0.243425,0.058382,1.308353,-0.441308,0.354760,-0.158426,0.026415
1788154398.461609,1788154398.461432,774,-0.127110,-0.245158,0.061018,1.304091,-0.439800,0.350559,-0.160762,0.026409
1788154398.544994,1788154398.544770,775,-0.125638,-0.244350,0.062081,1.304435,-0.446155,0.347428,-0.166647,0.026405
1788154398.643630,1788154398.643408,776,-0.127932,-0.240437,0.058955,1.304586,-0.446610,0.352199,-0.168732,0.026393
1788154398.727428,1788154398.727147,777,-0.129684,-0.238006,0.057350,1.300945,-0.438379,0.358782,-0.167254,0.026399
1788154398.816568,1788154398.816263,778,-0.130556,-0.238192,0.060929,1.295771,-0.437538,0.357382,-0.167604,0.026427
1788154398.901352,1788154398.901157,779,-0.130278,-0.237760,0.063657,1.295034,-0.441317,0.353786,-0.171688,0.026394
1788154398.985845,1788154398.985630,780,-0.130832,-0.235033,0.061118,1.297913,-0.444094,0.356682,-0.173585,0.026386
1788154399.072008,1788154399.071800,781,-0.132505,-0.233413,0.058763,1.297108,-0.437817,0.362507,-0.170310,0.026397
1788154399.164334,1788154399.164029,782,-0.132000,-0.234153,0.061138,1.293726,-0.434770,0.361631,-0.170065,0.026412
1788154399.257898,1788154399.257679,783,-0.131622,-0.234365,0.063046,1.293234,-0.441825,0.356608,-0.173672,0.026404
1788154399.342012,1788154399.341821,784,-0.132061,-0.232769,0.059976,1.294478,-0.443192,0.358726,-0.176157,0.026374
1788154399.429268,1788154399.429059,785,-0.133021,-0.232596,0.057778,1.292300,-0.439349,0.362175,-0.174771,0.026408
1788154399.521336,1788154399.521117,786,-0.132195,-0.235442,0.060465,1.288392,-0.438481,0.357337,-0.175719,0.026416
1788154399.604937,1788154399.604710,787,-0.129917,-0.236248,0.061626,1.289367,-0.445512,0.352163,-0.181638,0.026406
1788154399.687563,1788154399.687301,788,-0.131668,-0.234027,0.058592,1.290965,-0.448279,0.354875,-0.183231,0.026397
1788154399.769791,1788154399.769598,789,-0.133317,-0.232492,0.056183,1.289310,-0.441262,0.361415,-0.181302,0.026398
1788154399.859629,1788154399.859437,790,-0.133542,-0.232412,0.058228,1.285179,-0.438692,0.362693,-0.180926,0.026421
1788154399.942930,1788154399.942745,791,-0.133606,-0.231964,0.059805,1.284948,-0.445472,0.360152,-0.184515,0.026406
1788154400.032424,1788154400.032244,792,-0.134459,-0.231105,0.056639,1.285778,-0.445341,0.362199,-0.186063,0.026367
1788154400.128792,1788154400.128608,793,-0.134281,-0.232254,0.054407,1.284707,-0.442460,0.363762,-0.185751,0.026412
1788154400.213536,1788154400.213356,794,-0.132289,-0.236607,0.056999,1.283221,-0.442562,0.356632,-0.186462,0.026413
1788154400.306134,1788154400.305904,795,-0.128204,-0.238112,0.058121,1.287503,-0.449145,0.350439,-0.192731,0.026404
1788154400.391232,1788154400.391039,796,-0.130281,-0.236704,0.055943,1.289817,-0.450892,0.352234,-0.193049,0.026397
1788154400.478508,1788154400.478280,797,-0.132334,-0.235865,0.054153,1.289147,-0.444264,0.357934,-0.189989,0.026395
1788154400.577619,1788154400.576782,798,-0.131029,-0.236837,0.056764,1.286722,-0.440341,0.358335,-0.190119,0.026412
1788154400.663559,1788154400.663366,799,-0.130464,-0.236740,0.059604,1.286593,-0.445197,0.355759,-0.192618,0.026410
1788154400.764160,1788154400.763743,800,-0.131257,-0.235154,0.058010,1.288622,-0.446386,0.358263,-0.194170,0.026374
1788154400.850867,1788154400.850428,801,-0.133018,-0.234972,0.056718,1.288033,-0.440830,0.363208,-0.189628,0.026399
1788154400.936228,1788154400.936024,802,-0.131239,-0.237469,0.059861,1.286766,-0.438678,0.360152,-0.189415,0.026408
1788154401.022442,1788154401.022218,803,-0.129805,-0.239222,0.061998,1.288746,-0.446217,0.353386,-0.192507,0.026403
1788154401.111174,1788154401.110968,804,-0.129309,-0.238712,0.059030,1.292423,-0.447364,0.354333,-0.194032,0.026368
1788154401.202423,1788154401.201763,805,-0.129661,-0.238572,0.056829,1.292459,-0.443823,0.358195,-0.191722,0.026413
1788154401.287517,1788154401.287083,806,-0.128586,-0.241268,0.059615,1.289564,-0.441824,0.354473,-0.191747,0.026405
1788154401.373748,1788154401.373379,807,-0.126680,-0.242799,0.061602,1.290675,-0.448368,0.348794,-0.196023,0.026408
1788154401.457348,1788154401.457082,808,-0.126929,-0.241319,0.059163,1.293942,-0.450403,0.351347,-0.197736,0.026381
1788154401.550719,1788154401.550275,809,-0.128021,-0.240369,0.057583,1.292992,-0.443526,0.357492,-0.194946,0.026399
1788154401.644414,1788154401.644212,810,-0.127657,-0.241948,0.061275,1.290314,-0.442449,0.355899,-0.194723,0.026421
1788154401.731044,1788154401.730844,811,-0.127015,-0.242537,0.063783,1.291500,-0.447354,0.352224,-0.197813,0.026402
1788154401.813927,1788154401.813581,812,-0.127198,-0.240551,0.060977,1.295350,-0.448585,0.355749,-0.199159,0.026376
1788154401.898539,1788154401.898328,813,-0.129273,-0.239104,0.059233,1.294455,-0.442569,0.362291,-0.195335,0.026407
1788154401.989705,1788154401.989200,814,-0.128409,-0.240606,0.061889,1.291071,-0.439386,0.360814,-0.195532,0.026405
1788154402.070929,1788154402.070510,815,-0.127233,-0.241349,0.063894,1.291099,-0.445962,0.356144,-0.199232,0.026411
1788154402.153887,1788154402.153685,816,-0.127754,-0.239516,0.061373,1.293980,-0.448454,0.358819,-0.200779,0.026384
1788154402.240755,1788154402.240361,817,-0.129281,-0.238262,0.059431,1.292940,-0.442206,0.364990,-0.197510,0.026400
1788154402.327108,1788154402.326762,818,-0.128939,-0.239623,0.062713,1.290011,-0.440779,0.363365,-0.197187,0.026420
1788154402.416335,1788154402.416131,819,-0.127912,-0.240375,0.064934,1.291200,-0.446987,0.358464,-0.200631,0.026403
1788154402.500934,1788154402.500599,820,-0.128208,-0.238849,0.061921,1.294736,-0.448903,0.360606,-0.201791,0.026377
1788154402.581178,1788154402.580867,821,-0.129057,-0.237841,0.059776,1.294180,-0.442671,0.366026,-0.198974,0.026402
1788154402.666259,1788154402.665935,822,-0.129244,-0.239442,0.062852,1.290477,-0.441155,0.363843,-0.197832,0.026414
1788154402.755257,1788154402.755065,823,-0.127679,-0.240592,0.064909,1.291486,-0.447000,0.358565,-0.201404,0.026402
1788154402.840495,1788154402.840260,824,-0.128214,-0.238964,0.062076,1.294794,-0.449634,0.360717,-0.202072,0.026389
1788154402.931881,1788154402.931632,825,-0.128966,-0.238069,0.060030,1.294327,-0.442897,0.366065,-0.198992,0.026397
1788154403.031897,1788154403.031487,826,-0.128794,-0.239418,0.063050,1.291356,-0.441863,0.364443,-0.197778,0.026422
1788154403.120064,1788154403.119719,827,-0.127397,-0.240436,0.065090,1.292669,-0.447677,0.359355,-0.200979,0.026401
1788154403.209500,1788154403.207297,828,-0.127613,-0.238896,0.062085,1.296095,-0.449642,0.361703,-0.201910,0.026381
1788154403.306446,1788154403.306030,829,-0.128647,-0.237941,0.060232,1.295106,-0.443131,0.367034,-0.198915,0.026400
1788154403.403856,1788154403.403643,830,-0.128693,-0.239562,0.063353,1.291312,-0.441769,0.364716,-0.198116,0.026416
1788154403.498971,1788154403.498626,831,-0.127254,-0.240641,0.065294,1.292231,-0.447806,0.359535,-0.201857,0.026402
1788154403.591603,1788154403.591407,832,-0.127757,-0.238973,0.062223,1.295493,-0.450216,0.361821,-0.202803,0.026391
1788154403.683468,1788154403.683144,833,-0.128528,-0.238042,0.060082,1.294823,-0.443315,0.367338,-0.199846,0.026399
1788154403.772000,1788154403.771814,834,-0.128396,-0.239477,0.063149,1.291631,-0.442384,0.365466,-0.198975,0.026422
1788154403.870977,1788154403.870788,835,-0.127010,-0.240480,0.065124,1.292811,-0.448106,0.360279,-0.202467,0.026401
1788154403.970649,1788154403.970433,836,-0.127282,-0.238902,0.062062,1.296259,-0.450261,0.362541,-0.203502,0.026383
1788154404.053184,1788154404.053008,837,-0.128299,-0.237944,0.059985,1.295451,-0.443786,0.367851,-0.200562,0.026400
1788154404.141039,1788154404.140834,838,-0.128342,-0.239487,0.062891,1.291591,-0.442160,0.365809,-0.199735,0.026414
1788154404.221199,1788154404.221019,839,-0.126998,-0.240492,0.064811,1.292232,-0.448353,0.360595,-0.203547,0.026402
1788154404.303443,1788154404.303203,840,-0.127848,-0.238778,0.061685,1.294788,-0.450580,0.362826,-0.204438,0.026387
1788154404.390379,1788154404.387583,841,-0.128569,-0.237814,0.059645,1.293624,-0.443594,0.368294,-0.201829,0.026396
1788154404.480996,1788154404.480642,842,-0.129139,-0.239202,0.062863,1.289792,-0.443402,0.366149,-0.200739,0.026422
1788154404.587152,1788154404.586814,843,-0.128002,-0.239984,0.065050,1.290439,-0.447805,0.361702,-0.204281,0.026399
1788154404.679853,1788154404.678286,844,-0.128540,-0.237980,0.062218,1.293822,-0.450476,0.364585,-0.205207,0.026392
1788154404.778572,1788154404.778358,845,-0.129855,-0.236610,0.059610,1.293478,-0.444142,0.370773,-0.202050,0.026398
1788154404.865157,1788154404.864892,846,-0.129821,-0.237513,0.061729,1.290243,-0.440599,0.371389,-0.198529,0.026412
1788154404.964756,1788154404.964483,847,-0.129379,-0.238522,0.064855,1.290390,-0.446523,0.367302,-0.198355,0.026413
1788154405.056322,1788154405.056034,848,-0.129569,-0.237543,0.063935,1.293203,-0.446861,0.370154,-0.196959,0.026371
1788154405.137611,1788154405.137401,849,-0.129899,-0.239413,0.064463,1.295479,-0.444138,0.371786,-0.190349,0.026410
1788154405.224631,1788154405.224408,850,-0.126890,-0.243184,0.067757,1.297273,-0.441655,0.366900,-0.186902,0.026393
1788154405.315347,1788154405.315005,851,-0.124200,-0.245295,0.069860,1.301743,-0.448255,0.361739,-0.185448,0.026406
1788154405.399751,1788154405.399315,852,-0.123923,-0.243255,0.067737,1.307071,-0.450940,0.365258,-0.184522,0.026383
1788154405.483195,1788154405.482958,853,-0.126459,-0.241007,0.065782,1.307159,-0.446208,0.372831,-0.180149,0.026405
1788154405.567913,1788154405.564996,854,-0.126308,-0.241701,0.067831,1.304017,-0.442336,0.373108,-0.180971,0.026404
1788154405.647534,1788154405.647178,855,-0.126469,-0.241185,0.068806,1.303335,-0.448929,0.370883,-0.185220,0.026414
1788154405.736766,1788154405.736405,856,-0.126887,-0.241398,0.065995,1.305352,-0.451155,0.370710,-0.187876,0.026375
1788154405.828781,1788154405.828413,857,-0.126182,-0.242678,0.064095,1.304587,-0.445137,0.372074,-0.188162,0.026403
1788154405.918926,1788154405.918586,858,-0.124658,-0.246404,0.066841,1.303765,-0.447213,0.365342,-0.188811,0.026417
1788154406.013152,1788154406.012755,859,-0.123155,-0.246946,0.067920,1.305677,-0.450259,0.361766,-0.193198,0.026388
1788154406.115528,1788154406.115143,860,-0.124974,-0.243211,0.065084,1.307618,-0.450725,0.368071,-0.194127,0.026394
1788154406.207838,1788154406.207548,861,-0.127826,-0.240801,0.063363,1.304893,-0.442808,0.375790,-0.190312,0.026403
1788154406.308085,1788154406.307703,862,-0.127482,-0.241313,0.066402,1.301154,-0.440232,0.375591,-0.190180,0.026421
1788154406.394551,1788154406.394175,863,-0.127162,-0.241366,0.068713,1.300922,-0.446486,0.371369,-0.193292,0.026406
1788154406.478514,1788154406.478204,864,-0.127869,-0.239470,0.065611,1.303151,-0.448022,0.373589,-0.194364,0.026384
1788154406.562293,1788154406.561959,865,-0.128995,-0.238456,0.063447,1.301680,-0.442193,0.378305,-0.191375,0.026404
1788154406.654020,1788154406.653682,866,-0.129430,-0.240170,0.066379,1.297473,-0.441273,0.374815,-0.190254,0.026417
1788154406.739349,1788154406.737201,867,-0.127446,-0.241466,0.068100,1.298468,-0.447512,0.368447,-0.194445,0.026399
1788154406.821230,1788154406.821053,868,-0.128185,-0.239944,0.065460,1.301543,-0.450890,0.370089,-0.195177,0.026400
1788154406.913814,1788154406.913608,869,-0.128535,-0.239246,0.063026,1.301654,-0.444727,0.374570,-0.192839,0.026396
1788154407.000114,1788154406.999938,870,-0.127890,-0.240438,0.064973,1.299095,-0.442911,0.373699,-0.190746,0.026419
1788154407.086370,1788154407.083929,871,-0.126201,-0.242017,0.067039,1.299586,-0.449316,0.367371,-0.193877,0.026406
1788154407.171865,1788154407.171674,872,-0.126152,-0.240730,0.064601,1.301917,-0.450720,0.369636,-0.194438,0.026372
1788154407.256843,1788154407.256642,873,-0.127746,-0.240526,0.063990,1.300376,-0.445578,0.373629,-0.189802,0.026409
1788154407.343291,1788154407.342675,874,-0.126080,-0.243759,0.067580,1.297858,-0.443668,0.368698,-0.188740,0.026403
1788154407.437912,1788154407.437665,875,-0.123692,-0.245893,0.069898,1.299604,-0.450438,0.362387,-0.191188,0.026408
1788154407.528960,1788154407.528544,876,-0.123319,-0.244689,0.067909,1.304335,-0.453313,0.364441,-0.191314,0.026389
1788154407.620115,1788154407.619790,877,-0.124548,-0.243634,0.066463,1.305129,-0.446962,0.370647,-0.186190,0.026397
1788154407.724403,1788154407.724024,878,-0.123916,-0.245234,0.070085,1.303470,-0.444193,0.369451,-0.184158,0.026412
1788154407.818281,1788154407.818075,879,-0.123430,-0.246223,0.072702,1.305069,-0.450280,0.365146,-0.185382,0.026404
1788154407.906674,1788154407.906425,880,-0.123145,-0.244723,0.069957,1.309098,-0.450775,0.368146,-0.185758,0.026373
1788154408.004499,1788154408.004070,881,-0.124639,-0.244139,0.068532,1.309371,-0.446675,0.372915,-0.181179,0.026417
1788154408.104585,1788154408.104307,882,-0.123140,-0.247007,0.071330,1.307571,-0.443632,0.369056,-0.180483,0.026399
1788154408.200896,1788154408.200665,883,-0.120937,-0.249043,0.073102,1.309276,-0.450651,0.362706,-0.183741,0.026410
1788154408.286310,1788154408.286008,884,-0.120978,-0.247785,0.070564,1.313040,-0.453082,0.364680,-0.184514,0.026385
1788154408.376959,1788154408.376695,885,-0.121993,-0.246893,0.069121,1.312628,-0.446514,0.370079,-0.180942,0.026401
1788154408.460554,1788154408.460351,886,-0.121897,-0.248795,0.072758,1.309973,-0.445232,0.367540,-0.179713,0.026415
1788154408.551087,1788154408.550713,887,-0.120893,-0.249449,0.074729,1.311594,-0.450441,0.364147,-0.182509,0.026399
1788154408.632965,1788154408.632760,888,-0.121935,-0.247085,0.071882,1.314705,-0.451708,0.368417,-0.183083,0.026390
1788154408.721765,1788154408.721505,889,-0.123759,-0.245039,0.069975,1.313319,-0.444215,0.375536,-0.179800,0.026401
1788154408.815402,1788154408.815181,890,-0.124680,-0.245641,0.073259,1.309271,-0.442279,0.374920,-0.178809,0.026419
1788154408.905536,1788154408.905304,891,-0.124477,-0.245905,0.075290,1.309535,-0.447578,0.371344,-0.181752,0.026401
1788154408.993452,1788154408.993255,892,-0.125050,-0.243651,0.072179,1.312715,-0.449366,0.374847,-0.182781,0.026384
1788154409.075575,1788154409.075323,893,-0.126893,-0.242320,0.070393,1.311290,-0.442803,0.380151,-0.179090,0.026403
1788154409.162626,1788154409.162147,894,-0.126681,-0.243998,0.073322,1.307575,-0.440815,0.377250,-0.178324,0.026409
1788154409.243823,1788154409.243478,895,-0.125407,-0.245333,0.075210,1.308244,-0.447983,0.371159,-0.181657,0.026401
1788154409.328772,1788154409.328377,896,-0.125518,-0.243920,0.072126,1.311280,-0.450284,0.373228,-0.182673,0.026384
1788154409.425511,1788154409.425220,897,-0.126381,-0.242952,0.070044,1.310138,-0.444446,0.378119,-0.179781,0.026402
1788154409.509394,1788154409.509042,898,-0.126584,-0.244701,0.073117,1.306191,-0.443363,0.375118,-0.178783,0.026414
1788154409.595800,1788154409.595599,899,-0.124772,-0.245845,0.074876,1.307251,-0.449421,0.369934,-0.182693,0.026399
1788154409.681897,1788154409.681722,900,-0.125421,-0.244130,0.071993,1.310362,-0.452370,0.372252,-0.183370,0.026392
1788154409.764825,1788154409.764534,901,-0.126320,-0.242903,0.069813,1.309837,-0.445359,0.377785,-0.180304,0.026398
1788154409.847127,1788154409.846733,902,-0.126565,-0.243501,0.072482,1.306708,-0.443772,0.377236,-0.178506,0.026417
1788154409.930443,1788154409.930220,903,-0.125636,-0.244179,0.074366,1.307488,-0.449799,0.372601,-0.181526,0.026398
1788154410.011263,1788154410.011054,904,-0.126087,-0.242465,0.071191,1.309860,-0.451074,0.375275,-0.182461,0.026383
1788154410.093251,1788154410.093030,905,-0.127313,-0.241807,0.069782,1.308042,-0.444811,0.379615,-0.179259,0.026404
1788154410.177796,1788154410.177580,906,-0.127043,-0.243993,0.073005,1.304340,-0.443751,0.375708,-0.178201,0.026413
1788154410.257918,1788154410.257654,907,-0.125158,-0.245316,0.074744,1.305762,-0.450388,0.370316,-0.181721,0.026404
1788154410.340548,1788154410.340374,908,-0.125804,-0.243613,0.071859,1.309056,-0.453063,0.372574,-0.182309,0.026394
1788154410.426929,1788154410.426729,909,-0.126665,-0.242377,0.069644,1.308565,-0.445924,0.378131,-0.179225,0.026398
1788154410.516452,1788154410.516268,910,-0.126701,-0.243111,0.072305,1.305583,-0.444341,0.377384,-0.177668,0.026420
1788154410.599147,1788154410.598906,911,-0.125771,-0.243830,0.074036,1.306488,-0.450458,0.372762,-0.180689,0.026400
1788154410.684170,1788154410.683962,912,-0.125928,-0.242159,0.070823,1.309234,-0.451605,0.375469,-0.181967,0.026375
1788154410.769279,1788154410.769071,913,-0.127738,-0.241587,0.069584,1.307347,-0.445800,0.379454,-0.178432,0.026409
1788154410.861362,1788154410.861046,914,-0.126339,-0.244398,0.072547,1.304065,-0.443688,0.374649,-0.178487,0.026404
1788154410.942390,1788154410.942157,915,-0.124269,-0.246119,0.074348,1.304830,-0.450634,0.368422,-0.182073,0.026410
1788154411.022755,1788154411.022553,916,-0.124182,-0.244560,0.071836,1.308516,-0.453660,0.370543,-0.183199,0.026391
1788154411.116833,1788154411.116614,917,-0.125519,-0.243284,0.069749,1.308132,-0.447564,0.376309,-0.179551,0.026398
1788154411.204489,1788154411.204298,918,-0.125129,-0.244473,0.072818,1.305406,-0.444991,0.375182,-0.178518,0.026414
1788154411.291365,1788154411.291178,919,-0.124817,-0.245144,0.075074,1.306064,-0.451416,0.370795,-0.180768,0.026403
1788154411.375269,1788154411.374888,920,-0.124492,-0.243496,0.071948,1.309107,-0.451739,0.373637,-0.182010,0.026369
1788154411.457991,1788154411.457820,921,-0.125534,-0.242867,0.069919,1.308933,-0.448467,0.377623,-0.178798,0.026417
1788154411.537917,1788154411.537737,922,-0.124433,-0.245728,0.072470,1.306391,-0.445596,0.373166,-0.178198,0.026399
1788154411.630097,1788154411.629916,923,-0.122151,-0.247700,0.074269,1.307658,-0.452213,0.366490,-0.181846,0.026408
1788154411.721884,1788154411.721511,924,-0.122454,-0.246244,0.071796,1.310872,-0.454912,0.368315,-0.182585,0.026389
1788154411.809475,1788154411.809297,925,-0.123084,-0.245263,0.070284,1.310183,-0.447527,0.373704,-0.179290,0.026397
1788154411.897949,1788154411.897732,926,-0.123302,-0.246892,0.074109,1.307875,-0.447633,0.371315,-0.177790,0.026428
1788154411.984482,1788154411.982304,927,-0.123049,-0.247450,0.077124,1.308772,-0.450172,0.368295,-0.179558,0.026381
1788154412.068926,1788154412.068571,928,-0.123766,-0.244826,0.074865,1.312235,-0.451816,0.372712,-0.179955,0.026388
1788154412.154323,1788154412.154098,929,-0.125901,-0.243031,0.072807,1.311832,-0.445219,0.379808,-0.174987,0.026398
1788154412.241246,1788154412.241007,930,-0.125271,-0.243984,0.075593,1.309521,-0.441895,0.379424,-0.173818,0.026414
1788154412.329531,1788154412.328907,931,-0.125157,-0.244481,0.077893,1.309783,-0.448279,0.375145,-0.175785,0.026406
1788154412.425762,1788154412.425565,932,-0.125157,-0.242883,0.074938,1.312628,-0.449411,0.378143,-0.177041,0.026368
1788154412.513143,1788154412.512874,933,-0.126608,-0.242481,0.072751,1.312117,-0.446469,0.382137,-0.173979,0.026416
1788154412.596335,1788154412.596122,934,-0.125527,-0.245460,0.075061,1.309528,-0.444031,0.377747,-0.173986,0.026400
1788154412.685576,1788154412.685303,935,-0.123394,-0.247537,0.076573,1.310634,-0.451634,0.370646,-0.178414,0.026408
1788154412.780962,1788154412.780753,936,-0.123575,-0.246362,0.073604,1.313322,-0.454271,0.372078,-0.179927,0.026386
1788154412.876067,1788154412.875875,937,-0.124068,-0.245546,0.071637,1.312090,-0.448008,0.376771,-0.177804,0.026402
1788154412.974280,1788154412.974053,938,-0.124273,-0.247372,0.075049,1.308698,-0.447802,0.373639,-0.177073,0.026420
1788154413.060900,1788154413.060497,939,-0.123519,-0.247811,0.077259,1.309157,-0.451574,0.370434,-0.180213,0.026393
1788154413.153301,1788154413.153093,940,-0.124188,-0.244977,0.074585,1.312038,-0.453365,0.375033,-0.181324,0.026389
1788154413.236284,1788154413.236044,941,-0.126354,-0.242925,0.072581,1.310644,-0.446457,0.381940,-0.177305,0.026400
1788154413.318316,1788154413.317865,942,-0.125994,-0.243810,0.075600,1.307469,-0.443529,0.381091,-0.176586,0.026414
1788154413.397107,1788154413.396924,943,-0.125818,-0.244260,0.077908,1.307531,-0.450009,0.376566,-0.179012,0.026406
1788154413.484829,1788154413.484643,944,-0.125815,-0.242506,0.074719,1.310250,-0.451124,0.378911,-0.180211,0.026377
1788154413.568712,1788154413.568559,945,-0.126649,-0.241884,0.072533,1.309957,-0.447285,0.382682,-0.177018,0.026411
1788154413.649058,1788154413.648829,946,-0.125942,-0.244433,0.075133,1.307119,-0.445116,0.378285,-0.176022,0.026404
1788154413.729388,1788154413.729138,947,-0.123785,-0.246286,0.076868,1.308557,-0.452042,0.371504,-0.179608,0.026406
1788154413.813838,1788154413.813635,948,-0.123854,-0.244884,0.073992,1.311830,-0.454630,0.373329,-0.180464,0.026386
1788154413.896101,1788154413.895920,949,-0.124678,-0.243922,0.072102,1.310736,-0.447968,0.378202,-0.177456,0.026400
1788154413.982567,1788154413.982388,950,-0.124839,-0.245622,0.075461,1.307130,-0.446943,0.375410,-0.176469,0.026419
1788154414.065973,1788154414.065770,951,-0.123534,-0.246297,0.077368,1.308114,-0.452073,0.371342,-0.179969,0.026398
1788154414.155124,1788154414.154902,952,-0.124105,-0.244038,0.074462,1.311432,-0.454289,0.374865,-0.180848,0.026386
1788154414.249430,1788154414.249254,953,-0.125642,-0.242325,0.072340,1.310707,-0.447276,0.381130,-0.177393,0.026401
1788154414.332838,1788154414.332597,954,-0.125733,-0.243379,0.075352,1.307339,-0.444630,0.379876,-0.176337,0.026413
1788154414.420692,1788154414.420516,955,-0.125179,-0.244075,0.077430,1.307865,-0.450762,0.375250,-0.179062,0.026403
1788154414.514837,1788154414.514649,956,-0.125118,-0.242226,0.074106,1.310977,-0.452037,0.377953,-0.180177,0.026377
1788154414.599061,1788154414.598840,957,-0.126651,-0.241452,0.072300,1.309816,-0.446996,0.381963,-0.176523,0.026409
1788154414.681117,1788154414.680607,958,-0.125858,-0.243959,0.074976,1.306353,-0.444566,0.377532,-0.175980,0.026402
1788154414.765068,1788154414.764890,959,-0.123846,-0.245760,0.076771,1.306933,-0.451283,0.370871,-0.179589,0.026412
1788154414.857525,1788154414.857219,960,-0.123248,-0.244488,0.074168,1.310889,-0.454602,0.372320,-0.181055,0.026389
1788154414.948380,1788154414.948162,961,-0.124512,-0.243492,0.071860,1.310666,-0.449127,0.377137,-0.177623,0.026400
1788154415.042814,1788154415.042599,962,-0.123875,-0.245156,0.074609,1.307696,-0.445926,0.375052,-0.176984,0.026409
1788154415.130618,1788154415.130413,963,-0.122934,-0.246218,0.076533,1.308299,-0.452958,0.369566,-0.180202,0.026402
1788154415.212932,1788154415.212733,964,-0.122830,-0.244747,0.073461,1.310997,-0.453747,0.372250,-0.181606,0.026372
1788154415.304710,1788154415.304453,965,-0.124243,-0.243690,0.071551,1.309876,-0.449125,0.377442,-0.178327,0.026417
1788154415.396183,1788154415.395941,966,-0.123637,-0.245767,0.074321,1.306374,-0.446296,0.374390,-0.177711,0.026405
1788154415.484850,1788154415.484591,967,-0.122166,-0.247228,0.076363,1.306827,-0.452668,0.368936,-0.180747,0.026407
1788154415.566786,1788154415.566548,968,-0.121979,-0.245637,0.073989,1.310556,-0.455325,0.371339,-0.181907,0.026388
1788154415.660535,1788154415.660290,969,-0.123769,-0.244404,0.072486,1.309993,-0.448898,0.377333,-0.177271,0.026403
1788154415.744431,1788154415.744179,970,-0.122717,-0.246035,0.075905,1.307967,-0.446206,0.375498,-0.176563,0.026409
1788154415.825975,1788154415.825759,971,-0.121875,-0.246991,0.078212,1.309387,-0.452892,0.370663,-0.178960,0.026404
1788154415.909812,1788154415.909599,972,-0.121810,-0.245598,0.075237,1.313030,-0.453970,0.372804,-0.179780,0.026371
1788154415.992152,1788154415.991924,973,-0.123538,-0.244373,0.073460,1.312403,-0.448745,0.378009,-0.175856,0.026412
1788154416.081363,1788154416.081093,974,-0.123083,-0.246229,0.076253,1.309112,-0.445529,0.375069,-0.175147,0.026402
1788154416.167392,1788154416.167188,975,-0.121713,-0.247625,0.078220,1.309648,-0.451752,0.369609,-0.178011,0.026408
1788154416.253214,1788154416.252420,976,-0.121371,-0.246129,0.075702,1.313616,-0.454525,0.371770,-0.179250,0.026386
1788154416.342108,1788154416.341843,977,-0.123067,-0.244969,0.073642,1.313150,-0.448818,0.376988,-0.175362,0.026401
1788154416.429757,1788154416.429549,978,-0.122399,-0.246647,0.076542,1.310369,-0.445702,0.374808,-0.174863,0.026409
1788154416.512479,1788154416.512281,979,-0.121379,-0.247736,0.078420,1.311276,-0.452932,0.369190,-0.178245,0.026404
1788154416.606656,1788154416.606401,980,-0.121157,-0.246363,0.075363,1.314482,-0.454022,0.371571,-0.179795,0.026374
1788154416.700008,1788154416.699794,981,-0.123028,-0.245102,0.073524,1.313268,-0.449051,0.377021,-0.176307,0.026415
1788154416.783432,1788154416.783245,982,-0.122405,-0.246948,0.076233,1.309642,-0.445755,0.374313,-0.176195,0.026403
1788154416.872294,1788154416.872087,983,-0.120986,-0.248248,0.078213,1.309731,-0.451960,0.369090,-0.179404,0.026407
1788154416.957515,1788154416.957265,984,-0.120803,-0.246637,0.075883,1.313400,-0.454990,0.371322,-0.180717,0.026382
1788154417.041462,1788154417.041196,985,-0.122941,-0.245310,0.074295,1.312795,-0.449185,0.377010,-0.176282,0.026407
1788154417.126670,1788154417.126036,986,-0.121581,-0.247091,0.077380,1.310825,-0.445956,0.374955,-0.176084,0.026410
1788154417.213644,1788154417.213437,987,-0.120507,-0.248216,0.079437,1.312069,-0.452925,0.369925,-0.178757,0.026407
1788154417.303201,1788154417.302985,988,-0.120460,-0.246785,0.076491,1.315279,-0.453945,0.372667,-0.179722,0.026371
1788154417.389606,1788154417.389387,989,-0.122183,-0.245491,0.074589,1.314395,-0.449565,0.378161,-0.176203,0.026418
1788154417.471654,1788154417.471442,990,-0.121710,-0.247369,0.077311,1.310850,-0.446463,0.375458,-0.175761,0.026403
1788154417.557775,1788154417.557546,991,-0.120424,-0.248679,0.079312,1.311012,-0.452864,0.370338,-0.178832,0.026407
1788154417.637524,1788154417.637324,992,-0.120332,-0.246945,0.076914,1.314479,-0.455659,0.372977,-0.180168,0.026385
1788154417.718609,1788154417.718388,993,-0.122412,-0.245556,0.075310,1.313507,-0.449661,0.378965,-0.175868,0.026406
1788154417.801341,1788154417.801096,994,-0.121159,-0.247170,0.078501,1.311253,-0.446768,0.377182,-0.175792,0.026415
1788154417.896720,1788154417.896454,995,-0.120228,-0.248075,0.080572,1.312420,-0.453998,0.372379,-0.178744,0.026409
1788154417.984148,1788154417.983965,996,-0.120452,-0.246592,0.077461,1.315418,-0.455046,0.374530,-0.179760,0.026375
1788154418.069395,1788154418.069200,997,-0.121965,-0.245090,0.075510,1.314389,-0.449678,0.380057,-0.176519,0.026410
1788154418.166388,1788154418.166147,998,-0.122400,-0.246355,0.078418,1.310329,-0.446996,0.377804,-0.175390,0.026408
1788154418.253375,1788154418.253145,999,-0.121426,-0.247271,0.080420,1.310661,-0.452881,0.373175,-0.178304,0.026405
1788154418.340064,1788154418.339716,1000,-0.121714,-0.245326,0.077584,1.313888,-0.455380,0.375580,-0.179301,0.026388
1788154418.429330,1788154418.429122,1001,-0.123089,-0.243855,0.075423,1.312894,-0.448889,0.380912,-0.176141,0.026399
1788154418.512764,1788154418.512558,1002,-0.123142,-0.245141,0.078523,1.309527,-0.446886,0.378775,-0.175467,0.026412
1788154418.596148,1788154418.595968,1003,-0.122288,-0.245863,0.080463,1.310320,-0.452872,0.373916,-0.178726,0.026400
1788154418.678754,1788154418.678546,1004,-0.125674,-0.243826,0.080821,1.310941,-0.454203,0.375176,-0.179591,0.026409
1788154418.763267,1788154418.763044,1005,-0.135462,-0.239006,0.082252,1.307042,-0.451142,0.381682,-0.174742,0.026406
1788154418.849335,1788154418.849114,1006,-0.150300,-0.234673,0.086573,1.296178,-0.446794,0.385492,-0.168856,0.026404
1788154418.934335,1788154418.934089,1007,-0.164280,-0.231698,0.091542,1.281904,-0.444331,0.383237,-0.170563,0.026387
1788154419.020586,1788154419.019991,1008,-0.176428,-0.226022,0.091982,1.271454,-0.448001,0.385707,-0.176767,0.026395
1788154419.105582,1788154419.105408,1009,-0.192620,-0.222260,0.090561,1.258454,-0.447701,0.388965,-0.178367,0.026405
1788154419.190296,1788154419.190084,1010,-0.208282,-0.220247,0.088836,1.242445,-0.441107,0.392982,-0.178701,0.026395
1788154419.279599,1788154419.279391,1011,-0.218170,-0.220375,0.089717,1.227417,-0.434393,0.393459,-0.178935,0.026409
1788154419.372918,1788154419.372710,1012,-0.224064,-0.220972,0.092705,1.216336,-0.434773,0.389781,-0.180334,0.026416
1788154419.459721,1788154419.459543,1013,-0.227023,-0.221943,0.094801,1.212424,-0.439694,0.384548,-0.184093,0.026401
1788154419.554202,1788154419.553987,1014,-0.228659,-0.221531,0.093454,1.214962,-0.442566,0.384837,-0.185236,0.026384
1788154419.638478,1788154419.638273,1015,-0.232305,-0.220446,0.091005,1.214468,-0.437479,0.389470,-0.179285,0.026397
1788154419.725612,1788154419.725387,1016,-0.232330,-0.221682,0.092917,1.212718,-0.433173,0.388489,-0.176526,0.026407
1788154419.808832,1788154419.808653,1017,-0.231959,-0.222095,0.095372,1.213683,-0.438241,0.384713,-0.176166,0.026414
1788154419.894716,1788154419.894533,1018,-0.233251,-0.221281,0.094007,1.216063,-0.440244,0.386608,-0.174761,0.026372
1788154419.980600,1788154419.980426,1019,-0.235908,-0.222780,0.093635,1.215541,-0.435236,0.388393,-0.166781,0.026400
1788154420.074398,1788154420.074214,1020,-0.232926,-0.225553,0.096162,1.216186,-0.432762,0.384683,-0.165718,0.026401
1788154420.154469,1788154420.154285,1021,-0.229403,-0.227069,0.097983,1.219591,-0.438899,0.379099,-0.167696,0.026413
1788154420.237520,1788154420.236806,1022,-0.230660,-0.226157,0.096055,1.223083,-0.443471,0.380235,-0.166028,0.026395
1788154420.323070,1788154420.322869,1023,-0.232490,-0.226007,0.093533,1.223439,-0.437998,0.384705,-0.161330,0.026396
1788154420.418814,1788154420.418634,1024,-0.231783,-0.227177,0.094771,1.222738,-0.435549,0.384692,-0.158849,0.026416
1788154420.504592,1788154420.504373,1025,-0.230651,-0.228355,0.096202,1.224830,-0.442392,0.379881,-0.161473,0.026409
1788154420.586923,1788154420.586710,1026,-0.231256,-0.227484,0.093136,1.226304,-0.441748,0.382883,-0.162165,0.026375
1788154420.670357,1788154420.670177,1027,-0.233045,-0.227595,0.090763,1.225299,-0.440053,0.386675,-0.159291,0.026421
1788154420.760259,1788154420.760044,1028,-0.232032,-0.230796,0.093108,1.223165,-0.436915,0.382109,-0.159456,0.026402
1788154420.843826,1788154420.843328,1029,-0.229260,-0.232293,0.095033,1.225061,-0.442731,0.376205,-0.164283,0.026411
1788154420.940378,1788154420.940121,1030,-0.230365,-0.230936,0.093270,1.227879,-0.446077,0.377909,-0.164844,0.026384
1788154421.040959,1788154421.040572,1031,-0.232549,-0.230367,0.091447,1.226962,-0.439241,0.383241,-0.160771,0.026394
1788154421.144042,1788154421.143817,1032,-0.231773,-0.231234,0.093662,1.225237,-0.436050,0.383402,-0.159335,0.026413
1788154421.236383,1788154421.236037,1033,-0.231439,-0.231481,0.095590,1.226656,-0.443056,0.379976,-0.161257,0.026406
1788154421.333118,1788154421.332754,1034,-0.231941,-0.230526,0.092954,1.227916,-0.441685,0.382430,-0.162078,0.026374
1788154421.424520,1788154421.424264,1035,-0.232926,-0.230455,0.090807,1.227588,-0.439881,0.386010,-0.159261,0.026422
1788154421.509441,1788154421.507781,1036,-0.231311,-0.233437,0.093275,1.226327,-0.436983,0.381199,-0.159087,0.026404
1788154421.591247,1788154421.590699,1037,-0.228382,-0.234518,0.095121,1.229230,-0.443146,0.375714,-0.163103,0.026410
1788154421.680960,1788154421.680630,1038,-0.229635,-0.232680,0.093093,1.231774,-0.445264,0.378256,-0.162914,0.026377
1788154421.767061,1788154421.766817,1039,-0.231754,-0.231532,0.091605,1.229958,-0.437783,0.384151,-0.158735,0.026396
1788154421.850166,1788154421.849948,1040,-0.231497,-0.232262,0.094882,1.227355,-0.435627,0.383267,-0.157794,0.026421
1788154421.934924,1788154421.934669,1041,-0.230864,-0.232550,0.096932,1.228544,-0.441501,0.379464,-0.160188,0.026404
1788154422.017061,1788154422.016557,1042,-0.230396,-0.230794,0.093971,1.232429,-0.442602,0.382884,-0.161257,0.026391
1788154422.103122,1788154422.102856,1043,-0.233197,-0.229850,0.092325,1.231648,-0.438112,0.388232,-0.155764,0.026410
1788154422.195339,1788154422.194683,1044,-0.232996,-0.231852,0.094975,1.228808,-0.433686,0.385510,-0.154460,0.026399
1788154422.279963,1788154422.279679,1045,-0.230816,-0.233155,0.097372,1.229653,-0.438904,0.379899,-0.157372,0.026412
1788154422.365240,1788154422.364476,1046,-0.231033,-0.231743,0.095562,1.232929,-0.443239,0.381425,-0.157817,0.026390
1788154422.448385,1788154422.448135,1047,-0.232235,-0.231405,0.093377,1.232544,-0.437980,0.385273,-0.154767,0.026396
1788154422.531753,1788154422.531497,1048,-0.231098,-0.232747,0.095289,1.230857,-0.435529,0.383784,-0.153789,0.026413
1788154422.614769,1788154422.613987,1049,-0.229923,-0.233831,0.097116,1.232070,-0.443164,0.377736,-0.157194,0.026404
1788154422.700864,1788154422.700639,1050,-0.229755,-0.232898,0.094477,1.232680,-0.441957,0.379638,-0.158952,0.026368
1788154422.786766,1788154422.786543,1051,-0.230927,-0.232617,0.092253,1.231261,-0.441883,0.382700,-0.156872,0.026414
1788154422.877517,1788154422.877291,1052,-0.230368,-0.235357,0.094938,1.227909,-0.438603,0.377994,-0.157084,0.026402
1788154422.970815,1788154422.970594,1053,-0.227805,-0.236065,0.097077,1.228677,-0.443587,0.373362,-0.161846,0.026413
1788154423.058017,1788154423.057750,1054,-0.228725,-0.233615,0.095370,1.230714,-0.446721,0.375994,-0.162731,0.026396
1788154423.140643,1788154423.140407,1055,-0.231066,-0.231871,0.093269,1.229309,-0.440286,0.382617,-0.158834,0.026396
1788154423.232699,1788154423.230392,1056,-0.230710,-0.231352,0.094675,1.227133,-0.436422,0.385349,-0.156971,0.026416
1788154423.315757,1788154423.315526,1057,-0.231038,-0.230329,0.096418,1.227657,-0.442650,0.384169,-0.158491,0.026414
1788154423.399790,1788154423.399560,1058,-0.232593,-0.228628,0.094268,1.227826,-0.441119,0.387541,-0.159097,0.026376
1788154423.482667,1788154423.482400,1059,-0.234089,-0.228664,0.092924,1.226759,-0.438197,0.390762,-0.156043,0.026417
1788154423.565188,1788154423.564873,1060,-0.231861,-0.231923,0.095599,1.226487,-0.436225,0.385101,-0.156046,0.026399
1788154423.648417,1788154423.648201,1061,-0.228919,-0.232730,0.096997,1.230670,-0.443682,0.379712,-0.159992,0.026410
1788154423.731884,1788154423.731657,1062,-0.230437,-0.231267,0.094925,1.232620,-0.444455,0.381310,-0.160003,0.026373
1788154423.814220,1788154423.813964,1063,-0.232213,-0.230166,0.093432,1.230072,-0.437239,0.386385,-0.156917,0.026396
1788154423.902177,1788154423.901966,1064,-0.232833,-0.230833,0.096859,1.226799,-0.436773,0.384887,-0.156169,0.026425
1788154423.988068,1788154423.987633,1065,-0.233038,-0.230803,0.099471,1.226334,-0.439612,0.382231,-0.158535,0.026397
1788154424.079664,1788154424.079419,1066,-0.233362,-0.228258,0.096726,1.229085,-0.441681,0.386843,-0.159545,0.026390
1788154424.166929,1788154424.166710,1067,-0.237532,-0.226994,0.094975,1.226724,-0.436624,0.392791,-0.152973,0.026411
1788154424.247758,1788154424.247501,1068,-0.237550,-0.228856,0.097243,1.223697,-0.432642,0.390805,-0.151346,0.026402
1788154424.330693,1788154424.330427,1069,-0.235358,-0.229822,0.099446,1.224703,-0.437606,0.386316,-0.153876,0.026416
1788154424.417281,1788154424.417027,1070,-0.235604,-0.228318,0.097549,1.228028,-0.442276,0.388247,-0.154272,0.026390
1788154424.505368,1788154424.505108,1071,-0.236466,-0.227682,0.094995,1.227960,-0.436882,0.392552,-0.151539,0.026397
1788154424.586323,1788154424.586019,1072,-0.235331,-0.228448,0.096417,1.226754,-0.434958,0.391941,-0.150391,0.026415
1788154424.665433,1788154424.665114,1073,-0.234112,-0.229452,0.098153,1.227638,-0.441692,0.385998,-0.153822,0.026402
1788154424.755083,1788154424.754837,1074,-0.234075,-0.228140,0.095289,1.228334,-0.441647,0.388427,-0.155524,0.026367
1788154424.834191,1788154424.833909,1075,-0.235505,-0.228158,0.093118,1.226795,-0.441591,0.390802,-0.153567,0.026417
1788154424.916251,1788154424.915967,1076,-0.234736,-0.231470,0.095708,1.223963,-0.438799,0.385066,-0.153873,0.026401
1788154425.001009,1788154425.000800,1077,-0.231270,-0.232888,0.097812,1.225641,-0.443794,0.379181,-0.159167,0.026408
1788154425.085877,1788154425.085572,1078,-0.231661,-0.230734,0.096238,1.228347,-0.447406,0.381756,-0.160181,0.026394
1788154425.169096,1788154425.168731,1079,-0.233486,-0.229528,0.094267,1.227380,-0.441288,0.387671,-0.156514,0.026398
1788154425.252167,1788154425.251913,1080,-0.232293,-0.229720,0.095749,1.225945,-0.437887,0.389599,-0.154957,0.026416
1788154425.338860,1788154425.338610,1081,-0.231961,-0.229147,0.098063,1.226727,-0.443523,0.388002,-0.156072,0.026416
1788154425.423312,1788154425.423045,1082,-0.233182,-0.228012,0.097008,1.227661,-0.443684,0.390171,-0.156587,0.026369
1788154425.508755,1788154425.508491,1083,-0.235438,-0.227832,0.096512,1.226621,-0.438737,0.394699,-0.151065,0.026412
1788154425.592460,1788154425.592201,1084,-0.232522,-0.230521,0.099482,1.227070,-0.436280,0.390744,-0.151115,0.026400
1788154425.675287,1788154425.675047,1085,-0.229491,-0.231973,0.101091,1.231152,-0.443978,0.384800,-0.154383,0.026406
1788154425.755703,1788154425.755343,1086,-0.230306,-0.230901,0.098382,1.233872,-0.445487,0.386402,-0.154126,0.026375
1788154425.838374,1788154425.838142,1087,-0.231613,-0.230182,0.096873,1.232251,-0.439343,0.390871,-0.150905,0.026409
1788154425.922459,1788154425.922234,1088,-0.231191,-0.231821,0.100010,1.229321,-0.438195,0.387605,-0.150390,0.026419
1788154426.005034,1788154426.004786,1089,-0.228811,-0.232135,0.101025,1.231610,-0.444507,0.384371,-0.155054,0.026401
1788154426.093741,1788154426.093463,1090,-0.231440,-0.229155,0.098125,1.233059,-0.446628,0.389436,-0.154855,0.026409
1788154426.178104,1788154426.177885,1091,-0.234735,-0.227000,0.095886,1.230466,-0.439345,0.396385,-0.151659,0.026400
1788154426.259279,1788154426.259039,1092,-0.235270,-0.226692,0.097743,1.226247,-0.435085,0.397818,-0.151107,0.026416
1788154426.343465,1788154426.343244,1093,-0.235461,-0.226148,0.099300,1.225654,-0.441755,0.395414,-0.154369,0.026410
1788154426.434469,1788154426.434214,1094,-0.237129,-0.224163,0.095995,1.225236,-0.441702,0.398885,-0.155690,0.026371
1788154426.515286,1788154426.515047,1095,-0.239366,-0.224047,0.093584,1.222681,-0.439853,0.401457,-0.154058,0.026420
1788154426.606283,1788154426.606035,1096,-0.238228,-0.227210,0.095670,1.220080,-0.437484,0.395411,-0.154977,0.026401
1788154426.689370,1788154426.689114,1097,-0.234814,-0.228608,0.097423,1.222020,-0.443903,0.387842,-0.160792,0.026414
1788154426.775046,1788154426.774836,1098,-0.236742,-0.227139,0.095432,1.222901,-0.447625,0.388140,-0.160940,0.026390
1788154426.863245,1788154426.862141,1099,-0.238545,-0.226649,0.093070,1.221074,-0.442306,0.391494,-0.158346,0.026397
1788154426.984304,1788154426.983076,1100,-0.237373,-0.227491,0.094778,1.218659,-0.439499,0.390444,-0.157787,0.026417
1788154427.086601,1788154427.086391,1101,-0.235336,-0.228138,0.096477,1.220323,-0.446662,0.385461,-0.161592,0.026407
1788154427.177171,1788154427.176150,1102,-0.235544,-0.226732,0.093697,1.221278,-0.445859,0.388536,-0.162234,0.026379
1788154427.265058,1788154427.264710,1103,-0.236246,-0.226774,0.091855,1.220216,-0.443753,0.391652,-0.159424,0.026411
1788154427.367119,1788154427.366870,1104,-0.234399,-0.229909,0.094882,1.218625,-0.441523,0.386227,-0.159057,0.026411
1788154427.466725,1788154427.466415,1105,-0.230273,-0.231623,0.097391,1.222006,-0.447297,0.379532,-0.163371,0.026396
1788154427.562124,1788154427.561887,1106,-0.230141,-0.230330,0.096277,1.226508,-0.450880,0.380730,-0.163158,0.026388
1788154427.652019,1788154427.651715,1107,-0.231016,-0.229966,0.094950,1.227667,-0.444203,0.385479,-0.158236,0.026393
1788154427.739367,1788154427.739167,1108,-0.228741,-0.231188,0.097270,1.228031,-0.440527,0.385516,-0.155832,0.026419
1788154427.830052,1788154427.829670,1109,-0.227014,-0.231746,0.099737,1.231078,-0.446943,0.381955,-0.156668,0.026414
1788154427.919963,1788154427.919552,1110,-0.226727,-0.231285,0.098153,1.233975,-0.446566,0.383453,-0.156693,0.026378
1788154428.011185,1788154428.010956,1111,-0.227056,-0.230876,0.096945,1.234918,-0.442333,0.388308,-0.152464,0.026412
1788154428.101941,1788154428.101756,1112,-0.225680,-0.233127,0.100183,1.234403,-0.439659,0.384956,-0.150821,0.026403
1788154428.196662,1788154428.196440,1113,-0.222992,-0.234164,0.101671,1.238521,-0.446706,0.380301,-0.154207,0.026401
1788154428.286273,1788154428.286060,1114,-0.224306,-0.232306,0.098886,1.241309,-0.447601,0.383288,-0.153885,0.026383
1788154428.378232,1788154428.378019,1115,-0.226768,-0.231127,0.097689,1.238651,-0.439839,0.388459,-0.150167,0.026401
1788154428.475398,1788154428.475178,1116,-0.226626,-0.232453,0.100978,1.234908,-0.437631,0.385980,-0.150338,0.026416
1788154428.559403,1788154428.559213,1117,-0.225734,-0.232563,0.102368,1.235846,-0.444056,0.382777,-0.154271,0.026402
1788154428.647816,1788154428.647635,1118,-0.227776,-0.230059,0.099117,1.237160,-0.445342,0.386931,-0.155034,0.026392
1788154428.736048,1788154428.735833,1119,-0.231013,-0.228301,0.097197,1.233398,-0.437741,0.392935,-0.151807,0.026406
1788154428.824711,1788154428.824524,1120,-0.230958,-0.229083,0.100072,1.229514,-0.435528,0.391242,-0.152559,0.026424
1788154428.907613,1788154428.907392,1121,-0.230122,-0.229307,0.101502,1.230292,-0.442217,0.387104,-0.156503,0.026407
1788154428.991818,1788154428.991575,1122,-0.231516,-0.227376,0.098000,1.231992,-0.443856,0.389988,-0.157224,0.026391
1788154429.081607,1788154429.081434,1123,-0.233982,-0.226241,0.096022,1.228949,-0.437193,0.394462,-0.153915,0.026407
1788154429.173872,1788154429.173691,1124,-0.233916,-0.227729,0.098723,1.224617,-0.435060,0.390900,-0.153777,0.026413
1788154429.260153,1788154429.259942,1125,-0.232417,-0.228724,0.100592,1.225070,-0.441669,0.385016,-0.157508,0.026408
1788154429.349177,1788154429.348862,1126,-0.232919,-0.227274,0.097901,1.227703,-0.444817,0.386997,-0.158390,0.026390
1788154429.431345,1788154429.431143,1127,-0.234651,-0.226526,0.095837,1.226002,-0.438415,0.391625,-0.154676,0.026400
1788154429.513139,1788154429.512842,1128,-0.233695,-0.228038,0.098785,1.223742,-0.436573,0.389047,-0.154363,0.026415
1788154429.602090,1788154429.601873,1129,-0.232266,-0.229085,0.100527,1.225585,-0.443656,0.383487,-0.157378,0.026401
1788154429.684837,1788154429.684658,1130,-0.231919,-0.227976,0.097278,1.228457,-0.444515,0.385494,-0.158425,0.026377
1788154429.765783,1788154429.765583,1131,-0.233954,-0.227427,0.095519,1.226935,-0.440551,0.389123,-0.154291,0.026419
1788154429.851765,1788154429.851515,1132,-0.232498,-0.229679,0.097917,1.224280,-0.436997,0.385085,-0.154260,0.026400
1788154429.937262,1788154429.936162,1133,-0.229607,-0.231296,0.099890,1.225325,-0.443136,0.378358,-0.158166,0.026416
1788154430.020646,1788154430.020400,1134,-0.229765,-0.230282,0.097999,1.228452,-0.447354,0.378998,-0.158787,0.026391
1788154430.125050,1788154430.124758,1135,-0.230544,-0.230091,0.095774,1.228156,-0.441244,0.382524,-0.155661,0.026391
1788154430.231524,1788154430.229287,1136,-0.229223,-0.231231,0.097515,1.227293,-0.439483,0.381293,-0.154059,0.026414
1788154430.316340,1788154430.316151,1137,-0.226816,-0.232415,0.099093,1.229836,-0.445703,0.375478,-0.157598,0.026410
1788154430.403412,1788154430.403220,1138,-0.226272,-0.231068,0.096400,1.233317,-0.446627,0.378303,-0.158369,0.026381
1788154430.495881,1788154430.495690,1139,-0.229283,-0.230153,0.095170,1.231270,-0.441207,0.383601,-0.153148,0.026412
1788154430.595174,1788154430.594978,1140,-0.228282,-0.231834,0.097856,1.228262,-0.436601,0.381404,-0.152893,0.026401
1788154430.692354,1788154430.688814,1141,-0.226017,-0.232744,0.100075,1.228688,-0.441904,0.376501,-0.156386,0.026416
1788154430.777452,1788154430.777258,1142,-0.226595,-0.231331,0.098540,1.231829,-0.446216,0.378029,-0.156870,0.026390
1788154430.861610,1788154430.861385,1143,-0.228100,-0.230646,0.096395,1.231846,-0.439833,0.382822,-0.152779,0.026393
1788154430.946506,1788154430.946329,1144,-0.227148,-0.231312,0.097971,1.231332,-0.437375,0.382985,-0.150597,0.026414
1788154431.030104,1788154431.029899,1145,-0.225830,-0.232157,0.099722,1.233675,-0.443754,0.378085,-0.153045,0.026402
1788154431.122236,1788154431.122033,1146,-0.225539,-0.230943,0.096881,1.236117,-0.443144,0.381060,-0.153846,0.026380
1788154431.213635,1788154431.213455,1147,-0.226372,-0.230747,0.094699,1.236449,-0.441689,0.384844,-0.150865,0.026420
1788154431.304422,1788154431.304222,1148,-0.225267,-0.233735,0.097238,1.234844,-0.438381,0.380228,-0.150427,0.026403
1788154431.395875,1788154431.395690,1149,-0.222189,-0.235113,0.099223,1.237342,-0.444031,0.374569,-0.155038,0.026408
1788154431.481680,1788154431.481493,1150,-0.223327,-0.233425,0.097482,1.240154,-0.447087,0.376817,-0.155299,0.026385
1788154431.570660,1788154431.570447,1151,-0.225509,-0.232479,0.095812,1.239027,-0.440118,0.382388,-0.151404,0.026394
1788154431.658964,1788154431.658754,1152,-0.225122,-0.233183,0.098327,1.236652,-0.436806,0.382417,-0.150138,0.026415
1788154431.746954,1788154431.746756,1153,-0.224915,-0.233455,0.100246,1.237431,-0.443548,0.378864,-0.152518,0.026406
1788154431.837886,1788154431.837707,1154,-0.225565,-0.231859,0.097168,1.238253,-0.442552,0.382081,-0.153542,0.026374
1788154431.924941,1788154431.924681,1155,-0.227167,-0.231274,0.094793,1.237011,-0.441188,0.385752,-0.151033,0.026420
1788154432.007917,1788154432.007744,1156,-0.226393,-0.233908,0.097155,1.234453,-0.437981,0.381059,-0.151057,0.026403
1788154432.093348,1788154432.092654,1157,-0.223636,-0.234932,0.099040,1.236044,-0.443588,0.375387,-0.155991,0.026412
1788154432.175474,1788154432.175296,1158,-0.225279,-0.232968,0.097199,1.237759,-0.446658,0.377566,-0.156382,0.026392
1788154432.270581,1788154432.270414,1159,-0.227350,-0.231848,0.095330,1.236038,-0.439610,0.383120,-0.152975,0.026394
1788154432.366576,1788154432.366403,1160,-0.227013,-0.231908,0.097375,1.233737,-0.437040,0.384075,-0.151474,0.026418
1788154432.453718,1788154432.453550,1161,-0.226650,-0.231936,0.099160,1.234599,-0.443413,0.380828,-0.153887,0.026410
1788154432.539340,1788154432.539000,1162,-0.226908,-0.230217,0.096051,1.235939,-0.442533,0.384292,-0.154885,0.026379
1788154432.628940,1788154432.628759,1163,-0.228231,-0.229796,0.093768,1.235188,-0.441185,0.387658,-0.152328,0.026422
1788154432.720592,1788154432.720388,1164,-0.227407,-0.232714,0.096180,1.233052,-0.438130,0.382477,-0.151963,0.026403
1788154432.812150,1788154432.811748,1165,-0.224099,-0.234128,0.098241,1.235349,-0.443498,0.376083,-0.156745,0.026398
1788154432.908365,1788154432.907685,1166,-0.225609,-0.232316,0.096676,1.237492,-0.446875,0.377685,-0.156613,0.026394
1788154433.010750,1788154433.010467,1167,-0.227556,-0.231515,0.094943,1.236370,-0.440302,0.382477,-0.152889,0.026399
1788154433.106218,1788154433.105968,1168,-0.226328,-0.232255,0.096990,1.234836,-0.437243,0.382588,-0.151595,0.026416
1788154433.200119,1788154433.199916,1169,-0.225934,-0.232512,0.099010,1.235979,-0.444034,0.379009,-0.153432,0.026409
1788154433.301066,1788154433.300689,1170,-0.226117,-0.231915,0.096915,1.237130,-0.442753,0.380606,-0.154763,0.026380
1788154433.397343,1788154433.397132,1171,-0.226874,-0.231867,0.095345,1.237204,-0.440677,0.384116,-0.151679,0.026419
1788154433.480374,1788154433.480198,1172,-0.225197,-0.234747,0.098055,1.236292,-0.437601,0.379359,-0.151199,0.026404
1788154433.563045,1788154433.562865,1173,-0.222152,-0.235991,0.099789,1.239624,-0.443673,0.374244,-0.154632,0.026393
1788154433.650855,1788154433.650662,1174,-0.223599,-0.233830,0.097709,1.242241,-0.445686,0.377585,-0.153984,0.026385
1788154433.744826,1788154433.744590,1175,-0.226116,-0.232436,0.096226,1.240233,-0.438651,0.383606,-0.149809,0.026395
1788154433.829624,1788154433.829358,1176,-0.226132,-0.233301,0.099409,1.236733,-0.435749,0.382646,-0.149300,0.026415
1788154433.919809,1788154433.919625,1177,-0.225854,-0.233601,0.101370,1.237017,-0.442215,0.378894,-0.152215,0.026401
1788154434.004915,1788154434.002440,1178,-0.226397,-0.231780,0.098161,1.238850,-0.443042,0.382297,-0.153483,0.026375
1788154434.088390,1788154434.088074,1179,-0.229676,-0.230498,0.096308,1.236172,-0.439128,0.387113,-0.149584,0.026428
1788154434.175389,1788154434.175205,1180,-0.229293,-0.231977,0.098480,1.232558,-0.435031,0.384536,-0.149492,0.026407
1788154434.263710,1788154434.263525,1181,-0.227018,-0.233174,0.100473,1.232616,-0.440261,0.379012,-0.153110,0.026411
1788154434.348372,1788154434.348108,1182,-0.227593,-0.231669,0.098883,1.235419,-0.445057,0.380261,-0.153673,0.026397
1788154434.434966,1788154434.434780,1183,-0.228789,-0.231200,0.096728,1.235222,-0.439445,0.383880,-0.150700,0.026391
1788154434.520797,1788154434.520599,1184,-0.227513,-0.232317,0.098146,1.234399,-0.437184,0.382978,-0.149319,0.026414
1788154434.612339,1788154434.612153,1185,-0.225798,-0.233560,0.099909,1.236313,-0.443722,0.376946,-0.152482,0.026413
1788154434.694649,1788154434.694442,1186,-0.224949,-0.232918,0.097376,1.238826,-0.443886,0.378443,-0.154040,0.026377
1788154434.779166,1788154434.778369,1187,-0.226140,-0.232426,0.095473,1.238608,-0.441734,0.382588,-0.150779,0.026418
1788154434.862166,1788154434.861957,1188,-0.225324,-0.234675,0.098005,1.235931,-0.437434,0.379137,-0.150351,0.026400
1788154434.948344,1788154434.947996,1189,-0.222846,-0.236109,0.100288,1.236835,-0.442669,0.373463,-0.153838,0.026408
1788154435.031733,1788154435.031554,1190,-0.222825,-0.234669,0.098790,1.240503,-0.446717,0.375222,-0.154493,0.026390
1788154435.117456,1788154435.117181,1191,-0.224352,-0.234063,0.096852,1.240574,-0.441198,0.379874,-0.150719,0.026393
1788154435.197168,1788154435.196837,1192,-0.223251,-0.235280,0.098881,1.239216,-0.437561,0.379305,-0.149277,0.026410
1788154435.285109,1788154435.284911,1193,-0.222445,-0.235960,0.100927,1.240718,-0.444748,0.374771,-0.151614,0.026409
1788154435.376076,1788154435.375861,1194,-0.222539,-0.235418,0.098879,1.242154,-0.443885,0.376516,-0.153013,0.026376
1788154435.467741,1788154435.467402,1195,-0.223644,-0.234653,0.096933,1.241923,-0.441705,0.381660,-0.150141,0.026420
1788154435.553391,1788154435.553052,1196,-0.222947,-0.236731,0.099532,1.239669,-0.438013,0.378813,-0.149729,0.026406
1788154435.632411,1788154435.632107,1197,-0.220723,-0.237674,0.101520,1.241507,-0.443342,0.374784,-0.152975,0.026400
1788154435.717316,1788154435.717067,1198,-0.221575,-0.235544,0.099406,1.244564,-0.446172,0.377770,-0.153036,0.026382
1788154435.810756,1788154435.810403,1199,-0.223929,-0.234043,0.097531,1.243364,-0.439987,0.383460,-0.149188,0.026400
1788154435.900734,1788154435.899906,1200,-0.223557,-0.234868,0.100279,1.240533,-0.436211,0.382617,-0.148632,0.026412
1788154435.996604,1788154435.996285,1201,-0.223389,-0.235038,0.102304,1.240963,-0.442910,0.378873,-0.151135,0.026405
1788154436.087157,1788154436.086976,1202,-0.224060,-0.233341,0.099180,1.242079,-0.442747,0.381921,-0.152176,0.026373
1788154436.183649,1788154436.183445,1203,-0.226195,-0.232318,0.096679,1.240500,-0.440751,0.386228,-0.149333,0.026418
1788154436.270060,1788154436.269864,1204,-0.226147,-0.234347,0.098866,1.236837,-0.436975,0.382454,-0.149214,0.026401
1788154436.361369,1788154436.361117,1205,-0.224141,-0.235318,0.100839,1.237000,-0.442434,0.376685,-0.153721,0.026414
1788154436.445563,1788154436.445342,1206,-0.225497,-0.233398,0.098875,1.238494,-0.446101,0.378653,-0.154584,0.026391
1788154436.529959,1788154436.529560,1207,-0.227462,-0.232410,0.096848,1.236363,-0.439434,0.383610,-0.151601,0.026396
1788154436.615589,1788154436.615288,1208,-0.227308,-0.232710,0.098850,1.233717,-0.437604,0.383671,-0.150332,0.026421
1788154436.703673,1788154436.703403,1209,-0.225954,-0.233348,0.100305,1.234848,-0.444142,0.378899,-0.154029,0.026399
1788154436.799848,1788154436.799557,1210,-0.226171,-0.231745,0.097457,1.236888,-0.445107,0.381490,-0.155604,0.026383
1788154436.893711,1788154436.892478,1211,-0.229907,-0.230516,0.096232,1.233696,-0.440122,0.386513,-0.150995,0.026411
1788154436.976899,1788154436.976668,1212,-0.229478,-0.231633,0.098721,1.229940,-0.435579,0.384855,-0.150834,0.026398
1788154437.065520,1788154437.065308,1213,-0.227592,-0.232183,0.100868,1.229656,-0.440901,0.380428,-0.154290,0.026416
1788154437.158139,1788154437.157684,1214,-0.228471,-0.230509,0.099221,1.232079,-0.445495,0.382323,-0.154852,0.026400
1788154437.241966,1788154437.241690,1215,-0.229577,-0.229716,0.096901,1.231846,-0.439353,0.387146,-0.151676,0.026396
1788154437.322389,1788154437.322054,1216,-0.229012,-0.230147,0.098200,1.230770,-0.437676,0.387542,-0.149525,0.026426
1788154437.411371,1788154437.411145,1217,-0.226918,-0.231255,0.100000,1.232016,-0.442645,0.381631,-0.153175,0.026408
1788154437.493552,1788154437.493331,1218,-0.227735,-0.229377,0.097835,1.233982,-0.445480,0.384173,-0.153654,0.026393
1788154437.576266,1788154437.576049,1219,-0.230428,-0.228532,0.096580,1.231200,-0.439377,0.388701,-0.149634,0.026400
1788154437.665298,1788154437.665113,1220,-0.229464,-0.230328,0.099792,1.228715,-0.437280,0.385966,-0.149850,0.026412
1788154437.749595,1788154437.749187,1221,-0.228239,-0.231046,0.101656,1.230479,-0.444437,0.381394,-0.153415,0.026405
1788154437.828376,1788154437.828146,1222,-0.228910,-0.229686,0.098459,1.232828,-0.445285,0.384052,-0.154264,0.026369
1788154437.911888,1788154437.911591,1223,-0.231442,-0.228655,0.096436,1.230722,-0.440304,0.389037,-0.150688,0.026414
1788154438.010830,1788154438.010273,1224,-0.230975,-0.230521,0.098843,1.226863,-0.436788,0.385865,-0.150985,0.026403
1788154438.102435,1788154438.101180,1225,-0.229215,-0.231638,0.100833,1.226871,-0.442515,0.380535,-0.154752,0.026414
1788154438.187192,1788154438.187021,1226,-0.229657,-0.230175,0.098795,1.229653,-0.446510,0.382389,-0.155822,0.026391
1788154438.273070,1788154438.270738,1227,-0.231489,-0.229542,0.096524,1.228635,-0.440900,0.386971,-0.152412,0.026400
1788154438.355967,1788154438.355795,1228,-0.230321,-0.230590,0.098482,1.227210,-0.438169,0.386227,-0.151570,0.026414
1788154438.441096,1788154438.440625,1229,-0.229531,-0.231172,0.100324,1.229067,-0.445543,0.381867,-0.153889,0.026407
1788154438.539160,1788154438.538865,1230,-0.229427,-0.230697,0.098017,1.230869,-0.444437,0.383774,-0.155245,0.026373
1788154438.651457,1788154438.651212,1231,-0.230031,-0.230766,0.096175,1.230978,-0.442596,0.387403,-0.152464,0.026419
1788154438.742185,1788154438.741897,1232,-0.228216,-0.233804,0.098902,1.230057,-0.439789,0.382739,-0.152272,0.026404
1788154438.826265,1788154438.826074,1233,-0.224993,-0.235097,0.100773,1.233469,-0.445985,0.377706,-0.156069,0.026406
1788154438.908492,1788154438.908262,1234,-0.225372,-0.233318,0.098805,1.237364,-0.448469,0.380826,-0.156122,0.026393
1788154438.991835,1788154438.991662,1235,-0.226822,-0.232174,0.097205,1.236996,-0.441444,0.387155,-0.151980,0.026398
1788154439.089533,1788154439.089338,1236,-0.226457,-0.232644,0.100079,1.234935,-0.438518,0.387618,-0.150146,0.026416
1788154439.172683,1788154439.172500,1237,-0.225925,-0.232935,0.102089,1.235897,-0.445010,0.384148,-0.152522,0.026402
1788154439.252594,1788154439.252417,1238,-0.226334,-0.231078,0.099237,1.237820,-0.445375,0.387856,-0.153581,0.026379
1788154439.340716,1788154439.339895,1239,-0.229346,-0.230219,0.098020,1.235681,-0.441986,0.392211,-0.149413,0.026421
1788154439.424821,1788154439.424521,1240,-0.229058,-0.232265,0.100764,1.232473,-0.438232,0.388739,-0.148885,0.026397
1788154439.505967,1788154439.505692,1241,-0.226881,-0.233734,0.103106,1.233007,-0.443798,0.382814,-0.152476,0.026413
1788154439.588283,1788154439.588039,1242,-0.227071,-0.232361,0.101358,1.236158,-0.448250,0.384344,-0.153494,0.026390
1788154439.668584,1788154439.668358,1243,-0.228466,-0.231961,0.099218,1.235604,-0.443058,0.388286,-0.150746,0.026397
1788154439.756315,1788154439.755204,1244,-0.227329,-0.233330,0.101189,1.233951,-0.440286,0.386973,-0.150116,0.026413
1788154439.843751,1788154439.843354,1245,-0.226155,-0.234275,0.102894,1.235713,-0.448265,0.381738,-0.153665,0.026405
1788154439.931118,1788154439.930908,1246,-0.226372,-0.233698,0.100537,1.236332,-0.446756,0.383348,-0.155567,0.026374
1788154440.018637,1788154440.018418,1247,-0.227807,-0.233082,0.098778,1.234873,-0.445058,0.387472,-0.153082,0.026425
1788154440.107892,1788154440.107636,1248,-0.226522,-0.235281,0.101445,1.232630,-0.441758,0.383947,-0.153295,0.026404
1788154440.193164,1788154440.192758,1249,-0.223967,-0.236063,0.103363,1.234450,-0.447439,0.379900,-0.157056,0.026410
1788154440.277538,1788154440.276824,1250,-0.224552,-0.233908,0.101217,1.237474,-0.450135,0.382924,-0.157488,0.026389
1788154440.361710,1788154440.361519,1251,-0.226639,-0.232234,0.099299,1.236302,-0.443401,0.389344,-0.153539,0.026399
1788154440.451895,1788154440.451680,1252,-0.226520,-0.232257,0.101862,1.233763,-0.439885,0.390138,-0.152109,0.026416
1788154440.540144,1788154440.539845,1253,-0.226426,-0.231936,0.103709,1.234587,-0.446329,0.387564,-0.154218,0.026402
1788154440.630921,1788154440.630710,1254,-0.227309,-0.229801,0.100543,1.235768,-0.445660,0.391647,-0.154851,0.026370
1788154440.714341,1788154440.714094,1255,-0.224504,-0.228345,0.096653,1.235165,-0.440115,0.397135,-0.158164,0.026403
1788154440.811451,1788154440.811223,1256,-0.218380,-0.228923,0.095140,1.232049,-0.437208,0.396041,-0.164853,0.026406
1788154440.890227,1788154440.889969,1257,-0.211154,-0.229056,0.095104,1.226521,-0.437006,0.391197,-0.175045,0.026409
1788154440.970103,1788154440.969871,1258,-0.206467,-0.225193,0.093973,1.219775,-0.442176,0.389848,-0.187522,0.026412
1788154441.055391,1788154441.055038,1259,-0.208157,-0.218972,0.090376,1.209015,-0.445338,0.393449,-0.195366,0.026406
1788154441.146393,1788154441.146161,1260,-0.210960,-0.213847,0.086084,1.195175,-0.443341,0.398873,-0.201040,0.026409
1788154441.237573,1788154441.237373,1261,-0.212103,-0.210452,0.085233,1.181502,-0.443365,0.401243,-0.208293,0.026434
1788154441.323836,1788154441.323517,1262,-0.210674,-0.209803,0.087099,1.172939,-0.446424,0.396379,-0.216124,0.026413
1788154441.413686,1788154441.413253,1263,-0.206086,-0.206596,0.087261,1.172405,-0.449265,0.396008,-0.225608,0.026410
1788154441.497204,1788154441.496899,1264,-0.205977,-0.201726,0.085012,1.170863,-0.450537,0.399457,-0.228264,0.026397
1788154441.581501,1788154441.581242,1265,-0.208286,-0.199300,0.083671,1.165045,-0.444953,0.402963,-0.222859,0.026401
1788154441.662404,1788154441.662219,1266,-0.205409,-0.199697,0.086530,1.162222,-0.444160,0.400861,-0.220839,0.026420
1788154441.741105,1788154441.740758,1267,-0.200811,-0.199229,0.090206,1.165060,-0.449541,0.396795,-0.222192,0.026420
1788154441.824853,1788154441.824617,1268,-0.199950,-0.196661,0.090299,1.169544,-0.455025,0.396700,-0.224222,0.026395
1788154441.916006,1788154441.915719,1269,-0.200959,-0.193161,0.086797,1.171510,-0.452008,0.402173,-0.225250,0.026393
1788154442.002301,1788154442.002121,1270,-0.203858,-0.191561,0.085306,1.166820,-0.445925,0.406612,-0.221775,0.026407
1788154442.085669,1788154442.085473,1271,-0.200702,-0.192247,0.087763,1.164427,-0.444104,0.404218,-0.224532,0.026406
1788154442.171246,1788154442.171059,1272,-0.196714,-0.192210,0.089885,1.166034,-0.451018,0.398154,-0.231148,0.026415
1788154442.254971,1788154442.254778,1273,-0.198836,-0.190479,0.088003,1.166407,-0.454711,0.397692,-0.232148,0.026393
1788154442.344716,1788154442.344420,1274,-0.201292,-0.189955,0.085288,1.164054,-0.450388,0.400198,-0.230427,0.026395
1788154442.429999,1788154442.429817,1275,-0.199764,-0.190847,0.086422,1.161665,-0.448108,0.398777,-0.231777,0.026409
1788154442.518265,1788154442.517391,1276,-0.198034,-0.191228,0.088744,1.162382,-0.454693,0.393220,-0.236720,0.026414
1788154442.610553,1788154442.610145,1277,-0.198497,-0.191034,0.088022,1.162694,-0.454517,0.391921,-0.240307,0.026370
1788154442.698696,1788154442.698501,1278,-0.199707,-0.190095,0.086359,1.160233,-0.449319,0.396036,-0.238987,0.026402
1788154442.782572,1788154442.782363,1279,-0.197935,-0.192101,0.089106,1.159346,-0.450271,0.392432,-0.240674,0.026410
1788154442.867116,1788154442.866918,1280,-0.196124,-0.190294,0.089012,1.161449,-0.454111,0.392794,-0.247293,0.026404
1788154442.949573,1788154442.949312,1281,-0.200140,-0.187471,0.085367,1.159463,-0.454107,0.397294,-0.248212,0.026405
1788154443.030227,1788154443.030007,1282,-0.205185,-0.185920,0.082152,1.153080,-0.448383,0.403605,-0.245760,0.026403
1788154443.119862,1788154443.119648,1283,-0.204147,-0.185744,0.083027,1.148546,-0.445444,0.405436,-0.249050,0.026419
1788154443.202121,1788154443.201904,1284,-0.202858,-0.184564,0.085117,1.147344,-0.449821,0.404179,-0.253583,0.026422
1788154443.286630,1788154443.286448,1285,-0.205210,-0.182565,0.083991,1.146552,-0.451213,0.406269,-0.254121,0.026404
1788154443.377675,1788154443.377465,1286,-0.206342,-0.181422,0.081410,1.145999,-0.446717,0.411377,-0.250947,0.026399
1788154443.463149,1788154443.462934,1287,-0.205631,-0.181384,0.082359,1.146165,-0.446522,0.412874,-0.247738,0.026423
1788154443.550022,1788154443.549800,1288,-0.203807,-0.183343,0.085673,1.147776,-0.449394,0.406672,-0.248401,0.026393
1788154443.636022,1788154443.635286,1289,-0.202661,-0.181563,0.084972,1.152084,-0.453921,0.406762,-0.253510,0.026398
1788154443.721661,1788154443.721448,1290,-0.207167,-0.179931,0.081171,1.151338,-0.453655,0.409842,-0.253505,0.026393
1788154443.808322,1788154443.808123,1291,-0.211640,-0.179970,0.078495,1.145811,-0.446409,0.414279,-0.251063,0.026395
1788154443.901711,1788154443.901492,1292,-0.210296,-0.180884,0.080016,1.142540,-0.445003,0.413781,-0.254545,0.026421
1788154443.991771,1788154443.991526,1293,-0.209217,-0.182046,0.082814,1.143106,-0.449087,0.409417,-0.255328,0.026416
1788154444.083811,1788154444.083560,1294,-0.208501,-0.181225,0.082021,1.145523,-0.449447,0.410935,-0.257476,0.026373
1788154444.184885,1788154444.184613,1295,-0.211864,-0.181311,0.080380,1.145267,-0.450288,0.412776,-0.253036,0.026409
1788154444.281348,1788154444.279120,1296,-0.213544,-0.183214,0.081286,1.143919,-0.447516,0.411431,-0.250531,0.026396
1788154444.371176,1788154444.369838,1297,-0.208827,-0.184654,0.083096,1.146685,-0.448408,0.407462,-0.257338,0.026396
1788154444.459083,1788154444.458878,1298,-0.205984,-0.183432,0.082757,1.149776,-0.450902,0.407099,-0.262783,0.026404
1788154444.549332,1788154444.548942,1299,-0.208916,-0.180902,0.079410,1.147848,-0.450109,0.411518,-0.261908,0.026391
1788154444.647323,1788154444.647129,1300,-0.213673,-0.180251,0.077495,1.141156,-0.446332,0.415945,-0.256474,0.026409
1788154444.736551,1788154444.736150,1301,-0.212969,-0.181011,0.079353,1.136513,-0.444451,0.415857,-0.255307,0.026414
1788154444.826268,1788154444.825938,1302,-0.210300,-0.180708,0.082201,1.136211,-0.449441,0.413285,-0.257556,0.026420
1788154444.914406,1788154444.914114,1303,-0.210973,-0.178195,0.081522,1.138814,-0.454579,0.415389,-0.256416,0.026403
1788154445.004200,1788154445.003811,1304,-0.213805,-0.177331,0.079369,1.139015,-0.450364,0.420553,-0.249240,0.026396
1788154445.089861,1788154445.089543,1305,-0.212580,-0.178652,0.080388,1.139824,-0.447362,0.421878,-0.245153,0.026408
1788154445.177351,1788154445.176985,1306,-0.210590,-0.179119,0.083276,1.144263,-0.453313,0.419234,-0.245430,0.026423
1788154445.269525,1788154445.269220,1307,-0.211945,-0.178883,0.084003,1.148307,-0.453790,0.419841,-0.243608,0.026374
1788154445.365728,1788154445.365501,1308,-0.212163,-0.179096,0.082502,1.150042,-0.447462,0.423606,-0.241265,0.026382
1788154445.454412,1788154445.454049,1309,-0.210958,-0.180093,0.083330,1.151868,-0.448388,0.423697,-0.240573,0.026413
1788154445.542975,1788154445.542724,1310,-0.211396,-0.182693,0.085469,1.150900,-0.450268,0.416297,-0.242267,0.026392
1788154445.632829,1788154445.632595,1311,-0.209036,-0.181319,0.083981,1.153232,-0.452357,0.415899,-0.250972,0.026400
1788154445.723943,1788154445.723627,1312,-0.209580,-0.178992,0.080176,1.153505,-0.454804,0.417945,-0.257573,0.026411
1788154445.815322,1788154445.815087,1313,-0.213269,-0.178240,0.077015,1.148136,-0.451006,0.420168,-0.259465,0.026408
1788154445.907395,1788154445.907198,1314,-0.215342,-0.180944,0.077708,1.139972,-0.446373,0.417043,-0.258235,0.026402
1788154445.996421,1788154445.996183,1315,-0.212654,-0.185067,0.081491,1.135750,-0.447723,0.407862,-0.259873,0.026419
1788154446.084036,1788154446.083709,1316,-0.207470,-0.188018,0.084995,1.137881,-0.453067,0.398021,-0.264818,0.026409
1788154446.171686,1788154446.171288,1317,-0.204781,-0.187620,0.085451,1.143981,-0.456570,0.396327,-0.265295,0.026401
1788154446.261034,1788154446.260767,1318,-0.205990,-0.185457,0.082782,1.147725,-0.454488,0.401634,-0.260172,0.026403
1788154446.346833,1788154446.346613,1319,-0.204884,-0.185011,0.081643,1.148813,-0.447272,0.407329,-0.255252,0.026396
1788154446.444880,1788154446.444656,1320,-0.202880,-0.185626,0.084034,1.150919,-0.449939,0.406891,-0.252645,0.026420
1788154446.541335,1788154446.541139,1321,-0.201997,-0.187705,0.086585,1.153555,-0.453094,0.400463,-0.254116,0.026396
1788154446.627154,1788154446.626978,1322,-0.199755,-0.187450,0.084739,1.158662,-0.452521,0.401142,-0.257891,0.026374
1788154446.712342,1788154446.712151,1323,-0.201008,-0.187132,0.081970,1.160316,-0.452408,0.403422,-0.256771,0.026399
1788154446.796778,1788154446.796436,1324,-0.204207,-0.188007,0.081921,1.156435,-0.445605,0.405646,-0.250270,0.026398
1788154446.880786,1788154446.880603,1325,-0.201118,-0.190849,0.085657,1.155426,-0.443549,0.402046,-0.248964,0.026409
1788154446.966637,1788154446.966051,1326,-0.196517,-0.192878,0.089592,1.159027,-0.448334,0.396049,-0.251029,0.026417
1788154447.054369,1788154447.051175,1327,-0.195442,-0.191834,0.089447,1.164845,-0.452967,0.396077,-0.252922,0.026397
1788154447.138568,1788154447.138370,1328,-0.197485,-0.189515,0.085765,1.167381,-0.449861,0.402457,-0.252217,0.026399
1788154447.223255,1788154447.223032,1329,-0.200655,-0.188229,0.083165,1.164355,-0.443953,0.409320,-0.248165,0.026409
1788154447.307575,1788154447.307361,1330,-0.198705,-0.189395,0.085559,1.162050,-0.441280,0.408779,-0.249796,0.026410
1788154447.391825,1788154447.389712,1331,-0.197197,-0.189408,0.088272,1.162049,-0.445811,0.405328,-0.253436,0.026415
1788154447.474721,1788154447.474526,1332,-0.199200,-0.187785,0.086852,1.163513,-0.448976,0.407105,-0.253948,0.026389
1788154447.558408,1788154447.557550,1333,-0.201661,-0.186316,0.083720,1.162233,-0.442871,0.413186,-0.249921,0.026395
1788154447.648787,1788154447.648593,1334,-0.201932,-0.185824,0.084089,1.160169,-0.442151,0.415080,-0.247459,0.026416
1788154447.744158,1788154447.743972,1335,-0.201988,-0.186185,0.086235,1.159902,-0.447857,0.410846,-0.250025,0.026406
1788154447.829861,1788154447.829651,1336,-0.203679,-0.185237,0.084665,1.160031,-0.447874,0.412463,-0.251505,0.026372
1788154447.916341,1788154447.916212,1337,-0.207796,-0.183612,0.082597,1.156629,-0.443863,0.418448,-0.247014,0.026413
1788154448.016487,1788154448.016260,1338,-0.207018,-0.184666,0.084336,1.153864,-0.441063,0.417550,-0.247277,0.026396
1788154448.110682,1788154448.110427,1339,-0.205231,-0.185257,0.086171,1.154804,-0.447246,0.413288,-0.251199,0.026418
1788154448.202869,1788154448.202595,1340,-0.207248,-0.184072,0.084329,1.156319,-0.450188,0.414432,-0.251918,0.026395
1788154448.290806,1788154448.290078,1341,-0.209237,-0.183526,0.081403,1.154727,-0.444250,0.418666,-0.249564,0.026393
1788154448.375498,1788154448.375295,1342,-0.208950,-0.183860,0.082099,1.152349,-0.443481,0.418767,-0.248598,0.026424
1788154448.460824,1788154448.460386,1343,-0.207630,-0.184833,0.084259,1.152845,-0.449590,0.413083,-0.252717,0.026411
1788154448.546202,1788154448.545952,1344,-0.208570,-0.183836,0.082257,1.153793,-0.450425,0.414461,-0.254494,0.026374
1788154448.635489,1788154448.635262,1345,-0.212436,-0.182749,0.080331,1.149939,-0.445813,0.419571,-0.249987,0.026410
1788154448.720399,1788154448.720196,1346,-0.211079,-0.183857,0.082347,1.147115,-0.443282,0.418385,-0.250492,0.026404
1788154448.809436,1788154448.809231,1347,-0.208548,-0.184387,0.084519,1.148169,-0.449525,0.413867,-0.254783,0.026420
1788154448.896222,1788154448.896034,1348,-0.210331,-0.183084,0.082815,1.149910,-0.453052,0.415094,-0.255049,0.026396
1788154448.980730,1788154448.980380,1349,-0.212427,-0.182563,0.080042,1.148741,-0.447341,0.419698,-0.251696,0.026393
1788154449.067835,1788154449.067533,1350,-0.211493,-0.183066,0.080948,1.147074,-0.445716,0.420227,-0.250445,0.026424
1788154449.152978,1788154449.152621,1351,-0.210030,-0.183733,0.083241,1.148891,-0.452956,0.415500,-0.253797,0.026417
1788154449.244921,1788154449.244689,1352,-0.210883,-0.183702,0.082194,1.150400,-0.452533,0.415887,-0.255265,0.026377
1788154449.333335,1788154449.332426,1353,-0.211575,-0.183031,0.080417,1.149560,-0.446855,0.420817,-0.252705,0.026402
1788154449.414600,1788154449.414412,1354,-0.211076,-0.184578,0.083683,1.149319,-0.449096,0.418137,-0.251795,0.026418
1788154449.497281,1788154449.497059,1355,-0.208853,-0.186923,0.086361,1.151671,-0.451363,0.411420,-0.255574,0.026377
1788154449.579401,1788154449.578882,1356,-0.208087,-0.185994,0.084572,1.156102,-0.453800,0.413123,-0.257385,0.026399
1788154449.662073,1788154449.661845,1357,-0.209869,-0.185337,0.082093,1.155954,-0.449677,0.417140,-0.253977,0.026400
1788154449.747301,1788154449.747107,1358,-0.208377,-0.187740,0.084005,1.153460,-0.445711,0.415103,-0.253660,0.026403
1788154449.829206,1788154449.828919,1359,-0.205877,-0.188688,0.087027,1.153929,-0.451615,0.409798,-0.257558,0.026421
1788154449.911521,1788154449.911294,1360,-0.206743,-0.187901,0.087009,1.155282,-0.454772,0.409255,-0.259059,0.026391
1788154449.994888,1788154449.994712,1361,-0.207235,-0.187629,0.084656,1.154810,-0.449669,0.412808,-0.257619,0.026384
1788154450.080670,1788154450.080399,1362,-0.206026,-0.188238,0.084754,1.153812,-0.449563,0.413702,-0.256484,0.026423
1788154450.162498,1788154450.162186,1363,-0.203492,-0.189516,0.087176,1.154075,-0.453377,0.408568,-0.260945,0.026402
1788154450.244860,1788154450.244636,1364,-0.205971,-0.186760,0.085426,1.153702,-0.456127,0.412082,-0.260377,0.026399
1788154450.331128,1788154450.330869,1365,-0.208644,-0.185718,0.083381,1.150023,-0.450354,0.417609,-0.256476,0.026394
1788154450.415691,1788154450.415233,1366,-0.207950,-0.185798,0.084606,1.147136,-0.449931,0.419359,-0.255125,0.026429
1788154450.501400,1788154450.500904,1367,-0.206790,-0.185734,0.087088,1.148576,-0.457171,0.416660,-0.257612,0.026419
1788154450.591274,1788154450.591048,1368,-0.208192,-0.185208,0.086268,1.150256,-0.457740,0.417760,-0.258252,0.026374
1788154450.673913,1788154450.673638,1369,-0.208934,-0.184499,0.084368,1.149601,-0.451403,0.422516,-0.256031,0.026399
1788154450.769913,1788154450.769657,1370,-0.208380,-0.185137,0.086689,1.149753,-0.453364,0.421357,-0.254808,0.026417
1788154450.865857,1788154450.865623,1371,-0.207661,-0.186895,0.089342,1.150677,-0.455793,0.415199,-0.257402,0.026386
1788154450.954654,1788154450.954393,1372,-0.206761,-0.185270,0.087299,1.154102,-0.456454,0.417463,-0.259751,0.026398
1788154451.047609,1788154451.047385,1373,-0.210762,-0.184010,0.084563,1.152192,-0.454945,0.421535,-0.255060,0.026397
1788154451.139814,1788154451.139372,1374,-0.212578,-0.186817,0.086373,1.147327,-0.450321,0.418973,-0.252826,0.026400
1788154451.222176,1788154451.221927,1375,-0.209864,-0.188377,0.088960,1.146680,-0.452311,0.414303,-0.256604,0.026412
1788154451.318659,1788154451.317915,1376,-0.207680,-0.185147,0.087879,1.151086,-0.456855,0.417616,-0.259515,0.026407
1788154451.404354,1788154451.403867,1377,-0.211539,-0.183498,0.085578,1.151648,-0.456375,0.422248,-0.253618,0.026392
1788154451.500676,1788154451.500445,1378,-0.214206,-0.185521,0.085584,1.149536,-0.451723,0.423111,-0.248783,0.026397
1788154451.594974,1788154451.594740,1379,-0.210242,-0.189125,0.088231,1.150972,-0.450828,0.417728,-0.251594,0.026411
1788154451.676665,1788154451.676342,1380,-0.203972,-0.192425,0.091158,1.156418,-0.454111,0.408484,-0.257003,0.026404
1788154451.768114,1788154451.767923,1381,-0.201951,-0.193836,0.091835,1.162432,-0.458012,0.403121,-0.258262,0.026400
1788154451.858328,1788154451.857796,1382,-0.201770,-0.192440,0.089380,1.165619,-0.452628,0.406866,-0.255715,0.026386
1788154451.954180,1788154451.953925,1383,-0.202398,-0.191025,0.088282,1.164886,-0.450403,0.411039,-0.252518,0.026412
1788154452.044397,1788154452.044152,1384,-0.200158,-0.193299,0.090417,1.164551,-0.450372,0.406254,-0.254110,0.026396
1788154452.130155,1788154452.129880,1385,-0.196860,-0.191928,0.089951,1.167606,-0.454888,0.404931,-0.262570,0.026409
1788154452.229067,1788154452.228842,1386,-0.199472,-0.188421,0.086127,1.166860,-0.455210,0.408581,-0.266115,0.026389
1788154452.316587,1788154452.316101,1387,-0.205153,-0.186099,0.082211,1.160037,-0.449934,0.414168,-0.265248,0.026405
1788154452.400072,1788154452.399849,1388,-0.207024,-0.186722,0.081706,1.152112,-0.444654,0.415067,-0.263630,0.026403
1788154452.497076,1788154452.496851,1389,-0.205473,-0.188322,0.084426,1.147432,-0.446549,0.410257,-0.264160,0.026425
1788154452.579588,1788154452.579107,1390,-0.202332,-0.190004,0.087229,1.149230,-0.452751,0.402599,-0.267358,0.026410
1788154452.667886,1788154452.667659,1391,-0.201587,-0.189979,0.086971,1.154759,-0.456119,0.400761,-0.266214,0.026395
1788154452.757852,1788154452.756772,1392,-0.201932,-0.187862,0.084023,1.157609,-0.450321,0.406534,-0.261845,0.026393
1788154452.856553,1788154452.856054,1393,-0.201949,-0.186458,0.083825,1.157766,-0.448176,0.410345,-0.257451,0.026418
1788154452.983956,1788154452.983459,1394,-0.200857,-0.187481,0.086400,1.157867,-0.449004,0.406590,-0.256866,0.026398
1788154453.083144,1788154453.082736,1395,-0.198405,-0.186398,0.086075,1.161268,-0.453011,0.404627,-0.263586,0.026397
1788154453.169131,1788154453.168854,1396,-0.201584,-0.183693,0.082000,1.160965,-0.453852,0.407626,-0.266042,0.026396
1788154453.260862,1788154453.260607,1397,-0.206980,-0.182154,0.077882,1.155107,-0.448372,0.412715,-0.265036,0.026400
1788154453.349870,1788154453.349619,1398,-0.208199,-0.183206,0.077751,1.148569,-0.443202,0.413279,-0.263671,0.026411
1788154453.446804,1788154453.446522,1399,-0.206194,-0.185040,0.080771,1.145474,-0.445226,0.408027,-0.264196,0.026419
1788154453.530925,1788154453.530676,1400,-0.203562,-0.186784,0.083310,1.148231,-0.451583,0.400640,-0.266639,0.026406
1788154453.619536,1788154453.619307,1401,-0.203406,-0.186504,0.081801,1.153072,-0.452963,0.400781,-0.264706,0.026380
1788154453.703653,1788154453.703419,1402,-0.203518,-0.187235,0.080854,1.154011,-0.446407,0.403233,-0.259025,0.026391
1788154453.798298,1788154453.798069,1403,-0.201054,-0.189164,0.084620,1.154622,-0.445705,0.400317,-0.256935,0.026423
1788154453.888652,1788154453.888397,1404,-0.199913,-0.190318,0.087756,1.157799,-0.451246,0.395207,-0.257025,0.026405
1788154453.994931,1788154453.994684,1405,-0.199072,-0.189956,0.085703,1.162149,-0.449614,0.397266,-0.256839,0.026376
1788154454.080750,1788154454.080520,1406,-0.200618,-0.188562,0.083140,1.163435,-0.447012,0.403999,-0.251417,0.026422
1788154454.170728,1788154454.170176,1407,-0.199527,-0.189862,0.084583,1.162079,-0.442021,0.404170,-0.249094,0.026400
1788154454.258267,1788154454.258054,1408,-0.197142,-0.190693,0.086653,1.163612,-0.446823,0.400800,-0.251251,0.026411
1788154454.350124,1788154454.349354,1409,-0.199006,-0.188874,0.085101,1.165924,-0.449963,0.403473,-0.250422,0.026398
1788154454.436022,1788154454.435779,1410,-0.201439,-0.188188,0.082556,1.165158,-0.444010,0.408968,-0.246529,0.026394
1788154454.521332,1788154454.520959,1411,-0.200831,-0.188910,0.083472,1.163514,-0.441519,0.410150,-0.245002,0.026417
1788154454.611863,1788154454.611648,1412,-0.200432,-0.189522,0.085744,1.164533,-0.448397,0.406051,-0.247614,0.026417
1788154454.704144,1788154454.703933,1413,-0.201933,-0.189521,0.085042,1.165266,-0.447512,0.406354,-0.249311,0.026383
1788154454.792661,1788154454.792438,1414,-0.202953,-0.188465,0.082976,1.164702,-0.442545,0.411800,-0.246843,0.026404
1788154454.877235,1788154454.877044,1415,-0.203199,-0.190225,0.085707,1.163806,-0.444265,0.409088,-0.245761,0.026417
1788154454.966843,1788154454.966627,1416,-0.200403,-0.192002,0.087860,1.165859,-0.445533,0.403690,-0.251078,0.026388
1788154455.058024,1788154455.057792,1417,-0.200306,-0.190696,0.085800,1.169155,-0.449216,0.405380,-0.253284,0.026392
1788154455.147390,1788154455.147198,1418,-0.202752,-0.189480,0.082951,1.168489,-0.445296,0.410137,-0.250569,0.026400
1788154455.233925,1788154455.233720,1419,-0.202285,-0.191168,0.084397,1.164772,-0.440844,0.409161,-0.250507,0.026406
1788154455.332857,1788154455.332668,1420,-0.200586,-0.191572,0.086940,1.163811,-0.446197,0.404953,-0.254558,0.026413
1788154455.424641,1788154455.424456,1421,-0.201965,-0.190028,0.086107,1.164398,-0.449751,0.405999,-0.256112,0.026387
1788154455.512328,1788154455.512149,1422,-0.204064,-0.188736,0.083273,1.161996,-0.443875,0.411408,-0.252995,0.026388
1788154455.601586,1788154455.601340,1423,-0.204129,-0.188339,0.083462,1.158822,-0.443394,0.413399,-0.251028,0.026421
1788154455.693688,1788154455.693505,1424,-0.202905,-0.188643,0.085555,1.158804,-0.449621,0.409550,-0.255034,0.026411
1788154455.786108,1788154455.785901,1425,-0.205053,-0.187246,0.083939,1.158162,-0.450188,0.411707,-0.256011,0.026378
1788154455.875697,1788154455.875515,1426,-0.207897,-0.185771,0.081890,1.154420,-0.444740,0.417652,-0.252557,0.026406
1788154455.964950,1788154455.964760,1427,-0.207231,-0.186790,0.084865,1.152464,-0.445702,0.416044,-0.252866,0.026420
1788154456.052632,1788154456.052406,1428,-0.206171,-0.187863,0.086867,1.154277,-0.451541,0.410430,-0.256258,0.026401
1788154456.147584,1788154456.147369,1429,-0.206048,-0.186602,0.084066,1.156973,-0.451079,0.412554,-0.257865,0.026386
1788154456.235336,1788154456.235134,1430,-0.209351,-0.184956,0.081187,1.154810,-0.448350,0.417824,-0.253253,0.026418
1788154456.319679,1788154456.319451,1431,-0.209012,-0.186028,0.082657,1.151401,-0.444326,0.417109,-0.252134,0.026402
1788154456.400754,1788154456.400514,1432,-0.206616,-0.186479,0.085037,1.151536,-0.448855,0.413250,-0.255303,0.026409
1788154456.485837,1788154456.485601,1433,-0.208036,-0.184175,0.083670,1.153681,-0.453297,0.415636,-0.255143,0.026398
1788154456.578100,1788154456.577769,1434,-0.210656,-0.183014,0.080912,1.152944,-0.447789,0.421229,-0.250580,0.026395
1788154456.663513,1788154456.663223,1435,-0.209797,-0.183515,0.081500,1.151544,-0.444765,0.422847,-0.248620,0.026409
1788154456.746475,1788154456.745883,1436,-0.209014,-0.183614,0.084048,1.152521,-0.451031,0.419478,-0.250529,0.026420
1788154456.836141,1788154456.835952,1437,-0.210941,-0.183174,0.084267,1.153274,-0.451541,0.419387,-0.251174,0.026381
1788154456.924775,1788154456.924579,1438,-0.211465,-0.182488,0.082195,1.152536,-0.445053,0.423599,-0.249077,0.026392
1788154457.012841,1788154457.011963,1439,-0.210868,-0.182643,0.082941,1.152837,-0.447895,0.423712,-0.247686,0.026430
1788154457.101123,1788154457.100848,1440,-0.210422,-0.184979,0.085578,1.152471,-0.448721,0.417451,-0.248359,0.026395
1788154457.191024,1788154457.190427,1441,-0.207606,-0.182996,0.084274,1.156086,-0.451610,0.418436,-0.255696,0.026402
1788154457.273674,1788154457.273263,1442,-0.208546,-0.180103,0.080583,1.157713,-0.453653,0.422173,-0.259714,0.026402
1788154457.359279,1788154457.359050,1443,-0.212244,-0.178740,0.077333,1.154152,-0.449253,0.426364,-0.259301,0.026411
1788154457.449368,1788154457.449154,1444,-0.214363,-0.180802,0.077836,1.147397,-0.444177,0.425002,-0.256035,0.026408
1788154457.551647,1788154457.551280,1445,-0.211078,-0.184271,0.081662,1.144617,-0.444718,0.417524,-0.256262,0.026420
1788154457.634257,1788154457.634035,1446,-0.206131,-0.186826,0.085433,1.147553,-0.450910,0.408245,-0.259265,0.026412
1788154457.720155,1788154457.719803,1447,-0.204753,-0.186368,0.085628,1.153185,-0.456114,0.405932,-0.260220,0.026396
1788154457.824833,1788154457.824532,1448,-0.206045,-0.183999,0.082269,1.155978,-0.452508,0.411296,-0.257978,0.026395
1788154457.917001,1788154457.916748,1449,-0.207905,-0.184536,0.081436,1.153735,-0.446367,0.414627,-0.250886,0.026404
1788154458.028100,1788154458.026609,1450,-0.203772,-0.187214,0.084855,1.154222,-0.444621,0.411184,-0.249292,0.026408
1788154458.162192,1788154458.161927,1451,-0.198657,-0.189210,0.088357,1.159112,-0.451047,0.403788,-0.251395,0.026412
1788154458.259959,1788154458.259633,1452,-0.198961,-0.188729,0.087768,1.164139,-0.455341,0.402649,-0.250205,0.026393
1788154458.345824,1788154458.345454,1453,-0.199888,-0.189014,0.085497,1.166557,-0.450381,0.405438,-0.246458,0.026390
1788154458.433669,1788154458.433432,1454,-0.197691,-0.190975,0.086363,1.167581,-0.447379,0.404457,-0.245280,0.026406
1788154458.524891,1788154458.524651,1455,-0.195843,-0.192574,0.088746,1.169998,-0.453384,0.398453,-0.248542,0.026415
1788154458.612566,1788154458.612286,1456,-0.195847,-0.193200,0.088367,1.171725,-0.452426,0.396783,-0.251261,0.026384
1788154458.694904,1788154458.694705,1457,-0.196038,-0.192631,0.086226,1.172035,-0.448052,0.401173,-0.249682,0.026400
1788154458.784813,1788154458.784622,1458,-0.195404,-0.195013,0.088630,1.171271,-0.448184,0.397844,-0.249661,0.026414
1788154458.864679,1788154458.864485,1459,-0.193286,-0.194206,0.089093,1.172519,-0.449149,0.397420,-0.255785,0.026381
1788154458.946213,1788154458.945923,1460,-0.195298,-0.190996,0.085742,1.172219,-0.450754,0.402287,-0.258069,0.026390
1788154459.031754,1788154459.031535,1461,-0.200585,-0.188094,0.082163,1.166647,-0.445810,0.409874,-0.255390,0.026406
1788154459.113638,1788154459.113430,1462,-0.201549,-0.187680,0.082154,1.159423,-0.441141,0.412019,-0.257612,0.026405
1788154459.195799,1788154459.195556,1463,-0.201200,-0.187960,0.084073,1.154812,-0.445713,0.407968,-0.262909,0.026418
1788154459.281423,1788154459.280972,1464,-0.203308,-0.186197,0.082647,1.153983,-0.450332,0.408517,-0.265411,0.026400
1788154459.367039,1788154459.366866,1465,-0.206519,-0.185946,0.080034,1.150290,-0.445320,0.411111,-0.263486,0.026392
1788154459.451513,1788154459.451296,1466,-0.206002,-0.187167,0.080748,1.147349,-0.444018,0.409590,-0.263980,0.026417
1788154459.536282,1788154459.536083,1467,-0.204694,-0.188295,0.083059,1.148500,-0.450515,0.403523,-0.267819,0.026416
1788154459.635113,1788154459.634877,1468,-0.205332,-0.188468,0.082300,1.150465,-0.450553,0.402348,-0.269670,0.026373
1788154459.728435,1788154459.728094,1469,-0.206379,-0.186897,0.079321,1.150314,-0.446084,0.407632,-0.268080,0.026401
1788154459.816359,1788154459.816177,1470,-0.207866,-0.187596,0.080347,1.148195,-0.444028,0.408855,-0.260722,0.026416
1788154459.899766,1788154459.899535,1471,-0.205224,-0.187504,0.083292,1.148318,-0.441903,0.409137,-0.257792,0.026408
1788154459.984984,1788154459.984802,1472,-0.202194,-0.186022,0.084737,1.152263,-0.448865,0.408437,-0.258663,0.026422
1788154460.070871,1788154460.070688,1473,-0.204720,-0.183077,0.082231,1.154779,-0.451587,0.412401,-0.255619,0.026397
1788154460.160525,1788154460.160348,1474,-0.208677,-0.181037,0.079216,1.153465,-0.445884,0.420166,-0.249369,0.026403
1788154460.257460,1788154460.256643,1475,-0.208424,-0.180618,0.080183,1.151290,-0.441796,0.423129,-0.247707,0.026411
1788154460.353091,1788154460.352899,1476,-0.208125,-0.180039,0.082633,1.151026,-0.446695,0.420764,-0.249121,0.026420
1788154460.441766,1788154460.440570,1477,-0.210680,-0.179077,0.081987,1.151551,-0.449049,0.421645,-0.249259,0.026388
1788154460.529843,1788154460.529648,1478,-0.212331,-0.179034,0.079470,1.150609,-0.443737,0.425461,-0.247693,0.026387
1788154460.623537,1788154460.623191,1479,-0.212208,-0.179828,0.079943,1.149556,-0.443536,0.425585,-0.247022,0.026421
1788154460.708919,1788154460.708736,1480,-0.210951,-0.181314,0.082183,1.149554,-0.447105,0.418785,-0.250936,0.026400
1788154460.793779,1788154460.793559,1481,-0.213120,-0.178776,0.079869,1.150035,-0.450408,0.421045,-0.251522,0.026393
1788154460.884727,1788154460.884533,1482,-0.217049,-0.178095,0.077357,1.145755,-0.446075,0.424677,-0.248062,0.026401
1788154460.972276,1788154460.972059,1483,-0.216225,-0.179907,0.079023,1.141912,-0.444171,0.422590,-0.249063,0.026416
1788154461.054260,1788154461.054043,1484,-0.213790,-0.180712,0.081611,1.142131,-0.450272,0.417065,-0.254296,0.026421
1788154461.138124,1788154461.137917,1485,-0.214985,-0.180056,0.080653,1.143603,-0.454249,0.416603,-0.256222,0.026392
1788154461.230471,1788154461.230238,1486,-0.216334,-0.180172,0.078012,1.142576,-0.448574,0.420059,-0.254238,0.026390
1788154461.313535,1788154461.313225,1487,-0.214922,-0.181009,0.078381,1.141553,-0.447850,0.420362,-0.253610,0.026415
1788154461.397347,1788154461.397089,1488,-0.213210,-0.181882,0.080668,1.143516,-0.454689,0.415461,-0.257192,0.026414
1788154461.480223,1788154461.479879,1489,-0.213852,-0.182028,0.080184,1.144846,-0.454177,0.415159,-0.258800,0.026378
1788154461.565198,1788154461.564933,1490,-0.214338,-0.181446,0.078383,1.144409,-0.449003,0.420071,-0.256074,0.026401
1788154461.649799,1788154461.649624,1491,-0.212869,-0.182652,0.080986,1.144987,-0.450264,0.418825,-0.255026,0.026418
1788154461.738118,1788154461.737918,1492,-0.210768,-0.184754,0.083232,1.147514,-0.454426,0.412159,-0.258337,0.026382
1788154461.820938,1788154461.820779,1493,-0.209752,-0.183475,0.081043,1.151414,-0.454985,0.414364,-0.260142,0.026385
1788154461.906687,1788154461.906446,1494,-0.213005,-0.182515,0.078780,1.149637,-0.452154,0.418556,-0.255328,0.026415
1788154462.005925,1788154462.005638,1495,-0.212963,-0.184749,0.080447,1.146419,-0.448208,0.417016,-0.253455,0.026404
1788154462.093457,1788154462.093151,1496,-0.209870,-0.185874,0.083106,1.147141,-0.451601,0.413075,-0.256295,0.026409
1788154462.196823,1788154462.196447,1497,-0.210576,-0.183363,0.082213,1.149977,-0.456457,0.415779,-0.256233,0.026401
1788154462.286078,1788154462.284585,1498,-0.213407,-0.182365,0.080161,1.149674,-0.452091,0.420936,-0.251915,0.026399
1788154462.376163,1788154462.375925,1499,-0.212036,-0.184556,0.081767,1.148190,-0.447572,0.420306,-0.251099,0.026407
