t_send,step_idx,publish_dt,cmd_l_aj_1,cmd_l_aj_2,cmd_l_aj_3,cmd_l_aj_4,cmd_l_aj_5,cmd_l_aj_6,cmd_l_aj_7,meas_l_aj_1,meas_l_aj_2,meas_l_aj_3,meas_l_aj_4,meas_l_aj_5,meas_l_aj_6,meas_l_aj_7,eff_l_aj_1,eff_l_aj_2,eff_l_aj_3,eff_l_aj_4,eff_l_aj_5,eff_l_aj_6,eff_l_aj_7,cmd_gripper
592200.341945737,-1,0.02,0.005531395437552433,-0.010872053101396162,0.004386968795300206,0.008964675364309116,-0.012397955291065799,-0.018120088502326936,0.008201724269474298,0.005531395437552433,-0.010872053101396162,0.004386968795300206,0.008964675364309116,-0.012397955291065799,-0.018120088502326936,0.008201724269474298,0.03956043956043942,-0.14505494505494454,-0.04786324786324769,-0.07521367521367495,-0.0073260073260073,0.04151404151404137,-0.0073260073260073,0.0
592200.36196122,-1,0.02,0.00497825589379719,-0.009784847791256546,0.003948271915770185,0.008068207827878204,-0.011158159761959219,-0.016308079652094243,0.007381551842526868,0.005531395437552433,-0.010872053101396162,0.004386968795300206,0.008964675364309116,-0.012397955291065799,-0.018120088502326936,0.008201724269474298,0.03956043956043942,-0.17142857142857082,-0.03418803418803407,-0.06153846153846132,-0.0073260073260073,0.04639804639804623,-0.012210012210012167,0.0
592200.381940765,-1,0.02,0.004425116350041947,-0.00869764248111693,0.0035095750362401645,0.007171740291447293,-0.009918364232852639,-0.01449607080186155,0.006561379415579438,0.005531395437552433,-0.010872053101396162,0.004386968795300206,0.008964675364309116,-0.012397955291065799,-0.018120088502326936,0.008201724269474298,0.03956043956043942,-0.17142857142857082,-0.04786324786324769,-0.06153846153846132,-0.0073260073260073,0.04639804639804623,-0.0073260073260073,0.0
592200.402620524,-1,0.02,0.0038719768062867033,-0.007610437170977313,0.003070878156710144,0.006275272755016381,-0.008678568703746059,-0.012684061951628856,0.005741206988632008,0.005531395437552433,-0.010872053101396162,0.004386968795300206,0.008964675364309116,-0.012397955291065799,-0.018120088502326936,0.008201724269474298,0.03956043956043942,-0.1978021978021971,-0.07521367521367495,-0.07521367521367495,-0.0073260073260073,0.04151404151404137,-0.012210012210012167,0.0
592200.422443899,-1,0.02,0.00331883726253146,-0.006523231860837697,0.0026321812771801234,0.0053788052185854696,-0.007438773174639479,-0.010872053101396162,0.0049210345616845785,0.005531395437552433,-0.010872053101396162,0.004386968795300206,0.008964675364309116,-0.012397955291065799,-0.018120088502326936,0.008201724269474298,0.01318681318681314,-0.17142857142857082,-0.1025641025641022,-0.12991452991452945,0.0024420024420024333,0.056166056166055967,-0.017094017094017033,0.0
592200.441940415,-1,0.02,0.0027656977187762166,-0.005436026550698081,0.002193484397650103,0.004482337682154558,-0.006198977645532899,-0.009060044251163468,0.004100862134737149,0.005531395437552433,-0.010872053101396162,0.004386968795300206,0.008964675364309116,-0.012397955291065799,-0.018120088502326936,0.008201724269474298,-0.01318681318681314,-0.11868131868131826,-0.12991452991452945,-0.18461538461538396,0.012210012210012167,0.07081807081807057,-0.026862026862026767,0.0
592200.462302642,-1,0.02,0.002212558175020973,-0.004348821240558464,0.0017547875181200818,0.0035858701457236455,-0.004959182116426319,-0.007248035400930773,0.003280689707789718,0.005531395437552433,-0.010872053101396162,0.004386968795300206,0.008964675364309116,-0.012397955291065799,-0.018120088502326936,0.008201724269474298,-0.0659340659340657,-0.03956043956043942,-0.1572649572649567,-0.23931623931623847,0.0219780219780219,0.09035409035409003,-0.0366300366300365,0.0
592200.48238258,-1,0.02,0.0016594186312657295,-0.0032616159304188477,0.0013160906385900613,0.002689402609292734,-0.0037193865873197396,-0.005436026550698079,0.0024605172808422884,0.005531395437552433,-0.010872053101396162,0.004386968795300206,0.008964675364309116,-0.012397955291065799,-0.017738612954909527,0.008201724269474298,-0.09230769230769198,0.03956043956043942,-0.17094017094017033,-0.294017094017093,0.0366300366300365,0.10500610500610463,-0.04151404151404137,0.0
592200.50198184,-1,0.02,0.0011062790875104866,-0.0021744106202792324,0.0008773937590600411,0.0017929350728618232,-0.0024795910582131597,-0.0036240177004653873,0.0016403448538948595,0.005531395437552433,-0.010872053101396162,0.004386968795300206,0.008964675364309116,-0.012397955291065799,-0.017738612954909527,0.008201724269474298,-0.14505494505494454,0.11868131868131826,-0.22564102564102484,-0.33504273504273385,0.04639804639804623,0.1245421245421241,-0.04639804639804623,0.0
592200.522305715,-1,0.02,0.0005531395437552433,-0.0010872053101396162,0.00043869687953002057,0.0008964675364309116,-0.0012397955291065799,-0.0018120088502326936,0.0008201724269474298,0.005531395437552433,-0.010872053101396162,0.004386968795300206,0.008964675364309116,-0.01201647974364839,-0.017738612954909527,0.008201724269474298,-0.17142857142857082,0.1978021978021971,-0.23931623931623847,-0.38974358974358836,0.056166056166055967,0.1391941391941387,-0.06105006105006083,0.0
592200.542155549,-1,0.02,0.0,0.0,0.0,0.0,0.0,0.0,0.0,0.005531395437552433,-0.010872053101396162,0.004386968795300206,0.008964675364309116,-0.01201647974364839,-0.017738612954909527,0.008201724269474298,-0.22417582417582338,0.27692307692307594,-0.28034188034187935,-0.4444444444444464,0.07081807081807057,0.15873015873015817,-0.0659340659340657,0.0
592200.561947916,0,0.02,0.0,0.0,0.0,0.0,0.0,0.0,0.0,0.005531395437552433,-0.010872053101396162,0.004386968795300206,0.008964675364309116,-0.01201647974364839,-0.017357137407492118,0.008201724269474298,-0.25054945054944966,0.3296703296703285,-0.3213675213675202,-0.5128205128205146,0.0805860805860803,0.1684981684981679,-0.07570207570207543,0.0
592200.581907631,1,0.02,0.0,0.0,0.0,0.0,0.0,0.0,0.0,0.005531395437552433,-0.010872053101396162,0.004386968795300206,0.008964675364309116,-0.01201647974364839,-0.017357137407492118,0.008201724269474298,-0.27692307692307594,0.40879120879120734,-0.3213675213675202,-0.5538461538461554,0.09035409035409003,0.18803418803418737,-0.0805860805860803,0.0
592200.601926597,2,0.02,0.0,0.0,0.0,0.0,0.0,0.0,0.0,0.005531395437552433,-0.010872053101396162,0.004386968795300206,0.008583199816891707,-0.01201647974364839,-0.01697566186007471,0.008201724269474298,-0.3296703296703285,0.4615384615384599,-0.3487179487179475,-0.5811965811965827,0.10012210012209977,0.19291819291819223,-0.08547008547008517,0.0
592200.622220724,3,0.02,0.0,0.0,0.0,0.0,0.0,0.0,0.0,0.005531395437552433,-0.010872053101396162,0.004386968795300206,0.008583199816891707,-0.01201647974364839,-0.0165941863126573,0.008201724269474298,-0.3296703296703285,0.4879120879120862,-0.3623931623931611,-0.5948717948717963,0.10500610500610463,0.18803418803418737,-0.08547008547008517,0.0
592200.642471307,4,0.02,0.0,0.0,0.0,0.0,0.0,0.0,0.0,0.005531395437552433,-0.010872053101396162,0.004386968795300206,0.008583199816891707,-0.01201647974364839,-0.01621271076523989,0.008201724269474298,-0.3296703296703285,0.4615384615384599,-0.3623931623931611,-0.5948717948717963,0.10500610500610463,0.1831501831501825,-0.08547008547008517,0.0
592200.662325913,5,0.02,0.0,0.0,0.0,0.0,0.0,0.0,0.0,0.005531395437552433,-0.010872053101396162,0.004386968795300206,0.008583199816891707,-0.01201647974364839,-0.015449759670405072,0.008201724269474298,-0.3296703296703285,0.4879120879120862,-0.37606837606837473,-0.5948717948717963,0.10500610500610463,0.17338217338217277,-0.09035409035409003,0.0
592200.682294579,6,0.02,0.0,0.0,0.0,0.0,0.0,0.0,0.0,0.005531395437552433,-0.010872053101396162,0.004386968795300206,0.008583199816891707,-0.01201647974364839,-0.015068284122987663,0.008201724269474298,-0.3296703296703285,0.4879120879120862,-0.3623931623931611,-0.5948717948717963,0.10500610500610463,0.17338217338217277,-0.09035409035409003,0.0
592200.702106625,7,0.02,0.0,0.0,0.0,0.0,0.0,0.0,0.0,0.005531395437552433,-0.010872053101396162,0.004386968795300206,0.008583199816891707,-0.01201647974364839,-0.014686808575570254,0.008201724269474298,-0.3296703296703285,0.4879120879120862,-0.37606837606837473,-0.5948717948717963,0.10500610500610463,0.1831501831501825,-0.08547008547008517,0.0
592200.722457893,8,0.02,0.0,0.0,0.0,0.0,0.0,0.0,0.0,0.005531395437552433,-0.010872053101396162,0.004386968795300206,0.008583199816891707,-0.01201647974364839,-0.014686808575570254,0.008201724269474298,-0.3296703296703285,0.4879120879120862,-0.3623931623931611,-0.5948717948717963,0.10500610500610463,0.17826617826617763,-0.09035409035409003,0.0
592200.742513477,9,0.02,0.0,0.0,0.0,0.0,0.0,0.0,0.0,0.005531395437552433,-0.010872053101396162,0.004386968795300206,0.008583199816891707,-0.01201647974364839,-0.014686808575570254,0.008201724269474298,-0.3296703296703285,0.4879120879120862,-0.3487179487179475,-0.5948717948717963,0.10500610500610463,0.17826617826617763,-0.08547008547008517,0.0
592200.762321627,10,0.02,0.0,0.0,0.0,0.0,0.0,0.0,0.0,0.005531395437552433,-0.010872053101396162,0.004386968795300206,0.008583199816891707,-0.01201647974364839,-0.014686808575570254,0.008201724269474298,-0.3296703296703285,0.4879120879120862,-0.3623931623931611,-0.5811965811965827,0.10500610500610463,0.1831501831501825,-0.09035409035409003,0.0
592200.782301589,11,0.02,0.0,0.0,0.0,0.0,0.0,0.0,0.0,0.005531395437552433,-0.010872053101396162,0.004386968795300206,0.008583199816891707,-0.01201647974364839,-0.014686808575570254,0.008201724269474298,-0.3296703296703285,0.4879120879120862,-0.3623931623931611,-0.6085470085470099,0.10012210012209977,0.1831501831501825,-0.09035409035409003,0.0
592200.802386384,12,0.02,0.0,0.0,0.0,0.0,0.0,0.0,0.0,0.005531395437552433,-0.010872053101396162,0.004386968795300206,0.008583199816891707,-0.01201647974364839,-0.014686808575570254,0.008201724269474298,-0.3296703296703285,0.4879120879120862,-0.3623931623931611,-0.5948717948717963,0.10500610500610463,0.1831501831501825,-0.09035409035409003,0.0
592200.822064399,13,0.02,0.0,0.0,0.0,0.0,0.0,0.0,0.0,0.005531395437552433,-0.010872053101396162,0.004386968795300206,0.008583199816891707,-0.01201647974364839,-0.014686808575570254,0.008201724269474298,-0.3296703296703285,0.4879120879120862,-0.3487179487179475,-0.5948717948717963,0.10500610500610463,0.1831501831501825,-0.09035409035409003,0.0
592200.841961315,14,0.02,0.0,0.0,0.0,0.0,0.0,0.0,0.0,0.005531395437552433,-0.010872053101396162,0.004386968795300206,0.008583199816891707,-0.01201647974364839,-0.014686808575570254,0.008201724269474298,-0.3296703296703285,0.4879120879120862,-0.3487179487179475,-0.5948717948717963,0.10500610500610463,0.17826617826617763,-0.09035409035409003,0.0
592200.862128274,15,0.02,0.0,0.0,0.0,0.0,0.0,0.0,0.0,0.005531395437552433,-0.010872053101396162,0.004386968795300206,0.008583199816891707,-0.01201647974364839,-0.014686808575570254,0.008201724269474298,-0.3296703296703285,0.4879120879120862,-0.3623931623931611,-0.5948717948717963,0.10500610500610463,0.1831501831501825,-0.08547008547008517,0.0
592200.881940539,16,0.02,0.0,0.0,0.0,0.0,0.0,0.0,0.0,0.005531395437552433,-0.010872053101396162,0.004386968795300206,0.008583199816891707,-0.01201647974364839,-0.014686808575570254,0.008201724269474298,-0.3296703296703285,0.4879120879120862,-0.3623931623931611,-0.5948717948717963,0.10012210012209977,0.1831501831501825,-0.08547008547008517,0.0
592200.902046391,17,0.02,0.0,0.0,0.0,0.0,0.0,0.0,0.0,0.005531395437552433,-0.010872053101396162,0.004386968795300206,0.008583199816891707,-0.01201647974364839,-0.014686808575570254,0.008201724269474298,-0.3296703296703285,0.4879120879120862,-0.3623931623931611,-0.5948717948717963,0.10500610500610463,0.1831501831501825,-0.09035409035409003,0.0
592200.922068284,18,0.02,0.0,0.0,0.0,0.0,0.0,0.0,0.0,0.005531395437552433,-0.010872053101396162,0.004386968795300206,0.008583199816891707,-0.01201647974364839,-0.014686808575570254,0.008201724269474298,-0.3296703296703285,0.4615384615384599,-0.3487179487179475,-0.6085470085470099,0.10500610500610463,0.18803418803418737,-0.08547008547008517,0.0
592200.941940769,19,0.02,0.0,0.0,0.0,0.0,0.0,0.0,0.0,0.005531395437552433,-0.010872053101396162,0.004386968795300206,0.008583199816891707,-0.01201647974364839,-0.014686808575570254,0.008201724269474298,-0.3296703296703285,0.4879120879120862,-0.3623931623931611,-0.5948717948717963,0.10500610500610463,0.1831501831501825,-0.08547008547008517,0.0
592200.96193219,20,0.02,0.0,0.0,0.0,0.0,0.0,0.0,0.0,0.005531395437552433,-0.010872053101396162,0.004386968795300206,0.008583199816891707,-0.01201647974364839,-0.014686808575570254,0.008201724269474298,-0.3296703296703285,0.4879120879120862,-0.3623931623931611,-0.6085470085470099,0.10500610500610463,0.1831501831501825,-0.09035409035409003,0.0
592200.981953461,21,0.02,0.0,0.0,0.0,0.0,0.0,0.0,0.0,0.005531395437552433,-0.010872053101396162,0.004386968795300206,0.008583199816891707,-0.01201647974364839,-0.014686808575570254,0.008201724269474298,-0.3296703296703285,0.4879120879120862,-0.37606837606837473,-0.5948717948717963,0.10012210012209977,0.1831501831501825,-0.09035409035409003,0.0
592201.001935151,22,0.02,0.0,0.0,0.0,0.0,0.0,0.0,0.0,0.005531395437552433,-0.010872053101396162,0.004386968795300206,0.008583199816891707,-0.01201647974364839,-0.014686808575570254,0.008201724269474298,-0.3296703296703285,0.4879120879120862,-0.3623931623931611,-0.5948717948717963,0.10500610500610463,0.1831501831501825,-0.09035409035409003,0.0
592201.021953393,23,0.02,0.0,0.0,0.0,0.0,0.0,0.0,0.0,0.005531395437552433,-0.010872053101396162,0.004386968795300206,0.008583199816891707,-0.01201647974364839,-0.014686808575570254,0.008201724269474298,-0.3296703296703285,0.4879120879120862,-0.3623931623931611,-0.5948717948717963,0.10012210012209977,0.1831501831501825,-0.09035409035409003,0.0
592201.041939337,24,0.02,0.0,0.0,0.0,0.0,0.0,0.0,0.0,0.005531395437552433,-0.010872053101396162,0.004386968795300206,0.008583199816891707,-0.01201647974364839,-0.014686808575570254,0.008201724269474298,-0.3296703296703285,0.4879120879120862,-0.3623931623931611,-0.5948717948717963,0.10012210012209977,0.17826617826617763,-0.09035409035409003,0.0
592201.061934686,25,0.02,0.0,0.0,0.0,0.0,0.0,0.0,0.0,0.005531395437552433,-0.010872053101396162,0.004386968795300206,0.008583199816891707,-0.01201647974364839,-0.014686808575570254,0.008201724269474298,-0.3296703296703285,0.4879120879120862,-0.3487179487179475,-0.5948717948717963,0.10500610500610463,0.1831501831501825,-0.09035409035409003,0.0
592201.081964,26,0.02,0.0,0.0,0.0,0.0,0.0,0.0,0.0,0.005531395437552433,-0.010872053101396162,0.004386968795300206,0.008583199816891707,-0.01201647974364839,-0.014686808575570254,0.008201724269474298,-0.3296703296703285,0.4879120879120862,-0.37606837606837473,-0.5948717948717963,0.10012210012209977,0.1831501831501825,-0.09035409035409003,0.0
592201.101930784,27,0.02,0.0,0.0,0.0,0.0,0.0,0.0,0.0,0.005531395437552433,-0.010872053101396162,0.004386968795300206,0.008583199816891707,-0.01201647974364839,-0.014686808575570254,0.008201724269474298,-0.3296703296703285,0.4879120879120862,-0.3623931623931611,-0.5948717948717963,0.10500610500610463,0.1831501831501825,-0.08547008547008517,0.0
592201.121958083,28,0.02,0.0,0.0,0.0,0.0,0.0,0.0,0.0,0.005531395437552433,-0.010872053101396162,0.004386968795300206,0.008583199816891707,-0.01201647974364839,-0.014686808575570254,0.008201724269474298,-0.3296703296703285,0.4879120879120862,-0.3623931623931611,-0.5948717948717963,0.10500610500610463,0.1831501831501825,-0.08547008547008517,0.0
592201.141937708,29,0.02,0.0,0.0,0.0,0.0,0.0,0.0,0.0,0.005531395437552433,-0.010872053101396162,0.004386968795300206,0.008583199816891707,-0.01201647974364839,-0.014686808575570254,0.008201724269474298,-0.3296703296703285,0.4879120879120862,-0.3623931623931611,-0.5948717948717963,0.10500610500610463,0.1831501831501825,-0.09035409035409003,0.0
592201.161892245,30,0.02,0.0,0.0,0.0,0.0,0.0,0.0,0.0,0.005531395437552433,-0.010872053101396162,0.004386968795300206,0.008583199816891707,-0.01201647974364839,-0.014686808575570254,0.008201724269474298,-0.3296703296703285,0.4879120879120862,-0.3623931623931611,-0.5811965811965827,0.10012210012209977,0.17826617826617763,-0.09035409035409003,0.0
592201.181977423,31,0.02,0.0,0.0,0.0,0.0,0.0,0.0,0.0,0.005531395437552433,-0.010872053101396162,0.004386968795300206,0.008583199816891707,-0.01201647974364839,-0.014686808575570254,0.008201724269474298,-0.3296703296703285,0.4879120879120862,-0.3623931623931611,-0.5948717948717963,0.10500610500610463,0.1831501831501825,-0.09035409035409003,0.0
592201.201952186,32,0.02,0.0,0.0,0.0,0.0,0.0,0.0,0.0,0.005531395437552433,-0.010872053101396162,0.004386968795300206,0.008583199816891707,-0.01201647974364839,-0.014686808575570254,0.008201724269474298,-0.3296703296703285,0.4879120879120862,-0.3623931623931611,-0.5811965811965827,0.10500610500610463,0.1831501831501825,-0.08547008547008517,0.0
592201.221889121,33,0.02,0.0,0.0,0.0,0.0,0.0,0.0,0.0,0.005531395437552433,-0.010872053101396162,0.004386968795300206,0.008583199816891707,-0.01201647974364839,-0.014686808575570254,0.008201724269474298,-0.3296703296703285,0.4879120879120862,-0.3623931623931611,-0.5948717948717963,0.10500610500610463,0.1831501831501825,-0.09035409035409003,0.0
592201.241896489,34,0.02,0.0,0.0,0.0,0.0,0.0,0.0,0.0,0.005531395437552433,-0.010872053101396162,0.004386968795300206,0.008583199816891707,-0.01201647974364839,-0.014686808575570254,0.008201724269474298,-0.3296703296703285,0.4879120879120862,-0.37606837606837473,-0.5811965811965827,0.10500610500610463,0.17826617826617763,-0.09035409035409003,0.0
592201.262069683,35,0.02,0.0,0.0,0.0,0.0,0.0,0.0,0.0,0.005531395437552433,-0.010872053101396162,0.004386968795300206,0.008583199816891707,-0.01201647974364839,-0.014686808575570254,0.008201724269474298,-0.3296703296703285,0.4879120879120862,-0.3623931623931611,-0.5811965811965827,0.10500610500610463,0.1831501831501825,-0.09035409035409003,0.0
592201.281933897,36,0.02,0.0,0.0,0.0,0.0,0.0,0.0,0.0,0.005531395437552433,-0.010872053101396162,0.004386968795300206,0.008583199816891707,-0.01201647974364839,-0.014686808575570254,0.008201724269474298,-0.3296703296703285,0.4879120879120862,-0.3623931623931611,-0.5948717948717963,0.10500610500610463,0.17826617826617763,-0.09035409035409003,0.0
592201.301943488,37,0.02,0.0,0.0,0.0,0.0,0.0,0.0,0.0,0.005531395437552433,-0.010872053101396162,0.004386968795300206,0.008583199816891707,-0.01201647974364839,-0.014686808575570254,0.008201724269474298,-0.3296703296703285,0.4879120879120862,-0.3487179487179475,-0.6085470085470099,0.10500610500610463,0.1831501831501825,-0.09035409035409003,0.0
592201.321913109,38,0.02,0.0,0.0,0.0,0.0,0.0,0.0,0.0,0.005531395437552433,-0.010872053101396162,0.004386968795300206,0.008583199816891707,-0.01201647974364839,-0.014686808575570254,0.008201724269474298,-0.3296703296703285,0.4879120879120862,-0.3623931623931611,-0.5811965811965827,0.10500610500610463,0.1831501831501825,-0.08547008547008517,0.0
592201.342612349,39,0.02,0.0,0.0,0.0,0.0,0.0,0.0,0.0,0.005531395437552433,-0.010872053101396162,0.004386968795300206,0.008583199816891707,-0.01201647974364839,-0.014686808575570254,0.008201724269474298,-0.3296703296703285,0.4879120879120862,-0.3623931623931611,-0.5811965811965827,0.10500610500610463,0.1831501831501825,-0.08547008547008517,0.0
592201.361961032,40,0.02,0.0,0.0,0.0,0.0,0.0,0.0,0.0,0.005531395437552433,-0.010872053101396162,0.004386968795300206,0.008583199816891707,-0.01201647974364839,-0.014686808575570254,0.008201724269474298,-0.3296703296703285,0.4879120879120862,-0.3623931623931611,-0.5948717948717963,0.10012210012209977,0.1831501831501825,-0.08547008547008517,0.0
592201.381974064,41,0.02,0.0,0.0,0.0,0.0,0.0,0.0,0.0,0.005531395437552433,-0.010872053101396162,0.004386968795300206,0.008583199816891707,-0.01201647974364839,-0.014686808575570254,0.008201724269474298,-0.3296703296703285,0.4879120879120862,-0.3487179487179475,-0.5948717948717963,0.10500610500610463,0.18803418803418737,-0.09035409035409003,0.0
592201.401946967,42,0.02,0.0,0.0,0.0,0.0,0.0,0.0,0.0,0.005531395437552433,-0.010872053101396162,0.004386968795300206,0.008583199816891707,-0.01201647974364839,-0.014686808575570254,0.008201724269474298,-0.3296703296703285,0.4879120879120862,-0.3623931623931611,-0.5948717948717963,0.10500610500610463,0.18803418803418737,-0.09035409035409003,0.0
592201.4225353,43,0.02,0.0,0.0,0.0,0.0,0.0,0.0,0.0,0.005531395437552433,-0.010872053101396162,0.004386968795300206,0.008583199816891707,-0.01201647974364839,-0.014686808575570254,0.008201724269474298,-0.3296703296703285,0.4879120879120862,-0.3487179487179475,-0.5811965811965827,0.10500610500610463,0.1831501831501825,-0.09035409035409003,0.0
592201.441920152,44,0.02,0.0,0.0,0.0,0.0,0.0,0.0,0.0,0.005531395437552433,-0.010872053101396162,0.004386968795300206,0.008583199816891707,-0.01201647974364839,-0.014686808575570254,0.008201724269474298,-0.3296703296703285,0.4879120879120862,-0.3623931623931611,-0.5948717948717963,0.10500610500610463,0.1831501831501825,-0.09035409035409003,0.0
592201.461935532,45,0.02,0.0,0.0,0.0,0.0,0.0,0.0,0.0,0.005531395437552433,-0.010872053101396162,0.004386968795300206,0.008583199816891707,-0.01201647974364839,-0.014686808575570254,0.008201724269474298,-0.3296703296703285,0.4879120879120862,-0.3487179487179475,-0.5948717948717963,0.10012210012209977,0.1831501831501825,-0.09035409035409003,0.0
592201.481938084,46,0.02,0.0,0.0,0.0,0.0,0.0,0.0,0.0,0.005531395437552433,-0.010872053101396162,0.004386968795300206,0.008583199816891707,-0.01201647974364839,-0.014686808575570254,0.008201724269474298,-0.3296703296703285,0.4879120879120862,-0.3623931623931611,-0.6085470085470099,0.10500610500610463,0.1831501831501825,-0.09035409035409003,0.0
592201.501963049,47,0.02,0.0,0.0,0.0,0.0,0.0,0.0,0.0,0.005531395437552433,-0.010872053101396162,0.004386968795300206,0.008583199816891707,-0.01201647974364839,-0.014686808575570254,0.008201724269474298,-0.3296703296703285,0.4879120879120862,-0.3623931623931611,-0.5948717948717963,0.10500610500610463,0.1831501831501825,-0.08547008547008517,0.0
592201.52193384,48,0.02,0.0,0.0,0.0,0.0,0.0,0.0,0.0,0.005531395437552433,-0.010872053101396162,0.004386968795300206,0.008583199816891707,-0.01201647974364839,-0.014686808575570254,0.008201724269474298,-0.3296703296703285,0.4879120879120862,-0.37606837606837473,-0.5948717948717963,0.10012210012209977,0.1831501831501825,-0.08547008547008517,0.0
592201.541966576,49,0.02,0.0,0.0,0.0,0.0,0.0,0.0,0.0,0.005531395437552433,-0.010872053101396162,0.004386968795300206,0.008583199816891707,-0.01201647974364839,-0.014686808575570254,0.008201724269474298,-0.3296703296703285,0.4879120879120862,-0.3623931623931611,-0.5811965811965827,0.10500610500610463,0.1831501831501825,-0.08547008547008517,0.0
592201.561940023,50,0.02,0.0,0.0,0.0,0.0,0.0,0.0,0.0,0.005531395437552433,-0.010872053101396162,0.004386968795300206,0.008583199816891707,-0.01201647974364839,-0.014686808575570254,0.008201724269474298,-0.3296703296703285,0.4879120879120862,-0.37606837606837473,-0.5948717948717963,0.10500610500610463,0.17826617826617763,-0.08547008547008517,0.0
592201.581946833,51,0.02,0.0,0.0,0.0,0.0,0.0,0.0,0.0,0.005531395437552433,-0.010872053101396162,0.004386968795300206,0.008583199816891707,-0.01201647974364839,-0.014686808575570254,0.008201724269474298,-0.3296703296703285,0.4879120879120862,-0.3487179487179475,-0.5948717948717963,0.10500610500610463,0.17826617826617763,-0.09035409035409003,0.0
592201.601917139,52,0.02,0.0,0.0,0.0,0.0,0.0,0.0,0.0,0.005531395437552433,-0.010872053101396162,0.004386968795300206,0.008583199816891707,-0.01201647974364839,-0.014686808575570254,0.008201724269474298,-0.3296703296703285,0.4879120879120862,-0.37606837606837473,-0.5948717948717963,0.10012210012209977,0.1831501831501825,-0.09035409035409003,0.0
592201.621953462,53,0.02,0.0,0.0,0.0,0.0,0.0,0.0,0.0,0.005531395437552433,-0.010872053101396162,0.004386968795300206,0.008583199816891707,-0.01201647974364839,-0.014686808575570254,0.008201724269474298,-0.3296703296703285,0.4879120879120862,-0.3623931623931611,-0.5811965811965827,0.10500610500610463,0.1831501831501825,-0.08547008547008517,0.0
592201.642013344,54,0.02,0.0,0.0,0.0,0.0,0.0,0.0,0.0,0.005531395437552433,-0.010872053101396162,0.004386968795300206,0.008583199816891707,-0.01201647974364839,-0.014686808575570254,0.008201724269474298,-0.3296703296703285,0.4879120879120862,-0.3623931623931611,-0.5948717948717963,0.10500610500610463,0.1831501831501825,-0.09035409035409003,0.0
592201.661964723,55,0.02,0.0,0.0,0.0,0.0,0.0,0.0,0.0,0.005531395437552433,-0.010872053101396162,0.004386968795300206,0.008583199816891707,-0.01201647974364839,-0.014686808575570254,0.008201724269474298,-0.3296703296703285,0.4879120879120862,-0.3487179487179475,-0.5948717948717963,0.10012210012209977,0.1831501831501825,-0.08547008547008517,0.0
592201.682108199,56,0.02,0.0,0.0,0.0,0.0,0.0,0.0,0.0,0.005531395437552433,-0.010872053101396162,0.004386968795300206,0.008583199816891707,-0.01201647974364839,-0.014686808575570254,0.008201724269474298,-0.3296703296703285,0.4879120879120862,-0.37606837606837473,-0.5948717948717963,0.10500610500610463,0.1831501831501825,-0.09035409035409003,0.0
592201.702103123,57,0.02,0.0,0.0,0.0,0.0,0.0,0.0,0.0,0.005531395437552433,-0.010872053101396162,0.004386968795300206,0.008583199816891707,-0.01201647974364839,-0.014686808575570254,0.008201724269474298,-0.3296703296703285,0.4879120879120862,-0.3623931623931611,-0.5948717948717963,0.10012210012209977,0.1831501831501825,-0.09035409035409003,0.0
592201.7219653,58,0.02,0.0,0.0,0.0,0.0,0.0,0.0,0.0,0.005531395437552433,-0.010872053101396162,0.004386968795300206,0.008583199816891707,-0.01201647974364839,-0.014686808575570254,0.008201724269474298,-0.3296703296703285,0.4879120879120862,-0.37606837606837473,-0.5948717948717963,0.10500610500610463,0.1831501831501825,-0.09035409035409003,0.0
592201.741967453,59,0.02,0.0,0.0,0.0,0.0,0.0,0.0,0.0,0.005531395437552433,-0.010872053101396162,0.004386968795300206,0.008583199816891707,-0.01201647974364839,-0.014686808575570254,0.008201724269474298,-0.3296703296703285,0.4879120879120862,-0.3623931623931611,-0.5811965811965827,0.10500610500610463,0.1831501831501825,-0.09035409035409003,0.0
592201.761961047,60,0.02,0.0,0.0,0.0,0.0,0.0,0.0,0.0,0.005531395437552433,-0.010872053101396162,0.004386968795300206,0.008583199816891707,-0.01201647974364839,-0.014686808575570254,0.008201724269474298,-0.3296703296703285,0.4879120879120862,-0.3623931623931611,-0.5948717948717963,0.10500610500610463,0.17826617826617763,-0.09035409035409003,0.0
592201.781931592,61,0.02,0.0,0.0,0.0,0.0,0.0,0.0,0.0,0.005531395437552433,-0.010872053101396162,0.004386968795300206,0.008583199816891707,-0.01201647974364839,-0.014686808575570254,0.008201724269474298,-0.3296703296703285,0.4879120879120862,-0.3623931623931611,-0.5948717948717963,0.10012210012209977,0.1831501831501825,-0.09035409035409003,0.0
592201.802075741,62,0.02,0.0,0.0,0.0,0.0,0.0,0.0,0.0,0.005531395437552433,-0.010872053101396162,0.004386968795300206,0.008583199816891707,-0.01201647974364839,-0.014686808575570254,0.008201724269474298,-0.3296703296703285,0.4879120879120862,-0.3623931623931611,-0.5811965811965827,0.10500610500610463,0.1831501831501825,-0.08547008547008517,0.0
592201.822037454,63,0.02,0.0,0.0,0.0,0.0,0.0,0.0,0.0,0.005531395437552433,-0.010872053101396162,0.004386968795300206,0.008583199816891707,-0.01201647974364839,-0.014686808575570254,0.008201724269474298,-0.3296703296703285,0.4879120879120862,-0.3623931623931611,-0.5811965811965827,0.10500610500610463,0.1831501831501825,-0.08547008547008517,0.0
592201.841931075,64,0.02,0.0,0.0,0.0,0.0,0.0,0.0,0.0,0.005531395437552433,-0.010872053101396162,0.004386968795300206,0.008583199816891707,-0.01201647974364839,-0.014686808575570254,0.008201724269474298,-0.3296703296703285,0.4879120879120862,-0.3623931623931611,-0.5948717948717963,0.10012210012209977,0.1831501831501825,-0.09035409035409003,0.0
592201.861938396,65,0.02,0.0,0.0,0.0,0.0,0.0,0.0,0.0,0.005531395437552433,-0.010872053101396162,0.004386968795300206,0.008583199816891707,-0.01201647974364839,-0.014686808575570254,0.008201724269474298,-0.3296703296703285,0.4879120879120862,-0.3487179487179475,-0.5948717948717963,0.10500610500610463,0.18803418803418737,-0.09035409035409003,0.0
592201.881937497,66,0.02,0.0,0.0,0.0,0.0,0.0,0.0,0.0,0.005531395437552433,-0.010872053101396162,0.004386968795300206,0.008583199816891707,-0.01201647974364839,-0.014686808575570254,0.008201724269474298,-0.3296703296703285,0.4879120879120862,-0.3623931623931611,-0.5948717948717963,0.10500610500610463,0.1831501831501825,-0.09035409035409003,0.0
592201.901972674,67,0.02,0.0,0.0,0.0,0.0,0.0,0.0,0.0,0.005531395437552433,-0.010872053101396162,0.004386968795300206,0.008583199816891707,-0.01201647974364839,-0.014686808575570254,0.008201724269474298,-0.3296703296703285,0.4879120879120862,-0.3487179487179475,-0.5811965811965827,0.10500610500610463,0.1831501831501825,-0.08547008547008517,0.0
592201.922024775,68,0.02,0.0,0.0,0.0,0.0,0.0,0.0,0.0,0.005531395437552433,-0.010872053101396162,0.004386968795300206,0.008583199816891707,-0.01201647974364839,-0.014686808575570254,0.008201724269474298,-0.3296703296703285,0.4879120879120862,-0.3623931623931611,-0.5948717948717963,0.10012210012209977,0.1831501831501825,-0.08547008547008517,0.0
592201.941956956,69,0.02,0.0,0.0,0.0,0.0,0.0,0.0,0.0,0.005531395437552433,-0.010872053101396162,0.004386968795300206,0.008583199816891707,-0.01201647974364839,-0.014686808575570254,0.008201724269474298,-0.3296703296703285,0.4879120879120862,-0.3623931623931611,-0.6085470085470099,0.10500610500610463,0.1831501831501825,-0.09035409035409003,0.0
592201.961955196,70,0.02,0.0,0.0,0.0,0.0,0.0,0.0,0.0,0.005531395437552433,-0.010872053101396162,0.004386968795300206,0.008583199816891707,-0.01201647974364839,-0.014686808575570254,0.008201724269474298,-0.3296703296703285,0.4879120879120862,-0.3487179487179475,-0.5948717948717963,0.10500610500610463,0.1831501831501825,-0.09035409035409003,0.0
592201.982128247,71,0.02,0.0,0.0,0.0,0.0,0.0,0.0,0.0,0.005531395437552433,-0.010872053101396162,0.004386968795300206,0.008583199816891707,-0.01201647974364839,-0.014686808575570254,0.008201724269474298,-0.3296703296703285,0.4879120879120862,-0.3623931623931611,-0.5948717948717963,0.10012210012209977,0.18803418803418737,-0.09035409035409003,0.0
592202.002160104,72,0.02,0.0,0.0,0.0,0.0,0.0,0.0,0.0,0.005531395437552433,-0.010872053101396162,0.004386968795300206,0.008583199816891707,-0.01201647974364839,-0.014686808575570254,0.008201724269474298,-0.3296703296703285,0.4879120879120862,-0.3623931623931611,-0.6085470085470099,0.10500610500610463,0.1831501831501825,-0.08547008547008517,0.0
592202.021949028,73,0.02,0.0,0.0,0.0,0.0,0.0,0.0,0.0,0.005531395437552433,-0.010872053101396162,0.004386968795300206,0.008583199816891707,-0.01201647974364839,-0.014686808575570254,0.008201724269474298,-0.3296703296703285,0.4879120879120862,-0.3623931623931611,-0.5948717948717963,0.1098901098901095,0.17826617826617763,-0.09035409035409003,0.0
592202.04195589,74,0.02,0.0,0.0,0.0,0.0,0.0,0.0,0.0,0.005531395437552433,-0.010872053101396162,0.004386968795300206,0.008583199816891707,-0.01201647974364839,-0.014686808575570254,0.008201724269474298,-0.3296703296703285,0.4879120879120862,-0.3623931623931611,-0.5948717948717963,0.10012210012209977,0.1831501831501825,-0.09035409035409003,0.0
592202.061915734,75,0.02,0.0,0.0,0.0,0.0,0.0,0.0,0.0,0.005531395437552433,-0.010872053101396162,0.004386968795300206,0.008583199816891707,-0.01201647974364839,-0.014686808575570254,0.008201724269474298,-0.3296703296703285,0.4615384615384599,-0.3623931623931611,-0.5811965811965827,0.10500610500610463,0.1831501831501825,-0.08547008547008517,0.0
592202.081966158,76,0.02,0.0,0.0,0.0,0.0,0.0,0.0,0.0,0.005531395437552433,-0.010872053101396162,0.004386968795300206,0.008583199816891707,-0.01201647974364839,-0.014686808575570254,0.008201724269474298,-0.3296703296703285,0.4879120879120862,-0.3487179487179475,-0.5948717948717963,0.10012210012209977,0.18803418803418737,-0.09035409035409003,0.0
592202.101913557,77,0.02,0.0,0.0,0.0,0.0,0.0,0.0,0.0,0.005531395437552433,-0.010872053101396162,0.004386968795300206,0.008583199816891707,-0.01201647974364839,-0.014686808575570254,0.008201724269474298,-0.3296703296703285,0.4879120879120862,-0.3623931623931611,-0.5948717948717963,0.10012210012209977,0.17826617826617763,-0.09035409035409003,0.0
592202.121903717,78,0.02,0.0,0.0,0.0,0.0,0.0,0.0,0.0,0.005531395437552433,-0.010872053101396162,0.004386968795300206,0.008583199816891707,-0.01201647974364839,-0.014686808575570254,0.008201724269474298,-0.3296703296703285,0.4879120879120862,-0.3623931623931611,-0.5811965811965827,0.10500610500610463,0.1831501831501825,-0.08547008547008517,0.0
592202.142140941,79,0.02,0.0,0.0,0.0,0.0,0.0,0.0,0.0,0.005531395437552433,-0.010872053101396162,0.004386968795300206,0.008583199816891707,-0.01201647974364839,-0.014686808575570254,0.008201724269474298,-0.3296703296703285,0.4879120879120862,-0.3623931623931611,-0.5948717948717963,0.10012210012209977,0.18803418803418737,-0.08547008547008517,0.0
592202.162037919,80,0.02,0.0,0.0,0.0,0.0,0.0,0.0,0.0,0.005531395437552433,-0.010872053101396162,0.004386968795300206,0.008583199816891707,-0.01201647974364839,-0.014686808575570254,0.008201724269474298,-0.3296703296703285,0.4879120879120862,-0.3623931623931611,-0.5948717948717963,0.10012210012209977,0.17826617826617763,-0.09035409035409003,0.0
592202.181992727,81,0.02,0.0,0.0,0.0,0.0,0.0,0.0,0.0,0.005531395437552433,-0.010872053101396162,0.004386968795300206,0.008583199816891707,-0.01201647974364839,-0.014686808575570254,0.008201724269474298,-0.3296703296703285,0.4879120879120862,-0.3623931623931611,-0.5811965811965827,0.10500610500610463,0.1831501831501825,-0.08547008547008517,0.0
592202.202024149,82,0.02,0.0,0.0,0.0,0.0,0.0,0.0,0.0,0.005531395437552433,-0.010872053101396162,0.004386968795300206,0.008583199816891707,-0.01201647974364839,-0.014686808575570254,0.008201724269474298,-0.3296703296703285,0.4879120879120862,-0.3487179487179475,-0.5811965811965827,0.10500610500610463,0.1831501831501825,-0.08547008547008517,0.0
592202.221955553,83,0.02,0.0,0.0,0.0,0.0,0.0,0.0,0.0,0.005531395437552433,-0.010872053101396162,0.004386968795300206,0.008583199816891707,-0.01201647974364839,-0.014686808575570254,0.008201724269474298,-0.3296703296703285,0.4879120879120862,-0.3487179487179475,-0.5948717948717963,0.10012210012209977,0.1831501831501825,-0.08547008547008517,0.0
592202.24216548,84,0.02,0.0,0.0,0.0,0.0,0.0,0.0,0.0,0.005531395437552433,-0.010872053101396162,0.004386968795300206,0.008583199816891707,-0.01201647974364839,-0.014686808575570254,0.008201724269474298,-0.3296703296703285,0.4879120879120862,-0.3623931623931611,-0.5948717948717963,0.10500610500610463,0.1831501831501825,-0.08547008547008517,0.0
592202.261983312,85,0.02,0.0,0.0,0.0,0.0,0.0,0.0,0.0,0.005531395437552433,-0.010872053101396162,0.004386968795300206,0.008583199816891707,-0.01201647974364839,-0.014686808575570254,0.008201724269474298,-0.3296703296703285,0.4879120879120862,-0.3623931623931611,-0.5948717948717963,0.10500610500610463,0.1831501831501825,-0.09035409035409003,0.0
592202.28192716,86,0.02,0.0,0.0,0.0,0.0,0.0,0.0,0.0,0.005531395437552433,-0.010872053101396162,0.004386968795300206,0.008583199816891707,-0.01201647974364839,-0.014686808575570254,0.008201724269474298,-0.3296703296703285,0.4879120879120862,-0.37606837606837473,-0.5948717948717963,0.10500610500610463,0.1831501831501825,-0.09035409035409003,0.0
592202.30195298,87,0.02,0.0,0.0,0.0,0.0,0.0,0.0,0.0,0.005531395437552433,-0.010872053101396162,0.004386968795300206,0.008583199816891707,-0.01201647974364839,-0.014686808575570254,0.008201724269474298,-0.3296703296703285,0.4879120879120862,-0.37606837606837473,-0.5948717948717963,0.10012210012209977,0.1831501831501825,-0.09035409035409003,0.0
592202.321920928,88,0.02,0.0,0.0,0.0,0.0,0.0,0.0,0.0,0.005531395437552433,-0.010872053101396162,0.004386968795300206,0.008583199816891707,-0.01201647974364839,-0.014686808575570254,0.008201724269474298,-0.3296703296703285,0.4879120879120862,-0.37606837606837473,-0.5948717948717963,0.10500610500610463,0.1831501831501825,-0.08547008547008517,0.0
592202.341975426,89,0.02,0.0,0.0,0.0,0.0,0.0,0.0,0.0,0.005531395437552433,-0.010872053101396162,0.004386968795300206,0.008583199816891707,-0.01201647974364839,-0.014686808575570254,0.008201724269474298,-0.3296703296703285,0.4879120879120862,-0.37606837606837473,-0.5948717948717963,0.10012210012209977,0.1831501831501825,-0.09035409035409003,0.0
592202.361943933,90,0.02,0.0,0.0,0.0,0.0,0.0,0.0,0.0,0.005531395437552433,-0.010872053101396162,0.004386968795300206,0.008583199816891707,-0.01201647974364839,-0.014686808575570254,0.008201724269474298,-0.3296703296703285,0.4879120879120862,-0.3623931623931611,-0.5811965811965827,0.10500610500610463,0.1831501831501825,-0.09035409035409003,0.0
592202.381946933,91,0.02,0.0,0.0,0.0,0.0,0.0,0.0,0.0,0.005531395437552433,-0.010872053101396162,0.004386968795300206,0.008583199816891707,-0.01201647974364839,-0.014686808575570254,0.008201724269474298,-0.3296703296703285,0.4879120879120862,-0.3623931623931611,-0.5948717948717963,0.10500610500610463,0.1831501831501825,-0.08547008547008517,0.0
592202.40200949,92,0.02,0.0,0.0,0.0,0.0,0.0,0.0,0.0,0.005531395437552433,-0.010872053101396162,0.004386968795300206,0.008583199816891707,-0.01201647974364839,-0.014686808575570254,0.008201724269474298,-0.3296703296703285,0.4879120879120862,-0.3487179487179475,-0.5948717948717963,0.10500610500610463,0.1831501831501825,-0.08547008547008517,0.0
592202.422135666,93,0.02,0.0,0.0,0.0,0.0,0.0,0.0,0.0,0.005531395437552433,-0.010872053101396162,0.004386968795300206,0.008583199816891707,-0.01201647974364839,-0.014686808575570254,0.008201724269474298,-0.3296703296703285,0.4879120879120862,-0.3623931623931611,-0.5948717948717963,0.10500610500610463,0.17826617826617763,-0.08547008547008517,0.0
592202.442138829,94,0.02,0.0,0.0,0.0,0.0,0.0,0.0,0.0,0.005531395437552433,-0.010872053101396162,0.004386968795300206,0.008583199816891707,-0.01201647974364839,-0.014686808575570254,0.008201724269474298,-0.3296703296703285,0.4879120879120862,-0.37606837606837473,-0.5948717948717963,0.10012210012209977,0.1831501831501825,-0.08547008547008517,0.0
592202.462129228,95,0.02,0.0,0.0,0.0,0.0,0.0,0.0,0.0,0.005531395437552433,-0.010872053101396162,0.004386968795300206,0.008583199816891707,-0.01201647974364839,-0.014686808575570254,0.008201724269474298,-0.3296703296703285,0.4879120879120862,-0.3623931623931611,-0.5948717948717963,0.10500610500610463,0.1831501831501825,-0.08547008547008517,0.0
592202.482195911,96,0.02,0.0,0.0,0.0,0.0,0.0,0.0,0.0,0.005531395437552433,-0.010872053101396162,0.004386968795300206,0.008583199816891707,-0.01201647974364839,-0.014686808575570254,0.008201724269474298,-0.3296703296703285,0.4879120879120862,-0.3623931623931611,-0.5811965811965827,0.10500610500610463,0.1831501831501825,-0.08547008547008517,0.0
592202.501971738,97,0.02,0.0,0.0,0.0,0.0,0.0,0.0,0.0,0.005531395437552433,-0.010872053101396162,0.004386968795300206,0.008583199816891707,-0.01201647974364839,-0.014686808575570254,0.008201724269474298,-0.3296703296703285,0.4879120879120862,-0.3623931623931611,-0.5948717948717963,0.10500610500610463,0.1831501831501825,-0.09035409035409003,0.0
592202.521938356,98,0.02,0.0,0.0,0.0,0.0,0.0,0.0,0.0,0.005531395437552433,-0.010872053101396162,0.004386968795300206,0.008583199816891707,-0.01201647974364839,-0.014686808575570254,0.008201724269474298,-0.3296703296703285,0.4879120879120862,-0.37606837606837473,-0.6085470085470099,0.10500610500610463,0.17826617826617763,-0.08547008547008517,0.0
592202.541987722,99,0.02,0.0,0.0,0.0,0.0,0.0,0.0,0.0,0.005531395437552433,-0.010872053101396162,0.004386968795300206,0.008583199816891707,-0.01201647974364839,-0.014686808575570254,0.008201724269474298,-0.3296703296703285,0.4879120879120862,-0.3623931623931611,-0.5811965811965827,0.10012210012209977,0.1831501831501825,-0.09035409035409003,0.0
592202.561958572,100,0.02,0.0,0.0,0.0,0.0,0.0,0.0,0.0,0.005531395437552433,-0.010872053101396162,0.004386968795300206,0.008583199816891707,-0.01201647974364839,-0.014686808575570254,0.008201724269474298,-0.3296703296703285,0.4879120879120862,-0.3623931623931611,-0.5948717948717963,0.1098901098901095,0.17826617826617763,-0.09035409035409003,0.0
592202.581932765,101,0.02,0.0,0.0,0.0,0.0,0.0,0.0,0.0,0.005531395437552433,-0.010872053101396162,0.004386968795300206,0.008583199816891707,-0.01201647974364839,-0.014686808575570254,0.008201724269474298,-0.3296703296703285,0.4879120879120862,-0.3487179487179475,-0.5811965811965827,0.10012210012209977,0.1831501831501825,-0.09035409035409003,0.0
592202.601956572,102,0.02,0.0,0.0,0.0,0.0,0.0,0.0,0.0,0.005531395437552433,-0.010872053101396162,0.004386968795300206,0.008583199816891707,-0.01201647974364839,-0.014686808575570254,0.008201724269474298,-0.3296703296703285,0.4879120879120862,-0.3487179487179475,-0.5948717948717963,0.10500610500610463,0.1831501831501825,-0.08547008547008517,0.0
592202.621963098,103,0.02,0.0,0.0,0.0,0.0,0.0,0.0,0.0,0.005531395437552433,-0.010872053101396162,0.004386968795300206,0.008583199816891707,-0.01201647974364839,-0.014686808575570254,0.008201724269474298,-0.3296703296703285,0.4879120879120862,-0.3487179487179475,-0.5948717948717963,0.10012210012209977,0.1831501831501825,-0.09035409035409003,0.0
592202.642020038,104,0.02,0.0,0.0,0.0,0.0,0.0,0.0,0.0,0.005531395437552433,-0.010872053101396162,0.004386968795300206,0.008583199816891707,-0.01201647974364839,-0.014686808575570254,0.008201724269474298,-0.3296703296703285,0.4879120879120862,-0.3487179487179475,-0.5948717948717963,0.10500610500610463,0.1831501831501825,-0.08547008547008517,0.0
592202.661930694,105,0.02,0.0,0.0,0.0,0.0,0.0,0.0,0.0,0.005531395437552433,-0.010872053101396162,0.004386968795300206,0.008583199816891707,-0.01201647974364839,-0.014686808575570254,0.008201724269474298,-0.3296703296703285,0.4879120879120862,-0.3623931623931611,-0.5948717948717963,0.10500610500610463,0.1831501831501825,-0.08547008547008517,0.0
592202.681936239,106,0.02,0.0,0.0,0.0,0.0,0.0,0.0,0.0,0.005531395437552433,-0.010872053101396162,0.004386968795300206,0.008583199816891707,-0.01201647974364839,-0.014686808575570254,0.008201724269474298,-0.3296703296703285,0.4879120879120862,-0.3623931623931611,-0.5811965811965827,0.10012210012209977,0.1831501831501825,-0.09035409035409003,0.0
592202.702061905,107,0.02,0.0,0.0,0.0,0.0,0.0,0.0,0.0,0.005531395437552433,-0.010872053101396162,0.004386968795300206,0.008583199816891707,-0.01201647974364839,-0.014686808575570254,0.008201724269474298,-0.3296703296703285,0.4879120879120862,-0.3623931623931611,-0.5948717948717963,0.10500610500610463,0.17826617826617763,-0.09035409035409003,0.0
592202.722136455,108,0.02,0.0,0.0,0.0,0.0,0.0,0.0,0.0,0.005531395437552433,-0.010872053101396162,0.004386968795300206,0.008583199816891707,-0.01201647974364839,-0.014686808575570254,0.008201724269474298,-0.3296703296703285,0.4879120879120862,-0.3623931623931611,-0.5948717948717963,0.10500610500610463,0.1831501831501825,-0.09035409035409003,0.0
592202.742072275,109,0.02,0.0,0.0,0.0,0.0,0.0,0.0,0.0,0.005531395437552433,-0.010872053101396162,0.004386968795300206,0.008583199816891707,-0.01201647974364839,-0.014686808575570254,0.008201724269474298,-0.3296703296703285,0.4879120879120862,-0.3623931623931611,-0.5948717948717963,0.10500610500610463,0.17826617826617763,-0.08547008547008517,0.0
592202.761942483,110,0.02,0.0,0.0,0.0,0.0,0.0,0.0,0.0,0.005531395437552433,-0.010872053101396162,0.004386968795300206,0.008583199816891707,-0.01201647974364839,-0.014686808575570254,0.008201724269474298,-0.3296703296703285,0.4879120879120862,-0.37606837606837473,-0.6085470085470099,0.10500610500610463,0.18803418803418737,-0.09035409035409003,0.0
592202.781908585,111,0.02,0.0,0.0,0.0,0.0,0.0,0.0,0.0,0.005531395437552433,-0.010872053101396162,0.004386968795300206,0.008583199816891707,-0.01201647974364839,-0.014686808575570254,0.008201724269474298,-0.3296703296703285,0.4879120879120862,-0.3487179487179475,-0.5948717948717963,0.10500610500610463,0.17826617826617763,-0.09035409035409003,0.0
592202.801935722,112,0.02,0.0,0.0,0.0,0.0,0.0,0.0,0.0,0.005531395437552433,-0.010872053101396162,0.004386968795300206,0.008583199816891707,-0.01201647974364839,-0.014686808575570254,0.008201724269474298,-0.3296703296703285,0.4879120879120862,-0.3487179487179475,-0.5811965811965827,0.10012210012209977,0.1831501831501825,-0.09035409035409003,0.0
592202.821929493,113,0.02,0.0,0.0,0.0,0.0,0.0,0.0,0.0,0.005531395437552433,-0.010872053101396162,0.004386968795300206,0.008583199816891707,-0.01201647974364839,-0.014686808575570254,0.008201724269474298,-0.3296703296703285,0.4879120879120862,-0.3487179487179475,-0.5948717948717963,0.10500610500610463,0.1831501831501825,-0.08547008547008517,0.0
592202.842087729,114,0.02,0.0,0.0,0.0,0.0,0.0,0.0,0.0,0.005531395437552433,-0.010872053101396162,0.004386968795300206,0.008583199816891707,-0.01201647974364839,-0.014686808575570254,0.008201724269474298,-0.3296703296703285,0.4879120879120862,-0.3487179487179475,-0.5948717948717963,0.10500610500610463,0.1831501831501825,-0.08547008547008517,0.0
592202.862047102,115,0.02,0.0,0.0,0.0,0.0,0.0,0.0,0.0,0.005531395437552433,-0.010872053101396162,0.004386968795300206,0.008583199816891707,-0.01201647974364839,-0.014686808575570254,0.008201724269474298,-0.3296703296703285,0.4879120879120862,-0.3487179487179475,-0.5811965811965827,0.10500610500610463,0.1831501831501825,-0.08547008547008517,0.0
592202.882134912,116,0.02,0.0,0.0,0.0,0.0,0.0,0.0,0.0,0.005531395437552433,-0.010872053101396162,0.004386968795300206,0.008583199816891707,-0.01201647974364839,-0.014686808575570254,0.008201724269474298,-0.3296703296703285,0.4879120879120862,-0.3623931623931611,-0.5948717948717963,0.10012210012209977,0.1831501831501825,-0.09035409035409003,0.0
592202.901984388,117,0.02,0.0,0.0,0.0,0.0,0.0,0.0,0.0,0.005531395437552433,-0.010872053101396162,0.004386968795300206,0.008583199816891707,-0.01201647974364839,-0.014686808575570254,0.008201724269474298,-0.3296703296703285,0.4879120879120862,-0.3623931623931611,-0.5811965811965827,0.10012210012209977,0.18803418803418737,-0.09035409035409003,0.0
592202.9219319,118,0.02,0.0,0.0,0.0,0.0,0.0,0.0,0.0,0.005531395437552433,-0.010872053101396162,0.004386968795300206,0.008583199816891707,-0.01201647974364839,-0.014686808575570254,0.008201724269474298,-0.3296703296703285,0.4879120879120862,-0.3623931623931611,-0.5948717948717963,0.10500610500610463,0.1831501831501825,-0.08547008547008517,0.0
592202.941940155,119,0.02,0.0,0.0,0.0,0.0,0.0,0.0,0.0,0.005531395437552433,-0.010872053101396162,0.004386968795300206,0.008583199816891707,-0.01201647974364839,-0.014686808575570254,0.008201724269474298,-0.3296703296703285,0.4879120879120862,-0.3623931623931611,-0.5948717948717963,0.10500610500610463,0.1831501831501825,-0.09035409035409003,0.0
592202.96196975,120,0.02,0.0,0.0,0.0,0.0,0.0,0.0,0.0,0.005531395437552433,-0.010872053101396162,0.004386968795300206,0.008583199816891707,-0.01201647974364839,-0.014686808575570254,0.008201724269474298,-0.3296703296703285,0.4879120879120862,-0.37606837606837473,-0.5811965811965827,0.10500610500610463,0.1831501831501825,-0.08547008547008517,0.0
592202.982171702,121,0.02,0.0,0.0,0.0,0.0,0.0,0.0,0.0,0.005531395437552433,-0.010872053101396162,0.004386968795300206,0.008583199816891707,-0.01201647974364839,-0.014686808575570254,0.008201724269474298,-0.3296703296703285,0.4879120879120862,-0.3487179487179475,-0.5811965811965827,0.1098901098901095,0.1831501831501825,-0.08547008547008517,0.0
592203.001960292,122,0.02,0.0,0.0,0.0,0.0,0.0,0.0,0.0,0.005531395437552433,-0.010872053101396162,0.004386968795300206,0.008583199816891707,-0.01201647974364839,-0.014686808575570254,0.008201724269474298,-0.3296703296703285,0.4879120879120862,-0.3623931623931611,-0.5948717948717963,0.10500610500610463,0.1831501831501825,-0.09035409035409003,0.0
592203.022018134,123,0.02,0.0,0.0,0.0,0.0,0.0,0.0,0.0,0.005531395437552433,-0.010872053101396162,0.004386968795300206,0.008583199816891707,-0.01201647974364839,-0.014686808575570254,0.008201724269474298,-0.3296703296703285,0.4615384615384599,-0.3623931623931611,-0.5948717948717963,0.10500610500610463,0.1831501831501825,-0.08547008547008517,0.0
592203.041900513,124,0.02,0.0,0.0,0.0,0.0,0.0,0.0,0.0,0.005531395437552433,-0.010872053101396162,0.004386968795300206,0.008583199816891707,-0.01201647974364839,-0.014686808575570254,0.008201724269474298,-0.3296703296703285,0.4879120879120862,-0.37606837606837473,-0.5811965811965827,0.10012210012209977,0.1831501831501825,-0.08547008547008517,0.0
592203.061931592,125,0.02,0.0,0.0,0.0,0.0,0.0,0.0,0.0,0.005531395437552433,-0.010872053101396162,0.004386968795300206,0.008583199816891707,-0.01201647974364839,-0.014686808575570254,0.008201724269474298,-0.3296703296703285,0.4879120879120862,-0.3487179487179475,-0.5948717948717963,0.10012210012209977,0.17826617826617763,-0.08547008547008517,0.0
592203.081964509,126,0.02,0.0,0.0,0.0,0.0,0.0,0.0,0.0,0.005531395437552433,-0.010872053101396162,0.004386968795300206,0.008583199816891707,-0.01201647974364839,-0.014686808575570254,0.008201724269474298,-0.3296703296703285,0.4879120879120862,-0.3623931623931611,-0.5948717948717963,0.10500610500610463,0.1831501831501825,-0.09035409035409003,0.0
592203.101979396,127,0.02,0.0,0.0,0.0,0.0,0.0,0.0,0.0,0.005531395437552433,-0.010872053101396162,0.004386968795300206,0.008583199816891707,-0.01201647974364839,-0.014686808575570254,0.008201724269474298,-0.3296703296703285,0.4879120879120862,-0.3623931623931611,-0.5948717948717963,0.10500610500610463,0.1831501831501825,-0.08547008547008517,0.0
592203.121907945,128,0.02,0.0,0.0,0.0,0.0,0.0,0.0,0.0,0.005531395437552433,-0.010872053101396162,0.004386968795300206,0.008583199816891707,-0.01201647974364839,-0.014686808575570254,0.008201724269474298,-0.3296703296703285,0.4879120879120862,-0.3623931623931611,-0.5948717948717963,0.10012210012209977,0.1831501831501825,-0.09035409035409003,0.0
592203.141963839,129,0.02,0.0,0.0,0.0,0.0,0.0,0.0,0.0,0.005531395437552433,-0.010872053101396162,0.004386968795300206,0.008583199816891707,-0.01201647974364839,-0.014686808575570254,0.008201724269474298,-0.3296703296703285,0.4879120879120862,-0.37606837606837473,-0.5948717948717963,0.10500610500610463,0.1831501831501825,-0.09035409035409003,0.0
592203.16232558,130,0.02,0.0,0.0,0.0,0.0,0.0,0.0,0.0,0.005531395437552433,-0.010872053101396162,0.004386968795300206,0.008583199816891707,-0.01201647974364839,-0.014686808575570254,0.008201724269474298,-0.3296703296703285,0.4879120879120862,-0.3623931623931611,-0.5948717948717963,0.10500610500610463,0.17826617826617763,-0.09035409035409003,0.0
592203.182515721,131,0.02,0.0,0.0,0.0,0.0,0.0,0.0,0.0,0.005531395437552433,-0.010872053101396162,0.004386968795300206,0.008583199816891707,-0.01201647974364839,-0.014686808575570254,0.008201724269474298,-0.3296703296703285,0.4879120879120862,-0.3487179487179475,-0.5811965811965827,0.10500610500610463,0.1831501831501825,-0.08547008547008517,0.0
592203.201959148,132,0.02,0.0,0.0,0.0,0.0,0.0,0.0,0.0,0.005531395437552433,-0.010872053101396162,0.004386968795300206,0.008583199816891707,-0.01201647974364839,-0.014686808575570254,0.008201724269474298,-0.3296703296703285,0.4879120879120862,-0.3623931623931611,-0.5948717948717963,0.10500610500610463,0.1831501831501825,-0.08547008547008517,0.0
592203.222067289,133,0.02,0.0,0.0,0.0,0.0,0.0,0.0,0.0,0.005531395437552433,-0.010872053101396162,0.004386968795300206,0.008583199816891707,-0.01201647974364839,-0.014686808575570254,0.008201724269474298,-0.3296703296703285,0.4615384615384599,-0.3623931623931611,-0.6085470085470099,0.10500610500610463,0.1831501831501825,-0.08547008547008517,0.0
592203.241926489,134,0.02,0.0,0.0,0.0,0.0,0.0,0.0,0.0,0.005531395437552433,-0.010872053101396162,0.004386968795300206,0.008583199816891707,-0.01201647974364839,-0.014686808575570254,0.008201724269474298,-0.3296703296703285,0.4879120879120862,-0.37606837606837473,-0.5948717948717963,0.10500610500610463,0.1831501831501825,-0.08547008547008517,0.0
592203.261902341,135,0.02,0.0,0.0,0.0,0.0,0.0,0.0,0.0,0.005531395437552433,-0.010872053101396162,0.004386968795300206,0.008583199816891707,-0.01201647974364839,-0.014686808575570254,0.008201724269474298,-0.3296703296703285,0.4879120879120862,-0.3487179487179475,-0.5811965811965827,0.10012210012209977,0.1831501831501825,-0.09035409035409003,0.0
592203.281922781,136,0.02,0.0,0.0,0.0,0.0,0.0,0.0,0.0,0.005531395437552433,-0.010872053101396162,0.004386968795300206,0.008583199816891707,-0.01201647974364839,-0.014686808575570254,0.008201724269474298,-0.3296703296703285,0.4879120879120862,-0.3623931623931611,-0.6085470085470099,0.10500610500610463,0.1831501831501825,-0.08547008547008517,0.0
592203.301943491,137,0.02,0.0,0.0,0.0,0.0,0.0,0.0,0.0,0.005531395437552433,-0.010872053101396162,0.004386968795300206,0.008583199816891707,-0.01201647974364839,-0.014686808575570254,0.008201724269474298,-0.3296703296703285,0.4879120879120862,-0.3623931623931611,-0.5948717948717963,0.10012210012209977,0.1831501831501825,-0.09035409035409003,0.0
592203.321923047,138,0.02,0.0,0.0,0.0,0.0,0.0,0.0,0.0,0.005531395437552433,-0.010872053101396162,0.004386968795300206,0.008583199816891707,-0.01201647974364839,-0.014686808575570254,0.008201724269474298,-0.3296703296703285,0.4879120879120862,-0.3623931623931611,-0.5811965811965827,0.10500610500610463,0.17826617826617763,-0.09035409035409003,0.0
592203.342009722,139,0.02,0.0,0.0,0.0,0.0,0.0,0.0,0.0,0.005531395437552433,-0.010872053101396162,0.004386968795300206,0.008583199816891707,-0.01201647974364839,-0.014686808575570254,0.008201724269474298,-0.3296703296703285,0.4879120879120862,-0.3487179487179475,-0.5811965811965827,0.10012210012209977,0.1831501831501825,-0.09035409035409003,0.0
592203.362040737,140,0.02,0.0,0.0,0.0,0.0,0.0,0.0,0.0,0.005531395437552433,-0.010872053101396162,0.004386968795300206,0.008583199816891707,-0.01201647974364839,-0.014686808575570254,0.008201724269474298,-0.3296703296703285,0.4879120879120862,-0.3623931623931611,-0.5948717948717963,0.10500610500610463,0.1831501831501825,-0.09035409035409003,0.0
592203.38256534,141,0.02,0.0,0.0,0.0,0.0,0.0,0.0,0.0,0.005531395437552433,-0.010872053101396162,0.004386968795300206,0.008583199816891707,-0.01201647974364839,-0.014686808575570254,0.008201724269474298,-0.3296703296703285,0.4879120879120862,-0.3623931623931611,-0.5948717948717963,0.10500610500610463,0.1831501831501825,-0.08547008547008517,0.0
592203.402244716,142,0.02,0.0,0.0,0.0,0.0,0.0,0.0,0.0,0.005531395437552433,-0.010872053101396162,0.004386968795300206,0.008583199816891707,-0.01201647974364839,-0.014686808575570254,0.008201724269474298,-0.3296703296703285,0.4879120879120862,-0.3623931623931611,-0.5811965811965827,0.10500610500610463,0.1831501831501825,-0.09035409035409003,0.0
592203.422036476,143,0.02,0.0,0.0,0.0,0.0,0.0,0.0,0.0,0.005531395437552433,-0.010872053101396162,0.004386968795300206,0.008583199816891707,-0.01201647974364839,-0.014686808575570254,0.008201724269474298,-0.3296703296703285,0.4879120879120862,-0.3623931623931611,-0.5948717948717963,0.10500610500610463,0.17826617826617763,-0.09035409035409003,0.0
592203.442064624,144,0.02,0.0,0.0,0.0,0.0,0.0,0.0,0.0,0.005531395437552433,-0.010872053101396162,0.004386968795300206,0.008583199816891707,-0.01201647974364839,-0.014686808575570254,0.008201724269474298,-0.3296703296703285,0.4879120879120862,-0.3623931623931611,-0.5811965811965827,0.10500610500610463,0.18803418803418737,-0.09035409035409003,0.0
592203.461930446,145,0.02,0.0,0.0,0.0,0.0,0.0,0.0,0.0,0.005531395437552433,-0.010872053101396162,0.004386968795300206,0.008583199816891707,-0.01201647974364839,-0.014686808575570254,0.008201724269474298,-0.3296703296703285,0.4879120879120862,-0.3623931623931611,-0.5811965811965827,0.10500610500610463,0.1831501831501825,-0.08547008547008517,0.0
592203.481883209,146,0.02,0.0,0.0,0.0,0.0,0.0,0.0,0.0,0.005531395437552433,-0.010872053101396162,0.004386968795300206,0.008583199816891707,-0.01201647974364839,-0.014686808575570254,0.008201724269474298,-0.3296703296703285,0.4879120879120862,-0.3623931623931611,-0.5948717948717963,0.10012210012209977,0.1831501831501825,-0.09035409035409003,0.0
592203.501922806,147,0.02,0.0,0.0,0.0,0.0,0.0,0.0,0.0,0.005531395437552433,-0.010872053101396162,0.004386968795300206,0.008583199816891707,-0.01201647974364839,-0.014686808575570254,0.008201724269474298,-0.3296703296703285,0.4879120879120862,-0.3487179487179475,-0.5948717948717963,0.10500610500610463,0.1831501831501825,-0.09035409035409003,0.0
592203.52194073,148,0.02,0.0,0.0,0.0,0.0,0.0,0.0,0.0,0.005531395437552433,-0.010872053101396162,0.004386968795300206,0.008583199816891707,-0.01201647974364839,-0.014686808575570254,0.008201724269474298,-0.3296703296703285,0.4879120879120862,-0.3487179487179475,-0.5948717948717963,0.10012210012209977,0.1831501831501825,-0.08547008547008517,0.0
592203.541932193,149,0.02,0.0,0.0,0.0,0.0,0.0,0.0,0.0,0.005531395437552433,-0.010872053101396162,0.004386968795300206,0.008583199816891707,-0.01201647974364839,-0.014686808575570254,0.008201724269474298,-0.3296703296703285,0.4879120879120862,-0.37606837606837473,-0.5948717948717963,0.10500610500610463,0.1831501831501825,-0.08547008547008517,0.0
592203.561983183,150,0.02,0.0,0.0,0.0,0.0,0.0,0.0,0.0,0.005531395437552433,-0.010872053101396162,0.004386968795300206,0.008583199816891707,-0.01201647974364839,-0.014686808575570254,0.008201724269474298,-0.3296703296703285,0.4879120879120862,-0.3487179487179475,-0.5948717948717963,0.10500610500610463,0.1831501831501825,-0.08547008547008517,0.0
592203.582043506,151,0.02,0.0,0.0,0.0,0.0,0.0,0.0,0.0,0.005531395437552433,-0.010872053101396162,0.004386968795300206,0.008583199816891707,-0.01201647974364839,-0.014686808575570254,0.008201724269474298,-0.3296703296703285,0.4879120879120862,-0.3623931623931611,-0.5948717948717963,0.10012210012209977,0.1831501831501825,-0.08547008547008517,0.0
592203.601955024,152,0.02,0.0,0.0,0.0,0.0,0.0,0.0,0.0,0.005531395437552433,-0.010872053101396162,0.004386968795300206,0.008583199816891707,-0.01201647974364839,-0.014686808575570254,0.008201724269474298,-0.3296703296703285,0.4879120879120862,-0.3623931623931611,-0.5948717948717963,0.10500610500610463,0.1831501831501825,-0.08547008547008517,0.0
592203.621981597,153,0.02,0.0,0.0,0.0,0.0,0.0,0.0,0.0,0.005531395437552433,-0.010872053101396162,0.004386968795300206,0.008583199816891707,-0.01201647974364839,-0.014686808575570254,0.008201724269474298,-0.3296703296703285,0.4879120879120862,-0.3623931623931611,-0.5948717948717963,0.10500610500610463,0.1831501831501825,-0.09035409035409003,0.0
592203.64193449,154,0.02,0.0,0.0,0.0,0.0,0.0,0.0,0.0,0.005531395437552433,-0.010872053101396162,0.004386968795300206,0.008583199816891707,-0.01201647974364839,-0.014686808575570254,0.008201724269474298,-0.3296703296703285,0.4879120879120862,-0.3487179487179475,-0.5948717948717963,0.10500610500610463,0.1831501831501825,-0.09035409035409003,0.0
592203.662148673,155,0.02,0.0,0.0,0.0,0.0,0.0,0.0,0.0,0.005531395437552433,-0.010872053101396162,0.004386968795300206,0.008583199816891707,-0.01201647974364839,-0.014686808575570254,0.008201724269474298,-0.3296703296703285,0.4879120879120862,-0.3487179487179475,-0.5948717948717963,0.10500610500610463,0.1831501831501825,-0.09035409035409003,0.0
592203.681923416,156,0.02,0.0,0.0,0.0,0.0,0.0,0.0,0.0,0.005531395437552433,-0.010872053101396162,0.004386968795300206,0.008583199816891707,-0.01201647974364839,-0.014686808575570254,0.008201724269474298,-0.3296703296703285,0.4879120879120862,-0.3623931623931611,-0.5811965811965827,0.10500610500610463,0.1831501831501825,-0.08547008547008517,0.0
592203.702074479,157,0.02,0.0,0.0,0.0,0.0,0.0,0.0,0.0,0.005531395437552433,-0.010872053101396162,0.004386968795300206,0.008583199816891707,-0.01201647974364839,-0.014686808575570254,0.008201724269474298,-0.3296703296703285,0.4879120879120862,-0.37606837606837473,-0.5948717948717963,0.10500610500610463,0.1831501831501825,-0.08547008547008517,0.0
592203.721943386,158,0.02,0.0,0.0,0.0,0.0,0.0,0.0,0.0,0.005531395437552433,-0.010872053101396162,0.004386968795300206,0.008583199816891707,-0.01201647974364839,-0.014686808575570254,0.008201724269474298,-0.3296703296703285,0.4879120879120862,-0.3623931623931611,-0.5811965811965827,0.10012210012209977,0.1831501831501825,-0.09035409035409003,0.0
592203.741962079,159,0.02,0.0,0.0,0.0,0.0,0.0,0.0,0.0,0.005531395437552433,-0.010872053101396162,0.004386968795300206,0.008583199816891707,-0.01201647974364839,-0.014686808575570254,0.008201724269474298,-0.3296703296703285,0.4879120879120862,-0.3623931623931611,-0.5948717948717963,0.10500610500610463,0.1831501831501825,-0.08547008547008517,0.0
592203.761997426,160,0.02,0.0,0.0,0.0,0.0,0.0,0.0,0.0,0.005531395437552433,-0.010872053101396162,0.004386968795300206,0.008583199816891707,-0.01201647974364839,-0.014686808575570254,0.008201724269474298,-0.3296703296703285,0.4879120879120862,-0.37606837606837473,-0.5948717948717963,0.10012210012209977,0.1831501831501825,-0.08547008547008517,0.0
592203.782021808,161,0.02,0.0,0.0,0.0,0.0,0.0,0.0,0.0,0.005531395437552433,-0.010872053101396162,0.004386968795300206,0.008583199816891707,-0.01201647974364839,-0.014686808575570254,0.008201724269474298,-0.3296703296703285,0.4879120879120862,-0.3623931623931611,-0.5948717948717963,0.10012210012209977,0.17826617826617763,-0.08547008547008517,0.0
592203.801958789,162,0.02,0.0,0.0,0.0,0.0,0.0,0.0,0.0,0.005531395437552433,-0.010872053101396162,0.004386968795300206,0.008583199816891707,-0.01201647974364839,-0.014686808575570254,0.008201724269474298,-0.3296703296703285,0.4879120879120862,-0.3487179487179475,-0.5811965811965827,0.10500610500610463,0.17826617826617763,-0.09035409035409003,0.0
592203.821977189,163,0.02,0.0,0.0,0.0,0.0,0.0,0.0,0.0,0.005531395437552433,-0.010872053101396162,0.004386968795300206,0.008583199816891707,-0.01201647974364839,-0.014686808575570254,0.008201724269474298,-0.3296703296703285,0.4879120879120862,-0.3623931623931611,-0.5811965811965827,0.1098901098901095,0.17826617826617763,-0.08547008547008517,0.0
592203.841942308,164,0.02,0.0,0.0,0.0,0.0,0.0,0.0,0.0,0.005531395437552433,-0.010872053101396162,0.004386968795300206,0.008583199816891707,-0.01201647974364839,-0.014686808575570254,0.008201724269474298,-0.3296703296703285,0.4879120879120862,-0.3623931623931611,-0.5948717948717963,0.10500610500610463,0.17826617826617763,-0.09035409035409003,0.0
592203.861955693,165,0.02,0.0,0.0,0.0,0.0,0.0,0.0,0.0,0.005531395437552433,-0.010872053101396162,0.004386968795300206,0.008583199816891707,-0.01201647974364839,-0.014686808575570254,0.008201724269474298,-0.3296703296703285,0.4879120879120862,-0.3623931623931611,-0.5811965811965827,0.1098901098901095,0.1831501831501825,-0.08547008547008517,0.0
592203.882043117,166,0.02,0.0,0.0,0.0,0.0,0.0,0.0,0.0,0.005531395437552433,-0.010872053101396162,0.004386968795300206,0.008583199816891707,-0.01201647974364839,-0.014686808575570254,0.008201724269474298,-0.3296703296703285,0.4879120879120862,-0.3623931623931611,-0.5948717948717963,0.10500610500610463,0.1831501831501825,-0.08547008547008517,0.0
592203.901936453,167,0.02,0.0,0.0,0.0,0.0,0.0,0.0,0.0,0.005531395437552433,-0.010872053101396162,0.004386968795300206,0.008583199816891707,-0.01201647974364839,-0.014686808575570254,0.008201724269474298,-0.3296703296703285,0.4615384615384599,-0.3487179487179475,-0.5948717948717963,0.10500610500610463,0.1831501831501825,-0.08547008547008517,0.0
592203.921911385,168,0.02,0.0,0.0,0.0,0.0,0.0,0.0,0.0,0.005531395437552433,-0.010872053101396162,0.004386968795300206,0.008583199816891707,-0.01201647974364839,-0.014686808575570254,0.008201724269474298,-0.3296703296703285,0.4879120879120862,-0.3623931623931611,-0.5948717948717963,0.10500610500610463,0.1831501831501825,-0.08547008547008517,0.0
592203.942008504,169,0.02,0.0,0.0,0.0,0.0,0.0,0.0,0.0,0.005531395437552433,-0.010872053101396162,0.004386968795300206,0.008583199816891707,-0.01201647974364839,-0.014686808575570254,0.008201724269474298,-0.3296703296703285,0.4879120879120862,-0.3623931623931611,-0.6085470085470099,0.10012210012209977,0.17826617826617763,-0.09035409035409003,0.0
592203.961984729,170,0.02,0.0,0.0,0.0,0.0,0.0,0.0,0.0,0.005531395437552433,-0.010872053101396162,0.004386968795300206,0.008583199816891707,-0.01201647974364839,-0.014686808575570254,0.008201724269474298,-0.3296703296703285,0.4879120879120862,-0.3487179487179475,-0.5948717948717963,0.10012210012209977,0.1831501831501825,-0.08547008547008517,0.0
592203.98199316,171,0.02,0.0,0.0,0.0,0.0,0.0,0.0,0.0,0.005531395437552433,-0.010872053101396162,0.004386968795300206,0.008583199816891707,-0.01201647974364839,-0.014686808575570254,0.008201724269474298,-0.3296703296703285,0.4879120879120862,-0.37606837606837473,-0.5948717948717963,0.10500610500610463,0.17826617826617763,-0.08547008547008517,0.0
592204.001958972,172,0.02,0.0,0.0,0.0,0.0,0.0,0.0,0.0,0.005531395437552433,-0.010872053101396162,0.004386968795300206,0.008583199816891707,-0.01201647974364839,-0.014686808575570254,0.008201724269474298,-0.3296703296703285,0.4879120879120862,-0.3623931623931611,-0.5811965811965827,0.10500610500610463,0.18803418803418737,-0.09035409035409003,0.0
592204.022609632,173,0.02,0.0,0.0,0.0,0.0,0.0,0.0,0.0,0.005531395437552433,-0.010872053101396162,0.004386968795300206,0.008583199816891707,-0.01201647974364839,-0.014686808575570254,0.008201724269474298,-0.3296703296703285,0.4879120879120862,-0.3623931623931611,-0.5948717948717963,0.10012210012209977,0.17826617826617763,-0.09035409035409003,0.0
592204.042269881,174,0.02,0.0,0.0,0.0,0.0,0.0,0.0,0.0,0.005531395437552433,-0.010872053101396162,0.004386968795300206,0.008583199816891707,-0.01201647974364839,-0.014686808575570254,0.008201724269474298,-0.3296703296703285,0.4879120879120862,-0.3487179487179475,-0.6085470085470099,0.10500610500610463,0.1831501831501825,-0.08547008547008517,0.0
592204.06213791,175,0.02,0.0,0.0,0.0,0.0,0.0,0.0,0.0,0.005531395437552433,-0.010872053101396162,0.004386968795300206,0.008583199816891707,-0.01201647974364839,-0.014686808575570254,0.008201724269474298,-0.3296703296703285,0.4879120879120862,-0.3487179487179475,-0.5948717948717963,0.10500610500610463,0.17826617826617763,-0.08547008547008517,0.0
592204.082056196,176,0.02,0.0,0.0,0.0,0.0,0.0,0.0,0.0,0.005531395437552433,-0.010872053101396162,0.004386968795300206,0.008583199816891707,-0.01201647974364839,-0.014686808575570254,0.008201724269474298,-0.3296703296703285,0.4879120879120862,-0.3623931623931611,-0.5948717948717963,0.10012210012209977,0.17826617826617763,-0.09035409035409003,0.0
592204.101932755,177,0.02,0.0,0.0,0.0,0.0,0.0,0.0,0.0,0.005531395437552433,-0.010872053101396162,0.004386968795300206,0.008583199816891707,-0.01201647974364839,-0.014686808575570254,0.008201724269474298,-0.3296703296703285,0.4879120879120862,-0.3487179487179475,-0.5948717948717963,0.10012210012209977,0.1831501831501825,-0.08547008547008517,0.0
592204.122021581,178,0.02,0.0,0.0,0.0,0.0,0.0,0.0,0.0,0.005531395437552433,-0.010872053101396162,0.004386968795300206,0.008583199816891707,-0.01201647974364839,-0.014686808575570254,0.008201724269474298,-0.3296703296703285,0.4879120879120862,-0.3623931623931611,-0.5811965811965827,0.10500610500610463,0.1831501831501825,-0.09035409035409003,0.0
592204.141927179,179,0.02,0.0,0.0,0.0,0.0,0.0,0.0,0.0,0.005531395437552433,-0.010872053101396162,0.004386968795300206,0.008583199816891707,-0.01201647974364839,-0.014686808575570254,0.008201724269474298,-0.3296703296703285,0.4879120879120862,-0.3623931623931611,-0.5948717948717963,0.10500610500610463,0.17826617826617763,-0.09035409035409003,0.0
592204.161953475,180,0.02,0.0,0.0,0.0,0.0,0.0,0.0,0.0,0.005531395437552433,-0.010872053101396162,0.004386968795300206,0.008583199816891707,-0.01201647974364839,-0.014686808575570254,0.008201724269474298,-0.3296703296703285,0.4879120879120862,-0.3623931623931611,-0.5948717948717963,0.10500610500610463,0.1831501831501825,-0.09035409035409003,0.0
592204.181899846,181,0.02,0.0,0.0,0.0,0.0,0.0,0.0,0.0,0.005531395437552433,-0.010872053101396162,0.004386968795300206,0.008583199816891707,-0.01201647974364839,-0.014686808575570254,0.008201724269474298,-0.3296703296703285,0.4879120879120862,-0.3623931623931611,-0.5811965811965827,0.10012210012209977,0.17826617826617763,-0.08547008547008517,0.0
592204.201905979,182,0.02,0.0,0.0,0.0,0.0,0.0,0.0,0.0,0.005531395437552433,-0.010872053101396162,0.004386968795300206,0.008583199816891707,-0.01201647974364839,-0.014686808575570254,0.008201724269474298,-0.3296703296703285,0.4879120879120862,-0.3487179487179475,-0.5948717948717963,0.10500610500610463,0.1831501831501825,-0.09035409035409003,0.0
592204.221935588,183,0.02,0.0,0.0,0.0,0.0,0.0,0.0,0.0,0.005531395437552433,-0.010872053101396162,0.004386968795300206,0.008583199816891707,-0.01201647974364839,-0.014686808575570254,0.008201724269474298,-0.3296703296703285,0.4879120879120862,-0.37606837606837473,-0.5948717948717963,0.10500610500610463,0.1831501831501825,-0.08547008547008517,0.0
592204.241935775,184,0.02,0.0,0.0,0.0,0.0,0.0,0.0,0.0,0.005531395437552433,-0.010872053101396162,0.004386968795300206,0.008583199816891707,-0.01201647974364839,-0.014686808575570254,0.008201724269474298,-0.3296703296703285,0.4879120879120862,-0.3623931623931611,-0.5811965811965827,0.10500610500610463,0.17826617826617763,-0.09035409035409003,0.0
592204.261910603,185,0.02,0.0,0.0,0.0,0.0,0.0,0.0,0.0,0.005531395437552433,-0.010872053101396162,0.004386968795300206,0.008583199816891707,-0.01201647974364839,-0.014686808575570254,0.008201724269474298,-0.3296703296703285,0.4879120879120862,-0.3623931623931611,-0.5948717948717963,0.10500610500610463,0.1831501831501825,-0.08547008547008517,0.0
592204.281928133,186,0.02,0.0,0.0,0.0,0.0,0.0,0.0,0.0,0.005531395437552433,-0.010872053101396162,0.004386968795300206,0.008583199816891707,-0.01201647974364839,-0.014686808575570254,0.008201724269474298,-0.3296703296703285,0.4879120879120862,-0.3487179487179475,-0.5948717948717963,0.10500610500610463,0.17826617826617763,-0.08547008547008517,0.0
592204.301898271,187,0.02,0.0,0.0,0.0,0.0,0.0,0.0,0.0,0.005531395437552433,-0.010872053101396162,0.004386968795300206,0.008583199816891707,-0.01201647974364839,-0.014686808575570254,0.008201724269474298,-0.3296703296703285,0.4879120879120862,-0.37606837606837473,-0.5948717948717963,0.10500610500610463,0.17826617826617763,-0.08547008547008517,0.0
592204.321932146,188,0.02,0.0,0.0,0.0,0.0,0.0,0.0,0.0,0.005531395437552433,-0.010872053101396162,0.004386968795300206,0.008583199816891707,-0.01201647974364839,-0.014686808575570254,0.008201724269474298,-0.3296703296703285,0.4879120879120862,-0.3487179487179475,-0.5948717948717963,0.10500610500610463,0.1831501831501825,-0.08547008547008517,0.0
592204.341935314,189,0.02,0.0,0.0,0.0,0.0,0.0,0.0,0.0,0.005531395437552433,-0.010872053101396162,0.004386968795300206,0.008583199816891707,-0.01201647974364839,-0.014686808575570254,0.008201724269474298,-0.3296703296703285,0.4879120879120862,-0.3623931623931611,-0.5948717948717963,0.10500610500610463,0.1831501831501825,-0.09035409035409003,0.0
592204.361918223,190,0.02,0.0,0.0,0.0,0.0,0.0,0.0,0.0,0.005531395437552433,-0.010872053101396162,0.004386968795300206,0.008583199816891707,-0.01201647974364839,-0.014686808575570254,0.008201724269474298,-0.3296703296703285,0.4879120879120862,-0.3623931623931611,-0.5948717948717963,0.10012210012209977,0.1831501831501825,-0.08547008547008517,0.0
592204.382126487,191,0.02,0.0,0.0,0.0,0.0,0.0,0.0,0.0,0.005531395437552433,-0.010872053101396162,0.004386968795300206,0.008583199816891707,-0.01201647974364839,-0.014686808575570254,0.008201724269474298,-0.3296703296703285,0.4879120879120862,-0.3623931623931611,-0.5948717948717963,0.10500610500610463,0.1831501831501825,-0.09035409035409003,0.0
592204.402098846,192,0.02,0.0,0.0,0.0,0.0,0.0,0.0,0.0,0.005531395437552433,-0.010872053101396162,0.004386968795300206,0.008583199816891707,-0.01201647974364839,-0.014686808575570254,0.008201724269474298,-0.3296703296703285,0.4615384615384599,-0.37606837606837473,-0.5948717948717963,0.10012210012209977,0.17826617826617763,-0.08547008547008517,0.0
592204.42193344,193,0.02,0.0,0.0,0.0,0.0,0.0,0.0,0.0,0.005531395437552433,-0.010872053101396162,0.004386968795300206,0.008583199816891707,-0.01201647974364839,-0.014686808575570254,0.008201724269474298,-0.3296703296703285,0.4879120879120862,-0.3623931623931611,-0.5948717948717963,0.10012210012209977,0.1831501831501825,-0.08547008547008517,0.0
592204.441923476,194,0.02,0.0,0.0,0.0,0.0,0.0,0.0,0.0,0.005531395437552433,-0.010872053101396162,0.004386968795300206,0.008583199816891707,-0.01201647974364839,-0.014686808575570254,0.008201724269474298,-0.3296703296703285,0.4879120879120862,-0.3623931623931611,-0.5948717948717963,0.10012210012209977,0.17826617826617763,-0.08547008547008517,0.0
592204.462079507,195,0.02,0.0,0.0,0.0,0.0,0.0,0.0,0.0,0.005531395437552433,-0.010872053101396162,0.004386968795300206,0.008583199816891707,-0.01201647974364839,-0.014686808575570254,0.008201724269474298,-0.3296703296703285,0.4879120879120862,-0.37606837606837473,-0.5948717948717963,0.10500610500610463,0.1831501831501825,-0.08547008547008517,0.0
592204.482013212,196,0.02,0.0,0.0,0.0,0.0,0.0,0.0,0.0,0.005531395437552433,-0.010872053101396162,0.004386968795300206,0.008583199816891707,-0.01201647974364839,-0.014686808575570254,0.008201724269474298,-0.3296703296703285,0.4879120879120862,-0.37606837606837473,-0.6085470085470099,0.10500610500610463,0.1831501831501825,-0.09035409035409003,0.0
592204.501941494,197,0.02,0.0,0.0,0.0,0.0,0.0,0.0,0.0,0.005531395437552433,-0.010872053101396162,0.004386968795300206,0.008583199816891707,-0.01201647974364839,-0.014686808575570254,0.008201724269474298,-0.3296703296703285,0.4879120879120862,-0.3623931623931611,-0.5948717948717963,0.10500610500610463,0.1831501831501825,-0.08547008547008517,0.0
592204.52194272,198,0.02,0.0,0.0,0.0,0.0,0.0,0.0,0.0,0.005531395437552433,-0.010872053101396162,0.004386968795300206,0.008583199816891707,-0.01201647974364839,-0.014686808575570254,0.008201724269474298,-0.3296703296703285,0.4879120879120862,-0.37606837606837473,-0.5948717948717963,0.10500610500610463,0.1831501831501825,-0.09035409035409003,0.0
592204.541968234,199,0.02,0.0,0.0,0.0,0.0,0.0,0.0,0.0,0.005531395437552433,-0.010872053101396162,0.004386968795300206,0.008583199816891707,-0.01201647974364839,-0.014686808575570254,0.008201724269474298,-0.3296703296703285,0.4879120879120862,-0.3487179487179475,-0.5948717948717963,0.10012210012209977,0.1831501831501825,-0.08547008547008517,0.0
592204.561948607,200,0.02,0.0,0.0,0.0,0.0,0.0,0.0,0.0,0.005531395437552433,-0.010872053101396162,0.004386968795300206,0.008583199816891707,-0.01201647974364839,-0.014686808575570254,0.008201724269474298,-0.3296703296703285,0.4879120879120862,-0.37606837606837473,-0.5948717948717963,0.10500610500610463,0.17826617826617763,-0.08547008547008517,0.0
592204.581976078,201,0.02,0.0,0.0,0.0,0.0,0.0,0.0,0.0,0.005531395437552433,-0.010872053101396162,0.004386968795300206,0.008583199816891707,-0.01201647974364839,-0.014686808575570254,0.008201724269474298,-0.3296703296703285,0.4879120879120862,-0.3487179487179475,-0.5948717948717963,0.10012210012209977,0.1831501831501825,-0.09035409035409003,0.0
592204.601964364,202,0.02,0.0,0.0,0.0,0.0,0.0,0.0,0.0,0.005531395437552433,-0.010872053101396162,0.004386968795300206,0.008583199816891707,-0.01201647974364839,-0.014686808575570254,0.008201724269474298,-0.3296703296703285,0.4879120879120862,-0.3487179487179475,-0.5948717948717963,0.10500610500610463,0.1831501831501825,-0.09035409035409003,0.0
592204.621941514,203,0.02,0.0,0.0,0.0,0.0,0.0,0.0,0.0,0.005531395437552433,-0.010872053101396162,0.004386968795300206,0.008583199816891707,-0.01201647974364839,-0.014686808575570254,0.008201724269474298,-0.3296703296703285,0.4879120879120862,-0.37606837606837473,-0.5948717948717963,0.10500610500610463,0.1831501831501825,-0.08547008547008517,0.0
592204.641947376,204,0.02,0.0,0.0,0.0,0.0,0.0,0.0,0.0,0.005531395437552433,-0.010872053101396162,0.004386968795300206,0.008583199816891707,-0.01201647974364839,-0.014686808575570254,0.008201724269474298,-0.3296703296703285,0.4615384615384599,-0.3487179487179475,-0.5948717948717963,0.10012210012209977,0.17826617826617763,-0.08547008547008517,0.0
592204.661947907,205,0.02,0.0,0.0,0.0,0.0,0.0,0.0,0.0,0.005531395437552433,-0.010872053101396162,0.004386968795300206,0.008583199816891707,-0.01201647974364839,-0.014686808575570254,0.008201724269474298,-0.3296703296703285,0.4879120879120862,-0.3623931623931611,-0.5948717948717963,0.10012210012209977,0.1831501831501825,-0.09035409035409003,0.0
592204.681949246,206,0.02,0.0,0.0,0.0,0.0,0.0,0.0,0.0,0.005531395437552433,-0.010872053101396162,0.004386968795300206,0.008583199816891707,-0.01201647974364839,-0.014686808575570254,0.008201724269474298,-0.3296703296703285,0.4879120879120862,-0.3623931623931611,-0.5811965811965827,0.10012210012209977,0.1831501831501825,-0.09035409035409003,0.0
592204.701965329,207,0.02,0.0,0.0,0.0,0.0,0.0,0.0,0.0,0.005531395437552433,-0.010872053101396162,0.004386968795300206,0.008583199816891707,-0.01201647974364839,-0.014686808575570254,0.008201724269474298,-0.3296703296703285,0.4879120879120862,-0.3487179487179475,-0.5948717948717963,0.10500610500610463,0.17826617826617763,-0.09035409035409003,0.0
592204.722270262,208,0.02,0.0,0.0,0.0,0.0,0.0,0.0,0.0,0.005531395437552433,-0.010872053101396162,0.004386968795300206,0.008583199816891707,-0.01201647974364839,-0.014686808575570254,0.008201724269474298,-0.3296703296703285,0.4879120879120862,-0.37606837606837473,-0.5811965811965827,0.10012210012209977,0.17826617826617763,-0.08547008547008517,0.0
592204.742004092,209,0.02,0.0,0.0,0.0,0.0,0.0,0.0,0.0,0.005531395437552433,-0.010872053101396162,0.004386968795300206,0.008583199816891707,-0.01201647974364839,-0.014686808575570254,0.008201724269474298,-0.3296703296703285,0.4879120879120862,-0.37606837606837473,-0.5948717948717963,0.10012210012209977,0.1831501831501825,-0.09035409035409003,0.0
592204.762096411,210,0.02,0.0,0.0,0.0,0.0,0.0,0.0,0.0,0.005531395437552433,-0.010872053101396162,0.004386968795300206,0.008583199816891707,-0.01201647974364839,-0.014686808575570254,0.008201724269474298,-0.3296703296703285,0.4879120879120862,-0.3623931623931611,-0.5811965811965827,0.10500610500610463,0.1831501831501825,-0.09035409035409003,0.0
592204.78209105,211,0.02,0.0,0.0,0.0,0.0,0.0,0.0,0.0,0.005531395437552433,-0.010872053101396162,0.004386968795300206,0.008583199816891707,-0.01201647974364839,-0.014686808575570254,0.008201724269474298,-0.3296703296703285,0.4879120879120862,-0.37606837606837473,-0.5811965811965827,0.10012210012209977,0.1831501831501825,-0.09035409035409003,0.0
592204.802018356,212,0.02,0.0,0.0,0.0,0.0,0.0,0.0,0.0,0.005531395437552433,-0.010872053101396162,0.004386968795300206,0.008583199816891707,-0.01201647974364839,-0.014686808575570254,0.008201724269474298,-0.3296703296703285,0.4879120879120862,-0.3487179487179475,-0.5948717948717963,0.10500610500610463,0.17826617826617763,-0.09035409035409003,0.0
592204.822007872,213,0.02,0.0,0.0,0.0,0.0,0.0,0.0,0.0,0.005531395437552433,-0.010872053101396162,0.004386968795300206,0.008583199816891707,-0.01201647974364839,-0.014686808575570254,0.008201724269474298,-0.3296703296703285,0.4879120879120862,-0.37606837606837473,-0.5948717948717963,0.10500610500610463,0.1831501831501825,-0.09035409035409003,0.0
592204.8419627,214,0.02,0.0,0.0,0.0,0.0,0.0,0.0,0.0,0.005531395437552433,-0.010872053101396162,0.004386968795300206,0.008583199816891707,-0.01201647974364839,-0.014686808575570254,0.008201724269474298,-0.3296703296703285,0.4879120879120862,-0.3487179487179475,-0.5948717948717963,0.10500610500610463,0.17826617826617763,-0.08547008547008517,0.0
592204.862108638,215,0.02,0.0,0.0,0.0,0.0,0.0,0.0,0.0,0.005531395437552433,-0.010872053101396162,0.004386968795300206,0.008583199816891707,-0.01201647974364839,-0.014686808575570254,0.008201724269474298,-0.3296703296703285,0.4879120879120862,-0.3487179487179475,-0.5811965811965827,0.10500610500610463,0.1831501831501825,-0.09035409035409003,0.0
592204.881945746,216,0.02,0.0,0.0,0.0,0.0,0.0,0.0,0.0,0.005531395437552433,-0.010872053101396162,0.004386968795300206,0.008583199816891707,-0.01201647974364839,-0.014686808575570254,0.008201724269474298,-0.3296703296703285,0.4879120879120862,-0.37606837606837473,-0.5948717948717963,0.10500610500610463,0.1831501831501825,-0.08547008547008517,0.0
592204.902248681,217,0.02,0.0,0.0,0.0,0.0,0.0,0.0,0.0,0.005531395437552433,-0.010872053101396162,0.004386968795300206,0.008583199816891707,-0.01201647974364839,-0.014686808575570254,0.008201724269474298,-0.3296703296703285,0.4879120879120862,-0.3623931623931611,-0.5948717948717963,0.10012210012209977,0.1831501831501825,-0.08547008547008517,0.0
592204.922474502,218,0.02,0.0,0.0,0.0,0.0,0.0,0.0,0.0,0.005531395437552433,-0.010872053101396162,0.004386968795300206,0.008583199816891707,-0.01201647974364839,-0.014686808575570254,0.008201724269474298,-0.3296703296703285,0.4879120879120862,-0.3623931623931611,-0.5811965811965827,0.10500610500610463,0.1831501831501825,-0.09035409035409003,0.0
592204.942422345,219,0.02,0.0,0.0,0.0,0.0,0.0,0.0,0.0,0.005531395437552433,-0.010872053101396162,0.004386968795300206,0.008583199816891707,-0.01201647974364839,-0.014686808575570254,0.008201724269474298,-0.3296703296703285,0.4879120879120862,-0.37606837606837473,-0.5948717948717963,0.10500610500610463,0.1831501831501825,-0.09035409035409003,0.0
592204.962272516,220,0.02,0.0,0.0,0.0,0.0,0.0,0.0,0.0,0.005531395437552433,-0.010872053101396162,0.004386968795300206,0.008583199816891707,-0.01201647974364839,-0.014686808575570254,0.008201724269474298,-0.3296703296703285,0.4615384615384599,-0.3623931623931611,-0.6085470085470099,0.10500610500610463,0.1831501831501825,-0.09035409035409003,0.0
592204.981918525,221,0.02,0.0,0.0,0.0,0.0,0.0,0.0,0.0,0.005531395437552433,-0.010872053101396162,0.004386968795300206,0.008583199816891707,-0.01201647974364839,-0.014686808575570254,0.008201724269474298,-0.3296703296703285,0.4879120879120862,-0.3623931623931611,-0.6085470085470099,0.10500610500610463,0.1831501831501825,-0.09035409035409003,0.0
592205.00195758,222,0.02,0.0,0.0,0.0,0.0,0.0,0.0,0.0,0.005531395437552433,-0.010872053101396162,0.004386968795300206,0.008583199816891707,-0.01201647974364839,-0.014686808575570254,0.008201724269474298,-0.3296703296703285,0.4879120879120862,-0.3623931623931611,-0.5948717948717963,0.10500610500610463,0.1831501831501825,-0.08547008547008517,0.0
592205.021915357,223,0.02,0.0,0.0,0.0,0.0,0.0,0.0,0.0,0.005531395437552433,-0.010872053101396162,0.004386968795300206,0.008583199816891707,-0.01201647974364839,-0.014686808575570254,0.008201724269474298,-0.3296703296703285,0.4879120879120862,-0.3623931623931611,-0.6085470085470099,0.10500610500610463,0.18803418803418737,-0.09035409035409003,0.0
592205.041939874,224,0.02,0.0,0.0,0.0,0.0,0.0,0.0,0.0,0.005531395437552433,-0.010872053101396162,0.004386968795300206,0.008583199816891707,-0.01201647974364839,-0.014686808575570254,0.008201724269474298,-0.3296703296703285,0.4879120879120862,-0.37606837606837473,-0.5948717948717963,0.10500610500610463,0.1831501831501825,-0.09035409035409003,0.0
592205.061894707,225,0.02,0.0,0.0,0.0,0.0,0.0,0.0,0.0,0.005531395437552433,-0.010872053101396162,0.004386968795300206,0.008583199816891707,-0.01201647974364839,-0.014686808575570254,0.008201724269474298,-0.3296703296703285,0.4879120879120862,-0.3623931623931611,-0.6085470085470099,0.10500610500610463,0.1831501831501825,-0.09035409035409003,0.0
592205.082197502,226,0.02,0.0,0.0,0.0,0.0,0.0,0.0,0.0,0.005531395437552433,-0.010872053101396162,0.004386968795300206,0.008583199816891707,-0.01201647974364839,-0.014686808575570254,0.008201724269474298,-0.3296703296703285,0.4879120879120862,-0.3623931623931611,-0.5948717948717963,0.10500610500610463,0.1831501831501825,-0.09035409035409003,0.0
592205.101962813,227,0.02,0.0,0.0,0.0,0.0,0.0,0.0,0.0,0.005531395437552433,-0.010872053101396162,0.004386968795300206,0.008583199816891707,-0.01201647974364839,-0.014686808575570254,0.008201724269474298,-0.3296703296703285,0.4879120879120862,-0.3623931623931611,-0.5948717948717963,0.10500610500610463,0.17826617826617763,-0.09035409035409003,0.0
592205.121932283,228,0.02,0.0,0.0,0.0,0.0,0.0,0.0,0.0,0.005531395437552433,-0.010872053101396162,0.004386968795300206,0.008583199816891707,-0.01201647974364839,-0.014686808575570254,0.008201724269474298,-0.3296703296703285,0.4879120879120862,-0.33504273504273385,-0.5948717948717963,0.10500610500610463,0.1831501831501825,-0.09035409035409003,0.0
592205.141965514,229,0.02,0.0,0.0,0.0,0.0,0.0,0.0,0.0,0.005531395437552433,-0.010872053101396162,0.004386968795300206,0.008583199816891707,-0.01201647974364839,-0.014686808575570254,0.008201724269474298,-0.3296703296703285,0.4879120879120862,-0.37606837606837473,-0.5948717948717963,0.10500610500610463,0.17826617826617763,-0.08547008547008517,0.0
592205.161937033,230,0.02,0.0,0.0,0.0,0.0,0.0,0.0,0.0,0.005531395437552433,-0.010872053101396162,0.004386968795300206,0.008583199816891707,-0.01201647974364839,-0.014686808575570254,0.008201724269474298,-0.3296703296703285,0.4879120879120862,-0.3487179487179475,-0.5811965811965827,0.10500610500610463,0.1831501831501825,-0.09035409035409003,0.0
592205.181957246,231,0.02,0.0,0.0,0.0,0.0,0.0,0.0,0.0,0.005531395437552433,-0.010872053101396162,0.004386968795300206,0.008583199816891707,-0.01201647974364839,-0.014686808575570254,0.008201724269474298,-0.3296703296703285,0.4615384615384599,-0.3623931623931611,-0.5948717948717963,0.10500610500610463,0.1831501831501825,-0.09035409035409003,0.0
592205.201981336,232,0.02,0.0,0.0,0.0,0.0,0.0,0.0,0.0,0.005531395437552433,-0.010872053101396162,0.004386968795300206,0.008583199816891707,-0.01201647974364839,-0.014686808575570254,0.008201724269474298,-0.3296703296703285,0.4879120879120862,-0.3623931623931611,-0.5811965811965827,0.10500610500610463,0.1831501831501825,-0.09035409035409003,0.0
592205.221967299,233,0.02,0.0,0.0,0.0,0.0,0.0,0.0,0.0,0.005531395437552433,-0.010872053101396162,0.004386968795300206,0.008583199816891707,-0.01201647974364839,-0.014686808575570254,0.008201724269474298,-0.3296703296703285,0.4879120879120862,-0.37606837606837473,-0.5948717948717963,0.10012210012209977,0.18803418803418737,-0.08547008547008517,0.0
592205.241960218,234,0.02,0.0,0.0,0.0,0.0,0.0,0.0,0.0,0.005531395437552433,-0.010872053101396162,0.004386968795300206,0.008583199816891707,-0.01201647974364839,-0.014686808575570254,0.008201724269474298,-0.3296703296703285,0.4879120879120862,-0.3623931623931611,-0.5948717948717963,0.10012210012209977,0.1831501831501825,-0.09035409035409003,0.0
592205.261975467,235,0.02,0.0,0.0,0.0,0.0,0.0,0.0,0.0,0.005531395437552433,-0.010872053101396162,0.004386968795300206,0.008583199816891707,-0.01201647974364839,-0.014686808575570254,0.008201724269474298,-0.3296703296703285,0.4879120879120862,-0.37606837606837473,-0.5948717948717963,0.10500610500610463,0.1831501831501825,-0.09035409035409003,0.0
592205.281936581,236,0.02,0.0,0.0,0.0,0.0,0.0,0.0,0.0,0.005531395437552433,-0.010872053101396162,0.004386968795300206,0.008583199816891707,-0.01201647974364839,-0.014686808575570254,0.008201724269474298,-0.3296703296703285,0.4879120879120862,-0.3623931623931611,-0.5948717948717963,0.10012210012209977,0.17826617826617763,-0.09035409035409003,0.0
592205.301961571,237,0.02,0.0,0.0,0.0,0.0,0.0,0.0,0.0,0.005531395437552433,-0.010872053101396162,0.004386968795300206,0.008583199816891707,-0.01201647974364839,-0.014686808575570254,0.008201724269474298,-0.3296703296703285,0.4879120879120862,-0.3623931623931611,-0.5948717948717963,0.10500610500610463,0.1831501831501825,-0.08547008547008517,0.0
592205.321902754,238,0.02,0.0,0.0,0.0,0.0,0.0,0.0,0.0,0.005531395437552433,-0.010872053101396162,0.004386968795300206,0.008583199816891707,-0.01201647974364839,-0.014686808575570254,0.008201724269474298,-0.3296703296703285,0.4879120879120862,-0.3623931623931611,-0.5811965811965827,0.10500610500610463,0.1831501831501825,-0.09035409035409003,0.0
592205.34477896,239,0.02,0.0,0.0,0.0,0.0,0.0,0.0,0.0,0.005531395437552433,-0.010872053101396162,0.004386968795300206,0.008583199816891707,-0.01201647974364839,-0.014686808575570254,0.008201724269474298,-0.3296703296703285,0.4879120879120862,-0.3623931623931611,-0.5948717948717963,0.10500610500610463,0.18803418803418737,-0.08547008547008517,0.0
592205.361955439,240,0.02,0.0,0.0,0.0,0.0,0.0,0.0,0.0,0.005531395437552433,-0.010872053101396162,0.004386968795300206,0.008583199816891707,-0.01201647974364839,-0.014686808575570254,0.008201724269474298,-0.3296703296703285,0.4879120879120862,-0.37606837606837473,-0.5948717948717963,0.10012210012209977,0.1831501831501825,-0.09035409035409003,0.0
592205.382032907,241,0.02,0.0,0.0,0.0,0.0,0.0,0.0,0.0,0.005531395437552433,-0.010872053101396162,0.004386968795300206,0.008583199816891707,-0.01201647974364839,-0.014686808575570254,0.008201724269474298,-0.3296703296703285,0.4879120879120862,-0.3487179487179475,-0.5948717948717963,0.10500610500610463,0.17826617826617763,-0.09035409035409003,0.0
592205.401949401,242,0.02,0.0,0.0,0.0,0.0,0.0,0.0,0.0,0.005531395437552433,-0.010872053101396162,0.004386968795300206,0.008583199816891707,-0.01201647974364839,-0.014686808575570254,0.008201724269474298,-0.3296703296703285,0.4879120879120862,-0.3487179487179475,-0.5948717948717963,0.10500610500610463,0.1831501831501825,-0.09035409035409003,0.0
592205.421948522,243,0.02,0.0,0.0,0.0,0.0,0.0,0.0,0.0,0.005531395437552433,-0.010872053101396162,0.004386968795300206,0.008583199816891707,-0.01201647974364839,-0.014686808575570254,0.008201724269474298,-0.3296703296703285,0.4879120879120862,-0.3623931623931611,-0.5948717948717963,0.10500610500610463,0.1831501831501825,-0.09035409035409003,0.0
592205.442118433,244,0.02,0.0,0.0,0.0,0.0,0.0,0.0,0.0,0.005531395437552433,-0.010872053101396162,0.004386968795300206,0.008583199816891707,-0.01201647974364839,-0.014686808575570254,0.008201724269474298,-0.3296703296703285,0.4879120879120862,-0.3623931623931611,-0.5948717948717963,0.10500610500610463,0.1831501831501825,-0.08547008547008517,0.0
592205.462120084,245,0.02,0.0,0.0,0.0,0.0,0.0,0.0,0.0,0.005531395437552433,-0.010872053101396162,0.004386968795300206,0.008583199816891707,-0.01201647974364839,-0.014686808575570254,0.008201724269474298,-0.3296703296703285,0.4879120879120862,-0.3623931623931611,-0.5948717948717963,0.10500610500610463,0.17826617826617763,-0.09035409035409003,0.0
592205.48213988,246,0.02,0.0,0.0,0.0,0.0,0.0,0.0,0.0,0.005531395437552433,-0.010872053101396162,0.004386968795300206,0.008583199816891707,-0.01201647974364839,-0.014686808575570254,0.008201724269474298,-0.3296703296703285,0.4879120879120862,-0.3623931623931611,-0.5948717948717963,0.10500610500610463,0.17826617826617763,-0.09035409035409003,0.0
592205.501956457,247,0.02,0.0,0.0,0.0,0.0,0.0,0.0,0.0,0.005531395437552433,-0.010872053101396162,0.004386968795300206,0.008583199816891707,-0.01201647974364839,-0.014686808575570254,0.008201724269474298,-0.3296703296703285,0.4879120879120862,-0.37606837606837473,-0.5675213675213691,0.10012210012209977,0.1831501831501825,-0.08547008547008517,0.0
592205.521917804,248,0.02,0.0,0.0,0.0,0.0,0.0,0.0,0.0,0.005531395437552433,-0.010872053101396162,0.004386968795300206,0.008583199816891707,-0.01201647974364839,-0.014686808575570254,0.008201724269474298,-0.3296703296703285,0.4879120879120862,-0.3623931623931611,-0.5811965811965827,0.10012210012209977,0.1831501831501825,-0.08547008547008517,0.0
592205.542007029,249,0.02,0.0,0.0,0.0,0.0,0.0,0.0,0.0,0.005531395437552433,-0.010872053101396162,0.004386968795300206,0.008583199816891707,-0.01201647974364839,-0.014686808575570254,0.008201724269474298,-0.3296703296703285,0.4879120879120862,-0.3487179487179475,-0.5948717948717963,0.10500610500610463,0.18803418803418737,-0.09035409035409003,0.0
592205.561883449,250,0.02,0.0,0.0,0.0,0.0,0.0,0.0,0.0,0.005531395437552433,-0.010872053101396162,0.004386968795300206,0.008583199816891707,-0.01201647974364839,-0.014686808575570254,0.008201724269474298,-0.3296703296703285,0.4879120879120862,-0.3623931623931611,-0.5948717948717963,0.10500610500610463,0.1831501831501825,-0.08547008547008517,0.0
592205.58187478,251,0.02,0.0,0.0,0.0,0.0,0.0,0.0,0.0,0.005531395437552433,-0.010872053101396162,0.004386968795300206,0.008583199816891707,-0.01201647974364839,-0.014686808575570254,0.008201724269474298,-0.3296703296703285,0.4879120879120862,-0.3623931623931611,-0.6085470085470099,0.10500610500610463,0.1831501831501825,-0.09035409035409003,0.0
592205.601882554,252,0.02,0.0,0.0,0.0,0.0,0.0,0.0,0.0,0.005531395437552433,-0.010872053101396162,0.004386968795300206,0.008583199816891707,-0.01201647974364839,-0.014686808575570254,0.008201724269474298,-0.3296703296703285,0.4615384615384599,-0.3623931623931611,-0.5811965811965827,0.10012210012209977,0.17826617826617763,-0.09035409035409003,0.0
592205.621946127,253,0.02,0.0,0.0,0.0,0.0,0.0,0.0,0.0,0.005531395437552433,-0.010872053101396162,0.004386968795300206,0.008583199816891707,-0.01201647974364839,-0.014686808575570254,0.008201724269474298,-0.3296703296703285,0.4879120879120862,-0.3487179487179475,-0.5948717948717963,0.10500610500610463,0.18803418803418737,-0.08547008547008517,0.0
592205.641884402,254,0.02,0.0,0.0,0.0,0.0,0.0,0.0,0.0,0.005531395437552433,-0.010872053101396162,0.004386968795300206,0.008583199816891707,-0.01201647974364839,-0.014686808575570254,0.008201724269474298,-0.3296703296703285,0.4879120879120862,-0.3623931623931611,-0.5948717948717963,0.10500610500610463,0.1831501831501825,-0.09035409035409003,0.0
592205.661890573,255,0.02,0.0,0.0,0.0,0.0,0.0,0.0,0.0,0.005531395437552433,-0.010872053101396162,0.004386968795300206,0.008583199816891707,-0.01201647974364839,-0.014686808575570254,0.008201724269474298,-0.3296703296703285,0.4879120879120862,-0.3487179487179475,-0.5948717948717963,0.10012210012209977,0.1831501831501825,-0.09035409035409003,0.0
592205.681905044,256,0.02,0.0,0.0,0.0,0.0,0.0,0.0,0.0,0.005531395437552433,-0.010872053101396162,0.004386968795300206,0.008583199816891707,-0.01201647974364839,-0.014686808575570254,0.008201724269474298,-0.3296703296703285,0.4879120879120862,-0.3623931623931611,-0.5948717948717963,0.10500610500610463,0.1831501831501825,-0.09035409035409003,0.0
592205.701883404,257,0.02,0.0,0.0,0.0,0.0,0.0,0.0,0.0,0.005531395437552433,-0.010872053101396162,0.004386968795300206,0.008583199816891707,-0.01201647974364839,-0.014686808575570254,0.008201724269474298,-0.3296703296703285,0.4879120879120862,-0.3487179487179475,-0.5948717948717963,0.10500610500610463,0.1831501831501825,-0.09035409035409003,0.0
592205.722317605,258,0.02,0.0,0.0,0.0,0.0,0.0,0.0,0.0,0.005531395437552433,-0.010872053101396162,0.004386968795300206,0.008583199816891707,-0.01201647974364839,-0.014686808575570254,0.008201724269474298,-0.3296703296703285,0.4879120879120862,-0.3623931623931611,-0.5948717948717963,0.10500610500610463,0.1831501831501825,-0.08547008547008517,0.0
592205.741934743,259,0.02,0.0,0.0,0.0,0.0,0.0,0.0,0.0,0.005531395437552433,-0.010872053101396162,0.004386968795300206,0.008583199816891707,-0.01201647974364839,-0.014686808575570254,0.008201724269474298,-0.3296703296703285,0.4879120879120862,-0.3623931623931611,-0.6085470085470099,0.10500610500610463,0.17826617826617763,-0.08547008547008517,0.0
592205.762254682,260,0.02,0.0,0.0,0.0,0.0,0.0,0.0,0.0,0.005531395437552433,-0.010872053101396162,0.004386968795300206,0.008583199816891707,-0.01201647974364839,-0.014686808575570254,0.008201724269474298,-0.3296703296703285,0.4879120879120862,-0.3623931623931611,-0.5948717948717963,0.10500610500610463,0.17826617826617763,-0.08547008547008517,0.0
592205.781972552,261,0.02,0.0,0.0,0.0,0.0,0.0,0.0,0.0,0.005531395437552433,-0.010872053101396162,0.004386968795300206,0.008583199816891707,-0.01201647974364839,-0.014686808575570254,0.008201724269474298,-0.3296703296703285,0.4879120879120862,-0.3623931623931611,-0.5811965811965827,0.10500610500610463,0.17826617826617763,-0.08547008547008517,0.0
592205.801946663,262,0.02,0.0,0.0,0.0,0.0,0.0,0.0,0.0,0.005531395437552433,-0.010872053101396162,0.004386968795300206,0.008583199816891707,-0.01201647974364839,-0.014686808575570254,0.008201724269474298,-0.3296703296703285,0.4879120879120862,-0.3487179487179475,-0.5948717948717963,0.10500610500610463,0.17826617826617763,-0.08547008547008517,0.0
592205.822401734,263,0.02,0.0,0.0,0.0,0.0,0.0,0.0,0.0,0.005531395437552433,-0.010872053101396162,0.004386968795300206,0.008583199816891707,-0.01201647974364839,-0.014686808575570254,0.008201724269474298,-0.3296703296703285,0.4879120879120862,-0.37606837606837473,-0.5948717948717963,0.10500610500610463,0.1831501831501825,-0.08547008547008517,0.0
592205.842171199,264,0.02,0.0,0.0,0.0,0.0,0.0,0.0,0.0,0.005531395437552433,-0.010872053101396162,0.004386968795300206,0.008583199816891707,-0.01201647974364839,-0.014686808575570254,0.008201724269474298,-0.3296703296703285,0.4879120879120862,-0.3623931623931611,-0.5948717948717963,0.10500610500610463,0.1831501831501825,-0.09035409035409003,0.0
592205.861935951,265,0.02,0.0,0.0,0.0,0.0,0.0,0.0,0.0,0.005531395437552433,-0.010872053101396162,0.004386968795300206,0.008583199816891707,-0.01201647974364839,-0.014686808575570254,0.008201724269474298,-0.3296703296703285,0.4879120879120862,-0.3623931623931611,-0.5948717948717963,0.10500610500610463,0.1831501831501825,-0.09035409035409003,0.0
592205.881940572,266,0.02,0.0,0.0,0.0,0.0,0.0,0.0,0.0,0.005531395437552433,-0.010872053101396162,0.004386968795300206,0.008583199816891707,-0.01201647974364839,-0.014686808575570254,0.008201724269474298,-0.3296703296703285,0.4879120879120862,-0.37606837606837473,-0.5948717948717963,0.10012210012209977,0.17826617826617763,-0.09035409035409003,0.0
592205.901956331,267,0.02,0.0,0.0,0.0,0.0,0.0,0.0,0.0,0.005531395437552433,-0.010872053101396162,0.004386968795300206,0.008583199816891707,-0.01201647974364839,-0.014686808575570254,0.008201724269474298,-0.3296703296703285,0.4879120879120862,-0.3623931623931611,-0.6085470085470099,0.10500610500610463,0.17826617826617763,-0.09035409035409003,0.0
592205.921924778,268,0.02,0.0,0.0,0.0,0.0,0.0,0.0,0.0,0.005531395437552433,-0.010872053101396162,0.004386968795300206,0.008583199816891707,-0.01201647974364839,-0.014686808575570254,0.008201724269474298,-0.3296703296703285,0.4615384615384599,-0.3487179487179475,-0.5948717948717963,0.10012210012209977,0.1831501831501825,-0.08547008547008517,0.0
592205.941941435,269,0.02,0.0,0.0,0.0,0.0,0.0,0.0,0.0,0.005531395437552433,-0.010872053101396162,0.004386968795300206,0.008583199816891707,-0.01201647974364839,-0.014686808575570254,0.008201724269474298,-0.3296703296703285,0.4879120879120862,-0.38974358974358836,-0.6085470085470099,0.10500610500610463,0.17826617826617763,-0.08547008547008517,0.0
592205.961944069,270,0.02,0.0,0.0,0.0,0.0,0.0,0.0,0.0,0.005531395437552433,-0.010872053101396162,0.004386968795300206,0.008583199816891707,-0.01201647974364839,-0.014686808575570254,0.008201724269474298,-0.3296703296703285,0.4615384615384599,-0.37606837606837473,-0.5948717948717963,0.10500610500610463,0.1831501831501825,-0.08547008547008517,0.0
592205.981986278,271,0.02,0.0,0.0,0.0,0.0,0.0,0.0,0.0,0.005531395437552433,-0.010872053101396162,0.004386968795300206,0.008583199816891707,-0.01201647974364839,-0.014686808575570254,0.008201724269474298,-0.3296703296703285,0.4879120879120862,-0.3623931623931611,-0.5948717948717963,0.10500610500610463,0.17826617826617763,-0.08547008547008517,0.0
592206.001895209,272,0.02,0.0,0.0,0.0,0.0,0.0,0.0,0.0,0.005531395437552433,-0.010872053101396162,0.004386968795300206,0.008583199816891707,-0.01201647974364839,-0.014686808575570254,0.008201724269474298,-0.3296703296703285,0.4879120879120862,-0.3623931623931611,-0.5948717948717963,0.10500610500610463,0.17826617826617763,-0.09035409035409003,0.0
592206.02193591,273,0.02,0.0,0.0,0.0,0.0,0.0,0.0,0.0,0.005531395437552433,-0.010872053101396162,0.004386968795300206,0.008583199816891707,-0.01201647974364839,-0.014686808575570254,0.008201724269474298,-0.3296703296703285,0.4879120879120862,-0.3623931623931611,-0.5948717948717963,0.10500610500610463,0.1831501831501825,-0.08547008547008517,0.0
592206.041940956,274,0.02,0.0,0.0,0.0,0.0,0.0,0.0,0.0,0.005531395437552433,-0.010872053101396162,0.004386968795300206,0.008583199816891707,-0.01201647974364839,-0.014686808575570254,0.008201724269474298,-0.3296703296703285,0.4879120879120862,-0.3487179487179475,-0.5811965811965827,0.10500610500610463,0.1831501831501825,-0.09035409035409003,0.0
592206.061957152,275,0.02,0.0,0.0,0.0,0.0,0.0,0.0,0.0,0.005531395437552433,-0.010872053101396162,0.004386968795300206,0.008583199816891707,-0.01201647974364839,-0.014686808575570254,0.008201724269474298,-0.3296703296703285,0.4879120879120862,-0.3487179487179475,-0.5948717948717963,0.10012210012209977,0.17826617826617763,-0.09035409035409003,0.0
592206.08195577,276,0.02,0.0,0.0,0.0,0.0,0.0,0.0,0.0,0.005531395437552433,-0.010872053101396162,0.004386968795300206,0.008583199816891707,-0.01201647974364839,-0.014686808575570254,0.008201724269474298,-0.3296703296703285,0.4879120879120862,-0.3487179487179475,-0.6085470085470099,0.10012210012209977,0.1831501831501825,-0.08547008547008517,0.0
592206.101936907,277,0.02,0.0,0.0,0.0,0.0,0.0,0.0,0.0,0.005531395437552433,-0.010872053101396162,0.004386968795300206,0.008583199816891707,-0.01201647974364839,-0.014686808575570254,0.008201724269474298,-0.3296703296703285,0.4615384615384599,-0.3623931623931611,-0.5948717948717963,0.10012210012209977,0.1831501831501825,-0.09035409035409003,0.0
592206.121962017,278,0.02,0.0,0.0,0.0,0.0,0.0,0.0,0.0,0.005531395437552433,-0.010872053101396162,0.004386968795300206,0.008583199816891707,-0.01201647974364839,-0.014686808575570254,0.008201724269474298,-0.3296703296703285,0.4879120879120862,-0.3487179487179475,-0.5948717948717963,0.10500610500610463,0.1831501831501825,-0.08547008547008517,0.0
592206.141937398,279,0.02,0.0,0.0,0.0,0.0,0.0,0.0,0.0,0.005531395437552433,-0.010872053101396162,0.004386968795300206,0.008583199816891707,-0.01201647974364839,-0.014686808575570254,0.008201724269474298,-0.3296703296703285,0.4879120879120862,-0.3623931623931611,-0.5948717948717963,0.10500610500610463,0.1831501831501825,-0.09035409035409003,0.0
592206.161963137,280,0.02,0.0,0.0,0.0,0.0,0.0,0.0,0.0,0.005531395437552433,-0.010872053101396162,0.004386968795300206,0.008583199816891707,-0.01201647974364839,-0.014686808575570254,0.008201724269474298,-0.3296703296703285,0.4879120879120862,-0.3487179487179475,-0.5948717948717963,0.10012210012209977,0.18803418803418737,-0.09035409035409003,0.0
592206.181961629,281,0.02,0.0,0.0,0.0,0.0,0.0,0.0,0.0,0.005531395437552433,-0.010872053101396162,0.004386968795300206,0.008583199816891707,-0.01201647974364839,-0.014686808575570254,0.008201724269474298,-0.3296703296703285,0.4879120879120862,-0.3487179487179475,-0.5948717948717963,0.10500610500610463,0.1831501831501825,-0.09035409035409003,0.0
592206.202541556,282,0.02,0.0,0.0,0.0,0.0,0.0,0.0,0.0,0.005531395437552433,-0.010872053101396162,0.004386968795300206,0.008583199816891707,-0.01201647974364839,-0.014686808575570254,0.008201724269474298,-0.3296703296703285,0.4879120879120862,-0.3487179487179475,-0.5948717948717963,0.10012210012209977,0.1831501831501825,-0.08547008547008517,0.0
592206.222072656,283,0.02,0.0,0.0,0.0,0.0,0.0,0.0,0.0,0.005531395437552433,-0.010872053101396162,0.004386968795300206,0.008583199816891707,-0.01201647974364839,-0.014686808575570254,0.008201724269474298,-0.3296703296703285,0.4879120879120862,-0.3487179487179475,-0.5811965811965827,0.10500610500610463,0.17826617826617763,-0.09035409035409003,0.0
592206.242076278,284,0.02,0.0,0.0,0.0,0.0,0.0,0.0,0.0,0.005531395437552433,-0.010872053101396162,0.004386968795300206,0.008583199816891707,-0.01201647974364839,-0.014686808575570254,0.008201724269474298,-0.3296703296703285,0.4615384615384599,-0.3623931623931611,-0.5811965811965827,0.10500610500610463,0.1831501831501825,-0.09035409035409003,0.0
592206.262100094,285,0.02,0.0,0.0,0.0,0.0,0.0,0.0,0.0,0.005531395437552433,-0.010872053101396162,0.004386968795300206,0.008583199816891707,-0.01201647974364839,-0.014686808575570254,0.008201724269474298,-0.3296703296703285,0.4879120879120862,-0.3487179487179475,-0.5948717948717963,0.10500610500610463,0.17826617826617763,-0.09035409035409003,0.0
592206.282082853,286,0.02,0.0,0.0,0.0,0.0,0.0,0.0,0.0,0.005531395437552433,-0.010872053101396162,0.004386968795300206,0.008583199816891707,-0.01201647974364839,-0.014686808575570254,0.008201724269474298,-0.3296703296703285,0.4879120879120862,-0.3623931623931611,-0.5948717948717963,0.10500610500610463,0.17826617826617763,-0.09035409035409003,0.0
592206.302101551,287,0.02,0.0,0.0,0.0,0.0,0.0,0.0,0.0,0.005531395437552433,-0.010872053101396162,0.004386968795300206,0.008583199816891707,-0.01201647974364839,-0.014686808575570254,0.008201724269474298,-0.3296703296703285,0.4879120879120862,-0.37606837606837473,-0.5948717948717963,0.10500610500610463,0.1831501831501825,-0.09035409035409003,0.0
592206.322174102,288,0.02,0.0,0.0,0.0,0.0,0.0,0.0,0.0,0.005531395437552433,-0.010872053101396162,0.004386968795300206,0.008583199816891707,-0.01201647974364839,-0.014686808575570254,0.008201724269474298,-0.3296703296703285,0.4879120879120862,-0.3623931623931611,-0.5948717948717963,0.10500610500610463,0.1831501831501825,-0.09035409035409003,0.0
592206.342403027,289,0.02,0.0,0.0,0.0,0.0,0.0,0.0,0.0,0.005531395437552433,-0.010872053101396162,0.004386968795300206,0.008583199816891707,-0.01201647974364839,-0.014686808575570254,0.008201724269474298,-0.3296703296703285,0.4879120879120862,-0.3623931623931611,-0.5811965811965827,0.10012210012209977,0.1831501831501825,-0.09035409035409003,0.0
592206.362199619,290,0.02,0.0,0.0,0.0,0.0,0.0,0.0,0.0,0.005531395437552433,-0.010872053101396162,0.004386968795300206,0.008583199816891707,-0.01201647974364839,-0.014686808575570254,0.008201724269474298,-0.3296703296703285,0.4879120879120862,-0.37606837606837473,-0.5811965811965827,0.10500610500610463,0.17826617826617763,-0.09035409035409003,0.0
592206.382914261,291,0.02,0.0,0.0,0.0,0.0,0.0,0.0,0.0,0.005531395437552433,-0.010872053101396162,0.004386968795300206,0.008583199816891707,-0.01201647974364839,-0.014686808575570254,0.008201724269474298,-0.3296703296703285,0.4879120879120862,-0.3623931623931611,-0.5811965811965827,0.10500610500610463,0.1831501831501825,-0.09035409035409003,0.0
592206.402382065,292,0.02,0.0,0.0,0.0,0.0,0.0,0.0,0.0,0.005531395437552433,-0.010872053101396162,0.004386968795300206,0.008583199816891707,-0.01201647974364839,-0.014686808575570254,0.008201724269474298,-0.3296703296703285,0.4879120879120862,-0.37606837606837473,-0.5948717948717963,0.10500610500610463,0.1831501831501825,-0.08547008547008517,0.0
592206.422040426,293,0.02,0.0,0.0,0.0,0.0,0.0,0.0,0.0,0.005531395437552433,-0.010872053101396162,0.004386968795300206,0.008583199816891707,-0.01201647974364839,-0.014686808575570254,0.008201724269474298,-0.3296703296703285,0.4879120879120862,-0.3623931623931611,-0.5948717948717963,0.10500610500610463,0.1831501831501825,-0.09035409035409003,0.0
592206.442097627,294,0.02,0.0,0.0,0.0,0.0,0.0,0.0,0.0,0.005531395437552433,-0.010872053101396162,0.004386968795300206,0.008583199816891707,-0.01201647974364839,-0.014686808575570254,0.008201724269474298,-0.3296703296703285,0.4879120879120862,-0.3623931623931611,-0.5948717948717963,0.10500610500610463,0.1831501831501825,-0.09035409035409003,0.0
592206.461940121,295,0.02,0.0,0.0,0.0,0.0,0.0,0.0,0.0,0.005531395437552433,-0.010872053101396162,0.004386968795300206,0.008583199816891707,-0.01201647974364839,-0.014686808575570254,0.008201724269474298,-0.3296703296703285,0.4879120879120862,-0.3623931623931611,-0.6085470085470099,0.10500610500610463,0.17826617826617763,-0.08547008547008517,0.0
592206.482079036,296,0.02,0.0,0.0,0.0,0.0,0.0,0.0,0.0,0.005531395437552433,-0.010872053101396162,0.004386968795300206,0.008583199816891707,-0.01201647974364839,-0.014686808575570254,0.008201724269474298,-0.3296703296703285,0.4879120879120862,-0.3623931623931611,-0.5948717948717963,0.10500610500610463,0.1831501831501825,-0.08547008547008517,0.0
592206.501932839,297,0.02,0.0,0.0,0.0,0.0,0.0,0.0,0.0,0.005531395437552433,-0.010872053101396162,0.004386968795300206,0.008583199816891707,-0.01201647974364839,-0.014686808575570254,0.008201724269474298,-0.3296703296703285,0.4615384615384599,-0.3623931623931611,-0.6085470085470099,0.10012210012209977,0.17826617826617763,-0.09035409035409003,0.0
592206.522458261,298,0.02,0.0,0.0,0.0,0.0,0.0,0.0,0.0,0.005531395437552433,-0.010872053101396162,0.004386968795300206,0.008583199816891707,-0.01201647974364839,-0.014686808575570254,0.008201724269474298,-0.3296703296703285,0.4879120879120862,-0.37606837606837473,-0.5948717948717963,0.10012210012209977,0.1831501831501825,-0.08547008547008517,0.0
592206.542040645,299,0.02,0.0,0.0,0.0,0.0,0.0,0.0,0.0,0.005531395437552433,-0.010872053101396162,0.004386968795300206,0.008583199816891707,-0.01201647974364839,-0.014686808575570254,0.008201724269474298,-0.3296703296703285,0.4615384615384599,-0.3623931623931611,-0.5948717948717963,0.10012210012209977,0.1831501831501825,-0.08547008547008517,0.0
592206.561932665,300,0.02,0.0,0.0,0.0,0.0,0.0,0.0,0.0,0.005531395437552433,-0.010872053101396162,0.004386968795300206,0.008583199816891707,-0.01201647974364839,-0.014686808575570254,0.008201724269474298,-0.3296703296703285,0.4879120879120862,-0.3487179487179475,-0.5811965811965827,0.10500610500610463,0.1831501831501825,-0.09035409035409003,0.0
592206.581890156,301,0.02,0.0,0.0,0.0,0.0,0.0,0.0,0.0,0.005531395437552433,-0.010872053101396162,0.004386968795300206,0.008583199816891707,-0.01201647974364839,-0.014686808575570254,0.008201724269474298,-0.3296703296703285,0.4879120879120862,-0.3623931623931611,-0.5948717948717963,0.10500610500610463,0.1831501831501825,-0.09035409035409003,0.0
592206.602094292,302,0.02,0.0,0.0,0.0,0.0,0.0,0.0,0.0,0.005531395437552433,-0.010872053101396162,0.004386968795300206,0.008583199816891707,-0.01201647974364839,-0.014686808575570254,0.008201724269474298,-0.3296703296703285,0.4879120879120862,-0.3623931623931611,-0.5948717948717963,0.10500610500610463,0.1831501831501825,-0.09035409035409003,0.0
592206.622164551,303,0.02,0.0,0.0,0.0,0.0,0.0,0.0,0.0,0.005531395437552433,-0.010872053101396162,0.004386968795300206,0.008583199816891707,-0.01201647974364839,-0.014686808575570254,0.008201724269474298,-0.3296703296703285,0.4879120879120862,-0.3623931623931611,-0.5811965811965827,0.10500610500610463,0.1831501831501825,-0.08547008547008517,0.0
592206.642204371,304,0.02,0.0,0.0,0.0,0.0,0.0,0.0,0.0,0.005531395437552433,-0.010872053101396162,0.004386968795300206,0.008583199816891707,-0.01201647974364839,-0.014686808575570254,0.008201724269474298,-0.3296703296703285,0.4879120879120862,-0.37606837606837473,-0.5948717948717963,0.10012210012209977,0.1831501831501825,-0.08547008547008517,0.0
592206.662085155,305,0.02,0.0,0.0,0.0,0.0,0.0,0.0,0.0,0.005531395437552433,-0.010872053101396162,0.004386968795300206,0.008583199816891707,-0.01201647974364839,-0.014686808575570254,0.008201724269474298,-0.3296703296703285,0.4879120879120862,-0.3623931623931611,-0.5948717948717963,0.10500610500610463,0.17826617826617763,-0.09035409035409003,0.0
592206.682050321,306,0.02,0.0,0.0,0.0,0.0,0.0,0.0,0.0,0.005531395437552433,-0.010872053101396162,0.004386968795300206,0.008583199816891707,-0.01201647974364839,-0.014686808575570254,0.008201724269474298,-0.3296703296703285,0.4879120879120862,-0.3623931623931611,-0.5811965811965827,0.10500610500610463,0.1831501831501825,-0.09035409035409003,0.0
592206.702068722,307,0.02,0.0,0.0,0.0,0.0,0.0,0.0,0.0,0.005531395437552433,-0.010872053101396162,0.004386968795300206,0.008583199816891707,-0.01201647974364839,-0.014686808575570254,0.008201724269474298,-0.3296703296703285,0.4879120879120862,-0.3487179487179475,-0.5948717948717963,0.10500610500610463,0.1831501831501825,-0.08547008547008517,0.0
592206.72207879,308,0.02,0.0,0.0,0.0,0.0,0.0,0.0,0.0,0.005531395437552433,-0.010872053101396162,0.004386968795300206,0.008583199816891707,-0.01201647974364839,-0.014686808575570254,0.008201724269474298,-0.3296703296703285,0.4879120879120862,-0.3623931623931611,-0.5948717948717963,0.10012210012209977,0.17826617826617763,-0.09035409035409003,0.0
592206.742170518,309,0.02,0.0,0.0,0.0,0.0,0.0,0.0,0.0,0.005531395437552433,-0.010872053101396162,0.004386968795300206,0.008583199816891707,-0.01201647974364839,-0.014686808575570254,0.008201724269474298,-0.3296703296703285,0.4879120879120862,-0.3623931623931611,-0.5948717948717963,0.10500610500610463,0.1831501831501825,-0.08547008547008517,0.0
592206.761921224,310,0.02,0.0,0.0,0.0,0.0,0.0,0.0,0.0,0.005531395437552433,-0.010872053101396162,0.004386968795300206,0.008583199816891707,-0.01201647974364839,-0.014686808575570254,0.008201724269474298,-0.3296703296703285,0.4879120879120862,-0.3623931623931611,-0.5948717948717963,0.10500610500610463,0.17826617826617763,-0.08547008547008517,0.0
592206.782103016,311,0.02,0.0,0.0,0.0,0.0,0.0,0.0,0.0,0.005531395437552433,-0.010872053101396162,0.004386968795300206,0.008583199816891707,-0.01201647974364839,-0.014686808575570254,0.008201724269474298,-0.3296703296703285,0.4879120879120862,-0.3487179487179475,-0.5811965811965827,0.10500610500610463,0.1831501831501825,-0.09035409035409003,0.0
592206.802035329,312,0.02,0.0,0.0,0.0,0.0,0.0,0.0,0.0,0.005531395437552433,-0.010872053101396162,0.004386968795300206,0.008583199816891707,-0.01201647974364839,-0.014686808575570254,0.008201724269474298,-0.3296703296703285,0.4879120879120862,-0.3623931623931611,-0.5811965811965827,0.10500610500610463,0.1831501831501825,-0.08547008547008517,0.0
592206.821960298,313,0.02,0.0,0.0,0.0,0.0,0.0,0.0,0.0,0.005531395437552433,-0.010872053101396162,0.004386968795300206,0.008583199816891707,-0.01201647974364839,-0.014686808575570254,0.008201724269474298,-0.3296703296703285,0.4879120879120862,-0.3623931623931611,-0.5948717948717963,0.10012210012209977,0.17826617826617763,-0.08547008547008517,0.0
592206.841981304,314,0.02,0.0,0.0,0.0,0.0,0.0,0.0,0.0,0.005531395437552433,-0.010872053101396162,0.004386968795300206,0.008583199816891707,-0.01201647974364839,-0.014686808575570254,0.008201724269474298,-0.3296703296703285,0.4879120879120862,-0.3487179487179475,-0.5811965811965827,0.10012210012209977,0.17826617826617763,-0.09035409035409003,0.0
592206.86195922,315,0.02,0.0,0.0,0.0,0.0,0.0,0.0,0.0,0.005531395437552433,-0.010872053101396162,0.004386968795300206,0.008583199816891707,-0.01201647974364839,-0.014686808575570254,0.008201724269474298,-0.3296703296703285,0.4879120879120862,-0.3623931623931611,-0.5811965811965827,0.10012210012209977,0.1831501831501825,-0.08547008547008517,0.0
592206.881961409,316,0.02,0.0,0.0,0.0,0.0,0.0,0.0,0.0,0.005531395437552433,-0.010872053101396162,0.004386968795300206,0.008583199816891707,-0.01201647974364839,-0.014686808575570254,0.008201724269474298,-0.3296703296703285,0.4879120879120862,-0.3623931623931611,-0.5811965811965827,0.10500610500610463,0.1831501831501825,-0.09035409035409003,0.0
592206.902675531,317,0.02,0.0,0.0,0.0,0.0,0.0,0.0,0.0,0.005531395437552433,-0.010872053101396162,0.004386968795300206,0.008583199816891707,-0.01201647974364839,-0.014686808575570254,0.008201724269474298,-0.3296703296703285,0.4879120879120862,-0.3623931623931611,-0.5948717948717963,0.10012210012209977,0.1831501831501825,-0.08547008547008517,0.0
592206.921948303,318,0.02,0.0,0.0,0.0,0.0,0.0,0.0,0.0,0.005531395437552433,-0.010872053101396162,0.004386968795300206,0.008583199816891707,-0.01201647974364839,-0.014686808575570254,0.008201724269474298,-0.3296703296703285,0.4879120879120862,-0.37606837606837473,-0.5811965811965827,0.10500610500610463,0.1831501831501825,-0.09035409035409003,0.0
592206.941987132,319,0.02,0.0,0.0,0.0,0.0,0.0,0.0,0.0,0.005531395437552433,-0.010872053101396162,0.004386968795300206,0.008583199816891707,-0.01201647974364839,-0.014686808575570254,0.008201724269474298,-0.3296703296703285,0.4879120879120862,-0.3487179487179475,-0.5948717948717963,0.10500610500610463,0.17826617826617763,-0.09035409035409003,0.0
592206.961999044,320,0.02,0.0,0.0,0.0,0.0,0.0,0.0,0.0,0.005531395437552433,-0.010872053101396162,0.004386968795300206,0.008583199816891707,-0.01201647974364839,-0.014686808575570254,0.008201724269474298,-0.3296703296703285,0.4879120879120862,-0.37606837606837473,-0.5811965811965827,0.10500610500610463,0.1831501831501825,-0.09035409035409003,0.0
592206.981937875,321,0.02,0.0,0.0,0.0,0.0,0.0,0.0,0.0,0.005531395437552433,-0.010872053101396162,0.004386968795300206,0.008583199816891707,-0.01201647974364839,-0.014686808575570254,0.008201724269474298,-0.3296703296703285,0.4879120879120862,-0.3623931623931611,-0.5948717948717963,0.10500610500610463,0.1831501831501825,-0.08547008547008517,0.0
592207.002526134,322,0.02,0.0,0.0,0.0,0.0,0.0,0.0,0.0,0.005531395437552433,-0.010872053101396162,0.004386968795300206,0.008583199816891707,-0.01201647974364839,-0.014686808575570254,0.008201724269474298,-0.3296703296703285,0.4879120879120862,-0.3487179487179475,-0.5948717948717963,0.10500610500610463,0.1831501831501825,-0.09035409035409003,0.0
592207.022392226,323,0.02,0.0,0.0,0.0,0.0,0.0,0.0,0.0,0.005531395437552433,-0.010872053101396162,0.004386968795300206,0.008583199816891707,-0.01201647974364839,-0.014686808575570254,0.008201724269474298,-0.3296703296703285,0.4879120879120862,-0.3487179487179475,-0.5948717948717963,0.10012210012209977,0.1831501831501825,-0.09035409035409003,0.0
592207.042420899,324,0.02,0.0,0.0,0.0,0.0,0.0,0.0,0.0,0.005531395437552433,-0.010872053101396162,0.004386968795300206,0.008583199816891707,-0.01201647974364839,-0.014686808575570254,0.008201724269474298,-0.3296703296703285,0.4879120879120862,-0.3623931623931611,-0.5811965811965827,0.10500610500610463,0.1831501831501825,-0.09035409035409003,0.0
592207.062572383,325,0.02,0.0,0.0,0.0,0.0,0.0,0.0,0.0,0.005531395437552433,-0.010872053101396162,0.004386968795300206,0.008583199816891707,-0.01201647974364839,-0.014686808575570254,0.008201724269474298,-0.3296703296703285,0.4879120879120862,-0.3487179487179475,-0.5948717948717963,0.10012210012209977,0.1831501831501825,-0.08547008547008517,0.0
592207.082363887,326,0.02,0.0,0.0,0.0,0.0,0.0,0.0,0.0,0.005531395437552433,-0.010872053101396162,0.004386968795300206,0.008583199816891707,-0.01201647974364839,-0.014686808575570254,0.008201724269474298,-0.3296703296703285,0.4879120879120862,-0.3623931623931611,-0.6085470085470099,0.10500610500610463,0.17826617826617763,-0.09035409035409003,0.0
592207.102345606,327,0.02,0.0,0.0,0.0,0.0,0.0,0.0,0.0,0.005531395437552433,-0.010872053101396162,0.004386968795300206,0.008583199816891707,-0.01201647974364839,-0.014686808575570254,0.008201724269474298,-0.3296703296703285,0.4879120879120862,-0.3623931623931611,-0.5948717948717963,0.10012210012209977,0.1831501831501825,-0.08547008547008517,0.0
592207.122452891,328,0.02,0.0,0.0,0.0,0.0,0.0,0.0,0.0,0.005531395437552433,-0.010872053101396162,0.004386968795300206,0.008583199816891707,-0.01201647974364839,-0.014686808575570254,0.008201724269474298,-0.3296703296703285,0.4879120879120862,-0.3623931623931611,-0.5811965811965827,0.10012210012209977,0.17826617826617763,-0.08547008547008517,0.0
592207.141942656,329,0.02,0.0,0.0,0.0,0.0,0.0,0.0,0.0,0.005531395437552433,-0.010872053101396162,0.004386968795300206,0.008583199816891707,-0.01201647974364839,-0.014686808575570254,0.008201724269474298,-0.3296703296703285,0.4879120879120862,-0.3623931623931611,-0.5948717948717963,0.10500610500610463,0.17826617826617763,-0.09035409035409003,0.0
592207.162446073,330,0.02,0.0,0.0,0.0,0.0,0.0,0.0,0.0,0.005531395437552433,-0.010872053101396162,0.004386968795300206,0.008583199816891707,-0.01201647974364839,-0.014686808575570254,0.008201724269474298,-0.3296703296703285,0.4879120879120862,-0.3623931623931611,-0.5948717948717963,0.10500610500610463,0.1831501831501825,-0.09035409035409003,0.0
592207.181929104,331,0.02,0.0,0.0,0.0,0.0,0.0,0.0,0.0,0.005531395437552433,-0.010872053101396162,0.004386968795300206,0.008583199816891707,-0.01201647974364839,-0.014686808575570254,0.008201724269474298,-0.3296703296703285,0.4879120879120862,-0.3487179487179475,-0.5948717948717963,0.10500610500610463,0.1831501831501825,-0.09035409035409003,0.0
592207.201933066,332,0.02,0.0,0.0,0.0,0.0,0.0,0.0,0.0,0.005531395437552433,-0.010872053101396162,0.004386968795300206,0.008583199816891707,-0.01201647974364839,-0.014686808575570254,0.008201724269474298,-0.3296703296703285,0.4879120879120862,-0.3623931623931611,-0.5948717948717963,0.10500610500610463,0.1831501831501825,-0.08547008547008517,0.0
592207.222147643,333,0.02,0.0,0.0,0.0,0.0,0.0,0.0,0.0,0.005531395437552433,-0.010872053101396162,0.004386968795300206,0.008583199816891707,-0.01201647974364839,-0.014686808575570254,0.008201724269474298,-0.3296703296703285,0.4879120879120862,-0.3623931623931611,-0.5948717948717963,0.10012210012209977,0.17826617826617763,-0.09035409035409003,0.0
592207.242078015,334,0.02,0.0,0.0,0.0,0.0,0.0,0.0,0.0,0.005531395437552433,-0.010872053101396162,0.004386968795300206,0.008583199816891707,-0.01201647974364839,-0.014686808575570254,0.008201724269474298,-0.3296703296703285,0.4879120879120862,-0.3487179487179475,-0.5948717948717963,0.10012210012209977,0.1831501831501825,-0.08547008547008517,0.0
592207.262051636,335,0.02,0.0,0.0,0.0,0.0,0.0,0.0,0.0,0.005531395437552433,-0.010872053101396162,0.004386968795300206,0.008583199816891707,-0.01201647974364839,-0.014686808575570254,0.008201724269474298,-0.3296703296703285,0.4879120879120862,-0.3487179487179475,-0.5948717948717963,0.10012210012209977,0.1831501831501825,-0.09035409035409003,0.0
592207.282059619,336,0.02,0.0,0.0,0.0,0.0,0.0,0.0,0.0,0.005531395437552433,-0.010872053101396162,0.004386968795300206,0.008583199816891707,-0.01201647974364839,-0.014686808575570254,0.008201724269474298,-0.3296703296703285,0.4879120879120862,-0.3623931623931611,-0.5948717948717963,0.1098901098901095,0.1831501831501825,-0.08547008547008517,0.0
592207.301944525,337,0.02,0.0,0.0,0.0,0.0,0.0,0.0,0.0,0.005531395437552433,-0.010872053101396162,0.004386968795300206,0.008583199816891707,-0.01201647974364839,-0.014686808575570254,0.008201724269474298,-0.3296703296703285,0.4879120879120862,-0.3623931623931611,-0.5948717948717963,0.10012210012209977,0.17826617826617763,-0.09035409035409003,0.0
592207.321989327,338,0.02,0.0,0.0,0.0,0.0,0.0,0.0,0.0,0.005531395437552433,-0.010872053101396162,0.004386968795300206,0.008583199816891707,-0.01201647974364839,-0.014686808575570254,0.008201724269474298,-0.3296703296703285,0.4879120879120862,-0.3623931623931611,-0.5811965811965827,0.10500610500610463,0.1831501831501825,-0.08547008547008517,0.0
592207.341908071,339,0.02,0.0,0.0,0.0,0.0,0.0,0.0,0.0,0.005531395437552433,-0.010872053101396162,0.004386968795300206,0.008583199816891707,-0.01201647974364839,-0.014686808575570254,0.008201724269474298,-0.3296703296703285,0.4879120879120862,-0.3487179487179475,-0.5948717948717963,0.10500610500610463,0.17826617826617763,-0.08547008547008517,0.0
592207.361985528,340,0.02,0.0,0.0,0.0,0.0,0.0,0.0,0.0,0.005531395437552433,-0.010872053101396162,0.004386968795300206,0.008583199816891707,-0.01201647974364839,-0.014686808575570254,0.008201724269474298,-0.3296703296703285,0.4879120879120862,-0.3623931623931611,-0.5948717948717963,0.10500610500610463,0.17826617826617763,-0.09035409035409003,0.0
592207.381931985,341,0.02,0.0,0.0,0.0,0.0,0.0,0.0,0.0,0.005531395437552433,-0.010872053101396162,0.004386968795300206,0.008583199816891707,-0.01201647974364839,-0.014686808575570254,0.008201724269474298,-0.3296703296703285,0.4879120879120862,-0.3487179487179475,-0.5948717948717963,0.10500610500610463,0.1831501831501825,-0.08547008547008517,0.0
592207.401924523,342,0.02,0.0,0.0,0.0,0.0,0.0,0.0,0.0,0.005531395437552433,-0.010872053101396162,0.004386968795300206,0.008583199816891707,-0.01201647974364839,-0.014686808575570254,0.008201724269474298,-0.3296703296703285,0.4879120879120862,-0.3623931623931611,-0.5948717948717963,0.10500610500610463,0.1831501831501825,-0.09035409035409003,0.0
592207.422157,343,0.02,0.0,0.0,0.0,0.0,0.0,0.0,0.0,0.005531395437552433,-0.010872053101396162,0.004386968795300206,0.008583199816891707,-0.01201647974364839,-0.014686808575570254,0.008201724269474298,-0.3296703296703285,0.4879120879120862,-0.3623931623931611,-0.5948717948717963,0.10500610500610463,0.18803418803418737,-0.09035409035409003,0.0
592207.441951945,344,0.02,0.0,0.0,0.0,0.0,0.0,0.0,0.0,0.005531395437552433,-0.010872053101396162,0.004386968795300206,0.008583199816891707,-0.01201647974364839,-0.014686808575570254,0.008201724269474298,-0.3296703296703285,0.4879120879120862,-0.3623931623931611,-0.5948717948717963,0.10500610500610463,0.17826617826617763,-0.09035409035409003,0.0
592207.462113539,345,0.02,0.0,0.0,0.0,0.0,0.0,0.0,0.0,0.005531395437552433,-0.010872053101396162,0.004386968795300206,0.008583199816891707,-0.01201647974364839,-0.014686808575570254,0.008201724269474298,-0.3296703296703285,0.4879120879120862,-0.3487179487179475,-0.5948717948717963,0.10500610500610463,0.1831501831501825,-0.08547008547008517,0.0
592207.48194426,346,0.02,0.0,0.0,0.0,0.0,0.0,0.0,0.0,0.005531395437552433,-0.010872053101396162,0.004386968795300206,0.008583199816891707,-0.01201647974364839,-0.014686808575570254,0.008201724269474298,-0.3296703296703285,0.4879120879120862,-0.3623931623931611,-0.5811965811965827,0.10012210012209977,0.17826617826617763,-0.09035409035409003,0.0
592207.501935874,347,0.02,0.0,0.0,0.0,0.0,0.0,0.0,0.0,0.005531395437552433,-0.010872053101396162,0.004386968795300206,0.008583199816891707,-0.01201647974364839,-0.014686808575570254,0.008201724269474298,-0.3296703296703285,0.4879120879120862,-0.3487179487179475,-0.6085470085470099,0.10012210012209977,0.17826617826617763,-0.08547008547008517,0.0
592207.521913839,348,0.02,0.0,0.0,0.0,0.0,0.0,0.0,0.0,0.005531395437552433,-0.010872053101396162,0.004386968795300206,0.008583199816891707,-0.01201647974364839,-0.014686808575570254,0.008201724269474298,-0.3296703296703285,0.4879120879120862,-0.3623931623931611,-0.5811965811965827,0.10500610500610463,0.17826617826617763,-0.08547008547008517,0.0
592207.541955996,349,0.02,0.0,0.0,0.0,0.0,0.0,0.0,0.0,0.005531395437552433,-0.010872053101396162,0.004386968795300206,0.008583199816891707,-0.01201647974364839,-0.014686808575570254,0.008201724269474298,-0.3296703296703285,0.4879120879120862,-0.3623931623931611,-0.5948717948717963,0.10500610500610463,0.1831501831501825,-0.08547008547008517,0.0
592207.562005358,350,0.02,0.0,0.0,0.0,0.0,0.0,0.0,0.0,0.005531395437552433,-0.010872053101396162,0.004386968795300206,0.008583199816891707,-0.01201647974364839,-0.014686808575570254,0.008201724269474298,-0.3296703296703285,0.4879120879120862,-0.37606837606837473,-0.5948717948717963,0.10500610500610463,0.1831501831501825,-0.08547008547008517,0.0
592207.581971382,351,0.02,0.0,0.0,0.0,0.0,0.0,0.0,0.0,0.005531395437552433,-0.010872053101396162,0.004386968795300206,0.008583199816891707,-0.01201647974364839,-0.014686808575570254,0.008201724269474298,-0.3296703296703285,0.4879120879120862,-0.3623931623931611,-0.5948717948717963,0.10012210012209977,0.18803418803418737,-0.08547008547008517,0.0
592207.602047372,352,0.02,0.0,0.0,0.0,0.0,0.0,0.0,0.0,0.005531395437552433,-0.010872053101396162,0.004386968795300206,0.008583199816891707,-0.01201647974364839,-0.014686808575570254,0.008201724269474298,-0.3296703296703285,0.4879120879120862,-0.3623931623931611,-0.5948717948717963,0.10500610500610463,0.1831501831501825,-0.09035409035409003,0.0
592207.621954674,353,0.02,0.0,0.0,0.0,0.0,0.0,0.0,0.0,0.005531395437552433,-0.010872053101396162,0.004386968795300206,0.008583199816891707,-0.01201647974364839,-0.014686808575570254,0.008201724269474298,-0.3296703296703285,0.4615384615384599,-0.3623931623931611,-0.5948717948717963,0.10012210012209977,0.1831501831501825,-0.08547008547008517,0.0
592207.641957282,354,0.02,0.0,0.0,0.0,0.0,0.0,0.0,0.0,0.005531395437552433,-0.010872053101396162,0.004386968795300206,0.008583199816891707,-0.01201647974364839,-0.014686808575570254,0.008201724269474298,-0.3296703296703285,0.4879120879120862,-0.37606837606837473,-0.5811965811965827,0.10500610500610463,0.1831501831501825,-0.09035409035409003,0.0
592207.661935358,355,0.02,0.0,0.0,0.0,0.0,0.0,0.0,0.0,0.005531395437552433,-0.010872053101396162,0.004386968795300206,0.008583199816891707,-0.01201647974364839,-0.014686808575570254,0.008201724269474298,-0.3296703296703285,0.4879120879120862,-0.3623931623931611,-0.5948717948717963,0.10012210012209977,0.1831501831501825,-0.09035409035409003,0.0
592207.682142375,356,0.02,0.0,0.0,0.0,0.0,0.0,0.0,0.0,0.005531395437552433,-0.010872053101396162,0.004386968795300206,0.008583199816891707,-0.01201647974364839,-0.014686808575570254,0.008201724269474298,-0.3296703296703285,0.4879120879120862,-0.3623931623931611,-0.5811965811965827,0.10500610500610463,0.1831501831501825,-0.08547008547008517,0.0
592207.701959224,357,0.02,0.0,0.0,0.0,0.0,0.0,0.0,0.0,0.005531395437552433,-0.010872053101396162,0.004386968795300206,0.008583199816891707,-0.01201647974364839,-0.014686808575570254,0.008201724269474298,-0.3296703296703285,0.4879120879120862,-0.37606837606837473,-0.5948717948717963,0.10500610500610463,0.1831501831501825,-0.09035409035409003,0.0
592207.724363771,358,0.02,0.0,0.0,0.0,0.0,0.0,0.0,0.0,0.005531395437552433,-0.010872053101396162,0.004386968795300206,0.008583199816891707,-0.01201647974364839,-0.014686808575570254,0.008201724269474298,-0.3296703296703285,0.4879120879120862,-0.3623931623931611,-0.5948717948717963,0.10500610500610463,0.1831501831501825,-0.08547008547008517,0.0
592207.742101514,359,0.02,0.0,0.0,0.0,0.0,0.0,0.0,0.0,0.005531395437552433,-0.010872053101396162,0.004386968795300206,0.008583199816891707,-0.01201647974364839,-0.014686808575570254,0.008201724269474298,-0.3296703296703285,0.4879120879120862,-0.3623931623931611,-0.5948717948717963,0.10500610500610463,0.1831501831501825,-0.09035409035409003,0.0
592207.7619457,360,0.02,0.0,0.0,0.0,0.0,0.0,0.0,0.0,0.005531395437552433,-0.010872053101396162,0.004386968795300206,0.008583199816891707,-0.01201647974364839,-0.014686808575570254,0.008201724269474298,-0.3296703296703285,0.4879120879120862,-0.3487179487179475,-0.5948717948717963,0.10500610500610463,0.1831501831501825,-0.09035409035409003,0.0
592207.782051931,361,0.02,0.0,0.0,0.0,0.0,0.0,0.0,0.0,0.005531395437552433,-0.010872053101396162,0.004386968795300206,0.008583199816891707,-0.01201647974364839,-0.014686808575570254,0.008201724269474298,-0.3296703296703285,0.4879120879120862,-0.3623931623931611,-0.5948717948717963,0.10500610500610463,0.1831501831501825,-0.08547008547008517,0.0
592207.801977771,362,0.02,0.0,0.0,0.0,0.0,0.0,0.0,0.0,0.005531395437552433,-0.010872053101396162,0.004386968795300206,0.008583199816891707,-0.01201647974364839,-0.014686808575570254,0.008201724269474298,-0.3296703296703285,0.4879120879120862,-0.3623931623931611,-0.5811965811965827,0.10500610500610463,0.1831501831501825,-0.09035409035409003,0.0
592207.822050593,363,0.02,0.0,0.0,0.0,0.0,0.0,0.0,0.0,0.005531395437552433,-0.010872053101396162,0.004386968795300206,0.008583199816891707,-0.01201647974364839,-0.014686808575570254,0.008201724269474298,-0.3296703296703285,0.4879120879120862,-0.3623931623931611,-0.5948717948717963,0.10500610500610463,0.1831501831501825,-0.09035409035409003,0.0
592207.842159065,364,0.02,0.0,0.0,0.0,0.0,0.0,0.0,0.0,0.005531395437552433,-0.010872053101396162,0.004386968795300206,0.008583199816891707,-0.01201647974364839,-0.014686808575570254,0.008201724269474298,-0.3296703296703285,0.4879120879120862,-0.3623931623931611,-0.5948717948717963,0.10500610500610463,0.17826617826617763,-0.08547008547008517,0.0
592207.861976248,365,0.02,0.0,0.0,0.0,0.0,0.0,0.0,0.0,0.005531395437552433,-0.010872053101396162,0.004386968795300206,0.008583199816891707,-0.01201647974364839,-0.014686808575570254,0.008201724269474298,-0.3296703296703285,0.4879120879120862,-0.33504273504273385,-0.5948717948717963,0.10500610500610463,0.1831501831501825,-0.08547008547008517,0.0
592207.882270575,366,0.02,0.0,0.0,0.0,0.0,0.0,0.0,0.0,0.005531395437552433,-0.010872053101396162,0.004386968795300206,0.008583199816891707,-0.01201647974364839,-0.014686808575570254,0.008201724269474298,-0.3296703296703285,0.4879120879120862,-0.3623931623931611,-0.6085470085470099,0.10500610500610463,0.1831501831501825,-0.08547008547008517,0.0
592207.902275088,367,0.02,0.0,0.0,0.0,0.0,0.0,0.0,0.0,0.005531395437552433,-0.010872053101396162,0.004386968795300206,0.008583199816891707,-0.01201647974364839,-0.014686808575570254,0.008201724269474298,-0.3296703296703285,0.4879120879120862,-0.3487179487179475,-0.5948717948717963,0.10012210012209977,0.17826617826617763,-0.08547008547008517,0.0
592207.922256147,368,0.02,0.0,0.0,0.0,0.0,0.0,0.0,0.0,0.005531395437552433,-0.010872053101396162,0.004386968795300206,0.008583199816891707,-0.01201647974364839,-0.014686808575570254,0.008201724269474298,-0.3296703296703285,0.4879120879120862,-0.3623931623931611,-0.6085470085470099,0.10500610500610463,0.17826617826617763,-0.09035409035409003,0.0
592207.942249306,369,0.02,0.0,0.0,0.0,0.0,0.0,0.0,0.0,0.005531395437552433,-0.010872053101396162,0.004386968795300206,0.008583199816891707,-0.01201647974364839,-0.014686808575570254,0.008201724269474298,-0.3296703296703285,0.4879120879120862,-0.3487179487179475,-0.5811965811965827,0.10500610500610463,0.1831501831501825,-0.09035409035409003,0.0
592207.962304902,370,0.02,0.0,0.0,0.0,0.0,0.0,0.0,0.0,0.005531395437552433,-0.010872053101396162,0.004386968795300206,0.008583199816891707,-0.01201647974364839,-0.014686808575570254,0.008201724269474298,-0.3296703296703285,0.4879120879120862,-0.37606837606837473,-0.5948717948717963,0.10012210012209977,0.17826617826617763,-0.09035409035409003,0.0
592207.982358154,371,0.02,0.0,0.0,0.0,0.0,0.0,0.0,0.0,0.005531395437552433,-0.010872053101396162,0.004386968795300206,0.008583199816891707,-0.01201647974364839,-0.014686808575570254,0.008201724269474298,-0.3296703296703285,0.4879120879120862,-0.3623931623931611,-0.5811965811965827,0.10012210012209977,0.1831501831501825,-0.09035409035409003,0.0
592208.001951338,372,0.02,0.0,0.0,0.0,0.0,0.0,0.0,0.0,0.005531395437552433,-0.010872053101396162,0.004386968795300206,0.008583199816891707,-0.01201647974364839,-0.014686808575570254,0.008201724269474298,-0.3296703296703285,0.4879120879120862,-0.3623931623931611,-0.5948717948717963,0.10500610500610463,0.1831501831501825,-0.08547008547008517,0.0
592208.021908353,373,0.02,0.0,0.0,0.0,0.0,0.0,0.0,0.0,0.005531395437552433,-0.010872053101396162,0.004386968795300206,0.008583199816891707,-0.01201647974364839,-0.014686808575570254,0.008201724269474298,-0.3296703296703285,0.4879120879120862,-0.3623931623931611,-0.5811965811965827,0.10500610500610463,0.1831501831501825,-0.08547008547008517,0.0
592208.042357855,374,0.02,0.0,0.0,0.0,0.0,0.0,0.0,0.0,0.005531395437552433,-0.010872053101396162,0.004386968795300206,0.008583199816891707,-0.01201647974364839,-0.014686808575570254,0.008201724269474298,-0.3296703296703285,0.4879120879120862,-0.37606837606837473,-0.6085470085470099,0.10500610500610463,0.1831501831501825,-0.09035409035409003,0.0
592208.061940183,375,0.02,0.0,0.0,0.0,0.0,0.0,0.0,0.0,0.005531395437552433,-0.010872053101396162,0.004386968795300206,0.008583199816891707,-0.01201647974364839,-0.014686808575570254,0.008201724269474298,-0.3296703296703285,0.4879120879120862,-0.3623931623931611,-0.5811965811965827,0.10012210012209977,0.1831501831501825,-0.08547008547008517,0.0
592208.081940751,376,0.02,0.0,0.0,0.0,0.0,0.0,0.0,0.0,0.005531395437552433,-0.010872053101396162,0.004386968795300206,0.008583199816891707,-0.01201647974364839,-0.014686808575570254,0.008201724269474298,-0.3296703296703285,0.4879120879120862,-0.37606837606837473,-0.5948717948717963,0.10012210012209977,0.1831501831501825,-0.09035409035409003,0.0
592208.101960611,377,0.02,0.0,0.0,0.0,0.0,0.0,0.0,0.0,0.005531395437552433,-0.010872053101396162,0.004386968795300206,0.008583199816891707,-0.01201647974364839,-0.014686808575570254,0.008201724269474298,-0.3296703296703285,0.4879120879120862,-0.37606837606837473,-0.5948717948717963,0.10500610500610463,0.17826617826617763,-0.08547008547008517,0.0
592208.121927668,378,0.02,0.0,0.0,0.0,0.0,0.0,0.0,0.0,0.005531395437552433,-0.010872053101396162,0.004386968795300206,0.008583199816891707,-0.01201647974364839,-0.014686808575570254,0.008201724269474298,-0.3296703296703285,0.4879120879120862,-0.3487179487179475,-0.5948717948717963,0.10012210012209977,0.17826617826617763,-0.09035409035409003,0.0
592208.141934795,379,0.02,0.0,0.0,0.0,0.0,0.0,0.0,0.0,0.005531395437552433,-0.010872053101396162,0.004386968795300206,0.008583199816891707,-0.01201647974364839,-0.014686808575570254,0.008201724269474298,-0.3296703296703285,0.4879120879120862,-0.3623931623931611,-0.5948717948717963,0.10500610500610463,0.1831501831501825,-0.09035409035409003,0.0
592208.161943076,380,0.02,0.011837572790682316,-0.0003759908431675285,4.791244282387197e-05,0.007686575874686241,-5.60356565983966e-05,-0.0005568972555920482,-0.00867806002497673,0.005531395437552433,-0.010872053101396162,0.004386968795300206,0.008583199816891707,-0.01201647974364839,-0.014686808575570254,0.008201724269474298,-0.3296703296703285,0.4879120879120862,-0.3487179487179475,-0.5948717948717963,0.10012210012209977,0.1831501831501825,-0.09035409035409003,0.0
592208.181951536,381,0.02,0.02003149501979351,-0.0008020708919502795,8.451777830487117e-05,0.009740526787936687,-9.957394649973139e-05,-0.0014953152276575565,-0.023678060621023178,0.005531395437552433,-0.010872053101396162,0.004386968795300206,0.008583199816891707,-0.01201647974364839,-0.014686808575570254,0.008201724269474298,-0.3296703296703285,0.4879120879120862,-0.3487179487179475,-0.5948717948717963,0.10500610500610463,0.1831501831501825,-0.08547008547008517,0.0
592208.202471825,382,0.02,0.030672850087285042,-0.0010458591859787703,0.00017288571689277887,0.016792485490441322,-0.00016595002671238035,-0.0020837197080254555,-0.038600385189056396,0.005531395437552433,-0.010872053101396162,0.004386968795300206,0.008583199816891707,-0.01201647974364839,-0.014686808575570254,0.008201724269474298,-0.14505494505494454,0.4879120879120862,-0.37606837606837473,-0.43076923076922924,0.10012210012209977,0.1831501831501825,-0.1098901098901095,0.0
592208.221938673,383,0.02,0.042237844318151474,-0.0013092313893139362,0.00022930472914595157,0.023980960249900818,-0.00019347108900547028,-0.002656747354194522,-0.05295522138476372,0.005531395437552433,-0.010872053101396162,0.004386968795300206,0.008964675364309116,-0.01201647974364839,-0.014686808575570254,0.00705729762722207,0.3560439560439548,0.4615384615384599,-0.37606837606837473,-0.12991452991452945,0.10500610500610463,0.17826617826617763,-0.1538461538461533,0.0
592208.242231738,384,0.02,0.053201157599687576,-0.0015207793330773711,0.0003306862199679017,0.03042895533144474,-0.0002955473610199988,-0.003082286100834608,-0.06652100384235382,0.006294346532387252,-0.010872053101396162,0.004386968795300206,0.008964675364309116,-0.01201647974364839,-0.014686808575570254,0.0001907377737087046,1.0945054945054906,0.4351648351648336,-0.3487179487179475,0.12991452991452945,0.10012210012209977,0.1684981684981679,-0.11965811965811923,0.0
592208.26229873,385,0.02,0.06352579593658447,-0.001795444404706359,0.0004319949948694557,0.03631802275776863,-0.0003379113622941077,-0.003636328037828207,-0.079683817923069,0.010109102006561344,-0.010872053101396162,0.004386968795300206,0.009727626459143934,-0.01201647974364839,-0.014686808575570254,-0.009727626459143934,1.410989010989006,0.40879120879120734,-0.3623931623931611,0.3213675213675202,0.0952380952380949,0.15873015873015817,-0.13431013431013383,0.0
592208.282511528,386,0.02,0.07366909086704254,-0.0020630236249417067,0.0005609366344287992,0.04218531772494316,-0.00040530608384869993,-0.004171827808022499,-0.09267434477806091,0.013160906385900617,-0.010872053101396162,0.004386968795300206,0.012779430838483208,-0.01201647974364839,-0.014686808575570254,-0.023460746166170665,1.9384615384615458,0.38241758241758106,-0.33504273504273385,0.28034188034187935,0.10012210012209977,0.15873015873015817,-0.04151404151404137,0.0
592208.301953242,387,0.02,0.084726482629776,-0.0023116692900657654,0.0006716187344864011,0.049819741398096085,-0.0004944992833770812,-0.004622613545507193,-0.10552877932786942,0.018883039597161755,-0.010872053101396162,0.004386968795300206,0.018120088502326936,-0.01163500419623098,-0.014686808575570254,-0.03681239032577999,2.1230769230769297,0.38241758241758106,-0.33504273504273385,0.3213675213675202,0.10012210012209977,0.1538461538461533,-0.08547008547008517,0.0
592208.321936273,388,0.02,0.09500806778669357,-0.0025682279374450445,0.0007352812099270523,0.055940721184015274,-0.0005380380316637456,-0.005067956633865833,-0.11880233883857727,0.027275501640344757,-0.010872053101396162,0.004386968795300206,0.024986648355840302,-0.01163500419623098,-0.014686808575570254,-0.0497825589379719,2.043956043956051,0.3560439560439548,-0.33504273504273385,0.1572649572649567,0.0952380952380949,0.14407814407814357,-0.0659340659340657,0.0
592208.342450595,389,0.02,0.10512052476406097,-0.0027653700672090054,0.0008995637181214988,0.06170164421200752,-0.0006298820371739566,-0.005341507028788328,-0.132536843419075,0.03490501258869294,-0.010872053101396162,0.004386968795300206,0.032616159304188486,-0.01163500419623098,-0.014686808575570254,-0.06580453192950309,2.3076923076923137,0.3560439560439548,-0.33504273504273385,0.07521367521367495,0.10012210012209977,0.1391941391941387,-0.04151404151404137,0.0
592208.361961488,390,0.02,0.11528407782316208,-0.003028188832104206,0.0010670445626601577,0.06754504144191742,-0.0007108584977686405,-0.005782501772046089,-0.14642496407032013,0.04520485236896299,-0.010872053101396162,0.004386968795300206,0.04024567025253667,-0.01163500419623098,-0.014686808575570254,-0.07953765163652982,1.9384615384615458,0.3296703296703285,-0.294017094017093,0.11623931623931583,0.10012210012209977,0.13431013431013383,-0.07081807081807057,0.0
592208.381943223,391,0.02,0.1255769431591034,-0.0033370491582900286,0.001230041729286313,0.07358503341674805,-0.0007588562439195812,-0.006334848701953888,-0.1604503095149994,0.05550469214923304,-0.010872053101396162,0.004386968795300206,0.04787518120088485,-0.01163500419623098,-0.014686808575570254,-0.09288929579613914,2.1230769230769297,0.3032967032967022,-0.3076923076923066,0.07521367521367495,0.10012210012209977,0.13431013431013383,-0.056166056166055967,0.0
592208.401958425,392,0.02,0.1360137015581131,-0.0036765658296644688,0.0014056004583835602,0.0798313096165657,-0.0008162196609191597,-0.006956526543945074,-0.17462080717086792,0.0661860074769205,-0.010872053101396162,0.004386968795300206,0.05474174105439822,-0.01163500419623098,-0.014686808575570254,-0.10624093995574846,2.1758241758241823,0.3032967032967022,-0.294017094017093,0.006837606837606813,0.0952380952380949,0.12942612942612897,-0.10012210012209977,0.0
592208.421944813,393,0.02,0.14580918848514557,-0.00403650663793087,0.0015943211037665606,0.08500239998102188,-0.000857871025800705,-0.007619606330990791,-0.1889217048883438,0.07724879835202536,-0.010872053101396162,0.004386968795300206,0.060845349813076766,-0.01163500419623098,-0.014686808575570254,-0.1203555352101926,1.859340659340667,0.27692307692307594,-0.28034188034187935,0.1025641025641022,0.0952380952380949,0.1245421245421241,-0.1098901098901095,0.0
592208.442283651,394,0.02,0.15639197826385498,-0.004429819528013468,0.0018402518471702933,0.0915679857134819,-0.0009551693219691515,-0.008338630199432373,-0.2033492773771286,0.08678568703746059,-0.010872053101396162,0.004386968795300206,0.06580453192950309,-0.01163500419623098,-0.014686808575570254,-0.13141832608529747,2.149450549450556,0.25054945054944966,-0.28034188034187935,0.12991452991452945,0.0952380952380949,0.11965811965811923,-0.11477411477411437,0.0
592208.462213407,395,0.02,0.16668462753295898,-0.004840389359742403,0.002128294436261058,0.09771929681301117,-0.0010978105710819364,-0.009084107354283333,-0.21793457865715027,0.10128175783932214,-0.010872053101396162,0.004386968795300206,0.07152666514076422,-0.01163500419623098,-0.014686808575570254,-0.14705882352941124,2.070329670329677,0.22417582417582338,-0.2529914529914521,0.2119658119658112,0.0952380952380949,0.11477411477411437,-0.15873015873015994,0.0
592208.481944209,396,0.02,0.17714770138263702,-0.005263948813080788,0.0024185299407690763,0.10417843610048294,-0.001193293952383101,-0.009846915490925312,-0.2326418161392212,0.11310749980926182,-0.010872053101396162,0.004386968795300206,0.07610437170977313,-0.01163500419623098,-0.014686808575570254,-0.16041046768902056,1.964835164835172,0.1978021978021971,-0.23931623931623847,0.2666666666666657,0.09035409035409003,0.1098901098901095,-0.15873015873015994,0.0
592208.502298956,397,0.02,0.18662741780281067,-0.005695009138435125,0.0027243325021117926,0.10917554050683975,-0.0012918523279950023,-0.010616738349199295,-0.24759992957115173,0.12417029068436669,-0.010872053101396162,0.004386968795300206,0.08106355382619945,-0.01163500419623098,-0.014686808575570254,-0.17299916075379507,1.8065934065934144,0.17142857142857082,-0.23931623931623847,0.294017094017093,0.09035409035409003,0.10012210012209977,-0.16849816849816968,0.0
592208.521978964,398,0.02,0.19607502222061157,-0.006129878107458353,0.003065619384869933,0.11383640021085739,-0.0014399843057617545,-0.011402556672692299,-0.26254281401634216,0.1367589837491412,-0.010872053101396162,0.004386968795300206,0.08564126039520836,-0.01163500419623098,-0.014686808575570254,-0.18520637827115216,1.9384615384615458,0.14505494505494454,-0.2119658119658112,0.403418803418802,0.09035409035409003,0.09035409035409003,-0.18803418803418914,0.0
592208.541997483,399,0.02,0.1924462467432022,-0.006345083471387625,0.0033613808918744326,0.1178838312625885,-0.0015566437505185604,-0.01200277078896761,-0.2617338299751282,0.1497291523613331,-0.010872053101396162,0.004386968795300206,0.09021896696421727,-0.01163500419623098,-0.014686808575570254,-0.19855802243076326,1.9120879120879195,0.11868131868131826,-0.2119658119658112,0.43076923076922924,0.08547008547008517,0.08547008547008517,-0.2368742368742378,0.0
592208.562252605,400,0.02,0.1949143409729004,-0.006862753536552191,0.0036806033458560705,0.11976583302021027,-0.0017100011464208364,-0.012911462225019932,-0.2617233693599701,0.1623178454261076,-0.010872053101396162,0.004386968795300206,0.095559624628061,-0.01163500419623098,-0.015068284122987663,-0.21190966659037258,1.6483516483516425,0.09230769230769198,-0.18461538461538396,0.44444444444444287,0.08547008547008517,0.0805860805860803,-0.24175824175824268,0.0
592208.582409848,401,0.02,0.1981908679008484,-0.007094002794474363,0.003956320229917765,0.12337096780538559,-0.0018567248480394483,-0.013649065047502518,-0.27097955346107483,0.17299916075379507,-0.010872053101396162,0.004386968795300206,0.10013733119706991,-0.01163500419623098,-0.015068284122987663,-0.2256427862973993,1.4637362637362585,0.0659340659340657,-0.1572649572649567,0.33504273504273385,0.0805860805860803,0.07570207570207543,-0.2075702075702086,0.0
592208.602413274,402,0.02,0.1961187869310379,-0.0076676164753735065,0.0042309812270104885,0.12628571689128876,-0.002033086260780692,-0.014683200977742672,-0.2630370855331421,0.1821545738918129,-0.010872053101396162,0.004386968795300206,0.103952086671244,-0.01163500419623098,-0.015068284122987663,-0.23670557717250418,1.1999999999999957,0.03956043956043942,-0.12991452991452945,0.4717948717948701,0.0805860805860803,0.0659340659340657,-0.15873015873015994,0.0
592208.621935088,403,0.02,0.20575806498527527,-0.008137231692671776,0.004523908253759146,0.13077808916568756,-0.0022233440540730953,-0.015533159486949444,-0.2746712565422058,0.1909285114824133,-0.010872053101396162,0.004386968795300206,0.10624093995574846,-0.01163500419623098,-0.015068284122987663,-0.24242771038376532,0.8571428571428541,0.03956043956043942,-0.1025641025641022,0.6632478632478609,0.0805860805860803,0.06105006105006083,-0.23199023199023294,0.0
592208.641907512,404,0.02,0.20164337754249573,-0.008556237444281578,0.004845803137868643,0.13743117451667786,-0.002447594655677676,-0.016497382894158363,-0.26687559485435486,0.19779507133592666,-0.010872053101396162,0.004386968795300206,0.10700389105058328,-0.01163500419623098,-0.015068284122987663,-0.24509803921568718,0.9098901098901067,0.01318681318681314,-0.11623931623931583,0.7999999999999972,0.0805860805860803,0.056166056166055967,-0.3003663003663011,0.0
592208.663088793,405,0.02,0.21135374903678894,-0.009087471291422844,0.00519941933453083,0.14437681436538696,-0.002722409786656499,-0.017457647249102592,-0.27352046966552734,0.20160982681010076,-0.010872053101396162,0.004386968795300206,0.10700389105058328,-0.01163500419623098,-0.015068284122987663,-0.2462424658579394,0.9890109890109855,-0.01318681318681314,-0.07521367521367495,0.9641025641025678,0.0805860805860803,0.04151404151404137,-0.33943833943834,0.0
592208.682275515,406,0.02,0.2094571590423584,-0.009478595107793808,0.005608494393527508,0.1542670875787735,-0.003045496065169573,-0.01818719692528248,-0.26528021693229675,0.20656900892652708,-0.010872053101396162,0.004386968795300206,0.10700389105058328,-0.01201647974364839,-0.015068284122987663,-0.24662394140535682,1.0153846153846118,-0.03956043956043942,-0.04786324786324769,1.141880341880345,0.07570207570207543,0.03174603174603163,-0.3589743589743595,0.0
592208.701963107,407,0.02,0.22167721390724182,-0.010015909560024738,0.006064948160201311,0.16461575031280518,-0.0034875720739364624,-0.01909700594842434,-0.27148550748825073,0.21000228885328376,-0.010872053101396162,0.004386968795300206,0.11005569542992255,-0.01201647974364839,-0.015449759670405072,-0.24662394140535682,0.9626373626373592,-0.0659340659340657,-0.006837606837606813,0.991452991452995,0.07570207570207543,0.03174603174603163,-0.3540903540903546,0.0
592208.721948312,408,0.02,0.22235268354415894,-0.01051001250743866,0.006640036590397358,0.17861226201057434,-0.0040057688020169735,-0.01993517391383648,-0.26307570934295654,0.21381704432745785,-0.010872053101396162,0.004386968795300206,0.11463340199893146,-0.01201647974364839,-0.015449759670405072,-0.2462424658579394,1.120879120879117,-0.11868131868131826,0.006837606837606813,1.1555555555555586,0.07081807081807057,0.017094017094017033,-0.36385836385836434,0.0
592208.742144218,409,0.02,0.23162002861499786,-0.011068827472627163,0.007243412546813488,0.1934390515089035,-0.004631880670785904,-0.02083633653819561,-0.26335400342941284,0.21686884870679712,-0.010872053101396162,0.004386968795300206,0.12188143739986224,-0.01201647974364839,-0.015449759670405072,-0.2462424658579394,1.2791208791208746,-0.11868131868131826,0.02051282051282044,1.1555555555555586,0.07081807081807057,0.012210012210012167,-0.3443223443223449,0.0
592208.762583086,410,0.02,0.23899558186531067,-0.011727428995072842,0.007975325919687748,0.2100609987974167,-0.005401650443673134,-0.02183942124247551,-0.25496527552604675,0.22068360418097122,-0.010872053101396162,0.004386968795300206,0.13103685053788006,-0.01201647974364839,-0.015449759670405072,-0.24662394140535682,1.4637362637362585,-0.17142857142857082,0.06153846153846132,1.1282051282051313,0.06105006105006083,0.0024420024420024333,-0.3443223443223449,0.0
592208.782111921,411,0.02,0.24516046047210693,-0.012353758327662945,0.008660238236188889,0.22642278671264648,-0.006103718187659979,-0.022686438634991646,-0.2510095238685608,0.2244983596551453,-0.010872053101396162,0.004386968795300206,0.14286259250781974,-0.01201647974364839,-0.01583123521782248,-0.24662394140535682,1.516483516483511,-0.1978021978021971,0.08888888888888857,1.0598290598290632,0.056166056166055967,0.0024420024420024333,-0.3003663003663011,0.0
592208.803278767,412,0.02,0.2581038773059845,-0.012982901185750961,0.009387939237058163,0.2430189698934555,-0.006934635806828737,-0.023581333458423615,-0.2503584623336792,0.227931639581902,-0.011253528648813571,0.004386968795300206,0.15697718776226388,-0.01201647974364839,-0.01621271076523989,-0.2462424658579394,1.964835164835172,-0.22417582417582338,0.12991452991452945,0.9641025641025678,0.056166056166055967,-0.0073260073260073,-0.2710622710622719,0.0
592208.821946999,413,0.02,0.26359686255455017,-0.01363112311810255,0.010107524693012238,0.25988736748695374,-0.007664485368877649,-0.024412088096141815,-0.24443642795085907,0.2321278706034935,-0.011253528648813571,0.004768444342717615,0.17299916075379507,-0.01201647974364839,-0.0165941863126573,-0.2454795147631046,2.043956043956051,-0.27692307692307594,0.1982905982905976,0.9777777777777814,0.04639804639804623,-0.012210012210012167,-0.24175824175824268,0.0
592208.84203626,414,0.02,0.2706843316555023,-0.014264896512031555,0.010808183811604977,0.27680885791778564,-0.008421960286796093,-0.02519945800304413,-0.24008877575397491,0.236324101625085,-0.011253528648813571,0.004768444342717615,0.1905470359349959,-0.01201647974364839,-0.01697566186007471,-0.2454795147631046,2.254945054945061,-0.3032967032967022,0.23931623931623847,0.9367521367521405,0.04151404151404137,-0.0073260073260073,-0.2075702075702086,0.0
592208.861983371,415,0.02,0.28371989727020264,-0.014918488450348377,0.011536229401826859,0.29378241300582886,-0.00927749928086996,-0.026002749800682068,-0.2400866448879242,0.24166475928892872,-0.011253528648813571,0.004768444342717615,0.20885786221103153,-0.01201647974364839,-0.017357137407492118,-0.24509803921568718,2.4923076923076977,-0.3296703296703285,0.294017094017093,0.7589743589743563,0.03174603174603163,-0.017094017094017033,-0.18803418803418914,0.0
592208.88195239,416,0.02,0.29045918583869934,-0.015574177727103233,0.01224072091281414,0.31080693006515503,-0.010039359331130981,-0.026741866022348404,-0.23581747710704803,0.24624246585793763,-0.01163500419623098,0.004768444342717615,0.2283131151293194,-0.01201647974364839,-0.017738612954909527,-0.2454795147631046,2.6505494505494553,-0.38241758241758106,0.3213675213675202,0.6495726495726473,0.026862026862026767,-0.0219780219780219,-0.1391941391941387,0.0
592208.901938105,417,0.02,0.2971915006637573,-0.016234196722507477,0.012941154651343822,0.3278812766075134,-0.010816498659551144,-0.0274781733751297,-0.23040412366390228,0.25043869687952913,-0.01163500419623098,0.004768444342717615,0.2485313191424421,-0.01201647974364839,-0.017738612954909527,-0.24433508812085236,3.1252747252747284,-0.38241758241758106,0.33504273504273385,0.62222222222222,0.017094017094017033,-0.0366300366300365,-0.14896214896214843,0.0
592208.921943067,418,0.02,0.3052680492401123,-0.016896691173315048,0.013629524037241936,0.34500429034233093,-0.011622284539043903,-0.02817779965698719,-0.22692935168743134,0.2569237811856251,-0.012779430838483208,0.004768444342717615,0.2660791943236429,-0.01201647974364839,-0.018120088502326936,-0.24242771038376532,3.072527472527476,-0.3032967032967022,0.38974358974358836,0.5401709401709383,0.012210012210012167,-0.04151404151404137,-0.1636141636141648,0.0
592208.942505877,419,0.02,0.3127434253692627,-0.017571954056620598,0.014318247325718403,0.3621748387813568,-0.012424965389072895,-0.0288714487105608,-0.22231793403625488,0.26302738994430364,-0.013542381933318026,0.005912870984969842,0.2862973983367656,-0.01201647974364839,-0.018501564049744346,-0.24280918593118272,3.098901098901102,-0.3560439560439548,0.2529914529914521,0.5538461538461519,0.0024420024420024333,-0.0366300366300365,-0.10012210012209977,0.0
592208.961934105,420,0.02,0.32264748215675354,-0.018249083310365677,0.01500008162111044,0.3793916404247284,-0.013274320401251316,-0.02954031713306904,-0.22002443671226501,0.2687495231555648,-0.013923857480735435,0.006675822079804661,0.30498970016021865,-0.01201647974364839,-0.018501564049744346,-0.24242771038376532,3.3098901098901123,-0.38241758241758106,0.43076923076922924,0.6085470085470064,-0.0024420024420024333,-0.0512820512820511,-0.07081807081807057,0.0
592208.982012715,421,0.02,0.3305392861366272,-0.018941259011626244,0.015674881637096405,0.39665353298187256,-0.014094727113842964,-0.03019135072827339,-0.21608124673366547,0.27523460746166073,-0.013923857480735435,0.006675822079804661,0.3236820019836717,-0.01201647974364839,-0.018501564049744346,-0.2420462348363479,3.3098901098901123,-0.4615384615384599,0.4581196581196565,0.5811965811965791,-0.0073260073260073,-0.06105006105006083,-0.056166056166055967,0.0
592209.002105105,422,0.02,0.33861398696899414,-0.019642041996121407,0.016343358904123306,0.41395923495292664,-0.014925627037882805,-0.03082645684480667,-0.2121434062719345,0.2813382162203393,-0.013923857480735435,0.006675822079804661,0.34237430380712475,-0.012397955291065799,-0.018501564049744346,-0.2420462348363479,3.4153846153846175,-0.5142857142857125,0.49914529914529737,0.5948717948717928,-0.017094017094017033,-0.0659340659340657,-0.0219780219780219,0.0
592209.022131546,423,0.02,0.34688934683799744,-0.01976054161787033,0.01665939949452877,0.43130749464035034,-0.0156761072576046,-0.031156927347183228,-0.20834635198116302,0.28858625162127005,-0.014305333028152845,0.006675822079804661,0.35877775234607334,-0.012397955291065799,-0.018501564049744346,-0.24090180819409568,3.3098901098901123,-0.5406593406593387,0.5264957264957246,0.6085470085470064,-0.026862026862026767,-0.07081807081807057,-0.03174603174603163,0.0
592209.041934371,424,0.02,0.35384947061538696,-0.0201345793902874,0.017024533823132515,0.44869694113731384,-0.016385560855269432,-0.03157893568277359,-0.20326721668243408,0.29621576256961824,-0.014686808575570254,0.006675822079804661,0.3767071030746916,-0.012397955291065799,-0.018501564049744346,-0.2370870527199216,3.362637362637365,-0.5406593406593387,0.5811965811965791,0.6495726495726473,-0.03174603174603163,-0.07570207570207543,-0.07081807081807057,0.0
592209.061954105,425,0.02,0.3625093102455139,-0.02056904323399067,0.01739794760942459,0.46612632274627686,-0.017107296735048294,-0.03197694197297096,-0.19955937564373016,0.30422674906538383,-0.01621271076523989,0.006675822079804661,0.39463645380331336,-0.012397955291065799,-0.018883039597161755,-0.2340352483405823,3.3098901098901123,-0.38241758241758106,0.62222222222222,0.8957264957264996,-0.04151404151404137,-0.07570207570207543,-0.0805860805860803,0.0
592209.082218408,426,0.02,0.3712945878505707,-0.021037235856056213,0.017766695469617844,0.48359423875808716,-0.017816931009292603,-0.03235957399010658,-0.19613103568553925,0.31338216220340165,-0.0165941863126573,0.006675822079804661,0.4098954757000097,-0.012397955291065799,-0.019264515144579164,-0.23060196841382563,3.1516483516483547,-0.4879120879120862,0.6495726495726473,0.841025641025638,-0.04639804639804623,-0.07570207570207543,-0.0659340659340657,0.0
592209.101936341,427,0.02,0.37822622060775757,-0.02151697687804699,0.018129458650946617,0.5010993480682373,-0.018489457666873932,-0.03270407021045685,-0.19123215973377228,0.32215609979400206,-0.0165941863126573,0.006675822079804661,0.42744335088121055,-0.012779430838483208,-0.020027466239413982,-0.23022049286640822,2.993406593406597,-0.5142857142857125,0.6495726495726473,1.032478632478636,-0.04639804639804623,-0.06105006105006083,-0.0024420024420024333,0.0
592209.121935609,428,0.02,0.3871910572052002,-0.02202831208705902,0.018493492156267166,0.5186402201652527,-0.019187022000551224,-0.03305024653673172,-0.18769875168800354,0.3316929884794373,-0.0165941863126573,0.006675822079804661,0.44384679942015914,-0.012779430838483208,-0.02193484397650103,-0.2252613107499819,3.0197802197802233,-0.567032967032965,0.6769230769230745,1.0598290598290632,-0.056166056166055967,-0.03174603174603163,-0.07570207570207543,0.0
592209.141935848,429,0.02,0.3952447175979614,-0.022540846839547157,0.018848581239581108,0.5362154841423035,-0.019864723086357117,-0.03336981683969498,-0.1835959553718567,0.3412298771648725,-0.0165941863126573,0.007438773174639479,0.46025024795910774,-0.012779430838483208,-0.02193484397650103,-0.220683604180973,2.729670329670334,-0.5934065934065913,0.4581196581196565,1.2649572649572676,-0.056166056166055967,-0.06105006105006083,-0.0952380952380949,0.0
592209.162243764,430,0.02,0.4028187394142151,-0.022914549335837364,0.019132714718580246,0.553823709487915,-0.020518464967608452,-0.03360755741596222,-0.17914517223834991,0.35076676585030775,-0.01697566186007471,0.008964675364309116,0.47665369649805633,-0.012779430838483208,-0.02193484397650103,-0.21457999542229445,2.914285714285718,-0.5934065934065913,0.5401709401709383,1.360683760683763,-0.0659340659340657,-0.07081807081807057,-0.12942612942612897,0.0
592209.181947306,431,0.02,0.41116777062416077,-0.02341928519308567,0.0194535031914711,0.571463406085968,-0.021184289827942848,-0.03395099565386772,-0.17512302100658417,0.3614480811779952,-0.01697566186007471,0.010490577553978753,0.49305714503700493,-0.013160906385900617,-0.02193484397650103,-0.2080949111161985,2.624175824175829,-0.6197802197802176,0.403418803418802,1.3470085470085493,-0.0659340659340657,-0.07570207570207543,-0.18315018315018428,0.0
592209.201979414,432,0.02,0.4191133975982666,-0.023807518184185028,0.01973317191004753,0.5891332030296326,-0.021827299147844315,-0.03410659357905388,-0.1709156334400177,0.370603494316013,-0.017738612954909527,0.011253528648813571,0.5098420691233709,-0.013542381933318026,-0.02193484397650103,-0.2042801556420244,2.624175824175829,-0.5934065934065913,0.3487179487179475,1.6068376068376082,-0.07081807081807057,-0.07570207570207543,-0.1245421245421241,0.0
592209.221935032,433,0.02,0.42772194743156433,-0.024203209206461906,0.019981494173407555,0.6068314909934998,-0.022464394569396973,-0.03428923338651657,-0.16712920367717743,0.3809033340962831,-0.018883039597161755,0.012397955291065799,0.5254825665674847,-0.013923857480735435,-0.02193484397650103,-0.19855802243076326,2.597802197802203,-0.4615384615384599,0.3623931623931611,1.3743589743589766,-0.06105006105006083,-0.0805860805860803,-0.16849816849816968,0.0
592209.241888551,434,0.02,0.43592214584350586,-0.024647166952490807,0.020234299823641777,0.6245568990707397,-0.02309376932680607,-0.03447040170431137,-0.16317395865917206,0.3896772716868835,-0.019264515144579164,0.012397955291065799,0.5418860151064333,-0.014686808575570254,-0.022316319523918438,-0.19321736476691775,2.439560439560445,-0.567032967032965,0.44444444444444287,1.798290598290599,-0.0512820512820511,-0.08547008547008517,-0.18315018315018428,0.0
592209.261957292,435,0.02,0.44470593333244324,-0.02510330267250538,0.020477551966905594,0.6423078179359436,-0.02372281439602375,-0.03463929519057274,-0.15961220860481262,0.39921416037232227,-0.019264515144579164,0.012397955291065799,0.5582894636453819,-0.015068284122987663,-0.022316319523918438,-0.1867322804608218,2.597802197802203,-0.5934065934065913,0.4170940170940156,1.6478632478632491,-0.06105006105006083,-0.08547008547008517,-0.20268620268620374,0.0
592209.281944323,436,0.02,0.45309531688690186,-0.025591913610696793,0.02072407305240631,0.6600827574729919,-0.024347925558686256,-0.0348069928586483,-0.15588755905628204,0.4087510490577575,-0.019264515144579164,0.012397955291065799,0.5754558632791653,-0.015449759670405072,-0.022316319523918438,-0.1821545738918129,2.3076923076923137,-0.6461538461538439,0.4581196581196565,1.8940170940170944,-0.07081807081807057,-0.09035409035409003,-0.21245421245421348,0.0
592209.301898347,437,0.02,0.46200695633888245,-0.026087608188390732,0.02096172235906124,0.6778801679611206,-0.024974018335342407,-0.034964922815561295,-0.15252585709095,0.4171435111009405,-0.019264515144579164,0.012397955291065799,0.5930037384603661,-0.015449759670405072,-0.022316319523918438,-0.18024719615472584,2.624175824175829,-0.6989010989010964,0.44444444444444287,1.8393162393162399,-0.0805860805860803,-0.09035409035409003,-0.11477411477411437,0.0
592209.322077248,438,0.02,0.4705350697040558,-0.026607736945152283,0.02120172418653965,0.6956984996795654,-0.025596842169761658,-0.035121094435453415,-0.14900018274784088,0.42706187533379314,-0.019264515144579164,0.012397955291065799,0.6101701380941496,-0.015449759670405072,-0.022316319523918438,-0.1783398184176388,2.3868131868131925,-0.6989010989010964,0.4717948717948701,1.9350427350427353,-0.09035409035409003,-0.09035409035409003,-0.12942612942612897,0.0
592209.34207512,439,0.02,0.47952476143836975,-0.027132408693432808,0.021434111520648003,0.7135362029075623,-0.02622070163488388,-0.0352691188454628,-0.1457977294921875,0.43507286182955873,-0.019264515144579164,0.012397955291065799,0.6280994888227678,-0.01583123521782248,-0.022316319523918438,-0.17719539177538657,2.6505494505494553,-0.7252747252747227,0.49914529914529737,1.8803418803418808,-0.0952380952380949,-0.0952380952380949,-0.08547008547008517,0.0
592209.36217838,440,0.02,0.48815837502479553,-0.027368975803256035,0.02151656150817871,0.7313917279243469,-0.026791945099830627,-0.035339899361133575,-0.14243052899837494,0.44422827496757655,-0.019264515144579164,0.012397955291065799,0.646028839551386,-0.01583123521782248,-0.022316319523918438,-0.17223620965896025,2.5450549450549502,-0.7780219780219753,0.5264957264957246,1.8666666666666671,-0.0952380952380949,-0.0952380952380949,-0.18315018315018428,0.0
592209.38228385,441,0.02,0.4971875250339508,-0.027631260454654694,0.02160889469087124,0.7492634057998657,-0.027353638783097267,-0.03538672626018524,-0.13929182291030884,0.4514763103685073,-0.019264515144579164,0.012397955291065799,0.6643396658274217,-0.01583123521782248,-0.022316319523918438,-0.16765850308995134,2.808791208791213,-0.8043956043956015,0.512820512820511,1.9623931623931625,-0.10012210012209977,-0.09035409035409003,-0.18315018315018428,0.0
592209.401978795,442,0.02,0.5058398842811584,-0.027932394295930862,0.021684397011995316,0.7671496868133545,-0.027901172637939453,-0.03542821854352951,-0.1358862817287445,0.46025024795910774,-0.019264515144579164,0.012397955291065799,0.6826504921034573,-0.01621271076523989,-0.022316319523918438,-0.1619363698786902,2.7824175824175867,-0.8307692307692278,0.5264957264957246,1.8803418803418808,-0.10500610500610463,-0.0952380952380949,-0.21733821733821834,0.0
592209.421942456,443,0.02,0.5146267414093018,-0.02826743572950363,0.021769728511571884,0.7850489616394043,-0.028441939502954483,-0.03545672819018364,-0.13247904181480408,0.4671168078126211,-0.019264515144579164,0.012397955291065799,0.7009613183794929,-0.01621271076523989,-0.022697795071335847,-0.15888456549935093,2.993406593406597,-0.8571428571428612,0.5401709401709383,1.9350427350427353,-0.10500610500610463,-0.0952380952380949,-0.18803418803418914,0.0
592209.441978223,444,0.02,0.5230438113212585,-0.028625525534152985,0.021843573078513145,0.802959680557251,-0.0289707463234663,-0.035483065992593765,-0.1285063773393631,0.4758907454032215,-0.019264515144579164,0.012397955291065799,0.7192721446555286,-0.0165941863126573,-0.022697795071335847,-0.15468833447775943,2.914285714285718,-0.8307692307692278,0.5538461538461519,1.8666666666666671,-0.10012210012209977,-0.10012210012209977,-0.2222222222222232,0.0
592209.461931308,445,0.02,0.5314710140228271,-0.029010184109210968,0.021928511559963226,0.820880115032196,-0.029496941715478897,-0.03550046682357788,-0.1244419515132904,0.4827573052567349,-0.019264515144579164,0.012397955291065799,0.7379644464789816,-0.018883039597161755,-0.022697795071335847,-0.15430685893034202,3.098901098901102,-0.8571428571428612,0.5538461538461519,1.9897435897435898,-0.03174603174603163,-0.10012210012209977,-0.1245421245421241,0.0
592209.481958261,446,0.02,0.5400098562240601,-0.029408162459731102,0.021993383765220642,0.8388087749481201,-0.03001910261809826,-0.035515643656253815,-0.12047580629587173,0.4915312428473353,-0.019264515144579164,0.012397955291065799,0.7558937972075999,-0.020027466239413982,-0.022697795071335847,-0.15201800564583756,3.0197802197802233,-0.8835164835164875,0.5675213675213655,2.0034188034188034,-0.06105006105006083,-0.10012210012209977,-0.14896214896214843,0.0
592209.502190973,447,0.02,0.5486537218093872,-0.029702849686145782,0.022012677043676376,0.8567438721656799,-0.030521433800458908,-0.03547601401805878,-0.11660939455032349,0.49839780270084866,-0.019645990691996573,0.012397955291065799,0.7745860990310529,-0.02040894178683139,-0.022697795071335847,-0.15049210345616792,3.25714285714286,-0.9098901098901138,0.5538461538461519,1.9760683760683762,-0.07570207570207543,-0.10012210012209977,-0.11965811965811923,0.0
592209.521929402,448,0.02,0.5573887228965759,-0.029743045568466187,0.021897194907069206,0.8746839761734009,-0.030965905636548996,-0.03544051945209503,-0.11283683776855469,0.5064087891966143,-0.019645990691996573,0.012397955291065799,0.7928969253070886,-0.0207904173342488,-0.022697795071335847,-0.14438849469748938,3.1252747252747284,-0.93626373626374,0.5675213675213655,2.085470085470085,-0.0805860805860803,-0.10012210012209977,-0.21245421245421348,0.0
592209.541936037,449,0.02,0.5662012696266174,-0.02982231229543686,0.021776113659143448,0.8926272988319397,-0.03139467164874077,-0.03537642955780029,-0.10915633291006088,0.5140383001449624,-0.019645990691996573,0.012397955291065799,0.8115892271305416,-0.02117189288166621,-0.022697795071335847,-0.13981078812848047,3.389010989010991,-0.93626373626374,0.5811965811965791,1.9623931623931625,-0.0805860805860803,-0.10012210012209977,-0.20268620268620374,0.0
592209.562385996,450,0.02,0.5750873684883118,-0.029944589361548424,0.02164871245622635,0.9105722308158875,-0.03181109204888344,-0.03530488535761833,-0.10556183010339737,0.5212863355458932,-0.020027466239413982,0.012397955291065799,0.8295185778591598,-0.022316319523918438,-0.022697795071335847,-0.13637750820172378,3.2043956043956072,-0.93626373626374,0.5811965811965791,2.1538461538461533,-0.0512820512820511,-0.10012210012209977,-0.18803418803418914,0.0
592209.581954755,451,0.02,0.5840350389480591,-0.030101992189884186,0.02151649072766304,0.9285171627998352,-0.032216768711805344,-0.03522844240069389,-0.10204888880252838,0.5300602731364936,-0.020027466239413982,0.012397955291065799,0.8474479285877781,-0.022697795071335847,-0.022697795071335847,-0.13485160601205415,3.389010989010991,-0.93626373626374,0.5538461538461519,2.1128205128205124,-0.07570207570207543,-0.0952380952380949,-0.14407814407814357,0.0
592209.602108172,452,0.02,0.5930401086807251,-0.030287902802228928,0.021380947902798653,0.946460485458374,-0.03261280804872513,-0.03514867648482323,-0.09861139953136444,0.5380712596322592,-0.020027466239413982,0.012397955291065799,0.8653772793163963,-0.022697795071335847,-0.022697795071335847,-0.1325627527275497,3.3098901098901123,-0.9098901098901138,0.5538461538461519,2.126495726495726,-0.08547008547008517,-0.0952380952380949,-0.1538461538461533,0.0
592209.62195214,453,0.02,0.6021003127098083,-0.030498644337058067,0.02124209888279438,0.964400589466095,-0.03300041705369949,-0.03506632149219513,-0.09524448961019516,0.5468451972228596,-0.02040894178683139,0.012397955291065799,0.8836881055924319,-0.023079270618753256,-0.022697795071335847,-0.1287479972533756,3.4417582417582437,-0.8571428571428612,0.5538461538461519,2.126495726495726,-0.08547008547008517,-0.0952380952380949,-0.18315018315018428,0.0
592209.64210369,454,0.02,0.6112075448036194,-0.030730055645108223,0.02110043354332447,0.9823356866836548,-0.033380620181560516,-0.03498217836022377,-0.09194380044937134,0.5552376592660426,-0.02193484397650103,0.012397955291065799,0.9016174563210502,-0.023079270618753256,-0.023079270618753256,-0.12684061951628856,3.362637362637365,-0.751648351648349,0.4717948717948701,2.3726495726495713,-0.08547008547008517,-0.0952380952380949,-0.1391941391941387,0.0
592209.661950357,455,0.02,0.6203592419624329,-0.030978497117757797,0.020956287160515785,1.000264286994934,-0.03375440463423729,-0.03489678353071213,-0.08870454132556915,0.564011596856643,-0.022697795071335847,0.013160906385900617,0.9195468070496684,-0.023079270618753256,-0.023460746166170665,-0.12493324177920151,3.46813186813187,-0.7252747252747227,0.43076923076922924,2.2905982905982896,-0.0952380952380949,-0.09035409035409003,-0.11965811965811923,0.0
592209.681941148,456,0.02,0.6295551657676697,-0.031241528689861298,0.020809922367334366,1.018184781074524,-0.03412244841456413,-0.03481052815914154,-0.08552215248346329,0.5739299610894957,-0.024223697261005483,0.014305333028152845,0.9367132066834518,-0.023079270618753256,-0.023079270618753256,-0.11997405966277519,3.283516483516486,-0.5406593406593387,0.2529914529914521,2.3726495726495713,-0.0952380952380949,-0.0952380952380949,-0.21733821733821834,0.0
592209.701951136,457,0.02,0.6387939453125,-0.03151784464716911,0.020660795271396637,1.0360954999923706,-0.03448544815182686,-0.034723248332738876,-0.08239248394966125,0.5819409475852613,-0.02613107499809253,0.014305333028152845,0.9550240329594875,-0.023079270618753256,-0.023842221713588074,-0.11425192645151405,3.4945054945054963,-0.4879120879120862,0.403418803418802,2.3726495726495713,-0.10012210012209977,-0.0805860805860803,-0.2368742368742378,0.0
592209.721977391,458,0.02,0.6480697989463806,-0.03180483356118202,0.0205093827098608,1.0539947748184204,-0.03484398126602173,-0.034635286778211594,-0.0793115645647049,0.5914778362706965,-0.028038452735179575,0.014305333028152845,0.9725719081406883,-0.023079270618753256,-0.024223697261005483,-0.10891126878767032,3.362637362637365,-0.38241758241758106,0.33504273504273385,2.5777777777777757,-0.10500610500610463,-0.07081807081807057,-0.2515262515262524,0.0
592209.742031021,459,0.02,0.6573805809020996,-0.03210688754916191,0.02034941129386425,1.0718810558319092,-0.03519819676876068,-0.03457437828183174,-0.0762760192155838,0.6002517738612969,-0.02994583047226662,0.014305333028152845,0.9901197833218891,-0.023079270618753256,-0.024986648355840302,-0.10662241550316587,3.5208791208791226,-0.25054945054944966,0.3487179487179475,2.5094017094017076,-0.10500610500610463,-0.0659340659340657,-0.2075702075702086,0.0
592209.7619987,460,0.02,0.6667270660400391,-0.032410118728876114,0.02019345760345459,1.0897527933120728,-0.03554799407720566,-0.03447841852903366,-0.07328159362077713,0.610551613641567,-0.03070878156710144,0.014305333028152845,1.0072861829556725,-0.023460746166170665,-0.024986648355840302,-0.10204470893415696,3.283516483516486,-0.3296703296703285,0.3076923076923066,2.5914529914529894,-0.10500610500610463,-0.07570207570207543,-0.26129426129426214,0.0
592209.78200619,461,0.02,0.6761083006858826,-0.03272561728954315,0.020028548315167427,1.1076081991195679,-0.035894136875867844,-0.03440820425748825,-0.07032494992017746,0.6197070267795848,-0.03109025711451885,0.014305333028152845,1.0252155336842907,-0.023460746166170665,-0.024986648355840302,-0.10128175783932214,3.3362637362637386,-0.27692307692307594,0.294017094017093,2.7692307692307736,-0.1098901098901095,-0.07570207570207543,-0.1636141636141648,0.0
592209.801938878,462,0.02,0.6855196356773376,-0.033047888427972794,0.019859179854393005,1.1254459619522095,-0.03623698651790619,-0.03433883935213089,-0.06740317493677139,0.6300068665598548,-0.03147173266193626,0.014305333028152845,1.0423819333180742,-0.023460746166170665,-0.024986648355840302,-0.09899290455481768,3.46813186813187,-0.3296703296703285,0.3076923076923066,2.646153846153851,-0.11477411477411437,-0.07081807081807057,-0.18803418803418914,0.0
592209.821880648,463,0.02,0.6949644088745117,-0.03337520360946655,0.019686413928866386,1.1432642936706543,-0.036576688289642334,-0.034267608076334,-0.06451274454593658,0.6399252307927075,-0.032616159304188486,0.014305333028152845,1.0603112840466924,-0.023460746166170665,-0.024986648355840302,-0.09632257572289582,3.2043956043956072,-0.1978021978021971,0.2529914529914521,2.823931623931628,-0.11477411477411437,-0.0659340659340657,-0.20268620268620374,0.0
592209.842051801,464,0.02,0.7044393420219421,-0.03370680660009384,0.019510237500071526,1.1610617637634277,-0.03691338375210762,-0.034194353967905045,-0.06165076792240143,0.6494621194781427,-0.033379110399023304,0.014305333028152845,1.0782406347753106,-0.023460746166170665,-0.024986648355840302,-0.09212634470130432,3.5208791208791226,-0.27692307692307594,0.28034188034187935,2.7282051282051327,-0.11965811965811923,-0.0659340659340657,-0.23199023199023294,0.0
592209.861956471,465,0.02,0.7139447927474976,-0.03404241427779198,0.019329730421304703,1.178836703300476,-0.03724772855639458,-0.03411861136555672,-0.05881454423069954,0.6601434348058302,-0.033379110399023304,0.014305333028152845,1.095407034409094,-0.023460746166170665,-0.024986648355840302,-0.08831158922713023,3.178021978021981,-0.3032967032967022,0.2666666666666657,2.90598290598291,-0.11965811965811923,-0.07081807081807057,-0.24664224664224754,0.0
592209.881929342,466,0.02,0.7234781980514526,-0.03438141942024231,0.019145485013723373,1.1965876817703247,-0.03757941350340843,-0.03404064476490021,-0.05600173771381378,0.669298847943848,-0.033379110399023304,0.014305333028152845,1.1137178606851297,-0.023460746166170665,-0.024986648355840302,-0.08487830930037354,3.46813186813187,-0.3032967032967022,0.23931623931623847,2.8376068376068417,-0.12942612942612897,-0.0659340659340657,-0.23199023199023294,0.0
592209.901914775,467,0.02,0.7330401539802551,-0.03472314029932022,0.01895688660442829,1.21431303024292,-0.037909094244241714,-0.03396008908748627,-0.0532095804810524,0.6784542610818658,-0.033379110399023304,0.014305333028152845,1.130884260318913,-0.023460746166170665,-0.024986648355840302,-0.08258945601586909,3.4417582417582437,-0.3296703296703285,0.22564102564102484,2.9606837606837644,-0.12942612942612897,-0.0659340659340657,-0.23199023199023294,0.0
592209.921943591,468,0.02,0.742627739906311,-0.03506671264767647,0.018764426931738853,1.232011318206787,-0.0382365807890892,-0.033876918256282806,-0.050435613840818405,0.6883726253147184,-0.033379110399023304,0.014305333028152845,1.1488136110475313,-0.023460746166170665,-0.024986648355840302,-0.07991912718394723,3.389010989010991,-0.3560439560439548,0.2119658119658112,2.974358974358978,-0.13431013431013383,-0.07081807081807057,-0.2368742368742378,0.0
592209.941954325,469,0.02,0.7522426843643188,-0.03541254252195358,0.018567252904176712,1.2496811151504517,-0.038562193512916565,-0.03379080444574356,-0.0476774238049984,0.6979095140001537,-0.033379110399023304,0.014305333028152845,1.1663614862287321,-0.023842221713588074,-0.024986648355840302,-0.07610437170977313,3.4945054945054963,-0.3560439560439548,0.2119658119658112,2.9196581196581235,-0.13431013431013383,-0.0659340659340657,-0.2710622710622719,0.0
592209.962092831,470,0.02,0.7618838548660278,-0.03576025739312172,0.01836559548974037,1.2673208713531494,-0.038885749876499176,-0.03370160609483719,-0.044932447373867035,0.7078278782330063,-0.033379110399023304,0.014305333028152845,1.1835278858625173,-0.023842221713588074,-0.024986648355840302,-0.07343404287785127,3.362637362637365,-0.38241758241758106,0.17094017094017033,3.124786324786328,-0.14407814407814357,-0.07081807081807057,-0.2564102564102573,0.0
592209.982010363,471,0.02,0.7715497016906738,-0.03611346706748009,0.018152568489313126,1.2849290370941162,-0.03920794650912285,-0.033637579530477524,-0.04219891130924225,0.7166018158236067,-0.033379110399023304,0.014305333028152845,1.2014572365911356,-0.023842221713588074,-0.024986648355840302,-0.07152666514076422,3.6791208791208803,-0.40879120879120734,0.1572649572649567,3.0700854700854734,-0.1391941391941387,-0.0659340659340657,-0.21733821733821834,0.0
592210.001981459,472,0.02,0.7812415957450867,-0.03646277263760567,0.017942510545253754,1.302504301071167,-0.0395280160009861,-0.03353695571422577,-0.03947434574365616,0.7269016556038768,-0.033379110399023304,0.014305333028152845,1.2182421606775016,-0.023842221713588074,-0.024986648355840302,-0.0665674830243379,3.4945054945054963,-0.4615384615384599,0.1572649572649567,3.124786324786328,-0.14407814407814357,-0.06105006105006083,-0.3150183150183157,0.0
592210.022019399,473,0.02,0.7909574508666992,-0.036820586770772934,0.01771530695259571,1.3200452327728271,-0.03984702378511429,-0.033482879400253296,-0.036756496876478195,0.7349126420996424,-0.033379110399023304,0.014305333028152845,1.2369344625009546,-0.023842221713588074,-0.02536812390325771,-0.06427862973983345,3.731868131868133,-0.4615384615384599,0.14358974358974308,3.1658119658119688,-0.14407814407814357,-0.056166056166055967,-0.26129426129426214,0.0
592210.041928479,474,0.02,0.8007000088691711,-0.03717141970992088,0.017494365572929382,1.3375502824783325,-0.040164295583963394,-0.033376067876815796,-0.03404323011636734,0.744831006332495,-0.033379110399023304,0.014305333028152845,1.254100862134738,-0.023842221713588074,-0.02536812390325771,-0.05931944762340713,3.7054945054945065,-0.4879120879120862,0.12991452991452945,3.042735042735046,-0.14896214896214843,-0.06105006105006083,-0.33455433455433514,0.0
592210.061902229,475,0.02,0.8104649782180786,-0.037529297173023224,0.017256297171115875,1.3550182580947876,-0.04047984257340431,-0.033313874155282974,-0.03133317455649376,0.7536049439230954,-0.033379110399023304,0.014305333028152845,1.2724116884107737,-0.023842221713588074,-0.02536812390325771,-0.05741206988632008,3.6791208791208803,-0.5142857142857125,0.1025641025641022,3.2478632478632505,-0.14896214896214843,-0.06105006105006083,-0.2564102564102573,0.0
592210.082236009,476,0.02,0.8202521204948425,-0.03787904232740402,0.01702440157532692,1.3724476099014282,-0.04079318419098854,-0.03319929540157318,-0.02862425148487091,0.763523308155948,-0.033379110399023304,0.014305333028152845,1.2899595635919745,-0.023842221713588074,-0.024986648355840302,-0.057030594338902674,3.6791208791208803,-0.5142857142857125,0.08888888888888857,3.152136752136755,-0.14896214896214843,-0.0659340659340657,-0.21733821733821834,0.0
592210.101895084,477,0.02,0.8300606608390808,-0.03823459520936012,0.01677588000893593,1.3898370265960693,-0.04110439494252205,-0.03312838077545166,-0.025914765894412994,0.7722972457465485,-0.033379110399023304,0.014305333028152845,1.3075074387731753,-0.024223697261005483,-0.024986648355840302,-0.055886167696650446,3.7054945054945065,-0.5406593406593387,0.07521367521367495,3.261538461538464,-0.1538461538461533,-0.0659340659340657,-0.23199023199023294,0.0
592210.122129078,478,0.02,0.8398959636688232,-0.0385829396545887,0.01653294637799263,1.4071853160858154,-0.04141329601407051,-0.033005233854055405,-0.023201728239655495,0.7822156099794011,-0.033379110399023304,0.014305333028152845,1.3254367895017936,-0.024223697261005483,-0.024986648355840302,-0.05283436331731117,3.8901098901098905,-0.5406593406593387,0.06153846153846132,3.083760683760687,-0.1538461538461533,-0.06105006105006083,-0.266178266178267,0.0
592210.141966646,479,0.02,0.8497517704963684,-0.03894047811627388,0.016265707090497017,1.4244909286499023,-0.041720807552337646,-0.03295184299349785,-0.020483635365962982,0.7921339742122537,-0.033379110399023304,0.014305333028152845,1.3437476157778292,-0.024605172808422893,-0.024986648355840302,-0.04940108339055449,3.731868131868133,-0.567032967032965,0.06153846153846132,3.2478632478632505,-0.14896214896214843,-0.0659340659340657,-0.2710622710622719,0.0
592210.162119979,480,0.02,0.859510600566864,-0.039324697107076645,0.0159335695207119,1.4417529106140137,-0.04204920679330826,-0.03288855031132698,-0.017786623910069466,0.8012893873502716,-0.033379110399023304,0.014305333028152845,1.36129549095903,-0.02536812390325771,-0.024986648355840302,-0.04940108339055449,3.863736263736264,-0.5934065934065913,0.03418803418803407,3.2478632478632505,-0.1245421245421241,-0.06105006105006083,-0.20268620268620374,0.0
592210.181957051,481,0.02,0.868851900100708,-0.039816658943891525,0.01536269299685955,1.4589697122573853,-0.04246210679411888,-0.032827433198690414,-0.015182022005319595,0.8112077515831242,-0.033379110399023304,0.014305333028152845,1.3788433661402308,-0.027275501640344757,-0.024986648355840302,-0.04825665674830226,3.942857142857143,-0.6197802197802176,0.03418803418803407,3.234188034188037,-0.0805860805860803,-0.0659340659340657,-0.21733821733821834,0.0
592210.202120814,482,0.02,0.8777816891670227,-0.04040028527379036,0.01457054354250431,1.4761402606964111,-0.042960986495018005,-0.03270542994141579,-0.012660248205065727,0.8211261158159768,-0.033379110399023304,0.014305333028152845,1.3963912413214317,-0.027656977187762166,-0.024986648355840302,-0.047493705653467444,3.8109890109890117,-0.6461538461538439,0.02051282051282044,3.2888888888888914,-0.11965811965811923,-0.06105006105006083,-0.192918192918194,0.0
592210.221959492,483,0.02,0.8863544464111328,-0.041061654686927795,0.013575337827205658,1.4932632446289062,-0.04354194551706314,-0.03252890706062317,-0.010201902128756046,0.8306630045014121,-0.033379110399023304,0.014305333028152845,1.4131761654077977,-0.028038452735179575,-0.024986648355840302,-0.04329747463187594,3.9956043956043956,-0.6461538461538439,-0.006837606837606813,3.3162393162393187,-0.1245421245421241,-0.056166056166055967,-0.2954822954822962,0.0
592210.242115832,484,0.02,0.8946186900138855,-0.041788943111896515,0.0123923160135746,1.5103375911712646,-0.044201936572790146,-0.032305147498846054,-0.0077894702553749084,0.8405813687342647,-0.033379110399023304,0.014305333028152845,1.4299610894941637,-0.028801403830014394,-0.024986648355840302,-0.03604943923094517,3.8109890109890117,-0.6725274725274701,-0.04786324786324769,3.6854700854700866,-0.10500610500610463,-0.0659340659340657,-0.3687423687423692,0.0
592210.261934584,485,0.02,0.90262371301651,-0.04257230460643768,0.011033161543309689,1.5273621082305908,-0.044939346611499786,-0.032039884477853775,-0.005406710784882307,0.8493553063248651,-0.033379110399023304,0.014305333028152845,1.4463645380331123,-0.03070878156710144,-0.024986648355840302,-0.03185320820935367,3.9692307692307693,-0.7252747252747227,-0.11623931623931583,3.521367521367523,-0.07570207570207543,-0.0659340659340657,-0.3443223443223449,0.0
592210.281957951,486,0.02,0.91041499376297,-0.043403297662734985,0.009509187191724777,1.5443356037139893,-0.045752182602882385,-0.03173891827464104,-0.0030389362946152687,0.8600366216525526,-0.03376058594644071,0.014305333028152845,1.462005035477226,-0.03109025711451885,-0.02536812390325771,-0.028419928282596985,3.652747252747254,-0.7780219780219753,-0.18461538461538396,3.712820512820514,-0.1098901098901095,-0.06105006105006083,-0.34920634920634974,0.0
592210.301987965,487,0.02,0.9180384874343872,-0.04427424073219299,0.00782840047031641,1.5612571239471436,-0.046640265733003616,-0.031406521797180176,-0.0006729508168064058,0.8695735103379878,-0.03376058594644071,0.013923857480735435,1.478789959563592,-0.03109025711451885,-0.02536812390325771,-0.024605172808422893,3.6791208791208803,-0.8307692307692278,-0.2666666666666657,3.712820512820514,-0.11965811965811923,-0.06105006105006083,-0.3833943833943838,0.0
592210.322111456,488,0.02,0.9255399703979492,-0.04517810791730881,0.005998391658067703,1.5781255960464478,-0.047603540122509,-0.03104688972234726,0.001704727066680789,0.879110399023423,-0.03376058594644071,0.013923857480735435,1.4951934081025406,-0.03109025711451885,-0.024986648355840302,-0.019645990691996573,3.6791208791208803,-0.8571428571428612,-0.3487179487179475,3.7675213675213683,-0.12942612942612897,-0.056166056166055967,-0.40781440781440814,0.0
592210.342161649,489,0.02,0.9329604506492615,-0.04610992223024368,0.004024865105748177,1.5949398279190063,-0.048641979694366455,-0.03066389076411724,0.004105407744646072,0.8878843366140234,-0.03414206149385812,0.013923857480735435,1.5112153810940718,-0.03147173266193626,-0.02536812390325771,-0.015449759670405072,3.5208791208791226,-0.8307692307692278,-0.45811965811966004,3.890598290598291,-0.13431013431013383,-0.0512820512820511,-0.40781440781440814,0.0
592210.361929591,490,0.02,0.94033282995224,-0.04706275463104248,0.0019150834996253252,1.611698865890503,-0.049755796790122986,-0.030261944979429245,0.0065312753431499004,0.8974212252994587,-0.03528648813611035,0.013923857480735435,1.527237354085603,-0.03147173266193626,-0.024986648355840302,-0.012779430838483208,3.5208791208791226,-0.7780219780219753,-0.5675213675213691,3.8632478632478637,-0.13431013431013383,-0.056166056166055967,-0.3833943833943838,0.0
592210.381951311,491,0.02,0.9476584792137146,-0.04802878573536873,-0.0003190812421962619,1.628401756286621,-0.05094179883599281,-0.029847195371985435,0.008965236134827137,0.9061951628900591,-0.03643091477836258,0.013923857480735435,1.5436408026245516,-0.03147173266193626,-0.02536812390325771,-0.012397955291065799,3.4153846153846175,-0.8307692307692278,-0.7042735042735053,4.027350427350427,-0.14407814407814357,-0.0512820512820511,-0.33943833943834,0.0
592210.401945418,492,0.02,0.954949676990509,-0.049002375453710556,-0.0026708112563937902,1.645047664642334,-0.05219903960824013,-0.029423464089632034,0.011402805335819721,0.9142061493858247,-0.03643091477836258,0.013542381933318026,1.5604257267109176,-0.03185320820935367,-0.02536812390325771,-0.01163500419623098,3.4945054945054963,-0.93626373626374,-0.7863247863247871,3.890598290598291,-0.14896214896214843,-0.04639804639804623,-0.31990231990232054,0.0
592210.422201392,493,0.02,0.9622155427932739,-0.04997815191745758,-0.005132307764142752,1.661635398864746,-0.05352606251835823,-0.02899499610066414,0.013840999454259872,0.9222171358815903,-0.03681239032577999,0.01163500419623098,1.5772106507972836,-0.032616159304188486,-0.02536812390325771,-0.008201724269474298,3.46813186813187,-0.9626373626373663,-0.5264957264957282,3.931623931623932,-0.1391941391941387,-0.04151404151404137,-0.39316239316239354,0.0
592210.442143895,494,0.02,0.969455361366272,-0.05095142126083374,-0.007697194814682007,1.6781643629074097,-0.05492149293422699,-0.02856486663222313,0.01627616584300995,0.9287022201876862,-0.037193865873197396,0.009346150911726525,1.5951400015259019,-0.03528648813611035,-0.02536812390325771,-0.005531395437552433,3.731868131868133,-0.9890109890109926,-0.6632478632478644,3.9042735042735046,-0.08547008547008517,-0.03174603174603163,-0.36385836385836434,0.0
592210.461955313,495,0.02,0.9766640663146973,-0.051917362958192825,-0.010358434170484543,1.6946336030960083,-0.05638369917869568,-0.028136342763900757,0.018702354282140732,0.9348058289463648,-0.037193865873197396,0.006675822079804661,1.6115434500648504,-0.03833829251544962,-0.02536812390325771,-0.005149919890135024,3.7054945054945065,-1.0681318681318714,-0.6632478632478644,4.013675213675214,-0.0366300366300365,-0.03174603174603163,-0.3150183150183157,0.0
592210.481985034,496,0.02,0.9838256239891052,-0.05287197232246399,-0.013109086081385612,1.7110422849655151,-0.057910479605197906,-0.02771235629916191,0.02111278846859932,0.9416723887998781,-0.037193865873197396,0.0040054932478827965,1.6287098496986339,-0.03986419470511926,-0.02536812390325771,-0.005149919890135024,3.8109890109890117,-1.0945054945054977,-0.7589743589743598,3.8769230769230774,-0.0805860805860803,-0.03174603174603163,-0.29059829059829134,0.0
592210.501954333,497,0.02,0.9909161329269409,-0.05381157994270325,-0.015941636636853218,1.7273896932601929,-0.059499096125364304,-0.027295654639601707,0.02350311353802681,0.9470130464637219,-0.03910124361028444,0.0020981155107957505,1.646639200427252,-0.042153047989623715,-0.024986648355840302,-0.005149919890135024,3.9692307692307693,-0.93626373626374,-0.8000000000000007,3.9042735042735046,-0.06105006105006083,-0.026862026862026767,-0.27594627594627674,0.0
592210.521954873,498,0.02,0.9979095458984375,-0.05473298951983452,-0.018849413841962814,1.7436749935150146,-0.061147209256887436,-0.02688831463456154,0.025869371369481087,0.952735179674983,-0.041771572442206306,-0.0005722133211261138,1.6638056000610355,-0.042534523537041125,-0.024986648355840302,-0.004386968795300206,3.916483516483517,-0.7252747252747227,-0.6358974358974372,3.9452991452991455,-0.1098901098901095,-0.026862026862026767,-0.27594627594627674,0.0
592210.541985296,499,0.02,1.0047730207443237,-0.0556345134973526,-0.021827450022101402,1.7598974704742432,-0.06285227090120316,-0.02649119682610035,0.028208361938595772,0.9588387884336615,-0.04482337682154558,-0.002861066605630569,1.680971999694819,-0.04367895017929335,-0.024986648355840302,-0.0040054932478827965,4.048351648351648,-0.567032967032965,-0.7726495726495735,3.8358974358974365,-0.10500610500610463,-0.0219780219780219,-0.26129426129426214,0.0
592210.562151227,500,0.02,1.0114624500274658,-0.05651401728391647,-0.024868685752153397,1.7760565280914307,-0.06461165845394135,-0.02610575594007969,0.030521700158715248,0.9645609216449227,-0.04787518120088485,-0.005531395437552433,1.6989013504234372,-0.047493705653467444,-0.024986648355840302,-0.002861066605630569,4.232967032967032,-0.4879120879120862,-0.7726495726495735,3.781196581196582,-0.0073260073260073,-0.017094017094017033,-0.27594627594627674,0.0
592210.58193626,501,0.02,1.0179369449615479,-0.05737094581127167,-0.0279680248349905,1.7921514511108398,-0.06642314791679382,-0.025732405483722687,0.032814666628837585,0.9706645304036012,-0.05054551003280672,-0.008583199816891707,1.7156862745098032,-0.04940108339055449,-0.024986648355840302,0.0005722133211261138,4.285714285714285,-0.38241758241758106,-0.7042735042735053,3.9452991452991455,-0.04639804639804623,-0.0073260073260073,-0.31990231990232054,0.0
592210.601957856,502,0.02,1.0241434574127197,-0.05820517614483833,-0.031120797619223595,1.808181643486023,-0.06828522682189941,-0.025371013209223747,0.035094670951366425,0.9763866636148624,-0.051308461127641536,-0.012779430838483208,1.7324711985961692,-0.0497825589379719,-0.024986648355840302,0.0020981155107957505,4.39120879120879,-0.4879120879120862,-0.4854700854700873,3.890598290598291,-0.1098901098901095,-0.0024420024420024333,-0.2710622710622719,0.0
592210.621945113,503,0.02,1.030026912689209,-0.059018515050411224,-0.034324198961257935,1.8241465091705322,-0.0701972246170044,-0.025020716711878777,0.037377990782260895,0.9824902723735409,-0.05283436331731117,-0.017357137407492118,1.7488746471351178,-0.05016403448538931,-0.024986648355840302,0.0024795910582131597,4.3648351648351635,-0.5142857142857125,-0.5811965811965827,3.9726495726495727,-0.1245421245421241,-0.0073260073260073,-0.2564102564102573,0.0
592210.641959921,504,0.02,1.0355201959609985,-0.05981249734759331,-0.0375751256942749,1.840045690536499,-0.0721602737903595,-0.024680493399500847,0.039688557386398315,0.9897383077744717,-0.05283436331731117,-0.02193484397650103,1.764896620126649,-0.05016403448538931,-0.024605172808422893,0.002861066605630569,4.127472527472527,-0.6197802197802176,-0.45811965811966004,3.958974358974359,-0.14407814407814357,0.0024420024420024333,-0.24175824175824268,0.0
592210.662134384,505,0.02,1.0405521392822266,-0.06059051677584648,-0.04087245836853981,1.8558783531188965,-0.07417716085910797,-0.024348650127649307,0.042060066014528275,0.9962233920805676,-0.05283436331731117,-0.02651255054550994,1.7809185931181801,-0.05092698558022413,-0.024605172808422893,0.002861066605630569,4.18021978021978,-0.6989010989010964,-0.4170940170940156,3.9726495726495727,-0.14407814407814357,0.0024420024420024333,-0.21245421245421348,0.0
592210.681991798,506,0.02,1.0450341701507568,-0.061357613652944565,-0.04421805962920189,1.871644377708435,-0.07625424861907959,-0.024022331461310387,0.04454252868890762,1.003089951934081,-0.05283436331731117,-0.02994583047226662,1.7969405661097113,-0.05283436331731117,-0.024605172808422893,0.004768444342717615,3.8901098901098905,-0.7780219780219753,-0.5675213675213691,4.123076923076923,-0.10500610500610463,0.012210012210012167,-0.2515262515262524,0.0
592210.702138107,507,0.02,1.0488581657409668,-0.062120795249938965,-0.04761550948023796,1.887343168258667,-0.07840308547019958,-0.023699240759015083,0.047211091965436935,1.009575036240177,-0.05283436331731117,-0.032997634851605895,1.812581063553825,-0.056267643244067855,-0.024223697261005483,0.006675822079804661,4.048351648351648,-0.8307692307692278,-0.4170940170940156,4.1641025641025635,-0.06105006105006083,0.0073260073260073,-0.2564102564102573,0.0
592210.72204926,508,0.02,1.0517983436584473,-0.06289372593164444,-0.05107603967189789,1.9029743671417236,-0.08064741641283035,-0.023374294862151146,0.05020366236567497,1.016060120546273,-0.05283436331731117,-0.03604943923094517,1.8278400854505215,-0.05741206988632008,-0.024223697261005483,0.01163500419623098,3.9692307692307693,-0.9098901098901138,-0.5811965811965827,4.123076923076923,-0.11477411477411437,0.0219780219780219,-0.3443223443223449,0.0
592210.741962812,509,0.02,1.0534477233886719,-0.06370020657777786,-0.05462513491511345,1.9185374975204468,-0.08304104208946228,-0.02304025925695896,0.05380227789282799,1.0221637293049515,-0.05283436331731117,-0.03871976806286703,1.8434805828946352,-0.05779354543373749,-0.024223697261005483,0.017357137407492118,3.731868131868133,-0.9626373626373663,-0.6358974358974372,4.3008547008547,-0.15873015873015994,0.0219780219780219,-0.412698412698413,0.0
592210.761953653,510,0.02,1.0535169839859009,-0.06457116454839706,-0.05830961838364601,1.9340324401855469,-0.08567048609256744,-0.022690406069159508,0.058411382138729095,1.0271229114213778,-0.05283436331731117,-0.04062714579995408,1.8583581292439142,-0.05855649652857231,-0.024223697261005483,0.022697795071335847,3.731868131868133,-0.9890109890109926,-0.8000000000000007,4.4239316239316295,-0.1636141636141648,0.03174603174603163,-0.3980463980463984,0.0
592210.782300602,511,0.02,1.052729845046997,-0.06551884859800339,-0.06212315708398819,1.9494588375091553,-0.08857520669698715,-0.02233569324016571,0.0641106590628624,1.0320820935378041,-0.05321583886472858,-0.042153047989623715,1.8728542000457757,-0.060845349813076766,-0.024223697261005483,0.027656977187762166,3.6791208791208803,-1.0417582417582452,-0.8683760683760688,4.451282051282057,-0.1245421245421241,0.026862026862026767,-0.4175824175824179,0.0
592210.802113864,512,0.02,1.051912784576416,-0.06649462878704071,-0.06606245040893555,1.9648165702819824,-0.09169626981019974,-0.021994536742568016,0.0706101655960083,1.036659800106813,-0.05321583886472858,-0.04482337682154558,1.8869687953002199,-0.06542305638208568,-0.024223697261005483,0.03109025711451885,3.4153846153846175,-1.0945054945054977,-0.8000000000000007,4.642735042735048,-0.0512820512820511,0.0366300366300365,-0.39316239316239354,0.0
592210.822364696,513,0.02,1.0510685443878174,-0.06750064343214035,-0.07012806087732315,1.9801051616668701,-0.0950295552611351,-0.02166825719177723,0.07788284122943878,1.0400930800335697,-0.05321583886472858,-0.04825665674830226,1.901083390554664,-0.06771190966659013,-0.024223697261005483,0.03490501258869294,3.3098901098901123,-1.1736263736263766,-1.0188034188034187,4.711111111111116,-0.09035409035409003,0.04639804639804623,-0.3980463980463984,0.0
592210.843361688,514,0.02,1.0501458644866943,-0.06854593753814697,-0.07432111352682114,1.995324730873108,-0.09858591854572296,-0.02135883830487728,0.08596466481685638,1.0423819333180742,-0.05321583886472858,-0.05092698558022413,1.9163424124513604,-0.07000076295109459,-0.024223697261005483,0.04062714579995408,3.2307692307692335,-1.2263736263736291,-0.9914529914529915,4.656410256410261,-0.11477411477411437,0.04151404151404137,-0.42246642246642274,0.0
592210.862229039,515,0.02,1.0490961074829102,-0.06964226067066193,-0.07864376157522202,2.010474920272827,-0.10238036513328552,-0.021068565547466278,0.09490517526865005,1.0439078355077438,-0.05359731441214599,-0.05474174105439822,1.9312199588006393,-0.07419699397268609,-0.024223697261005483,0.047112230106050035,3.0197802197802233,-1.2791208791208817,-1.0188034188034187,4.847863247863252,-0.04639804639804623,0.04151404151404137,-0.45177045177045194,0.0
592210.882295864,516,0.02,1.0478646755218506,-0.07080350071191788,-0.08310014009475708,2.0255558490753174,-0.10643021017313004,-0.020798537880182266,0.10475869476795197,1.0442893110551612,-0.05436026550698081,-0.05893797207598972,1.945716029602501,-0.07648584725719054,-0.024223697261005483,0.052071412222476354,3.098901098901102,-1.1472527472527503,-0.9230769230769234,4.820512820512825,-0.11477411477411437,0.04151404151404137,-0.42246642246642274,0.0
592210.902240333,517,0.02,1.0463882684707642,-0.07204750925302505,-0.0876968502998352,2.040567398071289,-0.11075542122125626,-0.02054913528263569,0.11559086292982101,1.0442893110551612,-0.056267643244067855,-0.06275272755016381,1.9605935759517834,-0.07839322499427759,-0.024223697261005483,0.057030594338902674,2.993406593406597,-1.120879120879124,-1.1145299145299141,4.875213675213679,-0.11965811965811923,0.0512820512820511,-0.37851037851037894,0.0
592210.921984004,518,0.02,1.044603943824768,-0.07339391857385635,-0.092441126704216,2.055509567260742,-0.11537739634513855,-0.02032015658915043,0.12746311724185944,1.0439078355077438,-0.05893797207598972,-0.06694895857175531,1.9762340733958972,-0.08220798046845168,-0.023842221713588074,0.06427862973983345,2.914285714285718,-0.9098901098901138,-1.0188034188034187,4.779487179487184,-0.09035409035409003,0.04639804639804623,-0.3980463980463984,0.0
592210.941939764,519,0.02,1.0424325466156006,-0.0748666450381279,-0.09734585136175156,2.0703823566436768,-0.120324045419693,-0.02010885812342167,0.1404562145471573,1.0435263599603264,-0.06313420309758122,-0.07114518959334681,1.9926375219348458,-0.08449683375295614,-0.023842221713588074,0.07228961623559904,2.808791208791213,-0.5934065934065913,-1.0735042735042732,4.752136752136757,-0.1538461538461533,0.04639804639804623,-0.4175824175824179,0.0
592210.962269411,520,0.02,1.0397874116897583,-0.07649663090705872,-0.10239347070455551,2.085186004638672,-0.12562468647956848,-0.019827019423246384,0.15465815365314484,1.0427634088654916,-0.06694895857175531,-0.07572289616235572,2.009422446021212,-0.08793011367971282,-0.024223697261005483,0.08106355382619945,2.7560439560439605,-0.4615384615384599,-1.1008547008547005,4.724786324786329,-0.1098901098901095,0.056166056166055967,-0.37851037851037894,0.0
592210.981935825,521,0.02,1.0366746187210083,-0.07826130092144012,-0.10745196789503098,2.0994577407836914,-0.13113293051719666,-0.019529065117239952,0.1696581393480301,1.0416189822232393,-0.06961928740367718,-0.08106355382619945,2.0250629434653256,-0.09365224689097396,-0.023842221713588074,0.09021896696421727,2.624175824175829,-0.5142857142857125,-0.9504273504273506,4.847863247863252,-0.0512820512820511,0.0512820512820511,-0.3540903540903546,0.0
592211.002450291,522,0.02,1.0331310033798218,-0.08008290082216263,-0.11237037926912308,2.11262845993042,-0.13660144805908203,-0.01922210305929184,0.18465812504291534,1.0404745555809871,-0.07000076295109459,-0.087167162584878,2.0410849164568567,-0.09899290455481768,-0.023460746166170665,0.10013733119706991,2.624175824175829,-0.7780219780219753,-0.8683760683760688,4.683760683760688,-0.0366300366300365,0.04639804639804623,-0.3687423687423692,0.0
592211.022253438,523,0.02,1.0291091203689575,-0.08197406679391861,-0.11720232665538788,2.124830961227417,-0.14206260442733765,-0.01889331452548504,0.1996581107378006,1.0389486533913175,-0.07000076295109459,-0.09365224689097396,2.0574883649958053,-0.10318913557640919,-0.023079270618753256,0.11120012207217478,2.439560439560445,-0.93626373626374,-0.8683760683760688,4.683760683760688,-0.1098901098901095,0.04639804639804623,-0.3589743589743595,0.0
592211.041941108,524,0.02,1.0245742797851562,-0.08394116163253784,-0.12201021611690521,2.1361358165740967,-0.1475396454334259,-0.018614839762449265,0.21465809643268585,1.0378042267490653,-0.070382238498512,-0.0997558556496525,2.0735103379873365,-0.10700389105058328,-0.022316319523918438,0.12417029068436669,2.228571428571435,-1.0681318681318714,-0.7863247863247871,4.519658119658125,-0.0952380952380949,0.04151404151404137,-0.3736263736263741,0.0
592211.062089509,525,0.02,1.0194989442825317,-0.08598935604095459,-0.12680555880069733,2.1466026306152344,-0.15305089950561523,-0.01832418516278267,0.2296580821275711,1.0355153734645608,-0.07000076295109459,-0.10509651331349623,2.088769359884033,-0.11081864652475737,-0.022316319523918438,0.13523308155947156,2.043956043956051,-1.2000000000000028,-0.8820512820512825,4.670085470085475,-0.14896214896214843,0.0512820512820511,-0.2954822954822962,0.0
592211.082046885,526,0.02,1.0138620138168335,-0.08813361078500748,-0.13158603012561798,2.1562740802764893,-0.15860924124717712,-0.01799103058874607,0.24465806782245636,1.0339894712748912,-0.07000076295109459,-0.10852979324025291,2.0986877241168855,-0.11310749980926182,-0.022316319523918438,0.14362554360265456,2.2021978021978086,-1.2791208791208817,-1.005128205128205,4.588034188034193,-0.1538461538461533,0.056166056166055967,-0.33455433455433514,0.0
592211.101940003,527,0.02,1.007647156715393,-0.09038329869508743,-0.13636557757854462,2.165178060531616,-0.16422736644744873,-0.017613423988223076,0.2596580684185028,1.0290302891584648,-0.07190814068818163,-0.11387045090409664,2.115091172655834,-0.12111848630502742,-0.022316319523918438,0.16308079652094243,2.149450549450556,-1.1472527472527503,-1.0324786324786324,4.683760683760688,-0.07570207570207543,0.056166056166055967,-0.3736263736263741,0.0
592211.121972771,528,0.02,1.0008389949798584,-0.09274658560752869,-0.14115212857723236,2.173333168029785,-0.1699160635471344,-0.01719157211482525,0.27465805411338806,1.0248340581368733,-0.0745784695201035,-0.11806668192568814,2.126153963530939,-0.1283665217059582,-0.022316319523918438,0.17986572060730843,2.070329670329677,-1.0681318681318714,-1.046153846153846,4.820512820512825,-0.0366300366300365,0.06105006105006083,-0.3833943833943838,0.0
592211.141945941,529,0.02,0.9934225082397461,-0.09523238986730576,-0.14595218002796173,2.180748224258423,-0.17568433284759521,-0.016725905239582062,0.2896580398082733,1.0194934004730296,-0.07839322499427759,-0.12149996185244483,2.1356908522163742,-0.1325627527275497,-0.022316319523918438,0.19359884031433516,2.0175824175824246,-0.8835164835164875,-1.2376068376068368,4.888888888888893,-0.10012210012209977,0.07081807081807057,-0.3540903540903546,0.0
592211.162443903,530,0.02,0.985388994216919,-0.09784852713346481,-0.15076720714569092,2.187424659729004,-0.18153917789459229,-0.01621875911951065,0.30465802550315857,1.0141527428091859,-0.08258945601586909,-0.12531471732661892,2.144846265354392,-0.137521934843976,-0.022316319523918438,0.20695048447394448,2.070329670329677,-0.7252747252747227,-1.1008547008547005,4.779487179487184,-0.10012210012209977,0.07081807081807057,-0.37851037851037894,0.0
592211.182854891,531,0.02,0.9767428040504456,-0.1005997285246849,-0.15559446811676025,2.193359851837158,-0.1874855011701584,-0.015674980357289314,0.3196580111980438,1.0072861829556725,-0.08640421149004318,-0.12951094834821042,2.15400167849241,-0.1451514457923242,-0.022316319523918438,0.22335393301289308,1.9384615384615458,-0.6989010989010964,-1.2102564102564095,4.888888888888893,-0.0219780219780219,0.07081807081807057,-0.3833943833943838,0.0
592211.20193659,532,0.02,0.9674671292304993,-0.10349687933921814,-0.16043898463249207,2.1985557079315186,-0.19353091716766357,-0.015096761286258698,0.3346579968929291,1.0004196231021592,-0.08907454032196505,-0.13447013046463674,2.161631189440758,-0.15087357900358533,-0.022316319523918438,0.23823147936217204,1.9384615384615458,-0.751648351648349,-1.1418803418803414,4.91623931623932,-0.07081807081807057,0.07570207570207543,-0.33943833943834,0.0
592211.221985305,533,0.02,0.957543134689331,-0.10655032843351364,-0.16530294716358185,2.2030045986175537,-0.199684277176857,-0.014486967585980892,0.34965798258781433,0.9931715877012284,-0.09098191805905209,-0.14019226367589788,2.1684977492942714,-0.15506981002517684,-0.022316319523918438,0.25158312352178136,1.780219780219788,-0.93626373626374,-1.1965811965811959,4.970940170940175,-0.1391941391941387,0.0805860805860803,-0.3882783882783887,0.0
592211.241966771,534,0.02,0.946955680847168,-0.10977084189653397,-0.17018599808216095,2.2066962718963623,-0.20595432817935944,-0.01385064609348774,0.3646579682826996,0.9855420767528802,-0.09327077134355655,-0.1455329213397416,2.173838406958115,-0.16041046768902056,-0.02193484397650103,0.2668421454184777,1.8329670329670407,-0.8835164835164875,-1.1829059829059823,5.039316239316243,-0.08547008547008517,0.07570207570207543,-0.34920634920634974,0.0
592211.261956885,535,0.02,0.935691237449646,-0.11317101120948792,-0.17508654296398163,2.2096145153045654,-0.21234801411628723,-0.013194245286285877,0.37965795397758484,0.9763866636148624,-0.09670405127031323,-0.15049210345616792,2.179179064621959,-0.16384374761577725,-0.02193484397650103,0.28057526512550446,1.6747252747252688,-0.8835164835164875,-1.1965811965811959,5.06666666666667,-0.16849816849816968,0.08547008547008517,-0.36385836385836434,0.0
592211.282495013,536,0.02,0.923733651638031,-0.11676357686519623,-0.18000200390815735,2.211742401123047,-0.21887518465518951,-0.012526118196547031,0.3946579396724701,0.9683756771190968,-0.0997558556496525,-0.15545128557259424,2.183756771190968,-0.17185473411154284,-0.02193484397650103,0.2988860914015401,1.6219780219780162,-0.8307692307692278,-1.2376068376068368,5.094017094017097,-0.03174603174603163,0.09035409035409003,-0.39316239316239354,0.0
592211.301954966,537,0.02,0.9110702872276306,-0.12056121975183487,-0.18492871522903442,2.213054895401001,-0.22554469108581543,-0.011854974552989006,0.40965792536735535,0.959220263981079,-0.10280766002899178,-0.16041046768902056,2.1883344777599767,-0.1783398184176388,-0.02193484397650103,0.31300068665598424,1.4373626373626323,-0.9626373626373663,-1.1829059829059823,5.107692307692311,-0.0512820512820511,0.10500610500610463,-0.3687423687423692,0.0
592211.322068993,538,0.02,0.8976840376853943,-0.12457911670207977,-0.18986321985721588,2.2135252952575684,-0.23236721754074097,-0.011191921308636665,0.4246579110622406,0.9496833752956437,-0.10509651331349623,-0.1657511253528643,2.191386282139316,-0.18406195162889993,-0.02193484397650103,0.3282597085526806,1.410989010989006,-1.0417582417582452,-1.2102564102564095,5.1213675213675245,-0.08547008547008517,0.10012210012209977,-0.3736263736263741,0.0
592211.341967479,539,0.02,0.8835605978965759,-0.12883251905441284,-0.19479931890964508,2.2131216526031494,-0.23935545980930328,-0.010551558807492256,0.43965789675712585,0.9390020599679563,-0.10738536659800069,-0.1703288319218732,2.19520103761349,-0.19016556038757848,-0.02193484397650103,0.3442816815442118,1.1999999999999957,-1.2000000000000028,-1.155555555555555,5.080341880341884,-0.10012210012209977,0.1098901098901095,-0.3980463980463984,0.0
592211.362893578,540,0.02,0.8689360022544861,-0.1332787722349167,-0.1997106969356537,2.2120819091796875,-0.24645501375198364,-0.009909897111356258,0.4546578824520111,0.927557793545434,-0.11043717097733996,-0.17528801403829952,2.1974898908979945,-0.19741359578851103,-0.02155336842908362,0.360303654535743,1.2791208791208746,-1.2000000000000028,-1.360683760683763,5.094017094017097,-0.06105006105006083,0.10500610500610463,-0.3882783882783887,0.0
592211.38197685,541,0.02,0.8539360165596008,-0.13785631954669952,-0.204486683011055,2.2100839614868164,-0.25353261828422546,-0.009328048676252365,0.46919700503349304,0.9161135271229117,-0.11425192645151405,-0.17986572060730843,2.1986343175402467,-0.2042801556420244,-0.02155336842908362,0.3744182497901871,1.0153846153846118,-1.2527472527472554,-1.3880341880341902,5.189743589743593,-0.0659340659340657,0.11477411477411437,-0.3589743589743595,0.0
592211.401899434,542,0.02,0.8389360308647156,-0.14243505895137787,-0.20905402302742004,2.2072978019714355,-0.2604030668735504,-0.008801678195595741,0.48285916447639465,0.902380407415885,-0.11844815747310555,-0.18444342717631734,2.1993972686350816,-0.21038376440070294,-0.02193484397650103,0.3900587472343009,1.0153846153846118,-1.2791208791208817,-1.2923076923076913,5.135042735042738,-0.09035409035409003,0.1245421245421241,-0.40781440781440814,0.0
592211.421911425,543,0.02,0.8239360451698303,-0.14699122309684753,-0.21340495347976685,2.2036211490631104,-0.2670401632785797,-0.008352174423635006,0.4955079257488251,0.8897917143511105,-0.12188143739986224,-0.18863965819790884,2.1993972686350816,-0.21572442206454667,-0.02155336842908362,0.40226596475166154,0.9890109890109855,-1.2263736263736291,-1.470085470085472,5.025641025641029,-0.11965811965811923,0.1245421245421241,-0.3833943833943838,0.0
592211.441973736,544,0.02,0.8089360594749451,-0.15150922536849976,-0.21754738688468933,2.1990561485290527,-0.27343806624412537,-0.00799836590886116,0.5070651769638062,0.8768215457389186,-0.12607766842145374,-0.19321736476691775,2.1993972686350816,-0.22411688410772967,-0.02117189288166621,0.41866941329061014,1.0681318681318643,-1.410989010989013,-1.429059829059831,4.875213675213679,-0.04151404151404137,0.11965811965811923,-0.412698412698413,0.0
592211.462277241,545,0.02,0.7939360737800598,-0.15599004924297333,-0.22147537767887115,2.1936395168304443,-0.27960336208343506,-0.007709090132266283,0.5175206661224365,0.8588921950103003,-0.13103685053788006,-0.19817654688334585,2.1993972686350816,-0.23174639505607786,-0.02117189288166621,0.43545433737697614,0.9098901098901067,-1.305494505494508,-1.5111111111111128,4.670085470085475,-0.04639804639804623,0.1245421245421241,-0.412698412698413,0.0
592211.482266018,546,0.02,0.7789360880851746,-0.16044512391090393,-0.2251763492822647,2.187394618988037,-0.2855480909347534,-0.007478539831936359,0.5268678069114685,0.8447775997558562,-0.13561455710688897,-0.20275425345235476,2.1993972686350816,-0.23823147936217381,-0.02117189288166621,0.4499504081788377,0.8571428571428541,-1.3846153846153868,-1.319658119658122,4.492307692307698,-0.0805860805860803,0.12942612942612897,-0.3980463980463984,0.0
592211.50204847,547,0.02,0.7639361023902893,-0.16487254202365875,-0.22866679728031158,2.1803205013275146,-0.29128405451774597,-0.007348633836954832,0.5350849628448486,0.8295185778591598,-0.14019226367589788,-0.20733196002136367,2.1993972686350816,-0.24395361257343495,-0.02117189288166621,0.4629205767910296,0.7780219780219753,-1.5428571428571445,-1.5247863247863265,4.1641025641025635,-0.0952380952380949,0.12942612942612897,-0.4273504273504276,0.0
592211.522230923,548,0.02,0.748936116695404,-0.16925647854804993,-0.23198892176151276,2.1723971366882324,-0.2968235909938812,-0.007414449471980333,0.5421355962753296,0.8150225070572983,-0.1451514457923242,-0.21114671549553776,2.1993972686350816,-0.2512016479743657,-0.0207904173342488,0.4751277943083867,0.6461538461538439,-1.3582417582417605,-1.5521367521367537,3.8358974358974365,-0.07570207570207543,0.12942612942612897,-0.40781440781440814,0.0
592211.542052984,549,0.02,0.7339361310005188,-0.17359113693237305,-0.2351471483707428,2.1635959148406982,-0.3021761178970337,-0.0077081099152565,0.547958493232727,0.7993820096131845,-0.15011062790875052,-0.21496147096971185,2.199015793087664,-0.2576867322804617,-0.020027466239413982,0.48580910963607415,0.4879120879120862,-1.3582417582417605,-1.4427350427350447,3.480341880341882,-0.056166056166055967,0.11477411477411437,-0.4029304029304033,0.0
592211.562186118,550,0.02,0.7189361453056335,-0.17789091169834137,-0.2380969524383545,2.153876304626465,-0.30735141038894653,-0.008149601519107819,0.5524581074714661,0.7841229877164881,-0.15468833447775943,-0.21915770199130336,2.1986343175402467,-0.262645914396888,-0.019645990691996573,0.4953459983215094,0.4615384615384599,-1.5164835164835182,-1.5247863247863265,3.0700854700854734,-0.11477411477411437,0.1098901098901095,-0.39316239316239354,0.0
592211.581932568,551,0.02,0.7039361596107483,-0.18217924237251282,-0.24081648886203766,2.1431586742401123,-0.31236153841018677,-0.008786357007920742,0.5554758310317993,0.7684824902723744,-0.15888456549935093,-0.22297245746547745,2.197871366445412,-0.26836804760814914,-0.018501564049744346,0.5025940337224402,0.3560439560439548,-1.595604395604397,-1.5111111111111128,2.823931623931628,-0.1245421245421241,0.09035409035409003,-0.3540903540903546,0.0
592211.601937738,552,0.02,0.688936173915863,-0.18645237386226654,-0.24336354434490204,2.131290912628174,-0.3172268569469452,-0.00983322411775589,0.556764543056488,0.7536049439230954,-0.16384374761577725,-0.22602426184481672,2.1948195620660726,-0.2756160830090799,-0.018120088502326936,0.5094605935759535,0.3296703296703285,-1.4637362637362656,-1.53846153846154,2.5777777777777757,-0.0512820512820511,0.09035409035409003,-0.3736263736263741,0.0
592211.621989586,553,0.02,0.6739361882209778,-0.19069556891918182,-0.24577243626117706,2.118098020553589,-0.32196199893951416,-0.011421536095440388,0.5559691190719604,0.7379644464789816,-0.16842145418478616,-0.229076066224156,2.1902418554970637,-0.2824826428625933,-0.018501564049744346,0.5148012512397973,0.4615384615384599,-1.4637362637362656,-1.5111111111111128,2.523076923076921,-0.026862026862026767,0.10012210012209977,-0.3589743589743595,0.0
592211.641962143,554,0.02,0.6589362025260925,-0.1949259489774704,-0.2480652779340744,2.103148937225342,-0.32660752534866333,-0.013783478178083897,0.552206814289093,0.721560997940033,-0.17223620965896025,-0.23174639505607786,2.183756771190968,-0.2870603494316022,-0.018501564049744346,0.5186160067139713,0.40879120879120734,-1.5428571428571445,-1.68888888888889,2.2905982905982896,-0.10012210012209977,0.0952380952380949,-0.3247863247863254,0.0
592211.662120012,555,0.02,0.6447619199752808,-0.19897335767745972,-0.2501871883869171,2.0860509872436523,-0.33112746477127075,-0.017421728000044823,0.5439366698265076,0.7059205004959193,-0.17643244068055175,-0.2340352483405823,2.17460135805295,-0.2920195315480285,-0.018120088502326936,0.5189974822613888,0.3296703296703285,-1.7538461538461547,-1.7162393162393172,2.317948717948717,-0.0952380952380949,0.06105006105006083,-0.2808302808302816,0.0
592211.681948477,556,0.02,0.6336051821708679,-0.20208334922790527,-0.25188401341438293,2.0688140392303467,-0.33460861444473267,-0.021646905690431595,0.5305151343345642,0.6902800030518055,-0.18101014724956066,-0.23632410162508677,2.163538567177845,-0.2958342870222026,-0.018501564049744346,0.5193789578088062,0.3296703296703285,-1.6483516483516496,-1.6341880341880355,2.167521367521367,-0.11965811965811923,0.06105006105006083,-0.3003663003663011,0.0
592211.701949867,557,0.02,0.6253665685653687,-0.2039143592119217,-0.25279369950294495,2.0539112091064453,-0.3362366259098053,-0.02453678846359253,0.5157002806663513,0.6750209811551091,-0.18520637827115216,-0.23823147936217381,2.1501869230182358,-0.3030823224231334,-0.018501564049744346,0.520141908903641,0.1978021978021971,-1.780219780219781,-1.798290598290599,2.1811965811965806,-0.012210012210012167,0.0366300366300365,-0.3540903540903546,0.0
592211.721989654,558,0.02,0.6171210408210754,-0.20529896020889282,-0.2530090808868408,2.040595293045044,-0.3366962671279907,-0.025656037032604218,0.5031659007072449,0.6601434348058302,-0.18902113374532625,-0.24013885709926086,2.135309376668957,-0.3088044556343945,-0.018501564049744346,0.5193789578088062,0.1978021978021971,-1.8065934065934073,-1.7299145299145309,2.2632478632478623,-0.0219780219780219,-0.012210012210012167,-0.4175824175824179,0.0
592211.74196534,559,0.02,0.6084248423576355,-0.2069309949874878,-0.25318628549575806,2.027716875076294,-0.3371158540248871,-0.026475103572010994,0.4923352599143982,0.6452658884565512,-0.19245441367208294,-0.24280918593118272,2.117761501487756,-0.3118562600137338,-0.018883039597161755,0.5163271534294669,0.3032967032967022,-1.8857142857142861,-1.6752136752136764,2.495726495726494,-0.11477411477411437,-0.04151404151404137,-0.5103785103785103,0.0
592211.761950996,560,0.02,0.5996899604797363,-0.20863425731658936,-0.25319355726242065,2.0146851539611816,-0.3377286195755005,-0.027097128331661224,0.48141375184059143,0.6326771953917767,-0.1962691691462588,-0.24433508812085236,2.100213626306555,-0.31528953994049047,-0.020027466239413982,0.5140383001449624,0.3560439560439548,-1.7010989010989022,-1.7299145299145309,2.6324786324786373,-0.07081807081807057,-0.0366300366300365,-0.5982905982905979,0.0
592211.782014398,561,0.02,0.5909280776977539,-0.2102055698633194,-0.2531847655773163,2.0013375282287598,-0.33833742141723633,-0.027789661660790443,0.4700911343097687,0.6216144045166718,-0.2000839246204329,-0.24471656366826977,2.0826657511253543,-0.31872281986724715,-0.02155336842908362,0.5083161669337013,0.27692307692307594,-1.6483516483516496,-1.8393162393162399,2.9470085470085507,-0.06105006105006083,-0.026862026862026767,-0.6080586080586077,0.0
592211.801958525,562,0.02,0.5821290016174316,-0.21190522611141205,-0.25309497117996216,1.9877971410751343,-0.3387030065059662,-0.02854645811021328,0.4586370885372162,0.6109330891889844,-0.20275425345235476,-0.24471656366826977,2.064736400396736,-0.31910429541466456,-0.02193484397650103,0.49877927824826607,0.3032967032967022,-1.780219780219781,-1.8119658119658126,2.9196581196581235,-0.13431013431013383,-0.0512820512820511,-0.5299145299145298,0.0
592211.82224417,563,0.02,0.5732749700546265,-0.2136901170015335,-0.2527075409889221,1.9741424322128296,-0.33914852142333984,-0.028959447517991066,0.4471122920513153,0.6048294804303058,-0.20351720454718958,-0.2454795147631046,2.0475700007629527,-0.31910429541466456,-0.02193484397650103,0.48886091401541343,-0.14505494505494454,-2.0175824175824175,-1.6752136752136764,3.124786324786328,-0.14896214896214843,-0.07081807081807057,-0.559218559218559,0.0
592211.842163433,564,0.02,0.5643707513809204,-0.21574164927005768,-0.2522568106651306,1.9602181911468506,-0.3398516774177551,-0.02945423126220703,0.4354705810546875,0.5964370183871228,-0.20351720454718958,-0.2462424658579394,2.0323109788662563,-0.31948577096208197,-0.022316319523918438,0.4789425497825608,-0.1978021978021971,-2.2285714285714278,-1.7709401709401718,3.1658119658119688,-0.1538461538461533,-0.07570207570207543,-0.5982905982905979,0.0
592211.86193291,565,0.02,0.5554409027099609,-0.21775643527507782,-0.25157085061073303,1.9461846351623535,-0.34042954444885254,-0.02964041382074356,0.42366164922714233,0.5907148851758617,-0.20351720454718958,-0.2462424658579394,2.01705195696956,-0.3198672465094994,-0.022316319523918438,0.4709315632867952,-0.6725274725274701,-2.360439560439559,-1.7435897435897445,3.275213675213678,-0.1538461538461533,-0.08547008547008517,-0.6422466422466417,0.0
592211.881955262,566,0.02,0.5464316606521606,-0.21972407400608063,-0.25077158212661743,1.931984543800354,-0.3408784866333008,-0.029744189232587814,0.41174766421318054,0.5846112764171831,-0.20351720454718958,-0.2462424658579394,2.002937361715116,-0.3206301976043342,-0.022316319523918438,0.4621576256961948,-0.93626373626374,-2.5450549450549502,-1.7162393162393172,3.343589743589746,-0.12942612942612897,-0.08547008547008517,-0.6568986568986563,0.0
592211.902218848,567,0.02,0.5373346209526062,-0.221676766872406,-0.24993178248405457,1.9175939559936523,-0.3412875831127167,-0.029888775199651718,0.3997601866722107,0.5781261921110872,-0.203898680094607,-0.2462424658579394,1.9895857175555065,-0.32330052643625606,-0.022316319523918438,0.4537651636530118,-1.1736263736263766,-2.6505494505494553,-1.7025641025641036,3.275213675213678,-0.07570207570207543,-0.09035409035409003,-0.7008547008547001,0.0
592211.921922067,568,0.02,0.5281556248664856,-0.22360406816005707,-0.24905318021774292,1.903014898300171,-0.34164467453956604,-0.030075708404183388,0.38768425583839417,0.5720225833524086,-0.2046616311894418,-0.2462424658579394,1.9758525978484798,-0.32673380636301275,-0.022316319523918438,0.4423208972304895,-1.3846153846153868,-2.6769230769230816,-1.6615384615384627,3.302564102564105,-0.017094017094017033,-0.09035409035409003,-0.6617826617826612,0.0
592211.942023976,569,0.02,0.5188873410224915,-0.2254997044801712,-0.24813053011894226,1.888246774673462,-0.34193655848503113,-0.030292097479104996,0.3755243718624115,0.5647745479514779,-0.20580605783169403,-0.2462424658579394,1.9617380025940356,-0.32711528191043016,-0.022316319523918438,0.43202105745021946,-1.305494505494508,-2.7560439560439605,-1.5931623931623946,3.1384615384615415,-0.09035409035409003,-0.09035409035409003,-0.6959706959706953,0.0
592211.961937348,570,0.02,0.5095311403274536,-0.22736383974552155,-0.24716655910015106,1.8732916116714478,-0.34216541051864624,-0.0305375624448061,0.36327704787254333,0.5563820859082949,-0.20771343556878108,-0.2462424658579394,1.9480048828870054,-0.3286411841000998,-0.022697795071335847,0.4217212176699494,-1.410989010989013,-2.703296703296708,-1.5521367521367537,3.1384615384615415,-0.0659340659340657,-0.09035409035409003,-0.7301587301587293,0.0
592211.981904099,571,0.02,0.5000828504562378,-0.22919943928718567,-0.24616064131259918,1.8581454753875732,-0.34233278036117554,-0.030812840908765793,0.3509461283683777,0.547226672770277,-0.21038376440070294,-0.2462424658579394,1.9342717631799786,-0.3294041351949346,-0.022697795071335847,0.4121843289845142,-1.2791208791208817,-2.518681318681317,-1.470085470085472,3.0974358974359006,-0.07570207570207543,-0.09035409035409003,-0.7448107448107439,0.0
592212.002143674,572,0.02,0.4905450940132141,-0.2310067117214203,-0.2451140284538269,1.842809796333313,-0.34243980050086975,-0.031118638813495636,0.3385251760482788,0.538834210727094,-0.21343556878004222,-0.2462424658579394,1.919775692378117,-0.33016708628976943,-0.023079270618753256,0.3999771114671571,-1.490109890109892,-2.518681318681317,-1.429059829059831,3.124786324786328,-0.0805860805860803,-0.09035409035409003,-0.7008547008547001,0.0
592212.021945615,573,0.02,0.48092466592788696,-0.2328263521194458,-0.24402175843715668,1.827278971672058,-0.3425665497779846,-0.03145584464073181,0.3260159194469452,0.5277714198519892,-0.2164873731593815,-0.2462424658579394,1.9052796215762555,-0.33016708628976943,-0.023079270618753256,0.3862439917601268,-1.305494505494508,-2.4659340659340643,-1.3743589743589766,3.193162393162396,-0.09035409035409003,-0.0952380952380949,-0.6666666666666661,0.0
592212.04193533,574,0.02,0.47121772170066833,-0.23468074202537537,-0.2428327202796936,1.811547875404358,-0.34266072511672974,-0.031775616109371185,0.3133954703807831,0.5174715800717191,-0.21953917753872076,-0.2462424658579394,1.8900205996795592,-0.33054856183718684,-0.023079270618753256,0.3736552986953523,-1.2000000000000028,-2.518681318681317,-1.319658119658122,3.0974358974359006,-0.0952380952380949,-0.10500610500610463,-0.6666666666666661,0.0
592212.061922195,575,0.02,0.46144023537635803,-0.23657892644405365,-0.2415522336959839,1.7956246137619019,-0.3427998721599579,-0.03206902742385864,0.30065810680389404,0.5064087891966143,-0.22220950637064263,-0.2462424658579394,1.8755245288776976,-0.33054856183718684,-0.023079270618753256,0.360303654535743,-1.2791208791208817,-2.4923076923076906,-1.264957264957264,3.234188034188037,-0.0952380952380949,-0.10500610500610463,-0.6666666666666661,0.0
592212.082068524,576,0.02,0.45156803727149963,-0.23847819864749908,-0.2401730865240097,1.7795029878616333,-0.3428710699081421,-0.03232038766145706,0.2878016233444214,0.4953459983215094,-0.2248798352025645,-0.2462424658579394,1.8602655069810012,-0.33054856183718684,-0.023079270618753256,0.34733348592355107,-1.0417582417582452,-2.4659340659340643,-1.2102564102564095,3.0290598290598325,-0.0952380952380949,-0.10500610500610463,-0.6764346764346758,0.0
592212.101926509,577,0.02,0.4415978789329529,-0.2403489202260971,-0.2387344241142273,1.7631868124008179,-0.34287863969802856,-0.0325750932097435,0.27484190464019775,0.48542763408865675,-0.22678721293965154,-0.2462424658579394,1.8450064850843049,-0.33054856183718684,-0.023079270618753256,0.335126268406194,-1.2791208791208817,-2.4131868131868117,-1.1418803418803414,3.0564102564102598,-0.10012210012209977,-0.10500610500610463,-0.6862026862026855,0.0
592212.122063003,578,0.02,0.4315239191055298,-0.24219942092895508,-0.23725396394729614,1.7466622591018677,-0.34284207224845886,-0.03286325931549072,0.2617843449115753,0.4747463187609693,-0.2294575417715734,-0.2462424658579394,1.8305104142824433,-0.33054856183718684,-0.023079270618753256,0.3229190508888369,-1.410989010989013,-2.518681318681317,-1.0324786324786324,2.90598290598291,-0.10012210012209977,-0.10500610500610463,-0.705738705738705,0.0
592212.142065882,579,0.02,0.4213479161262512,-0.24402867257595062,-0.23573359847068787,1.729935884475708,-0.3427582085132599,-0.03318621590733528,0.24862602353096008,0.46482795452811665,-0.23174639505607786,-0.2462424658579394,1.8148699168383295,-0.33093003738460425,-0.023460746166170665,0.30994888227664497,-1.2527472527472554,-2.4659340659340643,-0.9914529914529915,2.8923076923076962,-0.0952380952380949,-0.10500610500610463,-0.6617826617826612,0.0
592212.161977371,580,0.02,0.41106826066970825,-0.2458491176366806,-0.23417013883590698,1.7130025625228882,-0.34266215562820435,-0.03354022279381752,0.23536936938762665,0.4537651636530118,-0.2332722972457475,-0.2462424658579394,1.7988479438467984,-0.33093003738460425,-0.023842221713588074,0.295071335927366,-1.4373626373626394,-2.7560439560439605,-0.8683760683760688,2.90598290598291,-0.09035409035409003,-0.10012210012209977,-0.705738705738705,0.0
592212.182214736,581,0.02,0.4006958305835724,-0.24770601093769073,-0.23252518475055695,1.695858359336853,-0.3425857722759247,-0.03390232101082802,0.22199907898902893,0.44384679942015914,-0.23441672388799972,-0.2462424658579394,1.7843518730449368,-0.33093003738460425,-0.023842221713588074,0.2828641184100089,-1.410989010989013,-2.8351648351648393,-0.7726495726495735,2.7692307692307736,-0.09035409035409003,-0.10500610500610463,-0.6862026862026855,0.0
592212.201956682,582,0.02,0.39022037386894226,-0.2495875507593155,-0.23078839480876923,1.678499698638916,-0.34250229597091675,-0.03424467891454697,0.20850563049316406,0.4346913862821413,-0.23556115053025195,-0.2462424658579394,1.7683299000534056,-0.33169298847943907,-0.023842221713588074,0.2706569008926518,-1.595604395604397,-2.887912087912092,-0.7316239316239326,2.7829059829059872,-0.07081807081807057,-0.11477411477411437,-0.6764346764346758,0.0
592212.221971416,583,0.02,0.37965255975723267,-0.25152724981307983,-0.22893352806568146,1.6609257459640503,-0.3424462378025055,-0.034558139741420746,0.19487829506397247,0.4247730220492887,-0.23632410162508677,-0.2454795147631046,1.751926451514457,-0.3336003662165261,-0.023842221713588074,0.25577935454337286,-1.7010989010989022,-3.0461538461538495,-0.7452991452991462,2.90598290598291,-0.012210012210012167,-0.11477411477411437,-0.6813186813186807,0.0
592212.24204402,584,0.02,0.368965744972229,-0.2534407079219818,-0.2269984930753708,1.6431303024291992,-0.34233197569847107,-0.034845948219299316,0.1811220645904541,0.4137102311741838,-0.237468528267339,-0.24509803921568718,1.7347600518806736,-0.3339818417639435,-0.024223697261005483,0.24204623483634613,-1.6219780219780233,-2.9670329670329707,-0.5538461538461554,2.8512820512820554,-0.0512820512820511,-0.10500610500610463,-0.6715506715506709,0.0
592212.26196051,585,0.02,0.35820382833480835,-0.2553291618824005,-0.22502848505973816,1.6251866817474365,-0.3421824872493744,-0.03515957295894623,0.1673191338777542,0.4041733424887486,-0.23861295490959122,-0.24357213702601754,1.7160677500572206,-0.3339818417639435,-0.024986648355840302,0.22983901731898904,-1.780219780219781,-3.1252747252747284,-0.7452991452991462,2.974358974358978,-0.06105006105006083,-0.0952380952380949,-0.6959706959706953,0.0
592212.281928352,586,0.02,0.3474036157131195,-0.25716888904571533,-0.22306975722312927,1.6072453260421753,-0.3419904112815857,-0.035484615713357925,0.15366370975971222,0.39349202716106113,-0.2412832837415131,-0.2416647592889305,1.6985198748760197,-0.3339818417639435,-0.02536812390325771,0.2161058976119623,-1.8593406593406598,-3.072527472527476,-0.6769230769230781,3.0017094017094053,-0.056166056166055967,-0.10500610500610463,-0.7008547008547001,0.0
592212.301938113,587,0.02,0.3365468978881836,-0.25893646478652954,-0.22114212810993195,1.5893083810806274,-0.3417235314846039,-0.03582610934972763,0.14017976820468903,0.38395513847562235,-0.24357213702601754,-0.23937590600442604,1.6794460975051493,-0.3339818417639435,-0.02536812390325771,0.20466163118944003,-1.9384615384615387,-2.887912087912092,-0.7042735042735053,3.0564102564102598,-0.06105006105006083,-0.1098901098901095,-0.7350427350427342,0.0
592212.32193409,588,0.02,0.3256411552429199,-0.26061609387397766,-0.21926634013652802,1.5713773965835571,-0.3413642346858978,-0.03620240464806557,0.12685568630695343,0.3736552986953523,-0.2462424658579394,-0.23670557717250418,1.6611352712291136,-0.3339818417639435,-0.02536812390325771,0.1913099870298307,-2.2285714285714278,-2.993406593406597,-0.7042735042735053,3.1384615384615415,-0.06105006105006083,-0.11477411477411437,-0.7448107448107439,0.0
592212.341925132,589,0.02,0.31468918919563293,-0.2622011601924896,-0.21745428442955017,1.553454041481018,-0.34090471267700195,-0.03662347048521042,0.11368890106678009,0.36335545891508225,-0.24891279468986127,-0.23479819943541713,1.6424429694056606,-0.3339818417639435,-0.02536812390325771,0.1783398184176388,-2.043956043956044,-2.9406593406593444,-0.7863247863247871,3.0290598290598325,-0.06105006105006083,-0.11965811965811923,-0.7399267399267391,0.0
592212.361954039,590,0.02,0.3036886751651764,-0.2636934518814087,-0.21571114659309387,1.535539984703064,-0.3403428792953491,-0.03708868846297264,0.10068447142839432,0.35420004577706443,-0.2500572213321135,-0.2336537727931649,1.624132143129625,-0.3339818417639435,-0.02536812390325771,0.1661326009002817,-2.360439560439559,-3.2043956043956072,-0.4991452991453009,3.0290598290598325,-0.056166056166055967,-0.11965811965811923,-0.778998778998778,0.0
592212.381947164,591,0.02,0.29264453053474426,-0.265097439289093,-0.21403644979000092,1.5176366567611694,-0.33968156576156616,-0.0375937782227993,0.08783416450023651,0.34275577935454216,-0.2512016479743657,-0.23212787060349527,1.6062027924010067,-0.3339818417639435,-0.02536812390325771,0.15278095674067238,-2.254945054945054,-3.3098901098901123,-0.717948717948719,3.042735042735046,-0.0512820512820511,-0.1245421245421241,-0.7252747252747245,0.0
592212.40220414,592,0.02,0.28155815601348877,-0.26642143726348877,-0.21242500841617584,1.4997458457946777,-0.338927686214447,-0.03813257813453674,0.07513242214918137,0.3332188906691069,-0.25234607461661795,-0.23060196841382563,1.5882734416723885,-0.3339818417639435,-0.02536812390325771,0.13904783703364565,-2.518681318681317,-3.3362637362637386,-0.6769230769230781,3.015384615384619,-0.04639804639804623,-0.1245421245421241,-0.7399267399267391,0.0
592212.421890524,593,0.02,0.27043473720550537,-0.2676752507686615,-0.21087071299552917,1.481869101524353,-0.33809056878089905,-0.03869658336043358,0.06257027387619019,0.3229190508888369,-0.25272755016403536,-0.22869459067673858,1.5703440909437703,-0.3339818417639435,-0.02536812390325771,0.1245517662317841,-2.5450549450549502,-3.5208791208791226,-0.5128205128205146,3.124786324786328,-0.0366300366300365,-0.12942612942612897,-0.7301587301587293,0.0
592212.441905186,594,0.02,0.25927889347076416,-0.2688681483268738,-0.20936588943004608,1.464008092880249,-0.3371802568435669,-0.039277754724025726,0.05014424026012421,0.3114747844663146,-0.2531090257114528,-0.22755016403448636,1.5520332646677346,-0.3339818417639435,-0.02536812390325771,0.1119630731670096,-2.5714285714285765,-3.652747252747254,-0.5264957264957282,2.9880341880341916,-0.03174603174603163,-0.13431013431013383,-0.7496947496947488,0.0
592212.461947034,595,0.02,0.2480936050415039,-0.2700096070766449,-0.20790305733680725,1.4461642503738403,-0.3362053334712982,-0.03986768051981926,0.037848323583602905,0.30041199359120974,-0.2531090257114528,-0.22716868848706895,1.5341039139391164,-0.3339818417639435,-0.02574959945067512,0.10013733119706991,-2.624175824175829,-3.7846153846153854,-0.37606837606837473,3.0700854700854734,-0.0219780219780219,-0.13431013431013383,-0.7594627594627585,0.0
592212.482074095,596,0.02,0.2368800938129425,-0.2711072862148285,-0.20647495985031128,1.4283392429351807,-0.33517512679100037,-0.04045950248837471,0.025677219033241272,0.28934920271610487,-0.2531090257114528,-0.22640573739223413,1.5157930876630807,-0.3339818417639435,-0.02613107499809253,0.08640421149004318,-2.808791208791213,-3.863736263736264,-0.5264957264957282,3.234188034188037,-0.017094017094017033,-0.1391941391941387,-0.7448107448107439,0.0
592212.502096626,597,0.02,0.22564461827278137,-0.27216893434524536,-0.2050761580467224,1.4105347394943237,-0.33409759402275085,-0.04104716703295708,0.013625023886561394,0.2786678873884174,-0.254253452353705,-0.22449835965514708,1.4978637369344625,-0.3339818417639435,-0.02613107499809253,0.07305256733043386,-2.6505494505494553,-3.731868131868133,-0.5675213675213691,3.042735042735046,-0.012210012210012167,-0.14896214896214843,-0.7399267399267391,0.0
592212.52194303,598,0.02,0.21438704431056976,-0.273200124502182,-0.20369894802570343,1.3927521705627441,-0.3329797387123108,-0.0416264533996582,0.0016890112310647964,0.26798657206072996,-0.25616083009079205,-0.22182803082322522,1.4803158617532617,-0.3339818417639435,-0.02613107499809253,0.0623712520027464,-2.7824175824175867,-3.6791208791208803,-0.5811965811965827,2.9880341880341916,-0.0024420024420024333,-0.1538461538461533,-0.8180708180708187,0.0
592212.541955755,599,0.02,0.20311053097248077,-0.2742072641849518,-0.20234160125255585,1.3749929666519165,-0.33182838559150696,-0.042191289365291595,-0.010133855976164341,0.2569237811856251,-0.2588311589227139,-0.21915770199130336,1.4631494621194783,-0.3339818417639435,-0.02613107499809253,0.05092698558022413,-3.1252747252747284,-3.573626373626375,-0.8000000000000007,3.0700854700854734,0.012210012210012167,-0.1538461538461533,-0.7741147741147731,0.0
592212.561946863,600,0.02,0.1918177455663681,-0.2751941978931427,-0.20099696516990662,1.357258915901184,-0.3306482136249542,-0.04274046793580055,-0.02185230515897274,0.24586099031052022,-0.2622644388494706,-0.21610589761196408,1.4456015869382774,-0.3339818417639435,-0.02613107499809253,0.037956816968032214,-3.0197802197802233,-3.389010989010991,-0.8136752136752143,2.933333333333337,0.017094017094017033,-0.1636141636141648,-0.7448107448107439,0.0
592212.582162624,601,0.02,0.18051205575466156,-0.2761651575565338,-0.19966250658035278,1.3395514488220215,-0.32944512367248535,-0.04326996952295303,-0.03346525505185127,0.23556115053025017,-0.26493476768139246,-0.21419851987487704,1.4276722362096592,-0.3336003662165261,-0.027275501640344757,0.024605172808422893,-3.2043956043956072,-3.3098901098901123,-0.6495726495726508,3.0290598290598325,0.026862026862026767,-0.14407814407814357,-0.7594627594627585,0.0
592212.60203025,602,0.02,0.16919171810150146,-0.27712351083755493,-0.19833442568778992,1.3218719959259033,-0.3282230794429779,-0.04377736151218414,-0.04497704282402992,0.2237354085603105,-0.2660791943236447,-0.21381704432745963,1.4101243610284584,-0.3336003662165261,-0.029182879377431803,0.013542381933318026,-3.2043956043956072,-3.573626373626375,-0.5264957264957282,2.9606837606837644,0.04639804639804623,-0.09035409035409003,-0.7985347985347993,0.0
592212.621958915,603,0.02,0.1578606516122818,-0.27805203199386597,-0.19704753160476685,1.3042221069335938,-0.32696983218193054,-0.04428491368889809,-0.056385066360235214,0.2115281910429534,-0.2668421454184795,-0.21381704432745963,1.3925764858472576,-0.3336003662165261,-0.02994583047226662,0.0020981155107957505,-3.098901098901102,-3.573626373626375,-0.4991452991453009,2.9880341880341916,0.0512820512820511,-0.13431013431013383,-0.7448107448107439,0.0
592212.641974704,604,0.02,0.1465264856815338,-0.2789624333381653,-0.1957673579454422,1.2866032123565674,-0.32568714022636414,-0.04478107765316963,-0.06768897920846939,0.20046540016784853,-0.2676050965133143,-0.21381704432745963,1.374265659571222,-0.3336003662165261,-0.02994583047226662,-0.011253528648813571,-3.2043956043956072,-3.652747252747254,-0.43076923076922924,3.0290598290598325,0.0659340659340657,-0.1391941391941387,-0.7399267399267391,0.0
592212.66195765,605,0.02,0.13518217206001282,-0.2798684239387512,-0.19448526203632355,1.2690167427062988,-0.3243921399116516,-0.04525097832083702,-0.07890328019857407,0.18825818265049143,-0.26798657206073173,-0.21381704432745963,1.3559548332951863,-0.3336003662165261,-0.03032730601968403,-0.023079270618753256,-3.2307692307692335,-3.731868131868133,-0.3076923076923066,2.9606837606837644,0.07081807081807057,-0.14407814407814357,-0.7399267399267391,0.0
592212.681933904,606,0.02,0.12383241206407547,-0.28077104687690735,-0.19320029020309448,1.2514642477035522,-0.3230898678302765,-0.04569192975759506,-0.09002590924501419,0.17643244068055175,-0.26874952315556655,-0.21381704432745963,1.3387884336614029,-0.3336003662165261,-0.03032730601968403,-0.03414206149385812,-3.389010989010991,-3.837362637362638,-0.1982905982905976,2.8102564102564145,0.08547008547008517,-0.14407814407814357,-0.7887667887667895,0.0
592212.702114297,607,0.02,0.11247551441192627,-0.2816721200942993,-0.19191065430641174,1.2339471578598022,-0.32178324460983276,-0.04610363766551018,-0.10105986893177032,0.16498817425802947,-0.26913099870298396,-0.21381704432745963,1.3220035095750369,-0.3336003662165261,-0.03032730601968403,-0.04444190127412817,-3.25714285714286,-3.837362637362638,-0.12991452991452945,2.75555555555556,0.10012210012209977,-0.1538461538461533,-0.778998778998778,0.0
592212.721936605,608,0.02,0.10111276805400848,-0.28257322311401367,-0.1906149536371231,1.2164666652679443,-0.3204752504825592,-0.04648587480187416,-0.11200857907533646,0.15430685893034202,-0.26913099870298396,-0.21343556878004222,1.3052185854886709,-0.3332188906691087,-0.03070878156710144,-0.055886167696650446,-3.547252747252749,-3.942857142857143,-0.1572649572649567,2.8786324786324826,0.1098901098901095,-0.14896214896214843,-0.7643467643467634,0.0
592212.741915851,609,0.02,0.0897439643740654,-0.28347593545913696,-0.18931131064891815,1.1990243196487427,-0.3191680610179901,-0.04683832451701164,-0.12287481874227524,0.14248111696040233,-0.26951247425040137,-0.21114671549553776,1.2884336614023049,-0.3332188906691087,-0.03070878156710144,-0.07000076295109459,-3.547252747252749,-3.9692307692307693,-0.3076923076923066,2.8923076923076962,0.11965811965811923,-0.1636141636141648,-0.7252747252747245,0.0
592212.761923349,610,0.02,0.07837114483118057,-0.2843809127807617,-0.1879979819059372,1.1816213130950928,-0.3178640305995941,-0.04716046154499054,-0.13365761935710907,0.13141832608529747,-0.2706569008926536,-0.20923933775845072,1.2705043106736866,-0.3332188906691087,-0.03070878156710144,-0.08258945601586909,-3.4153846153846175,-3.8109890109890117,-0.294017094017093,2.8512820512820554,0.12942612942612897,-0.16849816849816968,-0.7106227106227099,0.0
592212.781949981,611,0.02,0.06699410080909729,-0.28528955578804016,-0.18667326867580414,1.1642591953277588,-0.3165644109249115,-0.04745166376233101,-0.14435827732086182,0.1203555352101926,-0.2718013275349058,-0.20618753337911144,1.2525749599450684,-0.3328374151216913,-0.03185320820935367,-0.09327077134355655,-3.8109890109890117,-3.9692307692307693,-0.4444444444444464,2.974358974358978,0.14407814407814357,-0.1391941391941387,-0.7692307692307683,0.0
592212.801935858,612,0.02,0.055615611374378204,-0.28620171546936035,-0.18533620238304138,1.1469392776489258,-0.3152713477611542,-0.04771227389574051,-0.15498065948486328,0.10852979324025291,-0.27332722972457546,-0.20275425345235476,1.2346456092164502,-0.3328374151216913,-0.03376058594644071,-0.10433356221866141,-3.758241758241759,-3.8901098901098905,-0.5264957264957282,2.933333333333337,0.14896214896214843,-0.11477411477411437,-0.7350427350427342,0.0
592212.821949548,613,0.02,0.04449858143925667,-0.287056028842926,-0.18390527367591858,1.1296626329421997,-0.31396904587745667,-0.04797195643186569,-0.1655208170413971,0.09784847791256546,-0.2748531319142451,-0.2000839246204329,1.2163347829404145,-0.3320744640268565,-0.03414206149385812,-0.11425192645151405,-3.7846153846153854,-3.8901098901098905,-0.6358974358974372,2.9470085470085507,0.14407814407814357,-0.12942612942612897,-0.7887667887667895,0.0
592212.841936107,614,0.02,0.035275157541036606,-0.2875787019729614,-0.1819583773612976,1.1124305725097656,-0.3125865161418915,-0.04866033419966698,-0.17650055885314941,0.08602273594262577,-0.2759975585564973,-0.19741359578851103,1.1991683833066311,-0.3294041351949346,-0.03566796368352776,-0.12340733958953187,-3.8901098901098905,-3.758241758241759,-0.6905982905982917,2.8512820512820554,0.0805860805860803,-0.10012210012209977,-0.8034188034188041,0.0
592212.861937651,615,0.02,0.02750011533498764,-0.2879234552383423,-0.17982351779937744,1.0952445268630981,-0.31119605898857117,-0.05002403259277344,-0.18835927546024323,0.07534142061493831,-0.27752346074616696,-0.1951247425040048,1.1816205081254303,-0.32711528191043016,-0.037575341420614805,-0.1329442282749671,-4.153846153846153,-3.8901098901098905,-0.6769230769230781,2.9196581196581235,0.0805860805860803,-0.08547008547008517,-0.8034188034188041,0.0
592212.881997762,616,0.02,0.020622974261641502,-0.2881465256214142,-0.1777566522359848,1.0781055688858032,-0.3097277879714966,-0.051962610334157944,-0.2011193484067917,0.06427862973983345,-0.2786678873884192,-0.19436179140916998,1.1648355840390625,-0.32597085526817793,-0.03833829251544962,-0.14438849469748938,-4.021978021978022,-3.863736263736264,-0.45811965811966004,2.75555555555556,0.10500610500610463,-0.09035409035409003,-0.7741147741147731,0.0
592212.901958411,617,0.02,0.014339063316583633,-0.2885461747646332,-0.17568185925483704,1.0610147714614868,-0.30838242173194885,-0.05447440221905708,-0.21457549929618835,0.05436026550698081,-0.279430838483254,-0.19436179140916998,1.1480506599526965,-0.32597085526817793,-0.04062714579995408,-0.15468833447775943,-4.101098901098901,-3.8901098901098905,-0.38974358974358836,2.7418803418803464,0.14407814407814357,-0.0366300366300365,-0.808302808302809,0.0
592212.921927055,618,0.02,0.008417874574661255,-0.2891314923763275,-0.17360585927963257,1.0439735651016235,-0.3072164058685303,-0.057457856833934784,-0.22849202156066895,0.04367895017929335,-0.2801937895780888,-0.19398031586175257,1.1312657358663305,-0.3255893797207605,-0.042153047989623715,-0.1661326009002817,-3.9692307692307693,-3.8901098901098905,-0.3076923076923066,2.7418803418803464,0.1538461538461533,-0.056166056166055967,-0.7887667887667895,0.0
592212.941917068,619,0.02,0.0026922414544969797,-0.2898946702480316,-0.17151179909706116,1.0269829034805298,-0.30624160170555115,-0.06079815700650215,-0.2426249235868454,0.03414206149385812,-0.28171969176775846,-0.19283588921950034,1.114862287327382,-0.3255893797207605,-0.04406042572671076,-0.1779583428702214,-3.758241758241759,-3.652747252747254,-0.294017094017093,2.5504273504273485,0.1684981684981679,-0.056166056166055967,-0.7741147741147731,0.0
592212.961873947,620,0.02,-0.002955994103103876,-0.29082390666007996,-0.16935724020004272,1.010043978691101,-0.3054540157318115,-0.06437062472105026,-0.25677424669265747,0.024986648355840302,-0.2824826428625933,-0.1909285114824133,1.098077363241016,-0.3255893797207605,-0.04444190127412817,-0.19245441367208294,-3.8901098901098905,-3.8109890109890117,-0.2529914529914521,2.7692307692307736,0.1831501831501825,-0.10500610500610463,-0.7545787545787537,0.0
592212.98193418,621,0.02,-0.008607249706983566,-0.29191434383392334,-0.16707131266593933,0.9931577444076538,-0.30486515164375305,-0.0680403783917427,-0.2708118259906769,0.01583123521782248,-0.2836270695048455,-0.18940260929274366,1.0816739147020673,-0.3252079041733431,-0.04520485236896299,-0.20656900892652885,-3.5208791208791226,-3.7846153846153854,-0.14358974358974308,2.5777777777777757,0.1831501831501825,-0.11965811965811923,-0.7350427350427342,0.0
592213.002034204,622,0.02,-0.01423829235136509,-0.2931794226169586,-0.16453520953655243,0.9764764904975891,-0.3045637309551239,-0.07160947471857071,-0.28455692529678345,0.008583199816891707,-0.2843900205996803,-0.18787670710307403,1.0648889906157013,-0.3252079041733431,-0.046730754558632626,-0.22030212863355558,-3.837362637362638,-3.837362637362638,-0.17094017094017033,2.6598290598290646,0.19291819291819223,-0.1245421245421241,-0.7301587301587293,0.0
592213.021918971,623,0.02,-0.01829959638416767,-0.2942241132259369,-0.16241128742694855,0.9640803933143616,-0.30456724762916565,-0.07396417111158371,-0.2943083643913269,0.0005722133211261138,-0.28515297169451514,-0.18520637827115216,1.0473411154345005,-0.3248264286259257,-0.0497825589379719,-0.23632410162508677,-3.547252747252749,-3.863736263736264,-0.3487179487179475,2.564102564102562,0.19291819291819223,-0.10012210012209977,-0.7203907203907196,0.0
592213.042135864,624,0.02,-0.01988641917705536,-0.2946746051311493,-0.16146008670330048,0.9582268595695496,-0.30464667081832886,-0.07478146255016327,-0.29810017347335815,-0.005149919890135024,-0.28591592278934996,-0.1821545738918129,1.0313191424429693,-0.32330052643625606,-0.05245288776989376,-0.2500572213321135,-3.731868131868133,-3.942857142857143,-0.2119658119658112,2.5777777777777757,0.16361416361416303,-0.11477411477411437,-0.7496947496947488,0.0
592213.061967596,625,0.02,-0.020118527114391327,-0.29476016759872437,-0.1613086313009262,0.9559465050697327,-0.3046918213367462,-0.07495195418596268,-0.2986556589603424,-0.010109102006561344,-0.2862973983367674,-0.17948424505989102,1.0156786449988555,-0.3202487220569168,-0.05321583886472858,-0.2630273899443054,-3.837362637362638,-4.048351648351648,-0.28034188034187935,2.536752136752135,0.07081807081807057,-0.16849816849816968,-0.7350427350427342,0.0
592213.08216619,626,0.02,-0.020136358216404915,-0.2950310707092285,-0.1612236648797989,0.9541857242584229,-0.30485430359840393,-0.07533679157495499,-0.2986997961997986,-0.015449759670405072,-0.2862973983367674,-0.17681391622796916,0.9996566720073243,-0.3175783932249949,-0.055886167696650446,-0.2759975585564973,-3.8109890109890117,-4.101098901098901,-0.3623931623931611,2.7692307692307736,0.07570207570207543,-0.1245421245421241,-0.7106227106227099,0.0
592213.101962236,627,0.02,-0.020150497555732727,-0.2953377962112427,-0.16099828481674194,0.952491044998169,-0.30518990755081177,-0.07557296752929688,-0.2987573444843292,-0.019264515144579164,-0.2862973983367674,-0.1745250629434647,0.9859235523002976,-0.3171969176775775,-0.05931944762340713,-0.2840085450522629,-3.8109890109890117,-4.127472527472527,-0.3623931623931611,3.0017094017094053,0.11965811965811923,-0.08547008547008517,-0.7545787545787537,0.0
592213.121969623,628,0.02,-0.020133811980485916,-0.29554644227027893,-0.1608063280582428,0.9509180188179016,-0.3054761588573456,-0.07571034133434296,-0.2988099157810211,-0.02040894178683139,-0.28591592278934996,-0.17185473411154284,0.9756237125200276,-0.3171969176775775,-0.060845349813076766,-0.2882047760738544,-4.0747252747252745,-4.153846153846153,-0.5264957264957282,3.1794871794871824,0.11965811965811923,-0.11965811965811923,-0.7985347985347993,0.0
592213.142206901,629,0.02,-0.020189499482512474,-0.29564163088798523,-0.16059401631355286,0.9493733048439026,-0.30565541982650757,-0.07560886442661285,-0.2988929748535156,-0.0207904173342488,-0.28591592278934996,-0.1699473563744558,0.9699015793087664,-0.3168154421301601,-0.06275272755016381,-0.28934920271610665,-4.127472527472527,-4.18021978021978,-0.4991452991453009,3.1111111111111143,0.1098901098901095,-0.09035409035409003,-0.8327228327228333,0.0
592213.16197874,630,0.02,-0.02022215723991394,-0.2957361340522766,-0.1603984236717224,0.9478949904441833,-0.30582624673843384,-0.07553838938474655,-0.299016535282135,-0.019645990691996573,-0.28553444724193255,-0.16918440527962098,0.9664682993820097,-0.3164339665827427,-0.06466010528725086,-0.29011215381094146,-4.285714285714292,-4.2593406593406655,-0.6085470085470099,3.152136752136755,0.09035409035409003,-0.07570207570207543,-0.8229548229548236,0.0
592213.181962268,631,0.02,-0.020229963585734367,-0.29583075642585754,-0.1602078080177307,0.946510910987854,-0.3060034215450287,-0.07547077536582947,-0.2991265058517456,-0.018883039597161755,-0.28553444724193255,-0.16918440527962098,0.9645609216449227,-0.31528953994049047,-0.06771190966659013,-0.2912565804531937,-4.2593406593406655,-4.285714285714292,-0.5264957264957282,3.2478632478632505,0.0659340659340657,-0.0219780219780219,-0.8180708180708187,0.0
592213.20213924,632,0.02,-0.020229468122124672,-0.2959251403808594,-0.16002510488033295,0.945244550704956,-0.3061840534210205,-0.07538861781358719,-0.299166202545166,-0.018120088502326936,-0.28553444724193255,-0.16918440527962098,0.9622720683604182,-0.31490806439307306,-0.06809338521400754,-0.2912565804531937,-4.2593406593406655,-4.232967032967039,-0.5128205128205146,3.193162393162396,0.07081807081807057,-0.0659340659340657,-0.8278388278388285,0.0
592213.222077049,633,0.02,-0.02020743489265442,-0.2960131764411926,-0.15984191000461578,0.9440537691116333,-0.306365042924881,-0.07529938220977783,-0.29923221468925476,-0.018120088502326936,-0.28553444724193255,-0.16918440527962098,0.961127641718166,-0.31452658884565565,-0.06809338521400754,-0.2912565804531937,-4.232967032967039,-4.232967032967039,-0.4991452991453009,3.042735042735046,0.0805860805860803,-0.07570207570207543,-0.8327228327228333,0.0
592213.241911997,634,0.02,-0.020204760134220123,-0.29610762000083923,-0.15965139865875244,0.9429064393043518,-0.3065492808818817,-0.07521156221628189,-0.29928824305534363,-0.018501564049744346,-0.28553444724193255,-0.16918440527962098,0.961127641718166,-0.31452658884565565,-0.06809338521400754,-0.2916380560006111,-4.153846153846153,-4.232967032967039,-0.4854700854700873,2.9880341880341916,0.0805860805860803,-0.0805860805860803,-0.8327228327228333,0.0
592213.261960837,635,0.02,-0.020204253494739532,-0.2962035834789276,-0.15944541990756989,0.9417832493782043,-0.30673742294311523,-0.07512536644935608,-0.299416720867157,-0.018883039597161755,-0.28591592278934996,-0.16918440527962098,0.961127641718166,-0.31452658884565565,-0.06809338521400754,-0.2924010070954459,-4.101098901098901,-4.232967032967039,-0.47179487179487367,2.9470085470085507,0.07570207570207543,-0.0805860805860803,-0.808302808302809,0.0
592213.28205727,636,0.02,-0.020213909447193146,-0.29630962014198303,-0.15923568606376648,0.9407351613044739,-0.30693674087524414,-0.07504073530435562,-0.29949694871902466,-0.019645990691996573,-0.28591592278934996,-0.16918440527962098,0.961127641718166,-0.31452658884565565,-0.06809338521400754,-0.29392690928511556,-4.0747252747252745,-4.206593406593406,-0.4854700854700873,2.864957264957269,0.07081807081807057,-0.0805860805860803,-0.7692307692307683,0.0
592213.301933893,637,0.02,-0.02020445466041565,-0.2964138090610504,-0.1590299904346466,0.9397929906845093,-0.30714061856269836,-0.07494713366031647,-0.29954880475997925,-0.019645990691996573,-0.28591592278934996,-0.16918440527962098,0.961127641718166,-0.31452658884565565,-0.06809338521400754,-0.2965972381170374,-4.048351648351648,-4.232967032967039,-0.47179487179487367,2.8102564102564145,0.0659340659340657,-0.0805860805860803,-0.7496947496947488,0.0
592213.321956927,638,0.02,-0.02018824778497219,-0.2965162396430969,-0.1588265597820282,0.9389360547065735,-0.3073451817035675,-0.07484650611877441,-0.2995826005935669,-0.020027466239413982,-0.28591592278934996,-0.16918440527962098,0.961127641718166,-0.31452658884565565,-0.06809338521400754,-0.29812314030670706,-4.048351648351648,-4.232967032967039,-0.4444444444444464,2.7418803418803464,0.0659340659340657,-0.07081807081807057,-0.7350427350427342,0.0
592213.341960982,639,0.02,-0.02016974240541458,-0.29661813378334045,-0.15862438082695007,0.9381510615348816,-0.30754953622817993,-0.07474513351917267,-0.29961153864860535,-0.020027466239413982,-0.28591592278934996,-0.16918440527962098,0.961127641718166,-0.31452658884565565,-0.06809338521400754,-0.29850461585412447,-4.0747252747252745,-4.2593406593406655,-0.4170940170940156,2.7008547008547055,0.0659340659340657,-0.07081807081807057,-0.7594627594627585,0.0
592213.362057632,640,0.02,-0.020151454955339432,-0.2967197000980377,-0.15842293202877045,0.9374325275421143,-0.307753324508667,-0.07464446872472763,-0.2996414005756378,-0.020027466239413982,-0.28591592278934996,-0.16918440527962098,0.961127641718166,-0.31452658884565565,-0.06809338521400754,-0.29850461585412447,-4.101098901098901,-4.2593406593406655,-0.4170940170940156,2.646153846153851,0.0659340659340657,-0.07570207570207543,-0.7692307692307683,0.0
592213.381963016,641,0.02,-0.02013411931693554,-0.2968209981918335,-0.15822194516658783,0.9367800354957581,-0.3079560697078705,-0.07454438507556915,-0.2996719777584076,-0.020027466239413982,-0.28591592278934996,-0.16918440527962098,0.961127641718166,-0.31452658884565565,-0.06809338521400754,-0.29850461585412447,-4.153846153846153,-4.2593406593406655,-0.403418803418802,2.5914529914529894,0.0659340659340657,-0.07081807081807057,-0.7741147741147731,0.0
592213.402056185,642,0.02,-0.02011711336672306,-0.29692181944847107,-0.1580216884613037,0.9361944794654846,-0.3081580698490143,-0.0744449645280838,-0.2997033894062042,-0.019645990691996573,-0.28591592278934996,-0.16918440527962098,0.9607461661707486,-0.31452658884565565,-0.06809338521400754,-0.29850461585412447,-4.153846153846153,-4.285714285714292,-0.38974358974358836,2.564102564102562,0.06105006105006083,-0.07570207570207543,-0.7741147741147731,0.0
592213.421973071,643,0.02,-0.020100360736250877,-0.2970225214958191,-0.15782219171524048,0.9356768131256104,-0.3083592355251312,-0.07434602826833725,-0.2997349202632904,-0.019645990691996573,-0.28591592278934996,-0.16918440527962098,0.9607461661707486,-0.31452658884565565,-0.06809338521400754,-0.29850461585412447,-4.153846153846153,-4.285714285714292,-0.37606837606837473,2.523076923076921,0.06105006105006083,-0.07570207570207543,-0.7692307692307683,0.0
592213.441986805,644,0.02,-0.020083624869585037,-0.2971227169036865,-0.15762333571910858,0.935227632522583,-0.30855968594551086,-0.07424754649400711,-0.29976630210876465,-0.019645990691996573,-0.28591592278934996,-0.16918440527962098,0.9607461661707486,-0.31452658884565565,-0.06809338521400754,-0.29850461585412447,-4.127472527472527,-4.285714285714292,-0.3623931623931611,2.4820512820512803,0.06105006105006083,-0.07081807081807057,-0.7741147741147731,0.0
592213.46197104,645,0.02,-0.020066889002919197,-0.2972226142883301,-0.15742531418800354,0.934847354888916,-0.3087593913078308,-0.07414933294057846,-0.29979756474494934,-0.019645990691996573,-0.28591592278934996,-0.16918440527962098,0.9603646906233312,-0.31452658884565565,-0.06809338521400754,-0.29850461585412447,-4.101098901098901,-4.285714285714292,-0.3623931623931611,2.454700854700853,0.056166056166055967,-0.07081807081807057,-0.7741147741147731,0.0
592213.481927007,646,0.02,-0.020050371065735817,-0.2973220944404602,-0.1572280079126358,0.9345360398292542,-0.30895835161209106,-0.07405145466327667,-0.2998283803462982,-0.019645990691996573,-0.28591592278934996,-0.16918440527962098,0.9603646906233312,-0.31452658884565565,-0.06809338521400754,-0.29850461585412447,-4.101098901098901,-4.312087912087918,-0.33504273504273385,2.427350427350426,0.0512820512820511,-0.07081807081807057,-0.778998778998778,0.0
592213.501959717,647,0.02,-0.020033497363328934,-0.2974211573600769,-0.15703146159648895,0.9342937469482422,-0.3091566264629364,-0.07395394891500473,-0.2998596727848053,-0.019645990691996573,-0.28591592278934996,-0.16918440527962098,0.9603646906233312,-0.31452658884565565,-0.06809338521400754,-0.29850461585412447,-4.101098901098901,-4.312087912087918,-0.3213675213675202,2.3999999999999986,0.0512820512820511,-0.0659340659340657,-0.7692307692307683,0.0
592213.521936948,648,0.02,-0.020017391070723534,-0.2975200116634369,-0.15683549642562866,0.9341203570365906,-0.30935415625572205,-0.07385682314634323,-0.2998903691768646,-0.019645990691996573,-0.28591592278934996,-0.16918440527962098,0.9603646906233312,-0.31452658884565565,-0.06809338521400754,-0.29850461585412447,-4.101098901098901,-4.312087912087918,-0.3076923076923066,2.3999999999999986,0.04639804639804623,-0.0659340659340657,-0.7741147741147731,0.0
592213.541937088,649,0.02,-0.020000770688056946,-0.2976182997226715,-0.15664035081863403,0.9340164661407471,-0.3095509111881256,-0.07376012206077576,-0.29992151260375977,-0.019645990691996573,-0.28591592278934996,-0.16918440527962098,0.9603646906233312,-0.31452658884565565,-0.06809338521400754,-0.29850461585412447,-4.101098901098901,-4.338461538461544,-0.28034188034187935,2.3726495726495713,0.04639804639804623,-0.0659340659340657,-0.7741147741147731,0.0
592213.562057987,650,0.02,-0.019984593614935875,-0.29771631956100464,-0.1564459651708603,0.9339821338653564,-0.3097468912601471,-0.07366373389959335,-0.29995226860046387,-0.019645990691996573,-0.28591592278934996,-0.16918440527962098,0.9603646906233312,-0.31452658884565565,-0.06809338521400754,-0.29850461585412447,-4.101098901098901,-4.338461538461544,-0.294017094017093,2.3999999999999986,0.04639804639804623,-0.07081807081807057,-0.7741147741147731,0.0
592213.582115759,651,0.02,-0.019968368113040924,-0.29781395196914673,-0.15625232458114624,0.9339823722839355,-0.3099421560764313,-0.07356776297092438,-0.2999827563762665,-0.019645990691996573,-0.28591592278934996,-0.16918440527962098,0.9596017395284964,-0.31452658884565565,-0.06809338521400754,-0.29850461585412447,-4.0747252747252745,-4.338461538461544,-0.28034188034187935,2.4820512820512803,0.04151404151404137,-0.0659340659340657,-0.7741147741147731,0.0
592213.601945356,652,0.02,-0.019952010363340378,-0.2979111671447754,-0.1560593545436859,0.9339826703071594,-0.31013673543930054,-0.07347214221954346,-0.3000134229660034,-0.019645990691996573,-0.28591592278934996,-0.16918440527962098,0.9588387884336615,-0.31452658884565565,-0.06809338521400754,-0.29850461585412447,-4.0747252747252745,-4.338461538461544,-0.2529914529914521,2.5504273504273485,0.04151404151404137,-0.06105006105006083,-0.7741147741147731,0.0
592213.621960573,653,0.02,-0.019936231896281242,-0.29800817370414734,-0.15586704015731812,0.9339827299118042,-0.3103305697441101,-0.07337677478790283,-0.30004382133483887,-0.019645990691996573,-0.2862973983367674,-0.16918440527962098,0.9576943617914093,-0.31452658884565565,-0.06809338521400754,-0.29850461585412447,-4.0747252747252745,-4.338461538461544,-0.2529914529914521,2.5777777777777757,0.04151404151404137,-0.06105006105006083,-0.7741147741147731,0.0
592213.641953813,654,0.02,-0.019920051097869873,-0.29810473322868347,-0.15567547082901,0.9339831471443176,-0.3105236887931824,-0.07328186929225922,-0.3000743091106415,-0.019645990691996573,-0.2862973983367674,-0.16918440527962098,0.9569314106965745,-0.31452658884565565,-0.06809338521400754,-0.29850461585412447,-4.0747252747252745,-4.364835164835171,-0.23931623931623847,2.564102564102562,0.04151404151404137,-0.06105006105006083,-0.7692307692307683,0.0
592213.662202254,655,0.02,-0.019904298707842827,-0.2982009947299957,-0.15548460185527802,0.9339833855628967,-0.3107162415981293,-0.07318726181983948,-0.3001042902469635,-0.019645990691996573,-0.2862973983367674,-0.16918440527962098,0.9561684596017397,-0.31452658884565565,-0.06809338521400754,-0.29850461585412447,-4.0747252747252745,-4.364835164835171,-0.1982905982905976,2.605128205128203,0.0366300366300365,-0.06105006105006083,-0.7741147741147731,0.0
592213.681933115,656,0.02,-0.01988833025097847,-0.29829683899879456,-0.15529441833496094,0.9339836239814758,-0.3109079897403717,-0.07309307903051376,-0.3001346290111542,-0.019645990691996573,-0.2862973983367674,-0.16918440527962098,0.9561684596017397,-0.31452658884565565,-0.06809338521400754,-0.29850461585412447,-4.0747252747252745,-4.364835164835171,-0.1982905982905976,2.564102564102562,0.03174603174603163,-0.06105006105006083,-0.778998778998778,0.0
592213.701966659,657,0.02,-0.01987260952591896,-0.2983923554420471,-0.155104860663414,0.9339837431907654,-0.31109893321990967,-0.07299913465976715,-0.30016469955444336,-0.019645990691996573,-0.2862973983367674,-0.16918440527962098,0.9561684596017397,-0.31452658884565565,-0.06809338521400754,-0.29850461585412447,-4.0747252747252745,-4.364835164835171,-0.17094017094017033,2.5777777777777757,0.0366300366300365,-0.056166056166055967,-0.778998778998778,0.0
592213.721983237,658,0.02,-0.019856875762343407,-0.29848751425743103,-0.15491613745689392,0.9339842200279236,-0.31128934025764465,-0.07290560007095337,-0.30019471049308777,-0.019645990691996573,-0.2862973983367674,-0.16918440527962098,0.9561684596017397,-0.31452658884565565,-0.06809338521400754,-0.29850461585412447,-4.0747252747252745,-4.391208791208797,-0.14358974358974308,2.5777777777777757,0.026862026862026767,-0.056166056166055967,-0.7741147741147731,0.0
592213.7419776,659,0.02,-0.019841300323605537,-0.2985824942588806,-0.15472806990146637,0.9339843988418579,-0.31147897243499756,-0.07281246036291122,-0.30022454261779785,-0.019645990691996573,-0.2862973983367674,-0.16918440527962098,0.9561684596017397,-0.31452658884565565,-0.06809338521400754,-0.29850461585412447,-4.0747252747252745,-4.364835164835171,-0.14358974358974308,2.5777777777777757,0.026862026862026767,-0.056166056166055967,-0.778998778998778,0.0
592213.762164123,660,0.02,-0.01982574537396431,-0.29867690801620483,-0.15454065799713135,0.933984637260437,-0.3116678297519684,-0.07271955162286758,-0.30025434494018555,-0.019645990691996573,-0.2862973983367674,-0.16918440527962098,0.9561684596017397,-0.31452658884565565,-0.06809338521400754,-0.29850461585412447,-4.0747252747252745,-4.364835164835171,-0.14358974358974308,2.5914529914529894,0.0219780219780219,-0.056166056166055967,-0.778998778998778,0.0
592213.781987397,661,0.02,-0.019810397177934647,-0.29877105355262756,-0.15435391664505005,0.9339848160743713,-0.31185612082481384,-0.07262715697288513,-0.3002837896347046,-0.019645990691996573,-0.2862973983367674,-0.16918440527962098,0.9561684596017397,-0.31452658884565565,-0.06809338521400754,-0.29850461585412447,-4.0747252747252745,-4.364835164835171,-0.12991452991452945,2.5914529914529894,0.0219780219780219,-0.056166056166055967,-0.778998778998778,0.0
592213.801933017,662,0.02,-0.019794901832938194,-0.29886484146118164,-0.15416792035102844,0.9339852929115295,-0.312043696641922,-0.07253500819206238,-0.3003135919570923,-0.019645990691996573,-0.2866788738841848,-0.16918440527962098,0.9561684596017397,-0.31452658884565565,-0.06809338521400754,-0.29850461585412447,-4.0747252747252745,-4.338461538461544,-0.1025641025641022,2.5914529914529894,0.0219780219780219,-0.0512820512820511,-0.7741147741147731,0.0
592213.822219254,663,0.02,-0.019779667258262634,-0.29895833134651184,-0.1539825052022934,0.9339855313301086,-0.31223052740097046,-0.0724431574344635,-0.3003429174423218,-0.019645990691996573,-0.2870603494316022,-0.16918440527962098,0.9561684596017397,-0.31452658884565565,-0.06809338521400754,-0.29850461585412447,-4.0747252747252745,-4.285714285714292,-0.1025641025641022,2.5777777777777757,0.0219780219780219,-0.056166056166055967,-0.7741147741147731,0.0
592213.841976509,664,0.02,-0.019764255732297897,-0.2990514039993286,-0.153797909617424,0.9339858293533325,-0.3124167323112488,-0.07235179841518402,-0.300372451543808,-0.019645990691996573,-0.287823300526437,-0.16918440527962098,0.9561684596017397,-0.31452658884565565,-0.06809338521400754,-0.29850461585412447,-4.0747252747252745,-4.232967032967039,-0.1025641025641022,2.5777777777777757,0.017094017094017033,-0.0512820512820511,-0.7741147741147731,0.0
592213.862059636,665,0.02,-0.019748905673623085,-0.2991441786289215,-0.15361388027668,0.9339861273765564,-0.3126021921634674,-0.07226067781448364,-0.30040183663368225,-0.019645990691996573,-0.2882047760738544,-0.16918440527962098,0.9561684596017397,-0.31452658884565565,-0.06809338521400754,-0.29850461585412447,-4.0747252747252745,-4.2593406593406655,-0.08888888888888857,2.5777777777777757,0.0219780219780219,-0.0512820512820511,-0.7741147741147731,0.0
592213.881927031,666,0.02,-0.01973412185907364,-0.2992367148399353,-0.15343061089515686,0.9339861869812012,-0.3127869963645935,-0.07216986268758774,-0.3004310131072998,-0.019645990691996573,-0.2885862516212718,-0.16918440527962098,0.9561684596017397,-0.31452658884565565,-0.06809338521400754,-0.29850461585412447,-4.0747252747252745,-4.232967032967039,-0.07521367521367495,2.5777777777777757,0.017094017094017033,-0.04639804639804623,-0.778998778998778,0.0
592213.901924777,667,0.02,-0.019718986004590988,-0.2993287146091461,-0.15324796736240387,0.9339864253997803,-0.3129711151123047,-0.07207948714494705,-0.3004603385925293,-0.019645990691996573,-0.28934920271610665,-0.16918440527962098,0.9561684596017397,-0.31490806439307306,-0.06809338521400754,-0.29850461585412447,-4.0747252747252745,-4.18021978021978,-0.06153846153846132,2.5777777777777757,0.017094017094017033,-0.04639804639804623,-0.778998778998778,0.0
592213.921959217,668,0.02,-0.019704094156622887,-0.29942044615745544,-0.1530659943819046,0.9339865446090698,-0.3131544888019562,-0.07198939472436905,-0.3004893660545349,-0.019645990691996573,-0.29011215381094146,-0.16880292973220357,0.9561684596017397,-0.31490806439307306,-0.06809338521400754,-0.29850461585412447,-4.0747252747252745,-4.101098901098901,-0.07521367521367495,2.5914529914529894,0.017094017094017033,-0.04151404151404137,-0.778998778998778,0.0
592213.941967006,669,0.02,-0.019689299166202545,-0.2995119094848633,-0.15288464725017548,0.9339867234230042,-0.3133372962474823,-0.07189980894327164,-0.3005184531211853,-0.019645990691996573,-0.2912565804531937,-0.16880292973220357,0.9561684596017397,-0.31490806439307306,-0.06809338521400754,-0.29850461585412447,-4.0747252747252745,-4.0747252747252745,-0.08888888888888857,2.564102564102562,0.012210012210012167,-0.04151404151404137,-0.7838827838827847,0.0
592213.961947937,670,0.02,-0.019674528390169144,-0.2996029853820801,-0.15270400047302246,0.9339868426322937,-0.3135193884372711,-0.07181030511856079,-0.3005472719669342,-0.019645990691996573,-0.2924010070954459,-0.16803997863736875,0.9561684596017397,-0.31490806439307306,-0.06809338521400754,-0.29850461585412447,-4.0747252747252745,-3.837362637362638,-0.1025641025641022,2.5777777777777757,0.0073260073260073,-0.04151404151404137,-0.778998778998778,0.0
592213.982161143,671,0.02,-0.019659750163555145,-0.2996937334537506,-0.15252399444580078,0.9339872598648071,-0.3137008547782898,-0.07172124832868576,-0.3005761206150055,-0.019645990691996573,-0.29392690928511556,-0.16689555199511652,0.9561684596017397,-0.31490806439307306,-0.06809338521400754,-0.29850461585412447,-4.0747252747252745,-3.837362637362638,-0.3623931623931611,2.5914529914529894,0.012210012210012167,-0.04151404151404137,-0.7838827838827847,0.0
592214.002193395,672,0.02,-0.01964539848268032,-0.29978427290916443,-0.15234461426734924,0.9339872598648071,-0.31388163566589355,-0.0716324895620346,-0.3006047010421753,-0.019645990691996573,-0.2958342870222026,-0.16536964980544688,0.9561684596017397,-0.31490806439307306,-0.06809338521400754,-0.29850461585412447,-4.0747252747252745,-3.6791208791208803,-0.403418803418802,2.5777777777777757,0.012210012210012167,-0.04151404151404137,-0.7741147741147731,0.0
592214.021920408,673,0.02,-0.019630465656518936,-0.29987427592277527,-0.152165949344635,0.9339876174926758,-0.3140617311000824,-0.0715441033244133,-0.30063366889953613,-0.019645990691996573,-0.29697871366445483,-0.16346227206835984,0.9561684596017397,-0.31490806439307306,-0.06809338521400754,-0.29850461585412447,-4.0747252747252745,-3.731868131868133,-0.403418803418802,2.5914529914529894,0.0073260073260073,-0.04151404151404137,-0.7838827838827847,0.0
592214.041936963,674,0.02,-0.01961597427725792,-0.2999640107154846,-0.1519879698753357,0.9339879751205444,-0.3142411410808563,-0.07145599275827408,-0.30066201090812683,-0.019645990691996573,-0.29736018921187224,-0.16346227206835984,0.9561684596017397,-0.31490806439307306,-0.06809338521400754,-0.29850461585412447,-4.0747252747252745,-3.758241758241759,-0.3213675213675202,2.564102564102562,0.0024420024420024333,-0.0366300366300365,-0.778998778998778,0.0
592214.062167744,675,0.02,-0.01960171014070511,-0.3000534772872925,-0.15181061625480652,0.9339881539344788,-0.3144199848175049,-0.0713682770729065,-0.3006901741027832,-0.019645990691996573,-0.29736018921187224,-0.16346227206835984,0.9561684596017397,-0.31490806439307306,-0.06809338521400754,-0.29850461585412447,-4.048351648351648,-3.7846153846153854,-0.37606837606837473,2.564102564102562,0.0024420024420024333,-0.03174603174603163,-0.778998778998778,0.0
592214.082125115,676,0.02,-0.019587131217122078,-0.3001425564289093,-0.15163388848304749,0.9339885115623474,-0.31459808349609375,-0.07128079980611801,-0.30071866512298584,-0.019645990691996573,-0.29736018921187224,-0.16346227206835984,0.9561684596017397,-0.31490806439307306,-0.06809338521400754,-0.29850461585412447,-4.048351648351648,-3.7846153846153854,-0.3623931623931611,2.5777777777777757,-0.0024420024420024333,-0.03174603174603163,-0.7838827838827847,0.0
592214.102071147,677,0.02,-0.019572988152503967,-0.3002314865589142,-0.15145784616470337,0.9339886903762817,-0.3147755265235901,-0.07119378447532654,-0.30074697732925415,-0.019645990691996573,-0.29736018921187224,-0.16346227206835984,0.9561684596017397,-0.31490806439307306,-0.06809338521400754,-0.29850461585412447,-4.048351648351648,-3.7846153846153854,-0.3487179487179475,2.564102564102562,-0.0073260073260073,-0.03174603174603163,-0.778998778998778,0.0
592214.122101091,678,0.02,-0.019558578729629517,-0.3003198504447937,-0.15128250420093536,0.9339889287948608,-0.3149523138999939,-0.07110704481601715,-0.30077511072158813,-0.019645990691996573,-0.29736018921187224,-0.16346227206835984,0.9561684596017397,-0.31490806439307306,-0.06809338521400754,-0.29850461585412447,-4.048351648351648,-3.8109890109890117,-0.3213675213675202,2.564102564102562,-0.0073260073260073,-0.026862026862026767,-0.778998778998778,0.0
592214.142119413,679,0.02,-0.019544441252946854,-0.30040788650512695,-0.15110760927200317,0.9339889883995056,-0.31512847542762756,-0.07102059572935104,-0.30080318450927734,-0.019645990691996573,-0.29736018921187224,-0.16346227206835984,0.9561684596017397,-0.31490806439307306,-0.06809338521400754,-0.29850461585412447,-4.048351648351648,-3.8109890109890117,-0.3213675213675202,2.564102564102562,-0.0073260073260073,-0.03174603174603163,-0.778998778998778,0.0
592214.161935635,680,0.02,-0.019530516117811203,-0.30049586296081543,-0.15093351900577545,0.9339892268180847,-0.3153040111064911,-0.07093442231416702,-0.30083125829696655,-0.019645990691996573,-0.29736018921187224,-0.16346227206835984,0.9561684596017397,-0.31490806439307306,-0.06809338521400754,-0.29850461585412447,-4.048351648351648,-3.8109890109890117,-0.3213675213675202,2.5777777777777757,-0.0073260073260073,-0.03174603174603163,-0.778998778998778,0.0
592214.18193707,681,0.02,-0.019516268745064735,-0.30058327317237854,-0.1507599651813507,0.9339894652366638,-0.3154788613319397,-0.07084865868091583,-0.30085915327072144,-0.019645990691996573,-0.29736018921187224,-0.16346227206835984,0.9561684596017397,-0.31490806439307306,-0.06809338521400754,-0.29850461585412447,-4.048351648351648,-3.8109890109890117,-0.3213675213675202,2.564102564102562,-0.012210012210012167,-0.026862026862026767,-0.7838827838827847,0.0
592214.201976988,682,0.02,-0.01950238086283207,-0.30067047476768494,-0.15058711171150208,0.9339896440505981,-0.31565308570861816,-0.07076311856508255,-0.30088695883750916,-0.019645990691996573,-0.29736018921187224,-0.16346227206835984,0.9561684596017397,-0.31490806439307306,-0.06809338521400754,-0.29850461585412447,-4.048351648351648,-3.8109890109890117,-0.3076923076923066,2.564102564102562,-0.0073260073260073,-0.026862026862026767,-0.7838827838827847,0.0
592214.222035365,683,0.02,-0.019488604739308357,-0.30075734853744507,-0.1504148691892624,0.9339898824691772,-0.3158267140388489,-0.07067795842885971,-0.3009144961833954,-0.019645990691996573,-0.29736018921187224,-0.16346227206835984,0.9561684596017397,-0.31490806439307306,-0.06809338521400754,-0.29850461585412447,-4.048351648351648,-3.837362637362638,-0.294017094017093,2.5777777777777757,-0.0073260073260073,-0.026862026862026767,-0.7838827838827847,0.0
592214.242031201,684,0.02,-0.019474662840366364,-0.30084383487701416,-0.15024328231811523,0.9339902997016907,-0.31599968671798706,-0.07059313356876373,-0.30094221234321594,-0.019645990691996573,-0.29736018921187224,-0.16346227206835984,0.9561684596017397,-0.31490806439307306,-0.06809338521400754,-0.29850461585412447,-4.048351648351648,-3.837362637362638,-0.2529914529914521,2.5777777777777757,-0.0073260073260073,-0.026862026862026767,-0.7838827838827847,0.0
592214.261943487,685,0.02,-0.01946059800684452,-0.3009299635887146,-0.1500723659992218,0.9339905977249146,-0.31617188453674316,-0.07050859183073044,-0.30097004771232605,-0.019645990691996573,-0.29736018921187224,-0.16346227206835984,0.9561684596017397,-0.31490806439307306,-0.06809338521400754,-0.29850461585412447,-4.048351648351648,-3.837362637362638,-0.2529914529914521,2.5777777777777757,-0.017094017094017033,-0.0219780219780219,-0.7838827838827847,0.0
592214.282012043,686,0.02,-0.019447246566414833,-0.3010159432888031,-0.14990203082561493,0.9339905977249146,-0.3163435459136963,-0.07042444497346878,-0.30099719762802124,-0.019645990691996573,-0.29736018921187224,-0.16346227206835984,0.9561684596017397,-0.31490806439307306,-0.06809338521400754,-0.29850461585412447,-4.048351648351648,-3.837362637362638,-0.2529914529914521,2.564102564102562,-0.017094017094017033,-0.0219780219780219,-0.7838827838827847,0.0
592214.30194057,687,0.02,-0.01943357102572918,-0.30110156536102295,-0.1497323215007782,0.9339909553527832,-0.31651464104652405,-0.07034062594175339,-0.301024466753006,-0.019645990691996573,-0.29736018921187224,-0.16346227206835984,0.9561684596017397,-0.31490806439307306,-0.06809338521400754,-0.29850461585412447,-4.048351648351648,-3.863736263736264,-0.23931623931623847,2.5777777777777757,-0.017094017094017033,-0.0219780219780219,-0.7838827838827847,0.0
592214.322148588,688,0.02,-0.019419703632593155,-0.30118677020072937,-0.1495632827281952,0.9339913129806519,-0.3166850805282593,-0.0702570378780365,-0.3010520040988922,-0.019645990691996573,-0.29736018921187224,-0.16346227206835984,0.9561684596017397,-0.31490806439307306,-0.06809338521400754,-0.29850461585412447,-4.048351648351648,-3.863736263736264,-0.1982905982905976,2.5777777777777757,-0.017094017094017033,-0.0219780219780219,-0.7887667887667895,0.0
592214.342179012,689,0.02,-0.01940642111003399,-0.30127182602882385,-0.14939475059509277,0.9339914917945862,-0.316854864358902,-0.0701737329363823,-0.3010790944099426,-0.019645990691996573,-0.29736018921187224,-0.16346227206835984,0.9561684596017397,-0.31490806439307306,-0.06809338521400754,-0.29850461585412447,-4.048351648351648,-3.863736263736264,-0.2119658119658112,2.564102564102562,-0.0219780219780219,-0.0219780219780219,-0.7838827838827847,0.0
592214.362113731,690,0.02,-0.019393116235733032,-0.3013565242290497,-0.1492268443107605,0.9339914917945862,-0.3170240521430969,-0.07009078562259674,-0.30110612511634827,-0.019645990691996573,-0.29736018921187224,-0.16346227206835984,0.9561684596017397,-0.31490806439307306,-0.06809338521400754,-0.29850461585412447,-4.0747252747252745,-3.863736263736264,-0.2119658119658112,2.5777777777777757,-0.017094017094017033,-0.0219780219780219,-0.7838827838827847,0.0
592214.38221329,691,0.02,-0.01937955804169178,-0.3014407455921173,-0.14905957877635956,0.9339917898178101,-0.31719255447387695,-0.07000809907913208,-0.30113333463668823,-0.019645990691996573,-0.29736018921187224,-0.16346227206835984,0.9561684596017397,-0.31490806439307306,-0.06809338521400754,-0.29850461585412447,-4.048351648351648,-3.8901098901098905,-0.1982905982905976,2.5777777777777757,-0.026862026862026767,-0.017094017094017033,-0.7838827838827847,0.0
592214.402122693,692,0.02,-0.0193663090467453,-0.3015247881412506,-0.14889298379421234,0.9339919686317444,-0.31736043095588684,-0.06992577761411667,-0.30116036534309387,-0.019645990691996573,-0.29736018921187224,-0.16346227206835984,0.9561684596017397,-0.31528953994049047,-0.06809338521400754,-0.29850461585412447,-4.048351648351648,-3.8901098901098905,-0.18461538461538396,2.5777777777777757,-0.026862026862026767,-0.0219780219780219,-0.7838827838827847,0.0
592214.421933261,693,0.02,-0.019353125244379044,-0.3016085922718048,-0.14872698485851288,0.9339920878410339,-0.31752780079841614,-0.0698438361287117,-0.301187127828598,-0.019645990691996573,-0.29736018921187224,-0.16346227206835984,0.9561684596017397,-0.31528953994049047,-0.06809338521400754,-0.29850461585412447,-4.048351648351648,-3.8901098901098905,-0.17094017094017033,2.564102564102562,-0.026862026862026767,-0.0219780219780219,-0.7838827838827847,0.0
592214.441941937,694,0.02,-0.019339758902788162,-0.3016919791698456,-0.14856155216693878,0.9339924454689026,-0.31769445538520813,-0.06976209580898285,-0.30121397972106934,-0.019645990691996573,-0.29736018921187224,-0.16346227206835984,0.9561684596017397,-0.31528953994049047,-0.06809338521400754,-0.29850461585412447,-4.048351648351648,-3.8901098901098905,-0.14358974358974308,2.564102564102562,-0.026862026862026767,-0.017094017094017033,-0.7838827838827847,0.0
592214.461957497,695,0.02,-0.019326699897646904,-0.3017750382423401,-0.14839670062065125,0.9339925646781921,-0.31786054372787476,-0.06968062371015549,-0.30124056339263916,-0.019645990691996573,-0.29736018921187224,-0.16346227206835984,0.9561684596017397,-0.31528953994049047,-0.06809338521400754,-0.29850461585412447,-4.048351648351648,-3.8901098901098905,-0.14358974358974308,2.564102564102562,-0.03174603174603163,-0.017094017094017033,-0.7838827838827847,0.0
592214.481946306,696,0.02,-0.019313741475343704,-0.3018578886985779,-0.14823250472545624,0.9339927434921265,-0.31802603602409363,-0.06959956884384155,-0.30126726627349854,-0.019645990691996573,-0.29736018921187224,-0.16346227206835984,0.9561684596017397,-0.31528953994049047,-0.06809338521400754,-0.29850461585412447,-4.048351648351648,-3.916483516483517,-0.12991452991452945,2.5777777777777757,-0.03174603174603163,-0.017094017094017033,-0.7887667887667895,0.0
592214.501955614,697,0.02,-0.019301004707813263,-0.3019405007362366,-0.1480688452720642,0.933992862701416,-0.31819087266921997,-0.06951869279146194,-0.30129358172416687,-0.019645990691996573,-0.29736018921187224,-0.16346227206835984,0.9561684596017397,-0.31528953994049047,-0.06809338521400754,-0.29850461585412447,-4.048351648351648,-3.916483516483517,-0.12991452991452945,2.564102564102562,-0.03174603174603163,-0.012210012210012167,-0.7887667887667895,0.0
592214.52198733,698,0.02,-0.01928771659731865,-0.30202266573905945,-0.14790591597557068,0.9339932203292847,-0.31835517287254333,-0.06943827122449875,-0.301320344209671,-0.019645990691996573,-0.29736018921187224,-0.16346227206835984,0.9561684596017397,-0.31528953994049047,-0.06809338521400754,-0.29850461585412447,-4.048351648351648,-3.916483516483517,-0.1025641025641022,2.564102564102562,-0.0366300366300365,-0.012210012210012167,-0.7887667887667895,0.0
592214.541940364,699,0.02,-0.019274963065981865,-0.30210456252098083,-0.14774346351623535,0.9339932799339294,-0.31851884722709656,-0.06935810297727585,-0.3013465404510498,-0.019645990691996573,-0.29736018921187224,-0.16346227206835984,0.9561684596017397,-0.31528953994049047,-0.06809338521400754,-0.29850461585412447,-4.048351648351648,-3.916483516483517,-0.1025641025641022,2.5777777777777757,-0.0366300366300365,-0.012210012210012167,-0.7838827838827847,0.0
592214.562051678,700,0.02,-0.01926194503903389,-0.30218619108200073,-0.14758169651031494,0.9339935779571533,-0.31868189573287964,-0.06927819550037384,-0.30137279629707336,-0.019645990691996573,-0.29736018921187224,-0.16346227206835984,0.9561684596017397,-0.31528953994049047,-0.06809338521400754,-0.29850461585412447,-4.048351648351648,-3.942857142857143,-0.07521367521367495,2.564102564102562,-0.0366300366300365,-0.012210012210012167,-0.7887667887667895,0.0
592214.581956731,701,0.02,-0.01924927346408367,-0.3022674322128296,-0.14742043614387512,0.9339936971664429,-0.31884434819221497,-0.06919855624437332,-0.3013990819454193,-0.019645990691996573,-0.29736018921187224,-0.16346227206835984,0.9561684596017397,-0.31528953994049047,-0.06809338521400754,-0.29850461585412447,-4.048351648351648,-3.942857142857143,-0.07521367521367495,2.5777777777777757,-0.0366300366300365,-0.012210012210012167,-0.7887667887667895,0.0
592214.602181209,702,0.02,-0.019236531108617783,-0.3023484945297241,-0.14725977182388306,0.9339940547943115,-0.31900620460510254,-0.06911922246217728,-0.3014252483844757,-0.019645990691996573,-0.29736018921187224,-0.16346227206835984,0.9561684596017397,-0.31528953994049047,-0.06809338521400754,-0.29850461585412447,-4.021978021978022,-3.942857142857143,-0.06153846153846132,2.5777777777777757,-0.0366300366300365,-0.012210012210012167,-0.7887667887667895,0.0
592214.622193148,703,0.02,-0.01922401413321495,-0.3024293780326843,-0.14709971845149994,0.9339941740036011,-0.3191675841808319,-0.06904023885726929,-0.3014509081840515,-0.019645990691996573,-0.29736018921187224,-0.16308079652094243,0.9561684596017397,-0.31528953994049047,-0.06809338521400754,-0.29850461585412447,-4.021978021978022,-3.942857142857143,-0.08888888888888857,2.564102564102562,-0.04151404151404137,-0.012210012210012167,-0.7887667887667895,0.0
592214.642124116,704,0.02,-0.019211294129490852,-0.3025096654891968,-0.1469402015209198,0.9339942932128906,-0.3193281888961792,-0.06896146386861801,-0.3014770746231079,-0.019645990691996573,-0.29774166475928965,-0.1623178454261076,0.9561684596017397,-0.31528953994049047,-0.06809338521400754,-0.29850461585412447,-4.021978021978022,-3.916483516483517,-0.12991452991452945,2.564102564102562,-0.04151404151404137,-0.012210012210012167,-0.7887667887667895,0.0
592214.661951509,705,0.02,-0.019198911264538765,-0.30258986353874207,-0.14678138494491577,0.9339946508407593,-0.3194882571697235,-0.06888307631015778,-0.3015029728412628,-0.019645990691996573,-0.29812314030670706,-0.1615548943312728,0.9561684596017397,-0.3156710154879079,-0.06809338521400754,-0.29850461585412447,-4.048351648351648,-3.863736263736264,-0.1572649572649567,2.564102564102562,-0.04151404151404137,-0.0073260073260073,-0.7887667887667895,0.0
592214.683071504,706,0.02,-0.01918651908636093,-0.3026697337627411,-0.14662308990955353,0.9339948296546936,-0.3196478486061096,-0.06880497932434082,-0.30152854323387146,-0.019645990691996573,-0.29812314030670706,-0.16041046768902056,0.9561684596017397,-0.3156710154879079,-0.06809338521400754,-0.29850461585412447,-4.021978021978022,-3.8901098901098905,-0.3623931623931611,2.564102564102562,-0.04639804639804623,-0.012210012210012167,-0.7887667887667895,0.0
592214.702119728,707,0.02,-0.019174113869667053,-0.30274924635887146,-0.14646528661251068,0.9339948296546936,-0.3198067247867584,-0.06872713565826416,-0.30155426263809204,-0.019645990691996573,-0.29850461585412447,-0.15926604104676834,0.9561684596017397,-0.3156710154879079,-0.06809338521400754,-0.29850461585412447,-4.021978021978022,-3.837362637362638,-0.28034188034187935,2.5504273504273485,-0.04151404151404137,-0.0073260073260073,-0.7887667887667895,0.0
592214.721966806,708,0.02,-0.019161546602845192,-0.30282849073410034,-0.14630819857120514,0.933995246887207,-0.319965124130249,-0.06864959001541138,-0.30158013105392456,-0.019645990691996573,-0.2988860914015419,-0.15850308995193352,0.9561684596017397,-0.3160524910353253,-0.06809338521400754,-0.29850461585412447,-4.021978021978022,-3.863736263736264,-0.33504273504273385,2.564102564102562,-0.0366300366300365,-0.0073260073260073,-0.7838827838827847,0.0
592214.741956961,709,0.02,-0.019149571657180786,-0.3029075860977173,-0.1461515575647354,0.9339953660964966,-0.3201228976249695,-0.0685722604393959,-0.3016054034233093,-0.019645990691996573,-0.2988860914015419,-0.1577401388570987,0.9561684596017397,-0.3160524910353253,-0.06809338521400754,-0.29850461585412447,-4.021978021978022,-3.863736263736264,-0.3076923076923066,2.5777777777777757,-0.03174603174603163,-0.0024420024420024333,-0.7936507936507944,0.0
592214.761944246,710,0.02,-0.01913713850080967,-0.30298617482185364,-0.14599552750587463,0.9339955449104309,-0.3202800452709198,-0.0684952586889267,-0.30163073539733887,-0.019645990691996573,-0.2988860914015419,-0.1577401388570987,0.9561684596017397,-0.3171969176775775,-0.06809338521400754,-0.29850461585412447,-4.021978021978022,-3.8901098901098905,-0.3487179487179475,2.564102564102562,-0.012210012210012167,-0.0073260073260073,-0.7887667887667895,0.0
592214.782004825,711,0.02,-0.01912512630224228,-0.30306464433670044,-0.14584004878997803,0.9339957237243652,-0.3204367458820343,-0.06841858476400375,-0.3016563057899475,-0.019645990691996573,-0.2988860914015419,-0.1577401388570987,0.9561684596017397,-0.3175783932249949,-0.06809338521400754,-0.29850461585412447,-4.021978021978022,-3.8901098901098905,-0.3623931623931611,2.564102564102562,-0.017094017094017033,-0.0073260073260073,-0.7887667887667895,0.0
592214.801935298,712,0.02,-0.019113201647996902,-0.3031427562236786,-0.1456851214170456,0.9339956045150757,-0.3205927610397339,-0.06834211945533752,-0.3016814589500427,-0.019645990691996573,-0.2988860914015419,-0.1577401388570987,0.9561684596017397,-0.3175783932249949,-0.06809338521400754,-0.29850461585412447,-4.021978021978022,-3.8901098901098905,-0.33504273504273385,2.5777777777777757,-0.03174603174603163,-0.0024420024420024333,-0.7936507936507944,0.0
592214.822166064,713,0.02,-0.019101034849882126,-0.30322062969207764,-0.14553087949752808,0.9339958429336548,-0.3207482397556305,-0.06826608628034592,-0.3017069697380066,-0.019645990691996573,-0.2988860914015419,-0.1577401388570987,0.9561684596017397,-0.31795986877241234,-0.06809338521400754,-0.29850461585412447,-4.021978021978022,-3.8901098901098905,-0.33504273504273385,2.564102564102562,-0.03174603174603163,-0.0024420024420024333,-0.7887667887667895,0.0
592214.841986843,714,0.02,-0.019089173525571823,-0.3032981753349304,-0.1453770399093628,0.9339959621429443,-0.32090315222740173,-0.06819019466638565,-0.3017319440841675,-0.019645990691996573,-0.2988860914015419,-0.1577401388570987,0.9561684596017397,-0.31795986877241234,-0.06809338521400754,-0.29850461585412447,-4.021978021978022,-3.8901098901098905,-0.3213675213675202,2.5777777777777757,-0.0366300366300365,-0.0024420024420024333,-0.7887667887667895,0.0
592214.862062899,715,0.02,-0.01907714083790779,-0.30337539315223694,-0.14522387087345123,0.9339961409568787,-0.3210574984550476,-0.06811462342739105,-0.3017571270465851,-0.019645990691996573,-0.2988860914015419,-0.1577401388570987,0.9561684596017397,-0.31795986877241234,-0.06809338521400754,-0.29850461585412447,-4.021978021978022,-3.916483516483517,-0.3076923076923066,2.5777777777777757,-0.03174603174603163,-0.0024420024420024333,-0.7887667887667895,0.0
592214.881948252,716,0.02,-0.01906546577811241,-0.3034524619579315,-0.14507119357585907,0.9339961409568787,-0.3212113380432129,-0.06803938746452332,-0.30178192257881165,-0.019645990691996573,-0.2988860914015419,-0.1577401388570987,0.9561684596017397,-0.31795986877241234,-0.06809338521400754,-0.29850461585412447,-4.021978021978022,-3.916483516483517,-0.294017094017093,2.564102564102562,-0.04151404151404137,-0.0024420024420024333,-0.7936507936507944,0.0
592214.901901506,717,0.02,-0.019053632393479347,-0.30352920293807983,-0.14491908252239227,0.9339965581893921,-0.32136455178260803,-0.06796438246965408,-0.30180686712265015,-0.019645990691996573,-0.2988860914015419,-0.1577401388570987,0.9561684596017397,-0.31795986877241234,-0.06809338521400754,-0.29850461585412447,-4.021978021978022,-3.916483516483517,-0.294017094017093,2.564102564102562,-0.04151404151404137,-0.0024420024420024333,-0.7936507936507944,0.0
592214.921940871,718,0.02,-0.019041558727622032,-0.3036055862903595,-0.14476756751537323,0.9339969158172607,-0.3215172290802002,-0.06788954138755798,-0.3018317222595215,-0.019645990691996573,-0.2988860914015419,-0.1577401388570987,0.9561684596017397,-0.31795986877241234,-0.06809338521400754,-0.29850461585412447,-4.021978021978022,-3.916483516483517,-0.294017094017093,2.564102564102562,-0.0366300366300365,-0.0024420024420024333,-0.7887667887667895,0.0
592214.942140556,719,0.02,-0.019029686227440834,-0.30368170142173767,-0.14461660385131836,0.9339970946311951,-0.321669340133667,-0.06781510263681412,-0.3018565773963928,-0.019645990691996573,-0.2988860914015419,-0.1577401388570987,0.9561684596017397,-0.31795986877241234,-0.06771190966659013,-0.29850461585412447,-4.021978021978022,-3.942857142857143,-0.2666666666666657,2.564102564102562,-0.04151404151404137,0.0024420024420024333,-0.7887667887667895,0.0
592214.962162331,720,0.02,-0.019018270075321198,-0.30375760793685913,-0.14446619153022766,0.9339972138404846,-0.32182085514068604,-0.06774092465639114,-0.30188101530075073,-0.019645990691996573,-0.2988860914015419,-0.1577401388570987,0.9561684596017397,-0.31795986877241234,-0.06771190966659013,-0.29850461585412447,-4.021978021978022,-3.942857142857143,-0.23931623931623847,2.564102564102562,-0.04151404151404137,0.0024420024420024333,-0.7887667887667895,0.0
592214.981948313,721,0.02,-0.01900659129023552,-0.3038332164287567,-0.14431631565093994,0.9339972734451294,-0.3219718039035797,-0.06766713410615921,-0.30190566182136536,-0.019645990691996573,-0.2988860914015419,-0.1577401388570987,0.9561684596017397,-0.31795986877241234,-0.06771190966659013,-0.29850461585412447,-4.021978021978022,-3.942857142857143,-0.23931623931623847,2.564102564102562,-0.04639804639804623,0.0024420024420024333,-0.7887667887667895,0.0
592215.001997158,722,0.02,-0.018995095044374466,-0.30390843749046326,-0.1441669911146164,0.9339974522590637,-0.322122186422348,-0.067593514919281,-0.3019302785396576,-0.019645990691996573,-0.2988860914015419,-0.1577401388570987,0.9561684596017397,-0.31795986877241234,-0.06771190966659013,-0.29850461585412447,-4.021978021978022,-3.942857142857143,-0.22564102564102484,2.564102564102562,-0.0366300366300365,0.0024420024420024333,-0.7887667887667895,0.0
592215.022191478,723,0.02,-0.01898362673819065,-0.3039836287498474,-0.144018292427063,0.9339979290962219,-0.3222721219062805,-0.06752006709575653,-0.30195438861846924,-0.019645990691996573,-0.2988860914015419,-0.1577401388570987,0.9561684596017397,-0.31795986877241234,-0.06771190966659013,-0.29850461585412447,-4.021978021978022,-3.942857142857143,-0.23931623931623847,2.564102564102562,-0.0512820512820511,0.0024420024420024333,-0.7887667887667895,0.0
592215.041928409,724,0.02,-0.018972020596265793,-0.304058313369751,-0.1438700556755066,0.933998167514801,-0.32242152094841003,-0.06744704395532608,-0.3019787073135376,-0.019645990691996573,-0.2988860914015419,-0.1577401388570987,0.9561684596017397,-0.31795986877241234,-0.06771190966659013,-0.29850461585412447,-4.021978021978022,-3.9692307692307693,-0.1982905982905976,2.5777777777777757,-0.04639804639804623,0.0024420024420024333,-0.7887667887667895,0.0
592215.062090513,725,0.02,-0.018960680812597275,-0.30413272976875305,-0.1437222808599472,0.933998167514801,-0.32257023453712463,-0.06737415492534637,-0.30200305581092834,-0.019645990691996573,-0.2988860914015419,-0.1577401388570987,0.9561684596017397,-0.31795986877241234,-0.06771190966659013,-0.29850461585412447,-4.021978021978022,-3.9692307692307693,-0.1982905982905976,2.564102564102562,-0.04639804639804623,0.0024420024420024333,-0.7887667887667895,0.0
592215.08192544,726,0.02,-0.018949218094348907,-0.3042069375514984,-0.14357517659664154,0.9339984059333801,-0.32271844148635864,-0.06730170547962189,-0.30202746391296387,-0.019645990691996573,-0.2988860914015419,-0.1577401388570987,0.9561684596017397,-0.31795986877241234,-0.06771190966659013,-0.29850461585412447,-4.021978021978022,-3.9692307692307693,-0.1982905982905976,2.5777777777777757,-0.04639804639804623,0.0073260073260073,-0.7985347985347993,0.0
592215.101941137,727,0.02,-0.018938107416033745,-0.30428096652030945,-0.14342859387397766,0.9339985251426697,-0.3228660821914673,-0.06722942739725113,-0.3020513653755188,-0.019645990691996573,-0.2988860914015419,-0.1577401388570987,0.9561684596017397,-0.31795986877241234,-0.06771190966659013,-0.29850461585412447,-4.021978021978022,-3.9692307692307693,-0.17094017094017033,2.564102564102562,-0.04639804639804623,0.0073260073260073,-0.7936507936507944,0.0
592215.122177238,728,0.02,-0.018926914781332016,-0.30435463786125183,-0.1432824581861496,0.9339986443519592,-0.3230132758617401,-0.06715750694274902,-0.30207520723342896,-0.019645990691996573,-0.2988860914015419,-0.1577401388570987,0.9561684596017397,-0.31795986877241234,-0.06771190966659013,-0.29850461585412447,-4.021978021978022,-3.9692307692307693,-0.18461538461538396,2.564102564102562,-0.056166056166055967,0.0073260073260073,-0.7936507936507944,0.0
592215.141940459,729,0.02,-0.018915675580501556,-0.3044281601905823,-0.14313693344593048,0.9339988231658936,-0.32315993309020996,-0.06708577275276184,-0.30209919810295105,-0.019645990691996573,-0.2988860914015419,-0.1577401388570987,0.9561684596017397,-0.31795986877241234,-0.06771190966659013,-0.29850461585412447,-4.021978021978022,-3.9692307692307693,-0.17094017094017033,2.564102564102562,-0.0512820512820511,0.0073260073260073,-0.7936507936507944,0.0
592215.162112002,730,0.02,-0.01890440843999386,-0.3045012652873993,-0.14299188554286957,0.9339990019798279,-0.3233060836791992,-0.06701431423425674,-0.30212345719337463,-0.019645990691996573,-0.2988860914015419,-0.1577401388570987,0.9561684596017397,-0.31795986877241234,-0.06771190966659013,-0.29850461585412447,-4.021978021978022,-3.9956043956043956,-0.1572649572649567,2.564102564102562,-0.056166056166055967,0.012210012210012167,-0.7985347985347993,0.0
592215.181931807,731,0.02,-0.018893592059612274,-0.30457425117492676,-0.14284732937812805,0.9339991211891174,-0.3234516680240631,-0.06694307923316956,-0.30214694142341614,-0.019645990691996573,-0.2988860914015419,-0.1577401388570987,0.9561684596017397,-0.31795986877241234,-0.06771190966659013,-0.29850461585412447,-4.021978021978022,-3.9956043956043956,-0.14358974358974308,2.564102564102562,-0.06105006105006083,0.0073260073260073,-0.7887667887667895,0.0
592215.201960787,732,0.02,-0.018882490694522858,-0.3046468198299408,-0.14270341396331787,0.9339994192123413,-0.32359665632247925,-0.06687209755182266,-0.3021707236766815,-0.019645990691996573,-0.2988860914015419,-0.1577401388570987,0.9561684596017397,-0.31795986877241234,-0.06771190966659013,-0.29850461585412447,-4.021978021978022,-3.9956043956043956,-0.12991452991452945,2.564102564102562,-0.056166056166055967,0.0073260073260073,-0.7936507936507944,0.0
592215.221956835,733,0.02,-0.018871208652853966,-0.30471912026405334,-0.1425599604845047,0.9339996576309204,-0.3237411379814148,-0.06680149585008621,-0.30219441652297974,-0.019645990691996573,-0.2988860914015419,-0.1577401388570987,0.9561684596017397,-0.31795986877241234,-0.06771190966659013,-0.29850461585412447,-4.021978021978022,-3.9956043956043956,-0.11623931623931583,2.5777777777777757,-0.06105006105006083,0.0073260073260073,-0.7936507936507944,0.0
592215.241939098,734,0.02,-0.01886051334440708,-0.30479124188423157,-0.1424170583486557,0.9339998364448547,-0.323885053396225,-0.0667310282588005,-0.3022178113460541,-0.019645990691996573,-0.2988860914015419,-0.1577401388570987,0.9561684596017397,-0.31795986877241234,-0.06771190966659013,-0.29850461585412447,-3.9956043956043956,-4.021978021978022,-0.1025641025641022,2.564102564102562,-0.06105006105006083,0.012210012210012167,-0.7936507936507944,0.0
592215.261946673,735,0.02,-0.018849575892090797,-0.3048630356788635,-0.1422746628522873,0.9340000152587891,-0.3240285813808441,-0.06666090339422226,-0.30224141478538513,-0.019645990691996573,-0.2988860914015419,-0.1577401388570987,0.9561684596017397,-0.31795986877241234,-0.06771190966659013,-0.29850461585412447,-3.9956043956043956,-4.021978021978022,-0.1025641025641022,2.5777777777777757,-0.07081807081807057,0.012210012210012167,-0.7936507936507944,0.0
592215.281918355,736,0.02,-0.01883886754512787,-0.3049347400665283,-0.1421326994895935,0.9340000748634338,-0.3241715133190155,-0.06659099459648132,-0.3022647202014923,-0.019645990691996573,-0.2988860914015419,-0.1577401388570987,0.9561684596017397,-0.31795986877241234,-0.06771190966659013,-0.29850461585412447,-4.021978021978022,-4.021978021978022,-0.08888888888888857,2.564102564102562,-0.07081807081807057,0.012210012210012167,-0.7985347985347993,0.0
592215.30215323,737,0.02,-0.018827790394425392,-0.3050059378147125,-0.14199131727218628,0.9340004920959473,-0.3243139386177063,-0.06652133166790009,-0.30228811502456665,-0.019645990691996573,-0.2988860914015419,-0.1577401388570987,0.9561684596017397,-0.31795986877241234,-0.06771190966659013,-0.29850461585412447,-3.9956043956043956,-4.021978021978022,-0.07521367521367495,2.564102564102562,-0.0659340659340657,0.012210012210012167,-0.7936507936507944,0.0
592215.321933988,738,0.02,-0.018817318603396416,-0.30507713556289673,-0.14185047149658203,0.9340004920959473,-0.32445576786994934,-0.06645194441080093,-0.3023112118244171,-0.019645990691996573,-0.2988860914015419,-0.1577401388570987,0.9561684596017397,-0.31795986877241234,-0.06771190966659013,-0.29850461585412447,-3.9956043956043956,-4.021978021978022,-0.07521367521367495,2.564102564102562,-0.0659340659340657,0.012210012210012167,-0.7936507936507944,0.0
592215.342090617,739,0.02,-0.01880658231675625,-0.3051478862762451,-0.141710102558136,0.9340007305145264,-0.32459715008735657,-0.06638284772634506,-0.30233442783355713,-0.019645990691996573,-0.2988860914015419,-0.1577401388570987,0.9561684596017397,-0.31795986877241234,-0.06771190966659013,-0.29850461585412447,-3.9956043956043956,-4.021978021978022,-0.07521367521367495,2.564102564102562,-0.07081807081807057,0.017094017094017033,-0.7936507936507944,0.0
592215.361992349,740,0.02,-0.018795760348439217,-0.3052183985710144,-0.1415703445672989,0.9340011477470398,-0.3247380256652832,-0.06631407886743546,-0.30235761404037476,-0.019645990691996573,-0.2988860914015419,-0.1577401388570987,0.9561684596017397,-0.31795986877241234,-0.06771190966659013,-0.29850461585412447,-3.9956043956043956,-4.048351648351648,-0.04786324786324769,2.564102564102562,-0.07081807081807057,0.017094017094017033,-0.7985347985347993,0.0
592215.38191012,741,0.02,-0.01878519169986248,-0.3052886426448822,-0.1414310187101364,0.9340011477470398,-0.3248783349990845,-0.06624533981084824,-0.30238062143325806,-0.019645990691996573,-0.2988860914015419,-0.1577401388570987,0.9561684596017397,-0.31795986877241234,-0.06771190966659013,-0.29850461585412447,-3.9956043956043956,-4.048351648351648,-0.03418803418803407,2.5777777777777757,-0.07081807081807057,0.017094017094017033,-0.7985347985347993,0.0
592215.402122565,742,0.02,-0.01877480559051037,-0.30535873770713806,-0.14129212498664856,0.9340012073516846,-0.3250181972980499,-0.06617705523967743,-0.30240362882614136,-0.019645990691996573,-0.2988860914015419,-0.1577401388570987,0.9561684596017397,-0.31795986877241234,-0.06771190966659013,-0.29850461585412447,-3.9956043956043956,-4.048351648351648,-0.03418803418803407,2.564102564102562,-0.07081807081807057,0.017094017094017033,-0.7985347985347993,0.0
592215.421956076,743,0.02,-0.018764493986964226,-0.30542853474617004,-0.1411537379026413,0.9340012669563293,-0.32515749335289,-0.06610894203186035,-0.30242642760276794,-0.019645990691996573,-0.2988860914015419,-0.1577401388570987,0.9561684596017397,-0.31795986877241234,-0.06771190966659013,-0.29850461585412447,-3.9956043956043956,-4.048351648351648,-0.02051282051282044,2.564102564102562,-0.07570207570207543,0.012210012210012167,-0.7985347985347993,0.0
592215.441958814,744,0.02,-0.018753880634903908,-0.30549803376197815,-0.14101599156856537,0.9340015053749084,-0.3252963721752167,-0.06604115664958954,-0.30244943499565125,-0.019645990691996573,-0.2988860914015419,-0.1577401388570987,0.9561684596017397,-0.31834134431982974,-0.06771190966659013,-0.29850461585412447,-3.9956043956043956,-4.048351648351648,-0.03418803418803407,2.5777777777777757,-0.07081807081807057,0.017094017094017033,-0.7985347985347993,0.0
592215.462204373,745,0.02,-0.018743574619293213,-0.30556732416152954,-0.14087867736816406,0.9340015649795532,-0.32543453574180603,-0.06597352027893066,-0.30247214436531067,-0.019645990691996573,-0.2988860914015419,-0.1577401388570987,0.9561684596017397,-0.31834134431982974,-0.06771190966659013,-0.29850461585412447,-3.9956043956043956,-4.048351648351648,-0.006837606837606813,2.564102564102562,-0.07570207570207543,0.0219780219780219,-0.7936507936507944,0.0
592215.482136624,746,0.02,-0.01873311959207058,-0.3056362569332123,-0.14074182510375977,0.9340018033981323,-0.3255723714828491,-0.06590619683265686,-0.3024948537349701,-0.019645990691996573,-0.2988860914015419,-0.1577401388570987,0.9561684596017397,-0.31834134431982974,-0.06771190966659013,-0.29850461585412447,-3.9956043956043956,-4.0747252747252745,0.006837606837606813,2.564102564102562,-0.07570207570207543,0.0219780219780219,-0.7985347985347993,0.0
592215.502137702,747,0.02,-0.01872296631336212,-0.30570507049560547,-0.14060553908348083,0.9340018630027771,-0.3257097005844116,-0.06583911180496216,-0.30251726508140564,-0.019645990691996573,-0.2988860914015419,-0.1577401388570987,0.9561684596017397,-0.31834134431982974,-0.06771190966659013,-0.29850461585412447,-3.9956043956043956,-4.0747252747252745,0.006837606837606813,2.5777777777777757,-0.07570207570207543,0.017094017094017033,-0.7985347985347993,0.0
592215.522157973,748,0.02,-0.018712587654590607,-0.3057735562324524,-0.1404697597026825,0.934002161026001,-0.325846403837204,-0.06577227264642715,-0.30254003405570984,-0.019645990691996573,-0.2988860914015419,-0.1577401388570987,0.9561684596017397,-0.31834134431982974,-0.06771190966659013,-0.29850461585412447,-3.9956043956043956,-4.0747252747252745,0.02051282051282044,2.564102564102562,-0.0805860805860803,0.0219780219780219,-0.7985347985347993,0.0
592215.541995291,749,0.02,-0.018702436238527298,-0.305841863155365,-0.14033444225788116,0.9340022802352905,-0.3259827196598053,-0.06570567935705185,-0.30256223678588867,-0.019645990691996573,-0.2988860914015419,-0.1577401388570987,0.9561684596017397,-0.31834134431982974,-0.06771190966659013,-0.29850461585412447,-3.9956043956043956,-4.0747252747252745,0.02051282051282044,2.564102564102562,-0.0805860805860803,0.0219780219780219,-0.8034188034188041,0.0
592215.561935369,750,0.02,-0.01869221404194832,-0.3059098422527313,-0.14019954204559326,0.9340023398399353,-0.3261185586452484,-0.06563923507928848,-0.30258479714393616,-0.019645990691996573,-0.2988860914015419,-0.1577401388570987,0.9561684596017397,-0.31834134431982974,-0.06771190966659013,-0.29850461585412447,-3.9956043956043956,-4.0747252747252745,0.03418803418803407,2.564102564102562,-0.0805860805860803,0.0219780219780219,-0.7985347985347993,0.0
592215.581931702,751,0.02,-0.01868228241801262,-0.3059777319431305,-0.14006520807743073,0.9340023994445801,-0.32625383138656616,-0.06557323038578033,-0.3026069700717926,-0.019645990691996573,-0.2988860914015419,-0.1577401388570987,0.9561684596017397,-0.31834134431982974,-0.06771190966659013,-0.29850461585412447,-3.9956043956043956,-4.101098901098901,0.06153846153846132,2.5777777777777757,-0.08547008547008517,0.0219780219780219,-0.7985347985347993,0.0
592215.60192517,752,0.02,-0.01867217943072319,-0.30604517459869385,-0.1399313509464264,0.9340025782585144,-0.3263886570930481,-0.0655074343085289,-0.3026292622089386,-0.019645990691996573,-0.2988860914015419,-0.1577401388570987,0.9561684596017397,-0.31834134431982974,-0.06771190966659013,-0.29850461585412447,-3.9956043956043956,-4.101098901098901,0.04786324786324769,2.564102564102562,-0.08547008547008517,0.0219780219780219,-0.7985347985347993,0.0
592215.622036355,753,0.02,-0.01866225153207779,-0.3061123788356781,-0.13979801535606384,0.9340028166770935,-0.3265228867530823,-0.06544169038534164,-0.30265137553215027,-0.019645990691996573,-0.2988860914015419,-0.1573586633096813,0.9561684596017397,-0.31834134431982974,-0.06771190966659013,-0.29850461585412447,-3.9956043956043956,-4.101098901098901,-0.03418803418803407,2.5777777777777757,-0.08547008547008517,0.0219780219780219,-0.7985347985347993,0.0
592215.641955483,754,0.02,-0.018652139231562614,-0.3061794340610504,-0.1396651715040207,0.9340028762817383,-0.3266567289829254,-0.0653764083981514,-0.3026735186576843,-0.019645990691996573,-0.2992675669489593,-0.15659571221484647,0.9561684596017397,-0.31834134431982974,-0.06771190966659013,-0.29850461585412447,-3.9956043956043956,-4.0747252747252745,-0.07521367521367495,2.564102564102562,-0.08547008547008517,0.0219780219780219,-0.7985347985347993,0.0
592215.66214038,755,0.02,-0.018642159178853035,-0.30624625086784363,-0.13953277468681335,0.9340031743049622,-0.3267900049686432,-0.06531129777431488,-0.3026956617832184,-0.019645990691996573,-0.2992675669489593,-0.15545128557259424,0.9561684596017397,-0.31834134431982974,-0.06771190966659013,-0.29850461585412447,-3.9956043956043956,-4.0747252747252745,-0.17094017094017033,2.564102564102562,-0.09035409035409003,0.0219780219780219,-0.7985347985347993,0.0
592215.681894259,756,0.02,-0.018632475286722183,-0.30631279945373535,-0.13940086960792542,0.9340032935142517,-0.32692283391952515,-0.06524637341499329,-0.302717387676239,-0.019645990691996573,-0.2992675669489593,-0.1539253833829246,0.9561684596017397,-0.31834134431982974,-0.06771190966659013,-0.29850461585412447,-3.9956043956043956,-4.0747252747252745,-0.3623931623931611,2.564102564102562,-0.0805860805860803,0.0219780219780219,-0.7936507936507944,0.0
592215.701929256,757,0.02,-0.018622560426592827,-0.30637913942337036,-0.13926948606967926,0.9340035915374756,-0.3270552456378937,-0.06518170982599258,-0.30273908376693726,-0.019645990691996573,-0.2992675669489593,-0.15201800564583756,0.9561684596017397,-0.31834134431982974,-0.06771190966659013,-0.29850461585412447,-3.9956043956043956,-4.101098901098901,-0.43076923076922924,2.5777777777777757,-0.09035409035409003,0.026862026862026767,-0.7985347985347993,0.0
592215.722132024,758,0.02,-0.018612662330269814,-0.3064451813697815,-0.13913853466510773,0.9340038299560547,-0.32718712091445923,-0.06511729210615158,-0.3027609884738922,-0.019645990691996573,-0.2992675669489593,-0.15049210345616792,0.9561684596017397,-0.31834134431982974,-0.06771190966659013,-0.29850461585412447,-3.9956043956043956,-4.101098901098901,-0.43076923076922924,2.5504273504273485,-0.09035409035409003,0.026862026862026767,-0.8034188034188041,0.0
592215.741925201,759,0.02,-0.018602866679430008,-0.30651092529296875,-0.13900801539421082,0.9340039491653442,-0.3273185193538666,-0.0650530606508255,-0.30278268456459045,-0.019645990691996573,-0.2992675669489593,-0.15011062790875052,0.9561684596017397,-0.31834134431982974,-0.06771190966659013,-0.29850461585412447,-3.9956043956043956,-4.101098901098901,-0.33504273504273385,2.5504273504273485,-0.09035409035409003,0.026862026862026767,-0.7985347985347993,0.0
592215.761971649,760,0.02,-0.018593383952975273,-0.3065766394138336,-0.13887806236743927,0.9340039491653442,-0.3274494409561157,-0.06498914957046509,-0.3028043508529663,-0.019645990691996573,-0.2992675669489593,-0.15011062790875052,0.9561684596017397,-0.31834134431982974,-0.06771190966659013,-0.29850461585412447,-4.021978021978022,-4.0747252747252745,-0.38974358974358836,2.5504273504273485,-0.0952380952380949,0.03174603174603163,-0.8034188034188041,0.0
592215.781977709,761,0.02,-0.018583746626973152,-0.30664199590682983,-0.13874854147434235,0.9340040683746338,-0.32757991552352905,-0.06492552906274796,-0.3028259575366974,-0.019645990691996573,-0.2992675669489593,-0.15011062790875052,0.9561684596017397,-0.31834134431982974,-0.06771190966659013,-0.29850461585412447,-4.021978021978022,-4.0747252747252745,-0.38974358974358836,2.564102564102562,-0.0952380952380949,0.026862026862026767,-0.8034188034188041,0.0
592215.802027277,762,0.02,-0.01857413351535797,-0.3067070245742798,-0.13861940801143646,0.9340041279792786,-0.3277098834514618,-0.06486207991838455,-0.3028475344181061,-0.019645990691996573,-0.2992675669489593,-0.15011062790875052,0.9561684596017397,-0.31834134431982974,-0.06771190966659013,-0.29850461585412447,-4.021978021978022,-4.0747252747252745,-0.38974358974358836,2.5504273504273485,-0.0952380952380949,0.026862026862026767,-0.7985347985347993,0.0
592215.821931276,763,0.02,-0.018564429134130478,-0.3067718744277954,-0.13849081099033356,0.9340044856071472,-0.32783934473991394,-0.0647987425327301,-0.30286905169487,-0.019645990691996573,-0.2996490424963767,-0.15011062790875052,0.9561684596017397,-0.31834134431982974,-0.06771190966659013,-0.29850461585412447,-4.021978021978022,-4.048351648351648,-0.37606837606837473,2.5504273504273485,-0.0952380952380949,0.026862026862026767,-0.8034188034188041,0.0
592215.841928357,764,0.02,-0.01855497620999813,-0.3068365156650543,-0.13836272060871124,0.9340046644210815,-0.3279683291912079,-0.06473574042320251,-0.30289027094841003,-0.019645990691996573,-0.2996490424963767,-0.15011062790875052,0.9561684596017397,-0.31834134431982974,-0.06771190966659013,-0.29850461585412447,-4.021978021978022,-4.0747252747252745,-0.3487179487179475,2.564102564102562,-0.10012210012209977,0.03174603174603163,-0.7985347985347993,0.0
592215.861968971,765,0.02,-0.01854558475315571,-0.3069009780883789,-0.13823504745960236,0.9340046644210815,-0.3280969262123108,-0.0646730288863182,-0.30291157960891724,-0.019645990691996573,-0.2996490424963767,-0.15011062790875052,0.9561684596017397,-0.31834134431982974,-0.06771190966659013,-0.29850461585412447,-4.021978021978022,-4.0747252747252745,-0.33504273504273385,2.536752136752135,-0.10012210012209977,0.03174603174603163,-0.7985347985347993,0.0
592215.881937023,766,0.02,-0.018536284565925598,-0.3069651424884796,-0.1381078064441681,0.9340048432350159,-0.32822495698928833,-0.06461044400930405,-0.3029327392578125,-0.019645990691996573,-0.2996490424963767,-0.15011062790875052,0.9561684596017397,-0.31834134431982974,-0.06771190966659013,-0.29850461585412447,-4.021978021978022,-4.0747252747252745,-0.3487179487179475,2.5504273504273485,-0.10012210012209977,0.026862026862026767,-0.8034188034188041,0.0
592215.901935851,767,0.02,-0.018526606261730194,-0.30702897906303406,-0.1379810869693756,0.9340050220489502,-0.32835257053375244,-0.06454812735319138,-0.30295416712760925,-0.019645990691996573,-0.2996490424963767,-0.15011062790875052,0.9561684596017397,-0.31834134431982974,-0.06771190966659013,-0.29850461585412447,-4.021978021978022,-4.0747252747252745,-0.3487179487179475,2.536752136752135,-0.10500610500610463,0.026862026862026767,-0.8034188034188041,0.0
592215.921916494,768,0.02,-0.018517157062888145,-0.30709272623062134,-0.13785481452941895,0.9340052008628845,-0.3284797668457031,-0.06448611617088318,-0.30297520756721497,-0.019645990691996573,-0.2996490424963767,-0.1497291523613331,0.9561684596017397,-0.31834134431982974,-0.06771190966659013,-0.29850461585412447,-4.021978021978022,-4.101098901098901,-0.4170940170940156,2.5504273504273485,-0.10500610500610463,0.03174603174603163,-0.8034188034188041,0.0
592215.941936262,769,0.02,-0.018508033826947212,-0.30715620517730713,-0.1377289593219757,0.9340052008628845,-0.3286064565181732,-0.06442426890134811,-0.30299612879753113,-0.019645990691996573,-0.2996490424963767,-0.1497291523613331,0.9561684596017397,-0.31834134431982974,-0.06771190966659013,-0.29850461585412447,-4.021978021978022,-4.101098901098901,-0.33504273504273385,2.564102564102562,-0.10012210012209977,0.0366300366300365,-0.7985347985347993,0.0
592215.96196426,770,0.02,-0.01849893480539322,-0.307219535112381,-0.13760358095169067,0.9340052604675293,-0.3287327289581299,-0.06436268240213394,-0.30301710963249207,-0.019645990691996573,-0.2996490424963767,-0.1497291523613331,0.9561684596017397,-0.31834134431982974,-0.06771190966659013,-0.29850461585412447,-4.021978021978022,-4.101098901098901,-0.3487179487179475,2.5504273504273485,-0.10500610500610463,0.03174603174603163,-0.8034188034188041,0.0
592215.981939867,771,0.02,-0.018489427864551544,-0.3072825074195862,-0.13747866451740265,0.9340054988861084,-0.32885849475860596,-0.0643012672662735,-0.3030381202697754,-0.019645990691996573,-0.2996490424963767,-0.1497291523613331,0.9561684596017397,-0.31872281986724715,-0.06771190966659013,-0.29850461585412447,-4.021978021978022,-4.101098901098901,-0.33504273504273385,2.536752136752135,-0.1098901098901095,0.0366300366300365,-0.7985347985347993,0.0
592216.001892887,772,0.02,-0.018480312079191208,-0.30734530091285706,-0.1373542696237564,0.9340057373046875,-0.328983873128891,-0.06424006819725037,-0.30305883288383484,-0.019645990691996573,-0.2996490424963767,-0.1497291523613331,0.9561684596017397,-0.31872281986724715,-0.06771190966659013,-0.29850461585412447,-4.021978021978022,-4.101098901098901,-0.3213675213675202,2.5504273504273485,-0.1098901098901095,0.03174603174603163,-0.7985347985347993,0.0
592216.021977428,773,0.02,-0.01847127079963684,-0.3074078857898712,-0.13723015785217285,0.9340057373046875,-0.32910871505737305,-0.06417910009622574,-0.3030795454978943,-0.019645990691996573,-0.2996490424963767,-0.1497291523613331,0.9561684596017397,-0.31872281986724715,-0.06771190966659013,-0.29850461585412447,-3.9956043956043956,-4.101098901098901,-0.33504273504273385,2.5504273504273485,-0.11477411477411437,0.03174603174603163,-0.8034188034188041,0.0
592216.041932337,774,0.02,-0.01846221461892128,-0.30747032165527344,-0.13710659742355347,0.9340059161186218,-0.32923316955566406,-0.0641184151172638,-0.3031002879142761,-0.019645990691996573,-0.2996490424963767,-0.1497291523613331,0.9561684596017397,-0.31872281986724715,-0.06771190966659013,-0.29850461585412447,-3.9956043956043956,-4.127472527472527,-0.3213675213675202,2.564102564102562,-0.10500610500610463,0.03174603174603163,-0.8034188034188041,0.0
592216.062159204,775,0.02,-0.018453184515237808,-0.30753225088119507,-0.13698342442512512,0.9340060353279114,-0.3293570578098297,-0.06405781209468842,-0.303120881319046,-0.019645990691996573,-0.2996490424963767,-0.1497291523613331,0.9561684596017397,-0.31872281986724715,-0.06771190966659013,-0.29850461585412447,-3.9956043956043956,-4.101098901098901,-0.3076923076923066,2.564102564102562,-0.1098901098901095,0.0366300366300365,-0.8034188034188041,0.0
592216.081920492,776,0.02,-0.018444158136844635,-0.3075941801071167,-0.13686081767082214,0.9340063333511353,-0.3294805884361267,-0.06399750709533691,-0.303141325712204,-0.019645990691996573,-0.2996490424963767,-0.1497291523613331,0.9561684596017397,-0.31872281986724715,-0.06771190966659013,-0.29850461585412447,-3.9956043956043956,-4.127472527472527,-0.3076923076923066,2.5504273504273485,-0.11477411477411437,0.04151404151404137,-0.808302808302809,0.0
592216.101992655,777,0.02,-0.018434863537549973,-0.30765581130981445,-0.13673867285251617,0.93400639295578,-0.3296036422252655,-0.06393753737211227,-0.30316194891929626,-0.019645990691996573,-0.2996490424963767,-0.1497291523613331,0.9561684596017397,-0.31872281986724715,-0.06771190966659013,-0.29850461585412447,-3.9956043956043956,-4.127472527472527,-0.3076923076923066,2.564102564102562,-0.11477411477411437,0.0366300366300365,-0.7985347985347993,0.0
592216.121940492,778,0.02,-0.01842610538005829,-0.30771729350090027,-0.13661687076091766,0.9340065121650696,-0.32972627878189087,-0.06387775391340256,-0.30318236351013184,-0.019645990691996573,-0.2996490424963767,-0.1497291523613331,0.9561684596017397,-0.31872281986724715,-0.06771190966659013,-0.29850461585412447,-3.9956043956043956,-4.127472527472527,-0.2666666666666657,2.564102564102562,-0.1098901098901095,0.0366300366300365,-0.8034188034188041,0.0
592216.141918617,779,0.02,-0.018417270854115486,-0.307778537273407,-0.13649551570415497,0.9340065121650696,-0.32984840869903564,-0.06381819397211075,-0.30320271849632263,-0.019645990691996573,-0.2996490424963767,-0.1497291523613331,0.9561684596017397,-0.31872281986724715,-0.06771190966659013,-0.29850461585412447,-3.9956043956043956,-4.127472527472527,-0.28034188034187935,2.5504273504273485,-0.11965811965811923,0.0366300366300365,-0.8034188034188041,0.0
592216.161931559,780,0.02,-0.018408551812171936,-0.3078395426273346,-0.1363746076822281,0.9340066313743591,-0.3299700915813446,-0.06375879049301147,-0.3032229244709015,-0.019645990691996573,-0.2996490424963767,-0.1497291523613331,0.9561684596017397,-0.31872281986724715,-0.06771190966659013,-0.29850461585412447,-3.9956043956043956,-4.127472527472527,-0.2529914529914521,2.5504273504273485,-0.11965811965811923,0.0366300366300365,-0.8034188034188041,0.0
592216.181977272,781,0.02,-0.018399696797132492,-0.3079002797603607,-0.13625414669513702,0.9340067505836487,-0.3300914764404297,-0.06369958072900772,-0.3032430410385132,-0.019645990691996573,-0.2996490424963767,-0.1497291523613331,0.9561684596017397,-0.31872281986724715,-0.06771190966659013,-0.29850461585412447,-3.9956043956043956,-4.153846153846153,-0.2529914529914521,2.5504273504273485,-0.11965811965811923,0.04151404151404137,-0.8034188034188041,0.0
592216.202146387,782,0.02,-0.01839086413383484,-0.3079608678817749,-0.13613413274288177,0.934006929397583,-0.330212265253067,-0.06364065408706665,-0.3032633364200592,-0.019645990691996573,-0.2996490424963767,-0.1497291523613331,0.9561684596017397,-0.31872281986724715,-0.06771190966659013,-0.29850461585412447,-3.9956043956043956,-4.153846153846153,-0.2529914529914521,2.5504273504273485,-0.11965811965811923,0.04151404151404137,-0.808302808302809,0.0
592216.221934616,783,0.02,-0.018382133916020393,-0.3080211281776428,-0.13601452112197876,0.9340071082115173,-0.3303326964378357,-0.06358194351196289,-0.30328354239463806,-0.019645990691996573,-0.2996490424963767,-0.1497291523613331,0.9561684596017397,-0.31872281986724715,-0.06771190966659013,-0.29850461585412447,-3.9956043956043956,-4.153846153846153,-0.23931623931623847,2.564102564102562,-0.11965811965811923,0.0366300366300365,-0.8034188034188041,0.0
592216.242093099,784,0.02,-0.01837334595620632,-0.30808135867118835,-0.13589540123939514,0.9340074062347412,-0.3304526209831238,-0.06352336704730988,-0.30330342054367065,-0.019645990691996573,-0.2996490424963767,-0.1497291523613331,0.9561684596017397,-0.31872281986724715,-0.06771190966659013,-0.29850461585412447,-3.9956043956043956,-4.153846153846153,-0.23931623931623847,2.564102564102562,-0.1245421245421241,0.0366300366300365,-0.8034188034188041,0.0
592216.261899441,785,0.02,-0.018364768475294113,-0.30814120173454285,-0.13577669858932495,0.9340074062347412,-0.33057212829589844,-0.06346505135297775,-0.3033232092857361,-0.019645990691996573,-0.2996490424963767,-0.1497291523613331,0.9561684596017397,-0.31872281986724715,-0.06771190966659013,-0.29850461585412447,-3.9956043956043956,-4.153846153846153,-0.22564102564102484,2.564102564102562,-0.11965811965811923,0.04151404151404137,-0.8034188034188041,0.0
592216.281913212,786,0.02,-0.018356144428253174,-0.30820077657699585,-0.13565842807292938,0.9340075254440308,-0.33069121837615967,-0.0634070485830307,-0.3033432364463806,-0.019645990691996573,-0.2996490424963767,-0.1493476768139157,0.9561684596017397,-0.31872281986724715,-0.06771190966659013,-0.29850461585412447,-3.9956043956043956,-4.153846153846153,-0.22564102564102484,2.564102564102562,-0.1245421245421241,0.04151404151404137,-0.8034188034188041,0.0
592216.30190145,787,0.02,-0.01834743097424507,-0.3082602322101593,-0.13554063439369202,0.9340077042579651,-0.3308098018169403,-0.0633491799235344,-0.30336326360702515,-0.019645990691996573,-0.2996490424963767,-0.1493476768139157,0.9561684596017397,-0.31872281986724715,-0.06771190966659013,-0.29850461585412447,-3.9956043956043956,-4.18021978021978,-0.18461538461538396,2.5504273504273485,-0.12942612942612897,0.04151404151404137,-0.808302808302809,0.0
592216.321965201,788,0.02,-0.018338976427912712,-0.30831947922706604,-0.1354232132434845,0.9340077042579651,-0.3309279680252075,-0.0632915049791336,-0.30338290333747864,-0.019645990691996573,-0.2996490424963767,-0.1493476768139157,0.9561684596017397,-0.31872281986724715,-0.06771190966659013,-0.29850461585412447,-3.9956043956043956,-4.18021978021978,-0.2119658119658112,2.5504273504273485,-0.1245421245421241,0.04151404151404137,-0.8034188034188041,0.0
592216.342051937,789,0.02,-0.018330693244934082,-0.308378666639328,-0.1353062242269516,0.9340078234672546,-0.33104583621025085,-0.06323418021202087,-0.30340251326560974,-0.019645990691996573,-0.2996490424963767,-0.1493476768139157,0.9561684596017397,-0.31872281986724715,-0.06771190966659013,-0.29850461585412447,-3.9956043956043956,-4.18021978021978,-0.1982905982905976,2.564102564102562,-0.12942612942612897,0.04639804639804623,-0.8034188034188041,0.0
592216.362007915,790,0.02,-0.018322033807635307,-0.30843740701675415,-0.13518962264060974,0.9340081810951233,-0.331163227558136,-0.06317683309316635,-0.3034219741821289,-0.019645990691996573,-0.2996490424963767,-0.1493476768139157,0.9561684596017397,-0.31872281986724715,-0.06771190966659013,-0.29850461585412447,-3.9956043956043956,-4.18021978021978,-0.17094017094017033,2.5504273504273485,-0.12942612942612897,0.04151404151404137,-0.8034188034188041,0.0
592216.381945916,791,0.02,-0.01831364445388317,-0.30849602818489075,-0.13507342338562012,0.9340083599090576,-0.3312802016735077,-0.06311984360218048,-0.3034415543079376,-0.019645990691996573,-0.2996490424963767,-0.1493476768139157,0.9561684596017397,-0.31872281986724715,-0.06771190966659013,-0.29850461585412447,-3.9956043956043956,-4.18021978021978,-0.17094017094017033,2.564102564102562,-0.12942612942612897,0.04639804639804623,-0.8034188034188041,0.0
592216.401952447,792,0.02,-0.01830514706671238,-0.308554470539093,-0.1349577009677887,0.9340083599090576,-0.33139675855636597,-0.06306298822164536,-0.30346113443374634,-0.019645990691996573,-0.2996490424963767,-0.1493476768139157,0.9561684596017397,-0.31872281986724715,-0.06771190966659013,-0.29850461585412447,-3.9956043956043956,-4.18021978021978,-0.18461538461538396,2.5504273504273485,-0.12942612942612897,0.04639804639804623,-0.8034188034188041,0.0
592216.421937826,793,0.02,-0.018296632915735245,-0.30861252546310425,-0.13484236598014832,0.9340085983276367,-0.3315127491950989,-0.06300634890794754,-0.30348068475723267,-0.019645990691996573,-0.2996490424963767,-0.1493476768139157,0.9561684596017397,-0.31872281986724715,-0.06771190966659013,-0.29850461585412447,-3.9956043956043956,-4.206593406593406,-0.14358974358974308,2.564102564102562,-0.13431013431013383,0.04151404151404137,-0.808302808302809,0.0
592216.441886321,794,0.02,-0.01828850246965885,-0.3086705207824707,-0.13472750782966614,0.9340087175369263,-0.3316284716129303,-0.06294994801282883,-0.3034999370574951,-0.019645990691996573,-0.2996490424963767,-0.1493476768139157,0.9561684596017397,-0.31872281986724715,-0.06771190966659013,-0.29850461585412447,-3.9956043956043956,-4.206593406593406,-0.1572649572649567,2.564102564102562,-0.12942612942612897,0.04639804639804623,-0.8034188034188041,0.0
592216.461911945,795,0.02,-0.018280191347002983,-0.30872830748558044,-0.1346130222082138,0.9340088963508606,-0.33174368739128113,-0.06289377063512802,-0.3035191297531128,-0.019645990691996573,-0.2996490424963767,-0.1493476768139157,0.9561684596017397,-0.31872281986724715,-0.06771190966659013,-0.29850461585412447,-3.9956043956043956,-4.206593406593406,-0.14358974358974308,2.5504273504273485,-0.13431013431013383,0.04639804639804623,-0.808302808302809,0.0
592216.481988722,796,0.02,-0.018204890191555023,-0.3097657263278961,-0.13254386186599731,0.9340029358863831,-0.33381545543670654,-0.06191379576921463,-0.3039359450340271,-0.019645990691996573,-0.2996490424963767,-0.1493476768139157,0.9561684596017397,-0.31872281986724715,-0.06771190966659013,-0.29850461585412447,-3.9956043956043956,-4.206593406593406,-0.12991452991452945,2.5504273504273485,-0.1391941391941387,0.04639804639804623,-0.808302808302809,0.0
592216.501935487,797,0.02,-0.017995577305555344,-0.3127627372741699,-0.12656459212303162,0.9339845776557922,-0.3398011326789856,-0.059085894376039505,-0.3051479458808899,-0.019645990691996573,-0.2996490424963767,-0.1493476768139157,0.9561684596017397,-0.31872281986724715,-0.06771190966659013,-0.29850461585412447,-3.9956043956043956,-4.206593406593406,-0.12991452991452945,2.564102564102562,-0.1391941391941387,0.0512820512820511,-0.808302808302809,0.0
592216.52194976,798,0.02,-0.017786264419555664,-0.3157597482204437,-0.12058532983064651,0.9339662790298462,-0.34578678011894226,-0.05625799670815468,-0.3063599467277527,-0.019645990691996573,-0.2996490424963767,-0.1493476768139157,0.9561684596017397,-0.31872281986724715,-0.06771190966659013,-0.29850461585412447,-3.9956043956043956,-4.2593406593406655,-0.08888888888888857,2.5504273504273485,-0.1391941391941387,0.0512820512820511,-0.808302808302809,0.0
592216.542344807,799,0.02,-0.017576951533555984,-0.31875675916671753,-0.11460606753826141,0.9339479804039001,-0.3517724573612213,-0.05343009531497955,-0.3075719475746155,-0.019645990691996573,-0.2996490424963767,-0.1493476768139157,0.9561684596017397,-0.31910429541466456,-0.06771190966659013,-0.29850461585412447,-3.9692307692307693,-4.391208791208797,0.1025641025641022,2.564102564102562,-0.15873015873015994,0.0659340659340657,-0.8180708180708187,0.0
592216.561912852,800,0.02,-0.017367636784911156,-0.32175377011299133,-0.10862679779529572,0.9339296817779541,-0.357758104801178,-0.05060219764709473,-0.30878394842147827,-0.019645990691996573,-0.3004119935912115,-0.14744029907682865,0.9561684596017397,-0.3206301976043342,-0.06733043411917272,-0.2988860914015419,-3.9692307692307693,-4.4439560439560495,0.04786324786324769,2.5504273504273485,-0.1636141636141648,0.07570207570207543,-0.8278388278388285,0.0
592216.581980823,801,0.02,-0.017158323898911476,-0.32475078105926514,-0.10264752805233002,0.9339113235473633,-0.36374378204345703,-0.0477742962539196,-0.30999594926834106,-0.019645990691996573,-0.30231937132829856,-0.14248111696040233,0.9561684596017397,-0.32711528191043016,-0.06694895857175531,-0.2988860914015419,-3.9692307692307693,-4.496703296703302,-0.11623931623931583,2.564102564102562,-0.04151404151404137,0.10500610500610463,-0.8327228327228333,0.0
592216.602065039,802,0.02,-0.016949011012911797,-0.32774779200553894,-0.09666826575994492,0.9338930249214172,-0.3697294294834137,-0.044946394860744476,-0.31120795011520386,-0.019645990691996573,-0.3049897001602204,-0.13561455710688897,0.9561684596017397,-0.33131151293202166,-0.0665674830243379,-0.2988860914015419,-3.942857142857143,-4.285714285714292,-0.06153846153846132,2.5504273504273485,-0.09035409035409003,0.11965811965811923,-0.842490842490843,0.0
592216.621938074,803,0.02,-0.016739698126912117,-0.33074480295181274,-0.09068900346755981,0.9338747262954712,-0.37571507692337036,-0.04211849719285965,-0.31241995096206665,-0.019645990691996573,-0.3084229800869771,-0.12760357061112337,0.9561684596017397,-0.3366521705958654,-0.06466010528725086,-0.2988860914015419,-3.942857142857143,-4.312087912087918,-0.28034188034187935,2.5504273504273485,-0.09035409035409003,0.10012210012209977,-0.8620268620268625,0.0
592216.642159803,804,0.02,-0.016530385240912437,-0.33374181389808655,-0.08470973372459412,0.9338564276695251,-0.3817007541656494,-0.03929059952497482,-0.31363195180892944,-0.019645990691996573,-0.3126192111085686,-0.11921110856794037,0.9561684596017397,-0.33970397497520466,-0.06275272755016381,-0.2992675669489593,-3.942857142857143,-4.101098901098901,-0.4444444444444464,2.536752136752135,-0.1782661782661794,0.1245421245421241,-0.8717948717948723,0.0
592216.661942186,805,0.02,-0.01632107049226761,-0.33673882484436035,-0.07873046398162842,0.9338380694389343,-0.3876864016056061,-0.0364626981317997,-0.31484395265579224,-0.019645990691996573,-0.3168154421301601,-0.11120012207217478,0.9561684596017397,-0.34428168154421357,-0.06198977645532899,-0.2992675669489593,-3.8901098901098905,-4.101098901098901,-0.4991452991453009,2.5504273504273485,-0.14896214896214843,0.16361416361416303,-0.881562881562882,0.0
592216.68206826,806,0.02,-0.01611175760626793,-0.33973583579063416,-0.07275119423866272,0.9338197708129883,-0.39367207884788513,-0.03363479673862457,-0.31605595350265503,-0.019645990691996573,-0.3198672465094994,-0.103952086671244,0.9561684596017397,-0.34809643701838766,-0.060463874265659356,-0.2996490424963767,-3.916483516483517,-4.206593406593406,-0.5264957264957282,2.523076923076921,-0.1782661782661794,0.14407814407814357,-0.8717948717948723,0.0
592216.702043121,807,0.02,-0.01590244472026825,-0.34273284673690796,-0.06677193194627762,0.9338014721870422,-0.3996577262878418,-0.030806899070739746,-0.3172679543495178,-0.019645990691996573,-0.32253757534142125,-0.09746700236514805,0.9561684596017397,-0.354962996871901,-0.05893797207598972,-0.30117494468604633,-3.863736263736264,-4.232967032967039,-0.5538461538461554,2.5094017094017076,-0.09035409035409003,0.16361416361416303,-0.8473748473748479,0.0
592216.722169606,808,0.02,-0.01569313183426857,-0.34572988748550415,-0.06079266220331192,0.9337831735610962,-0.40564340353012085,-0.02797899767756462,-0.318479984998703,-0.019645990691996573,-0.3255893797207605,-0.0913633936064695,0.9561684596017397,-0.3618295567254144,-0.057030594338902674,-0.30537117570763783,-3.837362637362638,-4.18021978021978,-0.5811965811965827,2.495726495726494,-0.08547008547008517,0.16361416361416303,-0.7643467643467634,0.0
592216.741954377,809,0.02,-0.01548381894826889,-0.34872686862945557,-0.05481339991092682,0.9337648153305054,-0.4116290509700775,-0.025151100009679794,-0.3196919858455658,-0.019645990691996573,-0.3282597085526824,-0.08525978484779095,0.9561684596017397,-0.3667887388418407,-0.05550469214923304,-0.3088044556343945,-3.8109890109890117,-4.232967032967039,-0.6632478632478644,2.5094017094017076,-0.14896214896214843,0.18803418803418737,-0.7643467643467634,0.0
592216.762100508,810,0.02,-0.01527450606226921,-0.35172390937805176,-0.04883413016796112,0.9337465167045593,-0.4176146984100342,-0.02232319861650467,-0.3209039866924286,-0.019645990691996573,-0.33169298847943907,-0.07953765163652982,0.9561684596017397,-0.37251087205310185,-0.05283436331731117,-0.31376363775082083,-3.837362637362638,-4.18021978021978,-0.5811965811965827,2.495726495726494,-0.12942612942612897,0.14896214896214843,-0.7008547008547001,0.0
592216.78195435,811,0.02,-0.015065192244946957,-0.35472092032432556,-0.04285486042499542,0.9337282180786133,-0.42360037565231323,-0.019495297223329544,-0.3221159875392914,-0.019264515144579164,-0.3339818417639435,-0.0745784695201035,0.9561684596017397,-0.37747005416952817,-0.04940108339055449,-0.3156710154879079,-3.837362637362638,-4.285714285714292,-0.5128205128205146,2.4820512820512803,-0.1391941391941387,0.14896214896214843,-0.7594627594627585,0.0
592216.801928351,812,0.02,-0.014855879358947277,-0.35771793127059937,-0.03687560558319092,0.9337099194526672,-0.4295860230922699,-0.016667399555444717,-0.3233279883861542,-0.019264515144579164,-0.3366521705958654,-0.06923781185625977,0.9561684596017397,-0.38471808957045894,-0.046730754558632626,-0.3164339665827427,-3.837362637362638,-4.312087912087918,-0.403418803418802,2.4820512820512803,-0.10500610500610463,0.1538461538461533,-0.778998778998778,0.0
592216.821982592,813,0.02,-0.014646565541625023,-0.36071494221687317,-0.03089633584022522,0.9336915612220764,-0.43557170033454895,-0.01383950188755989,-0.32453998923301697,-0.019264515144579164,-0.33970397497520466,-0.06427862973983345,0.9561684596017397,-0.3912031738765549,-0.04329747463187594,-0.31910429541466456,-3.8109890109890117,-4.312087912087918,-0.47179487179487367,2.4683760683760667,-0.09035409035409003,0.1391941391941387,-0.7350427350427342,0.0
592216.841972225,814,0.02,-0.014437252655625343,-0.363711953163147,-0.02491707354784012,0.9336732625961304,-0.4415573477745056,-0.011011604219675064,-0.32575199007987976,-0.019264515144579164,-0.34275577935454393,-0.05855649652857231,0.9561684596017397,-0.39654383154039863,-0.04024567025253667,-0.321393148699169,-3.7846153846153854,-4.18021978021978,-0.45811965811966004,2.454700854700853,-0.11965811965811923,0.13431013431013383,-0.7301587301587293,0.0
592216.861945238,815,0.02,-0.014227939769625664,-0.3667089641094208,-0.01893780380487442,0.9336549639701843,-0.44754302501678467,-0.008183702826499939,-0.32696399092674255,-0.019264515144579164,-0.346570534828718,-0.05245288776989376,0.9561684596017397,-0.40188448920424236,-0.03871976806286703,-0.3217746242465864,-3.7846153846153854,-4.206593406593406,-0.5675213675213691,2.454700854700853,-0.12942612942612897,0.1684981684981679,-0.7692307692307683,0.0
592216.881959023,816,0.02,-0.014018626883625984,-0.3697059750556946,-0.012958534061908722,0.9336366653442383,-0.45352867245674133,-0.005355801433324814,-0.32817599177360535,-0.019264515144579164,-0.3500038147554747,-0.04596780346379781,0.9561684596017397,-0.4087510490577557,-0.03566796368352776,-0.3217746242465864,-3.758241758241759,-4.285714285714292,-0.5811965811965827,2.4410256410256395,-0.0805860805860803,0.1538461538461533,-0.7887667887667895,0.0
592216.901940024,817,0.02,-0.013809313997626305,-0.3727029860019684,-0.006979271769523621,0.9336183071136475,-0.459514319896698,-0.002527903765439987,-0.32938799262046814,-0.019264515144579164,-0.353055619134814,-0.03948271915770185,0.9561684596017397,-0.4159990844586865,-0.03070878156710144,-0.3217746242465864,-3.758241758241759,-4.285714285714292,-0.6495726495726508,2.427350427350426,-0.04639804639804623,0.0952380952380949,-0.8034188034188041,0.0
592216.921954437,818,0.02,-0.01360000018030405,-0.3756999969482422,-0.0010000020265579224,0.9336000084877014,-0.46549999713897705,0.00029999762773513794,-0.33059999346733093,-0.019264515144579164,-0.35610742351415325,-0.03376058594644071,0.9561684596017397,-0.4209582665751128,-0.024986648355840302,-0.32215609979400384,-3.731868131868133,-4.2593406593406655,-0.5811965811965827,2.3999999999999986,-0.11477411477411437,0.04639804639804623,-0.8131868131868139,0.0
592216.942113961,819,0.02,-0.01360000018030405,-0.3756999969482422,-0.0010000000474974513,0.9336000084877014,-0.46549999713897705,0.0003000000142492354,-0.33059999346733093,-0.019264515144579164,-0.35954070344090994,-0.027656977187762166,0.9561684596017397,-0.4251544975967043,-0.02155336842908362,-0.32215609979400384,-3.7054945054945065,-4.18021978021978,-0.6769230769230781,2.386324786324785,-0.17338217338217454,0.09035409035409003,-0.8229548229548236,0.0
592216.961922725,820,0.02,-0.01360000018030405,-0.3756999969482422,-0.0010000000474974513,0.9336000084877014,-0.46549999713897705,0.0003000000142492354,-0.33059999346733093,-0.019264515144579164,-0.3629739833676666,-0.02155336842908362,0.9561684596017397,-0.43125810635538286,-0.020027466239413982,-0.32215609979400384,-3.731868131868133,-4.153846153846153,-0.6085470085470099,2.386324786324785,-0.10012210012209977,0.13431013431013383,-0.8327228327228333,0.0
592216.982061247,821,0.02,-0.01360000018030405,-0.3756999969482422,-0.0010000000474974513,0.9336000084877014,-0.46549999713897705,0.0003000000142492354,-0.33059999346733093,-0.019264515144579164,-0.3660257877470059,-0.015449759670405072,0.9561684596017397,-0.4373617151140614,-0.018120088502326936,-0.32215609979400384,-3.731868131868133,-4.153846153846153,-0.7726495726495735,2.3726495726495713,-0.07570207570207543,0.13431013431013383,-0.8376068376068382,0.0
592217.001931086,822,0.02,-0.01360000018030405,-0.3756999969482422,-0.0010000000474974513,0.9336000084877014,-0.46549999713897705,0.0003000000142492354,-0.33059999346733093,-0.019264515144579164,-0.36831464103151035,-0.011253528648813571,0.9561684596017397,-0.44270237277790514,-0.01697566186007471,-0.32215609979400384,-3.731868131868133,-4.18021978021978,-0.6085470085470099,2.3589743589743577,-0.056166056166055967,0.1538461538461533,-0.842490842490843,0.0
592217.021978296,823,0.02,-0.01360000018030405,-0.3756999969482422,-0.0010000000474974513,0.9336000084877014,-0.46549999713897705,0.0003000000142492354,-0.33059999346733093,-0.019264515144579164,-0.36869611657892776,-0.010109102006561344,0.9561684596017397,-0.44384679942015737,-0.0165941863126573,-0.32215609979400384,-3.731868131868133,-4.2593406593406655,-0.7042735042735053,2.345299145299144,-0.1391941391941387,0.16361416361416303,-0.842490842490843,0.0
592217.041925287,824,0.02,-0.01360000018030405,-0.3756999969482422,-0.0010000000474974513,0.9336000084877014,-0.46549999713897705,0.0003000000142492354,-0.33059999346733093,-0.019264515144579164,-0.36869611657892776,-0.009727626459143934,0.9561684596017397,-0.44689860379949664,-0.015449759670405072,-0.32253757534142125,-3.731868131868133,-4.2593406593406655,-0.7726495726495735,2.345299145299144,-0.07570207570207543,0.1391941391941387,-0.8376068376068382,0.0
592217.061941562,825,0.02,-0.01360000018030405,-0.3756999969482422,-0.0010000000474974513,0.9336000084877014,-0.46549999713897705,0.0003000000142492354,-0.33059999346733093,-0.019264515144579164,-0.36869611657892776,-0.009727626459143934,0.9561684596017397,-0.4488059815365837,-0.015068284122987663,-0.32253757534142125,-3.731868131868133,-4.2593406593406655,-0.8547008547008552,2.3316239316239304,-0.0805860805860803,0.14407814407814357,-0.842490842490843,0.0
592217.081938643,826,0.02,-0.01360000018030405,-0.3756999969482422,-0.0010000000474974513,0.9336000084877014,-0.46549999713897705,0.0003000000142492354,-0.33059999346733093,-0.019264515144579164,-0.36869611657892776,-0.009727626459143934,0.9561684596017397,-0.4499504081788359,-0.015068284122987663,-0.32253757534142125,-3.731868131868133,-4.285714285714292,-0.9094017094017097,2.3316239316239304,-0.0952380952380949,0.14896214896214843,-0.8376068376068382,0.0
592217.102161389,827,0.02,-0.01360000018030405,-0.3756999969482422,-0.0010000000474974513,0.9336000084877014,-0.46549999713897705,0.0003000000142492354,-0.33059999346733093,-0.019264515144579164,-0.36869611657892776,-0.009346150911726525,0.9561684596017397,-0.4499504081788359,-0.015068284122987663,-0.32253757534142125,-3.731868131868133,-4.2593406593406655,-0.8410256410256416,2.3316239316239304,-0.11965811965811923,0.14896214896214843,-0.8376068376068382,0.0
592217.121956598,828,0.02,-0.01360000018030405,-0.3756999969482422,-0.0010000000474974513,0.9336000084877014,-0.46549999713897705,0.0003000000142492354,-0.33059999346733093,-0.019264515144579164,-0.36869611657892776,-0.009346150911726525,0.9561684596017397,-0.4503318837262533,-0.015068284122987663,-0.32253757534142125,-3.7054945054945065,-4.2593406593406655,-0.8683760683760688,2.317948717948717,-0.11965811965811923,0.14896214896214843,-0.842490842490843,0.0
592217.141992249,829,0.02,-0.01360000018030405,-0.3756999969482422,-0.0010000000474974513,0.9336000084877014,-0.46549999713897705,0.0003000000142492354,-0.33059999346733093,-0.019264515144579164,-0.36869611657892776,-0.009346150911726525,0.9561684596017397,-0.4503318837262533,-0.015068284122987663,-0.32253757534142125,-3.731868131868133,-4.285714285714292,-0.8820512820512825,2.3316239316239304,-0.11477411477411437,0.1538461538461533,-0.842490842490843,0.0
592217.161936557,830,0.02,-0.01360000018030405,-0.3756999969482422,-0.0010000000474974513,0.9336000084877014,-0.46549999713897705,0.0003000000142492354,-0.33059999346733093,-0.019264515144579164,-0.36869611657892776,-0.009346150911726525,0.9561684596017397,-0.4503318837262533,-0.015068284122987663,-0.32253757534142125,-3.731868131868133,-4.2593406593406655,-0.8820512820512825,2.317948717948717,-0.11965811965811923,0.1538461538461533,-0.8376068376068382,0.0
592217.181940946,831,0.02,-0.01360000018030405,-0.3756999969482422,-0.0010000000474974513,0.9336000084877014,-0.46549999713897705,0.0003000000142492354,-0.33059999346733093,-0.019264515144579164,-0.36869611657892776,-0.009346150911726525,0.9561684596017397,-0.4503318837262533,-0.014686808575570254,-0.32253757534142125,-3.7054945054945065,-4.2593406593406655,-0.8683760683760688,2.3316239316239304,-0.11477411477411437,0.14896214896214843,-0.842490842490843,0.0
592217.201938642,832,0.02,-0.01360000018030405,-0.3756999969482422,-0.0010000000474974513,0.9336000084877014,-0.46549999713897705,0.0003000000142492354,-0.33059999346733093,-0.019264515144579164,-0.36869611657892776,-0.009346150911726525,0.9561684596017397,-0.4503318837262533,-0.014686808575570254,-0.32253757534142125,-3.731868131868133,-4.2593406593406655,-0.8820512820512825,2.3316239316239304,-0.11965811965811923,0.14896214896214843,-0.842490842490843,0.0
592217.221921049,833,0.02,-0.01360000018030405,-0.3756999969482422,-0.0010000000474974513,0.9336000084877014,-0.46549999713897705,0.0003000000142492354,-0.33059999346733093,-0.019264515144579164,-0.36869611657892776,-0.009346150911726525,0.9561684596017397,-0.4503318837262533,-0.014686808575570254,-0.32253757534142125,-3.731868131868133,-4.2593406593406655,-0.8820512820512825,2.317948717948717,-0.11965811965811923,0.1538461538461533,-0.8376068376068382,0.0
592217.241958268,834,0.02,-0.01360000018030405,-0.3756999969482422,-0.0010000000474974513,0.9336000084877014,-0.46549999713897705,0.0003000000142492354,-0.33059999346733093,-0.019264515144579164,-0.36869611657892776,-0.009346150911726525,0.9561684596017397,-0.4503318837262533,-0.014686808575570254,-0.32253757534142125,-3.731868131868133,-4.2593406593406655,-0.8683760683760688,2.3316239316239304,-0.11965811965811923,0.14896214896214843,-0.842490842490843,0.0
592217.261943592,835,0.02,-0.01360000018030405,-0.3756999969482422,-0.0010000000474974513,0.9336000084877014,-0.46549999713897705,0.0003000000142492354,-0.33059999346733093,-0.019264515144579164,-0.36869611657892776,-0.009346150911726525,0.9561684596017397,-0.4503318837262533,-0.014686808575570254,-0.32253757534142125,-3.7054945054945065,-4.2593406593406655,-0.8683760683760688,2.3316239316239304,-0.11965811965811923,0.1538461538461533,-0.842490842490843,0.0
592217.281902456,836,0.02,-0.01360000018030405,-0.3756999969482422,-0.0010000000474974513,0.9336000084877014,-0.46549999713897705,0.0003000000142492354,-0.33059999346733093,-0.019264515144579164,-0.36869611657892776,-0.009346150911726525,0.9561684596017397,-0.4503318837262533,-0.014686808575570254,-0.32253757534142125,-3.731868131868133,-4.2593406593406655,-0.8820512820512825,2.3316239316239304,-0.11477411477411437,0.1538461538461533,-0.8376068376068382,0.0
592217.301930255,837,0.02,-0.01360000018030405,-0.3756999969482422,-0.0010000000474974513,0.9336000084877014,-0.46549999713897705,0.0003000000142492354,-0.33059999346733093,-0.019264515144579164,-0.36869611657892776,-0.009346150911726525,0.9561684596017397,-0.4503318837262533,-0.014686808575570254,-0.32253757534142125,-3.731868131868133,-4.2593406593406655,-0.8820512820512825,2.3316239316239304,-0.11477411477411437,0.1538461538461533,-0.8376068376068382,0.0
592217.32192591,838,0.02,-0.01360000018030405,-0.3756999969482422,-0.0010000000474974513,0.9336000084877014,-0.46549999713897705,0.0003000000142492354,-0.33059999346733093,-0.019264515144579164,-0.36869611657892776,-0.009346150911726525,0.9561684596017397,-0.4503318837262533,-0.014686808575570254,-0.32253757534142125,-3.731868131868133,-4.2593406593406655,-0.8683760683760688,2.3316239316239304,-0.11965811965811923,0.1538461538461533,-0.842490842490843,0.0
592217.341960254,839,0.02,-0.01360000018030405,-0.3756999969482422,-0.0010000000474974513,0.9336000084877014,-0.46549999713897705,0.0003000000142492354,-0.33059999346733093,-0.019264515144579164,-0.36869611657892776,-0.009346150911726525,0.9561684596017397,-0.4503318837262533,-0.014686808575570254,-0.32253757534142125,-3.731868131868133,-4.2593406593406655,-0.8820512820512825,2.3316239316239304,-0.11965811965811923,0.1538461538461533,-0.842490842490843,0.0
592217.361882061,840,0.02,-0.01360000018030405,-0.3756999969482422,-0.0010000000474974513,0.9336000084877014,-0.46549999713897705,0.0003000000142492354,-0.33059999346733093,-0.019264515144579164,-0.36869611657892776,-0.009346150911726525,0.9561684596017397,-0.4503318837262533,-0.014686808575570254,-0.32253757534142125,-3.731868131868133,-4.2593406593406655,-0.8820512820512825,2.317948717948717,-0.11965811965811923,0.14896214896214843,-0.842490842490843,0.0
592217.381940985,841,0.02,-0.01360000018030405,-0.3756999969482422,-0.0010000000474974513,0.9336000084877014,-0.46549999713897705,0.0003000000142492354,-0.33059999346733093,-0.019264515144579164,-0.36869611657892776,-0.009346150911726525,0.9561684596017397,-0.4503318837262533,-0.014686808575570254,-0.32253757534142125,-3.731868131868133,-4.2593406593406655,-0.8683760683760688,2.317948717948717,-0.1245421245421241,0.1538461538461533,-0.842490842490843,0.0
592217.401957478,842,0.02,-0.01360000018030405,-0.3756999969482422,-0.0010000000474974513,0.9336000084877014,-0.46549999713897705,0.0003000000142492354,-0.33059999346733093,-0.019264515144579164,-0.36869611657892776,-0.009346150911726525,0.9561684596017397,-0.4503318837262533,-0.014686808575570254,-0.32253757534142125,-3.731868131868133,-4.2593406593406655,-0.8820512820512825,2.3316239316239304,-0.11965811965811923,0.14896214896214843,-0.842490842490843,0.0
592217.421914048,843,0.02,-0.01360000018030405,-0.3756999969482422,-0.0010000000474974513,0.9336000084877014,-0.46549999713897705,0.0003000000142492354,-0.33059999346733093,-0.019264515144579164,-0.36869611657892776,-0.009346150911726525,0.9561684596017397,-0.4503318837262533,-0.014686808575570254,-0.32253757534142125,-3.731868131868133,-4.2593406593406655,-0.8683760683760688,2.3316239316239304,-0.11965811965811923,0.1538461538461533,-0.842490842490843,0.0
592217.441934139,844,0.02,-0.01360000018030405,-0.3756999969482422,-0.0010000000474974513,0.9336000084877014,-0.46549999713897705,0.0003000000142492354,-0.33059999346733093,-0.019264515144579164,-0.36869611657892776,-0.009346150911726525,0.9561684596017397,-0.4503318837262533,-0.014686808575570254,-0.32253757534142125,-3.731868131868133,-4.2593406593406655,-0.8683760683760688,2.3316239316239304,-0.11965811965811923,0.14896214896214843,-0.8376068376068382,0.0
592217.46188315,845,0.02,-0.01360000018030405,-0.3756999969482422,-0.0010000000474974513,0.9336000084877014,-0.46549999713897705,0.0003000000142492354,-0.33059999346733093,-0.019264515144579164,-0.36869611657892776,-0.009346150911726525,0.9561684596017397,-0.4503318837262533,-0.014686808575570254,-0.32253757534142125,-3.731868131868133,-4.2593406593406655,-0.8683760683760688,2.345299145299144,-0.11965811965811923,0.1538461538461533,-0.842490842490843,0.0
592217.481970152,846,0.02,-0.01360000018030405,-0.3756999969482422,-0.0010000000474974513,0.9336000084877014,-0.46549999713897705,0.0003000000142492354,-0.33059999346733093,-0.019264515144579164,-0.36869611657892776,-0.009346150911726525,0.9561684596017397,-0.4503318837262533,-0.014686808575570254,-0.32253757534142125,-3.731868131868133,-4.2593406593406655,-0.8820512820512825,2.3316239316239304,-0.11965811965811923,0.1538461538461533,-0.8376068376068382,0.0
592217.50194059,847,0.02,-0.01360000018030405,-0.3756999969482422,-0.0010000000474974513,0.9336000084877014,-0.46549999713897705,0.0003000000142492354,-0.33059999346733093,-0.019264515144579164,-0.36869611657892776,-0.009346150911726525,0.9561684596017397,-0.4503318837262533,-0.014686808575570254,-0.32253757534142125,-3.731868131868133,-4.2593406593406655,-0.8820512820512825,2.3316239316239304,-0.11965811965811923,0.1538461538461533,-0.8376068376068382,0.0
592217.521929063,848,0.02,-0.01360000018030405,-0.3756999969482422,-0.0010000000474974513,0.9336000084877014,-0.46549999713897705,0.0003000000142492354,-0.33059999346733093,-0.019264515144579164,-0.36869611657892776,-0.009346150911726525,0.9561684596017397,-0.4503318837262533,-0.014686808575570254,-0.32253757534142125,-3.731868131868133,-4.2593406593406655,-0.8683760683760688,2.3316239316239304,-0.11965811965811923,0.14896214896214843,-0.8376068376068382,0.0
592217.541939761,849,0.02,-0.01360000018030405,-0.3756999969482422,-0.0010000000474974513,0.9336000084877014,-0.46549999713897705,0.0003000000142492354,-0.33059999346733093,-0.019264515144579164,-0.36869611657892776,-0.009346150911726525,0.9561684596017397,-0.4503318837262533,-0.014686808575570254,-0.32253757534142125,-3.731868131868133,-4.2593406593406655,-0.8820512820512825,2.3316239316239304,-0.11477411477411437,0.1538461538461533,-0.8376068376068382,0.0
592217.562186754,850,0.02,-0.01360000018030405,-0.3756999969482422,-0.0010000000474974513,0.9336000084877014,-0.46549999713897705,0.0003000000142492354,-0.33059999346733093,-0.019264515144579164,-0.36869611657892776,-0.009346150911726525,0.9561684596017397,-0.4503318837262533,-0.014686808575570254,-0.32253757534142125,-3.731868131868133,-4.2593406593406655,-0.8683760683760688,2.3316239316239304,-0.11477411477411437,0.1538461538461533,-0.842490842490843,0.0
592217.582008004,851,0.02,-0.01360000018030405,-0.3756999969482422,-0.0010000000474974513,0.9336000084877014,-0.46549999713897705,0.0003000000142492354,-0.33059999346733093,-0.019264515144579164,-0.36869611657892776,-0.009346150911726525,0.9561684596017397,-0.4503318837262533,-0.014686808575570254,-0.32253757534142125,-3.731868131868133,-4.2593406593406655,-0.8683760683760688,2.3316239316239304,-0.11965811965811923,0.1538461538461533,-0.842490842490843,0.0
592217.601928986,852,0.02,-0.01360000018030405,-0.3756999969482422,-0.0010000000474974513,0.9336000084877014,-0.46549999713897705,0.0003000000142492354,-0.33059999346733093,-0.019264515144579164,-0.36869611657892776,-0.009346150911726525,0.9561684596017397,-0.4503318837262533,-0.014686808575570254,-0.32253757534142125,-3.731868131868133,-4.2593406593406655,-0.8820512820512825,2.3316239316239304,-0.11477411477411437,0.1538461538461533,-0.842490842490843,0.0
592217.62192769,853,0.02,-0.01360000018030405,-0.3756999969482422,-0.0010000000474974513,0.9336000084877014,-0.46549999713897705,0.0003000000142492354,-0.33059999346733093,-0.019264515144579164,-0.36869611657892776,-0.009346150911726525,0.9561684596017397,-0.4503318837262533,-0.014686808575570254,-0.32253757534142125,-3.731868131868133,-4.2593406593406655,-0.8683760683760688,2.317948717948717,-0.11965811965811923,0.14896214896214843,-0.8376068376068382,0.0
592217.641997651,854,0.02,-0.01360000018030405,-0.3756999969482422,-0.0010000000474974513,0.9336000084877014,-0.46549999713897705,0.0003000000142492354,-0.33059999346733093,-0.019264515144579164,-0.36869611657892776,-0.009346150911726525,0.9561684596017397,-0.4503318837262533,-0.014686808575570254,-0.32253757534142125,-3.731868131868133,-4.2593406593406655,-0.8683760683760688,2.3316239316239304,-0.11965811965811923,0.14896214896214843,-0.8376068376068382,0.0
592217.661983115,855,0.02,-0.01360000018030405,-0.3756999969482422,-0.0010000000474974513,0.9336000084877014,-0.46549999713897705,0.0003000000142492354,-0.33059999346733093,-0.019264515144579164,-0.36869611657892776,-0.009346150911726525,0.9561684596017397,-0.4503318837262533,-0.014686808575570254,-0.32253757534142125,-3.731868131868133,-4.2593406593406655,-0.8820512820512825,2.345299145299144,-0.11965811965811923,0.14896214896214843,-0.842490842490843,0.0
592217.682139828,856,0.02,-0.01360000018030405,-0.3756999969482422,-0.0010000000474974513,0.9336000084877014,-0.46549999713897705,0.0003000000142492354,-0.33059999346733093,-0.019264515144579164,-0.36869611657892776,-0.009346150911726525,0.9561684596017397,-0.4503318837262533,-0.014686808575570254,-0.32253757534142125,-3.731868131868133,-4.2593406593406655,-0.8683760683760688,2.317948717948717,-0.11965811965811923,0.1538461538461533,-0.842490842490843,0.0
592217.701927639,857,0.02,-0.01360000018030405,-0.3756999969482422,-0.0010000000474974513,0.9336000084877014,-0.46549999713897705,0.0003000000142492354,-0.33059999346733093,-0.019264515144579164,-0.36869611657892776,-0.009346150911726525,0.9561684596017397,-0.4503318837262533,-0.014686808575570254,-0.32253757534142125,-3.731868131868133,-4.2593406593406655,-0.8683760683760688,2.3316239316239304,-0.11965811965811923,0.1538461538461533,-0.842490842490843,0.0
592217.721980913,858,0.02,-0.01360000018030405,-0.3756999969482422,-0.0010000000474974513,0.9336000084877014,-0.46549999713897705,0.0003000000142492354,-0.33059999346733093,-0.019264515144579164,-0.36869611657892776,-0.009346150911726525,0.9561684596017397,-0.4503318837262533,-0.014686808575570254,-0.32253757534142125,-3.731868131868133,-4.2593406593406655,-0.8683760683760688,2.3316239316239304,-0.11477411477411437,0.1538461538461533,-0.842490842490843,0.0
592217.741951866,859,0.02,-0.01360000018030405,-0.3756999969482422,-0.0010000000474974513,0.9336000084877014,-0.46549999713897705,0.0003000000142492354,-0.33059999346733093,-0.019264515144579164,-0.36869611657892776,-0.009346150911726525,0.9561684596017397,-0.4503318837262533,-0.014686808575570254,-0.32253757534142125,-3.731868131868133,-4.2593406593406655,-0.8820512820512825,2.3316239316239304,-0.11965811965811923,0.1538461538461533,-0.842490842490843,0.0
592217.76193495,860,0.02,-0.01360000018030405,-0.3756999969482422,-0.0010000000474974513,0.9336000084877014,-0.46549999713897705,0.0003000000142492354,-0.33059999346733093,-0.019264515144579164,-0.36869611657892776,-0.009346150911726525,0.9561684596017397,-0.4503318837262533,-0.014686808575570254,-0.32253757534142125,-3.7054945054945065,-4.2593406593406655,-0.8683760683760688,2.3316239316239304,-0.11965811965811923,0.1538461538461533,-0.8376068376068382,0.0
592217.781935036,861,0.02,-0.01360000018030405,-0.3756999969482422,-0.0010000000474974513,0.9336000084877014,-0.46549999713897705,0.0003000000142492354,-0.33059999346733093,-0.019264515144579164,-0.36869611657892776,-0.009346150911726525,0.9561684596017397,-0.4503318837262533,-0.014686808575570254,-0.32253757534142125,-3.731868131868133,-4.285714285714292,-0.8683760683760688,2.3316239316239304,-0.11965811965811923,0.1538461538461533,-0.8376068376068382,0.0
592217.802129697,862,0.02,-0.01360000018030405,-0.3756999969482422,-0.0010000000474974513,0.9336000084877014,-0.46549999713897705,0.0003000000142492354,-0.33059999346733093,-0.019264515144579164,-0.36869611657892776,-0.009346150911726525,0.9561684596017397,-0.4503318837262533,-0.014686808575570254,-0.32253757534142125,-3.731868131868133,-4.2593406593406655,-0.8820512820512825,2.3316239316239304,-0.11477411477411437,0.1538461538461533,-0.8376068376068382,0.0
592217.822428369,863,0.02,-0.01360000018030405,-0.3756999969482422,-0.0010000000474974513,0.9336000084877014,-0.46549999713897705,0.0003000000142492354,-0.33059999346733093,-0.019264515144579164,-0.36869611657892776,-0.009346150911726525,0.9561684596017397,-0.4503318837262533,-0.014686808575570254,-0.32253757534142125,-3.731868131868133,-4.2593406593406655,-0.8820512820512825,2.3316239316239304,-0.11965811965811923,0.1538461538461533,-0.8376068376068382,0.0
592217.84258134,864,0.02,-0.01360000018030405,-0.3756999969482422,-0.0010000000474974513,0.9336000084877014,-0.46549999713897705,0.0003000000142492354,-0.33059999346733093,-0.019264515144579164,-0.36869611657892776,-0.009346150911726525,0.9561684596017397,-0.4503318837262533,-0.014686808575570254,-0.32253757534142125,-3.731868131868133,-4.2593406593406655,-0.8820512820512825,2.345299145299144,-0.11965811965811923,0.1538461538461533,-0.842490842490843,0.0
592217.862184105,865,0.02,-0.01360000018030405,-0.3756999969482422,-0.0010000000474974513,0.9336000084877014,-0.46549999713897705,0.0003000000142492354,-0.33059999346733093,-0.019264515144579164,-0.36869611657892776,-0.009346150911726525,0.9561684596017397,-0.4503318837262533,-0.014686808575570254,-0.32253757534142125,-3.731868131868133,-4.2593406593406655,-0.8820512820512825,2.3316239316239304,-0.1245421245421241,0.1538461538461533,-0.842490842490843,0.0
592217.882103898,866,0.02,-0.01360000018030405,-0.3756999969482422,-0.0010000000474974513,0.9336000084877014,-0.46549999713897705,0.0003000000142492354,-0.33059999346733093,-0.019264515144579164,-0.36869611657892776,-0.009346150911726525,0.9561684596017397,-0.4503318837262533,-0.014686808575570254,-0.32253757534142125,-3.7054945054945065,-4.2593406593406655,-0.8683760683760688,2.3316239316239304,-0.11965811965811923,0.1538461538461533,-0.842490842490843,0.0
592217.9030592,867,0.02,-0.01360000018030405,-0.3756999969482422,-0.0010000000474974513,0.9336000084877014,-0.46549999713897705,0.0003000000142492354,-0.33059999346733093,-0.019264515144579164,-0.36869611657892776,-0.009346150911726525,0.9561684596017397,-0.4503318837262533,-0.014686808575570254,-0.32253757534142125,-3.731868131868133,-4.2593406593406655,-0.8820512820512825,2.317948717948717,-0.11965811965811923,0.14896214896214843,-0.842490842490843,0.0
592217.922474372,868,0.02,-0.01360000018030405,-0.3756999969482422,-0.0010000000474974513,0.9336000084877014,-0.46549999713897705,0.0003000000142492354,-0.33059999346733093,-0.019264515144579164,-0.36869611657892776,-0.009346150911726525,0.9561684596017397,-0.4503318837262533,-0.014686808575570254,-0.32253757534142125,-3.731868131868133,-4.2593406593406655,-0.8683760683760688,2.3316239316239304,-0.11965811965811923,0.1538461538461533,-0.842490842490843,0.0
