t_send,step_idx,publish_dt,cmd_r_aj_1,cmd_r_aj_2,cmd_r_aj_3,cmd_r_aj_4,cmd_r_aj_5,cmd_r_aj_6,cmd_r_aj_7,meas_r_aj_1,meas_r_aj_2,meas_r_aj_3,meas_r_aj_4,meas_r_aj_5,meas_r_aj_6,meas_r_aj_7,eff_r_aj_1,eff_r_aj_2,eff_r_aj_3,eff_r_aj_4,eff_r_aj_5,eff_r_aj_6,eff_r_aj_7,cmd_gripper
590309.373338347,-1,0.02,0.010872053101396162,0.012779430838483208,0.00705729762722207,0.005149919890135024,-0.006294346532387252,-0.01583123521782248,0.017357137407492118,0.010872053101396162,0.012779430838483208,0.00705729762722207,0.005149919890135024,-0.006294346532387252,-0.01583123521782248,0.017357137407492118,-0.6725274725274701,-0.7252747252747227,-0.5264957264957282,-0.2119658119658112,0.0512820512820511,0.1098901098901095,-0.11477411477411437,0.0
590309.393774134,-1,0.02,0.009664047201241033,0.011915049621789662,0.0062731534464196175,0.00457770656900891,-0.005594974695455335,-0.014072209082508872,0.015428566584437439,0.010872053101396162,0.012779430838483208,0.00705729762722207,0.005149919890135024,-0.006294346532387252,-0.01583123521782248,0.017357137407492118,-0.6725274725274701,-0.7252747252747227,-0.5264957264957282,-0.2119658119658112,0.0512820512820511,0.1098901098901095,-0.11477411477411437,0.0
590309.413292102,-1,0.02,0.008456041301085904,0.011050668405096116,0.005489009265617166,0.0040054932478827965,-0.004895602858523418,-0.012313182947195264,0.01349999576138276,0.010872053101396162,0.012779430838483208,0.00705729762722207,0.005149919890135024,-0.006294346532387252,-0.01621271076523989,0.017738612954909527,-0.4351648351648336,-0.4615384615384599,-0.3076923076923066,-0.04786324786324769,0.0219780219780219,0.0512820512820511,-0.0366300366300365,0.0
590309.433347674,-1,0.02,0.007248035400930775,0.01018628718840257,0.004704865084814713,0.0034332799267566827,-0.004196231021591501,-0.010554156811881654,0.011571424938328079,0.011253528648813571,0.013160906385900617,0.00705729762722207,0.005149919890135024,-0.006294346532387252,-0.0165941863126573,0.018120088502326936,-0.11868131868131826,-0.01318681318681314,-0.08888888888888857,0.08888888888888857,0.0024420024420024333,-0.0073260073260073,0.017094017094017033,0.0
590309.453353089,-1,0.02,0.0060400295007756455,0.009321905971709022,0.003920720904012262,0.002861066605630569,-0.0034968591846595842,-0.008795130676568046,0.0096428541152734,0.011253528648813571,0.013160906385900617,0.00705729762722207,0.005149919890135024,-0.006294346532387252,-0.01697566186007471,0.018501564049744346,-0.0659340659340657,0.03956043956043942,-0.14358974358974308,0.06153846153846132,-0.0024420024420024333,-0.0073260073260073,0.012210012210012167,0.0
590309.47336097,-1,0.02,0.004832023600620516,0.008457524755015476,0.0031365767232098083,0.002288853284504455,-0.0027974873477276674,-0.007036104541254435,0.007714283292218719,0.011253528648813571,0.013160906385900617,0.00705729762722207,0.005149919890135024,-0.006294346532387252,-0.01697566186007471,0.018501564049744346,-0.09230769230769198,0.03956043956043942,-0.18461538461538396,0.04786324786324769,0.0024420024420024333,0.0073260073260073,0.0073260073260073,0.0
590309.493354846,-1,0.02,0.0036240177004653873,0.0075931435383219305,0.0023524325424073567,0.0017166399633783413,-0.0020981155107957505,-0.005277078405940827,0.005785712469164039,0.011253528648813571,0.013160906385900617,0.00705729762722207,0.005149919890135024,-0.006294346532387252,-0.017357137407492118,0.018501564049744346,-0.14505494505494454,-0.01318681318681314,-0.23931623931623847,0.006837606837606813,0.012210012210012167,0.03174603174603163,-0.012210012210012167,0.0
590309.513345855,-1,0.02,0.00241601180031026,0.006728762321628385,0.001568288361604905,0.0011444266422522284,-0.0013987436738638346,-0.0035180522706272192,0.003857141646109362,0.011253528648813571,0.013160906385900617,0.00705729762722207,0.005149919890135024,-0.006294346532387252,-0.017357137407492118,0.018501564049744346,-0.22417582417582338,-0.09230769230769198,-0.294017094017093,-0.03418803418803407,0.017094017094017033,0.04639804639804623,-0.026862026862026767,0.0
590309.533385079,-1,0.02,0.001208005900155129,0.005864381104934838,0.0007841441808024525,0.0005722133211261138,-0.0006993718369319168,-0.0017590261353136096,0.001928570823054681,0.011253528648813571,0.013160906385900617,0.00705729762722207,0.005149919890135024,-0.006294346532387252,-0.017357137407492118,0.018501564049744346,-0.3032967032967022,-0.14505494505494454,-0.33504273504273385,-0.06153846153846132,0.03174603174603163,0.056166056166055967,-0.04639804639804623,0.0
590309.553344868,-1,0.02,0.0,0.004999999888241291,0.0,0.0,0.0,0.0,0.0,0.011253528648813571,0.013160906385900617,0.00705729762722207,0.005149919890135024,-0.006294346532387252,-0.017357137407492118,0.018501564049744346,-0.38241758241758106,-0.1978021978021971,-0.4170940170940156,-0.08888888888888857,0.03174603174603163,0.07081807081807057,-0.0659340659340657,0.0
590309.573295413,0,0.02,0.0,0.004999999888241291,0.0,0.0,0.0,0.0,0.0,0.011253528648813571,0.013160906385900617,0.00705729762722207,0.005149919890135024,-0.006294346532387252,-0.017357137407492118,0.018501564049744346,-0.4879120879120862,-0.25054945054944966,-0.47179487179487367,-0.12991452991452945,0.0366300366300365,0.09035409035409003,-0.08547008547008517,0.0
590309.593948272,1,0.02,0.0,0.014999999888241291,0.0,0.0,0.0,0.0,0.0,0.011253528648813571,0.013160906385900617,0.00705729762722207,0.005149919890135024,-0.006294346532387252,-0.017357137407492118,0.018501564049744346,-0.567032967032965,-0.3032967032967022,-0.4991452991453009,-0.1572649572649567,0.04639804639804623,0.1098901098901095,-0.10012210012209977,0.0
590309.613377486,2,0.02,0.0,0.02499999988824129,0.0,0.0,0.0,0.0,0.0,0.011253528648813571,0.013160906385900617,0.00705729762722207,0.005149919890135024,-0.006294346532387252,-0.017357137407492118,0.018501564049744346,-0.6461538461538439,-0.3560439560439548,-0.5401709401709418,-0.18461538461538396,0.04639804639804623,0.1098901098901095,-0.1098901098901095,0.0
590309.633348264,3,0.02,0.0,0.03499999988824129,0.0,0.0,0.0,0.0,0.0,0.011253528648813571,0.013160906385900617,0.00705729762722207,0.005149919890135024,-0.006294346532387252,-0.01697566186007471,0.018120088502326936,-0.6461538461538439,-0.1978021978021971,-0.5401709401709418,-0.18461538461538396,0.0512820512820511,0.1098901098901095,-0.1098901098901095,0.0
590309.653356984,4,0.02,0.0,0.044999998062849045,0.0,0.0,0.0,0.0,0.0,0.011253528648813571,0.013160906385900617,0.00705729762722207,0.005149919890135024,-0.006294346532387252,-0.0165941863126573,0.018120088502326936,-0.6461538461538439,0.38241758241758106,-0.5264957264957282,-0.18461538461538396,0.0512820512820511,0.10500610500610463,-0.11477411477411437,0.0
590309.673337966,5,0.02,0.0,0.05499999806284905,0.0,0.0,0.0,0.0,0.0,0.011253528648813571,0.013923857480735435,0.00705729762722207,0.005149919890135024,-0.006294346532387252,-0.01583123521782248,0.017738612954909527,-0.6461538461538439,1.1472527472527432,-0.5264957264957282,-0.1982905982905976,0.04639804639804623,0.09035409035409003,-0.1098901098901095,0.0
590309.693346686,6,0.02,0.0,0.06499999761581421,0.0,0.0,0.0,0.0,0.0,0.011253528648813571,0.015068284122987663,0.00705729762722207,0.005149919890135024,-0.006294346532387252,-0.014686808575570254,0.017738612954909527,-0.6461538461538439,1.7274725274725355,-0.5264957264957282,-0.18461538461538396,0.0512820512820511,0.0659340659340657,-0.1098901098901095,0.0
590309.713420137,7,0.02,0.0,0.0749999976158142,0.0,0.0,0.0,0.0,0.0,0.011253528648813571,0.01697566186007471,0.00705729762722207,0.005149919890135024,-0.006294346532387252,-0.014305333028152845,0.017738612954909527,-0.6461538461538439,2.33406593406594,-0.5401709401709418,-0.1982905982905976,0.04639804639804623,0.07081807081807057,-0.1098901098901095,0.0
590309.733364179,8,0.02,0.0,0.0849999976158142,0.0,0.0,0.0,0.0,0.0,0.011253528648813571,0.02040894178683139,0.00705729762722207,0.005149919890135024,-0.006294346532387252,-0.010109102006561344,0.017738612954909527,-0.6461538461538439,2.729670329670334,-0.5401709401709418,-0.1982905982905976,0.04639804639804623,-0.06105006105006083,-0.10500610500610463,0.0
590309.753294387,9,0.02,0.0,0.0949999976158142,0.0,0.0,0.0,0.0,0.0,0.010872053101396162,0.024605172808422893,0.00705729762722207,0.005149919890135024,-0.006294346532387252,-0.005531395437552433,0.017357137407492118,-0.6197802197802176,2.993406593406597,-0.5264957264957282,-0.1982905982905976,0.04639804639804623,-0.10500610500610463,-0.10500610500610463,0.0
590309.773309893,10,0.02,0.0,0.10499999672174454,0.0,0.0,0.0,0.0,0.0,0.010872053101396162,0.029182879377431803,0.00705729762722207,0.005149919890135024,-0.006294346532387252,0.0013351644159609322,0.017357137407492118,-0.6461538461538439,3.4945054945054963,-0.5264957264957282,-0.1982905982905976,0.04639804639804623,-0.2222222222222232,-0.1098901098901095,0.0
590309.793350843,11,0.02,0.0,0.11499999672174453,0.0,0.0,0.0,0.0,0.0,0.010872053101396162,0.03490501258869294,0.00705729762722207,0.005149919890135024,-0.006294346532387252,0.007438773174639479,0.017357137407492118,-0.6461538461538439,3.731868131868133,-0.5401709401709418,-0.1982905982905976,0.04639804639804623,-0.2710622710622719,-0.1098901098901095,0.0
590309.813400157,12,0.02,0.0,0.12499999672174453,0.0,0.0,0.0,0.0,0.0,0.010872053101396162,0.0413900968947889,0.00705729762722207,0.005149919890135024,-0.006294346532387252,0.012779430838483208,0.017357137407492118,-0.6725274725274701,3.916483516483517,-0.5401709401709418,-0.1982905982905976,0.0512820512820511,-0.2808302808302816,-0.1098901098901095,0.0
590309.833433816,13,0.02,0.0,0.13499999672174454,0.0,0.0,0.0,0.0,0.0,0.010872053101396162,0.04787518120088485,0.00705729762722207,0.005149919890135024,-0.006294346532387252,0.017738612954909527,0.017357137407492118,-0.6725274725274701,4.206593406593406,-0.5401709401709418,-0.1982905982905976,0.0512820512820511,-0.34920634920634974,-0.11477411477411437,0.0
590309.853350481,14,0.02,0.0,0.14499999582767487,0.0,0.0,0.0,0.0,0.0,0.010872053101396162,0.056649118791485265,0.00705729762722207,0.005149919890135024,-0.006294346532387252,0.020027466239413982,0.017357137407492118,-0.6461538461538439,4.312087912087911,-0.5401709401709418,-0.1982905982905976,0.04639804639804623,-0.29059829059829134,-0.10500610500610463,0.0
590309.873355964,15,0.02,0.0,0.15499999582767487,0.0,0.0,0.0,0.0,0.0,0.010872053101396162,0.06427862973983345,0.00705729762722207,0.005149919890135024,-0.006294346532387252,0.02193484397650103,0.017738612954909527,-0.6725274725274701,4.5494505494505475,-0.5401709401709418,-0.1982905982905976,0.04151404151404137,-0.3101343101343108,-0.11477411477411437,0.0
590309.89383411,16,0.02,0.0,0.16499999582767488,0.0,0.0,0.0,0.0,0.0,0.010872053101396162,0.07381551842526868,0.00705729762722207,0.005149919890135024,-0.006294346532387252,0.023460746166170665,0.017738612954909527,-0.6725274725274701,4.496703296703295,-0.5264957264957282,-0.1982905982905976,0.0512820512820511,-0.30525030525030594,-0.11965811965811923,0.0
590309.913344405,17,0.02,0.0,0.1749999958276749,0.0,0.0,0.0,0.0,0.0,0.010872053101396162,0.08487830930037354,0.00705729762722207,0.005149919890135024,-0.006294346532387252,0.023460746166170665,0.017738612954909527,-0.6725274725274701,4.654945054945053,-0.5401709401709418,-0.1982905982905976,0.04639804639804623,-0.31990231990232054,-0.11477411477411437,0.0
590309.933341613,18,0.02,0.0,0.1849999958276749,0.0,0.0,0.0,0.0,0.0,0.010872053101396162,0.09670405127031323,0.00705729762722207,0.005149919890135024,-0.005912870984969842,0.023842221713588074,0.017738612954909527,-0.6725274725274701,4.5494505494505475,-0.5538461538461554,-0.18461538461538396,0.04639804639804623,-0.33455433455433514,-0.11477411477411437,0.0
590309.953378721,19,0.02,0.0,0.19499999284744263,0.0,0.0,0.0,0.0,0.0,0.010872053101396162,0.10738536659800069,0.00705729762722207,0.005149919890135024,-0.005912870984969842,0.023842221713588074,0.017738612954909527,-0.6725274725274701,4.575824175824174,-0.5538461538461554,-0.18461538461538396,0.0512820512820511,-0.3589743589743595,-0.11477411477411437,0.0
590309.973343187,20,0.02,0.0,0.20499999284744264,0.0,0.0,0.0,0.0,0.0,0.010872053101396162,0.12111848630502742,0.00705729762722207,0.005149919890135024,-0.005912870984969842,0.023460746166170665,0.017738612954909527,-0.6725274725274701,4.7340659340659315,-0.5401709401709418,-0.18461538461538396,0.04639804639804623,-0.3833943833943838,-0.11477411477411437,0.0
590309.994968483,21,0.02,0.0,0.2149999886751175,0.0,0.0,0.0,0.0,0.0,0.010872053101396162,0.1333257038223845,0.00705729762722207,0.005149919890135024,-0.005912870984969842,0.022316319523918438,0.017738612954909527,-0.6725274725274701,4.575824175824174,-0.5538461538461554,-0.18461538461538396,0.0512820512820511,-0.3980463980463984,-0.10500610500610463,0.0
590310.013337285,22,0.02,0.0,0.2249999886751175,0.0,0.0,0.0,0.0,0.0,0.010872053101396162,0.14858472571908088,0.00705729762722207,0.005149919890135024,-0.005912870984969842,0.02040894178683139,0.017738612954909527,-0.6725274725274701,4.443956043956042,-0.5401709401709418,-0.1982905982905976,0.04639804639804623,-0.39316239316239354,-0.1098901098901095,0.0
590310.033345951,23,0.02,0.0,0.2349999886751175,0.0,0.0,0.0,0.0,0.0,0.010872053101396162,0.1623178454261076,0.00705729762722207,0.005149919890135024,-0.005912870984969842,0.018883039597161755,0.017738612954909527,-0.6725274725274701,4.3648351648351635,-0.5264957264957282,-0.18461538461538396,0.0512820512820511,-0.4322344322344325,-0.1098901098901095,0.0
590310.053348548,24,0.02,0.0,0.24499998867511752,0.0,0.0,0.0,0.0,0.0,0.010872053101396162,0.17605096513313434,0.00705729762722207,0.005149919890135024,-0.005912870984969842,0.0165941863126573,0.017738612954909527,-0.6725274725274701,4.417582417582416,-0.5401709401709418,-0.17094017094017033,0.0512820512820511,-0.4322344322344325,-0.10500610500610463,0.0
590310.07363552,25,0.02,0.0,0.25499998867511753,0.0,0.0,0.0,0.0,0.0,0.010872053101396162,0.18749523155565662,0.00705729762722207,0.005149919890135024,-0.005912870984969842,0.014686808575570254,0.017738612954909527,-0.6725274725274701,4.443956043956042,-0.5264957264957282,-0.18461538461538396,0.0512820512820511,-0.46642246642246654,-0.10500610500610463,0.0
590310.093345818,26,0.02,0.0,0.26499998569488525,0.0,0.0,0.0,0.0,0.0,0.010872053101396162,0.20466163118944003,0.00705729762722207,0.005149919890135024,-0.005912870984969842,0.010872053101396162,0.017738612954909527,-0.6725274725274701,4.496703296703295,-0.5538461538461554,-0.18461538461538396,0.0512820512820511,-0.4761904761904763,-0.10500610500610463,0.0
590310.1133524,27,0.02,0.0,0.2749999761581421,0.0,0.0,0.0,0.0,0.0,0.010872053101396162,0.21839475089646676,0.00705729762722207,0.005149919890135024,-0.005912870984969842,0.007438773174639479,0.017738612954909527,-0.6461538461538439,4.523076923076921,-0.5401709401709418,-0.18461538461538396,0.0512820512820511,-0.48107448107448114,-0.10500610500610463,0.0
590310.133345668,28,0.02,0.0,0.2849999761581421,0.0,0.0,0.0,0.0,0.0,0.010872053101396162,0.2325093461509109,0.00705729762722207,0.005149919890135024,-0.005912870984969842,0.002861066605630569,0.017738612954909527,-0.6725274725274701,4.575824175824174,-0.5401709401709418,-0.18461538461538396,0.0512820512820511,-0.4322344322344325,-0.1098901098901095,0.0
590310.153346749,29,0.02,0.0,0.2949999761581421,0.0,0.0,0.0,0.0,0.0,0.010872053101396162,0.2450980392156854,0.00705729762722207,0.005149919890135024,-0.005912870984969842,-0.0013351644159609322,0.017738612954909527,-0.6725274725274701,4.496703296703295,-0.5401709401709418,-0.18461538461538396,0.0512820512820511,-0.4713064713064714,-0.10500610500610463,0.0
590310.173343371,30,0.02,0.0,0.3049999761581421,0.0,0.0,0.0,0.0,0.0,0.010872053101396162,0.25883115892271213,0.00705729762722207,0.005149919890135024,-0.005912870984969842,-0.007438773174639479,0.017738612954909527,-0.6989010989010964,4.681318681318679,-0.5264957264957282,-0.18461538461538396,0.04639804639804623,-0.43711843711843734,-0.1098901098901095,0.0
590310.193349426,31,0.02,0.0,0.3149999761581421,0.0,0.0,0.0,0.0,0.0,0.010872053101396162,0.27103837644006923,0.00705729762722207,0.005149919890135024,-0.005912870984969842,-0.01163500419623098,0.017738612954909527,-0.6725274725274701,4.945054945054942,-0.5401709401709418,-0.18461538461538396,0.0512820512820511,-0.5006105006105006,-0.1098901098901095,0.0
590310.213339224,32,0.02,0.0,0.32499997615814213,0.0,0.0,0.0,0.0,0.0,0.010872053101396162,0.28362706950484373,0.00705729762722207,0.005149919890135024,-0.005912870984969842,-0.01583123521782248,0.017738612954909527,-0.6725274725274701,5.07692307692308,-0.5401709401709418,-0.18461538461538396,0.0512820512820511,-0.49572649572649574,-0.1098901098901095,0.0
590310.233326951,33,0.02,0.0,0.33499997615814214,0.0,0.0,0.0,0.0,0.0,0.010872053101396162,0.2958342870222008,0.00705729762722207,0.005149919890135024,-0.005912870984969842,-0.018883039597161755,0.017738612954909527,-0.6725274725274701,5.208791208791212,-0.5401709401709418,-0.18461538461538396,0.04639804639804623,-0.5787545787545785,-0.1098901098901095,0.0
590310.253346796,34,0.02,0.0,0.3449999690055847,0.0,0.0,0.0,0.0,0.0,0.010872053101396162,0.3076600289921405,0.00705729762722207,0.005149919890135024,-0.005912870984969842,-0.02040894178683139,0.017738612954909527,-0.6725274725274701,5.28791208791209,-0.5401709401709418,-0.17094017094017033,0.04639804639804623,-0.6227106227106223,-0.11477411477411437,0.0
590310.273351025,35,0.02,0.0,0.3549999690055847,0.0,0.0,0.0,0.0,0.0,0.010872053101396162,0.3187228198672454,0.00705729762722207,0.005149919890135024,-0.005912870984969842,-0.023079270618753256,0.017738612954909527,-0.6725274725274701,5.5780219780219795,-0.5538461538461554,-0.17094017094017033,0.04639804639804623,-0.6568986568986563,-0.11477411477411437,0.0
590310.29334511,36,0.02,0.0,0.36499996900558473,0.0,0.0,0.0,0.0,0.0,0.010872053101396162,0.32940413519493283,0.00705729762722207,0.005149919890135024,-0.005912870984969842,-0.02536812390325771,0.017738612954909527,-0.6725274725274701,5.815384615384616,-0.5264957264957282,-0.18461538461538396,0.04639804639804623,-0.6666666666666661,-0.11477411477411437,0.0
590310.31334232,37,0.02,0.0,0.37499996900558474,0.0,0.0,0.0,0.0,0.0,0.010872053101396162,0.3393224994277855,0.00705729762722207,0.005149919890135024,-0.005912870984969842,-0.02651255054550994,0.017738612954909527,-0.6725274725274701,6.105494505494505,-0.5401709401709418,-0.17094017094017033,0.04639804639804623,-0.7301587301587293,-0.1098901098901095,0.0
590310.336100786,38,0.02,0.0,0.38499996900558475,0.0,0.0,0.0,0.0,0.0,0.010872053101396162,0.3480964370183859,0.00705729762722207,0.005149919890135024,-0.005912870984969842,-0.028038452735179575,0.017738612954909527,-0.6725274725274701,6.501098901098899,-0.5538461538461554,-0.17094017094017033,0.04639804639804623,-0.7594627594627585,-0.11477411477411437,0.0
590310.353344501,39,0.02,0.0,0.39499996900558476,0.0,0.0,0.0,0.0,0.0,0.010872053101396162,0.35839627679865593,0.00705729762722207,0.005149919890135024,-0.005912870984969842,-0.028038452735179575,0.017738612954909527,-0.6725274725274701,6.659340659340657,-0.5264957264957282,-0.17094017094017033,0.04639804639804623,-0.8180708180708187,-0.11477411477411437,0.0
590310.373341814,40,0.02,0.0,0.40499996900558477,0.0,0.0,0.0,0.0,0.0,0.010872053101396162,0.36717021438925634,0.00705729762722207,0.005149919890135024,-0.005912870984969842,-0.028419928282596985,0.017738612954909527,-0.6725274725274701,6.975824175824172,-0.5264957264957282,-0.18461538461538396,0.04639804639804623,-0.8620268620268625,-0.11965811965811923,0.0
590310.393352074,41,0.02,0.0,0.4149999690055848,0.0,0.0,0.0,0.0,0.0,0.010872053101396162,0.37518120088502194,0.00705729762722207,0.005149919890135024,-0.005912870984969842,-0.028419928282596985,0.017738612954909527,-0.6725274725274701,7.318681318681314,-0.5538461538461554,-0.17094017094017033,0.04639804639804623,-0.8962148962148966,-0.11477411477411437,0.0
590310.413350657,42,0.02,0.0,0.4249999690055848,0.0,0.0,0.0,0.0,0.0,0.010872053101396162,0.38395513847562235,0.00705729762722207,0.005149919890135024,-0.005912870984969842,-0.028419928282596985,0.017738612954909527,-0.6725274725274701,7.7406593406593345,-0.5401709401709418,-0.18461538461538396,0.04151404151404137,-0.9206349206349209,-0.1245421245421241,0.0
590310.433356117,43,0.02,0.0,0.4349999690055848,0.0,0.0,0.0,0.0,0.0,0.010872053101396162,0.3912031738765567,0.00705729762722207,0.005149919890135024,-0.005912870984969842,-0.028038452735179575,0.017738612954909527,-0.6725274725274701,8.030769230769224,-0.5401709401709418,-0.17094017094017033,0.04639804639804623,-0.9597069597069599,-0.11477411477411437,0.0
590310.453370161,44,0.02,0.0,0.44499996304512024,0.0,0.0,0.0,0.0,0.0,0.010872053101396162,0.39883268482490486,0.00705729762722207,0.005149919890135024,-0.005912870984969842,-0.027275501640344757,0.017738612954909527,-0.6725274725274701,8.320879120879113,-0.5401709401709418,-0.1572649572649567,0.04639804639804623,-1.0134310134310134,-0.11477411477411437,0.0
590310.473468138,45,0.02,0.0,0.45499996304512025,0.0,0.0,0.0,0.0,0.0,0.010872053101396162,0.40608072022583563,0.00705729762722207,0.005149919890135024,-0.005912870984969842,-0.02651255054550994,0.017738612954909527,-0.6725274725274701,8.663736263736268,-0.5264957264957282,-0.18461538461538396,0.04151404151404137,-1.0329670329670328,-0.1098901098901095,0.0
590310.493344907,46,0.02,0.0,0.46499996304512026,0.0,0.0,0.0,0.0,0.0,0.010872053101396162,0.4133287556267664,0.00705729762722207,0.005149919890135024,-0.005912870984969842,-0.02574959945067512,0.017738612954909527,-0.6725274725274701,9.112087912087915,-0.5128205128205146,-0.17094017094017033,0.04151404151404137,-1.0573870573870572,-0.11477411477411437,0.0
590310.514183787,47,0.02,0.0,0.47499996304512027,0.0,0.0,0.0,0.0,0.0,0.010872053101396162,0.41943236438544496,0.00705729762722207,0.005149919890135024,-0.005912870984969842,-0.02574959945067512,0.017738612954909527,-0.6725274725274701,9.454945054945057,-0.5264957264957282,-0.17094017094017033,0.04639804639804623,-1.067155067155067,-0.11965811965811923,0.0
590310.533295616,48,0.02,0.0,0.4849999630451203,0.0,0.0,0.0,0.0,0.0,0.010872053101396162,0.42782482642862796,0.00705729762722207,0.005149919890135024,-0.005912870984969842,-0.02574959945067512,0.017738612954909527,-0.6725274725274701,9.665934065934067,-0.5128205128205146,-0.17094017094017033,0.04639804639804623,-1.0866910866910864,-0.11477411477411437,0.0
590310.553338041,49,0.02,0.0,0.4949999630451203,0.0,0.0,0.0,0.0,0.0,0.010872053101396162,0.43507286182955873,0.00705729762722207,0.005149919890135024,-0.005912870984969842,-0.02536812390325771,0.017738612954909527,-0.6725274725274701,9.982417582417582,-0.5264957264957282,-0.18461538461538396,0.04639804639804623,-1.1257631257631253,-0.11965811965811923,0.0
590310.573336321,50,0.02,0.0,0.5049999630451203,0.0,0.0,0.0,0.0,0.0,0.010872053101396162,0.4427023727779069,0.00705729762722207,0.005149919890135024,-0.005912870984969842,-0.024986648355840302,0.017738612954909527,-0.6989010989010964,10.272527472527472,-0.5264957264957282,-0.17094017094017033,0.0512820512820511,-1.1550671550671545,-0.11477411477411437,0.0
590310.593349392,51,0.02,0.0,0.5149999630451203,0.0,0.0,0.0,0.0,0.0,0.010872053101396162,0.4503318837262551,0.00705729762722207,0.005149919890135024,-0.005912870984969842,-0.023842221713588074,0.017738612954909527,-0.6725274725274701,10.720879120879118,-0.5264957264957282,-0.18461538461538396,0.04639804639804623,-1.1892551892551886,-0.11477411477411437,0.0
590310.613576708,52,0.02,0.0,0.5249999630451203,0.0,0.0,0.0,0.0,0.0,0.010872053101396162,0.4579613946746033,0.00705729762722207,0.005149919890135024,-0.005912870984969842,-0.023460746166170665,0.017738612954909527,-0.6725274725274701,10.958241758241755,-0.5264957264957282,-0.17094017094017033,0.04639804639804623,-1.2039072039072032,-0.1098901098901095,0.0
590310.633348146,53,0.02,0.0,0.5349999630451203,0.0,0.0,0.0,0.0,0.0,0.010872053101396162,0.46559090562295147,0.00705729762722207,0.005149919890135024,-0.005912870984969842,-0.023460746166170665,0.017738612954909527,-0.6725274725274701,11.010989010989007,-0.5264957264957282,-0.17094017094017033,0.0512820512820511,-1.2185592185592178,-0.1098901098901095,0.0
590310.653342915,54,0.02,0.0,0.5449999570846558,0.0,0.0,0.0,0.0,0.0,0.010872053101396162,0.47398336766613447,0.00705729762722207,0.005149919890135024,-0.005912870984969842,-0.022697795071335847,0.017738612954909527,-0.6725274725274701,11.221978021978018,-0.5264957264957282,-0.17094017094017033,0.0512820512820511,-1.2576312576312567,-0.1098901098901095,0.0
590310.673411017,55,0.02,0.0,0.5549999570846558,0.0,0.0,0.0,0.0,0.0,0.010872053101396162,0.48237582970931747,0.00705729762722207,0.005149919890135024,-0.005912870984969842,-0.02155336842908362,0.017738612954909527,-0.6725274725274701,11.538461538461533,-0.5264957264957282,-0.1572649572649567,0.0512820512820511,-1.3162393162393151,-0.1098901098901095,0.0
590310.693350934,56,0.02,0.0,0.5649999380111694,0.0,0.0,0.0,0.0,0.0,0.010872053101396162,0.4915312428473353,0.00705729762722207,0.005149919890135024,-0.005912870984969842,-0.018120088502326936,0.017738612954909527,-0.6725274725274701,11.69670329670329,-0.5128205128205146,-0.17094017094017033,0.0512820512820511,-1.394383394383393,-0.11477411477411437,0.0
590310.713342443,57,0.02,0.0,0.5749999380111694,0.0,0.0,0.0,0.0,0.0,0.010872053101396162,0.5014496070801879,0.00705729762722207,0.005149919890135024,-0.005912870984969842,-0.017357137407492118,0.017738612954909527,-0.6725274725274701,11.934065934065941,-0.5264957264957282,-0.17094017094017033,0.0512820512820511,-1.394383394383393,-0.11477411477411437,0.0
590310.733346167,58,0.02,0.0,0.5849999380111695,0.0,0.0,0.0,0.0,0.0,0.010872053101396162,0.5109864957656232,0.00705729762722207,0.005149919890135024,-0.005912870984969842,-0.0165941863126573,0.017738612954909527,-0.6989010989010964,12.092307692307699,-0.5264957264957282,-0.18461538461538396,0.0512820512820511,-1.4090354090354094,-0.11477411477411437,0.0
590310.753343284,59,0.02,0.0,0.5949999380111695,0.0,0.0,0.0,0.0,0.0,0.010872053101396162,0.520141908903641,0.00705729762722207,0.005149919890135024,-0.005912870984969842,-0.0165941863126573,0.017738612954909527,-0.6989010989010964,12.382417582417588,-0.5264957264957282,-0.17094017094017033,0.04639804639804623,-1.418803418803419,-0.11477411477411437,0.0
590310.773342782,60,0.02,0.0,0.6049999380111695,0.0,0.0,0.0,0.0,0.0,0.010872053101396162,0.5300602731364936,0.00705729762722207,0.005149919890135024,-0.005912870984969842,-0.0165941863126573,0.017738612954909527,-0.6989010989010964,12.487912087912093,-0.5401709401709418,-0.17094017094017033,0.0512820512820511,-1.4334554334554337,-0.11965811965811923,0.0
590310.793446022,61,0.02,0.0,0.6149999380111695,0.0,0.0,0.0,0.0,0.0,0.010872053101396162,0.5403601129167637,0.00705729762722207,0.005149919890135024,-0.005912870984969842,-0.0165941863126573,0.017738612954909527,-0.6989010989010964,12.619780219780225,-0.5264957264957282,-0.17094017094017033,0.04639804639804623,-1.4529914529914532,-0.11477411477411437,0.0
590310.813343663,62,0.02,0.0,0.6249999380111695,0.0,0.0,0.0,0.0,0.0,0.010872053101396162,0.5502784771496163,0.00705729762722207,0.005149919890135024,-0.005912870984969842,-0.0165941863126573,0.017738612954909527,-0.6989010989010964,12.751648351648356,-0.5264957264957282,-0.18461538461538396,0.0512820512820511,-1.4871794871794872,-0.11477411477411437,0.0
590310.833618116,63,0.02,0.0,0.6349999380111695,0.0,0.0,0.0,0.0,0.0,0.010872053101396162,0.5613412680247212,0.00705729762722207,0.005149919890135024,-0.005912870984969842,-0.0165941863126573,0.017738612954909527,-0.6989010989010964,12.830769230769235,-0.5264957264957282,-0.18461538461538396,0.0512820512820511,-1.5067155067155067,-0.11965811965811923,0.0
590310.853341412,64,0.02,0.0,0.6449999380111695,0.0,0.0,0.0,0.0,0.0,0.010872053101396162,0.5720225833524086,0.00705729762722207,0.005149919890135024,-0.005912870984969842,-0.0165941863126573,0.017738612954909527,-0.6989010989010964,12.883516483516487,-0.5401709401709418,-0.1572649572649567,0.0512820512820511,-1.5409035409035408,-0.11477411477411437,0.0
590310.873340585,65,0.02,0.0,0.6549999380111695,0.0,0.0,0.0,0.0,0.0,0.010872053101396162,0.5830853742275135,0.00705729762722207,0.005149919890135024,-0.005912870984969842,-0.0165941863126573,0.017738612954909527,-0.6989010989010964,13.120879120879124,-0.5264957264957282,-0.17094017094017033,0.0512820512820511,-1.565323565323565,-0.1098901098901095,0.0
590310.893340528,66,0.02,0.0,0.6649999380111695,0.0,0.0,0.0,0.0,0.0,0.010872053101396162,0.5941481651026184,0.00705729762722207,0.005149919890135024,-0.005912870984969842,-0.01697566186007471,0.017738612954909527,-0.6989010989010964,13.120879120879124,-0.5264957264957282,-0.1572649572649567,0.04639804639804623,-1.5848595848595846,-0.11477411477411437,0.0
590310.913342675,67,0.02,0.0,0.6749999380111695,0.0,0.0,0.0,0.0,0.0,0.010872053101396162,0.6052109559777232,0.00705729762722207,0.005149919890135024,-0.005912870984969842,-0.017357137407492118,0.017738612954909527,-0.6725274725274701,13.384615384615387,-0.5264957264957282,-0.14358974358974308,0.0512820512820511,-1.6190476190476186,-0.11477411477411437,0.0
590310.933340622,68,0.02,0.0,0.6849999380111695,0.0,0.0,0.0,0.0,0.0,0.010872053101396162,0.6162737468528281,0.00705729762722207,0.005149919890135024,-0.005912870984969842,-0.017357137407492118,0.017738612954909527,-0.6989010989010964,13.35824175824176,-0.5401709401709418,-0.17094017094017033,0.04639804639804623,-1.6532356532356527,-0.11965811965811923,0.0
590310.953397999,69,0.02,0.0,0.6949999380111695,0.0,0.0,0.0,0.0,0.0,0.010872053101396162,0.6277180132753504,0.00705729762722207,0.005149919890135024,-0.005912870984969842,-0.017357137407492118,0.017738612954909527,-0.6989010989010964,13.43736263736264,-0.5264957264957282,-0.17094017094017033,0.04639804639804623,-1.6874236874236868,-0.11477411477411437,0.0
590310.973352218,70,0.02,0.0,0.7049999380111696,0.0,0.0,0.0,0.0,0.0,0.010872053101396162,0.6383993286030378,0.00705729762722207,0.005149919890135024,-0.005912870984969842,-0.017738612954909527,0.017738612954909527,-0.6989010989010964,13.701098901098902,-0.5401709401709418,-0.1572649572649567,0.0512820512820511,-1.711843711843711,-0.11477411477411437,0.0
590310.993341452,71,0.02,0.0,0.7149999380111696,0.0,0.0,0.0,0.0,0.0,0.010872053101396162,0.6494621194781427,0.00705729762722207,0.005149919890135024,-0.005912870984969842,-0.017738612954909527,0.017738612954909527,-0.6989010989010964,13.674725274725276,-0.5264957264957282,-0.1572649572649567,0.04639804639804623,-1.741147741147742,-0.11477411477411437,0.0
590311.013335149,72,0.02,0.0,0.7249999380111696,0.0,0.0,0.0,0.0,0.0,0.010872053101396162,0.660906385900665,0.00705729762722207,0.005149919890135024,-0.005912870984969842,-0.018120088502326936,0.017738612954909527,-0.6989010989010964,13.727472527472528,-0.5401709401709418,-0.1572649572649567,0.0512820512820511,-1.7704517704517713,-0.11965811965811923,0.0
590311.033374159,73,0.02,0.0,0.7349999380111696,0.0,0.0,0.0,0.0,0.0,0.010872053101396162,0.6719691767757698,0.00705729762722207,0.005149919890135024,-0.005912870984969842,-0.018120088502326936,0.017738612954909527,-0.6989010989010964,13.964835164835165,-0.5264957264957282,-0.14358974358974308,0.0512820512820511,-1.7997557997558005,-0.11965811965811923,0.0
590311.053342966,74,0.02,0.0,0.7449999380111696,0.0,0.0,0.0,0.0,0.0,0.010872053101396162,0.6818875410086225,0.00705729762722207,0.005149919890135024,-0.005912870984969842,-0.018120088502326936,0.017738612954909527,-0.6989010989010964,14.202197802197801,-0.5264957264957282,-0.1572649572649567,0.0512820512820511,-1.8339438339438345,-0.1245421245421241,0.0
590311.073577931,75,0.02,0.0,0.7549999380111696,0.0,0.0,0.0,0.0,0.0,0.010872053101396162,0.6918059052414751,0.00705729762722207,0.005149919890135024,-0.005912870984969842,-0.018120088502326936,0.017738612954909527,-0.6989010989010964,14.175824175824175,-0.5264957264957282,-0.17094017094017033,0.0512820512820511,-1.8485958485958491,-0.11965811965811923,0.0
590311.093356351,76,0.02,0.0,0.7649999380111696,0.0,0.0,0.0,0.0,0.0,0.010872053101396162,0.7032501716639974,0.00705729762722207,0.005149919890135024,-0.005912870984969842,-0.018120088502326936,0.017738612954909527,-0.6989010989010964,14.439560439560438,-0.4991452991453009,-0.17094017094017033,0.0512820512820511,-1.887667887667888,-0.11965811965811923,0.0
590311.113342129,77,0.02,0.0,0.7749999380111696,0.0,0.0,0.0,0.0,0.0,0.010872053101396162,0.7135500114442674,0.00705729762722207,0.005149919890135024,-0.005912870984969842,-0.018120088502326936,0.017738612954909527,-0.6989010989010964,14.597802197802196,-0.5264957264957282,-0.1572649572649567,0.0512820512820511,-1.9120879120879124,-0.1245421245421241,0.0
590311.133286669,78,0.02,0.0,0.7849999380111696,0.0,0.0,0.0,0.0,0.0,0.010872053101396162,0.7234683756771201,0.00705729762722207,0.005149919890135024,-0.005912870984969842,-0.018120088502326936,0.017738612954909527,-0.7252747252747227,14.808791208791206,-0.5128205128205146,-0.14358974358974308,0.0512820512820511,-1.9365079365079367,-0.11965811965811923,0.0
590311.153336133,79,0.02,0.0,0.7949999380111696,0.0,0.0,0.0,0.0,0.0,0.010872053101396162,0.7333867399099727,0.00705729762722207,0.005149919890135024,-0.005912870984969842,-0.018501564049744346,0.017738612954909527,-0.7252747252747227,14.940659340659337,-0.5264957264957282,-0.1572649572649567,0.04639804639804623,-1.960927960927961,-0.1245421245421241,0.0
590311.173372374,80,0.02,0.0,0.8049999380111696,0.0,0.0,0.0,0.0,0.0,0.010872053101396162,0.7433051041428254,0.00705729762722207,0.005149919890135024,-0.005912870984969842,-0.018501564049744346,0.017738612954909527,-0.7252747252747227,15.098901098901095,-0.5264957264957282,-0.1572649572649567,0.04639804639804623,-1.9951159951159951,-0.11965811965811923,0.0
590311.194252682,81,0.02,0.0,0.8149999380111697,0.0,0.0,0.0,0.0,0.0,0.010872053101396162,0.753223468375678,0.00705729762722207,0.005149919890135024,-0.005912870984969842,-0.018120088502326936,0.017738612954909527,-0.7252747252747227,15.30989010989012,-0.5264957264957282,-0.1572649572649567,0.04639804639804623,-2.0146520146520146,-0.11965811965811923,0.0
590311.213335538,82,0.02,0.0,0.8249999380111697,0.0,0.0,0.0,0.0,0.0,0.010872053101396162,0.7619974059662784,0.00705729762722207,0.005149919890135024,-0.005912870984969842,-0.018120088502326936,0.017738612954909527,-0.7252747252747227,15.600000000000009,-0.5401709401709418,-0.1572649572649567,0.056166056166055967,-2.03907203907204,-0.11965811965811923,0.0
590311.233342093,83,0.02,0.0,0.8349999380111697,0.0,0.0,0.0,0.0,0.0,0.010872053101396162,0.7711528191042962,0.00705729762722207,0.005149919890135024,-0.005912870984969842,-0.018501564049744346,0.017738612954909527,-0.7252747252747227,15.626373626373635,-0.5401709401709418,-0.17094017094017033,0.0512820512820511,-2.0537240537240544,-0.11965811965811923,0.0
590311.253345102,84,0.02,0.0,0.8449999380111697,0.0,0.0,0.0,0.0,0.0,0.010872053101396162,0.780308232242314,0.00705729762722207,0.005149919890135024,-0.005912870984969842,-0.018501564049744346,0.017738612954909527,-0.7252747252747227,16.02197802197803,-0.5401709401709418,-0.17094017094017033,0.04639804639804623,-2.0927960927960934,-0.11965811965811923,0.0
590311.273317294,85,0.02,0.0,0.8549999380111697,0.0,0.0,0.0,0.0,0.0,0.010872053101396162,0.7898451209277493,0.00705729762722207,0.005149919890135024,-0.005912870984969842,-0.018120088502326936,0.017738612954909527,-0.7252747252747227,16.07472527472528,-0.5264957264957282,-0.17094017094017033,0.0512820512820511,-2.1172161172161177,-0.1245421245421241,0.0
590311.293333973,86,0.02,0.0,0.8649999380111697,0.0,0.0,0.0,0.0,0.0,0.010872053101396162,0.7990005340657671,0.00705729762722207,0.005149919890135024,-0.005912870984969842,-0.018120088502326936,0.017738612954909527,-0.7252747252747227,16.44395604395605,-0.5128205128205146,-0.1572649572649567,0.0512820512820511,-2.141636141636142,-0.11965811965811923,0.0
590311.31334065,87,0.02,0.0,0.8749999380111697,0.0,0.0,0.0,0.0,0.0,0.010872053101396162,0.8073929961089501,0.00705729762722207,0.005149919890135024,-0.005912870984969842,-0.018120088502326936,0.017738612954909527,-0.7252747252747227,16.65494505494506,-0.5264957264957282,-0.1572649572649567,0.04639804639804623,-2.1611721611721615,-0.11477411477411437,0.0
590311.333342019,88,0.02,0.0,0.8849999380111697,0.0,0.0,0.0,0.0,0.0,0.010872053101396162,0.8161669336995505,0.00705729762722207,0.005149919890135024,-0.005912870984969842,-0.018120088502326936,0.017738612954909527,-0.7252747252747227,16.839560439560444,-0.5128205128205146,-0.17094017094017033,0.04639804639804623,-2.1660561660561664,-0.11965811965811923,0.0
590311.353339423,89,0.02,0.0,0.8949999380111697,0.0,0.0,0.0,0.0,0.0,0.010872053101396162,0.8249408712901509,0.00705729762722207,0.005149919890135024,-0.005912870984969842,-0.018120088502326936,0.017738612954909527,-0.7252747252747227,16.94505494505495,-0.5128205128205146,-0.1572649572649567,0.0512820512820511,-2.1953601953601956,-0.11965811965811923,0.0
590311.373345465,90,0.02,0.0,0.8999999761581421,0.0,0.0,0.0,0.0,0.0,0.010872053101396162,0.8340962844281687,0.00705729762722207,0.005149919890135024,-0.005912870984969842,-0.017738612954909527,0.017738612954909527,-0.7252747252747227,17.261538461538464,-0.5401709401709418,-0.17094017094017033,0.04151404151404137,-2.2344322344322345,-0.1245421245421241,0.0
590311.393342183,91,0.02,0.0,0.8999999761581421,0.0,0.0,0.0,0.0,0.0,0.010872053101396162,0.843633173113604,0.00705729762722207,0.005149919890135024,-0.005912870984969842,-0.017357137407492118,0.017738612954909527,-0.7252747252747227,17.36703296703297,-0.5128205128205146,-0.1572649572649567,0.04639804639804623,-2.244200244200244,-0.11965811965811923,0.0
590311.413339901,92,0.02,0.0,0.8999999761581421,0.0,0.0,0.0,0.0,0.0,0.010872053101396162,0.8516441596093696,0.00705729762722207,0.005149919890135024,-0.005912870984969842,-0.017738612954909527,0.017738612954909527,-0.7252747252747227,17.630769230769232,-0.5128205128205146,-0.1572649572649567,0.04639804639804623,-2.258852258852259,-0.12942612942612897,0.0
590311.433407328,93,0.02,0.0,0.8999999761581421,0.0,0.0,0.0,0.0,0.0,0.010872053101396162,0.8592736705577178,0.00705729762722207,0.005149919890135024,-0.005912870984969842,-0.018120088502326936,0.017738612954909527,-0.7252747252747227,17.129670329670333,-0.5264957264957282,-0.1572649572649567,0.04639804639804623,-2.253968253968254,-0.1245421245421241,0.0
590311.453339499,94,0.02,0.0,0.8999999761581421,0.0,0.0,0.0,0.0,0.0,0.010872053101396162,0.8680476081483182,0.00705729762722207,0.005149919890135024,-0.005912870984969842,-0.018883039597161755,0.017738612954909527,-0.7252747252747227,16.839560439560444,-0.5264957264957282,-0.1572649572649567,0.04639804639804623,-2.288156288156288,-0.1245421245421241,0.0
590311.473333136,95,0.02,0.0,0.8999999761581421,0.0,0.0,0.0,0.0,0.0,0.010872053101396162,0.8764400701915012,0.00705729762722207,0.005149919890135024,-0.005912870984969842,-0.018883039597161755,0.017738612954909527,-0.7252747252747227,16.312087912087918,-0.5128205128205146,-0.1572649572649567,0.0512820512820511,-2.3076923076923075,-0.12942612942612897,0.0
590311.49333678,96,0.02,0.0,0.8999999761581421,0.0,0.0,0.0,0.0,0.0,0.010872053101396162,0.8836881055924319,0.00705729762722207,0.005149919890135024,-0.005912870984969842,-0.018883039597161755,0.017738612954909527,-0.751648351648349,16.127472527472534,-0.5264957264957282,-0.1572649572649567,0.0512820512820511,-2.322344322344322,-0.1245421245421241,0.0
590311.513342356,97,0.02,0.0,0.8999999761581421,0.0,0.0,0.0,0.0,0.0,0.010872053101396162,0.8897917143511105,0.00705729762722207,0.005149919890135024,-0.005912870984969842,-0.022316319523918438,0.017738612954909527,-0.751648351648349,15.863736263736271,-0.5128205128205146,-0.17094017094017033,0.04639804639804623,-2.21001221001221,-0.1245421245421241,0.0
590311.533340808,98,0.02,0.0,0.8999999761581421,0.0,0.0,0.0,0.0,0.0,0.010872053101396162,0.8947508964675368,0.00705729762722207,0.005149919890135024,-0.005531395437552433,-0.026894026092927348,0.017738612954909527,-0.751648351648349,15.600000000000009,-0.5264957264957282,-0.17094017094017033,0.04639804639804623,-2.2051282051282053,-0.12942612942612897,0.0
590311.553330444,99,0.02,0.0,0.8999999761581421,0.0,0.0,0.0,0.0,0.0,0.010872053101396162,0.8978027008468761,0.00705729762722207,0.005149919890135024,-0.005531395437552433,-0.03452353704127553,0.017738612954909527,-0.751648351648349,15.863736263736271,-0.5264957264957282,-0.17094017094017033,0.04151404151404137,-2.0146520146520146,-0.1245421245421241,0.0
590311.573356617,100,0.02,0.0,0.8999999761581421,0.0,0.0,0.0,0.0,0.0,0.010872053101396162,0.9004730296787979,0.00705729762722207,0.005149919890135024,-0.005149919890135024,-0.042153047989623715,0.017738612954909527,-0.751648351648349,15.758241758241766,-0.5264957264957282,-0.17094017094017033,0.0366300366300365,-1.965811965811966,-0.1245421245421241,0.0
590311.593340303,101,0.02,0.0,0.8999999761581421,0.0,0.0,0.0,0.0,0.0,0.010872053101396162,0.9027618829633024,0.00705729762722207,0.005149919890135024,-0.005149919890135024,-0.04863813229571967,0.017738612954909527,-0.751648351648349,15.784615384615392,-0.5264957264957282,-0.17094017094017033,0.0366300366300365,-1.9511599511599513,-0.11965811965811923,0.0
590311.613344104,102,0.02,0.0,0.8999999761581421,0.0,0.0,0.0,0.0,0.0,0.010872053101396162,0.9046692607003894,0.00705729762722207,0.005149919890135024,-0.005149919890135024,-0.051689936675058945,0.017738612954909527,-0.751648351648349,15.389010989010998,-0.5264957264957282,-0.1572649572649567,0.0366300366300365,-2.0244200244200243,-0.11965811965811923,0.0
590311.633566509,103,0.02,0.0,0.8999999761581421,0.0,0.0,0.0,0.0,0.0,0.010872053101396162,0.9061951628900591,0.00705729762722207,0.005149919890135024,-0.005149919890135024,-0.05245288776989376,0.017738612954909527,-0.751648351648349,15.547252747252756,-0.5264957264957282,-0.17094017094017033,0.04151404151404137,-2.112332112332113,-0.1245421245421241,0.0
590311.653305707,104,0.02,0.0,0.8999999761581421,0.0,0.0,0.0,0.0,0.0,0.010872053101396162,0.9073395895323113,0.00705729762722207,0.005149919890135024,-0.005149919890135024,-0.05245288776989376,0.017738612954909527,-0.751648351648349,15.52087912087913,-0.5128205128205146,-0.1572649572649567,0.04151404151404137,-2.136752136752137,-0.1245421245421241,0.0
590311.673322123,105,0.02,0.0,0.8999999761581421,0.0,0.004999999888241291,0.0,0.0,0.0,0.010872053101396162,0.9077210650797287,0.00705729762722207,0.005149919890135024,-0.005149919890135024,-0.05245288776989376,0.017738612954909527,-0.751648351648349,15.573626373626382,-0.5264957264957282,-0.1572649572649567,0.04151404151404137,-2.1562881562881566,-0.1245421245421241,0.0
590311.693345215,106,0.02,0.0,0.8999999761581421,0.0,0.014999999664723873,0.0,0.0,0.0,0.010872053101396162,0.9077210650797287,0.00705729762722207,0.005149919890135024,-0.005149919890135024,-0.051689936675058945,0.017738612954909527,-0.751648351648349,15.626373626373635,-0.5128205128205146,-0.17094017094017033,0.04151404151404137,-2.170940170940171,-0.11965811965811923,0.0
590311.713344497,107,0.02,0.0,0.8999999761581421,0.0,0.024999999664723875,0.0,0.0,0.0,0.010872053101396162,0.9073395895323113,0.00705729762722207,0.005149919890135024,-0.005149919890135024,-0.051308461127641536,0.017738612954909527,-0.7252747252747227,15.705494505494514,-0.5264957264957282,-0.006837606837606813,0.04151404151404137,-2.170940170940171,-0.1245421245421241,0.0
590311.733339002,108,0.02,0.0,0.8999999761581421,0.0,0.03499999966472388,0.0,0.0,0.0,0.010872053101396162,0.9058136873426417,0.00705729762722207,0.005531395437552433,-0.005149919890135024,-0.051308461127641536,0.017738612954909527,-0.751648351648349,15.890109890109898,-0.4991452991453009,0.33504273504273385,0.0366300366300365,-2.170940170940171,-0.11965811965811923,0.0
590311.753345974,109,0.02,0.0,0.8999999761581421,0.0,0.04499999966472388,0.0,0.0,0.0,0.010872053101396162,0.9046692607003894,0.00705729762722207,0.007438773174639479,-0.005149919890135024,-0.051308461127641536,0.017357137407492118,-0.751648351648349,15.995604395604403,-0.5128205128205146,0.5401709401709383,0.0366300366300365,-2.170940170940171,-0.11965811965811923,0.0
590311.773354634,110,0.02,0.0,0.8999999761581421,0.0,0.05499999966472388,0.0,0.0,0.0,0.010872053101396162,0.9031433585107198,0.00705729762722207,0.012397955291065799,-0.005149919890135024,-0.051308461127641536,0.01697566186007471,-0.751648351648349,16.101098901098908,-0.5264957264957282,0.5811965811965791,0.0366300366300365,-2.1660561660561664,-0.1098901098901095,0.0
590311.793355846,111,0.02,0.0,0.8999999761581421,0.0,0.06499999761581421,0.0,0.0,0.0,0.010490577553978753,0.9016174563210502,0.00705729762722207,0.018501564049744346,-0.004768444342717615,-0.05016403448538931,0.015068284122987663,-0.6461538461538439,16.101098901098908,-0.5128205128205146,0.8683760683760653,0.0366300366300365,-2.2002442002442004,-0.056166056166055967,0.0
590311.813587311,112,0.02,0.0,0.8999999761581421,0.0,0.0749999976158142,0.0,0.0,0.0,0.007820248722056888,0.8997100785839631,0.00705729762722207,0.02574959945067512,-0.004386968795300206,-0.04825665674830226,0.011253528648813571,-0.27692307692307594,16.180219780219787,-0.4991452991453009,1.0871794871794904,0.026862026862026767,-2.21978021978022,0.026862026862026767,0.0
590311.833349456,113,0.02,0.0,0.8999999761581421,0.0,0.0849999976158142,0.0,0.0,0.0,0.005912870984969842,0.8978027008468761,0.00705729762722207,0.033379110399023304,-0.004386968795300206,-0.04825665674830226,0.006675822079804661,-0.14505494505494454,16.549450549450555,-0.47179487179487367,1.1692307692307722,0.0219780219780219,-2.1904761904761907,0.0805860805860803,0.0
590311.853345597,114,0.02,0.0,0.8999999761581421,0.0,0.0949999976158142,0.0,0.0,0.0,0.004386968795300206,0.8962767986572064,0.00705729762722207,0.042153047989623715,-0.004386968795300206,-0.04787518120088485,0.002861066605630569,-0.11868131868131826,16.417582417582423,-0.4170940170940156,1.251282051282054,0.0219780219780219,-2.1953601953601956,0.11965811965811923,0.0
590311.873341857,115,0.02,0.0,0.8999999761581421,0.0,0.10499999672174454,0.0,0.0,0.0,0.0024795910582131597,0.8947508964675368,0.00705729762722207,0.05092698558022413,-0.004386968795300206,-0.0455863279163804,-0.0017166399633783413,0.1978021978021971,16.52307692307693,-0.37606837606837473,1.3880341880341902,0.012210012210012167,-2.2686202686202686,0.17826617826617763,0.0
590311.893374264,116,0.02,0.0,0.8999999761581421,0.0,0.11499999672174453,0.0,0.0,0.0,0.0020981155107957505,0.8936064698252846,0.00705729762722207,0.06008239871824195,-0.0040054932478827965,-0.042915999084458534,-0.005912870984969842,0.09230769230769198,16.57582417582418,-0.33504273504273385,1.4153846153846175,-0.0024420024420024333,-2.2735042735042734,0.20757020757020683,0.0
590311.913342746,117,0.02,0.0,0.8999999761581421,0.0,0.12499999672174453,0.0,0.0,0.0,0.0020981155107957505,0.8928435187304498,0.00705729762722207,0.06847486076142495,-0.0040054932478827965,-0.04024567025253667,-0.009727626459143934,0.11868131868131826,16.57582417582418,-0.2529914529914521,1.5111111111111128,-0.0073260073260073,-2.2979242979242978,0.24664224664224577,0.0
590311.934469753,118,0.02,0.0,0.8999999761581421,0.0,0.13499999672174454,0.0,0.0,0.0,0.0020981155107957505,0.8920805676356149,0.00705729762722207,0.07686732280460795,-0.0040054932478827965,-0.037193865873197396,-0.01201647974364839,0.17142857142857082,16.628571428571433,-0.1982905982905976,1.5111111111111128,-0.017094017094017033,-2.356532356532357,0.2417582417582409,0.0
590311.953346135,119,0.02,0.0,0.8999999761581421,0.0,0.14499999582767487,0.0,0.0,0.0,0.0020981155107957505,0.8916990920881975,0.00705729762722207,0.08831158922713023,-0.0040054932478827965,-0.03414206149385812,-0.01201647974364839,0.22417582417582338,16.57582417582418,-0.12991452991452945,1.5521367521367537,-0.03174603174603163,-2.356532356532357,0.21733821733821657,0.0
590311.973352232,120,0.02,0.0,0.8999999761581421,0.0,0.15499999582767487,0.0,0.0,0.0,0.0020981155107957505,0.8916990920881975,0.00705729762722207,0.09861142900740028,-0.0040054932478827965,-0.032616159304188486,-0.01163500419623098,0.3032967032967022,16.52307692307693,-0.06153846153846132,1.4564102564102583,-0.04639804639804623,-2.3467643467643473,0.2124542124542117,0.0
590311.99334633,121,0.02,0.0,0.8999999761581421,0.0,0.16499999582767488,0.0,0.0,0.0,0.0024795910582131597,0.8916990920881975,0.00705729762722207,0.11005569542992255,-0.0040054932478827965,-0.03032730601968403,-0.011253528648813571,0.38241758241758106,16.52307692307693,0.006837606837606813,1.4153846153846175,-0.04639804639804623,-2.3858363858363862,0.23199023199023117,0.0
590312.013342261,122,0.02,0.0,0.8999999761581421,0.0,0.1749999958276749,0.0,0.0,0.0,0.0024795910582131597,0.8916990920881975,0.00705729762722207,0.12264438849469705,-0.004386968795300206,-0.027275501640344757,-0.011253528648813571,0.4879120879120862,16.496703296703302,0.07521367521367495,1.3333333333333357,-0.04151404151404137,-2.4053724053724057,0.25152625152625063,0.0
590312.033344565,123,0.02,0.0,0.8999999761581421,0.0,0.1849999958276749,0.0,0.0,0.0,0.0024795910582131597,0.8916990920881975,0.00705729762722207,0.13485160601205415,-0.004386968795300206,-0.02574959945067512,-0.010109102006561344,0.5934065934065913,16.496703296703302,0.1572649572649567,1.1965811965811994,-0.04639804639804623,-2.3663003663003668,0.25152625152625063,0.0
590312.053343711,124,0.02,0.0,0.8999999761581421,0.0,0.19499999284744263,0.0,0.0,0.0,0.002861066605630569,0.8916990920881975,0.00705729762722207,0.14744029907682865,-0.004386968795300206,-0.02574959945067512,-0.008201724269474298,0.751648351648349,16.44395604395605,0.2529914529914521,1.1692307692307722,-0.04639804639804623,-2.3467643467643473,0.24664224664224577,0.0
590312.073341406,125,0.02,0.0,0.8999999761581421,0.0,0.20499999284744264,0.0,0.0,0.0,0.002861066605630569,0.8916990920881975,0.00705729762722207,0.16002899214160315,-0.004386968795300206,-0.02574959945067512,-0.006294346532387252,0.8571428571428541,16.44395604395605,0.3623931623931611,1.0598290598290632,-0.0366300366300365,-2.332112332112332,0.2417582417582409,0.0
590312.093343605,126,0.02,0.0,0.8999999761581421,0.0,0.21499999284744264,0.0,0.0,0.0,0.002861066605630569,0.8916990920881975,0.00705729762722207,0.17299916075379507,-0.004386968795300206,-0.02574959945067512,-0.0040054932478827965,0.9890109890109855,16.417582417582423,0.4717948717948701,1.0871794871794904,-0.04151404151404137,-2.3369963369963367,0.2417582417582409,0.0
590312.113338611,127,0.02,0.0,0.8999999761581421,0.0,0.22499999284744265,0.0,0.0,0.0,0.003242542153047978,0.8916990920881975,0.00705729762722207,0.18520637827115216,-0.004386968795300206,-0.02574959945067512,-0.0013351644159609322,1.0945054945054906,16.417582417582423,0.5675213675213655,0.991452991452995,-0.0366300366300365,-2.3369963369963367,0.23687423687423603,0.0
590312.133346229,128,0.02,0.0,0.8999999761581421,0.0,0.23499999284744266,0.0,0.0,0.0,0.003242542153047978,0.8916990920881975,0.00705729762722207,0.19703212024109185,-0.004386968795300206,-0.02574959945067512,0.000953688868543523,1.226373626373622,16.391208791208797,0.6769230769230745,0.9367521367521405,-0.0366300366300365,-2.3369963369963367,0.25152625152625063,0.0
590312.153488124,129,0.02,0.0,0.8999999761581421,0.0,0.24499999284744267,0.0,0.0,0.0,0.0036240177004653873,0.8916990920881975,0.00705729762722207,0.20923933775844894,-0.004386968795300206,-0.02574959945067512,0.004386968795300206,1.3054945054945009,16.36483516483517,0.7589743589743563,0.9641025641025678,-0.026862026862026767,-2.3369963369963367,0.23687423687423603,0.0
590312.173342935,130,0.02,0.0,0.8999999761581421,0.0,0.2549999928474427,0.0,0.0,0.0,0.004386968795300206,0.8916990920881975,0.00705729762722207,0.2203021286335538,-0.004386968795300206,-0.02574959945067512,0.008201724269474298,1.2527472527472483,16.36483516483517,0.8683760683760653,1.0051282051282087,-0.012210012210012167,-2.3418803418803416,0.2124542124542117,0.0
590312.193341005,131,0.02,0.0,0.8999999761581421,0.0,0.26499998569488525,0.0,0.0,0.0,0.005149919890135024,0.8916990920881975,0.00705729762722207,0.23098344396124126,-0.004386968795300206,-0.02574959945067512,0.01163500419623098,1.4901098901098848,16.338461538461544,0.9641025641025678,1.1145299145299177,-0.0073260073260073,-2.3369963369963367,0.22222222222222143,0.0
590312.213343078,132,0.02,0.0,0.8999999761581421,0.0,0.27499998569488526,0.0,0.0,0.0,0.005531395437552433,0.8916990920881975,0.00705729762722207,0.2412832837415113,-0.004386968795300206,-0.02574959945067512,0.014686808575570254,1.6219780219780162,16.312087912087918,1.0735042735042768,1.1145299145299177,0.0024420024420024333,-2.3369963369963367,0.2271062271062263,0.0
590312.233343197,133,0.02,0.0,0.8999999761581421,0.0,0.28499998569488527,0.0,0.0,0.0,0.005531395437552433,0.8916990920881975,0.00705729762722207,0.25158312352178136,-0.004386968795300206,-0.02574959945067512,0.01697566186007471,1.7538461538461618,16.312087912087918,1.1829059829059858,1.1965811965811994,0.0073260073260073,-2.3418803418803416,0.24664224664224577,0.0
590312.253342731,134,0.02,0.0,0.8999999761581421,0.0,0.2949999856948853,0.0,0.0,0.0,0.005531395437552433,0.8916990920881975,0.00705729762722207,0.2622644388494688,-0.004386968795300206,-0.02574959945067512,0.018883039597161755,1.859340659340667,16.285714285714292,1.2786324786324812,1.251282051282054,0.017094017094017033,-2.3369963369963367,0.2710622710622701,0.0
590312.273359117,135,0.02,0.0,0.8999999761581421,0.0,0.3049999856948853,0.0,0.0,0.0,0.005531395437552433,0.8916990920881975,0.00705729762722207,0.27218280308232146,-0.004386968795300206,-0.02574959945067512,0.019264515144579164,1.9912087912087983,16.259340659340666,1.3470085470085493,1.3059829059829084,0.0219780219780219,-2.3369963369963367,0.3150183150183157,0.0
590312.293402077,136,0.02,0.0,0.8999999761581421,0.0,0.3149999856948853,0.0,0.0,0.0,0.005531395437552433,0.8916990920881975,0.00705729762722207,0.28362706950484373,-0.004386968795300206,-0.02574959945067512,0.019264515144579164,2.0967032967033035,16.23296703296704,1.4427350427350447,1.4427350427350447,0.03174603174603163,-2.3369963369963367,0.3540903540903546,0.0
590312.313343268,137,0.02,0.0,0.8999999761581421,0.0,0.3249999856948853,0.0,0.0,0.0,0.005531395437552433,0.8916990920881975,0.00705729762722207,0.29354543373769637,-0.004386968795300206,-0.02574959945067512,0.019264515144579164,2.2021978021978086,16.206593406593413,1.5247863247863265,1.5658119658119674,0.03174603174603163,-2.3369963369963367,0.3833943833943838,0.0
590312.333346756,138,0.02,0.0,0.8999999761581421,0.0,0.3349999856948853,0.0,0.0,0.0,0.005531395437552433,0.8916990920881975,0.00705729762722207,0.3023193713282968,-0.004386968795300206,-0.02574959945067512,0.019264515144579164,2.3076923076923137,16.180219780219787,1.5931623931623946,1.6615384615384627,0.03174603174603163,-2.3369963369963367,0.4029304029304033,0.0
590312.353353733,139,0.02,0.0,0.8999999761581421,0.0,0.3449999856948853,0.0,0.0,0.0,0.005531395437552433,0.8916990920881975,0.00705729762722207,0.311856260013732,-0.004386968795300206,-0.02574959945067512,0.019264515144579164,2.413186813186819,16.180219780219787,1.68888888888889,1.7435897435897445,0.03174603174603163,-2.3369963369963367,0.4175824175824179,0.0
590312.373698748,140,0.02,0.0,0.8999999761581421,0.0,0.35499998569488533,0.0,0.0,0.0,0.005531395437552433,0.8916990920881975,0.00705729762722207,0.31834134431982797,-0.004386968795300206,-0.02574959945067512,0.019264515144579164,2.4923076923076977,16.15384615384616,1.7572649572649581,1.8940170940170944,0.0366300366300365,-2.3369963369963367,0.4420024420024422,0.0
590312.393387219,141,0.02,0.0,0.8999999761581421,0.0,0.36499998569488534,0.0,0.0,0.0,0.005531395437552433,0.8916990920881975,0.00705729762722207,0.3271152819104284,-0.004386968795300206,-0.02574959945067512,0.018883039597161755,2.597802197802203,16.127472527472534,1.8393162393162399,2.017094017094017,0.026862026862026767,-2.3369963369963367,0.46642246642246654,0.0
590312.413369503,142,0.02,0.0,0.8999999761581421,0.0,0.37499998569488535,0.0,0.0,0.0,0.005531395437552433,0.8916990920881975,0.00705729762722207,0.33817807278553325,-0.004386968795300206,-0.02574959945067512,0.018501564049744346,2.703296703296708,16.101098901098908,1.8940170940170944,2.1401709401709397,0.03174603174603163,-2.3369963369963367,0.485958485958486,0.0
590312.433334385,143,0.02,0.0,0.8999999761581421,0.0,0.38499998569488536,0.0,0.0,0.0,0.005531395437552433,0.8916990920881975,0.00705729762722207,0.34695201037613366,-0.004386968795300206,-0.02574959945067512,0.018120088502326936,2.7824175824175867,16.07472527472528,1.9760683760683762,2.3316239316239304,0.03174603174603163,-2.3369963369963367,0.5006105006105006,0.0
590312.453366808,144,0.02,0.0,0.8999999761581421,0.0,0.39499998569488537,0.0,0.0,0.0,0.005531395437552433,0.8916990920881975,0.00705729762722207,0.35534447241931666,-0.004386968795300206,-0.02574959945067512,0.018120088502326936,2.8615384615384656,16.07472527472528,2.0307692307692307,2.4410256410256395,0.03174603174603163,-2.3418803418803416,0.5299145299145298,0.0
590312.473345356,145,0.02,0.0,0.8999999761581421,0.0,0.4049999856948854,0.0,0.0,0.0,0.005531395437552433,0.8916990920881975,0.00705729762722207,0.36411841000991707,-0.004386968795300206,-0.02574959945067512,0.017738612954909527,2.9670329670329707,16.048351648351655,2.1128205128205124,2.523076923076921,0.03174603174603163,-2.3369963369963367,0.5445665445665444,0.0
590312.49333983,146,0.02,0.0,0.8999999761581421,0.0,0.4149999856948854,0.0,0.0,0.0,0.005531395437552433,0.8916990920881975,0.00705729762722207,0.3732738231479349,-0.004386968795300206,-0.02574959945067512,0.017738612954909527,3.0461538461538495,16.02197802197803,2.1538461538461533,2.687179487179492,0.026862026862026767,-2.3369963369963367,0.559218559218559,0.0
590312.513349983,147,0.02,0.0,0.8999999761581421,0.0,0.4249999856948854,0.0,0.0,0.0,0.005531395437552433,0.8916990920881975,0.00705729762722207,0.3820477607385353,-0.004386968795300206,-0.02574959945067512,0.017357137407492118,3.1252747252747284,15.995604395604403,2.2222222222222214,2.7418803418803464,0.026862026862026767,-2.3418803418803416,0.5738705738705736,0.0
590312.533343821,148,0.02,0.0,0.8999999761581421,0.0,0.4349999856948854,0.0,0.0,0.0,0.005531395437552433,0.8916990920881975,0.00705729762722207,0.3915846494239741,-0.004386968795300206,-0.02574959945067512,0.017357137407492118,3.2043956043956072,15.969230769230776,2.2905982905982896,2.8786324786324826,0.026862026862026767,-2.3369963369963367,0.5982905982905979,0.0
590312.55333186,149,0.02,0.0,0.8999999761581421,0.0,0.4449999856948854,0.0,0.0,0.0,0.005531395437552433,0.8916990920881975,0.00705729762722207,0.4011215381094093,-0.004386968795300206,-0.02574959945067512,0.017357137407492118,3.3098901098901123,15.94285714285715,2.386324786324785,2.8786324786324826,0.026862026862026767,-2.3369963369963367,0.6080586080586077,0.0
590312.573407269,150,0.02,0.0,0.8999999761581421,0.0,0.4549999856948854,0.0,0.0,0.0,0.005531395437552433,0.8916990920881975,0.00705729762722207,0.41103990234226195,-0.004386968795300206,-0.02574959945067512,0.017357137407492118,3.389010989010991,15.916483516483524,2.4410256410256395,2.8923076923076962,0.03174603174603163,-2.3369963369963367,0.632478632478632,0.0
590312.59338619,151,0.02,0.0,0.8999999761581421,0.0,0.46499998569488543,0.0,0.0,0.0,0.005531395437552433,0.8916990920881975,0.00705729762722207,0.421339742122532,-0.004386968795300206,-0.02574959945067512,0.017357137407492118,3.46813186813187,15.890109890109898,2.5094017094017076,2.9470085470085507,0.0219780219780219,-2.3369963369963367,0.6471306471306466,0.0
590312.613340106,152,0.02,0.0,0.8999999761581421,0.0,0.47499998569488544,0.0,0.0,0.0,0.005531395437552433,0.8916990920881975,0.00705729762722207,0.43125810635538464,-0.004386968795300206,-0.02574959945067512,0.017357137407492118,3.6000000000000014,15.863736263736271,2.5777777777777757,3.0290598290598325,0.026862026862026767,-2.3369963369963367,0.6617826617826612,0.0
590312.633342276,153,0.02,0.0,0.8999999761581421,0.0,0.48499998569488545,0.0,0.0,0.0,0.005531395437552433,0.8916990920881975,0.00705729762722207,0.4419394216830721,-0.004386968795300206,-0.02574959945067512,0.017357137407492118,3.652747252747254,15.837362637362645,2.646153846153851,3.042735042735046,0.0219780219780219,-2.3369963369963367,0.6813186813186807,0.0
590312.653339269,154,0.02,0.0,0.8999999761581421,0.0,0.49499998569488546,0.0,0.0,0.0,0.005531395437552433,0.8916990920881975,0.00705729762722207,0.45223926146334215,-0.004386968795300206,-0.02574959945067512,0.017357137407492118,3.758241758241759,15.784615384615392,2.7282051282051327,3.0290598290598325,0.0219780219780219,-2.3369963369963367,0.7008547008547001,0.0
590312.673334376,155,0.02,0.0,0.8999999761581421,0.0,0.5049999856948855,0.0,0.0,0.0,0.005531395437552433,0.8916990920881975,0.00705729762722207,0.4625391012436122,-0.004386968795300206,-0.02574959945067512,0.017357137407492118,3.863736263736264,15.758241758241766,2.7829059829059872,3.042735042735046,0.0219780219780219,-2.3418803418803416,0.7203907203907196,0.0
590312.69333951,156,0.02,0.0,0.8999999761581421,0.0,0.5149999856948853,0.0,0.0,0.0,0.005531395437552433,0.8916990920881975,0.00705729762722207,0.47322041657129965,-0.004386968795300206,-0.02574959945067512,0.017357137407492118,3.942857142857143,15.73186813186814,2.8786324786324826,3.0564102564102598,0.0219780219780219,-2.332112332112332,0.7399267399267391,0.0
590312.713356189,157,0.02,0.0,0.8999999761581421,0.0,0.5249999761581421,0.0,0.0,0.0,0.005531395437552433,0.8916990920881975,0.00705729762722207,0.4842832074464045,-0.004386968795300206,-0.02574959945067512,0.017738612954909527,4.048351648351648,15.705494505494514,2.933333333333337,3.042735042735046,0.0219780219780219,-2.3369963369963367,0.7545787545787537,0.0
590312.733338911,158,0.02,0.0,0.8999999761581421,0.0,0.5349999761581421,0.0,0.0,0.0,0.005531395437552433,0.8916990920881975,0.00705729762722207,0.494964522774092,-0.004386968795300206,-0.02574959945067512,0.017738612954909527,4.127472527472527,15.652747252747261,3.0290598290598325,3.0974358974359006,0.0219780219780219,-2.3369963369963367,0.7692307692307683,0.0
590312.753342983,159,0.02,0.0,0.8999999761581421,0.0,0.5449999761581421,0.0,0.0,0.0,0.005531395437552433,0.8916990920881975,0.00705729762722207,0.5056458381017794,-0.004386968795300206,-0.02574959945067512,0.017738612954909527,4.232967032967032,15.626373626373635,3.124786324786328,3.1111111111111143,0.026862026862026767,-2.3369963369963367,0.7887667887667877,0.0
590312.773340171,160,0.02,0.0,0.8999999761581421,0.0,0.5549999761581421,0.0,0.0,0.0,0.005531395437552433,0.8916990920881975,0.00705729762722207,0.5159456778820495,-0.004386968795300206,-0.02574959945067512,0.017738612954909527,4.338461538461537,15.573626373626382,3.1794871794871824,3.1658119658119688,0.0219780219780219,-2.3418803418803416,0.8131868131868121,0.0
590312.793341059,161,0.02,0.0,0.8999999761581421,0.0,0.5649999761581421,0.0,0.0,0.0,0.005531395437552433,0.8916990920881975,0.00705729762722207,0.5266269932097369,-0.004386968795300206,-0.02574959945067512,0.017738612954909527,4.443956043956042,15.547252747252756,3.261538461538464,3.2478632478632505,0.0219780219780219,-2.3418803418803416,0.8376068376068364,0.0
590312.81334081,162,0.02,0.0,0.8999999761581421,0.0,0.5749999761581421,0.0,0.0,0.0,0.005531395437552433,0.8916990920881975,0.00705729762722207,0.5365453574425896,-0.004386968795300206,-0.02574959945067512,0.017738612954909527,4.523076923076921,15.494505494505503,3.3299145299145323,3.234188034188037,0.0219780219780219,-2.3369963369963367,0.8473748473748461,0.0
590312.833377646,163,0.02,0.0,0.8999999761581421,0.0,0.5849999761581421,0.0,0.0,0.0,0.005531395437552433,0.8916990920881975,0.00705729762722207,0.5468451972228596,-0.004386968795300206,-0.02574959945067512,0.017738612954909527,4.628571428571426,15.44175824175825,3.3982905982906004,3.2888888888888914,0.0219780219780219,-2.3369963369963367,0.8669108669108656,0.0
590312.853340073,164,0.02,0.0,0.8999999761581421,0.0,0.5949999761581422,0.0,0.0,0.0,0.005531395437552433,0.8916990920881975,0.00705729762722207,0.5571450370031297,-0.004386968795300206,-0.02574959945067512,0.017738612954909527,4.707692307692305,15.415384615384625,3.480341880341882,3.370940170940173,0.0219780219780219,-2.3369963369963367,0.8864468864468851,0.0
590312.873343074,165,0.02,0.0,0.8999999761581421,0.0,0.6049999761581422,0.0,0.0,0.0,0.005531395437552433,0.8916990920881975,0.00705729762722207,0.5674448767833997,-0.004386968795300206,-0.02574959945067512,0.017738612954909527,4.81318681318681,15.362637362637372,3.5350427350427367,3.4256410256410277,0.0219780219780219,-2.3369963369963367,0.9108669108669094,0.0
590312.89334085,166,0.02,0.0,0.8999999761581421,0.0,0.6149999761581422,0.0,0.0,0.0,0.005531395437552433,0.8916990920881975,0.00705729762722207,0.5777447165636698,-0.004386968795300206,-0.02574959945067512,0.017738612954909527,4.892307692307689,15.336263736263746,3.6170940170940185,3.521367521367523,0.026862026862026767,-2.3369963369963367,0.9206349206349191,0.0
590312.913344263,167,0.02,0.0,0.8999999761581421,0.0,0.6249999761581422,0.0,0.0,0.0,0.005531395437552433,0.8916990920881975,0.00705729762722207,0.587281605249105,-0.004386968795300206,-0.02574959945067512,0.017738612954909527,4.971428571428568,15.283516483516493,3.671794871794873,3.630769230769232,0.0219780219780219,-2.3369963369963367,0.9450549450549453,0.0
590312.933339738,168,0.02,0.0,0.8999999761581421,0.0,0.6349999761581422,0.0,0.0,0.0,0.005531395437552433,0.8916990920881975,0.00705729762722207,0.5971999694819576,-0.004386968795300206,-0.02574959945067512,0.017738612954909527,5.07692307692308,15.257142857142867,3.7538461538461547,3.6444444444444457,0.0219780219780219,-2.3369963369963367,0.9597069597069599,0.0
590312.953342573,169,0.02,0.0,0.8999999761581421,0.0,0.6449999761581422,0.0,0.0,0.0,0.005531395437552433,0.8916990920881975,0.00705729762722207,0.6067368581673929,-0.004386968795300206,-0.02574959945067512,0.017738612954909527,5.156043956043959,15.204395604395614,3.822222222222223,3.740170940170941,0.0219780219780219,-2.3369963369963367,0.9792429792429793,0.0
590312.973339185,170,0.02,0.0,0.8999999761581421,0.0,0.6549999713897705,0.0,0.0,0.0,0.005531395437552433,0.8916990920881975,0.00705729762722207,0.6162737468528281,-0.004386968795300206,-0.02574959945067512,0.017738612954909527,5.235164835164838,15.151648351648348,3.8632478632478637,3.8769230769230774,0.0219780219780219,-2.3369963369963367,0.9938949938949939,0.0
590312.993339585,171,0.02,0.0,0.8999999761581421,0.0,0.6649999713897705,0.0,0.0,0.0,0.005531395437552433,0.8916990920881975,0.00705729762722207,0.6254291599908459,-0.004386968795300206,-0.02574959945067512,0.017738612954909527,5.314285714285717,15.125274725274721,3.9452991452991455,3.890598290598291,0.03174603174603163,-2.3369963369963367,1.0085470085470085,0.0
590313.013345873,172,0.02,0.0,0.8999999761581421,0.0,0.6749999713897705,0.0,0.0,0.0,0.005531395437552433,0.8916990920881975,0.00705729762722207,0.6353475242236986,-0.004386968795300206,-0.02574959945067512,0.017738612954909527,5.393406593406596,15.072527472527469,4.027350427350427,3.9179487179487182,0.0219780219780219,-2.3369963369963367,1.0231990231990231,0.0
590313.033345318,173,0.02,0.0,0.8999999761581421,0.0,0.6849999713897705,0.0,0.0,0.0,0.005531395437552433,0.8916990920881975,0.00705729762722207,0.6448844129091338,-0.004386968795300206,-0.02574959945067512,0.017738612954909527,5.472527472527474,15.046153846153842,4.0547008547008545,4.0,0.0219780219780219,-2.3369963369963367,1.0427350427350426,0.0
590313.053352431,174,0.02,0.0,0.8999999761581421,0.0,0.6949999713897705,0.0,0.0,0.0,0.005531395437552433,0.8916990920881975,0.00705729762722207,0.6548027771419864,-0.004386968795300206,-0.02574959945067512,0.017738612954909527,5.551648351648353,14.99340659340659,4.136752136752136,4.123076923076923,0.0219780219780219,-2.3369963369963367,1.0525030525030523,0.0
590313.073343538,175,0.02,0.0,0.8999999761581421,0.0,0.7049999713897706,0.0,0.0,0.0,0.005531395437552433,0.8916990920881975,0.00705729762722207,0.6643396658274217,-0.004386968795300206,-0.02574959945067512,0.017738612954909527,5.630769230769232,14.940659340659337,4.191452991452991,4.136752136752136,0.0219780219780219,-2.3369963369963367,1.0769230769230766,0.0
590313.093341881,176,0.02,0.0,0.8999999761581421,0.0,0.7149999713897706,0.0,0.0,0.0,0.005531395437552433,0.8916990920881975,0.00705729762722207,0.6734950789654395,-0.004386968795300206,-0.02574959945067512,0.017738612954909527,5.709890109890111,14.914285714285711,4.246153846153845,4.259829059829059,0.026862026862026767,-2.3369963369963367,1.0915750915750912,0.0
590313.113341705,177,0.02,0.0,0.8999999761581421,0.0,0.7249999713897706,0.0,0.0,0.0,0.005531395437552433,0.8916990920881975,0.00705729762722207,0.6837949187457095,-0.004386968795300206,-0.02574959945067512,0.017738612954909527,5.78901098901099,14.861538461538458,4.314529914529913,4.341880341880341,0.0219780219780219,-2.3369963369963367,1.1062271062271058,0.0
590313.133341268,178,0.02,0.0,0.8999999761581421,0.0,0.7349999713897706,0.0,0.0,0.0,0.005531395437552433,0.8916990920881975,0.00705729762722207,0.6933318074311448,-0.004386968795300206,-0.02574959945067512,0.017738612954909527,5.868131868131869,14.808791208791206,4.355555555555554,4.4239316239316295,0.026862026862026767,-2.3369963369963367,1.1159951159951156,0.0
590313.153349606,179,0.02,0.0,0.8999999761581421,0.0,0.7449999713897706,0.0,0.0,0.0,0.005531395437552433,0.8916990920881975,0.00705729762722207,0.70286869611658,-0.004386968795300206,-0.02574959945067512,0.017738612954909527,5.947252747252747,14.756043956043953,4.4239316239316295,4.4239316239316295,0.026862026862026767,-2.3369963369963367,1.1306471306471302,0.0
590313.173368014,180,0.02,0.0,0.8999999761581421,0.0,0.7549999713897706,0.0,0.0,0.0,0.005531395437552433,0.8916990920881975,0.00705729762722207,0.7124055848020152,-0.004386968795300206,-0.02574959945067512,0.017738612954909527,6.026373626373626,14.7032967032967,4.492307692307698,4.492307692307698,0.0219780219780219,-2.3369963369963367,1.1452991452991448,0.0
590313.19334773,181,0.02,0.0,0.8999999761581421,0.0,0.7649999713897706,0.0,0.0,0.0,0.005531395437552433,0.8916990920881975,0.00705729762722207,0.7223239490348679,-0.004386968795300206,-0.02574959945067512,0.017738612954909527,6.105494505494505,14.650549450549448,4.547008547008552,4.5333333333333385,0.0219780219780219,-2.3369963369963367,1.1648351648351642,0.0
590313.213337948,182,0.02,0.0,0.8999999761581421,0.0,0.7749999713897706,0.0,0.0,0.0,0.005531395437552433,0.8916990920881975,0.00705729762722207,0.7330052643625553,-0.004386968795300206,-0.02574959945067512,0.017738612954909527,6.184615384615384,14.597802197802196,4.61538461538462,4.560683760683766,0.0219780219780219,-2.3369963369963367,1.1794871794871788,0.0
590313.233342512,183,0.02,0.0,0.8999999761581421,0.0,0.7849999713897706,0.0,0.0,0.0,0.005531395437552433,0.8916990920881975,0.00705729762722207,0.742923628595408,-0.004386968795300206,-0.02574959945067512,0.017738612954909527,6.263736263736263,14.545054945054943,4.656410256410261,4.547008547008552,0.0219780219780219,-2.3369963369963367,1.1941391941391934,0.0
590313.253336885,184,0.02,0.0,0.8999999761581421,0.0,0.7949999713897706,0.0,0.0,0.0,0.005149919890135024,0.8916990920881975,0.00705729762722207,0.7528419928282606,-0.004386968795300206,-0.02574959945067512,0.017738612954909527,6.342857142857142,14.518681318681317,4.724786324786329,4.642735042735048,0.026862026862026767,-2.3369963369963367,1.208791208791208,0.0
590313.2733455,185,0.02,0.0,0.8999999761581421,0.0,0.8049999713897706,0.0,0.0,0.0,0.005149919890135024,0.8916990920881975,0.00705729762722207,0.7627603570611132,-0.004386968795300206,-0.02574959945067512,0.017738612954909527,6.4219780219780205,14.439560439560438,4.7931623931623974,4.683760683760688,0.0219780219780219,-2.332112332112332,1.2234432234432226,0.0
590313.293340748,186,0.02,0.0,0.8999999761581421,0.0,0.8149999713897706,0.0,0.0,0.0,0.005149919890135024,0.8916990920881975,0.00705729762722207,0.7722972457465485,-0.004386968795300206,-0.02574959945067512,0.017738612954909527,6.501098901098899,14.413186813186812,4.847863247863252,4.7931623931623974,0.0219780219780219,-2.3369963369963367,1.2380952380952372,0.0
590313.313340081,187,0.02,0.0,0.8999999761581421,0.0,0.8249999713897707,0.0,0.0,0.0,0.005149919890135024,0.8916990920881975,0.00705729762722207,0.7825970855268185,-0.004386968795300206,-0.02574959945067512,0.017738612954909527,6.553846153846152,14.334065934065933,4.9025641025641065,4.752136752136757,0.0219780219780219,-2.3418803418803416,1.2576312576312567,0.0
590313.333337383,188,0.02,0.0,0.8999999761581421,0.0,0.8349999713897707,0.0,0.0,0.0,0.005149919890135024,0.8916990920881975,0.00705729762722207,0.7928969253070886,-0.004386968795300206,-0.02574959945067512,0.017738612954909527,6.632967032967031,14.28131868131868,4.957264957264961,4.7931623931623974,0.0219780219780219,-2.3418803418803416,1.2673992673992664,0.0
590313.353333992,189,0.02,0.0,0.8999999761581421,0.0,0.8449999713897707,0.0,0.0,0.0,0.005149919890135024,0.8916990920881975,0.00705729762722207,0.803578240634776,-0.004386968795300206,-0.02574959945067512,0.017738612954909527,6.71208791208791,14.228571428571428,5.0119658119658155,4.847863247863252,0.017094017094017033,-2.3369963369963367,1.282051282051281,0.0
590313.373339172,190,0.02,0.0,0.8999999761581421,0.0,0.8549999713897707,0.0,0.0,0.0,0.005149919890135024,0.8916990920881975,0.00705729762722207,0.8134966048676286,-0.004386968795300206,-0.02574959945067512,0.017738612954909527,6.791208791208788,14.175824175824175,5.06666666666667,4.888888888888893,0.0219780219780219,-2.3369963369963367,1.3015873015873005,0.0
590313.393570414,191,0.02,0.0,0.8999999761581421,0.0,0.8649999713897707,0.0,0.0,0.0,0.005149919890135024,0.8916990920881975,0.00705729762722207,0.8237964446478987,-0.004386968795300206,-0.02574959945067512,0.017738612954909527,6.843956043956041,14.123076923076923,5.135042735042738,4.984615384615388,0.026862026862026767,-2.3369963369963367,1.3162393162393151,0.0
590313.413341256,192,0.02,0.0,0.8999999761581421,0.0,0.8749999713897707,0.0,0.0,0.0,0.005149919890135024,0.8916990920881975,0.00705729762722207,0.8333333333333339,-0.004386968795300206,-0.02574959945067512,0.017738612954909527,6.92307692307692,14.07032967032967,5.189743589743593,4.943589743589747,0.0219780219780219,-2.3369963369963367,1.3260073260073248,0.0
590313.433346769,193,0.02,0.0,0.8999999761581421,0.0,0.8849999713897707,0.0,0.0,0.0,0.005149919890135024,0.8916990920881975,0.00705729762722207,0.8428702220187692,-0.004386968795300206,-0.02574959945067512,0.017738612954909527,7.002197802197799,13.991208791208791,5.244444444444447,5.025641025641029,0.017094017094017033,-2.3369963369963367,1.3406593406593394,0.0
590313.453314824,194,0.02,0.0,0.8999999761581421,0.0,0.8949999713897707,0.0,0.0,0.0,0.005149919890135024,0.8916990920881975,0.00705729762722207,0.8524071107042044,-0.004386968795300206,-0.02574959945067512,0.017738612954909527,7.054945054945051,13.938461538461539,5.285470085470088,5.080341880341884,0.0219780219780219,-2.3369963369963367,1.3504273504273492,0.0
590313.473347685,195,0.02,0.0,0.8999999761581421,0.0,0.9049999713897705,0.0,0.0,0.0,0.005149919890135024,0.8916990920881975,0.00705729762722207,0.8634699015793093,-0.004386968795300206,-0.02574959945067512,0.017738612954909527,7.13406593406593,13.885714285714286,5.353846153846156,5.1213675213675245,0.017094017094017033,-2.3418803418803416,1.3699633699633686,0.0
590313.49346548,196,0.02,0.0,0.8999999761581421,0.0,0.9149999713897705,0.0,0.0,0.0,0.005149919890135024,0.8916990920881975,0.00705729762722207,0.8733882658121619,-0.004386968795300206,-0.02574959945067512,0.017738612954909527,7.186813186813183,13.832967032967034,5.408547008547011,5.135042735042738,0.0219780219780219,-2.3418803418803416,1.3797313797313784,0.0
590313.513343613,197,0.02,0.0,0.8999999761581421,0.0,0.9249999713897705,0.0,0.0,0.0,0.005149919890135024,0.8916990920881975,0.00705729762722207,0.8829251544975971,-0.004386968795300206,-0.02574959945067512,0.017738612954909527,7.265934065934061,13.780219780219781,5.4495726495726515,5.244444444444447,0.0219780219780219,-2.3369963369963367,1.394383394383393,0.0
590313.533380369,198,0.02,0.0,0.8999999761581421,0.0,0.9349999713897705,0.0,0.0,0.0,0.005149919890135024,0.8916990920881975,0.00705729762722207,0.8924620431830323,-0.004386968795300206,-0.02574959945067512,0.017738612954909527,7.34505494505494,13.701098901098902,5.504273504273506,5.326495726495729,0.0219780219780219,-2.3369963369963367,1.4041514041514027,0.0
590313.553330705,199,0.02,0.0,0.8999999761581421,0.0,0.9449999713897705,0.0,0.0,0.0,0.005149919890135024,0.8916990920881975,0.00705729762722207,0.902380407415885,-0.004386968795300206,-0.02574959945067512,0.017738612954909527,7.397802197802193,13.64835164835165,5.572649572649574,5.435897435897438,0.017094017094017033,-2.3418803418803416,1.4236874236874222,0.0
590313.573343656,200,0.02,0.0,0.8999999761581421,0.0,0.9549999713897706,0.0,0.0,0.0,0.005149919890135024,0.8916990920881975,0.00705729762722207,0.9115358205539028,-0.004386968795300206,-0.02574959945067512,0.017738612954909527,7.450549450549445,13.595604395604397,5.600000000000001,5.353846153846156,0.0219780219780219,-2.3369963369963367,1.428571428571427,0.0
590313.593349018,201,0.02,0.0,0.8999999761581421,0.0,0.9649999713897706,0.0,0.0,0.0,0.005149919890135024,0.8916990920881975,0.00705729762722207,0.9214541847867554,-0.004386968795300206,-0.02574959945067512,0.017738612954909527,7.529670329670324,13.516483516483518,5.6683760683760696,5.4495726495726515,0.0219780219780219,-2.3418803418803416,1.4432234432234416,0.0
590313.613340832,202,0.02,0.0,0.8999999761581421,0.0,0.9749999713897706,0.0,0.0,0.0,0.005149919890135024,0.8916990920881975,0.00705729762722207,0.9313725490196081,-0.004386968795300206,-0.02536812390325771,0.017738612954909527,7.608791208791203,13.463736263736266,5.695726495726497,5.490598290598292,0.0219780219780219,-2.3369963369963367,1.4578754578754562,0.0
590313.633341551,203,0.02,0.0,0.8999999761581421,0.0,0.9849999713897706,0.0,0.0,0.0,0.005149919890135024,0.8916990920881975,0.00705729762722207,0.9409094377050433,-0.004386968795300206,-0.02536812390325771,0.017738612954909527,7.635164835164829,13.410989010989013,5.764102564102565,5.6683760683760696,0.017094017094017033,-2.3418803418803416,1.467643467643466,0.0
590313.653341834,204,0.02,0.0,0.8999999761581421,0.0,0.9949999713897706,0.0,0.0,0.0,0.005149919890135024,0.8916990920881975,0.00705729762722207,0.950827801937896,-0.004386968795300206,-0.02536812390325771,0.017738612954909527,7.714285714285708,13.35824175824176,5.791452991452992,5.6683760683760696,0.0219780219780219,-2.3369963369963367,1.4822954822954806,0.0
590313.673320103,205,0.02,0.0,0.8999999761581421,0.0,1.0049999713897706,0.0,0.0,0.0,0.005149919890135024,0.8916990920881975,0.00705729762722207,0.9607461661707486,-0.004386968795300206,-0.02536812390325771,0.017738612954909527,7.767032967032961,13.279120879120882,5.846153846153847,5.695726495726497,0.0219780219780219,-2.3418803418803416,1.4920634920634903,0.0
590313.693335679,206,0.02,0.0,0.8999999761581421,0.0,1.0149999713897706,0.0,0.0,0.0,0.005149919890135024,0.8916990920881975,0.00705729762722207,0.9699015793087664,-0.004386968795300206,-0.02536812390325771,0.017738612954909527,7.819780219780213,13.22637362637363,5.873504273504274,5.805128205128206,0.0219780219780219,-2.3369963369963367,1.5115995115995098,0.0
590313.713340798,207,0.02,0.0,0.8999999761581421,0.0,1.0249999713897706,0.0,0.0,0.0,0.005149919890135024,0.8916990920881975,0.00705729762722207,0.9802014190890365,-0.004386968795300206,-0.02536812390325771,0.017738612954909527,7.872527472527466,13.14725274725275,5.9282051282051285,5.791452991452992,0.0219780219780219,-2.3418803418803416,1.5164835164835146,0.0
590313.733331008,208,0.02,0.0,0.8999999761581421,0.0,1.034999966621399,0.0,0.0,0.0,0.005149919890135024,0.8916990920881975,0.00705729762722207,0.9897383077744717,-0.004386968795300206,-0.02536812390325771,0.017738612954909527,7.951648351648345,13.094505494505498,5.982905982905983,5.85982905982906,0.017094017094017033,-2.3418803418803416,1.5262515262515244,0.0
590313.753337634,209,0.02,0.0,0.8999999761581421,0.0,1.0449999570846558,0.0,0.0,0.0,0.005149919890135024,0.8916990920881975,0.00705729762722207,0.9992751964599069,-0.004386968795300206,-0.02536812390325771,0.017738612954909527,8.004395604395597,13.041758241758245,6.023931623931624,5.805128205128206,0.0219780219780219,-2.3418803418803416,1.5360195360195341,0.0
590313.773340509,210,0.02,0.0,0.8999999761581421,0.0,1.0549999475479126,0.0,0.0,0.0,0.005149919890135024,0.8916990920881975,0.00705729762722207,1.0099565117875944,-0.004386968795300206,-0.02536812390325771,0.017738612954909527,8.05714285714285,12.962637362637366,6.092307692307692,5.791452991452992,0.0219780219780219,-2.3418803418803416,1.5457875457875438,0.0
590313.793339009,211,0.02,0.0,0.8999999761581421,0.0,1.0649999475479126,0.0,0.0,0.0,0.005149919890135024,0.8916990920881975,0.00705729762722207,1.0202563515678644,-0.004386968795300206,-0.02536812390325771,0.017738612954909527,8.109890109890102,12.909890109890114,6.119658119658119,5.969230769230769,0.0219780219780219,-2.3369963369963367,1.5604395604395584,0.0
590313.813359195,212,0.02,0.0,0.8999999761581421,0.0,1.0749999475479126,0.0,0.0,0.0,0.005149919890135024,0.8916990920881975,0.00705729762722207,1.030174715800717,-0.004386968795300206,-0.02536812390325771,0.017738612954909527,8.162637362637355,12.830769230769235,6.147008547008554,5.996581196581197,0.0219780219780219,-2.3418803418803416,1.5750915750915766,0.0
590313.833346652,213,0.02,0.0,0.8999999761581421,0.0,1.0849999475479126,0.0,0.0,0.0,0.005149919890135024,0.8916990920881975,0.00705729762722207,1.0397116044861523,-0.004386968795300206,-0.02536812390325771,0.017738612954909527,8.215384615384608,12.778021978021982,6.174358974358981,6.023931623931624,0.0219780219780219,-2.3369963369963367,1.5799755799755815,0.0
590313.853339992,214,0.02,0.0,0.8999999761581421,0.0,1.0949999475479126,0.0,0.0,0.0,0.005149919890135024,0.8916990920881975,0.00705729762722207,1.0500114442664223,-0.004386968795300206,-0.02536812390325771,0.017738612954909527,8.26813186813186,12.698901098901104,6.256410256410263,6.0376068376068375,0.0219780219780219,-2.3418803418803416,1.594627594627596,0.0
590313.873335052,215,0.02,0.0,0.8999999761581421,0.0,1.1049999475479126,0.0,0.0,0.0,0.005149919890135024,0.8916990920881975,0.00705729762722207,1.0595483329518576,-0.004386968795300206,-0.02536812390325771,0.017738612954909527,8.320879120879113,12.619780219780225,6.28376068376069,6.064957264957265,0.0219780219780219,-2.3369963369963367,1.6043956043956058,0.0
590313.89334067,216,0.02,0.0,0.8999999761581421,0.0,1.1149999475479127,0.0,0.0,0.0,0.005149919890135024,0.8916990920881975,0.00705729762722207,1.0694666971847102,-0.004386968795300206,-0.02536812390325771,0.017738612954909527,8.373626373626365,12.567032967032972,6.338461538461544,6.147008547008554,0.017094017094017033,-2.3418803418803416,1.6043956043956058,0.0
590313.913341082,217,0.02,0.0,0.8999999761581421,0.0,1.1249999475479127,0.0,0.0,0.0,0.005149919890135024,0.8916990920881975,0.00705729762722207,1.0793850614175629,-0.004386968795300206,-0.02536812390325771,0.017738612954909527,8.426373626373618,12.487912087912093,6.365811965811972,6.0376068376068375,0.0219780219780219,-2.3418803418803416,1.6239316239316253,0.0
590313.933340848,218,0.02,0.0,0.8999999761581421,0.0,1.1349999475479127,0.0,0.0,0.0,0.005149919890135024,0.8916990920881975,0.00705729762722207,1.089684901197833,-0.004386968795300206,-0.02536812390325771,0.017738612954909527,8.479120879120885,12.43516483516484,6.393162393162399,6.064957264957265,0.0219780219780219,-2.3369963369963367,1.633699633699635,0.0
590313.953393608,219,0.02,0.0,0.8999999761581421,0.0,1.1449999475479127,0.0,0.0,0.0,0.005149919890135024,0.8916990920881975,0.00705729762722207,1.099984740978103,-0.004386968795300206,-0.02536812390325771,0.017738612954909527,8.558241758241763,12.356043956043962,6.43418803418804,6.1880341880341945,0.017094017094017033,-2.3467643467643473,1.6385836385836399,0.0
590313.973415718,220,0.02,0.0,0.8999999761581421,0.0,1.1549999475479127,0.0,0.0,0.0,0.005149919890135024,0.8916990920881975,0.00705729762722207,1.1099031052109556,-0.004386968795300206,-0.02536812390325771,0.017738612954909527,8.58461538461539,12.30329670329671,6.475213675213681,6.256410256410263,0.012210012210012167,-2.3418803418803416,1.6532356532356545,0.0
590313.993335482,221,0.02,0.0,0.8999999761581421,0.0,1.1649999475479127,0.0,0.0,0.0,0.005149919890135024,0.8916990920881975,0.00705729762722207,1.1190585183489734,-0.004386968795300206,-0.02536812390325771,0.017738612954909527,8.610989010989016,12.22417582417583,6.5162393162393215,6.311111111111117,0.017094017094017033,-2.3467643467643473,1.6581196581196593,0.0
590314.013324658,222,0.02,0.0,0.8999999761581421,0.0,1.1749999475479127,0.0,0.0,0.0,0.005149919890135024,0.8916990920881975,0.00705729762722207,1.1293583581292435,-0.004386968795300206,-0.02536812390325771,0.017738612954909527,8.690109890109895,12.145054945054952,6.557264957264962,6.338461538461544,0.026862026862026767,-2.3369963369963367,1.6630036630036642,0.0
590314.03333567,223,0.02,0.0,0.8999999761581421,0.0,1.184999942779541,0.0,0.0,0.0,0.005149919890135024,0.8916990920881975,0.00705729762722207,1.1385137712672613,-0.004386968795300206,-0.02536812390325771,0.017738612954909527,8.742857142857147,12.065934065934073,6.58461538461539,6.420512820512826,0.017094017094017033,-2.3418803418803416,1.6776556776556788,0.0
590314.053396106,224,0.02,0.0,0.8999999761581421,0.0,1.194999942779541,0.0,0.0,0.0,0.005149919890135024,0.8916990920881975,0.00705729762722207,1.147669184405279,-0.004386968795300206,-0.02536812390325771,0.017738612954909527,8.7956043956044,12.01318681318682,6.6256410256410305,6.43418803418804,0.0219780219780219,-2.3418803418803416,1.6825396825396837,0.0
590314.073351696,225,0.02,0.0,0.8999999761581421,0.0,1.204999942779541,0.0,0.0,0.0,0.005149919890135024,0.8916990920881975,0.00705729762722207,1.1575875486381317,-0.004386968795300206,-0.024986648355840302,0.017738612954909527,8.821978021978026,11.934065934065941,6.652991452991458,6.338461538461544,0.0219780219780219,-2.3467643467643473,1.6923076923076934,0.0
590314.093340906,226,0.02,0.0,0.8999999761581421,0.0,1.214999942779541,0.0,0.0,0.0,0.005149919890135024,0.8916990920881975,0.00705729762722207,1.1682688639658192,-0.004386968795300206,-0.024986648355840302,0.017738612954909527,8.874725274725279,11.854945054945063,6.694017094017099,6.461538461538467,0.017094017094017033,-2.3467643467643473,1.7020757020757031,0.0
590314.11333545,227,0.02,0.0,0.8999999761581421,0.0,1.224999942779541,0.0,0.0,0.0,0.005149919890135024,0.8916990920881975,0.00705729762722207,1.178568703746091,-0.004386968795300206,-0.024986648355840302,0.017738612954909527,8.901098901098905,11.802197802197796,6.707692307692312,6.529914529914535,0.017094017094017033,-2.3467643467643473,1.7167277167277177,0.0
590314.133339885,228,0.02,0.0,0.8999999761581421,0.0,1.234999942779541,0.0,0.0,0.0,0.005149919890135024,0.8916990920881975,0.00705729762722207,1.1877241168841088,-0.004386968795300206,-0.024986648355840302,0.017357137407492118,8.953846153846158,11.723076923076917,6.748717948717953,6.611965811965817,0.0219780219780219,-2.3418803418803416,1.7216117216117226,0.0
590314.153340154,229,0.02,0.0,0.8999999761581421,0.0,1.244999942779541,0.0,0.0,0.0,0.005149919890135024,0.8916990920881975,0.00705729762722207,1.1976424811169615,-0.004386968795300206,-0.024986648355840302,0.017357137407492118,8.980219780219784,11.643956043956038,6.762393162393167,6.694017094017099,0.0219780219780219,-2.3369963369963367,1.7216117216117226,0.0
590314.173332169,230,0.02,0.0,0.8999999761581421,0.0,1.254999942779541,0.0,0.0,0.0,0.005149919890135024,0.8916990920881975,0.00705729762722207,1.2075608453498141,-0.004386968795300206,-0.024986648355840302,0.017357137407492118,9.032967032967036,11.56483516483516,6.803418803418808,6.611965811965817,0.026862026862026767,-2.3369963369963367,1.7313797313797323,0.0
590314.193344852,231,0.02,0.0,0.8999999761581421,0.0,1.264999942779541,0.0,0.0,0.0,0.005149919890135024,0.8916990920881975,0.00705729762722207,1.216716258487832,-0.004386968795300206,-0.024986648355840302,0.017738612954909527,9.059340659340663,11.512087912087907,6.830769230769235,6.817094017094021,0.0219780219780219,-2.3369963369963367,1.7362637362637372,0.0
590314.213351024,232,0.02,0.0,0.8999999761581421,0.0,1.274999942779541,0.0,0.0,0.0,0.005149919890135024,0.8916990920881975,0.00705729762722207,1.2266346227206846,-0.004386968795300206,-0.024986648355840302,0.017738612954909527,9.085714285714289,11.432967032967028,6.871794871794876,6.707692307692312,0.017094017094017033,-2.3418803418803416,1.7509157509157518,0.0
590314.233339829,233,0.02,0.0,0.8999999761581421,0.0,1.284999942779541,0.0,0.0,0.0,0.005149919890135024,0.8916990920881975,0.00705729762722207,1.2365529869535372,-0.004386968795300206,-0.024986648355840302,0.017738612954909527,9.138461538461542,11.353846153846149,6.885470085470089,6.680341880341885,0.026862026862026767,-2.3418803418803416,1.7509157509157518,0.0
590314.253343345,234,0.02,0.0,0.8999999761581421,0.0,1.2949999427795411,0.0,0.0,0.0,0.005149919890135024,0.8920805676356149,0.00705729762722207,1.2464713511863899,-0.004386968795300206,-0.024986648355840302,0.017357137407492118,9.164835164835168,11.301098901098896,6.912820512820517,6.77606837606838,0.017094017094017033,-2.3467643467643473,1.7655677655677664,0.0
590314.27334124,235,0.02,0.0,0.8999999761581421,0.0,1.3049999427795411,0.0,0.0,0.0,0.005149919890135024,0.8920805676356149,0.00705729762722207,1.2563897154192425,-0.004386968795300206,-0.024986648355840302,0.017357137407492118,9.191208791208794,11.221978021978018,6.940170940170944,6.803418803418808,0.0219780219780219,-2.3418803418803416,1.7704517704517713,0.0
590314.293338528,236,0.02,0.0,0.8999999761581421,0.0,1.3149999427795411,0.0,0.0,0.0,0.005149919890135024,0.8920805676356149,0.00705729762722207,1.2663080796520951,-0.004386968795300206,-0.024986648355840302,0.017357137407492118,9.243956043956047,11.142857142857139,6.994871794871798,6.940170940170944,0.026862026862026767,-2.3467643467643473,1.7704517704517713,0.0
590314.313373425,237,0.02,0.0,0.8999999761581421,0.0,1.3249999427795411,0.0,0.0,0.0,0.005149919890135024,0.8920805676356149,0.00705729762722207,1.2762264438849478,-0.004386968795300206,-0.024986648355840302,0.017357137407492118,9.270329670329673,11.06373626373626,7.008547008547012,6.871794871794876,0.0219780219780219,-2.3369963369963367,1.780219780219781,0.0
590314.333340448,238,0.02,0.0,0.8999999761581421,0.0,1.3349999427795411,0.0,0.0,0.0,0.005149919890135024,0.8920805676356149,0.00705729762722207,1.2853818570229656,-0.004386968795300206,-0.024986648355840302,0.017357137407492118,9.2967032967033,11.010989010989007,7.022222222222226,6.953846153846158,0.0219780219780219,-2.3369963369963367,1.7851037851037859,0.0
590314.353340225,239,0.02,0.0,0.8999999761581421,0.0,1.3449999427795412,0.0,0.0,0.0,0.005149919890135024,0.8920805676356149,0.00705729762722207,1.2949187457084008,-0.004386968795300206,-0.024986648355840302,0.017357137407492118,9.323076923076925,10.931868131868129,7.049572649572653,6.981196581196585,0.026862026862026767,-2.3418803418803416,1.7899877899877907,0.0
590314.373351982,240,0.02,0.0,0.8999999761581421,0.0,1.3549999427795412,0.0,0.0,0.0,0.005149919890135024,0.8920805676356149,0.00705729762722207,1.3052185854886709,-0.004386968795300206,-0.024986648355840302,0.017357137407492118,9.349450549450552,10.85274725274725,7.07692307692308,6.871794871794876,0.0219780219780219,-2.3418803418803416,1.7997557997558005,0.0
590314.393944916,241,0.02,0.0,0.8999999761581421,0.0,1.3649999427795412,0.0,0.0,0.0,0.005149919890135024,0.8920805676356149,0.00705729762722207,1.314755474174106,-0.004386968795300206,-0.024986648355840302,0.017357137407492118,9.375824175824178,10.77362637362637,7.090598290598294,6.953846153846158,0.017094017094017033,-2.3418803418803416,1.8046398046398053,0.0
590314.413477821,242,0.02,0.0,0.8999999761581421,0.0,1.3749999427795412,0.0,0.0,0.0,0.005149919890135024,0.8920805676356149,0.00705729762722207,1.325818265049211,-0.004768444342717615,-0.024605172808422893,0.017357137407492118,9.402197802197804,10.694505494505492,7.145299145299148,6.953846153846158,0.0219780219780219,-2.3467643467643473,1.814407814407815,0.0
590314.433371229,243,0.02,0.0,0.8999999761581421,0.0,1.3849999427795412,0.0,0.0,0.0,0.005149919890135024,0.8920805676356149,0.00705729762722207,1.3353551537346462,-0.004768444342717615,-0.024605172808422893,0.017357137407492118,9.42857142857143,10.615384615384613,7.145299145299148,7.008547008547012,0.017094017094017033,-2.3418803418803416,1.814407814407815,0.0
590314.453346444,244,0.02,0.0,0.8999999761581421,0.0,1.3949999427795412,0.0,0.0,0.0,0.005149919890135024,0.8920805676356149,0.00705729762722207,1.3452735179674988,-0.004768444342717615,-0.024605172808422893,0.017357137407492118,9.454945054945057,10.536263736263734,7.158974358974362,7.158974358974362,0.017094017094017033,-2.3418803418803416,1.814407814407815,0.0
590314.47333749,245,0.02,0.0,0.8999999761581421,0.0,1.4049999427795412,0.0,0.0,0.0,0.005149919890135024,0.8920805676356149,0.00705729762722207,1.3544289311055167,-0.004768444342717615,-0.024605172808422893,0.017357137407492118,9.454945054945057,10.43076923076923,7.186324786324789,7.063247863247867,0.026862026862026767,-2.3467643467643473,1.8241758241758248,0.0
590314.493339579,246,0.02,0.0,0.8999999761581421,0.0,1.4149999427795412,0.0,0.0,0.0,0.005149919890135024,0.8920805676356149,0.00705729762722207,1.363202868696117,-0.004768444342717615,-0.024605172808422893,0.017357137407492118,9.50769230769231,10.378021978021977,7.200000000000003,7.008547008547012,0.0219780219780219,-2.3369963369963367,1.8241758241758248,0.0
590314.51334887,247,0.02,0.0,0.8999999761581421,0.0,1.4249999427795412,0.0,0.0,0.0,0.005149919890135024,0.8920805676356149,0.00705729762722207,1.3731212329289697,-0.004768444342717615,-0.024605172808422893,0.017738612954909527,9.534065934065936,10.298901098901098,7.22735042735043,7.1042735042735075,0.0219780219780219,-2.3418803418803416,1.8290598290598297,0.0
590314.533343053,248,0.02,0.0,0.8999999761581421,0.0,1.434999942779541,0.0,0.0,0.0,0.005149919890135024,0.8920805676356149,0.00705729762722207,1.3838025482566572,-0.004768444342717615,-0.024605172808422893,0.017738612954909527,9.560439560439562,10.246153846153845,7.22735042735043,7.008547008547012,0.017094017094017033,-2.3467643467643473,1.8290598290598297,0.0
590314.553335968,249,0.02,0.0,0.8999999761581421,0.0,1.444999942779541,0.0,0.0,0.0,0.005149919890135024,0.8920805676356149,0.00705729762722207,1.3937209124895098,-0.004768444342717615,-0.024605172808422893,0.017357137407492118,9.586813186813188,10.167032967032966,7.254700854700857,7.131623931623935,0.0219780219780219,-2.3467643467643473,1.8388278388278394,0.0
590314.573389845,250,0.02,0.0,0.8999999761581421,0.0,1.454999942779541,0.0,0.0,0.0,0.005149919890135024,0.8920805676356149,0.00705729762722207,1.4040207522697798,-0.004768444342717615,-0.024605172808422893,0.017357137407492118,9.613186813186815,10.087912087912088,7.254700854700857,7.158974358974362,0.0219780219780219,-2.351648351648352,1.8437118437118443,0.0
590314.593346322,251,0.02,0.0,0.8999999761581421,0.0,1.464999942779541,0.0,0.0,0.0,0.004768444342717615,0.8920805676356149,0.00705729762722207,1.413557640955215,-0.004768444342717615,-0.024605172808422893,0.017357137407492118,9.613186813186815,10.008791208791209,7.282051282051285,7.268376068376071,0.0219780219780219,-2.3467643467643473,1.8437118437118443,0.0
590314.613351956,252,0.02,0.0,0.8999999761581421,0.0,1.474999942779541,0.0,0.0,0.0,0.004768444342717615,0.8920805676356149,0.00705729762722207,1.4234760051880677,-0.004768444342717615,-0.024605172808422893,0.017357137407492118,9.63956043956044,9.92967032967033,7.295726495726498,7.336752136752139,0.026862026862026767,-2.3467643467643473,1.8485958485958491,0.0
590314.633346868,253,0.02,0.0,0.8999999761581421,0.0,1.484999942779541,0.0,0.0,0.0,0.004768444342717615,0.8920805676356149,0.00705729762722207,1.4322499427786681,-0.004768444342717615,-0.024605172808422893,0.017357137407492118,9.665934065934067,9.850549450549451,7.309401709401712,7.295726495726498,0.0219780219780219,-2.3467643467643473,1.853479853479854,0.0
590314.653344674,254,0.02,0.0,0.8999999761581421,0.0,1.494999942779541,0.0,0.0,0.0,0.004768444342717615,0.8920805676356149,0.00705729762722207,1.4410238803692685,-0.004768444342717615,-0.024605172808422893,0.017357137407492118,9.665934065934067,9.771428571428572,7.309401709401712,7.405128205128207,0.0219780219780219,-2.3467643467643473,1.853479853479854,0.0
590314.673344421,255,0.02,0.0,0.8999999761581421,0.0,1.504999942779541,0.0,0.0,0.0,0.004768444342717615,0.8920805676356149,0.00705729762722207,1.451705195696956,-0.004768444342717615,-0.024605172808422893,0.017357137407492118,9.665934065934067,9.692307692307693,7.336752136752139,7.268376068376071,0.0219780219780219,-2.3418803418803416,1.8583638583638589,0.0
590314.69333855,256,0.02,0.0,0.8999999761581421,0.0,1.514999942779541,0.0,0.0,0.0,0.004768444342717615,0.8920805676356149,0.00705729762722207,1.4616235599298086,-0.004768444342717615,-0.024605172808422893,0.017357137407492118,9.71868131868132,9.613186813186815,7.350427350427353,7.282051282051285,0.0219780219780219,-2.3467643467643473,1.853479853479854,0.0
590314.713339243,257,0.02,0.0,0.8999999761581421,0.0,1.524999942779541,0.0,0.0,0.0,0.004768444342717615,0.8920805676356149,0.00705729762722207,1.472304875257496,-0.004768444342717615,-0.024223697261005483,0.017357137407492118,9.71868131868132,9.534065934065936,7.350427350427353,7.309401709401712,0.026862026862026767,-2.3418803418803416,1.8632478632478637,0.0
590314.733338997,258,0.02,0.0,0.8999999761581421,0.0,1.534999942779541,0.0,0.0,0.0,0.004768444342717615,0.8920805676356149,0.00705729762722207,1.481460288395514,-0.004768444342717615,-0.024223697261005483,0.017357137407492118,9.71868131868132,9.454945054945057,7.336752136752139,7.350427350427353,0.026862026862026767,-2.351648351648352,1.8632478632478637,0.0
590314.753340816,259,0.02,0.0,0.8999999761581421,0.0,1.5449999427795411,0.0,0.0,0.0,0.004768444342717615,0.8920805676356149,0.00705729762722207,1.4913786526283666,-0.004768444342717615,-0.024223697261005483,0.017357137407492118,9.745054945054946,9.375824175824178,7.364102564102566,7.500854700854703,0.0219780219780219,-2.3467643467643473,1.8632478632478637,0.0
590314.773336921,260,0.02,0.0,0.8999999761581421,0.0,1.5549999427795411,0.0,0.0,0.0,0.004768444342717615,0.8920805676356149,0.00705729762722207,1.5009155413138018,-0.004768444342717615,-0.024223697261005483,0.017357137407492118,9.745054945054946,9.2967032967033,7.37777777777778,7.4324786324786345,0.026862026862026767,-2.3467643467643473,1.8730158730158735,0.0
590314.793379733,261,0.02,0.0,0.8999999761581421,0.0,1.5649999427795411,0.0,0.0,0.0,0.004768444342717615,0.8920805676356149,0.00705729762722207,1.510452429999237,-0.004768444342717615,-0.024223697261005483,0.01697566186007471,9.745054945054946,9.21758241758242,7.391452991452994,7.596581196581198,0.0219780219780219,-2.3467643467643473,1.8730158730158735,0.0
590314.813357326,262,0.02,0.0,0.8999999761581421,0.0,1.5749999427795411,0.0,0.0,0.0,0.004768444342717615,0.8920805676356149,0.00705729762722207,1.5199893186846722,-0.004768444342717615,-0.024223697261005483,0.017357137407492118,9.745054945054946,9.164835164835168,7.405128205128207,7.459829059829062,0.026862026862026767,-2.3467643467643473,1.8730158730158735,0.0
590314.833346465,263,0.02,0.0,0.8999999761581421,0.0,1.5849999427795411,0.0,0.0,0.0,0.004768444342717615,0.8920805676356149,0.00705729762722207,1.5299076829175249,-0.005149919890135024,-0.024223697261005483,0.017357137407492118,9.745054945054946,9.059340659340663,7.391452991452994,7.446153846153848,0.026862026862026767,-2.3467643467643473,1.8632478632478637,0.0
590314.853348315,264,0.02,0.0,0.8999999761581421,0.0,1.5949999427795412,0.0,0.0,0.0,0.004768444342717615,0.8920805676356149,0.00705729762722207,1.5405889982452123,-0.005149919890135024,-0.024223697261005483,0.01697566186007471,9.771428571428572,9.00659340659341,7.391452991452994,7.514529914529916,0.026862026862026767,-2.3467643467643473,1.8730158730158735,0.0
590314.873368562,265,0.02,0.0,0.8999999761581421,0.0,1.6049999427795412,0.0,0.0,0.0,0.004768444342717615,0.8920805676356149,0.00705729762722207,1.5501258869306476,-0.005149919890135024,-0.024223697261005483,0.01697566186007471,9.771428571428572,8.927472527472531,7.418803418803421,7.405128205128207,0.026862026862026767,-2.3467643467643473,1.8730158730158735,0.0
590314.893363813,266,0.02,0.0,0.8999999761581421,0.0,1.6149999427795412,0.0,0.0,0.0,0.004768444342717615,0.8920805676356149,0.00705729762722207,1.5596627756160828,-0.005149919890135024,-0.024223697261005483,0.01697566186007471,9.797802197802199,8.821978021978026,7.418803418803421,7.582905982905984,0.03174603174603163,-2.351648351648352,1.8730158730158735,0.0
590314.913344888,267,0.02,0.0,0.8999999761581421,0.0,1.6249999427795412,0.0,0.0,0.0,0.004768444342717615,0.8920805676356149,0.00705729762722207,1.5699626153963528,-0.005149919890135024,-0.024223697261005483,0.01697566186007471,9.771428571428572,8.769230769230774,7.418803418803421,7.582905982905984,0.026862026862026767,-2.351648351648352,1.8778998778998783,0.0
590314.93334437,268,0.02,0.0,0.8999999761581421,0.0,1.6349999427795412,0.0,0.0,0.0,0.004768444342717615,0.8920805676356149,0.00705729762722207,1.5791180285343707,-0.005149919890135024,-0.024223697261005483,0.01697566186007471,9.797802197802199,8.663736263736268,7.4324786324786345,7.623931623931625,0.026862026862026767,-2.3467643467643473,1.8778998778998783,0.0
590314.953345797,269,0.02,0.0,0.8999999761581421,0.0,1.6449999427795412,0.0,0.0,0.0,0.004768444342717615,0.8920805676356149,0.00705729762722207,1.588654917219806,-0.005149919890135024,-0.024223697261005483,0.01697566186007471,9.797802197802199,8.58461538461539,7.418803418803421,7.664957264957266,0.026862026862026767,-2.3467643467643473,1.8730158730158735,0.0
590314.973344824,270,0.02,0.0,0.8999999761581421,0.0,1.6549999427795412,0.0,0.0,0.0,0.004768444342717615,0.8920805676356149,0.00705729762722207,1.5981918059052411,-0.005149919890135024,-0.024223697261005483,0.01697566186007471,9.797802197802199,8.50549450549451,7.405128205128207,7.555555555555557,0.03174603174603163,-2.3467643467643473,1.8681318681318686,0.0
590314.993344755,271,0.02,0.0,0.8999999761581421,0.0,1.6649999427795412,0.0,0.0,0.0,0.004768444342717615,0.8920805676356149,0.00705729762722207,1.6084916456855112,-0.005149919890135024,-0.024223697261005483,0.01697566186007471,9.771428571428572,8.452747252747258,7.405128205128207,7.637606837606839,0.026862026862026767,-2.351648351648352,1.8730158730158735,0.0
590315.013345066,272,0.02,0.0,0.8999999761581421,0.0,1.6749999427795412,0.0,0.0,0.0,0.004768444342717615,0.8920805676356149,0.00705729762722207,1.6184100099183638,-0.005149919890135024,-0.023842221713588074,0.01697566186007471,9.797802197802199,8.373626373626365,7.418803418803421,7.487179487179489,0.03174603174603163,-2.351648351648352,1.8730158730158735,0.0
590315.033397318,273,0.02,0.0,0.8999999761581421,0.0,1.684999942779541,0.0,0.0,0.0,0.004768444342717615,0.8920805676356149,0.00705729762722207,1.6268024719615468,-0.005149919890135024,-0.023842221713588074,0.01697566186007471,9.797802197802199,8.320879120879113,7.405128205128207,7.623931623931625,0.026862026862026767,-2.356532356532357,1.8681318681318686,0.0
590315.053351087,274,0.02,0.0,0.8999999761581421,0.0,1.694999942779541,0.0,0.0,0.0,0.004768444342717615,0.8920805676356149,0.00705729762722207,1.6378652628366517,-0.005149919890135024,-0.023842221713588074,0.0165941863126573,9.797802197802199,8.215384615384608,7.405128205128207,7.692307692307693,0.03174603174603163,-2.351648351648352,1.8730158730158735,0.0
590315.073335182,275,0.02,0.0,0.8999999761581421,0.0,1.704999942779541,0.0,0.0,0.0,0.004768444342717615,0.8920805676356149,0.00705729762722207,1.6477836270695043,-0.005149919890135024,-0.023460746166170665,0.0165941863126573,9.771428571428572,8.136263736263729,7.405128205128207,7.692307692307693,0.03174603174603163,-2.351648351648352,1.8681318681318686,0.0
590315.093344021,276,0.02,0.0,0.8999999761581421,0.0,1.714999942779541,0.0,0.0,0.0,0.004768444342717615,0.8920805676356149,0.00705729762722207,1.6569390402075221,-0.005149919890135024,-0.023460746166170665,0.0165941863126573,9.797802197802199,8.05714285714285,7.405128205128207,7.788034188034189,0.026862026862026767,-2.351648351648352,1.8730158730158735,0.0
590315.113336973,277,0.02,0.0,0.8999999761581421,0.0,1.724999942779541,0.0,0.0,0.0,0.004768444342717615,0.8920805676356149,0.00705729762722207,1.6668574044403748,-0.005149919890135024,-0.023460746166170665,0.0165941863126573,9.771428571428572,7.978021978021971,7.391452991452994,7.6512820512820525,0.03174603174603163,-2.356532356532357,1.8730158730158735,0.0
590315.133360151,278,0.02,0.0,0.8999999761581421,0.0,1.734999942779541,0.0,0.0,0.0,0.004768444342717615,0.8920805676356149,0.00705729762722207,1.6760128175783926,-0.005149919890135024,-0.023460746166170665,0.0165941863126573,9.745054945054946,7.898901098901092,7.405128205128207,7.6512820512820525,0.026862026862026767,-2.356532356532357,1.8681318681318686,0.0
590315.153323483,279,0.02,0.0,0.8999999761581421,0.0,1.744999942779541,0.0,0.0,0.0,0.004768444342717615,0.8920805676356149,0.00705729762722207,1.6870756084534975,-0.005149919890135024,-0.023079270618753256,0.01621271076523989,9.771428571428572,7.819780219780213,7.37777777777778,7.67863247863248,0.03174603174603163,-2.356532356532357,1.8681318681318686,0.0
590315.173479359,280,0.02,0.0,0.8999999761581421,0.0,1.754999942779541,0.0,0.0,0.0,0.004768444342717615,0.8920805676356149,0.00705729762722207,1.6973754482337675,-0.005531395437552433,-0.022697795071335847,0.01621271076523989,9.745054945054946,7.7406593406593345,7.364102564102566,7.555555555555557,0.026862026862026767,-2.3711843711843716,1.8681318681318686,0.0
590315.193346633,281,0.02,0.0,0.8999999761581421,0.0,1.764999942779541,0.0,0.0,0.0,0.004768444342717615,0.8920805676356149,0.00705729762722207,1.7076752880140376,-0.005531395437552433,-0.022316319523918438,0.01583123521782248,9.745054945054946,7.661538461538456,7.37777777777778,7.5418803418803435,0.03174603174603163,-2.3711843711843716,1.8681318681318686,0.0
590315.213346693,282,0.02,0.0,0.8999999761581421,0.0,1.774999942779541,0.0,0.0,0.0,0.004768444342717615,0.8920805676356149,0.00705729762722207,1.7179751277943076,-0.005531395437552433,-0.02193484397650103,0.015449759670405072,9.71868131868132,7.582417582417577,7.350427350427353,7.5418803418803435,0.026862026862026767,-2.3809523809523814,1.8778998778998783,0.0
590315.233342831,283,0.02,0.0,0.8999999761581421,0.0,1.784999942779541,0.0,0.0,0.0,0.004768444342717615,0.8920805676356149,0.00705729762722207,1.7278934920271602,-0.005531395437552433,-0.02155336842908362,0.015068284122987663,9.71868131868132,7.503296703296698,7.336752136752139,7.582905982905984,0.026862026862026767,-2.3809523809523814,1.8730158730158735,0.0
590315.25334415,284,0.02,0.0,0.8999999761581421,0.0,1.7949999427795411,0.0,0.0,0.0,0.004768444342717615,0.8920805676356149,0.00705729762722207,1.7378118562600129,-0.005531395437552433,-0.0207904173342488,0.015068284122987663,9.692307692307693,7.397802197802193,7.350427350427353,7.623931623931625,0.03174603174603163,-2.400488400488401,1.8681318681318686,0.0
590315.273345957,285,0.02,0.0,0.8999999761581421,0.0,1.8049999427795411,0.0,0.0,0.0,0.004768444342717615,0.8920805676356149,0.00705729762722207,1.748111696040283,-0.005531395437552433,-0.018883039597161755,0.015068284122987663,9.692307692307693,7.318681318681314,7.3230769230769255,7.487179487179489,0.03174603174603163,-2.4590964590964592,1.8632478632478637,0.0
590315.294390986,286,0.02,0.0,0.8999999761581421,0.0,1.8149999427795411,0.0,0.0,0.0,0.004768444342717615,0.8920805676356149,0.00705729762722207,1.7572671091783008,-0.005531395437552433,-0.018120088502326936,0.015068284122987663,9.665934065934067,7.213186813186809,7.309401709401712,7.391452991452994,0.03174603174603163,-2.42979242979243,1.8583638583638589,0.0
590315.316230746,287,0.02,0.0,0.8999999761581421,0.0,1.8249999427795411,0.0,0.0,0.0,0.004768444342717615,0.8924620431830323,0.00705729762722207,1.7679484245059882,-0.005531395437552433,-0.017738612954909527,0.014686808575570254,9.665934065934067,7.160439560439556,7.309401709401712,7.405128205128207,0.03174603174603163,-2.424908424908425,1.8681318681318686,0.0
590315.333346862,288,0.02,0.0,0.8999999761581421,0.0,1.8349999427795411,0.0,0.0,0.0,0.004386968795300206,0.8924620431830323,0.00705729762722207,1.779774166475928,-0.005531395437552433,-0.017357137407492118,0.014686808575570254,9.71868131868132,7.0813186813186775,7.282051282051285,7.309401709401712,0.0366300366300365,-2.4151404151404154,1.853479853479854,0.0
590315.35335198,289,0.02,0.0,0.8999999761581421,0.0,1.8449999427795412,0.0,0.0,0.0,0.0036240177004653873,0.8924620431830323,0.00705729762722207,1.7893110551613631,-0.005531395437552433,-0.017357137407492118,0.014686808575570254,9.850549450549451,6.975824175824172,7.268376068376071,7.391452991452994,0.03174603174603163,-2.4200244200244203,1.8485958485958491,0.0
590315.373345494,290,0.02,0.0,0.8999999761581421,0.0,1.8549999427795412,0.0,0.0,0.0,0.003242542153047978,0.8924620431830323,0.00705729762722207,1.7999923704890506,-0.005531395437552433,-0.017357137407492118,0.014686808575570254,9.692307692307693,6.92307692307692,7.241025641025644,7.350427350427353,0.0366300366300365,-2.4200244200244203,1.8485958485958491,0.0
590315.393352143,291,0.02,0.0,0.8999999761581421,0.0,1.8649999427795412,0.0,0.0,0.0,0.002861066605630569,0.8924620431830323,0.00705729762722207,1.8102922102693206,-0.005531395437552433,-0.017357137407492118,0.014686808575570254,9.665934065934067,6.843956043956041,7.241025641025644,7.364102564102566,0.03174603174603163,-2.4151404151404154,1.8388278388278394,0.0
590315.414070984,292,0.02,0.0,0.8999999761581421,0.0,1.8749999427795412,0.0,0.0,0.0,0.002861066605630569,0.8924620431830323,0.00705729762722207,1.8186846723125036,-0.005531395437552433,-0.01697566186007471,0.014686808575570254,9.665934065934067,6.764835164835162,7.2136752136752165,7.37777777777778,0.0366300366300365,-2.4200244200244203,1.8339438339438345,0.0
590315.433396005,293,0.02,0.0,0.8999999761581421,0.0,1.8849999427795412,0.0,0.0,0.0,0.002861066605630569,0.8924620431830323,0.00705729762722207,1.829365987640191,-0.005531395437552433,-0.01697566186007471,0.014686808575570254,9.63956043956044,6.685714285714283,7.2136752136752165,7.282051282051285,0.0366300366300365,-2.424908424908425,1.8339438339438345,0.0
590315.453348345,294,0.02,0.0,0.8999999761581421,0.0,1.8949999427795412,0.0,0.0,0.0,0.002861066605630569,0.8924620431830323,0.00705729762722207,1.838521400778209,-0.005531395437552433,-0.01697566186007471,0.014686808575570254,9.613186813186815,6.606593406593404,7.186324786324789,7.418803418803421,0.0366300366300365,-2.4200244200244203,1.8290598290598297,0.0
590315.473356815,295,0.02,0.0,0.8999999761581421,0.0,1.9049999427795412,0.0,0.0,0.0,0.002861066605630569,0.8924620431830323,0.00705729762722207,1.8480582894636441,-0.005531395437552433,-0.01697566186007471,0.014305333028152845,9.586813186813188,6.501098901098899,7.172649572649576,7.418803418803421,0.04151404151404137,-2.4200244200244203,1.8339438339438345,0.0
590315.493341801,296,0.02,0.0,0.8999999761581421,0.0,1.9149999427795412,0.0,0.0,0.0,0.002861066605630569,0.8924620431830323,0.00705729762722207,1.857213702601662,-0.005531395437552433,-0.01697566186007471,0.014305333028152845,9.560439560439562,6.4219780219780205,7.158974358974362,7.405128205128207,0.04151404151404137,-2.424908424908425,1.8241758241758248,0.0
590315.513363705,297,0.02,0.0,0.8999999761581421,0.0,1.9249999427795412,0.0,0.0,0.0,0.002861066605630569,0.8924620431830323,0.00705729762722207,1.8663691157396798,-0.005531395437552433,-0.01697566186007471,0.013923857480735435,9.560439560439562,6.395604395604394,7.131623931623935,7.52820512820513,0.04151404151404137,-2.4151404151404154,1.81929181929182,0.0
590315.533526661,298,0.02,0.0,0.8999999761581421,0.0,1.934999942779541,0.0,0.0,0.0,0.002861066605630569,0.8924620431830323,0.00705729762722207,1.8762874799725324,-0.005531395437552433,-0.01697566186007471,0.013923857480735435,9.534065934065936,6.316483516483515,7.1042735042735075,7.459829059829062,0.0366300366300365,-2.4151404151404154,1.814407814407815,0.0
590315.553427674,299,0.02,0.0,0.8999999761581421,0.0,1.944999942779541,0.0,0.0,0.0,0.002861066605630569,0.8924620431830323,0.00705729762722207,1.884298466468298,-0.005531395437552433,-0.01697566186007471,0.013923857480735435,9.50769230769231,6.2373626373626365,7.090598290598294,7.705982905982907,0.04151404151404137,-2.4151404151404154,1.8046398046398053,0.0
590315.5733447,300,0.02,0.0,0.8999999761581421,0.0,1.954999942779541,0.0,0.0,0.0,0.002861066605630569,0.8924620431830323,0.00705729762722207,1.8942168307011507,-0.005531395437552433,-0.01697566186007471,0.013923857480735435,9.454945054945057,6.158241758241758,7.063247863247867,7.5418803418803435,0.0366300366300365,-2.4102564102564106,1.7997557997558005,0.0
590315.593350583,301,0.02,0.0,0.8999999761581421,0.0,1.964999942779541,0.0,0.0,0.0,0.002861066605630569,0.8924620431830323,0.00705729762722207,1.9026092927443337,-0.005531395437552433,-0.01697566186007471,0.013923857480735435,9.42857142857143,6.079120879120879,7.035897435897439,7.623931623931625,0.04151404151404137,-2.4200244200244203,1.7948717948717956,0.0
590315.61362811,302,0.02,0.0,0.8999999761581421,0.0,1.974999942779541,0.0,0.0,0.0,0.002861066605630569,0.8924620431830323,0.00705729762722207,1.9125276569771863,-0.005531395437552433,-0.01697566186007471,0.013542381933318026,9.42857142857143,6.026373626373626,7.022222222222226,7.610256410256412,0.0366300366300365,-2.4200244200244203,1.8095238095238102,0.0
590315.633336895,303,0.02,0.0,0.8999999761581421,0.0,1.984999942779541,0.0,0.0,0.0,0.002861066605630569,0.8924620431830323,0.00705729762722207,1.9232089723048738,-0.005531395437552433,-0.01697566186007471,0.012779430838483208,9.375824175824178,5.973626373626374,6.981196581196585,7.514529914529916,0.0366300366300365,-2.4200244200244203,1.8046398046398053,0.0
590315.6533439,304,0.02,0.0,0.8999999761581421,0.0,1.994999942779541,0.0,0.0,0.0,0.002861066605630569,0.8924620431830323,0.00705729762722207,1.9338902876325612,-0.005531395437552433,-0.01697566186007471,0.010490577553978753,9.349450549450552,5.894505494505495,6.981196581196585,7.514529914529916,0.0366300366300365,-2.4200244200244203,1.853479853479854,0.0
590315.674300075,305,0.02,0.0,0.8999999761581421,0.0,2.0,0.0,0.0,0.0,0.002861066605630569,0.8924620431830323,0.00705729762722207,1.943045700770579,-0.005531395437552433,-0.01697566186007471,0.009727626459143934,9.323076923076925,5.815384615384616,6.953846153846158,7.473504273504275,0.04151404151404137,-2.4200244200244203,1.8290598290598297,0.0
590315.693348792,306,0.02,0.0,0.8999999761581421,0.0,2.0,0.0,0.0,0.0,0.002861066605630569,0.8924620431830323,0.00705729762722207,1.9529640650034317,-0.005531395437552433,-0.01697566186007471,0.009346150911726525,9.2967032967033,5.736263736263737,6.92649572649573,7.5418803418803435,0.03174603174603163,-2.4200244200244203,1.8095238095238102,0.0
590315.713372721,307,0.02,0.0,0.8999999761581421,0.0,2.0,0.0,0.0,0.0,0.002861066605630569,0.8924620431830323,0.00705729762722207,1.9625009536888705,-0.005531395437552433,-0.01697566186007471,0.009346150911726525,9.243956043956047,5.683516483516485,6.885470085470089,7.37777777777778,0.03174603174603163,-2.4151404151404154,1.7997557997558005,0.0
590315.733338175,308,0.02,0.0,0.8999999761581421,0.0,2.0,0.0,0.0,0.0,0.002861066605630569,0.8924620431830323,0.00705729762722207,1.9712748912794709,-0.005912870984969842,-0.01697566186007471,0.010109102006561344,9.21758241758242,5.5780219780219795,6.8444444444444485,6.981196581196585,0.026862026862026767,-2.4200244200244203,1.7753357753357761,0.0
590315.753412361,309,0.02,0.0,0.8999999761581421,0.0,2.0,0.0,0.0,0.0,0.002861066605630569,0.8924620431830323,0.00705729762722207,1.9792858777752365,-0.005912870984969842,-0.01697566186007471,0.010490577553978753,9.191208791208794,5.525274725274727,6.858119658119662,6.58461538461539,0.026862026862026767,-2.4200244200244203,1.7655677655677664,0.0
590315.773390492,310,0.02,0.0,0.8999999761581421,0.0,2.0,0.0,0.0,0.0,0.002861066605630569,0.8924620431830323,0.00705729762722207,1.987296864271002,-0.005912870984969842,-0.01697566186007471,0.011253528648813571,9.138461538461542,5.446153846153848,6.817094017094021,6.119658119658119,0.026862026862026767,-2.4200244200244203,1.7362637362637372,0.0
590315.793325495,311,0.02,0.0,0.8999999761581421,0.0,2.0,0.0,0.0,0.0,0.002861066605630569,0.8924620431830323,0.00705729762722207,1.993781948577098,-0.005912870984969842,-0.01697566186007471,0.013160906385900617,9.112087912087915,5.367032967032969,6.77606837606838,5.9282051282051285,0.026862026862026767,-2.4200244200244203,1.6874236874236885,0.0
590315.813347278,312,0.02,0.0,0.8999999761581421,0.0,2.0,0.0,0.0,0.0,0.002861066605630569,0.8924620431830323,0.00705729762722207,1.997596704051272,-0.005912870984969842,-0.01697566186007471,0.017357137407492118,9.085714285714289,5.314285714285717,6.748717948717953,5.8188034188034194,0.026862026862026767,-2.424908424908425,1.6092796092796107,0.0
590315.833349522,313,0.02,0.0,0.8999999761581421,0.0,2.0,0.0,0.0,0.0,0.002861066605630569,0.8924620431830323,0.00705729762722207,2.000267032883194,-0.005912870984969842,-0.01697566186007471,0.02155336842908362,9.032967032967036,5.261538461538464,6.748717948717953,5.764102564102565,0.0366300366300365,-2.424908424908425,1.5506715506715487,0.0
590315.853364285,314,0.02,0.0,0.8999999761581421,0.0,2.0,0.0,0.0,0.0,0.002861066605630569,0.8924620431830323,0.00705729762722207,2.0017929350728636,-0.005912870984969842,-0.01697566186007471,0.02574959945067512,9.032967032967036,5.208791208791212,6.721367521367526,5.682051282051283,0.0366300366300365,-2.424908424908425,1.5018315018315,0.0
590315.873345969,315,0.02,0.0,0.8999999761581421,0.0,2.0,0.0,0.0,0.0,0.002861066605630569,0.8924620431830323,0.00705729762722207,2.002937361715116,-0.005912870984969842,-0.01697566186007471,0.027275501640344757,9.00659340659341,5.208791208791212,6.707692307692312,5.600000000000001,0.04639804639804623,-2.4200244200244203,1.540903540903539,0.0
590315.893417976,316,0.02,0.0,0.8999999761581421,0.0,2.0,0.0,0.0,0.0,0.002861066605630569,0.8924620431830323,0.00705729762722207,2.0033188372625332,-0.005912870984969842,-0.01697566186007471,0.027656977187762166,8.980219780219784,5.156043956043959,6.694017094017099,5.627350427350429,0.06105006105006083,-2.424908424908425,1.5555555555555536,0.0
590315.913339976,317,0.02,0.0,0.8999999761581421,0.0,2.0,0.0,0.0,0.0,0.002861066605630569,0.8924620431830323,0.00705729762722207,2.0033188372625332,-0.005912870984969842,-0.01697566186007471,0.027275501640344757,8.980219780219784,5.129670329670333,6.694017094017099,5.5589743589743605,0.07081807081807057,-2.424908424908425,1.5750915750915766,0.0
590315.933508706,318,0.02,0.0,0.8999999761581421,0.0,2.0,0.0,0.0,0.0,0.002861066605630569,0.8924620431830323,0.00705729762722207,2.0033188372625332,-0.005912870984969842,-0.01697566186007471,0.024986648355840302,8.953846153846158,5.129670329670333,6.680341880341885,5.545299145299147,0.07081807081807057,-2.42979242979243,1.6288156288156301,0.0
590315.953343061,319,0.02,0.0,0.8999999761581421,0.0,2.0,0.0,0.0,0.0,0.002861066605630569,0.8924620431830323,0.00705729762722207,2.0033188372625332,-0.005912870984969842,-0.01697566186007471,0.02155336842908362,8.953846153846158,5.129670329670333,6.666666666666671,5.5589743589743605,0.07570207570207543,-2.424908424908425,1.6776556776556788,0.0
590315.973312785,320,0.02,0.000267605617409572,0.8999999761581421,0.004235915374010801,2.0,0.0002070422488031909,0.004971830639988184,0.0029669012874364853,0.002861066605630569,0.8924620431830323,0.00705729762722207,2.0033188372625332,-0.005912870984969842,-0.01697566186007471,0.01583123521782248,8.953846153846158,5.129670329670333,6.680341880341885,5.5589743589743605,0.07081807081807057,-2.4200244200244203,1.7753357753357761,0.0
590315.993404346,321,0.02,0.0008028168813325465,0.8999999761581421,0.012707745656371117,2.0,0.0006211267318576574,0.01491549238562584,0.008900703862309456,0.002861066605630569,0.8924620431830323,0.00705729762722207,2.0033188372625332,-0.005912870984969842,-0.01697566186007471,0.01163500419623098,8.980219780219784,5.129670329670333,6.680341880341885,5.5589743589743605,0.0659340659340657,-2.4200244200244203,1.8046398046398053,0.0
590316.01342087,322,0.02,0.0013380281161516905,0.8999999761581421,0.021179577335715294,2.0,0.0010352112585678697,0.024859154596924782,0.014834507368505001,0.002861066605630569,0.8924620431830323,0.00705729762722207,2.0033188372625332,-0.005912870984969842,-0.01697566186007471,0.006675822079804661,9.00659340659341,5.129670329670333,6.871794871794876,5.586324786324788,0.06105006105006083,-2.390720390720391,1.8485958485958491,0.0
590316.033345208,323,0.02,0.0018732394091784954,0.8999999761581421,0.029651407152414322,2.0,0.001449295785278082,0.034802816808223724,0.020768310874700546,0.002861066605630569,0.8924620431830323,0.00705729762722207,2.0033188372625332,-0.005912870984969842,-0.01697566186007471,0.002861066605630569,9.00659340659341,5.156043956043959,7.37777777777778,5.572649572649574,0.0512820512820511,-2.3467643467643473,1.9511599511599513,0.0
590316.053351634,324,0.02,0.0024084504693746567,0.8999999761581421,0.0381232351064682,2.0,0.0018633801955729723,0.04474647343158722,0.026702111586928368,0.002861066605630569,0.8924620431830323,0.00705729762722207,2.0033188372625332,-0.005912870984969842,-0.01621271076523989,0.0005722133211261138,9.059340659340663,5.156043956043959,7.965811965811966,5.586324786324788,0.04151404151404137,-2.2735042735042734,1.9853479853479854,0.0
590316.073394198,325,0.02,0.0029436619952321053,0.8999999761581421,0.046595070511102676,2.0,0.0022774648386985064,0.05469013750553131,0.03263591602444649,0.002861066605630569,0.8924620431830323,0.007438773174639479,2.0033188372625332,-0.005912870984969842,-0.014305333028152845,-0.0001907377737087046,9.112087912087915,5.182417582417585,8.43076923076923,5.586324786324788,0.03174603174603163,-2.21001221001221,2.0244200244200243,0.0
590316.093349181,326,0.02,0.0034788730554282665,0.8999999761581421,0.055066898465156555,2.0,0.0026915492489933968,0.0646337941288948,0.03856971487402916,0.002861066605630569,0.8924620431830323,0.008201724269474298,2.0033188372625332,-0.005912870984969842,-0.009346150911726525,-0.0001907377737087046,9.138461538461542,5.208791208791212,9.07350427350427,5.586324786324788,0.026862026862026767,-2.253968253968254,2.078144078144078,0.0
590316.113346742,327,0.02,0.004014084581285715,0.8999999761581421,0.06353873014450073,2.0,0.003105633892118931,0.0745774582028389,0.04450352117419243,0.002861066605630569,0.8924620431830323,0.008964675364309116,2.0033188372625332,-0.005912870984969842,-0.005531395437552433,0.0005722133211261138,9.21758241758242,5.129670329670333,9.360683760683756,5.586324786324788,0.026862026862026767,-2.141636141636142,2.1221001221001217,0.0
590316.133348918,328,0.02,0.004549295641481876,0.8999999761581421,0.07201056182384491,2.0,0.003519718535244465,0.08452112227678299,0.0504373237490654,0.002861066605630569,0.8924620431830323,0.01201647974364839,2.0033188372625332,-0.005912870984969842,0.0020981155107957505,0.0024795910582131597,9.243956043956047,5.235164835164838,9.401709401709397,5.586324786324788,0.0366300366300365,-2.21001221001221,2.1367521367521363,0.0
590316.153339032,329,0.02,0.005084506701678038,0.8999999761581421,0.08048239350318909,2.0,0.003933802712708712,0.09446478635072708,0.05637112632393837,0.002861066605630569,0.8920805676356149,0.017738612954909527,2.0033188372625332,-0.005912870984969842,0.012397955291065799,0.004386968795300206,9.270329670329673,5.235164835164838,9.52478632478632,5.600000000000001,0.04639804639804623,-2.3418803418803416,2.1660561660561655,0.0
590316.173342981,330,0.02,0.005619717761874199,0.8999999761581421,0.08895421773195267,2.0,0.004347887355834246,0.10440844297409058,0.06230492517352104,0.002861066605630569,0.8920805676356149,0.02613107499809253,2.0033188372625332,-0.006294346532387252,0.03147173266193626,0.009346150911726525,9.323076923076925,5.182417582417585,9.470085470085465,5.572649572649574,0.07081807081807057,-2.581196581196581,2.112332112332112,0.0
590316.195442562,331,0.02,0.006154929753392935,0.8999999761581421,0.09742605686187744,2.0,0.00476197199895978,0.11435211449861526,0.06823873519897461,0.002861066605630569,0.8920805676356149,0.03490501258869294,2.0033188372625332,-0.006675822079804661,0.04940108339055449,0.014305333028152845,9.349450549450552,5.208791208791212,9.169230769230765,5.5589743589743605,0.10012210012209977,-2.6349206349206344,2.0976800976800973,0.0
590316.213342076,332,0.02,0.006690140813589096,0.8999999761581421,0.10589788109064102,2.0,0.005176056642085314,0.12429577112197876,0.07417253404855728,0.0024795910582131597,0.8920805676356149,0.046349279011215216,2.0033188372625332,-0.006675822079804661,0.06961928740367718,0.02117189288166621,9.375824175824178,5.235164835164838,9.251282051282047,5.531623931623933,0.13431013431013383,-2.791208791208791,2.073260073260073,0.0
590316.233343162,333,0.02,0.007225351873785257,0.8999999761581421,0.1143697127699852,2.0,0.0055901408195495605,0.13423943519592285,0.08010633289813995,0.0024795910582131597,0.8920805676356149,0.056267643244067855,2.0033188372625332,-0.006675822079804661,0.08602273594262577,0.027656977187762166,9.42857142857143,5.208791208791212,9.100854700854697,5.504273504273506,0.17826617826617763,-2.8449328449328446,2.043956043956044,0.0
590316.253325528,334,0.02,0.007760562933981419,0.8999999761581421,0.12284154444932938,2.0,0.006004225462675095,0.14418308436870575,0.08604013919830322,0.0024795910582131597,0.8920805676356149,0.06580453192950309,2.0033188372625332,-0.006675822079804661,0.10013733119706991,0.03490501258869294,9.481318681318683,5.182417582417585,9.018803418803415,5.490598290598292,0.23199023199023117,-2.7716727716727716,2.0195360195360195,0.0
590316.273339385,335,0.02,0.008295774459838867,0.8999999761581421,0.13131338357925415,2.0,0.006418310105800629,0.15412676334381104,0.09197394549846649,0.0024795910582131597,0.8920805676356149,0.07534142061493831,2.0033188372625332,-0.006675822079804661,0.11081864652475737,0.04100862134737149,9.481318681318683,5.208791208791212,9.046153846153842,5.435897435897438,0.2857142857142847,-2.7667887667887667,2.0195360195360195,0.0
590316.293345362,336,0.02,0.008830985985696316,0.8999999761581421,0.13978520035743713,2.0,0.006832394283264875,0.16407041251659393,0.09790774434804916,0.0024795910582131597,0.8920805676356149,0.08411535820553873,2.0033188372625332,-0.006675822079804661,0.11882963302052296,0.047493705653467444,9.50769230769231,5.235164835164838,9.182905982905979,5.36752136752137,0.33943833943834,-2.654456654456654,1.9951159951159951,0.0
590316.3138042,337,0.02,0.00936619658023119,0.8999999761581421,0.1482570320367813,2.0,0.0072464789263904095,0.17401407659053802,0.10384154319763184,0.0024795910582131597,0.8920805676356149,0.09212634470130432,2.0033188372625332,-0.006675822079804661,0.12493324177920151,0.05359731441214599,9.50769230769231,5.261538461538464,8.950427350427347,5.312820512820515,0.3833943833943838,-2.6349206349206344,1.9560439560439562,0.0
590316.333341746,338,0.02,0.009901408106088638,0.8999999761581421,0.1567288637161255,2.0,0.007660563103854656,0.18395774066448212,0.1097753494977951,0.0024795910582131597,0.8920805676356149,0.10242618448157437,2.0033188372625332,-0.006675822079804661,0.13103685053788006,0.06198977645532899,9.534065934065936,5.261538461538464,8.758974358974356,5.285470085470088,0.40781440781440814,-2.5909645909645906,1.8974358974358978,0.0
590316.353327862,339,0.02,0.010436619631946087,0.8999999761581421,0.16520069539546967,2.0,0.00807464774698019,0.1939014047384262,0.11570915579795837,0.0024795910582131597,0.8920805676356149,0.11348897535667923,2.0033188372625332,-0.006675822079804661,0.13828488593881083,0.07000076295109459,9.586813186813188,5.28791208791209,8.362393162393161,5.258119658119661,0.4468864468864471,-2.581196581196581,1.887667887667888,0.0
590316.373336822,340,0.02,0.01097183022648096,0.8999999761581421,0.17367251217365265,2.0,0.008488732390105724,0.2038450539112091,0.12164294719696045,0.0024795910582131597,0.8920805676356149,0.12531471732661892,2.0033188372625332,-0.006675822079804661,0.14591439688715901,0.07572289616235572,9.613186813186815,5.28791208791209,8.198290598290598,5.2307692307692335,0.4713064713064714,-2.5909645909645906,1.9072039072039075,0.0
590316.393383631,341,0.02,0.01150704175233841,0.8999999761581421,0.18214435875415802,2.0,0.008902817033231258,0.2137887179851532,0.12757675349712372,0.0024795910582131597,0.8920805676356149,0.1367589837491412,2.0033188372625332,-0.006675822079804661,0.15506981002517684,0.08220798046845168,9.586813186813188,5.340659340659343,8.088888888888889,5.176068376068379,0.5103785103785103,-2.62026862026862,1.8583638583638589,0.0
590316.413336347,342,0.02,0.012042253278195858,0.8999999761581421,0.1906161904335022,2.0,0.009316901676356792,0.22373239696025848,0.133510559797287,0.002861066605630569,0.8920805676356149,0.14820325017166347,2.0033188372625332,-0.006675822079804661,0.1615548943312728,0.08945601586938245,9.613186813186815,5.367032967032969,7.965811965811966,5.135042735042738,0.5396825396825395,-2.503052503052503,1.814407814407815,0.0
590316.433471691,343,0.02,0.012577463872730732,0.8999999761581421,0.19908800721168518,2.0,0.009730985388159752,0.2336760312318802,0.13944436609745026,0.002861066605630569,0.8920805676356149,0.1577401388570987,2.0033188372625332,-0.006675822079804661,0.1657511253528643,0.09517814908064359,9.63956043956044,5.419780219780222,7.993162393162393,5.06666666666667,0.5689865689865687,-2.4102564102564106,1.81929181929182,0.0
590316.453340114,344,0.02,0.01311267539858818,0.8999999761581421,0.20755985379219055,2.0,0.01014507096260786,0.24361971020698547,0.14537817239761353,0.002861066605630569,0.8920805676356149,0.1665140764476991,2.0033188372625332,-0.006294346532387252,0.1699473563744558,0.10013733119706991,9.613186813186815,5.419780219780222,7.856410256410257,5.0119658119658155,0.6031746031746028,-2.351648351648352,1.81929181929182,0.0
590316.473338979,345,0.02,0.013647886924445629,0.8999999761581421,0.21603168547153473,2.0,0.010559155605733395,0.25356337428092957,0.1513119786977768,0.002861066605630569,0.8920805676356149,0.17566948958571693,2.0033188372625332,-0.006294346532387252,0.17338063630121248,0.10509651331349623,9.63956043956044,5.498901098901101,7.774358974358975,4.970940170940175,0.6373626373626369,-2.288156288156288,1.8290598290598297,0.0
590316.493337156,346,0.02,0.014183097518980503,0.8999999761581421,0.2245035022497177,2.0,0.010973239317536354,0.26350703835487366,0.15724577009677887,0.002861066605630569,0.8920805676356149,0.1863508049134044,2.0033188372625332,-0.006294346532387252,0.1787212939650562,0.11120012207217478,9.665934065934067,5.498901098901101,7.459829059829062,4.929914529914534,0.6617826617826612,-2.253968253968254,1.780219780219781,0.0
590316.513340233,347,0.02,0.014718309044837952,0.8999999761581421,0.23297534883022308,2.0,0.011387323960661888,0.27345070242881775,0.16317957639694214,0.002861066605630569,0.8920805676356149,0.19626916914625703,2.0033188372625332,-0.006294346532387252,0.1863508049134044,0.11654077973601851,9.665934065934067,5.551648351648353,7.52820512820513,4.9025641025641065,0.6813186813186807,-2.3028083028083026,1.7851037851037859,0.0
590316.533347289,348,0.02,0.015253521502017975,0.8999999761581421,0.24144718050956726,2.0,0.011801408603787422,0.28339436650276184,0.1691133826971054,0.002861066605630569,0.8920805676356149,0.20580605783169226,2.0033188372625332,-0.006294346532387252,0.1951247425040048,0.12188143739986224,9.692307692307693,5.604395604395606,7.5418803418803435,4.847863247863252,0.7008547008547001,-2.3418803418803416,1.780219780219781,0.0
590316.553339387,349,0.02,0.01578873209655285,0.8999999761581421,0.24991899728775024,2.0,0.012215493246912956,0.29333800077438354,0.17504717409610748,0.003242542153047978,0.8920805676356149,0.2153429465171275,2.0033188372625332,-0.006294346532387252,0.20428015564202262,0.12722209506370596,9.71868131868132,5.604395604395606,7.350427350427353,4.7931623931623974,0.7252747252747245,-2.293040293040293,1.7704517704517713,0.0
590316.573343657,350,0.02,0.016323942691087723,0.8999999761581421,0.2583908438682556,2.0,0.01262957789003849,0.30328169465065,0.18098098039627075,0.003242542153047978,0.8920805676356149,0.2244983596551453,2.0033188372625332,-0.006294346532387252,0.21457999542229267,0.1329442282749671,9.71868131868132,5.657142857142858,7.350427350427353,4.738461538461543,0.7496947496947488,-2.3809523809523814,1.7557997557997567,0.0
590316.593313915,351,0.02,0.016859153285622597,0.8999999761581421,0.2668626606464386,2.0,0.01304366160184145,0.31322532892227173,0.18691478669643402,0.003242542153047978,0.8920805676356149,0.2328908216983283,2.0033188372625332,-0.005912870984969842,0.2241168841077279,0.137521934843976,9.692307692307693,5.657142857142858,7.405128205128207,4.711111111111116,0.778998778998778,-2.332112332112332,1.7557997557997567,0.0
590316.613477715,352,0.02,0.01739436574280262,0.8999999761581421,0.27533450722694397,2.0,0.013457746244966984,0.3231689929962158,0.1928485929965973,0.003242542153047978,0.8920805676356149,0.24013885709925908,2.0033188372625332,-0.005912870984969842,0.23136491950865867,0.1417181658655675,9.745054945054946,5.683516483516485,7.67863247863248,4.683760683760688,0.8083028083028072,-2.2735042735042734,1.7655677655677664,0.0
590316.633343867,353,0.02,0.017929576337337494,0.8999999761581421,0.28380632400512695,2.0,0.013871831819415092,0.3331126570701599,0.19878239929676056,0.0036240177004653873,0.8920805676356149,0.24662394140535504,2.0033188372625332,-0.005912870984969842,0.2405203326466765,0.14782177462424606,9.745054945054946,5.736263736263737,7.733333333333334,4.629059829059834,0.8327228327228315,-2.288156288156288,1.7118437118437129,0.0
590316.653333519,354,0.02,0.018464786931872368,0.8999999761581421,0.29227814078330994,2.0,0.014285915531218052,0.343056321144104,0.20471619069576263,0.0036240177004653873,0.8920805676356149,0.253109025711451,2.0033188372625332,-0.005912870984969842,0.25043869687952913,0.1535439078355072,9.797802197802199,5.736263736263737,7.747008547008548,4.588034188034193,0.8620268620268607,-2.322344322344322,1.7362637362637372,0.0
590316.673354813,355,0.02,0.01899999938905239,0.8999999761581421,0.3007499873638153,2.0,0.014700000174343586,0.3529999852180481,0.2106499969959259,0.0036240177004653873,0.8920805676356149,0.25997558556496436,2.0033188372625332,-0.005912870984969842,0.2607385366597992,0.1577401388570987,9.797802197802199,5.736263736263737,7.7606837606837615,4.560683760683766,0.8815628815628802,-2.400488400488401,1.746031746031747,0.0
590316.693342605,356,0.02,0.019535211846232414,0.8999999761581421,0.3092218339443207,2.0,0.01511408481746912,0.3629436492919922,0.21658380329608917,0.0036240177004653873,0.8920805676356149,0.2687495231555648,2.0033188372625332,-0.005912870984969842,0.27637903410391296,0.16346227206835984,9.771428571428572,5.736263736263737,7.582905982905984,4.505982905982911,0.9206349206349191,-2.4884004884004884,1.7264957264957275,0.0
590316.713342809,357,0.02,0.020070422440767288,0.8999999761581421,0.31769365072250366,2.0,0.015528169460594654,0.3728873133659363,0.22251760959625244,0.0036240177004653873,0.8920805676356149,0.27637903410391296,2.0033188372625332,-0.005912870984969842,0.2874418249790178,0.16918440527962098,9.850549450549451,5.736263736263737,7.897435897435898,4.478632478632484,0.9499389499389501,-2.4884004884004884,1.7020757020757031,0.0
590316.733333488,358,0.02,0.020605633035302162,0.8999999761581421,0.32616546750068665,2.0,0.015942253172397614,0.382830947637558,0.22845140099525452,0.0036240177004653873,0.8920805676356149,0.2828641184100089,2.0033188372625332,-0.005912870984969842,0.30117494468604455,0.17605096513313434,9.850549450549451,5.7626373626373635,7.938461538461539,4.4239316239316295,0.9792429792429793,-2.542124542124542,1.6923076923076934,0.0
590316.753334641,359,0.02,0.021140843629837036,0.8999999761581421,0.334637314081192,2.0,0.016356337815523148,0.3927746117115021,0.23438520729541779,0.0036240177004653873,0.8920805676356149,0.28934920271610487,2.0033188372625332,-0.005912870984969842,0.31376363775081906,0.18101014724956066,9.850549450549451,5.7626373626373635,8.143589743589743,4.382905982905989,1.0134310134310134,-2.5909645909645906,1.706959706959708,0.0
590316.773703952,360,0.02,0.02167605608701706,0.8999999761581421,0.343109130859375,2.0,0.01677042245864868,0.40271827578544617,0.24031901359558105,0.0036240177004653873,0.8920805676356149,0.2954528114747834,2.0033188372625332,-0.005912870984969842,0.32520790417334133,0.18596932936598698,9.876923076923077,5.78901098901099,8.116239316239316,4.369230769230768,1.0476190476190474,-2.5909645909645906,1.672771672771674,0.0
590316.793344496,361,0.02,0.022211266681551933,0.8999999761581421,0.35158097743988037,2.0,0.017184507101774216,0.41266196966171265,0.24625281989574432,0.0036240177004653873,0.8920805676356149,0.30422674906538383,2.0033188372625332,-0.005912870984969842,0.33855954833295065,0.19283588921950034,9.876923076923077,5.7626373626373635,8.348717948717947,4.314529914529913,1.0769230769230766,-2.581196581196581,1.6581196581196593,0.0
590316.813342768,362,0.02,0.022746479138731956,0.8999999761581421,0.36005282402038574,2.0,0.01759859174489975,0.42260563373565674,0.2521866261959076,0.0036240177004653873,0.8920805676356149,0.30994888227664497,2.0033188372625332,-0.005912870984969842,0.35038529030289034,0.1989394979781789,9.92967032967033,5.78901098901099,8.553846153846152,4.2735042735042725,1.1159951159951156,-2.649572649572649,1.633699633699635,0.0
590316.833341612,363,0.02,0.02328168973326683,0.8999999761581421,0.3685246407985687,2.0,0.018012676388025284,0.43254929780960083,0.25812041759490967,0.0036240177004653873,0.8920805676356149,0.3156710154879061,2.0033188372625332,-0.005531395437552433,0.3606851300831604,0.20504310673685744,9.92967032967033,5.78901098901099,8.362393162393161,4.246153846153845,1.1501831501831496,-2.571428571428571,1.6581196581196593,0.0
590316.853337977,364,0.02,0.023816900327801704,0.8999999761581421,0.3769964575767517,2.0,0.018426761031150818,0.44249293208122253,0.26405420899391174,0.0036240177004653873,0.8920805676356149,0.3233005264362543,2.0033188372625332,-0.005531395437552433,0.37174792095826525,0.21038376440070117,9.92967032967033,5.78901098901099,8.540170940170938,4.191452991452991,1.174603174603174,-2.654456654456654,1.6434676434676447,0.0
590316.873341413,365,0.02,0.02435211092233658,0.8999999761581421,0.3854682743549347,2.0,0.018840845674276352,0.4524365961551666,0.2699880301952362,0.0036240177004653873,0.8920805676356149,0.3316929884794373,2.0033188372625332,-0.005531395437552433,0.3858625162127094,0.21725032425421453,9.956043956043956,5.78901098901099,8.252991452991452,4.15042735042735,1.208791208791208,-2.7472527472527473,1.6043956043956058,0.0
590316.893338165,366,0.02,0.0248873233795166,0.8999999761581421,0.39394012093544006,2.0,0.019254930317401886,0.4623802602291107,0.2759218215942383,0.0036240177004653873,0.8920805676356149,0.34161135271228993,2.0033188372625332,-0.005531395437552433,0.39768825818265263,0.22220950637064085,9.956043956043956,5.78901098901099,8.225641025641025,4.095726495726495,1.2380952380952372,-2.752136752136752,1.633699633699635,0.0
590316.913340738,367,0.02,0.025422533974051476,0.8999999761581421,0.40241196751594543,2.0,0.01966901496052742,0.4723239243030548,0.28185564279556274,0.0036240177004653873,0.8920805676356149,0.35076676585030775,2.0033188372625332,-0.005531395437552433,0.41027695124742714,0.2286945906767368,9.982417582417582,5.815384615384616,8.266666666666666,4.068376068376068,1.2673992673992664,-2.7716727716727716,1.6043956043956058,0.0
590316.933346835,368,0.02,0.0259577464312315,0.8999999761581421,0.4108837842941284,2.0,0.020083099603652954,0.4822675883769989,0.2877894341945648,0.0036240177004653873,0.8920805676356149,0.35992217898832557,2.0033188372625332,-0.005531395437552433,0.4217212176699494,0.23403524834058054,9.982417582417582,5.815384615384616,8.211965811965811,4.041025641025641,1.2967032967032956,-2.7667887667887667,1.599511599511601,0.0
590316.95334157,369,0.02,0.026492955163121223,0.8999999761581421,0.4193556010723114,2.0,0.02049718238413334,0.4922112226486206,0.2937232255935669,0.0036240177004653873,0.8920805676356149,0.3690775921263434,2.0033188372625332,-0.005531395437552433,0.4331654840924717,0.24166475928892872,10.008791208791209,5.841758241758242,8.006837606837607,3.958974358974359,1.3308913308913297,-2.7765567765567765,1.5506715506715487,0.0
590316.973340403,370,0.02,0.027028167620301247,0.8999999761581421,0.4278274476528168,2.0,0.020911267027258873,0.5021548867225647,0.29965701699256897,0.0036240177004653873,0.8920805676356149,0.3786144808117786,2.0033188372625332,-0.005531395437552433,0.4430838483253243,0.24738689250018986,9.956043956043956,5.841758241758242,7.97948717948718,3.9042735042735046,1.355311355311354,-2.7374847374847375,1.5750915750915766,0.0
590316.993340029,371,0.02,0.02756338007748127,0.8999999761581421,0.43629926443099976,2.0,0.021325351670384407,0.5120985507965088,0.30559083819389343,0.005149919890135024,0.8920805676356149,0.38815136949721385,2.0033188372625332,-0.005531395437552433,0.45185778591592474,0.2527275501640336,9.692307692307693,5.868131868131869,7.952136752136752,3.8769230769230774,1.3846153846153832,-2.683760683760684,1.5799755799755815,0.0
590317.013335385,372,0.02,0.028098590672016144,0.8999999761581421,0.4447711110115051,2.0,0.02173943631350994,0.5220422148704529,0.3115246593952179,0.005531395437552433,0.8920805676356149,0.3973067826352352,2.0033188372625332,-0.005531395437552433,0.4594872968642729,0.2569237811856251,9.876923076923077,5.868131868131869,7.815384615384616,3.8085470085470092,1.4041514041514027,-2.649572649572649,1.594627594627596,0.0
590317.033335064,373,0.02,0.028633803129196167,0.8999999761581421,0.4532429575920105,2.0,0.022153522819280624,0.531985878944397,0.31745845079421997,0.005531395437552433,0.8920805676356149,0.40684367132067045,2.0033188372625332,-0.005149919890135024,0.4663538567177863,0.2622644388494688,9.876923076923077,5.920879120879121,7.67863247863248,3.7675213675213683,1.4188034188034173,-2.6007326007326004,1.5799755799755815,0.0
590317.053341514,374,0.02,0.02916901372373104,0.8999999761581421,0.4617147743701935,2.0,0.02256760746240616,0.5419296026229858,0.32339227199554443,0.005531395437552433,0.8920805676356149,0.4163805600061057,2.0033188372625332,-0.0040054932478827965,0.47398336766613447,0.26760509651331255,9.92967032967033,5.947252747252747,7.610256410256412,3.6991452991453,1.4041514041514027,-2.576312576312576,1.5604395604395584,0.0
590317.073335807,375,0.02,0.029704224318265915,0.8999999761581421,0.47018659114837646,2.0,0.022981690242886543,0.5518732070922852,0.3293260335922241,0.005912870984969842,0.8920805676356149,0.4259174486915409,2.0033188372625332,-0.003242542153047978,0.48123140306706524,0.2733272297245737,9.824175824175825,5.973626373626374,7.514529914529916,3.6581196581196593,1.428571428571427,-2.576312576312576,1.5506715506715487,0.0
590317.093340963,376,0.02,0.03023943491280079,0.8999999761581421,0.47865843772888184,2.0,0.023395774886012077,0.5618168711662292,0.3352598547935486,0.00705729762722207,0.8920805676356149,0.43545433737697614,2.0033188372625332,-0.002861066605630569,0.48962386511024825,0.2786678873884174,9.613186813186815,6.0,7.418803418803421,3.6170940170940185,1.4529914529914514,-2.5958485958485955,1.540903540903539,0.0
590317.113340677,377,0.02,0.030774647369980812,0.8999999761581421,0.4871302545070648,2.0,0.02380985952913761,0.5717605352401733,0.34119364619255066,0.009346150911726525,0.8920805676356149,0.44422827496757655,2.0033188372625332,-0.0024795910582131597,0.4991607537956835,0.28400854505226114,9.586813186813188,6.052747252747253,7.350427350427353,3.5487179487179503,1.4725274725274708,-2.62026862026862,1.5506715506715487,0.0
590317.133338928,378,0.02,0.031309857964515686,0.8999999761581421,0.4956021010875702,2.0,0.024223944172263145,0.5817041993141174,0.3471274673938751,0.010490577553978753,0.8920805676356149,0.4541466392004292,2.0033188372625332,-0.0024795910582131597,0.5083161669337013,0.28896772716868746,9.402197802197804,6.079120879120879,7.391452991452994,3.5076923076923094,1.4920634920634903,-2.62026862026862,1.5360195360195341,0.0
590317.153340257,379,0.02,0.03184507042169571,0.8999999761581421,0.5040739178657532,2.0,0.02463802881538868,0.5916478633880615,0.3530612587928772,0.011253528648813571,0.8920805676356149,0.463302052338447,2.002937361715116,-0.0024795910582131597,0.5159456778820495,0.29316395819027896,9.560439560439562,6.079120879120879,7.3230769230769255,3.452991452991455,1.5164835164835146,-2.5274725274725274,1.540903540903539,0.0
590317.173338445,380,0.02,0.032380279153585434,0.8999999761581421,0.5125457644462585,2.0,0.025052111595869064,0.6015915274620056,0.3589950501918793,0.011253528648813571,0.8920805676356149,0.4713130388342126,2.002937361715116,-0.0024795910582131597,0.520141908903641,0.2996490424963749,9.560439560439562,6.105494505494505,7.3230769230769255,3.411965811965814,1.5311355311355292,-2.4102564102564106,1.4871794871794854,0.0
590317.193339851,381,0.02,0.03291549161076546,0.8999999761581421,0.5210175514221191,2.0,0.0254661962389946,0.6115351915359497,0.36492887139320374,0.011253528648813571,0.8920805676356149,0.4793240253299782,2.002937361715116,-0.0024795910582131597,0.5251010910200673,0.3068970778973057,9.560439560439562,6.131868131868131,7.145299145299148,3.370940170940173,1.540903540903539,-2.356532356532357,1.433455433455432,0.0
590317.213402225,382,0.02,0.03345070406794548,0.8999999761581421,0.5294893980026245,2.0,0.02588028274476528,0.6214788556098938,0.3708626627922058,0.011253528648813571,0.8920805676356149,0.4877164873731612,2.002937361715116,-0.0020981155107957505,0.5327306019684155,0.31376363775081906,9.534065934065936,6.158241758241758,7.172649572649576,3.3162393162393187,1.5360195360195341,-2.4200244200244203,1.4481074481074465,0.0
590317.233340312,383,0.02,0.033985916525125504,0.8999999761581421,0.5379612445831299,2.0,0.026294367387890816,0.6314225196838379,0.3767964839935303,0.011253528648813571,0.8920805676356149,0.49725337605859643,2.002937361715116,-0.0013351644159609322,0.5418860151064333,0.3194857709620802,9.534065934065936,6.158241758241758,6.912820512820517,3.275213675213678,1.540903540903539,-2.42979242979243,1.4383394383394368,0.0
590317.253341402,384,0.02,0.03452112525701523,0.8999999761581421,0.5464330911636353,2.0,0.02670845203101635,0.641366183757782,0.38273027539253235,0.01163500419623098,0.8920805676356149,0.5067902647440317,2.002937361715116,-0.000953688868543523,0.5529488059815382,0.32597085526817615,9.560439560439562,6.184615384615384,7.022222222222226,3.2205128205128233,1.5653235653235669,-2.5177045177045176,1.4041514041514027,0.0
590317.273339642,385,0.02,0.03505633771419525,0.8999999761581421,0.5549049377441406,2.0,0.027122536674141884,0.6513098478317261,0.3886640965938568,0.01163500419623098,0.8920805676356149,0.5159456778820495,2.002937361715116,0.0001907377737087046,0.5643930724040604,0.3324559395742721,9.481318681318683,6.21098901098901,6.940170940170944,3.193162393162396,1.5506715506715487,-2.507936507936508,1.4041514041514027,0.0
590317.293335314,386,0.02,0.035591546446084976,0.8999999761581421,0.5633767247200012,2.0,0.02753661945462227,0.6612534523010254,0.3945978879928589,0.012779430838483208,0.8920805676356149,0.5235751888303977,2.002937361715116,0.0013351644159609322,0.5735484855420783,0.3358892195010288,9.270329670329673,6.21098901098901,7.035897435897439,3.124786324786328,1.5604395604395584,-2.4493284493284495,1.4383394383394368,0.0
590317.31340628,387,0.02,0.036126758903265,0.8999999761581421,0.5718485713005066,2.0,0.027950704097747803,0.6711971759796143,0.40053167939186096,0.014305333028152845,0.8920805676356149,0.5312046997787458,2.0025558861676984,0.0017166399633783413,0.5865186541542702,0.34161135271228993,9.270329670329673,6.263736263736263,7.035897435897439,3.1111111111111143,1.599511599511601,-2.5518925518925517,1.4090354090354076,0.0
590317.333339449,388,0.02,0.03666197136044502,0.8999999761581421,0.580320417881012,2.0,0.028364788740873337,0.6811408400535583,0.4064655005931854,0.014686808575570254,0.8920805676356149,0.5384527351796766,2.0025558861676984,0.0017166399633783413,0.5968184939345402,0.3477149614709685,9.323076923076925,6.263736263736263,7.090598290598294,3.0290598290598325,1.6239316239316253,-2.503052503052503,1.3748473748473735,0.0
590317.353559054,389,0.02,0.037197183817625046,0.8999999761581421,0.5887922644615173,2.0,0.02877887338399887,0.6910845041275024,0.4123992919921875,0.015068284122987663,0.8920805676356149,0.5457007705806074,2.0025558861676984,0.0017166399633783413,0.6063553826199755,0.3530556191348122,9.270329670329673,6.263736263736263,7.07692307692308,2.974358974358978,1.633699633699635,-2.537240537240537,1.394383394383393,0.0
590317.373339516,390,0.02,0.03773239254951477,0.8999999761581421,0.5972640514373779,2.0,0.029192958027124405,0.7010281682014465,0.41833311319351196,0.0165941863126573,0.8920805676356149,0.5533302815289556,2.0025558861676984,0.0020981155107957505,0.6181811245899151,0.35877775234607334,8.927472527472531,6.290109890109889,7.418803418803421,2.9470085470085507,1.6532356532356545,-2.547008547008547,1.4139194139194124,0.0
590317.393336264,391,0.02,0.03799999877810478,0.8999999761581421,0.6014999747276306,2.0,0.029400000348687172,0.7059999704360962,0.4212999939918518,0.017357137407492118,0.8920805676356149,0.5609597924773038,2.0025558861676984,0.0024795910582131597,0.6300068665598548,0.36297398336766484,9.112087912087915,6.290109890109889,7.008547008547012,2.90598290598291,1.667887667887669,-2.542124542124542,1.4139194139194124,0.0
590317.413411944,392,0.02,0.03799999877810478,0.8999999761581421,0.6014999747276306,2.0,0.029400000348687172,0.7059999704360962,0.4212999939918518,0.017738612954909527,0.8920805676356149,0.5693522545204868,2.0025558861676984,0.002861066605630569,0.6418326085297945,0.36717021438925634,9.085714285714289,6.316483516483515,7.158974358974362,2.8512820512820554,1.6776556776556788,-2.6007326007326004,1.428571428571427,0.0
590317.433343343,393,0.02,0.03799999877810478,0.8999999761581421,0.6014999747276306,2.0,0.029400000348687172,0.7059999704360962,0.4212999939918518,0.019264515144579164,0.8920805676356149,0.5766002899214175,2.0025558861676984,0.0036240177004653873,0.652513923857482,0.3736552986953523,8.821978021978026,6.316483516483515,7.2136752136752165,2.8102564102564145,1.667887667887669,-2.6007326007326004,1.355311355311354,0.0
590317.453340947,394,0.02,0.03799999877810478,0.8999999761581421,0.6014999747276306,2.0,0.029400000348687172,0.7059999704360962,0.4212999939918518,0.020027466239413982,0.8920805676356149,0.5834668497749309,2.0025558861676984,0.0040054932478827965,0.6658655680170913,0.37975890745403085,8.927472527472531,6.290109890109889,6.858119658119662,2.75555555555556,1.672771672771674,-2.7423687423687424,1.3357753357753346,0.0
590317.473341962,395,0.02,0.03799999877810478,0.8999999761581421,0.6014999747276306,2.0,0.029400000348687172,0.7059999704360962,0.4212999939918518,0.02040894178683139,0.8920805676356149,0.5884260318913572,2.0025558861676984,0.004386968795300206,0.6731136034180221,0.38471808957045717,8.821978021978026,6.342857142857142,6.598290598290603,2.714529914529919,1.6874236874236885,-2.654456654456654,1.2967032967032956,0.0
590317.493342608,396,0.02,0.03799999877810478,0.8999999761581421,0.6014999747276306,2.0,0.029400000348687172,0.7059999704360962,0.4212999939918518,0.02040894178683139,0.8920805676356149,0.5918593118181139,2.0025558861676984,0.005149919890135024,0.6754024567025265,0.38738841840237903,8.821978021978026,6.342857142857142,6.611965811965817,2.646153846153851,1.6874236874236885,-2.571428571428571,1.286935286935286,0.0
590317.513289372,397,0.02,0.03799999877810478,0.8999999761581421,0.6014999747276306,2.0,0.029400000348687172,0.7059999704360962,0.4212999939918518,0.02117189288166621,0.8920805676356149,0.5930037384603661,2.0025558861676984,0.005531395437552433,0.677691309987031,0.3927290760662263,8.663736263736268,6.342857142857142,6.680341880341885,2.6188034188034166,1.706959706959708,-2.5860805860805858,1.1941391941391934,0.0
590317.533341886,398,0.02,0.03799999877810478,0.8999999761581421,0.6014999747276306,2.0,0.029400000348687172,0.7059999704360962,0.4212999939918518,0.022316319523918438,0.8920805676356149,0.5930037384603661,2.0025558861676984,0.005912870984969842,0.6780727855344484,0.39463645380331336,8.610989010989016,6.342857142857142,6.502564102564108,2.564102564102562,1.7167277167277177,-2.5567765567765566,1.2527472527472518,0.0
590317.553347752,399,0.02,0.03799999877810478,0.8999999761581421,0.6014999747276306,2.0,0.029400000348687172,0.7059999704360962,0.4212999939918518,0.022316319523918438,0.8920805676356149,0.5930037384603661,2.0025558861676984,0.005912870984969842,0.6780727855344484,0.396162355992983,8.663736263736268,6.342857142857142,6.475213675213681,2.5504273504273485,1.7264957264957275,-2.547008547008547,1.2283272283272275,0.0
590317.573334786,400,0.02,0.03799999877810478,0.8999999761581421,0.6014999747276306,2.0,0.029400000348687172,0.7059999704360962,0.4212999939918518,0.022316319523918438,0.8920805676356149,0.5930037384603661,2.0025558861676984,0.005912870984969842,0.6780727855344484,0.3965438315404004,8.637362637362642,6.342857142857142,6.475213675213681,2.536752136752135,1.7313797313797323,-2.537240537240537,1.2380952380952372,0.0
590317.593478341,401,0.02,0.03799999877810478,0.8999999761581421,0.6014999747276306,2.0,0.029400000348687172,0.7059999704360962,0.4212999939918518,0.022316319523918438,0.8920805676356149,0.5930037384603661,2.0025558861676984,0.006294346532387252,0.6780727855344484,0.39806973373007004,8.637362637362642,6.342857142857142,6.43418803418804,2.536752136752135,1.7313797313797323,-2.537240537240537,1.2039072039072032,0.0
590317.613343335,402,0.02,0.03799999877810478,0.8999999761581421,0.6014999747276306,2.0,0.029400000348687172,0.7059999704360962,0.4212999939918518,0.022316319523918438,0.8920805676356149,0.5930037384603661,2.0025558861676984,0.006294346532387252,0.6788357366292832,0.3995956359197397,8.637362637362642,6.342857142857142,6.447863247863253,2.536752136752135,1.741147741147742,-2.5665445665445663,1.1794871794871788,0.0
590317.633341013,403,0.02,0.03799999877810478,0.8999999761581421,0.6014999747276306,2.0,0.029400000348687172,0.7059999704360962,0.4212999939918518,0.022316319523918438,0.8920805676356149,0.5930037384603661,2.0025558861676984,0.006294346532387252,0.6803616388189528,0.4003585870145745,8.637362637362642,6.342857142857142,6.447863247863253,2.523076923076921,1.741147741147742,-2.581196581196581,1.1941391941391934,0.0
590317.653326179,404,0.02,0.03799999877810478,0.8999999761581421,0.6014999747276306,2.0,0.029400000348687172,0.7059999704360962,0.4212999939918518,0.022316319523918438,0.8920805676356149,0.5930037384603661,2.0025558861676984,0.006294346532387252,0.6818875410086225,0.4003585870145745,8.637362637362642,6.316483516483515,6.447863247863253,2.523076923076921,1.746031746031747,-2.5909645909645906,1.208791208791208,0.0
590317.673311765,405,0.02,0.03799999877810478,0.8999999761581421,0.6014999747276306,2.0,0.029400000348687172,0.7059999704360962,0.4212999939918518,0.022316319523918438,0.8920805676356149,0.5930037384603661,2.0025558861676984,0.006294346532387252,0.6822690165560399,0.4003585870145745,8.637362637362642,6.342857142857142,6.43418803418804,2.523076923076921,1.741147741147742,-2.576312576312576,1.213675213675213,0.0
590317.69333582,406,0.02,0.03799999877810478,0.8976019024848938,0.6014999747276306,1.9950206279754639,0.029400000348687172,0.7059999704360962,0.4212999939918518,0.022316319523918438,0.8920805676356149,0.5930037384603661,2.0025558861676984,0.006294346532387252,0.6822690165560399,0.3999771114671571,8.637362637362642,6.316483516483515,6.447863247863253,2.536752136752135,1.7509157509157518,-2.571428571428571,1.213675213675213,0.0
590317.713323508,407,0.02,0.03799999877810478,0.8928057551383972,0.6014999747276306,1.9850620031356812,0.029400000348687172,0.7059999704360962,0.4212999939918518,0.022316319523918438,0.8920805676356149,0.5930037384603661,2.002174410620281,0.005912870984969842,0.6822690165560399,0.3999771114671571,8.637362637362642,6.316483516483515,6.447863247863253,2.523076923076921,1.7509157509157518,-2.5665445665445663,1.208791208791208,0.0
590317.733331848,408,0.02,0.03799999877810478,0.8880096077919006,0.6014999747276306,1.9751033782958984,0.029400000348687172,0.7059999704360962,0.4212999939918518,0.022316319523918438,0.8920805676356149,0.5930037384603661,2.002174410620281,0.005912870984969842,0.6822690165560399,0.3999771114671571,8.637362637362642,6.21098901098901,6.447863247863253,2.3726495726495713,1.7509157509157518,-2.571428571428571,1.208791208791208,0.0
590317.75370572,409,0.02,0.03799999877810478,0.883213460445404,0.6014999747276306,1.9651447534561157,0.029400000348687172,0.7059999704360962,0.4212999939918518,0.022316319523918438,0.8920805676356149,0.5930037384603661,2.0017929350728636,0.005912870984969842,0.6822690165560399,0.4003585870145745,8.637362637362642,5.947252747252747,6.43418803418804,2.1401709401709397,1.7509157509157518,-2.571428571428571,1.1941391941391934,0.0
590317.773332726,410,0.02,0.03799999877810478,0.8784172534942627,0.6014999747276306,1.9551860094070435,0.029400000348687172,0.7059999704360962,0.4212999939918518,0.022316319523918438,0.8920805676356149,0.5930037384603661,1.9998855573357766,0.006294346532387252,0.6822690165560399,0.40188448920424413,8.637362637362642,5.630769230769232,6.43418803418804,1.7846153846153854,1.7313797313797323,-2.571428571428571,1.1599511599511594,0.0
590317.793342136,411,0.02,0.03799999877810478,0.8736211061477661,0.6014999747276306,1.9452273845672607,0.029400000348687172,0.7059999704360962,0.4212999939918518,0.022316319523918438,0.8916990920881975,0.5930037384603661,1.995689326314185,0.007438773174639479,0.6822690165560399,0.4056992446784182,8.663736263736268,5.340659340659343,6.447863247863253,1.5111111111111128,1.7118437118437129,-2.5665445665445663,1.0915750915750912,0.0
590317.813336932,412,0.02,0.03799999877810478,0.8688249588012695,0.6014999747276306,1.935268759727478,0.029400000348687172,0.7059999704360962,0.4212999939918518,0.022316319523918438,0.8913176165407801,0.5930037384603661,1.989967193102924,0.009346150911726525,0.6822690165560399,0.4091325246051749,8.663736263736268,5.07692307692308,6.43418803418804,1.4017094017094038,1.667887667887669,-2.571428571428571,1.0525030525030523,0.0
590317.833337111,413,0.02,0.03799999877810478,0.864028811454773,0.6014999747276306,1.9253101348876953,0.029400000348687172,0.7059999704360962,0.4212999939918518,0.022316319523918438,0.8909361409933627,0.5930037384603661,1.9831006332494105,0.01201647974364839,0.6822690165560399,0.4125658045319316,8.637362637362642,4.760439560439558,6.43418803418804,1.2376068376068403,1.6141636141636155,-2.5665445665445663,1.0329670329670328,0.0
590317.853340523,414,0.02,0.03799999877810478,0.8592326641082764,0.6014999747276306,1.915351390838623,0.029400000348687172,0.7059999704360962,0.4212999939918518,0.022316319523918438,0.8886472877088583,0.5930037384603661,1.9754711223010624,0.013160906385900617,0.6822690165560399,0.4167620355535231,8.637362637362642,4.892307692307689,6.43418803418804,1.1282051282051313,1.6874236874236885,-2.5616605616605614,0.9792429792429793,0.0
590317.873335865,415,0.02,0.03799999877810478,0.8544365167617798,0.6014999747276306,1.9053927659988403,0.029400000348687172,0.7059999704360962,0.4212999939918518,0.023079270618753256,0.8852140077821016,0.5930037384603661,1.9674601358052968,0.013542381933318026,0.6826504921034573,0.4205767910276972,8.637362637362642,4.945054945054942,6.461538461538467,1.1282051282051313,1.6874236874236885,-2.5518925518925517,0.9645909645909647,0.0
590317.893451344,416,0.02,0.03799999877810478,0.8496403694152832,0.6014999747276306,1.8954341411590576,0.029400000348687172,0.7059999704360962,0.4212999939918518,0.023079270618753256,0.8798733501182578,0.5930037384603661,1.9594491493095312,0.014686808575570254,0.6826504921034573,0.42362859540703646,8.637362637362642,5.261538461538464,6.475213675213681,1.210256410256413,1.6874236874236885,-2.537240537240537,0.9792429792429793,0.0
590317.913345661,417,0.02,0.03799999877810478,0.8448442220687866,0.6014999747276306,1.885475516319275,0.029400000348687172,0.7059999704360962,0.4212999939918518,0.024605172808422893,0.8714808880750748,0.5930037384603661,1.9487678339818402,0.017738612954909527,0.6822690165560399,0.4247730220492887,8.294505494505486,5.630769230769232,6.475213675213681,1.3470085470085493,1.6190476190476204,-2.5128205128205128,1.0134310134310134,0.0
590317.933338632,418,0.02,0.03799999877810478,0.84004807472229,0.6014999747276306,1.8755167722702026,0.029400000348687172,0.7059999704360962,0.4212999939918518,0.02536812390325771,0.8630884260318918,0.5930037384603661,1.9369420920119005,0.020027466239413982,0.6822690165560399,0.4247730220492887,8.426373626373618,6.052747252747253,6.475213675213681,1.7025641025641036,1.6532356532356545,-2.498168498168498,1.067155067155067,0.0
590317.95334824,419,0.02,0.03799999877810478,0.8352519273757935,0.6014999747276306,1.86555814743042,0.029400000348687172,0.7059999704360962,0.4212999939918518,0.02574959945067512,0.8550774395361262,0.5930037384603661,1.9247348744945434,0.02193484397650103,0.6815060654612051,0.4251544975967061,8.531868131868137,6.263736263736263,6.447863247863253,1.8803418803418808,1.6532356532356545,-2.4395604395604398,1.0964590964590961,0.0
590317.973466392,420,0.02,0.03799999877810478,0.8304557800292969,0.6014999747276306,1.8555995225906372,0.029400000348687172,0.7059999704360962,0.4212999939918518,0.02574959945067512,0.8474479285877781,0.5930037384603661,1.9117647058823515,0.023460746166170665,0.6811245899137877,0.4247730220492887,8.558241758241763,6.527472527472526,6.420512820512826,2.1401709401709397,1.6776556776556788,-2.42979242979243,1.1550671550671545,0.0
590317.993291553,421,0.02,0.03799999877810478,0.8256595730781555,0.6014999747276306,1.8456408977508545,0.029400000348687172,0.7059999704360962,0.4212999939918518,0.02574959945067512,0.8409628442816821,0.5930037384603661,1.8987945372701596,0.023842221713588074,0.6807431143663702,0.42401007095445387,8.610989010989016,6.501098901098899,6.43418803418804,2.536752136752135,1.7167277167277177,-2.4102564102564106,1.213675213675213,0.0
590318.013336141,422,0.02,0.03799999877810478,0.8208634257316589,0.6014999747276306,1.8356821537017822,0.029400000348687172,0.7059999704360962,0.4212999939918518,0.02574959945067512,0.835240711070421,0.5930037384603661,1.886205844205385,0.023842221713588074,0.6807431143663702,0.4221026932173668,8.690109890109895,6.580219780219778,6.393162393162399,2.8102564102564145,1.7509157509157518,-2.3858363858363862,1.3260073260073248,0.0
590318.033341748,423,0.02,0.03799999877810478,0.8160672783851624,0.6014999747276306,1.8257235288619995,0.029400000348687172,0.7059999704360962,0.4212999939918518,0.02536812390325771,0.8299000534065772,0.5930037384603661,1.8724727244983583,0.023842221713588074,0.6807431143663702,0.41866941329061014,8.742857142857147,6.685714285714283,6.420512820512826,3.124786324786328,1.7753357753357761,-2.3663003663003668,1.4139194139194124,0.0
590318.053345266,424,0.02,0.03799999877810478,0.8112711310386658,0.6014999747276306,1.8157649040222168,0.029400000348687172,0.7059999704360962,0.4212999939918518,0.02536812390325771,0.8249408712901509,0.5930037384603661,1.8595025558861664,0.023842221713588074,0.6807431143663702,0.41447318226901864,8.769230769230774,6.8967032967032935,6.4068376068376125,3.370940170940173,1.7948717948717956,-2.3418803418803416,1.5213675213675195,0.0
590318.073342232,425,0.02,0.03799999877810478,0.8064749836921692,0.6014999747276306,1.805806279182434,0.029400000348687172,0.7059999704360962,0.4212999939918518,0.02536812390325771,0.8196002136263072,0.5930037384603661,1.8472953383688093,0.023460746166170665,0.6807431143663702,0.4091325246051749,8.7956043956044,7.0813186813186775,6.4068376068376125,3.6991452991453,1.8241758241758248,-2.327228327228327,1.6434676434676447,0.0
590318.093311429,426,0.02,0.03799999877810478,0.8016788363456726,0.6014999747276306,1.7958475351333618,0.029400000348687172,0.7059999704360962,0.4212999939918518,0.02536812390325771,0.8142595559624635,0.5930037384603661,1.8347066453040348,0.023460746166170665,0.6811245899137877,0.4037918669413312,8.874725274725279,7.13406593406593,6.4068376068376125,3.9726495726495727,1.8437118437118443,-2.3028083028083026,1.7264957264957275,0.0
590318.113334988,427,0.02,0.03799999877810478,0.796882688999176,0.6014999747276306,1.785888910293579,0.029400000348687172,0.7059999704360962,0.4212999939918518,0.02536812390325771,0.8093003738460371,0.5930037384603661,1.8240253299763474,0.023460746166170665,0.6807431143663702,0.39883268482490486,8.901098901098905,7.265934065934061,6.43418803418804,4.082051282051282,1.853479853479854,-2.288156288156288,1.8046398046398053,0.0
590318.133341428,428,0.02,0.03799999877810478,0.7920865416526794,0.6014999747276306,1.7759302854537964,0.029400000348687172,0.7059999704360962,0.4212999939918518,0.02536812390325771,0.8047226672770282,0.5930037384603661,1.81334401464866,0.022697795071335847,0.6807431143663702,0.39463645380331336,9.032967032967036,7.186813186813183,6.43418803418804,4.123076923076923,1.8778998778998783,-2.2735042735042734,1.8778998778998783,0.0
590318.153341211,429,0.02,0.03799999877810478,0.7872903347015381,0.6014999747276306,1.7659716606140137,0.029400000348687172,0.7059999704360962,0.4212999939918518,0.02536812390325771,0.8001449607080193,0.5930037384603661,1.8034256504158073,0.02117189288166621,0.6811245899137877,0.3912031738765567,9.032967032967036,7.371428571428567,6.43418803418804,4.328205128205127,1.9413919413919416,-2.258852258852259,1.9462759462759465,0.0
590318.173338958,430,0.02,0.03799999877810478,0.7824941873550415,0.6014999747276306,1.7560129165649414,0.029400000348687172,0.7059999704360962,0.4212999939918518,0.02536812390325771,0.7955672541390104,0.5930037384603661,1.7935072861829546,0.019645990691996573,0.6811245899137877,0.3904402227817183,9.085714285714289,7.318681318681314,6.475213675213681,4.341880341880341,1.9413919413919416,-2.2393162393162394,1.9560439560439562,0.0
590318.193341708,431,0.02,0.03799999877810478,0.7776980400085449,0.6014999747276306,1.7460542917251587,0.029400000348687172,0.7059999704360962,0.4212999939918518,0.02536812390325771,0.7909895475700015,0.5930037384603661,1.7832074464026846,0.019645990691996573,0.6807431143663702,0.3900587472343009,9.138461538461542,7.397802197802193,6.447863247863253,4.478632478632484,1.926739926739927,-2.2246642246642248,1.9804639804639805,0.0
590318.213339362,432,0.02,0.03799999877810478,0.7729018926620483,0.6014999747276306,1.736095666885376,0.029400000348687172,0.7059999704360962,0.4212999939918518,0.02536812390325771,0.78679331654841,0.5930037384603661,1.773289082169832,0.019645990691996573,0.6807431143663702,0.3896772716868835,9.164835164835168,7.476923076923072,6.447863247863253,4.601709401709407,1.9365079365079367,-2.21001221001221,2.0195360195360195,0.0
590318.233288374,433,0.02,0.03799999877810478,0.7681057453155518,0.6014999747276306,1.7261370420455933,0.029400000348687172,0.7059999704360962,0.4212999939918518,0.02536812390325771,0.7822156099794011,0.5930037384603661,1.7641336690318141,0.019645990691996573,0.6807431143663702,0.3896772716868835,9.21758241758242,7.529670329670324,6.447863247863253,4.547008547008552,1.9462759462759465,-2.1953601953601956,2.0488400488400487,0.0
590318.253336387,434,0.02,0.03799999877810478,0.7633095979690552,0.6014999747276306,1.716178297996521,0.029400000348687172,0.7059999704360962,0.4212999939918518,0.02536812390325771,0.7772564278629748,0.5930037384603661,1.7561226825360485,0.019645990691996573,0.6807431143663702,0.3896772716868835,9.243956043956047,7.661538461538456,6.43418803418804,4.560683760683766,1.960927960927961,-2.175824175824176,2.073260073260073,0.0
590318.273344252,435,0.02,0.03799999877810478,0.7585134506225586,0.6014999747276306,1.7062196731567383,0.029400000348687172,0.7059999704360962,0.4212999939918518,0.02536812390325771,0.7722972457465485,0.5930037384603661,1.7484931715877003,0.019645990691996573,0.6807431143663702,0.3900587472343009,9.243956043956047,7.767032967032961,6.420512820512826,4.259829059829059,1.9706959706959708,-2.1514041514041518,2.0927960927960925,0.0
590318.293339373,436,0.02,0.03799999877810478,0.753717303276062,0.6014999747276306,1.6962610483169556,0.029400000348687172,0.7059999704360962,0.4212999939918518,0.02536812390325771,0.7677195391775395,0.5930037384603661,1.7423895628290218,0.019645990691996573,0.6807431143663702,0.3900587472343009,9.270329670329673,7.582417582417577,6.420512820512826,4.287179487179486,1.9902319902319903,-2.141636141636142,2.1367521367521363,0.0
590318.313340836,437,0.02,0.03799999877810478,0.7489211559295654,0.6014999747276306,1.6863024234771729,0.029400000348687172,0.7059999704360962,0.4212999939918518,0.02536812390325771,0.7631418326085306,0.5930037384603661,1.7347600518806736,0.019645990691996573,0.6811245899137877,0.3904402227817183,9.2967032967033,7.635164835164829,6.4068376068376125,4.246153846153845,2.0,-2.1221001221001226,2.1562881562881557,0.0
590318.333343319,438,0.02,0.03799999877810478,0.7441250085830688,0.6014999747276306,1.6763436794281006,0.029400000348687172,0.7059999704360962,0.4212999939918518,0.02536812390325771,0.7585641260395217,0.5930037384603661,1.7271305409323254,0.019645990691996573,0.6811245899137877,0.3919661249713915,9.2967032967033,7.872527472527466,6.379487179487185,4.15042735042735,2.0097680097680097,-2.102564102564103,2.141636141636141,0.0
590318.35334466,439,0.02,0.03799999877810478,0.7393288612365723,0.6014999747276306,1.6663850545883179,0.029400000348687172,0.7059999704360962,0.4212999939918518,0.02536812390325771,0.7547493705653476,0.5930037384603661,1.7187380788891424,0.020027466239413982,0.6811245899137877,0.3931105516136437,9.323076923076925,7.582417582417577,6.352136752136758,4.259829059829059,2.0146520146520146,-2.0830280830280836,2.1562881562881557,0.0
590318.37334247,440,0.02,0.03799999877810478,0.7345326542854309,0.6014999747276306,1.6564264297485352,0.029400000348687172,0.7059999704360962,0.4212999939918518,0.02536812390325771,0.751316090638591,0.5930037384603661,1.7103456168459594,0.020027466239413982,0.6811245899137877,0.39387350270847854,9.375824175824178,7.503296703296698,6.352136752136758,4.177777777777777,2.034188034188034,-2.073260073260074,2.18070818070818,0.0
590318.393308717,441,0.02,0.03799999877810478,0.7297365069389343,0.6014999747276306,1.6464678049087524,0.029400000348687172,0.7059999704360962,0.4212999939918518,0.02536812390325771,0.7471198596169994,0.5930037384603661,1.7019531548027764,0.020027466239413982,0.6811245899137877,0.3965438315404004,9.323076923076925,7.7406593406593345,6.311111111111117,4.205128205128204,2.0488400488400487,-2.0488400488400496,2.141636141636141,0.0
590318.41346845,442,0.02,0.03799999877810478,0.7249403595924377,0.6014999747276306,1.6365091800689697,0.029400000348687172,0.7059999704360962,0.4212999939918518,0.02536812390325771,0.7436865796902428,0.5930037384603661,1.693179217212176,0.020027466239413982,0.6811245899137877,0.4003585870145745,9.375824175824178,7.608791208791203,6.311111111111117,4.355555555555554,2.0634920634920633,-2.0244200244200243,2.107448107448107,0.0
590318.433283602,443,0.02,0.03799999877810478,0.7201442122459412,0.6014999747276306,1.6265504360198975,0.029400000348687172,0.7059999704360962,0.4212999939918518,0.02536812390325771,0.7391088731212339,0.5930037384603661,1.682879377431906,0.020027466239413982,0.6811245899137877,0.404554818036166,9.402197802197804,7.687912087912082,6.311111111111117,4.3008547008547,2.068376068376068,-2.004884004884005,2.078144078144078,0.0
590318.453472022,444,0.02,0.03799999877810478,0.7153480648994446,0.6014999747276306,1.6165918111801147,0.029400000348687172,0.7059999704360962,0.4212999939918518,0.02536812390325771,0.734531166552225,0.5930037384603661,1.6729610131990533,0.020027466239413982,0.6811245899137877,0.4083695735103401,9.402197802197804,7.635164835164829,6.270085470085476,4.451282051282057,2.0830280830280827,-1.9804639804639805,2.0830280830280827,0.0
590318.473339232,445,0.02,0.03799999877810478,0.710551917552948,0.6014999747276306,1.606633186340332,0.029400000348687172,0.7059999704360962,0.4212999939918518,0.02536812390325771,0.7291905088883812,0.5930037384603661,1.6638056000610355,0.02040894178683139,0.6811245899137877,0.41103990234226195,9.402197802197804,7.687912087912082,6.270085470085476,4.369230769230768,2.0927960927960925,-1.9511599511599513,2.0976800976800973,0.0
590318.493341188,446,0.02,0.03799999877810478,0.7057557702064514,0.6014999747276306,1.5966744422912598,0.029400000348687172,0.7059999704360962,0.4212999939918518,0.02536812390325771,0.7242313267719549,0.5930037384603661,1.6535057602807655,0.02040894178683139,0.6799801632715354,0.412947280079349,9.402197802197804,7.7406593406593345,6.256410256410263,4.588034188034193,2.107448107448107,-1.892551892551893,2.1221001221001217,0.0
590318.513338834,447,0.02,0.03799999877810478,0.7009595632553101,0.6014999747276306,1.586715817451477,0.029400000348687172,0.7059999704360962,0.4212999939918518,0.02536812390325771,0.7192721446555286,0.5930037384603661,1.6435873960479128,0.02040894178683139,0.6792172121767006,0.4140917067216012,9.454945054945057,7.951648351648345,6.229059829059835,4.724786324786329,2.1269841269841265,-1.8681318681318686,2.1611721611721606,0.0
590318.533344642,448,0.02,0.03799999877810478,0.6961634159088135,0.6014999747276306,1.5767571926116943,0.029400000348687172,0.7059999704360962,0.4212999939918518,0.02536812390325771,0.7143129625391023,0.5930037384603661,1.6332875562676428,0.02040894178683139,0.6788357366292832,0.4140917067216012,9.454945054945057,8.004395604395597,6.1880341880341945,4.76581196581197,2.1367521367521363,-1.8388278388278394,2.1953601953601964,0.0
590318.553355328,449,0.02,0.03799999877810478,0.6913672685623169,0.6014999747276306,1.5667985677719116,0.029400000348687172,0.7059999704360962,0.4212999939918518,0.02574959945067512,0.7101167315175108,0.5930037384603661,1.6226062409399553,0.02040894178683139,0.6784542610818658,0.41447318226901864,9.481318681318683,7.793406593406587,6.201709401709408,4.957264957264961,2.1562881562881557,-1.814407814407815,2.2246642246642256,0.0
590318.573347058,450,0.02,0.03799999877810478,0.6865711212158203,0.6014999747276306,1.556839942932129,0.029400000348687172,0.7059999704360962,0.4212999939918518,0.02574959945067512,0.7059205004959193,0.5930037384603661,1.6115434500648504,0.02040894178683139,0.6784542610818658,0.41485465781643605,9.50769230769231,7.978021978021971,6.160683760683767,5.052991452991456,2.1660561660561655,-1.7997557997558005,2.24908424908425,0.0
590318.593342123,451,0.02,0.03799999877810478,0.6817749738693237,0.6014999747276306,1.5468811988830566,0.029400000348687172,0.7059999704360962,0.4212999939918518,0.02574959945067512,0.7017242694743278,0.5930037384603661,1.6012436102845804,0.02040894178683139,0.6792172121767006,0.41485465781643605,9.534065934065936,7.898901098901092,6.13333333333334,5.06666666666667,2.1709401709401703,-1.7997557997558005,2.278388278388279,0.0
590318.613341902,452,0.02,0.03799999877810478,0.6769788265228271,0.6014999747276306,1.536922574043274,0.029400000348687172,0.7059999704360962,0.4212999939918518,0.02574959945067512,0.696383611810484,0.5930037384603661,1.5913252460517278,0.02040894178683139,0.6792172121767006,0.41447318226901864,9.534065934065936,8.083516483516476,6.119658119658119,5.1213675213675245,2.185592185592185,-1.7557997557997567,2.317460317460318,0.0
590318.633344348,453,0.02,0.03799999877810478,0.6721826791763306,0.6014999747276306,1.5269639492034912,0.029400000348687172,0.7059999704360962,0.4212999939918518,0.02536812390325771,0.6906614785992229,0.5930037384603661,1.5814068818188751,0.02040894178683139,0.6788357366292832,0.41447318226901864,9.560439560439562,8.189010989010981,6.078632478632478,5.244444444444447,2.1904761904761916,-1.7069597069597062,2.3467643467643473,0.0
590318.653336791,454,0.02,0.03799999877810478,0.667386531829834,0.6014999747276306,1.517005205154419,0.029400000348687172,0.7059999704360962,0.4212999939918518,0.02536812390325771,0.6849393453879618,0.5930037384603661,1.5707255664911877,0.02040894178683139,0.6784542610818658,0.4140917067216012,9.560439560439562,8.320879120879113,6.064957264957265,5.463247863247865,2.210012210012211,-1.6874236874236868,2.3858363858363862,0.0
590318.673342762,455,0.02,0.03799999877810478,0.6625903844833374,0.6014999747276306,1.5070465803146362,0.029400000348687172,0.7059999704360962,0.4212999939918518,0.02536812390325771,0.6792172121767006,0.5930037384603661,1.5604257267109176,0.02040894178683139,0.6780727855344484,0.4140917067216012,9.586813186813188,8.320879120879113,6.023931623931624,5.572649572649574,2.210012210012211,-1.638583638583638,2.4053724053724057,0.0
590318.693334626,456,0.02,0.03799999877810478,0.6577942371368408,0.6014999747276306,1.4970879554748535,0.029400000348687172,0.7059999704360962,0.4212999939918518,0.02536812390325771,0.6742580300602743,0.5930037384603661,1.5501258869306476,0.02040894178683139,0.6773098344396136,0.41447318226901864,9.613186813186815,8.399999999999991,6.023931623931624,5.654700854700856,2.2197802197802208,-1.6141636141636138,2.42979242979243,0.0
590318.713341008,457,0.02,0.03799999877810478,0.6529980897903442,0.6014999747276306,1.4871292114257812,0.029400000348687172,0.7059999704360962,0.4212999939918518,0.02536812390325771,0.6704432745861002,0.5930037384603661,1.5398260471503775,0.02040894178683139,0.6773098344396136,0.41447318226901864,9.613186813186815,8.452747252747258,5.969230769230769,5.764102564102565,2.2344322344322354,-1.5995115995115992,2.4542124542124544,0.0
590318.733353072,458,0.02,0.03799999877810478,0.6482019424438477,0.6014999747276306,1.4771705865859985,0.029400000348687172,0.7059999704360962,0.4212999939918518,0.02536812390325771,0.6658655680170913,0.5930037384603661,1.52914473182269,0.02040894178683139,0.677691309987031,0.41447318226901864,9.63956043956044,8.373626373626365,5.955555555555556,5.750427350427351,2.2393162393162402,-1.5897435897435894,2.498168498168498,0.0
590318.753339665,459,0.02,0.03799999877810478,0.6434057950973511,0.6014999747276306,1.4672119617462158,0.029400000348687172,0.7059999704360962,0.4212999939918518,0.02536812390325771,0.6612878614480824,0.5930037384603661,1.5203707942320897,0.02040894178683139,0.6780727855344484,0.41447318226901864,9.665934065934067,8.479120879120885,5.900854700854701,5.627350427350429,2.24908424908425,-1.5506715506715505,2.5177045177045176,0.0
590318.773341809,460,0.02,0.03799999877810478,0.6386096477508545,0.6014999747276306,1.457253336906433,0.029400000348687172,0.7059999704360962,0.4212999939918518,0.02536812390325771,0.6567101548790735,0.5930037384603661,1.5115968566414892,0.02040894178683139,0.6780727855344484,0.4140917067216012,9.665934065934067,8.50549450549451,5.900854700854701,5.764102564102565,2.253968253968255,-1.5213675213675213,2.547008547008547,0.0
590318.793340089,461,0.02,0.03799999877810478,0.6338134407997131,0.6014999747276306,1.4472947120666504,0.029400000348687172,0.7059999704360962,0.4212999939918518,0.02536812390325771,0.6517509727626472,0.5930037384603661,1.5024414435034714,0.02040894178683139,0.6780727855344484,0.4140917067216012,9.665934065934067,8.479120879120885,5.873504273504274,5.723076923076924,2.2637362637362646,-1.492063492063492,2.576312576312576,0.0
590318.813339797,462,0.02,0.03799999877810478,0.6290172934532166,0.6014999747276306,1.4373359680175781,0.029400000348687172,0.7059999704360962,0.4212999939918518,0.02536812390325771,0.6464103150988034,0.5930037384603661,1.4932860303654536,0.02040894178683139,0.677691309987031,0.4140917067216012,9.63956043956044,8.58461538461539,5.846153846153847,5.85982905982906,2.2735042735042743,-1.4676434676434678,2.5909645909645906,0.0
590318.833340889,463,0.02,0.03799999877810478,0.6242210865020752,0.6014999747276306,1.4273773431777954,0.029400000348687172,0.7059999704360962,0.4212999939918518,0.02536812390325771,0.6414511329823771,0.5930037384603661,1.4841306172274358,0.02040894178683139,0.677691309987031,0.41485465781643605,9.692307692307693,8.690109890109895,5.832478632478633,5.791452991452992,2.288156288156289,-1.4285714285714288,2.6056166056166052,0.0
590318.853340168,464,0.02,0.03799999877810478,0.6194249987602234,0.6014999747276306,1.4174187183380127,0.029400000348687172,0.7059999704360962,0.4212999939918518,0.02536812390325771,0.6368734264133682,0.5930037384603661,1.4745937285420005,0.02040894178683139,0.6773098344396136,0.41523613336385345,9.692307692307693,8.716483516483521,5.777777777777779,5.900854700854701,2.283272283272284,-1.3992673992673978,2.6300366300366296,0.0
590318.873338776,465,0.02,0.03799999877810478,0.6146288514137268,0.6014999747276306,1.40746009349823,0.029400000348687172,0.7059999704360962,0.4212999939918518,0.02574959945067512,0.6330586709391941,0.5930037384603661,1.4658197909514001,0.02040894178683139,0.6773098344396136,0.41523613336385345,9.692307692307693,8.479120879120885,5.750427350427351,5.832478632478633,2.2930402930402938,-1.3748473748473735,2.6642246642246636,0.0
590318.893342738,466,0.02,0.03799999877810478,0.6098326444625854,0.6014999747276306,1.3975014686584473,0.029400000348687172,0.7059999704360962,0.4212999939918518,0.02574959945067512,0.62924391546502,0.5930037384603661,1.4570458533607997,0.02040894178683139,0.6773098344396136,0.41523613336385345,9.692307692307693,8.479120879120885,5.750427350427351,5.914529914529915,2.3028083028083035,-1.360195360195359,2.6788766788766782,0.0
590318.913352827,467,0.02,0.03799999877810478,0.6050364971160889,0.6014999747276306,1.387542724609375,0.029400000348687172,0.7059999704360962,0.4212999939918518,0.02574959945067512,0.6250476844434285,0.5930037384603661,1.4482719157701993,0.02040894178683139,0.677691309987031,0.41523613336385345,9.71868131868132,8.58461538461539,5.682051282051283,5.723076923076924,2.3028083028083035,-1.3455433455433443,2.6984126984126977,0.0
590318.933407884,468,0.02,0.03799999877810478,0.6002403497695923,0.6014999747276306,1.3775839805603027,0.029400000348687172,0.7059999704360962,0.4212999939918518,0.02574959945067512,0.6212329289692544,0.5930037384603661,1.4398794537270163,0.02040894178683139,0.6780727855344484,0.41523613336385345,9.692307692307693,8.50549450549451,5.682051282051283,5.723076923076924,2.3028083028083035,-1.3113553113553102,2.7326007326007318,0.0
590318.953332218,469,0.02,0.03799999877810478,0.5954442024230957,0.6014999747276306,1.3676254749298096,0.029400000348687172,0.7059999704360962,0.4212999939918518,0.02574959945067512,0.6162737468528281,0.5930037384603661,1.4314869916838333,0.02040894178683139,0.6780727855344484,0.41523613336385345,9.745054945054946,8.58461538461539,5.641025641025642,5.887179487179488,2.3125763125763132,-1.286935286935286,2.7423687423687415,0.0
590318.97333969,470,0.02,0.03799999877810478,0.5906480550765991,0.6014999747276306,1.3576667308807373,0.029400000348687172,0.7059999704360962,0.4212999939918518,0.02574959945067512,0.6116960402838192,0.5930037384603661,1.4223315785458155,0.02040894178683139,0.677691309987031,0.41561760891127086,9.745054945054946,8.531868131868137,5.627350427350429,5.777777777777779,2.3125763125763132,-1.2625152625152616,2.7472527472527464,0.0
590318.993781956,471,0.02,0.03799999877810478,0.5858519077301025,0.6014999747276306,1.3477081060409546,0.029400000348687172,0.7059999704360962,0.4212999939918518,0.02574959945067512,0.6074998092622277,0.5930037384603661,1.4127946898603803,0.02040894178683139,0.677691309987031,0.4159990844586883,9.692307692307693,8.426373626373618,5.586324786324788,5.900854700854701,2.322344322344323,-1.2234432234432226,2.7716727716727707,0.0
590319.01333576,472,0.02,0.03799999877810478,0.581055760383606,0.6014999747276306,1.3377494812011719,0.029400000348687172,0.7059999704360962,0.4212999939918518,0.02613107499809253,0.6029221026932188,0.5930037384603661,1.4028763256275276,0.02040894178683139,0.6773098344396136,0.4171435111009405,9.586813186813188,8.610989010989016,5.545299145299147,5.900854700854701,2.322344322344323,-1.2039072039072032,2.761904761904761,0.0
590319.03333984,473,0.02,0.03799999877810478,0.5762596130371094,0.6014999747276306,1.3277908563613892,0.029400000348687172,0.7059999704360962,0.4212999939918518,0.027275501640344757,0.5983443961242099,0.5930037384603661,1.3925764858472576,0.02040894178683139,0.6773098344396136,0.41866941329061014,9.402197802197804,8.663736263736268,5.531623931623933,6.160683760683767,2.327228327228328,-1.174603174603174,2.7521367521367512,0.0
590319.053341021,474,0.02,0.03799999877810478,0.5714634656906128,0.6014999747276306,1.3178322315216064,0.029400000348687172,0.7059999704360962,0.4212999939918518,0.028038452735179575,0.5933852140077835,0.5930037384603661,1.3811322194247353,0.02040894178683139,0.6773098344396136,0.4209582665751146,9.560439560439562,8.479120879120885,5.476923076923079,6.229059829059835,2.3321123321123327,-1.1452991452991448,2.757020757020756,0.0
590319.073366792,475,0.02,0.03799999877810478,0.5666673183441162,0.6014999747276306,1.3078734874725342,0.029400000348687172,0.7059999704360962,0.4212999939918518,0.028038452735179575,0.589188982986192,0.5930037384603661,1.3712138551918827,0.02040894178683139,0.6773098344396136,0.42286564431220164,9.586813186813188,8.637362637362642,5.435897435897438,6.174358974358981,2.3418803418803424,-1.1208791208791204,2.761904761904761,0.0
590319.093322376,476,0.02,0.03799999877810478,0.5618711709976196,0.6014999747276306,1.297914743423462,0.029400000348687172,0.7059999704360962,0.4212999939918518,0.028038452735179575,0.5846112764171831,0.5930037384603661,1.3616769665064474,0.02040894178683139,0.6773098344396136,0.42286564431220164,9.586813186813188,8.558241758241763,5.408547008547011,6.1880341880341945,2.3369963369963376,-1.0866910866910864,2.8009768009768,0.0
590319.113287247,477,0.02,0.03799999877810478,0.557075023651123,0.6014999747276306,1.2879562377929688,0.029400000348687172,0.7059999704360962,0.4212999939918518,0.028038452735179575,0.5796520943007568,0.5930037384603661,1.3521400778210122,0.02040894178683139,0.6773098344396136,0.42286564431220164,9.586813186813188,8.50549450549451,5.3401709401709425,6.092307692307692,2.3467643467643473,-1.0476190476190474,2.820512820512821,0.0
590319.133339332,478,0.02,0.03799999877810478,0.5522788763046265,0.6014999747276306,1.2779974937438965,0.029400000348687172,0.7059999704360962,0.4212999939918518,0.028038452735179575,0.5750743877317479,0.5930037384603661,1.342603189135577,0.02040894178683139,0.6773098344396136,0.42286564431220164,9.560439560439562,8.531868131868137,5.3401709401709425,6.256410256410263,2.351648351648352,-1.0183150183150182,2.8449328449328455,0.0
590319.153344436,479,0.02,0.03799999877810478,0.5474826693534851,0.6014999747276306,1.2680388689041138,0.029400000348687172,0.7059999704360962,0.4212999939918518,0.028038452735179575,0.5708781567101564,0.5930037384603661,1.3326848249027243,0.0207904173342488,0.6773098344396136,0.42286564431220164,9.560439560439562,8.690109890109895,5.285470085470088,6.338461538461544,2.351648351648352,-0.989010989010989,2.864468864468865,0.0
590319.1733671,480,0.02,0.03799999877810478,0.5426865220069885,0.6014999747276306,1.258080244064331,0.029400000348687172,0.7059999704360962,0.4212999939918518,0.028038452735179575,0.5663004501411475,0.5930037384603661,1.3216220340276195,0.0207904173342488,0.6773098344396136,0.42286564431220164,9.560439560439562,8.558241758241763,5.271794871794874,6.4068376068376125,2.351648351648352,-0.9743589743589745,2.8840048840048844,0.0
590319.193349691,481,0.02,0.03799999877810478,0.5378903746604919,0.6014999747276306,1.2481215000152588,0.029400000348687172,0.7059999704360962,0.4212999939918518,0.028038452735179575,0.5613412680247212,0.5930037384603661,1.3113221942473494,0.0207904173342488,0.6773098344396136,0.42324711985961905,9.586813186813188,8.610989010989016,5.2307692307692335,6.488888888888894,2.356532356532357,-0.9255189255189258,2.893772893772894,0.0
590319.213336708,482,0.02,0.03799999877810478,0.5330942273139954,0.6014999747276306,1.2381629943847656,0.029400000348687172,0.7059999704360962,0.4212999939918518,0.028038452735179575,0.5563820859082949,0.5930037384603661,1.3017853055619142,0.0207904173342488,0.6769283588921962,0.42324711985961905,9.534065934065936,8.742857142857147,5.189743589743593,6.352136752136758,2.356532356532357,-0.8962148962148966,2.9181929181929185,0.0
590319.233390177,483,0.02,0.03799999877810478,0.5282980799674988,0.6014999747276306,1.2282042503356934,0.029400000348687172,0.7059999704360962,0.4212999939918518,0.028038452735179575,0.5514229037918685,0.5930037384603661,1.2926298924238964,0.0207904173342488,0.6769283588921962,0.42324711985961905,9.534065934065936,8.690109890109895,5.148717948717952,6.420512820512826,2.356532356532357,-0.8669108669108674,2.942612942612943,0.0
590319.253342281,484,0.02,0.03799999877810478,0.5235018730163574,0.6014999747276306,1.218245506286621,0.029400000348687172,0.7059999704360962,0.4212999939918518,0.028038452735179575,0.5460822461280248,0.5930037384603661,1.283855954833296,0.0207904173342488,0.6769283588921962,0.42286564431220164,9.560439560439562,8.690109890109895,5.094017094017097,6.379487179487185,2.351648351648352,-0.8327228327228333,2.9621489621489623,0.0
590319.273343526,485,0.02,0.03799999877810478,0.5187057256698608,0.6014999747276306,1.208287000656128,0.029400000348687172,0.7059999704360962,0.4212999939918518,0.028038452735179575,0.5411230640115985,0.5930037384603661,1.2743190661478607,0.0207904173342488,0.6761654077973613,0.42286564431220164,9.534065934065936,8.610989010989016,5.06666666666667,6.420512820512826,2.351648351648352,-0.7887667887667895,2.967032967032967,0.0
590319.29333925,486,0.02,0.03799999877810478,0.5139095783233643,0.6014999747276306,1.1983282566070557,0.029400000348687172,0.7059999704360962,0.4212999939918518,0.028038452735179575,0.5365453574425896,0.5930037384603661,1.264400701915008,0.0207904173342488,0.6761654077973613,0.42324711985961905,9.560439560439562,8.690109890109895,5.0119658119658155,6.598290598290603,2.356532356532357,-0.7741147741147731,2.9865689865689866,0.0
590319.313284493,487,0.02,0.03799999877810478,0.5091134309768677,0.6014999747276306,1.188369631767273,0.029400000348687172,0.7059999704360962,0.4212999939918518,0.028038452735179575,0.5323491264209981,0.5930037384603661,1.2533379110399032,0.0207904173342488,0.6761654077973613,0.42324711985961905,9.50769230769231,8.610989010989016,4.970940170940175,6.611965811965817,2.361416361416362,-0.7496947496947488,3.001221001221001,0.0
590319.333335287,488,0.02,0.03799999877810478,0.5043172836303711,0.6014999747276306,1.1784110069274902,0.029400000348687172,0.7059999704360962,0.4212999939918518,0.028038452735179575,0.5277714198519892,0.5930037384603661,1.2430380712596332,0.0207904173342488,0.6765468833447787,0.42324711985961905,9.50769230769231,8.58461538461539,4.929914529914534,6.680341880341885,2.351648351648352,-0.7106227106227099,3.006105006105006,0.0
590319.353346374,489,0.02,0.03799999877810478,0.4995211362838745,0.6014999747276306,1.168452262878418,0.029400000348687172,0.7059999704360962,0.4212999939918518,0.028419928282596985,0.5235751888303977,0.5930037384603661,1.2331197070267805,0.0207904173342488,0.6765468833447787,0.42362859540703646,9.454945054945057,8.610989010989016,4.9025641025641065,6.6256410256410305,2.356532356532357,-0.6764346764346758,3.0256410256410255,0.0
590319.373342985,490,0.02,0.03799999877810478,0.49472498893737793,0.6014999747276306,1.1584937572479248,0.029400000348687172,0.7059999704360962,0.4212999939918518,0.029182879377431803,0.5186160067139713,0.5930037384603661,1.2235828183413453,0.0207904173342488,0.6765468833447787,0.42362859540703646,9.323076923076925,8.58461538461539,4.875213675213679,6.352136752136758,2.351648351648352,-0.6471306471306466,3.05006105006105,0.0
590319.393343338,491,0.02,0.03799999877810478,0.48992884159088135,0.6014999747276306,1.1485350131988525,0.029400000348687172,0.7059999704360962,0.4212999939918518,0.03032730601968403,0.5132753490501276,0.5930037384603661,1.2151903562981623,0.0207904173342488,0.6765468833447787,0.42286564431220164,9.270329670329673,8.663736263736268,4.820512820512825,6.6256410256410305,2.351648351648352,-0.6227106227106223,3.074481074481074,0.0
590319.413341713,492,0.02,0.03799999877810478,0.4851326644420624,0.6014999747276306,1.1385763883590698,0.029400000348687172,0.7059999704360962,0.4212999939918518,0.03032730601968403,0.5079346913862839,0.5930037384603661,1.2060349431601445,0.0207904173342488,0.6757839322499439,0.42324711985961905,9.349450549450552,8.663736263736268,4.76581196581197,6.529914529914535,2.351648351648352,-0.5641025641025639,3.074481074481074,0.0
590319.433357316,493,0.02,0.03799999877810478,0.4803365468978882,0.6014999747276306,1.128617763519287,0.029400000348687172,0.7059999704360962,0.4212999939918518,0.03032730601968403,0.503356984817275,0.5930037384603661,1.1968795300221267,0.0207904173342488,0.6742580300602743,0.42324711985961905,9.270329670329673,8.7956043956044,4.711111111111116,6.694017094017099,2.351648351648352,-0.49572649572649574,3.084249084249084,0.0
590319.453343271,494,0.02,0.03799999877810478,0.4755403697490692,0.6014999747276306,1.1186590194702148,0.029400000348687172,0.7059999704360962,0.4212999939918518,0.03070878156710144,0.49839780270084866,0.5930037384603661,1.1865796902418566,0.0207904173342488,0.6734950789654395,0.42324711985961905,9.191208791208794,8.716483516483521,4.670085470085475,6.666666666666671,2.3467643467643473,-0.4908424908424909,3.0989010989010985,0.0
590319.473339609,495,0.02,0.03799999877810478,0.47074422240257263,0.6014999747276306,1.1087003946304321,0.029400000348687172,0.7059999704360962,0.4212999939918518,0.03109025711451885,0.49458304722667457,0.5930037384603661,1.1758983749141692,0.02117189288166621,0.6734950789654395,0.42362859540703646,9.243956043956047,8.452747252747258,4.61538461538462,6.680341880341885,2.3418803418803424,-0.46642246642246654,3.113553113553113,0.0
590319.493344385,496,0.02,0.03799999877810478,0.46594807505607605,0.6014999747276306,1.0987417697906494,0.029400000348687172,0.7059999704360962,0.4212999939918518,0.03147173266193626,0.4915312428473353,0.5930037384603661,1.1663614862287321,0.02117189288166621,0.6734950789654395,0.42362859540703646,9.191208791208794,8.215384615384608,4.560683760683766,6.7350427350427395,2.3369963369963376,-0.4420024420024422,3.123321123321123,0.0
590319.51334356,497,0.02,0.03799999877810478,0.4611518979072571,0.6014999747276306,1.0887830257415771,0.029400000348687172,0.7059999704360962,0.4212999939918518,0.03185320820935367,0.4869535362783264,0.5930037384603661,1.1564431219958795,0.02117189288166621,0.6742580300602743,0.42362859540703646,9.00659340659341,8.558241758241763,4.547008547008552,6.543589743589749,2.3321123321123327,-0.4273504273504276,3.1330891330891326,0.0
590319.533389923,498,0.02,0.03799999877810478,0.4563557803630829,0.6014999747276306,1.078824520111084,0.029400000348687172,0.7059999704360962,0.4212999939918518,0.032997634851605895,0.48199435416190006,0.5930037384603661,1.147669184405279,0.02117189288166621,0.6742580300602743,0.42362859540703646,9.00659340659341,8.531868131868137,4.492307692307698,6.611965811965817,2.322344322344323,-0.3882783882783887,3.1428571428571423,0.0
590319.553340544,499,0.02,0.03799999877810478,0.4515596330165863,0.6014999747276306,1.0688657760620117,0.029400000348687172,0.7059999704360962,0.4212999939918518,0.033379110399023304,0.47741664759289115,0.5930037384603661,1.139276722362096,0.02117189288166621,0.6738765545128569,0.42401007095445387,9.032967032967036,8.347252747252739,4.437606837606843,6.475213675213681,2.317460317460318,-0.33943833943834,3.152625152625152,0.0
590319.573340157,500,0.02,0.03799999877810478,0.44676345586776733,0.6014999747276306,1.058907151222229,0.029400000348687172,0.7059999704360962,0.4212999939918518,0.033379110399023304,0.47245746547646483,0.5930037384603661,1.1301213092240783,0.02117189288166621,0.6731136034180221,0.42401007095445387,9.032967032967036,8.373626373626365,4.4239316239316295,6.611965811965817,2.317460317460318,-0.30525030525030594,3.157509157509157,0.0
590319.593335465,501,0.02,0.03799999877810478,0.44196730852127075,0.6014999747276306,1.0489485263824463,0.029400000348687172,0.7059999704360962,0.4212999939918518,0.03376058594644071,0.4671168078126211,0.5930037384603661,1.1209658960860605,0.02117189288166621,0.6727321278706047,0.42401007095445387,9.00659340659341,8.479120879120885,4.369230769230768,6.557264957264962,2.322344322344323,-0.26129426129426214,3.162393162393162,0.0
590319.613359933,502,0.02,0.03799999877810478,0.4371711313724518,0.6014999747276306,1.038989782333374,0.029400000348687172,0.7059999704360962,0.4212999939918518,0.03414206149385812,0.4636835278858644,0.5930037384603661,1.1118104829480426,0.02155336842908362,0.6719691767757698,0.4247730220492887,8.901098901098905,8.162637362637355,4.328205128205127,6.5162393162393215,2.283272283272284,-0.23199023199023294,3.1428571428571423,0.0
590319.633341488,503,0.02,0.03799999877810478,0.4323749840259552,0.6014999747276306,1.0290311574935913,0.029400000348687172,0.7059999704360962,0.4212999939918518,0.03452353704127553,0.4591058213168555,0.5930037384603661,1.1003662165255204,0.02193484397650103,0.6715877012283524,0.4259174486915409,8.848351648351652,8.162637362637355,4.2735042735042725,6.7350427350427395,2.288156288156289,-0.20268620268620374,3.1282051282051277,0.0
590319.653339504,504,0.02,0.03799999877810478,0.427578866481781,0.6014999747276306,1.0190725326538086,0.029400000348687172,0.7059999704360962,0.4212999939918518,0.03566796368352776,0.4552910658426814,0.5930037384603661,1.0893034256504155,0.022316319523918438,0.6731136034180221,0.4289692530708802,8.637362637362642,8.109890109890102,4.218803418803418,6.830769230769235,2.2735042735042743,-0.23199023199023294,3.113553113553113,0.0
590319.673339169,505,0.02,0.03799999877810478,0.42278268933296204,0.6014999747276306,1.0091137886047363,0.029400000348687172,0.7059999704360962,0.4212999939918518,0.03643091477836258,0.4510948348210899,0.5930037384603661,1.0774776836804758,0.022697795071335847,0.6742580300602743,0.4301136797131324,8.769230769230774,8.109890109890102,4.1641025641025635,6.789743589743594,2.24908424908425,-0.192918192918194,3.0989010989010985,0.0
590319.693341567,506,0.02,0.03799999877810478,0.41798654198646545,0.6014999747276306,0.9991551637649536,0.029400000348687172,0.7059999704360962,0.4212999939918518,0.03643091477836258,0.4461356527046636,0.5930037384603661,1.068322270542458,0.023079270618753256,0.6738765545128569,0.43087663080796723,8.716483516483521,8.109890109890102,4.136752136752136,6.639316239316244,2.24908424908425,-0.14896214896214843,3.118437118437118,0.0
590319.713339829,507,0.02,0.03799999877810478,0.4131903648376465,0.6014999747276306,0.9891965389251709,0.029400000348687172,0.7059999704360962,0.4212999939918518,0.03643091477836258,0.4411764705882373,0.5930037384603661,1.0603112840466924,0.023842221713588074,0.6734950789654395,0.43125810635538464,8.690109890109895,8.083516483516476,4.068376068376068,6.461538461538467,2.244200244200245,-0.0952380952380949,3.1379731379731375,0.0
590319.733343718,508,0.02,0.03799999877810478,0.4083942174911499,0.6014999747276306,0.9792379140853882,0.029400000348687172,0.7059999704360962,0.4212999939918518,0.03643091477836258,0.43621728847181096,0.5930037384603661,1.0523002975509268,0.023842221713588074,0.6731136034180221,0.43087663080796723,8.690109890109895,8.109890109890102,4.041025641025641,6.557264957264962,2.24908424908425,-0.06105006105006083,3.147741147741147,0.0
590319.753336339,509,0.02,0.03799999877810478,0.4035980701446533,0.6014999747276306,0.9692792892456055,0.029400000348687172,0.7059999704360962,0.4212999939918518,0.03643091477836258,0.43087663080796723,0.5930037384603661,1.043144884412909,0.023842221713588074,0.6731136034180221,0.43087663080796723,8.690109890109895,8.083516483516476,4.0,6.4068376068376125,2.2344322344322354,-0.026862026862026767,3.152625152625152,0.0
590319.774053422,510,0.02,0.03799999877810478,0.40119999647140503,0.6014999747276306,0.9642999768257141,0.029400000348687172,0.7059999704360962,0.4212999939918518,0.03643091477836258,0.4259174486915409,0.5930037384603661,1.032845044632639,0.024605172808422893,0.6727321278706047,0.43163958190280205,8.663736263736268,8.189010989010981,3.9452991452991455,6.598290598290603,2.210012210012211,0.0024420024420024333,3.1379731379731375,0.0
590319.793303364,511,0.02,0.03799999877810478,0.40119999647140503,0.6014999747276306,0.9642999768257141,0.029400000348687172,0.7059999704360962,0.4212999939918518,0.03643091477836258,0.4221026932173668,0.5930037384603661,1.0229266803997863,0.02574959945067512,0.6731136034180221,0.4331654840924717,8.610989010989016,7.898901098901092,3.890598290598291,6.762393162393167,2.1660561660561655,0.017094017094017033,3.118437118437118,0.0
590319.81334063,512,0.02,0.03799999877810478,0.40119999647140503,0.6014999747276306,0.9642999768257141,0.029400000348687172,0.7059999704360962,0.4212999939918518,0.03681239032577999,0.41828793774319273,0.5930037384603661,1.011482413977264,0.027275501640344757,0.6731136034180221,0.4346913862821413,8.58461538461539,7.898901098901092,3.8632478632478637,6.789743589743594,2.1269841269841265,0.0512820512820511,3.0940170940170937,0.0
590319.833340291,513,0.02,0.03799999877810478,0.40119999647140503,0.6014999747276306,0.9642999768257141,0.029400000348687172,0.7059999704360962,0.4212999939918518,0.03681239032577999,0.4140917067216012,0.5930037384603661,1.0019455252918288,0.027275501640344757,0.6734950789654395,0.43545433737697614,8.558241758241763,7.951648351648345,3.8085470085470092,6.967521367521371,2.1660561660561655,0.0805860805860803,3.113553113553113,0.0
590319.853342754,514,0.02,0.03799999877810478,0.40119999647140503,0.6014999747276306,0.9642999768257141,0.029400000348687172,0.7059999704360962,0.4212999939918518,0.03681239032577999,0.4091325246051749,0.5930037384603661,0.9958419165331502,0.026894026092927348,0.6738765545128569,0.43545433737697614,8.531868131868137,8.558241758241763,3.7675213675213683,7.022222222222226,2.185592185592185,0.11477411477411437,3.1282051282051277,0.0
590319.873335309,515,0.02,0.03799999877810478,0.40119999647140503,0.6014999747276306,0.9642999768257141,0.029400000348687172,0.7059999704360962,0.4212999939918518,0.03643091477836258,0.4053177691310008,0.5930037384603661,0.9924086366063936,0.02651255054550994,0.6738765545128569,0.4343099107347239,8.610989010989016,8.663736263736268,3.7264957264957275,7.364102564102566,2.18070818070818,0.14407814407814357,3.186813186813186,0.0
590319.893340943,516,0.02,0.03799999877810478,0.40119999647140503,0.6014999747276306,0.9642999768257141,0.029400000348687172,0.7059999704360962,0.4212999939918518,0.03604943923094517,0.4011215381094093,0.5930037384603661,0.9882124055848021,0.02613107499809253,0.6742580300602743,0.4301136797131324,8.610989010989016,8.874725274725279,3.6854700854700866,7.555555555555557,2.1660561660561655,0.17338217338217277,3.2551892551892543,0.0
590319.913284214,517,0.02,0.03799999877810478,0.40119999647140503,0.6014999747276306,0.9642999768257141,0.029400000348687172,0.7059999704360962,0.4212999939918518,0.03566796368352776,0.39806973373007004,0.5930037384603661,0.9851606012054628,0.02574959945067512,0.6742580300602743,0.4285877775234628,8.58461538461539,8.901098901098905,3.6444444444444457,7.664957264957266,2.1562881562881557,0.1978021978021971,3.2405372405372397,0.0
590319.933335489,518,0.02,0.03799999877810478,0.40119999647140503,0.6014999747276306,0.9642999768257141,0.029400000348687172,0.7059999704360962,0.4212999939918518,0.03566796368352776,0.3953994048981482,0.5930037384603661,0.9836346990157931,0.02574959945067512,0.6742580300602743,0.4247730220492887,8.531868131868137,9.085714285714289,3.589743589743591,7.555555555555557,2.1660561660561655,0.2124542124542117,3.3235653235653224,0.0
590319.95333872,519,0.02,0.03799999877810478,0.40119999647140503,0.6014999747276306,0.9642999768257141,0.029400000348687172,0.7059999704360962,0.4212999939918518,0.03566796368352776,0.39387350270847854,0.5930037384603661,0.9828717479209583,0.02536812390325771,0.6742580300602743,0.4205767910276972,8.531868131868137,9.032967032967036,3.5760683760683776,7.569230769230771,2.146520146520146,0.23687423687423603,3.3479853479853467,0.0
590319.973341244,520,0.02,0.03799999877810478,0.40119999647140503,0.6014999747276306,0.9642999768257141,0.029400000348687172,0.7059999704360962,0.4212999939918518,0.03566796368352776,0.3927290760662263,0.5930037384603661,0.9828717479209583,0.023842221713588074,0.6742580300602743,0.4171435111009405,8.531868131868137,8.980219780219784,3.562393162393164,7.623931623931625,2.18070818070818,0.2417582417582409,3.382173382173381,0.0
590319.993353441,521,0.02,0.03799999877810478,0.40119999647140503,0.6014999747276306,0.9642999768257141,0.029400000348687172,0.7059999704360962,0.4212999939918518,0.03604943923094517,0.3927290760662263,0.5930037384603661,0.9828717479209583,0.023842221713588074,0.6742580300602743,0.41523613336385345,8.479120879120885,8.901098901098905,3.5350427350427367,7.637606837606839,2.1562881562881557,0.25152625152625063,3.382173382173381,0.0
590320.013350682,522,0.02,0.03799999877810478,0.40119999647140503,0.6014999747276306,0.9642999768257141,0.029400000348687172,0.7059999704360962,0.4212999939918518,0.03604943923094517,0.3927290760662263,0.5930037384603661,0.9828717479209583,0.023842221713588074,0.6761654077973613,0.41485465781643605,8.452747252747258,8.901098901098905,3.5350427350427367,7.623931623931625,2.146520146520146,0.1978021978021971,3.3479853479853467,0.0
590320.033338907,523,0.02,0.03799999877810478,0.40119999647140503,0.6014999747276306,0.9642999768257141,0.029400000348687172,0.7059999704360962,0.4212999939918518,0.03643091477836258,0.3931105516136437,0.5930037384603661,0.9828717479209583,0.023842221713588074,0.6784542610818658,0.4159990844586883,8.452747252747258,8.874725274725279,3.521367521367523,7.637606837606839,2.151404151404151,0.1831501831501825,3.299145299145298,0.0
590320.053313191,524,0.02,0.03799999877810478,0.40119999647140503,0.6014999747276306,0.9642999768257141,0.029400000348687172,0.7059999704360962,0.4212999939918518,0.03643091477836258,0.3931105516136437,0.5930037384603661,0.9832532234683757,0.023842221713588074,0.679598687724118,0.4209582665751146,8.426373626373618,8.874725274725279,3.5350427350427367,7.623931623931625,2.151404151404151,0.17826617826617763,3.1770451770451764,0.0
590320.073339512,525,0.02,0.03799999877810478,0.40119999647140503,0.6014999747276306,0.9642999768257141,0.029400000348687172,0.7059999704360962,0.4212999939918518,0.03681239032577999,0.3931105516136437,0.5930037384603661,0.9832532234683757,0.024605172808422893,0.6811245899137877,0.4259174486915409,8.426373626373618,8.874725274725279,3.521367521367523,7.623931623931625,2.1318681318681314,0.16361416361416303,3.1428571428571423,0.0
590320.093343309,526,0.02,0.03799999877810478,0.40119999647140503,0.6014999747276306,0.9642999768257141,0.029400000348687172,0.7059999704360962,0.4212999939918518,0.03681239032577999,0.39349202716106113,0.5930037384603661,0.9832532234683757,0.02574959945067512,0.6815060654612051,0.43163958190280205,8.452747252747258,8.848351648351652,3.521367521367523,7.623931623931625,2.1221001221001217,0.18803418803418737,3.074481074481074,0.0
590320.113340765,527,0.02,0.03799999877810478,0.40119999647140503,0.6014999747276306,0.9642999768257141,0.029400000348687172,0.7059999704360962,0.4212999939918518,0.03681239032577999,0.39349202716106113,0.5930037384603661,0.9832532234683757,0.027275501640344757,0.6815060654612051,0.43583581292439355,8.452747252747258,8.821978021978026,3.5076923076923094,7.610256410256412,2.0830280830280827,0.19291819291819223,3.05006105006105,0.0
590320.13334095,528,0.02,0.03799999877810478,0.40119999647140503,0.6014999747276306,0.9642999768257141,0.029400000348687172,0.7059999704360962,0.4212999939918518,0.03681239032577999,0.39349202716106113,0.5930037384603661,0.9832532234683757,0.027656977187762166,0.6815060654612051,0.4388876173037328,8.452747252747258,8.821978021978026,3.5076923076923094,7.623931623931625,2.107448107448107,0.20268620268620197,3.0598290598290596,0.0
590320.153285396,529,0.02,0.03799999877810478,0.40119999647140503,0.6014999747276306,0.9642999768257141,0.029400000348687172,0.7059999704360962,0.4212999939918518,0.03681239032577999,0.39387350270847854,0.5930037384603661,0.9832532234683757,0.028801403830014394,0.6815060654612051,0.4411764705882373,8.452747252747258,8.742857142857147,3.5076923076923094,7.610256410256412,2.102564102564102,0.20268620268620197,3.0354090354090353,0.0
590320.173389773,530,0.02,0.03799999877810478,0.40119999647140503,0.6014999747276306,0.9642999768257141,0.029400000348687172,0.7059999704360962,0.4212999939918518,0.03681239032577999,0.39425497825589595,0.5930037384603661,0.9832532234683757,0.028801403830014394,0.6815060654612051,0.4427023727779069,8.452747252747258,8.690109890109895,3.5076923076923094,7.623931623931625,2.117216117216117,0.20268620268620197,3.0549450549450547,0.0
590320.193349535,531,0.02,0.03799999877810478,0.40119999647140503,0.6014999747276306,0.9642999768257141,0.029400000348687172,0.7059999704360962,0.4212999939918518,0.03681239032577999,0.39501792935073077,0.5930037384603661,0.9832532234683757,0.028801403830014394,0.6815060654612051,0.4427023727779069,8.426373626373618,8.663736263736268,3.5350427350427367,7.610256410256412,2.117216117216117,0.20268620268620197,3.0647130647130645,0.0
590320.21334303,532,0.02,0.03799999877810478,0.40119999647140503,0.6014999747276306,0.9642999768257141,0.029400000348687172,0.7059999704360962,0.4212999939918518,0.03681239032577999,0.3957808804455656,0.5930037384603661,0.9832532234683757,0.028419928282596985,0.6815060654612051,0.4427023727779069,8.452747252747258,8.663736263736268,3.5076923076923094,7.610256410256412,2.1269841269841265,0.20757020757020683,3.0647130647130645,0.0
590320.233332181,533,0.02,0.03799999877810478,0.40119999647140503,0.6014999747276306,0.9642999768257141,0.029400000348687172,0.7059999704360962,0.4212999939918518,0.03681239032577999,0.3957808804455656,0.5930037384603661,0.9832532234683757,0.028419928282596985,0.6815060654612051,0.4427023727779069,8.452747252747258,8.716483516483521,3.5350427350427367,7.610256410256412,2.1221001221001217,0.20268620268620197,3.0647130647130645,0.0
590320.253340896,534,0.02,0.03799999877810478,0.40119999647140503,0.6014999747276306,0.9642999768257141,0.029400000348687172,0.7059999704360962,0.4212999939918518,0.03681239032577999,0.3957808804455656,0.5930037384603661,0.9832532234683757,0.028419928282596985,0.6815060654612051,0.4427023727779069,8.452747252747258,8.690109890109895,3.5350427350427367,7.623931623931625,2.1221001221001217,0.20268620268620197,3.0647130647130645,0.0
590320.273339354,535,0.02,0.03799999877810478,0.40119999647140503,0.6014999747276306,0.9642999768257141,0.029400000348687172,0.7059999704360962,0.4212999939918518,0.03681239032577999,0.3957808804455656,0.5930037384603661,0.9832532234683757,0.028419928282596985,0.6815060654612051,0.4427023727779069,8.452747252747258,8.716483516483521,3.5487179487179503,7.610256410256412,2.1221001221001217,0.1978021978021971,3.0647130647130645,0.0
590320.29334799,536,0.02,0.03799999877810478,0.40119999647140503,0.6014999747276306,0.9642999768257141,0.029400000348687172,0.7059999704360962,0.4212999939918518,0.03681239032577999,0.3957808804455656,0.5930037384603661,0.9832532234683757,0.028419928282596985,0.6815060654612051,0.4427023727779069,8.426373626373618,8.742857142857147,3.5350427350427367,7.623931623931625,2.1367521367521363,0.19291819291819223,3.0695970695970693,0.0
590320.313339506,537,0.02,0.03799999877810478,0.40119999647140503,0.6014999747276306,0.9642999768257141,0.029400000348687172,0.7059999704360962,0.4212999939918518,0.03681239032577999,0.3957808804455656,0.5930037384603661,0.9832532234683757,0.028038452735179575,0.6815060654612051,0.4427023727779069,8.452747252747258,8.742857142857147,3.521367521367523,7.610256410256412,2.1269841269841265,0.1978021978021971,3.0695970695970693,0.0
590320.333293396,538,0.02,0.03799999877810478,0.40119999647140503,0.6014999747276306,0.9642999768257141,0.029400000348687172,0.7059999704360962,0.4212999939918518,0.03681239032577999,0.3953994048981482,0.5930037384603661,0.9832532234683757,0.028038452735179575,0.6815060654612051,0.4427023727779069,8.452747252747258,8.742857142857147,3.5350427350427367,7.610256410256412,2.1269841269841265,0.1978021978021971,3.0647130647130645,0.0
590320.35334176,539,0.02,0.03799999877810478,0.40119999647140503,0.6014999747276306,0.9642999768257141,0.029400000348687172,0.7059999704360962,0.4212999939918518,0.03681239032577999,0.3953994048981482,0.5930037384603661,0.9832532234683757,0.028038452735179575,0.6815060654612051,0.4427023727779069,8.452747252747258,8.742857142857147,3.5350427350427367,7.610256410256412,2.1318681318681314,0.1978021978021971,3.0647130647130645,0.0
590320.373340058,540,0.02,0.03799999877810478,0.40119999647140503,0.6014999747276306,0.9642999768257141,0.029400000348687172,0.7059999704360962,0.4212999939918518,0.03681239032577999,0.3953994048981482,0.5930037384603661,0.9832532234683757,0.028038452735179575,0.6818875410086225,0.4427023727779069,8.452747252747258,8.742857142857147,3.521367521367523,7.610256410256412,2.1367521367521363,0.19291819291819223,3.0695970695970693,0.0
590320.393340158,541,0.02,0.03799999877810478,0.40119999647140503,0.6014999747276306,0.9642999768257141,0.029400000348687172,0.7059999704360962,0.4212999939918518,0.03681239032577999,0.3953994048981482,0.5930037384603661,0.9832532234683757,0.028038452735179575,0.6818875410086225,0.4427023727779069,8.452747252747258,8.716483516483521,3.5487179487179503,7.610256410256412,2.1318681318681314,0.1978021978021971,3.0647130647130645,0.0
590320.413338624,542,0.02,0.03799999877810478,0.40119999647140503,0.6014999747276306,0.9642999768257141,0.029400000348687172,0.7059999704360962,0.4212999939918518,0.03681239032577999,0.3953994048981482,0.5930037384603661,0.9832532234683757,0.028038452735179575,0.6818875410086225,0.4427023727779069,8.452747252747258,8.716483516483521,3.521367521367523,7.610256410256412,2.1318681318681314,0.19291819291819223,3.074481074481074,0.0
590320.433312531,543,0.02,0.03799999877810478,0.40119999647140503,0.6014999747276306,0.9642999768257141,0.029400000348687172,0.7059999704360962,0.4212999939918518,0.03681239032577999,0.3953994048981482,0.5930037384603661,0.9832532234683757,0.028038452735179575,0.6818875410086225,0.4427023727779069,8.452747252747258,8.716483516483521,3.521367521367523,7.596581196581198,2.1318681318681314,0.20268620268620197,3.0695970695970693,0.0
590320.453342642,544,0.02,0.03799999877810478,0.40119999647140503,0.6014999747276306,0.9642999768257141,0.029400000348687172,0.7059999704360962,0.4212999939918518,0.03681239032577999,0.3953994048981482,0.5930037384603661,0.9832532234683757,0.028038452735179575,0.6818875410086225,0.4427023727779069,8.452747252747258,8.716483516483521,3.5487179487179503,7.623931623931625,2.1318681318681314,0.1978021978021971,3.0695970695970693,0.0
590320.473340676,545,0.02,0.03799999877810478,0.40119999647140503,0.6014999747276306,0.9642999768257141,0.029400000348687172,0.7059999704360962,0.4212999939918518,0.03681239032577999,0.3953994048981482,0.5930037384603661,0.9832532234683757,0.028038452735179575,0.6815060654612051,0.4427023727779069,8.452747252747258,8.716483516483521,3.521367521367523,7.610256410256412,2.1318681318681314,0.20268620268620197,3.0647130647130645,0.0
590320.493340544,546,0.02,0.03799999877810478,0.40119999647140503,0.6014999747276306,0.9642999768257141,0.029400000348687172,0.7059999704360962,0.4212999939918518,0.03681239032577999,0.3953994048981482,0.5930037384603661,0.9832532234683757,0.028038452735179575,0.6815060654612051,0.4427023727779069,8.452747252747258,8.716483516483521,3.5350427350427367,7.610256410256412,2.1269841269841265,0.1978021978021971,3.0695970695970693,0.0
590320.513337851,547,0.02,0.03799999877810478,0.40119999647140503,0.6014999747276306,0.9642999768257141,0.029400000348687172,0.7059999704360962,0.4212999939918518,0.03681239032577999,0.3953994048981482,0.5930037384603661,0.9832532234683757,0.028038452735179575,0.6815060654612051,0.4427023727779069,8.452747252747258,8.690109890109895,3.5350427350427367,7.610256410256412,2.1269841269841265,0.1978021978021971,3.0647130647130645,0.0
590320.533464301,548,0.02,0.03799999877810478,0.40119999647140503,0.6014999747276306,0.9642999768257141,0.029400000348687172,0.7059999704360962,0.4212999939918518,0.03681239032577999,0.3953994048981482,0.5930037384603661,0.9832532234683757,0.028038452735179575,0.6815060654612051,0.4427023727779069,8.452747252747258,8.716483516483521,3.5350427350427367,7.623931623931625,2.1269841269841265,0.20268620268620197,3.074481074481074,0.0
590320.553341143,549,0.02,0.03799999877810478,0.40119999647140503,0.6014999747276306,0.9642999768257141,0.029400000348687172,0.7059999704360962,0.4212999939918518,0.03681239032577999,0.3953994048981482,0.5930037384603661,0.9832532234683757,0.028038452735179575,0.6815060654612051,0.4427023727779069,8.452747252747258,8.716483516483521,3.5350427350427367,7.623931623931625,2.1269841269841265,0.20268620268620197,3.0647130647130645,0.0
590320.573340379,550,0.02,0.03799999877810478,0.40119999647140503,0.6014999747276306,0.9642999768257141,0.029400000348687172,0.7059999704360962,0.4212999939918518,0.03681239032577999,0.3953994048981482,0.5930037384603661,0.9832532234683757,0.028038452735179575,0.6815060654612051,0.4427023727779069,8.452747252747258,8.716483516483521,3.521367521367523,7.623931623931625,2.1318681318681314,0.1978021978021971,3.0695970695970693,0.0
590320.593342091,551,0.02,0.03799999877810478,0.40119999647140503,0.6014999747276306,0.9642999768257141,0.029400000348687172,0.7059999704360962,0.4212999939918518,0.03681239032577999,0.3953994048981482,0.5930037384603661,0.9832532234683757,0.028038452735179575,0.6815060654612051,0.4427023727779069,8.452747252747258,8.716483516483521,3.5350427350427367,7.610256410256412,2.1318681318681314,0.20268620268620197,3.0695970695970693,0.0
590320.613345287,552,0.02,0.03799999877810478,0.40119999647140503,0.6014999747276306,0.9642999768257141,0.029400000348687172,0.7059999704360962,0.4212999939918518,0.03681239032577999,0.3953994048981482,0.5930037384603661,0.9832532234683757,0.028038452735179575,0.6818875410086225,0.4427023727779069,8.452747252747258,8.716483516483521,3.521367521367523,7.623931623931625,2.1318681318681314,0.20268620268620197,3.0647130647130645,0.0
590320.633341374,553,0.02,0.03799999877810478,0.40119999647140503,0.6014999747276306,0.9642999768257141,0.029400000348687172,0.7059999704360962,0.4212999939918518,0.03681239032577999,0.3953994048981482,0.5930037384603661,0.9832532234683757,0.028038452735179575,0.6818875410086225,0.4427023727779069,8.452747252747258,8.716483516483521,3.521367521367523,7.623931623931625,2.1318681318681314,0.1978021978021971,3.0695970695970693,0.0
590320.653337723,554,0.02,0.03799999877810478,0.40119999647140503,0.6014999747276306,0.9642999768257141,0.029400000348687172,0.7059999704360962,0.4212999939918518,0.03681239032577999,0.3953994048981482,0.5930037384603661,0.9832532234683757,0.028038452735179575,0.6818875410086225,0.4427023727779069,8.452747252747258,8.716483516483521,3.5487179487179503,7.623931623931625,2.1318681318681314,0.1978021978021971,3.0695970695970693,0.0
590320.673288847,555,0.02,0.03799999877810478,0.40119999647140503,0.6014999747276306,0.9642999768257141,0.029400000348687172,0.7059999704360962,0.4212999939918518,0.03681239032577999,0.3953994048981482,0.5930037384603661,0.9832532234683757,0.028038452735179575,0.6818875410086225,0.4427023727779069,8.452747252747258,8.716483516483521,3.5487179487179503,7.610256410256412,2.1269841269841265,0.1978021978021971,3.0695970695970693,0.0
590320.693349151,556,0.02,0.03799999877810478,0.40119999647140503,0.6014999747276306,0.9642999768257141,0.029400000348687172,0.7059999704360962,0.4212999939918518,0.03681239032577999,0.3953994048981482,0.5930037384603661,0.9832532234683757,0.028038452735179575,0.6818875410086225,0.4427023727779069,8.452747252747258,8.716483516483521,3.5350427350427367,7.610256410256412,2.1269841269841265,0.20268620268620197,3.0695970695970693,0.0
590320.713339968,557,0.02,0.03799999877810478,0.40119999647140503,0.6014999747276306,0.9642999768257141,0.029400000348687172,0.7059999704360962,0.4212999939918518,0.03681239032577999,0.3953994048981482,0.5930037384603661,0.9832532234683757,0.028038452735179575,0.6818875410086225,0.4427023727779069,8.426373626373618,8.716483516483521,3.5350427350427367,7.623931623931625,2.1318681318681314,0.1978021978021971,3.0695970695970693,0.0
590320.733291661,558,0.02,0.03799999877810478,0.40119999647140503,0.6014999747276306,0.9642999768257141,0.029400000348687172,0.7059999704360962,0.4212999939918518,0.03681239032577999,0.3953994048981482,0.5930037384603661,0.9832532234683757,0.028038452735179575,0.6818875410086225,0.4427023727779069,8.452747252747258,8.716483516483521,3.5350427350427367,7.610256410256412,2.1318681318681314,0.1978021978021971,3.0647130647130645,0.0
590320.753335566,559,0.02,0.03799999877810478,0.40119999647140503,0.6014999747276306,0.9642999768257141,0.029400000348687172,0.7059999704360962,0.4212999939918518,0.03681239032577999,0.3953994048981482,0.5930037384603661,0.9832532234683757,0.028038452735179575,0.6818875410086225,0.4427023727779069,8.452747252747258,8.716483516483521,3.521367521367523,7.610256410256412,2.1269841269841265,0.1978021978021971,3.0647130647130645,0.0
590320.773416724,560,0.02,0.03799999877810478,0.40119999647140503,0.6014999747276306,0.9642999768257141,0.029400000348687172,0.7059999704360962,0.4212999939918518,0.03681239032577999,0.3953994048981482,0.5930037384603661,0.9832532234683757,0.028038452735179575,0.6818875410086225,0.4427023727779069,8.452747252747258,8.716483516483521,3.521367521367523,7.623931623931625,2.1318681318681314,0.1978021978021971,3.0695970695970693,0.0
590320.793340916,561,0.02,0.03799999877810478,0.40119999647140503,0.6014999747276306,0.9642999768257141,0.029400000348687172,0.7059999704360962,0.4212999939918518,0.03681239032577999,0.3953994048981482,0.5930037384603661,0.9832532234683757,0.028038452735179575,0.6818875410086225,0.4423208972304895,8.452747252747258,8.716483516483521,3.5487179487179503,7.610256410256412,2.1318681318681314,0.20268620268620197,3.0695970695970693,0.0
590320.813335527,562,0.02,0.03799999877810478,0.40119999647140503,0.6014999747276306,0.9642999768257141,0.029400000348687172,0.7059999704360962,0.4212999939918518,0.03681239032577999,0.3953994048981482,0.5930037384603661,0.9832532234683757,0.027656977187762166,0.6818875410086225,0.4423208972304895,8.452747252747258,8.716483516483521,3.5350427350427367,7.610256410256412,2.1318681318681314,0.1978021978021971,3.074481074481074,0.0
590320.833341927,563,0.02,0.03799999877810478,0.40119999647140503,0.6014999747276306,0.9642999768257141,0.029400000348687172,0.7059999704360962,0.4212999939918518,0.03681239032577999,0.3953994048981482,0.5930037384603661,0.9832532234683757,0.027656977187762166,0.6818875410086225,0.4423208972304895,8.452747252747258,8.716483516483521,3.5350427350427367,7.610256410256412,2.1318681318681314,0.1978021978021971,3.0695970695970693,0.0
590320.853378507,564,0.02,0.03799999877810478,0.40119999647140503,0.6014999747276306,0.9642999768257141,0.029400000348687172,0.7059999704360962,0.4212999939918518,0.03681239032577999,0.3953994048981482,0.5930037384603661,0.9832532234683757,0.027656977187762166,0.6818875410086225,0.4423208972304895,8.452747252747258,8.716483516483521,3.521367521367523,7.623931623931625,2.1318681318681314,0.1978021978021971,3.0695970695970693,0.0
590320.8733787,565,0.02,0.03799999877810478,0.40119999647140503,0.6014999747276306,0.9642999768257141,0.029400000348687172,0.7059999704360962,0.4212999939918518,0.03681239032577999,0.3953994048981482,0.5930037384603661,0.9832532234683757,0.027656977187762166,0.6818875410086225,0.4423208972304895,8.452747252747258,8.716483516483521,3.5487179487179503,7.610256410256412,2.1269841269841265,0.1978021978021971,3.0695970695970693,0.0
590320.893331929,566,0.02,0.03799999877810478,0.40119999647140503,0.6014999747276306,0.9642999768257141,0.029400000348687172,0.7059999704360962,0.4212999939918518,0.03681239032577999,0.3953994048981482,0.5930037384603661,0.9832532234683757,0.027656977187762166,0.6818875410086225,0.4423208972304895,8.452747252747258,8.716483516483521,3.562393162393164,7.610256410256412,2.1318681318681314,0.1978021978021971,3.0695970695970693,0.0
590320.913376466,567,0.02,0.03799999877810478,0.40119999647140503,0.6014999747276306,0.9642999768257141,0.029400000348687172,0.7059999704360962,0.4212999939918518,0.03681239032577999,0.3953994048981482,0.5930037384603661,0.9832532234683757,0.027656977187762166,0.6818875410086225,0.4423208972304895,8.426373626373618,8.716483516483521,3.5487179487179503,7.610256410256412,2.1318681318681314,0.1978021978021971,3.0695970695970693,0.0
590320.933339884,568,0.02,0.03799999877810478,0.40119999647140503,0.6014999747276306,0.9642999768257141,0.029400000348687172,0.7059999704360962,0.4212999939918518,0.03681239032577999,0.3953994048981482,0.5930037384603661,0.9832532234683757,0.027656977187762166,0.6818875410086225,0.4423208972304895,8.452747252747258,8.716483516483521,3.5487179487179503,7.610256410256412,2.1269841269841265,0.1978021978021971,3.0695970695970693,0.0
590320.953339079,569,0.02,0.03799999877810478,0.40119999647140503,0.6014999747276306,0.9642999768257141,0.029400000348687172,0.7059999704360962,0.4212999939918518,0.03681239032577999,0.3953994048981482,0.5930037384603661,0.9832532234683757,0.027656977187762166,0.6815060654612051,0.4423208972304895,8.452747252747258,8.690109890109895,3.5487179487179503,7.610256410256412,2.1318681318681314,0.1978021978021971,3.0695970695970693,0.0
590320.97333927,570,0.02,0.03799999877810478,0.40119999647140503,0.6014999747276306,0.9642999768257141,0.029400000348687172,0.7059999704360962,0.4212999939918518,0.03681239032577999,0.3953994048981482,0.5930037384603661,0.9832532234683757,0.027656977187762166,0.6815060654612051,0.4423208972304895,8.452747252747258,8.716483516483521,3.5487179487179503,7.623931623931625,2.1367521367521363,0.20268620268620197,3.0695970695970693,0.0
590320.993341002,571,0.02,0.03799999877810478,0.40119999647140503,0.6014999747276306,0.9642999768257141,0.029400000348687172,0.7059999704360962,0.4212999939918518,0.03681239032577999,0.3953994048981482,0.5930037384603661,0.9832532234683757,0.027656977187762166,0.6815060654612051,0.4423208972304895,8.452747252747258,8.716483516483521,3.5350427350427367,7.623931623931625,2.1269841269841265,0.1978021978021971,3.074481074481074,0.0
590321.013342488,572,0.02,0.03799999877810478,0.40119999647140503,0.6014999747276306,0.9642999768257141,0.029400000348687172,0.7059999704360962,0.4212999939918518,0.03681239032577999,0.3953994048981482,0.5930037384603661,0.9832532234683757,0.027656977187762166,0.6815060654612051,0.4423208972304895,8.426373626373618,8.716483516483521,3.5487179487179503,7.610256410256412,2.1318681318681314,0.19291819291819223,3.0695970695970693,0.0
590321.033371884,573,0.02,0.03799999877810478,0.40119999647140503,0.6014999747276306,0.9642999768257141,0.029400000348687172,0.7059999704360962,0.4212999939918518,0.03681239032577999,0.3953994048981482,0.5930037384603661,0.9832532234683757,0.027656977187762166,0.6818875410086225,0.4423208972304895,8.452747252747258,8.716483516483521,3.5350427350427367,7.637606837606839,2.1318681318681314,0.18803418803418737,3.0695970695970693,0.0
590321.053341933,574,0.02,0.03799999877810478,0.40119999647140503,0.6014999747276306,0.9642999768257141,0.029400000348687172,0.7059999704360962,0.4212999939918518,0.03681239032577999,0.3953994048981482,0.5930037384603661,0.9832532234683757,0.027656977187762166,0.6818875410086225,0.4423208972304895,8.452747252747258,8.690109890109895,3.5487179487179503,7.610256410256412,2.1318681318681314,0.19291819291819223,3.0647130647130645,0.0
590321.073339744,575,0.02,0.03799999877810478,0.40119999647140503,0.6014999747276306,0.9642999768257141,0.029400000348687172,0.7059999704360962,0.4212999939918518,0.03681239032577999,0.3953994048981482,0.5930037384603661,0.9832532234683757,0.027656977187762166,0.6818875410086225,0.4423208972304895,8.452747252747258,8.716483516483521,3.5350427350427367,7.623931623931625,2.1367521367521363,0.1978021978021971,3.074481074481074,0.0
590321.093337586,576,0.02,0.03799999877810478,0.40119999647140503,0.6014999747276306,0.9642999768257141,0.029400000348687172,0.7059999704360962,0.4212999939918518,0.03681239032577999,0.3953994048981482,0.5930037384603661,0.9832532234683757,0.027656977187762166,0.6818875410086225,0.4419394216830721,8.452747252747258,8.716483516483521,3.521367521367523,7.596581196581198,2.1318681318681314,0.1978021978021971,3.074481074481074,0.0
590321.11333895,577,0.02,0.03799999877810478,0.40119999647140503,0.6014999747276306,0.9642999768257141,0.029400000348687172,0.7059999704360962,0.4212999939918518,0.03681239032577999,0.3953994048981482,0.5930037384603661,0.9832532234683757,0.027656977187762166,0.6818875410086225,0.4419394216830721,8.452747252747258,8.716483516483521,3.5487179487179503,7.623931623931625,2.1318681318681314,0.20268620268620197,3.074481074481074,0.0
590321.133336439,578,0.02,0.03799999877810478,0.40119999647140503,0.6014999747276306,0.9642999768257141,0.029400000348687172,0.7059999704360962,0.4212999939918518,0.03681239032577999,0.3953994048981482,0.5930037384603661,0.9832532234683757,0.027656977187762166,0.6818875410086225,0.4419394216830721,8.452747252747258,8.716483516483521,3.5350427350427367,7.623931623931625,2.1318681318681314,0.1978021978021971,3.074481074481074,0.0
590321.153339263,579,0.02,0.03799999877810478,0.40119999647140503,0.6014999747276306,0.9642999768257141,0.029400000348687172,0.7059999704360962,0.4212999939918518,0.03681239032577999,0.3953994048981482,0.5930037384603661,0.9832532234683757,0.027656977187762166,0.6818875410086225,0.4419394216830721,8.452747252747258,8.716483516483521,3.5076923076923094,7.623931623931625,2.1367521367521363,0.1978021978021971,3.0695970695970693,0.0
590321.173335034,580,0.02,0.03799999877810478,0.40119999647140503,0.6014999747276306,0.9642999768257141,0.029400000348687172,0.7059999704360962,0.4212999939918518,0.03681239032577999,0.3953994048981482,0.5930037384603661,0.9832532234683757,0.027656977187762166,0.6818875410086225,0.4419394216830721,8.452747252747258,8.716483516483521,3.5350427350427367,7.637606837606839,2.1318681318681314,0.1978021978021971,3.074481074481074,0.0
590321.193341648,581,0.02,0.03799999877810478,0.40119999647140503,0.6014999747276306,0.9642999768257141,0.029400000348687172,0.7059999704360962,0.4212999939918518,0.03681239032577999,0.3953994048981482,0.5930037384603661,0.9832532234683757,0.027656977187762166,0.6818875410086225,0.4419394216830721,8.452747252747258,8.716483516483521,3.5487179487179503,7.596581196581198,2.1318681318681314,0.1978021978021971,3.074481074481074,0.0
590321.213339859,582,0.02,0.03799999877810478,0.40119999647140503,0.6014999747276306,0.9642999768257141,0.029400000348687172,0.7059999704360962,0.4212999939918518,0.03681239032577999,0.3953994048981482,0.5930037384603661,0.9832532234683757,0.027656977187762166,0.6818875410086225,0.4419394216830721,8.452747252747258,8.716483516483521,3.5350427350427367,7.610256410256412,2.1318681318681314,0.1978021978021971,3.0695970695970693,0.0
590321.233339829,583,0.02,0.03799999877810478,0.40119999647140503,0.6014999747276306,0.9642999768257141,0.029400000348687172,0.7059999704360962,0.4212999939918518,0.03681239032577999,0.3953994048981482,0.5930037384603661,0.9832532234683757,0.027656977187762166,0.6818875410086225,0.4419394216830721,8.452747252747258,8.716483516483521,3.5487179487179503,7.623931623931625,2.1318681318681314,0.1978021978021971,3.0695970695970693,0.0
590321.253339284,584,0.02,0.03799999877810478,0.40119999647140503,0.6014999747276306,0.9642999768257141,0.029400000348687172,0.7059999704360962,0.4212999939918518,0.03681239032577999,0.3953994048981482,0.5930037384603661,0.9832532234683757,0.027656977187762166,0.6818875410086225,0.4419394216830721,8.452747252747258,8.716483516483521,3.5350427350427367,7.623931623931625,2.1318681318681314,0.1978021978021971,3.079365079365079,0.0
590321.273333509,585,0.02,0.03799999877810478,0.40119999647140503,0.6014999747276306,0.9642999768257141,0.029400000348687172,0.7059999704360962,0.4212999939918518,0.03681239032577999,0.3953994048981482,0.5930037384603661,0.9832532234683757,0.027656977187762166,0.6818875410086225,0.4419394216830721,8.452747252747258,8.716483516483521,3.521367521367523,7.610256410256412,2.1318681318681314,0.20268620268620197,3.074481074481074,0.0
590321.293340928,586,0.02,0.03799999877810478,0.40119999647140503,0.6014999747276306,0.9642999768257141,0.029400000348687172,0.7059999704360962,0.4212999939918518,0.03681239032577999,0.3953994048981482,0.5930037384603661,0.9832532234683757,0.027656977187762166,0.6818875410086225,0.4419394216830721,8.452747252747258,8.716483516483521,3.5487179487179503,7.623931623931625,2.1318681318681314,0.1978021978021971,3.074481074481074,0.0
590321.313333784,587,0.02,0.03799999877810478,0.40119999647140503,0.6014999747276306,0.9642999768257141,0.029400000348687172,0.7059999704360962,0.4212999939918518,0.03681239032577999,0.3953994048981482,0.5930037384603661,0.9832532234683757,0.027656977187762166,0.6818875410086225,0.4419394216830721,8.452747252747258,8.716483516483521,3.5350427350427367,7.610256410256412,2.1367521367521363,0.1978021978021971,3.074481074481074,0.0
590321.333338356,588,0.02,0.03799999877810478,0.40119999647140503,0.6014999747276306,0.9642999768257141,0.029400000348687172,0.7059999704360962,0.4212999939918518,0.03681239032577999,0.3953994048981482,0.5930037384603661,0.9832532234683757,0.027656977187762166,0.6818875410086225,0.4419394216830721,8.452747252747258,8.716483516483521,3.5487179487179503,7.623931623931625,2.1318681318681314,0.1978021978021971,3.0695970695970693,0.0
590321.353342633,589,0.02,0.03799999877810478,0.40119999647140503,0.6014999747276306,0.9642999768257141,0.029400000348687172,0.7059999704360962,0.4212999939918518,0.03681239032577999,0.3953994048981482,0.5930037384603661,0.9832532234683757,0.027656977187762166,0.6818875410086225,0.4419394216830721,8.452747252747258,8.716483516483521,3.5350427350427367,7.610256410256412,2.1318681318681314,0.20268620268620197,3.074481074481074,0.0
590321.373350319,590,0.02,0.03799999877810478,0.40119999647140503,0.6014999747276306,0.9642999768257141,0.029400000348687172,0.7059999704360962,0.4212999939918518,0.03681239032577999,0.3953994048981482,0.5930037384603661,0.9832532234683757,0.027656977187762166,0.6815060654612051,0.4419394216830721,8.452747252747258,8.716483516483521,3.5350427350427367,7.610256410256412,2.1318681318681314,0.1978021978021971,3.079365079365079,0.0
590321.393350645,591,0.02,0.03799999877810478,0.40119999647140503,0.6014999747276306,0.9642999768257141,0.029400000348687172,0.7059999704360962,0.4212999939918518,0.03681239032577999,0.3953994048981482,0.5930037384603661,0.9832532234683757,0.027656977187762166,0.6815060654612051,0.4419394216830721,8.452747252747258,8.716483516483521,3.521367521367523,7.623931623931625,2.1318681318681314,0.20268620268620197,3.074481074481074,0.0
590321.413335279,592,0.02,0.03799999877810478,0.40119999647140503,0.6014999747276306,0.9642999768257141,0.029400000348687172,0.7059999704360962,0.4212999939918518,0.03681239032577999,0.3953994048981482,0.5930037384603661,0.9832532234683757,0.027656977187762166,0.6815060654612051,0.4419394216830721,8.452747252747258,8.716483516483521,3.5350427350427367,7.610256410256412,2.1367521367521363,0.1978021978021971,3.074481074481074,0.0
590321.433343356,593,0.02,0.03799999877810478,0.40119999647140503,0.6014999747276306,0.9642999768257141,0.029400000348687172,0.7059999704360962,0.4212999939918518,0.03681239032577999,0.3953994048981482,0.5930037384603661,0.9832532234683757,0.027656977187762166,0.6818875410086225,0.4419394216830721,8.452747252747258,8.716483516483521,3.5350427350427367,7.610256410256412,2.1269841269841265,0.19291819291819223,3.0695970695970693,0.0
590321.453335936,594,0.02,0.03799999877810478,0.40119999647140503,0.6014999747276306,0.9642999768257141,0.029400000348687172,0.7059999704360962,0.4212999939918518,0.03681239032577999,0.3953994048981482,0.5930037384603661,0.9832532234683757,0.027656977187762166,0.6818875410086225,0.4419394216830721,8.452747252747258,8.716483516483521,3.521367521367523,7.596581196581198,2.1367521367521363,0.19291819291819223,3.079365079365079,0.0
590321.473340212,595,0.02,0.03799999877810478,0.40119999647140503,0.6014999747276306,0.9642999768257141,0.029400000348687172,0.7059999704360962,0.4212999939918518,0.03681239032577999,0.3953994048981482,0.5930037384603661,0.9832532234683757,0.027656977187762166,0.6818875410086225,0.4419394216830721,8.452747252747258,8.716483516483521,3.5350427350427367,7.610256410256412,2.1367521367521363,0.19291819291819223,3.074481074481074,0.0
590321.493340031,596,0.02,0.03799999877810478,0.40119999647140503,0.6014999747276306,0.9642999768257141,0.029400000348687172,0.7059999704360962,0.4212999939918518,0.03681239032577999,0.3953994048981482,0.5930037384603661,0.9832532234683757,0.027275501640344757,0.6815060654612051,0.4419394216830721,8.452747252747258,8.716483516483521,3.5350427350427367,7.610256410256412,2.146520146520146,0.1978021978021971,3.079365079365079,0.0
590321.513335245,597,0.02,0.03799999877810478,0.40119999647140503,0.6014999747276306,0.9642999768257141,0.029400000348687172,0.7059999704360962,0.4212999939918518,0.03681239032577999,0.3953994048981482,0.5930037384603661,0.9832532234683757,0.027275501640344757,0.6815060654612051,0.4415579461356547,8.452747252747258,8.716483516483521,3.521367521367523,7.610256410256412,2.141636141636141,0.1978021978021971,3.079365079365079,0.0
590321.533358869,598,0.02,0.03799999877810478,0.40119999647140503,0.6014999747276306,0.9642999768257141,0.029400000348687172,0.7059999704360962,0.4212999939918518,0.03681239032577999,0.3953994048981482,0.5930037384603661,0.9832532234683757,0.027275501640344757,0.6815060654612051,0.4415579461356547,8.452747252747258,8.716483516483521,3.5350427350427367,7.610256410256412,2.1367521367521363,0.1978021978021971,3.079365079365079,0.0
590321.553365708,599,0.02,0.03799999877810478,0.40119999647140503,0.6014999747276306,0.9642999768257141,0.029400000348687172,0.7059999704360962,0.4212999939918518,0.03681239032577999,0.3953994048981482,0.5930037384603661,0.9832532234683757,0.027275501640344757,0.6815060654612051,0.4415579461356547,8.452747252747258,8.742857142857147,3.521367521367523,7.610256410256412,2.1318681318681314,0.19291819291819223,3.079365079365079,0.0
590321.573439525,600,0.02,0.03799999877810478,0.40119999647140503,0.6014999747276306,0.9642999768257141,0.029400000348687172,0.7059999704360962,0.4212999939918518,0.03681239032577999,0.3953994048981482,0.5930037384603661,0.9832532234683757,0.027275501640344757,0.6818875410086225,0.4415579461356547,8.452747252747258,8.716483516483521,3.5487179487179503,7.596581196581198,2.1318681318681314,0.19291819291819223,3.079365079365079,0.0
590321.59334197,601,0.02,0.03799999877810478,0.40119999647140503,0.6014999747276306,0.9642999768257141,0.029400000348687172,0.7059999704360962,0.4212999939918518,0.03681239032577999,0.3953994048981482,0.5930037384603661,0.9832532234683757,0.027275501640344757,0.6818875410086225,0.4415579461356547,8.452747252747258,8.716483516483521,3.5487179487179503,7.610256410256412,2.1367521367521363,0.1978021978021971,3.074481074481074,0.0
590321.613342152,602,0.02,0.03799999877810478,0.40119999647140503,0.6014999747276306,0.9642999768257141,0.029400000348687172,0.7059999704360962,0.4212999939918518,0.03681239032577999,0.3953994048981482,0.5930037384603661,0.9832532234683757,0.027275501640344757,0.6818875410086225,0.4415579461356547,8.452747252747258,8.716483516483521,3.5350427350427367,7.610256410256412,2.1367521367521363,0.1978021978021971,3.079365079365079,0.0
590321.633337102,603,0.02,0.03799999877810478,0.40119999647140503,0.6014999747276306,0.9642999768257141,0.029400000348687172,0.7059999704360962,0.4212999939918518,0.03681239032577999,0.3953994048981482,0.5930037384603661,0.9832532234683757,0.027275501640344757,0.6815060654612051,0.4415579461356547,8.452747252747258,8.716483516483521,3.5350427350427367,7.623931623931625,2.1367521367521363,0.1978021978021971,3.079365079365079,0.0
590321.653343159,604,0.02,0.03799999877810478,0.40119999647140503,0.6014999747276306,0.9642999768257141,0.029400000348687172,0.7059999704360962,0.4212999939918518,0.03681239032577999,0.3953994048981482,0.5930037384603661,0.9832532234683757,0.027275501640344757,0.6815060654612051,0.4411764705882373,8.426373626373618,8.716483516483521,3.5350427350427367,7.610256410256412,2.1367521367521363,0.1978021978021971,3.084249084249084,0.0
590321.6733439,605,0.02,0.03799999877810478,0.40119999647140503,0.6014999747276306,0.9642999768257141,0.029400000348687172,0.7059999704360962,0.4212999939918518,0.03681239032577999,0.3953994048981482,0.5930037384603661,0.9832532234683757,0.027275501640344757,0.6815060654612051,0.4411764705882373,8.452747252747258,8.716483516483521,3.5350427350427367,7.623931623931625,2.1367521367521363,0.19291819291819223,3.084249084249084,0.0
590321.693570376,606,0.02,0.03799999877810478,0.40119999647140503,0.6014999747276306,0.9642999768257141,0.029400000348687172,0.7059999704360962,0.4212999939918518,0.03681239032577999,0.3953994048981482,0.5930037384603661,0.9832532234683757,0.027275501640344757,0.6815060654612051,0.4411764705882373,8.452747252747258,8.716483516483521,3.562393162393164,7.623931623931625,2.1318681318681314,0.19291819291819223,3.084249084249084,0.0
590321.713344395,607,0.02,0.03799999877810478,0.40119999647140503,0.6014999747276306,0.9642999768257141,0.029400000348687172,0.7059999704360962,0.4212999939918518,0.03681239032577999,0.3953994048981482,0.5930037384603661,0.9832532234683757,0.027275501640344757,0.6818875410086225,0.4411764705882373,8.452747252747258,8.716483516483521,3.5487179487179503,7.610256410256412,2.1367521367521363,0.1831501831501825,3.084249084249084,0.0
590321.73334413,608,0.02,0.03799999877810478,0.40119999647140503,0.6014999747276306,0.9642999768257141,0.029400000348687172,0.7059999704360962,0.4212999939918518,0.03681239032577999,0.3953994048981482,0.5930037384603661,0.9832532234683757,0.027275501640344757,0.6818875410086225,0.4411764705882373,8.452747252747258,8.716483516483521,3.521367521367523,7.623931623931625,2.1367521367521363,0.19291819291819223,3.084249084249084,0.0
590321.753344574,609,0.02,0.03799999877810478,0.40119999647140503,0.6014999747276306,0.9642999768257141,0.029400000348687172,0.7059999704360962,0.4212999939918518,0.03681239032577999,0.3953994048981482,0.5930037384603661,0.9832532234683757,0.027275501640344757,0.6818875410086225,0.4411764705882373,8.452747252747258,8.716483516483521,3.5487179487179503,7.610256410256412,2.1367521367521363,0.19291819291819223,3.084249084249084,0.0
590321.773344364,610,0.02,0.03799999877810478,0.40119999647140503,0.6014999747276306,0.9642999768257141,0.029400000348687172,0.7059999704360962,0.4212999939918518,0.03681239032577999,0.3953994048981482,0.5930037384603661,0.9832532234683757,0.027275501640344757,0.6815060654612051,0.44079499504081987,8.452747252747258,8.716483516483521,3.5350427350427367,7.582905982905984,2.141636141636141,0.20268620268620197,3.089133089133089,0.0
590321.793352496,611,0.02,0.03799999877810478,0.40119999647140503,0.6014999747276306,0.9642999768257141,0.029400000348687172,0.7059999704360962,0.4212999939918518,0.03681239032577999,0.3953994048981482,0.5930037384603661,0.9832532234683757,0.027275501640344757,0.6815060654612051,0.44003204394598505,8.452747252747258,8.716483516483521,3.5350427350427367,7.610256410256412,2.141636141636141,0.1978021978021971,3.118437118437118,0.0
590321.813383327,612,0.02,0.03799999877810478,0.40119999647140503,0.6014999747276306,0.9642999768257141,0.029400000348687172,0.7059999704360962,0.4212999939918518,0.03681239032577999,0.3953994048981482,0.5930037384603661,0.9832532234683757,0.027275501640344757,0.6815060654612051,0.43965056839856764,8.452747252747258,8.716483516483521,3.5487179487179503,7.610256410256412,2.1367521367521363,0.19291819291819223,3.1037851037851034,0.0
590321.833345317,613,0.02,0.03799999877810478,0.40119999647140503,0.6014999747276306,0.9642999768257141,0.029400000348687172,0.7059999704360962,0.4212999939918518,0.03681239032577999,0.3953994048981482,0.5930037384603661,0.9832532234683757,0.027275501640344757,0.6818875410086225,0.43965056839856764,8.452747252747258,8.716483516483521,3.5350427350427367,7.610256410256412,2.1367521367521363,0.18803418803418737,3.1037851037851034,0.0
590321.85334412,614,0.02,0.03799999877810478,0.40119999647140503,0.6014999747276306,0.9642999768257141,0.029400000348687172,0.7059999704360962,0.4212999939918518,0.03681239032577999,0.3953994048981482,0.5930037384603661,0.9832532234683757,0.027275501640344757,0.6818875410086225,0.43965056839856764,8.452747252747258,8.716483516483521,3.5350427350427367,7.623931623931625,2.1367521367521363,0.19291819291819223,3.0940170940170937,0.0
590321.87350181,615,0.02,0.03799999877810478,0.40119999647140503,0.6014999747276306,0.9642999768257141,0.029400000348687172,0.7059999704360962,0.4212999939918518,0.03681239032577999,0.3953994048981482,0.5930037384603661,0.9832532234683757,0.027275501640344757,0.6818875410086225,0.43965056839856764,8.452747252747258,8.690109890109895,3.521367521367523,7.610256410256412,2.1367521367521363,0.19291819291819223,3.0989010989010985,0.0
590321.893340568,616,0.02,0.03799999877810478,0.40119999647140503,0.6014999747276306,0.9642999768257141,0.029400000348687172,0.7059999704360962,0.4212999939918518,0.03681239032577999,0.3953994048981482,0.5930037384603661,0.9832532234683757,0.027275501640344757,0.6818875410086225,0.438124666208898,8.452747252747258,8.716483516483521,3.562393162393164,7.610256410256412,2.1318681318681314,0.19291819291819223,3.1428571428571423,0.0
590321.913339352,617,0.02,0.03799999877810478,0.40119999647140503,0.6014999747276306,0.9642999768257141,0.029400000348687172,0.7059999704360962,0.4212999939918518,0.03681239032577999,0.3953994048981482,0.5930037384603661,0.9832532234683757,0.027275501640344757,0.6818875410086225,0.4377431906614806,8.452747252747258,8.716483516483521,3.521367521367523,7.610256410256412,2.1367521367521363,0.1978021978021971,3.1282051282051277,0.0
590321.933340239,618,0.02,0.03799999877810478,0.40119999647140503,0.6014999747276306,0.9642999768257141,0.029400000348687172,0.7059999704360962,0.4212999939918518,0.03681239032577999,0.3953994048981482,0.5930037384603661,0.9832532234683757,0.027275501640344757,0.6818875410086225,0.4373617151140632,8.452747252747258,8.716483516483521,3.5487179487179503,7.596581196581198,2.1367521367521363,0.19291819291819223,3.1282051282051277,0.0
590321.953341489,619,0.02,0.03799999877810478,0.40119999647140503,0.6014999747276306,0.9642999768257141,0.029400000348687172,0.7059999704360962,0.4212999939918518,0.03681239032577999,0.3953994048981482,0.5930037384603661,0.9832532234683757,0.027275501640344757,0.6818875410086225,0.4373617151140632,8.452747252747258,8.690109890109895,3.5350427350427367,7.623931623931625,2.1367521367521363,0.1978021978021971,3.118437118437118,0.0
590321.973378967,620,0.02,0.03799999877810478,0.40119999647140503,0.6014999747276306,0.9642999768257141,0.029400000348687172,0.7059999704360962,0.4212999939918518,0.03681239032577999,0.3953994048981482,0.5930037384603661,0.9832532234683757,0.027275501640344757,0.6818875410086225,0.4373617151140632,8.452747252747258,8.716483516483521,3.5350427350427367,7.610256410256412,2.1367521367521363,0.19291819291819223,3.118437118437118,0.0
590321.993339619,621,0.02,0.03799999877810478,0.40119999647140503,0.6014999747276306,0.9642999768257141,0.029400000348687172,0.7059999704360962,0.4212999939918518,0.03681239032577999,0.3953994048981482,0.5930037384603661,0.9832532234683757,0.027275501640344757,0.6818875410086225,0.4373617151140632,8.452747252747258,8.716483516483521,3.5350427350427367,7.623931623931625,2.1367521367521363,0.18803418803418737,3.123321123321123,0.0
590322.013340989,622,0.02,0.03799999877810478,0.40119999647140503,0.6014999747276306,0.9642999768257141,0.029400000348687172,0.7059999704360962,0.4212999939918518,0.03681239032577999,0.3953994048981482,0.5930037384603661,0.9832532234683757,0.027275501640344757,0.6818875410086225,0.4373617151140632,8.452747252747258,8.716483516483521,3.5487179487179503,7.610256410256412,2.1367521367521363,0.18803418803418737,3.118437118437118,0.0
590322.033407871,623,0.02,0.03799999877810478,0.40119999647140503,0.6014999747276306,0.9642999768257141,0.029400000348687172,0.7059999704360962,0.4212999939918518,0.03681239032577999,0.3953994048981482,0.5930037384603661,0.9832532234683757,0.027275501640344757,0.6818875410086225,0.4373617151140632,8.452747252747258,8.716483516483521,3.5350427350427367,7.623931623931625,2.1367521367521363,0.19291819291819223,3.123321123321123,0.0
590322.053367732,624,0.02,0.03799999877810478,0.40119999647140503,0.6014999747276306,0.9642999768257141,0.029400000348687172,0.7059999704360962,0.4212999939918518,0.03681239032577999,0.3953994048981482,0.5930037384603661,0.9832532234683757,0.027275501640344757,0.6818875410086225,0.4373617151140632,8.452747252747258,8.716483516483521,3.5350427350427367,7.610256410256412,2.141636141636141,0.1978021978021971,3.118437118437118,0.0
590322.073341418,625,0.02,0.03799999877810478,0.40119999647140503,0.6014999747276306,0.9642999768257141,0.029400000348687172,0.7059999704360962,0.4212999939918518,0.03681239032577999,0.3953994048981482,0.5930037384603661,0.9832532234683757,0.027275501640344757,0.6818875410086225,0.4373617151140632,8.452747252747258,8.716483516483521,3.5350427350427367,7.610256410256412,2.1367521367521363,0.19291819291819223,3.118437118437118,0.0
590322.093341892,626,0.02,0.03799999877810478,0.40119999647140503,0.6014999747276306,0.9642999768257141,0.029400000348687172,0.7059999704360962,0.4212999939918518,0.03681239032577999,0.3953994048981482,0.5930037384603661,0.9832532234683757,0.027275501640344757,0.6818875410086225,0.4373617151140632,8.452747252747258,8.716483516483521,3.5487179487179503,7.623931623931625,2.1367521367521363,0.1978021978021971,3.118437118437118,0.0
590322.113334903,627,0.02,0.03799999877810478,0.40119999647140503,0.6014999747276306,0.9642999768257141,0.029400000348687172,0.7059999704360962,0.4212999939918518,0.03681239032577999,0.3953994048981482,0.5930037384603661,0.9832532234683757,0.027275501640344757,0.6818875410086225,0.4373617151140632,8.452747252747258,8.716483516483521,3.5350427350427367,7.623931623931625,2.1318681318681314,0.19291819291819223,3.123321123321123,0.0
590322.133337315,628,0.02,0.03799999877810478,0.40119999647140503,0.6014999747276306,0.9642999768257141,0.029400000348687172,0.7059999704360962,0.4212999939918518,0.03681239032577999,0.3953994048981482,0.5930037384603661,0.9832532234683757,0.027275501640344757,0.6818875410086225,0.4373617151140632,8.452747252747258,8.716483516483521,3.5350427350427367,7.623931623931625,2.1367521367521363,0.1978021978021971,3.123321123321123,0.0
590322.153343514,629,0.02,0.03799999877810478,0.40119999647140503,0.6014999747276306,0.9642999768257141,0.029400000348687172,0.7059999704360962,0.4212999939918518,0.03681239032577999,0.3953994048981482,0.5930037384603661,0.9832532234683757,0.027275501640344757,0.6818875410086225,0.4373617151140632,8.452747252747258,8.716483516483521,3.5350427350427367,7.596581196581198,2.1367521367521363,0.19291819291819223,3.123321123321123,0.0
590322.173340537,630,0.02,0.03799999877810478,0.40119999647140503,0.6014999747276306,0.9642999768257141,0.029400000348687172,0.7059999704360962,0.4212999939918518,0.03681239032577999,0.3953994048981482,0.5930037384603661,0.9832532234683757,0.027275501640344757,0.6818875410086225,0.4373617151140632,8.452747252747258,8.716483516483521,3.5487179487179503,7.623931623931625,2.141636141636141,0.1978021978021971,3.123321123321123,0.0
590322.193366163,631,0.02,0.03799999877810478,0.40119999647140503,0.6014999747276306,0.9642999768257141,0.029400000348687172,0.7059999704360962,0.4212999939918518,0.03681239032577999,0.3953994048981482,0.5930037384603661,0.9832532234683757,0.027275501640344757,0.6818875410086225,0.4373617151140632,8.452747252747258,8.716483516483521,3.5350427350427367,7.623931623931625,2.1367521367521363,0.19291819291819223,3.123321123321123,0.0
590322.213742151,632,0.02,0.03799999877810478,0.40119999647140503,0.6014999747276306,0.9642999768257141,0.029400000348687172,0.7059999704360962,0.4212999939918518,0.03681239032577999,0.3953994048981482,0.5930037384603661,0.9832532234683757,0.027275501640344757,0.6818875410086225,0.4369802395666458,8.452747252747258,8.716483516483521,3.5487179487179503,7.623931623931625,2.1367521367521363,0.19291819291819223,3.123321123321123,0.0
590322.233340032,633,0.02,0.03799999877810478,0.40119999647140503,0.6014999747276306,0.9642999768257141,0.029400000348687172,0.7059999704360962,0.4212999939918518,0.03681239032577999,0.3953994048981482,0.5930037384603661,0.9832532234683757,0.027275501640344757,0.6818875410086225,0.4369802395666458,8.452747252747258,8.690109890109895,3.5350427350427367,7.610256410256412,2.1367521367521363,0.19291819291819223,3.118437118437118,0.0
590322.253338537,634,0.02,0.03799999877810478,0.40119999647140503,0.6014999747276306,0.9642999768257141,0.029400000348687172,0.7059999704360962,0.4212999939918518,0.03681239032577999,0.3953994048981482,0.5930037384603661,0.9832532234683757,0.027275501640344757,0.6818875410086225,0.4369802395666458,8.452747252747258,8.716483516483521,3.5487179487179503,7.596581196581198,2.1367521367521363,0.19291819291819223,3.123321123321123,0.0
590322.273337807,635,0.02,0.03799999877810478,0.40119999647140503,0.6014999747276306,0.9642999768257141,0.029400000348687172,0.7059999704360962,0.4212999939918518,0.03681239032577999,0.3953994048981482,0.5930037384603661,0.9832532234683757,0.027275501640344757,0.6818875410086225,0.4369802395666458,8.452747252747258,8.716483516483521,3.5350427350427367,7.610256410256412,2.141636141636141,0.18803418803418737,3.123321123321123,0.0
590322.293307164,636,0.02,0.03799999877810478,0.40119999647140503,0.6014999747276306,0.9642999768257141,0.029400000348687172,0.7059999704360962,0.4212999939918518,0.03681239032577999,0.3953994048981482,0.5930037384603661,0.9832532234683757,0.027275501640344757,0.6818875410086225,0.4369802395666458,8.452747252747258,8.716483516483521,3.5350427350427367,7.623931623931625,2.1367521367521363,0.19291819291819223,3.118437118437118,0.0
590322.313339625,637,0.02,0.03799999877810478,0.40119999647140503,0.6014999747276306,0.9642999768257141,0.029400000348687172,0.7059999704360962,0.4212999939918518,0.03681239032577999,0.3953994048981482,0.5930037384603661,0.9832532234683757,0.027275501640344757,0.6818875410086225,0.4369802395666458,8.452747252747258,8.716483516483521,3.5487179487179503,7.623931623931625,2.141636141636141,0.19291819291819223,3.123321123321123,0.0
590322.333342333,638,0.02,0.03799999877810478,0.40119999647140503,0.6014999747276306,0.9642999768257141,0.029400000348687172,0.7059999704360962,0.4212999939918518,0.03681239032577999,0.3953994048981482,0.5930037384603661,0.9832532234683757,0.027275501640344757,0.6818875410086225,0.4369802395666458,8.452747252747258,8.716483516483521,3.5350427350427367,7.596581196581198,2.1367521367521363,0.19291819291819223,3.123321123321123,0.0
590322.353358136,639,0.02,0.03799999877810478,0.40119999647140503,0.6014999747276306,0.9642999768257141,0.029400000348687172,0.7059999704360962,0.4212999939918518,0.03681239032577999,0.3953994048981482,0.5930037384603661,0.9832532234683757,0.027275501640344757,0.6818875410086225,0.4369802395666458,8.452747252747258,8.716483516483521,3.5350427350427367,7.610256410256412,2.1367521367521363,0.19291819291819223,3.118437118437118,0.0
590322.373371372,640,0.02,0.03799999877810478,0.40119999647140503,0.6014999747276306,0.9642999768257141,0.029400000348687172,0.7059999704360962,0.4212999939918518,0.03681239032577999,0.3953994048981482,0.5930037384603661,0.9832532234683757,0.027275501640344757,0.6818875410086225,0.4369802395666458,8.452747252747258,8.716483516483521,3.5350427350427367,7.610256410256412,2.1367521367521363,0.19291819291819223,3.118437118437118,0.0
590322.393339858,641,0.02,0.03799999877810478,0.40119999647140503,0.6014999747276306,0.9642999768257141,0.029400000348687172,0.7059999704360962,0.4212999939918518,0.03681239032577999,0.3953994048981482,0.5930037384603661,0.9832532234683757,0.027275501640344757,0.6818875410086225,0.4369802395666458,8.452747252747258,8.716483516483521,3.5487179487179503,7.623931623931625,2.1367521367521363,0.19291819291819223,3.123321123321123,0.0
590322.413325551,642,0.02,0.03799999877810478,0.40119999647140503,0.6014999747276306,0.9642999768257141,0.029400000348687172,0.7059999704360962,0.4212999939918518,0.03681239032577999,0.3953994048981482,0.5930037384603661,0.9832532234683757,0.027275501640344757,0.6818875410086225,0.4369802395666458,8.452747252747258,8.742857142857147,3.5350427350427367,7.623931623931625,2.1367521367521363,0.19291819291819223,3.123321123321123,0.0
590322.433334022,643,0.02,0.03799999877810478,0.40119999647140503,0.6014999747276306,0.9642999768257141,0.029400000348687172,0.7059999704360962,0.4212999939918518,0.03681239032577999,0.3953994048981482,0.5930037384603661,0.9832532234683757,0.027275501640344757,0.6818875410086225,0.4369802395666458,8.452747252747258,8.716483516483521,3.5350427350427367,7.623931623931625,2.1367521367521363,0.18803418803418737,3.123321123321123,0.0
590322.453341976,644,0.02,0.03799999877810478,0.40119999647140503,0.6014999747276306,0.9642999768257141,0.029400000348687172,0.7059999704360962,0.4212999939918518,0.03681239032577999,0.3953994048981482,0.5930037384603661,0.9832532234683757,0.027275501640344757,0.6818875410086225,0.4369802395666458,8.452747252747258,8.716483516483521,3.5350427350427367,7.610256410256412,2.141636141636141,0.1978021978021971,3.123321123321123,0.0
590322.473339196,645,0.02,0.03799999877810478,0.40119999647140503,0.6014999747276306,0.9642999768257141,0.029400000348687172,0.7059999704360962,0.4212999939918518,0.03681239032577999,0.3953994048981482,0.5930037384603661,0.9832532234683757,0.027275501640344757,0.6818875410086225,0.4369802395666458,8.452747252747258,8.716483516483521,3.5487179487179503,7.623931623931625,2.1367521367521363,0.19291819291819223,3.118437118437118,0.0
590322.493286597,646,0.02,0.03799999877810478,0.40119999647140503,0.6014999747276306,0.9642999768257141,0.029400000348687172,0.7059999704360962,0.4212999939918518,0.03681239032577999,0.3953994048981482,0.5930037384603661,0.9832532234683757,0.027275501640344757,0.6818875410086225,0.4369802395666458,8.452747252747258,8.716483516483521,3.521367521367523,7.623931623931625,2.1367521367521363,0.18803418803418737,3.123321123321123,0.0
590322.513336194,647,0.02,0.03799999877810478,0.40119999647140503,0.6014999747276306,0.9642999768257141,0.029400000348687172,0.7059999704360962,0.4212999939918518,0.03681239032577999,0.3953994048981482,0.5930037384603661,0.9832532234683757,0.027275501640344757,0.6818875410086225,0.4369802395666458,8.452747252747258,8.716483516483521,3.521367521367523,7.623931623931625,2.1367521367521363,0.19291819291819223,3.123321123321123,0.0
590322.533283592,648,0.02,0.03799999877810478,0.40119999647140503,0.6014999747276306,0.9642999768257141,0.029400000348687172,0.7059999704360962,0.4212999939918518,0.03681239032577999,0.3953994048981482,0.5930037384603661,0.9832532234683757,0.027275501640344757,0.6818875410086225,0.4369802395666458,8.452747252747258,8.716483516483521,3.5350427350427367,7.623931623931625,2.1367521367521363,0.18803418803418737,3.123321123321123,0.0
590322.553341428,649,0.02,0.03799999877810478,0.40119999647140503,0.6014999747276306,0.9642999768257141,0.029400000348687172,0.7059999704360962,0.4212999939918518,0.03681239032577999,0.3953994048981482,0.5930037384603661,0.9832532234683757,0.027275501640344757,0.6818875410086225,0.4369802395666458,8.452747252747258,8.742857142857147,3.521367521367523,7.610256410256412,2.1367521367521363,0.19291819291819223,3.123321123321123,0.0
590322.573351111,650,0.02,0.03799999877810478,0.40119999647140503,0.6014999747276306,0.9642999768257141,0.029400000348687172,0.7059999704360962,0.4212999939918518,0.03681239032577999,0.3953994048981482,0.5930037384603661,0.9832532234683757,0.027275501640344757,0.6818875410086225,0.4369802395666458,8.452747252747258,8.716483516483521,3.5350427350427367,7.623931623931625,2.1367521367521363,0.18803418803418737,3.123321123321123,0.0
590322.593353224,651,0.02,0.03799999877810478,0.40119999647140503,0.6014999747276306,0.9642999768257141,0.029400000348687172,0.7059999704360962,0.4212999939918518,0.03681239032577999,0.3953994048981482,0.5930037384603661,0.9832532234683757,0.027275501640344757,0.6818875410086225,0.4369802395666458,8.452747252747258,8.716483516483521,3.5350427350427367,7.623931623931625,2.1367521367521363,0.18803418803418737,3.123321123321123,0.0
590322.613340617,652,0.02,0.03799999877810478,0.40119999647140503,0.6014999747276306,0.9642999768257141,0.029400000348687172,0.7059999704360962,0.4212999939918518,0.03681239032577999,0.3953994048981482,0.5930037384603661,0.9832532234683757,0.027275501640344757,0.6818875410086225,0.4369802395666458,8.452747252747258,8.716483516483521,3.5350427350427367,7.610256410256412,2.141636141636141,0.19291819291819223,3.1282051282051277,0.0
590322.63330754,653,0.02,0.03799999877810478,0.40119999647140503,0.6014999747276306,0.9642999768257141,0.029400000348687172,0.7059999704360962,0.4212999939918518,0.03681239032577999,0.3953994048981482,0.5930037384603661,0.9832532234683757,0.027275501640344757,0.6818875410086225,0.4369802395666458,8.452747252747258,8.716483516483521,3.5487179487179503,7.623931623931625,2.1367521367521363,0.1978021978021971,3.1282051282051277,0.0
590322.653343476,654,0.02,0.03799999877810478,0.40119999647140503,0.6014999747276306,0.9642999768257141,0.029400000348687172,0.7059999704360962,0.4212999939918518,0.03681239032577999,0.3953994048981482,0.5930037384603661,0.9832532234683757,0.027275501640344757,0.6818875410086225,0.43659876401922837,8.452747252747258,8.716483516483521,3.521367521367523,7.623931623931625,2.141636141636141,0.18803418803418737,3.1282051282051277,0.0
590322.673344693,655,0.02,0.03799999877810478,0.40119999647140503,0.6014999747276306,0.9642999768257141,0.029400000348687172,0.7059999704360962,0.4212999939918518,0.03681239032577999,0.3953994048981482,0.5930037384603661,0.9832532234683757,0.027275501640344757,0.6818875410086225,0.43659876401922837,8.452747252747258,8.716483516483521,3.5350427350427367,7.610256410256412,2.1318681318681314,0.19291819291819223,3.1282051282051277,0.0
590322.695527548,656,0.02,0.03799999877810478,0.40119999647140503,0.6014999747276306,0.9642999768257141,0.029400000348687172,0.7059999704360962,0.4212999939918518,0.03681239032577999,0.3953994048981482,0.5930037384603661,0.9832532234683757,0.027275501640344757,0.6818875410086225,0.43659876401922837,8.452747252747258,8.716483516483521,3.5487179487179503,7.623931623931625,2.1367521367521363,0.19291819291819223,3.123321123321123,0.0
590322.71333993,657,0.02,0.03799999877810478,0.40119999647140503,0.6014999747276306,0.9642999768257141,0.029400000348687172,0.7059999704360962,0.4212999939918518,0.03681239032577999,0.3953994048981482,0.5930037384603661,0.9832532234683757,0.027275501640344757,0.6822690165560399,0.43659876401922837,8.452747252747258,8.716483516483521,3.5487179487179503,7.610256410256412,2.1367521367521363,0.18803418803418737,3.123321123321123,0.0
590322.733666621,658,0.02,0.03799999877810478,0.40119999647140503,0.6014999747276306,0.9642999768257141,0.029400000348687172,0.7059999704360962,0.4212999939918518,0.03681239032577999,0.3953994048981482,0.5930037384603661,0.9832532234683757,0.027275501640344757,0.6822690165560399,0.43659876401922837,8.452747252747258,8.716483516483521,3.5350427350427367,7.610256410256412,2.141636141636141,0.18803418803418737,3.123321123321123,0.0
590322.753383103,659,0.02,0.03799999877810478,0.40119999647140503,0.6014999747276306,0.9642999768257141,0.029400000348687172,0.7059999704360962,0.4212999939918518,0.03681239032577999,0.3953994048981482,0.5930037384603661,0.9832532234683757,0.027275501640344757,0.6818875410086225,0.43659876401922837,8.452747252747258,8.716483516483521,3.5487179487179503,7.623931623931625,2.1367521367521363,0.18803418803418737,3.1282051282051277,0.0
590322.773344785,660,0.02,0.03799999877810478,0.40119999647140503,0.6014999747276306,0.9642999768257141,0.029400000348687172,0.7059999704360962,0.4212999939918518,0.03681239032577999,0.3953994048981482,0.5930037384603661,0.9832532234683757,0.027275501640344757,0.6818875410086225,0.43659876401922837,8.452747252747258,8.716483516483521,3.521367521367523,7.610256410256412,2.1367521367521363,0.1978021978021971,3.1282051282051277,0.0
590322.793295661,661,0.02,0.03799999877810478,0.40119999647140503,0.6014999747276306,0.9642999768257141,0.029400000348687172,0.7059999704360962,0.4212999939918518,0.03681239032577999,0.3953994048981482,0.5930037384603661,0.9832532234683757,0.027275501640344757,0.6818875410086225,0.43659876401922837,8.452747252747258,8.716483516483521,3.5487179487179503,7.596581196581198,2.1367521367521363,0.19291819291819223,3.1282051282051277,0.0
590322.813350673,662,0.02,0.03799999877810478,0.40119999647140503,0.6014999747276306,0.9642999768257141,0.029400000348687172,0.7059999704360962,0.4212999939918518,0.03681239032577999,0.3953994048981482,0.5930037384603661,0.9832532234683757,0.027275501640344757,0.6822690165560399,0.43659876401922837,8.452747252747258,8.716483516483521,3.5350427350427367,7.623931623931625,2.1367521367521363,0.1831501831501825,3.1282051282051277,0.0
590322.833399156,663,0.02,0.03799999877810478,0.40119999647140503,0.6014999747276306,0.9642999768257141,0.029400000348687172,0.7059999704360962,0.4212999939918518,0.03681239032577999,0.3953994048981482,0.5930037384603661,0.9832532234683757,0.027275501640344757,0.6822690165560399,0.43659876401922837,8.452747252747258,8.716483516483521,3.5350427350427367,7.610256410256412,2.1367521367521363,0.18803418803418737,3.1282051282051277,0.0
590322.853354113,664,0.02,0.03799999877810478,0.40119999647140503,0.6014999747276306,0.9642999768257141,0.029400000348687172,0.7059999704360962,0.4212999939918518,0.03681239032577999,0.3953994048981482,0.5930037384603661,0.9832532234683757,0.027275501640344757,0.6822690165560399,0.43659876401922837,8.452747252747258,8.716483516483521,3.521367521367523,7.596581196581198,2.1367521367521363,0.18803418803418737,3.1282051282051277,0.0
590322.873344866,665,0.02,0.03799999877810478,0.40119999647140503,0.6014999747276306,0.9642999768257141,0.029400000348687172,0.7059999704360962,0.4212999939918518,0.03681239032577999,0.3953994048981482,0.5930037384603661,0.9832532234683757,0.027275501640344757,0.6822690165560399,0.43659876401922837,8.452747252747258,8.716483516483521,3.5487179487179503,7.610256410256412,2.1367521367521363,0.18803418803418737,3.1282051282051277,0.0
590322.893358862,666,0.02,0.03799999877810478,0.40119999647140503,0.6014999747276306,0.9642999768257141,0.029400000348687172,0.7059999704360962,0.4212999939918518,0.03681239032577999,0.3953994048981482,0.5930037384603661,0.9832532234683757,0.027275501640344757,0.6818875410086225,0.43659876401922837,8.452747252747258,8.716483516483521,3.5487179487179503,7.610256410256412,2.1367521367521363,0.19291819291819223,3.123321123321123,0.0
590322.913341612,667,0.02,0.03799999877810478,0.40119999647140503,0.6014999747276306,0.9642999768257141,0.029400000348687172,0.7059999704360962,0.4212999939918518,0.03681239032577999,0.3953994048981482,0.5930037384603661,0.9832532234683757,0.027275501640344757,0.6818875410086225,0.43659876401922837,8.452747252747258,8.716483516483521,3.5487179487179503,7.623931623931625,2.141636141636141,0.19291819291819223,3.1282051282051277,0.0
590322.933340444,668,0.02,0.03799999877810478,0.40119999647140503,0.6014999747276306,0.9642999768257141,0.029400000348687172,0.7059999704360962,0.4212999939918518,0.03681239032577999,0.3953994048981482,0.5930037384603661,0.9832532234683757,0.027275501640344757,0.6818875410086225,0.43659876401922837,8.452747252747258,8.716483516483521,3.5350427350427367,7.610256410256412,2.141636141636141,0.18803418803418737,3.1282051282051277,0.0
590322.953339092,669,0.02,0.03799999877810478,0.40119999647140503,0.6014999747276306,0.9642999768257141,0.029400000348687172,0.7059999704360962,0.4212999939918518,0.03681239032577999,0.3953994048981482,0.5930037384603661,0.9832532234683757,0.027275501640344757,0.6822690165560399,0.43659876401922837,8.452747252747258,8.742857142857147,3.521367521367523,7.610256410256412,2.141636141636141,0.18803418803418737,3.1282051282051277,0.0
590322.973347809,670,0.02,0.03799999877810478,0.40119999647140503,0.6014999747276306,0.9642999768257141,0.029400000348687172,0.7059999704360962,0.4212999939918518,0.03681239032577999,0.3953994048981482,0.5930037384603661,0.9832532234683757,0.027275501640344757,0.6822690165560399,0.43659876401922837,8.452747252747258,8.716483516483521,3.5350427350427367,7.610256410256412,2.1367521367521363,0.18803418803418737,3.1282051282051277,0.0
590322.9933419,671,0.02,0.03799999877810478,0.40119999647140503,0.6014999747276306,0.9642999768257141,0.029400000348687172,0.7059999704360962,0.4212999939918518,0.03681239032577999,0.3953994048981482,0.5930037384603661,0.9832532234683757,0.027275501640344757,0.6822690165560399,0.43659876401922837,8.452747252747258,8.716483516483521,3.5350427350427367,7.610256410256412,2.1367521367521363,0.18803418803418737,3.1282051282051277,0.0
590323.013336576,672,0.02,0.03799999877810478,0.40119999647140503,0.6014999747276306,0.9642999768257141,0.029400000348687172,0.7059999704360962,0.4212999939918518,0.03681239032577999,0.3953994048981482,0.5930037384603661,0.9832532234683757,0.027275501640344757,0.6822690165560399,0.43621728847181096,8.452747252747258,8.716483516483521,3.5350427350427367,7.596581196581198,2.141636141636141,0.18803418803418737,3.1282051282051277,0.0
590323.033340099,673,0.02,0.03799999877810478,0.40119999647140503,0.6014999747276306,0.9642999768257141,0.029400000348687172,0.7059999704360962,0.4212999939918518,0.03681239032577999,0.3953994048981482,0.5930037384603661,0.9832532234683757,0.027275501640344757,0.6822690165560399,0.43621728847181096,8.452747252747258,8.716483516483521,3.5350427350427367,7.623931623931625,2.1367521367521363,0.18803418803418737,3.1330891330891326,0.0
590323.053339009,674,0.02,0.03799999877810478,0.40119999647140503,0.6014999747276306,0.9642999768257141,0.029400000348687172,0.7059999704360962,0.4212999939918518,0.03681239032577999,0.3953994048981482,0.5930037384603661,0.9832532234683757,0.027275501640344757,0.6822690165560399,0.43621728847181096,8.452747252747258,8.716483516483521,3.521367521367523,7.610256410256412,2.1318681318681314,0.18803418803418737,3.1330891330891326,0.0
590323.073345329,675,0.02,0.03799999877810478,0.40119999647140503,0.6014999747276306,0.9642999768257141,0.029400000348687172,0.7059999704360962,0.4212999939918518,0.03681239032577999,0.3953994048981482,0.5930037384603661,0.9832532234683757,0.027275501640344757,0.6822690165560399,0.43621728847181096,8.452747252747258,8.716483516483521,3.5487179487179503,7.610256410256412,2.1367521367521363,0.18803418803418737,3.1330891330891326,0.0
590323.093289512,676,0.02,0.03799999877810478,0.40119999647140503,0.6014999747276306,0.9642999768257141,0.029400000348687172,0.7059999704360962,0.4212999939918518,0.03681239032577999,0.3953994048981482,0.5930037384603661,0.9832532234683757,0.027275501640344757,0.6822690165560399,0.43621728847181096,8.452747252747258,8.716483516483521,3.5487179487179503,7.623931623931625,2.1367521367521363,0.18803418803418737,3.1330891330891326,0.0
590323.113334981,677,0.02,0.03799999877810478,0.40119999647140503,0.6014999747276306,0.9642999768257141,0.029400000348687172,0.7059999704360962,0.4212999939918518,0.03681239032577999,0.3953994048981482,0.5930037384603661,0.9832532234683757,0.027275501640344757,0.6822690165560399,0.43621728847181096,8.452747252747258,8.716483516483521,3.521367521367523,7.610256410256412,2.141636141636141,0.18803418803418737,3.1282051282051277,0.0
590323.133304302,678,0.02,0.03799999877810478,0.40119999647140503,0.6014999747276306,0.9642999768257141,0.029400000348687172,0.7059999704360962,0.4212999939918518,0.03681239032577999,0.3953994048981482,0.5930037384603661,0.9832532234683757,0.027275501640344757,0.6822690165560399,0.43621728847181096,8.452747252747258,8.716483516483521,3.521367521367523,7.623931623931625,2.141636141636141,0.18803418803418737,3.1282051282051277,0.0
590323.153338828,679,0.02,0.03799999877810478,0.40119999647140503,0.6014999747276306,0.9642999768257141,0.029400000348687172,0.7059999704360962,0.4212999939918518,0.03681239032577999,0.3953994048981482,0.5930037384603661,0.9832532234683757,0.027275501640344757,0.6822690165560399,0.43621728847181096,8.452747252747258,8.716483516483521,3.5350427350427367,7.610256410256412,2.141636141636141,0.18803418803418737,3.1282051282051277,0.0
590323.173337894,680,0.02,0.03799999877810478,0.40119999647140503,0.6014999747276306,0.9642999768257141,0.029400000348687172,0.7059999704360962,0.4212999939918518,0.03681239032577999,0.3953994048981482,0.5930037384603661,0.9832532234683757,0.027275501640344757,0.6822690165560399,0.43621728847181096,8.452747252747258,8.716483516483521,3.5350427350427367,7.610256410256412,2.1367521367521363,0.19291819291819223,3.1330891330891326,0.0
590323.193341463,681,0.02,0.03799999877810478,0.40119999647140503,0.6014999747276306,0.9642999768257141,0.029400000348687172,0.7059999704360962,0.4212999939918518,0.03681239032577999,0.3953994048981482,0.5930037384603661,0.9832532234683757,0.027275501640344757,0.6822690165560399,0.43621728847181096,8.452747252747258,8.716483516483521,3.5487179487179503,7.623931623931625,2.1318681318681314,0.19291819291819223,3.1330891330891326,0.0
590323.213336752,682,0.02,0.03799999877810478,0.40119999647140503,0.6014999747276306,0.9642999768257141,0.029400000348687172,0.7059999704360962,0.4212999939918518,0.03681239032577999,0.3953994048981482,0.5930037384603661,0.9832532234683757,0.027275501640344757,0.6822690165560399,0.43621728847181096,8.452747252747258,8.742857142857147,3.5350427350427367,7.596581196581198,2.1367521367521363,0.1831501831501825,3.1282051282051277,0.0
590323.233339986,683,0.02,0.03799999877810478,0.40119999647140503,0.6014999747276306,0.9642999768257141,0.029400000348687172,0.7059999704360962,0.4212999939918518,0.03681239032577999,0.3953994048981482,0.5930037384603661,0.9832532234683757,0.027275501640344757,0.6826504921034573,0.43621728847181096,8.452747252747258,8.716483516483521,3.5487179487179503,7.623931623931625,2.1367521367521363,0.1831501831501825,3.1282051282051277,0.0
590323.253335483,684,0.02,0.03799999877810478,0.40119999647140503,0.6014999747276306,0.9642999768257141,0.029400000348687172,0.7059999704360962,0.4212999939918518,0.03681239032577999,0.3953994048981482,0.5930037384603661,0.9832532234683757,0.027275501640344757,0.6826504921034573,0.43621728847181096,8.452747252747258,8.690109890109895,3.5350427350427367,7.623931623931625,2.1318681318681314,0.1831501831501825,3.1330891330891326,0.0
590323.273336833,685,0.02,0.03799999877810478,0.40119999647140503,0.6014999747276306,0.9642999768257141,0.029400000348687172,0.7059999704360962,0.4212999939918518,0.03681239032577999,0.3953994048981482,0.5930037384603661,0.9832532234683757,0.027275501640344757,0.6826504921034573,0.43621728847181096,8.452747252747258,8.716483516483521,3.521367521367523,7.623931623931625,2.141636141636141,0.18803418803418737,3.1330891330891326,0.0
590323.293334866,686,0.02,0.03799999877810478,0.40119999647140503,0.6014999747276306,0.9642999768257141,0.029400000348687172,0.7059999704360962,0.4212999939918518,0.03681239032577999,0.3953994048981482,0.5930037384603661,0.9832532234683757,0.027275501640344757,0.6826504921034573,0.43621728847181096,8.452747252747258,8.716483516483521,3.5487179487179503,7.623931623931625,2.141636141636141,0.18803418803418737,3.1379731379731375,0.0
590323.313344904,687,0.02,0.03799999877810478,0.40119999647140503,0.6014999747276306,0.9642999768257141,0.029400000348687172,0.7059999704360962,0.4212999939918518,0.03681239032577999,0.3953994048981482,0.5930037384603661,0.9832532234683757,0.027275501640344757,0.6826504921034573,0.43621728847181096,8.452747252747258,8.716483516483521,3.5487179487179503,7.610256410256412,2.1367521367521363,0.18803418803418737,3.1330891330891326,0.0
590323.333339136,688,0.02,0.03799999877810478,0.40119999647140503,0.6014999747276306,0.9642999768257141,0.029400000348687172,0.7059999704360962,0.4212999939918518,0.03681239032577999,0.3953994048981482,0.5930037384603661,0.9832532234683757,0.027275501640344757,0.6826504921034573,0.43621728847181096,8.452747252747258,8.716483516483521,3.5487179487179503,7.610256410256412,2.1367521367521363,0.19291819291819223,3.1330891330891326,0.0
590323.353344869,689,0.02,0.03799999877810478,0.40119999647140503,0.6014999747276306,0.9642999768257141,0.029400000348687172,0.7059999704360962,0.4212999939918518,0.03681239032577999,0.3953994048981482,0.5930037384603661,0.9832532234683757,0.027275501640344757,0.6826504921034573,0.43621728847181096,8.452747252747258,8.716483516483521,3.5350427350427367,7.623931623931625,2.141636141636141,0.18803418803418737,3.1330891330891326,0.0
590323.373341609,690,0.02,0.03799999877810478,0.40119999647140503,0.6014999747276306,0.9642999768257141,0.029400000348687172,0.7059999704360962,0.4212999939918518,0.03681239032577999,0.3953994048981482,0.5930037384603661,0.9832532234683757,0.027275501640344757,0.6826504921034573,0.43621728847181096,8.452747252747258,8.716483516483521,3.5487179487179503,7.610256410256412,2.1367521367521363,0.18803418803418737,3.1330891330891326,0.0
590323.393340252,691,0.02,0.03799999877810478,0.40119999647140503,0.6014999747276306,0.9642999768257141,0.029400000348687172,0.7059999704360962,0.4212999939918518,0.03681239032577999,0.3953994048981482,0.5930037384603661,0.9832532234683757,0.027275501640344757,0.6826504921034573,0.43621728847181096,8.452747252747258,8.716483516483521,3.5350427350427367,7.623931623931625,2.1367521367521363,0.18803418803418737,3.1330891330891326,0.0
590323.413343724,692,0.02,0.03799999877810478,0.40119999647140503,0.6014999747276306,0.9642999768257141,0.029400000348687172,0.7059999704360962,0.4212999939918518,0.03681239032577999,0.3953994048981482,0.5930037384603661,0.9832532234683757,0.027275501640344757,0.6826504921034573,0.43583581292439355,8.452747252747258,8.716483516483521,3.5350427350427367,7.610256410256412,2.1367521367521363,0.19291819291819223,3.1330891330891326,0.0
590323.433339808,693,0.02,0.03799999877810478,0.40119999647140503,0.6014999747276306,0.9642999768257141,0.029400000348687172,0.7059999704360962,0.4212999939918518,0.03681239032577999,0.3953994048981482,0.5930037384603661,0.9832532234683757,0.027275501640344757,0.6826504921034573,0.43583581292439355,8.452747252747258,8.716483516483521,3.5350427350427367,7.623931623931625,2.141636141636141,0.18803418803418737,3.1282051282051277,0.0
590323.453344316,694,0.02,0.03799999877810478,0.40119999647140503,0.6014999747276306,0.9642999768257141,0.029400000348687172,0.7059999704360962,0.4212999939918518,0.03681239032577999,0.3953994048981482,0.5930037384603661,0.9832532234683757,0.027275501640344757,0.6826504921034573,0.43583581292439355,8.452747252747258,8.716483516483521,3.521367521367523,7.610256410256412,2.1367521367521363,0.18803418803418737,3.1330891330891326,0.0
590323.473339824,695,0.02,0.03799999877810478,0.40119999647140503,0.6014999747276306,0.9642999768257141,0.029400000348687172,0.7059999704360962,0.4212999939918518,0.03681239032577999,0.3953994048981482,0.5930037384603661,0.9832532234683757,0.027275501640344757,0.6826504921034573,0.43583581292439355,8.452747252747258,8.716483516483521,3.5350427350427367,7.623931623931625,2.1367521367521363,0.18803418803418737,3.1330891330891326,0.0
590323.493340336,696,0.02,0.03799999877810478,0.40119999647140503,0.6014999747276306,0.9642999768257141,0.029400000348687172,0.7059999704360962,0.4212999939918518,0.03681239032577999,0.3953994048981482,0.5930037384603661,0.9832532234683757,0.027275501640344757,0.6826504921034573,0.43583581292439355,8.452747252747258,8.742857142857147,3.5350427350427367,7.623931623931625,2.141636141636141,0.18803418803418737,3.1330891330891326,0.0
590323.513340636,697,0.02,0.03799999877810478,0.40119999647140503,0.6014999747276306,0.9642999768257141,0.029400000348687172,0.7059999704360962,0.4212999939918518,0.03681239032577999,0.3953994048981482,0.5930037384603661,0.9832532234683757,0.027275501640344757,0.6826504921034573,0.43583581292439355,8.452747252747258,8.716483516483521,3.5350427350427367,7.623931623931625,2.1367521367521363,0.18803418803418737,3.1330891330891326,0.0
590323.533332329,698,0.02,0.03799999877810478,0.40119999647140503,0.6014999747276306,0.9642999768257141,0.029400000348687172,0.7059999704360962,0.4212999939918518,0.03681239032577999,0.3953994048981482,0.5930037384603661,0.9832532234683757,0.027275501640344757,0.6826504921034573,0.43583581292439355,8.452747252747258,8.716483516483521,3.5350427350427367,7.610256410256412,2.1367521367521363,0.18803418803418737,3.1330891330891326,0.0
590323.553336512,699,0.02,0.03799999877810478,0.40119999647140503,0.6014999747276306,0.9642999768257141,0.029400000348687172,0.7059999704360962,0.4212999939918518,0.03681239032577999,0.3953994048981482,0.5930037384603661,0.9832532234683757,0.027275501640344757,0.6826504921034573,0.43583581292439355,8.452747252747258,8.690109890109895,3.5350427350427367,7.610256410256412,2.1367521367521363,0.18803418803418737,3.1330891330891326,0.0
590323.573345518,700,0.02,0.03799999877810478,0.40119999647140503,0.6014999747276306,0.9642999768257141,0.029400000348687172,0.7059999704360962,0.4212999939918518,0.03681239032577999,0.3953994048981482,0.5930037384603661,0.9832532234683757,0.027275501640344757,0.6826504921034573,0.43583581292439355,8.452747252747258,8.716483516483521,3.5350427350427367,7.610256410256412,2.141636141636141,0.18803418803418737,3.1330891330891326,0.0
590323.593346565,701,0.02,0.03799999877810478,0.40119999647140503,0.6014999747276306,0.9642999768257141,0.029400000348687172,0.7059999704360962,0.4212999939918518,0.03681239032577999,0.3953994048981482,0.5930037384603661,0.9832532234683757,0.027275501640344757,0.6826504921034573,0.43583581292439355,8.452747252747258,8.716483516483521,3.5350427350427367,7.610256410256412,2.1367521367521363,0.1831501831501825,3.1330891330891326,0.0
590323.613346138,702,0.02,0.03799999877810478,0.40119999647140503,0.6014999747276306,0.9642999768257141,0.029400000348687172,0.7059999704360962,0.4212999939918518,0.03681239032577999,0.3953994048981482,0.5930037384603661,0.9832532234683757,0.027275501640344757,0.6826504921034573,0.43583581292439355,8.452747252747258,8.716483516483521,3.521367521367523,7.610256410256412,2.1367521367521363,0.18803418803418737,3.1330891330891326,0.0
590323.633345509,703,0.02,0.03799999877810478,0.40119999647140503,0.6014999747276306,0.9642999768257141,0.029400000348687172,0.7059999704360962,0.4212999939918518,0.03681239032577999,0.3953994048981482,0.5930037384603661,0.9832532234683757,0.027275501640344757,0.6826504921034573,0.43583581292439355,8.452747252747258,8.716483516483521,3.521367521367523,7.623931623931625,2.141636141636141,0.18803418803418737,3.1330891330891326,0.0
590323.653347313,704,0.02,0.03799999877810478,0.40119999647140503,0.6014999747276306,0.9642999768257141,0.029400000348687172,0.7059999704360962,0.4212999939918518,0.03681239032577999,0.3953994048981482,0.5930037384603661,0.9832532234683757,0.027275501640344757,0.6826504921034573,0.43583581292439355,8.452747252747258,8.716483516483521,3.5487179487179503,7.623931623931625,2.1367521367521363,0.1831501831501825,3.1330891330891326,0.0
590323.67334342,705,0.02,0.03799999877810478,0.40119999647140503,0.6014999747276306,0.9642999768257141,0.029400000348687172,0.7059999704360962,0.4212999939918518,0.03681239032577999,0.3953994048981482,0.5930037384603661,0.9832532234683757,0.027275501640344757,0.6826504921034573,0.43583581292439355,8.452747252747258,8.716483516483521,3.5350427350427367,7.610256410256412,2.141636141636141,0.18803418803418737,3.1330891330891326,0.0
590323.693355041,706,0.02,0.03799999877810478,0.40119999647140503,0.6014999747276306,0.9642999768257141,0.029400000348687172,0.7059999704360962,0.4212999939918518,0.03681239032577999,0.3953994048981482,0.5930037384603661,0.9832532234683757,0.027275501640344757,0.6826504921034573,0.43583581292439355,8.452747252747258,8.742857142857147,3.5487179487179503,7.623931623931625,2.1367521367521363,0.18803418803418737,3.1330891330891326,0.0
590323.71335083,707,0.02,0.03799999877810478,0.40119999647140503,0.6014999747276306,0.9642999768257141,0.029400000348687172,0.7059999704360962,0.4212999939918518,0.03681239032577999,0.3953994048981482,0.5930037384603661,0.9832532234683757,0.027275501640344757,0.6826504921034573,0.43583581292439355,8.452747252747258,8.716483516483521,3.5487179487179503,7.610256410256412,2.1318681318681314,0.18803418803418737,3.1282051282051277,0.0
590323.733716171,708,0.02,0.03799999877810478,0.40119999647140503,0.6014999747276306,0.9642999768257141,0.029400000348687172,0.7059999704360962,0.4212999939918518,0.03681239032577999,0.3953994048981482,0.5930037384603661,0.9832532234683757,0.027275501640344757,0.6826504921034573,0.43583581292439355,8.452747252747258,8.742857142857147,3.5487179487179503,7.623931623931625,2.1367521367521363,0.18803418803418737,3.1330891330891326,0.0
590323.753348363,709,0.02,0.03799999877810478,0.40119999647140503,0.6014999747276306,0.9642999768257141,0.029400000348687172,0.7059999704360962,0.4212999939918518,0.03681239032577999,0.3953994048981482,0.5930037384603661,0.9832532234683757,0.027275501640344757,0.6830319676508747,0.43583581292439355,8.452747252747258,8.716483516483521,3.521367521367523,7.623931623931625,2.1367521367521363,0.18803418803418737,3.1282051282051277,0.0
590323.773342234,710,0.02,0.03799999877810478,0.40119999647140503,0.6014999747276306,0.9642999768257141,0.029400000348687172,0.7059999704360962,0.4212999939918518,0.03681239032577999,0.3953994048981482,0.5930037384603661,0.9832532234683757,0.027275501640344757,0.6830319676508747,0.43583581292439355,8.452747252747258,8.716483516483521,3.5350427350427367,7.623931623931625,2.141636141636141,0.1831501831501825,3.1330891330891326,0.0
590323.793343866,711,0.02,0.03799999877810478,0.40119999647140503,0.6014999747276306,0.9642999768257141,0.029400000348687172,0.7059999704360962,0.4212999939918518,0.03681239032577999,0.3953994048981482,0.5930037384603661,0.9832532234683757,0.027275501640344757,0.6830319676508747,0.43583581292439355,8.452747252747258,8.716483516483521,3.5350427350427367,7.610256410256412,2.141636141636141,0.19291819291819223,3.1330891330891326,0.0
590323.81335039,712,0.02,0.03799999877810478,0.40119999647140503,0.6014999747276306,0.9642999768257141,0.029400000348687172,0.7059999704360962,0.4212999939918518,0.03681239032577999,0.3953994048981482,0.5930037384603661,0.9832532234683757,0.027275501640344757,0.6826504921034573,0.43583581292439355,8.452747252747258,8.716483516483521,3.5350427350427367,7.610256410256412,2.141636141636141,0.18803418803418737,3.1330891330891326,0.0
590323.833346219,713,0.02,0.03799999877810478,0.40119999647140503,0.6014999747276306,0.9642999768257141,0.029400000348687172,0.7059999704360962,0.4212999939918518,0.03681239032577999,0.3953994048981482,0.5930037384603661,0.9832532234683757,0.027275501640344757,0.6826504921034573,0.43583581292439355,8.452747252747258,8.716483516483521,3.5350427350427367,7.610256410256412,2.141636141636141,0.18803418803418737,3.1330891330891326,0.0
590323.853345307,714,0.02,0.03799999877810478,0.40119999647140503,0.6014999747276306,0.9642999768257141,0.029400000348687172,0.7059999704360962,0.4212999939918518,0.03681239032577999,0.3953994048981482,0.5930037384603661,0.9832532234683757,0.027275501640344757,0.6826504921034573,0.43583581292439355,8.452747252747258,8.716483516483521,3.5350427350427367,7.623931623931625,2.141636141636141,0.1831501831501825,3.1330891330891326,0.0
590323.873342912,715,0.02,0.03799999877810478,0.40119999647140503,0.6014999747276306,0.9642999768257141,0.029400000348687172,0.7059999704360962,0.4212999939918518,0.03681239032577999,0.3953994048981482,0.5930037384603661,0.9832532234683757,0.027275501640344757,0.6826504921034573,0.43583581292439355,8.452747252747258,8.716483516483521,3.5350427350427367,7.623931623931625,2.1367521367521363,0.18803418803418737,3.1330891330891326,0.0
590323.893332733,716,0.02,0.03799999877810478,0.40119999647140503,0.6014999747276306,0.9642999768257141,0.029400000348687172,0.7059999704360962,0.4212999939918518,0.03681239032577999,0.3953994048981482,0.5930037384603661,0.9832532234683757,0.027275501640344757,0.6830319676508747,0.43583581292439355,8.452747252747258,8.716483516483521,3.521367521367523,7.610256410256412,2.1367521367521363,0.1831501831501825,3.1330891330891326,0.0
590323.913422809,717,0.02,0.03799999877810478,0.40119999647140503,0.6014999747276306,0.9642999768257141,0.029400000348687172,0.7059999704360962,0.4212999939918518,0.03681239032577999,0.3953994048981482,0.5930037384603661,0.9832532234683757,0.027275501640344757,0.6830319676508747,0.43583581292439355,8.452747252747258,8.716483516483521,3.5350427350427367,7.610256410256412,2.1367521367521363,0.17826617826617763,3.1330891330891326,0.0
590323.93337048,718,0.02,0.03799999877810478,0.40119999647140503,0.6014999747276306,0.9642999768257141,0.029400000348687172,0.7059999704360962,0.4212999939918518,0.03681239032577999,0.3953994048981482,0.5930037384603661,0.9832532234683757,0.027275501640344757,0.6837949187457095,0.43583581292439355,8.452747252747258,8.716483516483521,3.5487179487179503,7.610256410256412,2.141636141636141,0.1684981684981679,3.1282051282051277,0.0
590323.953342268,719,0.02,0.03799999877810478,0.40119999647140503,0.6014999747276306,0.9642999768257141,0.029400000348687172,0.7059999704360962,0.4212999939918518,0.03681239032577999,0.3953994048981482,0.5930037384603661,0.9832532234683757,0.027275501640344757,0.6845578698405443,0.43583581292439355,8.452747252747258,8.716483516483521,3.5487179487179503,7.596581196581198,2.1367521367521363,0.14896214896214843,3.1330891330891326,0.0
590323.97333584,720,0.02,0.03799999877810478,0.40119999647140503,0.6014999747276306,0.9642999768257141,0.029400000348687172,0.7059999704360962,0.4212999939918518,0.03681239032577999,0.3953994048981482,0.5930037384603661,0.9832532234683757,0.027275501640344757,0.6853208209353792,0.43583581292439355,8.452747252747258,8.716483516483521,3.5487179487179503,7.610256410256412,2.141636141636141,0.1538461538461533,3.1330891330891326,0.0
590323.993340174,721,0.02,0.03799999877810478,0.40119999647140503,0.6014999747276306,0.9642999768257141,0.029400000348687172,0.7059999704360962,0.4212999939918518,0.03681239032577999,0.3953994048981482,0.5930037384603661,0.9832532234683757,0.027275501640344757,0.6853208209353792,0.43583581292439355,8.452747252747258,8.716483516483521,3.5350427350427367,7.623931623931625,2.141636141636141,0.15873015873015817,3.1330891330891326,0.0
590324.013339375,722,0.02,0.03799999877810478,0.40119999647140503,0.6014999747276306,0.9642999768257141,0.029400000348687172,0.7059999704360962,0.4212999939918518,0.03681239032577999,0.3953994048981482,0.5930037384603661,0.9832532234683757,0.027275501640344757,0.6857022964827966,0.43583581292439355,8.452747252747258,8.690109890109895,3.521367521367523,7.623931623931625,2.141636141636141,0.16361416361416303,3.1330891330891326,0.0
590324.033339535,723,0.02,0.03799999877810478,0.40119999647140503,0.6014999747276306,0.9642999768257141,0.029400000348687172,0.7059999704360962,0.4212999939918518,0.03681239032577999,0.3953994048981482,0.5930037384603661,0.9832532234683757,0.027275501640344757,0.6857022964827966,0.43583581292439355,8.452747252747258,8.716483516483521,3.5487179487179503,7.623931623931625,2.141636141636141,0.15873015873015817,3.1330891330891326,0.0
590324.053343636,724,0.02,0.03799999877810478,0.40119999647140503,0.6014999747276306,0.9642999768257141,0.029400000348687172,0.7059999704360962,0.4212999939918518,0.03681239032577999,0.3953994048981482,0.5930037384603661,0.9832532234683757,0.027275501640344757,0.6857022964827966,0.43583581292439355,8.452747252747258,8.716483516483521,3.5350427350427367,7.610256410256412,2.141636141636141,0.16361416361416303,3.1330891330891326,0.0
590324.073344798,725,0.02,0.03799999877810478,0.40119999647140503,0.6014999747276306,0.9642999768257141,0.029400000348687172,0.7059999704360962,0.4212999939918518,0.03681239032577999,0.3953994048981482,0.5930037384603661,0.9832532234683757,0.027275501640344757,0.6857022964827966,0.43583581292439355,8.452747252747258,8.716483516483521,3.5350427350427367,7.610256410256412,2.141636141636141,0.15873015873015817,3.1330891330891326,0.0
590324.093357274,726,0.02,0.03799999877810478,0.40119999647140503,0.6014999747276306,0.9642999768257141,0.029400000348687172,0.7059999704360962,0.4212999939918518,0.03681239032577999,0.3953994048981482,0.5930037384603661,0.9832532234683757,0.027275501640344757,0.6857022964827966,0.43583581292439355,8.452747252747258,8.716483516483521,3.5487179487179503,7.610256410256412,2.146520146520146,0.15873015873015817,3.1330891330891326,0.0
590324.113339097,727,0.02,0.03799999877810478,0.40119999647140503,0.6014999747276306,0.9642999768257141,0.029400000348687172,0.7059999704360962,0.4212999939918518,0.03681239032577999,0.3953994048981482,0.5930037384603661,0.9832532234683757,0.027275501640344757,0.6857022964827966,0.43583581292439355,8.452747252747258,8.716483516483521,3.5350427350427367,7.610256410256412,2.146520146520146,0.14896214896214843,3.1330891330891326,0.0
590324.133340557,728,0.02,0.03799999877810478,0.40119999647140503,0.6014999747276306,0.9642999768257141,0.029400000348687172,0.7059999704360962,0.4212999939918518,0.03681239032577999,0.3953994048981482,0.5930037384603661,0.9832532234683757,0.027275501640344757,0.6857022964827966,0.43583581292439355,8.452747252747258,8.716483516483521,3.5350427350427367,7.596581196581198,2.146520146520146,0.1538461538461533,3.1379731379731375,0.0
590324.15333992,729,0.02,0.03799999877810478,0.40119999647140503,0.6014999747276306,0.9642999768257141,0.029400000348687172,0.7059999704360962,0.4212999939918518,0.03681239032577999,0.3953994048981482,0.5930037384603661,0.9832532234683757,0.027275501640344757,0.6857022964827966,0.43583581292439355,8.452747252747258,8.716483516483521,3.5350427350427367,7.623931623931625,2.146520146520146,0.15873015873015817,3.1330891330891326,0.0
590324.173336702,730,0.02,0.03799999877810478,0.40119999647140503,0.6014999747276306,0.9642999768257141,0.029400000348687172,0.7059999704360962,0.4212999939918518,0.03681239032577999,0.3953994048981482,0.5930037384603661,0.9832532234683757,0.027275501640344757,0.6857022964827966,0.43583581292439355,8.452747252747258,8.716483516483521,3.5350427350427367,7.610256410256412,2.146520146520146,0.15873015873015817,3.1330891330891326,0.0
590324.193347326,731,0.02,0.03799999877810478,0.40119999647140503,0.6014999747276306,0.9642999768257141,0.029400000348687172,0.7059999704360962,0.4212999939918518,0.03681239032577999,0.3953994048981482,0.5930037384603661,0.9832532234683757,0.027275501640344757,0.6857022964827966,0.43583581292439355,8.452747252747258,8.716483516483521,3.521367521367523,7.610256410256412,2.146520146520146,0.15873015873015817,3.1330891330891326,0.0
590324.213339212,732,0.02,0.03799999877810478,0.40119999647140503,0.6014999747276306,0.9642999768257141,0.029400000348687172,0.7059999704360962,0.4212999939918518,0.03681239032577999,0.3953994048981482,0.5930037384603661,0.9832532234683757,0.027275501640344757,0.6857022964827966,0.43583581292439355,8.452747252747258,8.716483516483521,3.5350427350427367,7.623931623931625,2.146520146520146,0.15873015873015817,3.1330891330891326,0.0
590324.233338346,733,0.02,0.03799999877810478,0.40119999647140503,0.6014999747276306,0.9642999768257141,0.029400000348687172,0.7059999704360962,0.4212999939918518,0.03681239032577999,0.3953994048981482,0.5930037384603661,0.9832532234683757,0.027275501640344757,0.686083772030214,0.43583581292439355,8.452747252747258,8.716483516483521,3.5350427350427367,7.610256410256412,2.146520146520146,0.15873015873015817,3.1282051282051277,0.0
590324.253339998,734,0.02,0.03799999877810478,0.40119999647140503,0.6014999747276306,0.9642999768257141,0.029400000348687172,0.7059999704360962,0.4212999939918518,0.03681239032577999,0.3953994048981482,0.5930037384603661,0.9832532234683757,0.027275501640344757,0.686083772030214,0.43583581292439355,8.452747252747258,8.716483516483521,3.521367521367523,7.610256410256412,2.146520146520146,0.15873015873015817,3.1330891330891326,0.0
590324.273338096,735,0.02,0.03799999877810478,0.40119999647140503,0.6014999747276306,0.9642999768257141,0.029400000348687172,0.7059999704360962,0.4212999939918518,0.03681239032577999,0.3953994048981482,0.5930037384603661,0.9832532234683757,0.027275501640344757,0.686083772030214,0.43583581292439355,8.452747252747258,8.716483516483521,3.5350427350427367,7.623931623931625,2.141636141636141,0.15873015873015817,3.1330891330891326,0.0
590324.293338391,736,0.02,0.03799999877810478,0.40119999647140503,0.6014999747276306,0.9642999768257141,0.029400000348687172,0.7059999704360962,0.4212999939918518,0.03681239032577999,0.3953994048981482,0.5930037384603661,0.9832532234683757,0.027275501640344757,0.686083772030214,0.43583581292439355,8.452747252747258,8.716483516483521,3.521367521367523,7.610256410256412,2.146520146520146,0.15873015873015817,3.1330891330891326,0.0
