t_send,step_idx,publish_dt,cmd_r_aj_1,cmd_r_aj_2,cmd_r_aj_3,cmd_r_aj_4,cmd_r_aj_5,cmd_r_aj_6,cmd_r_aj_7,meas_r_aj_1,meas_r_aj_2,meas_r_aj_3,meas_r_aj_4,meas_r_aj_5,meas_r_aj_6,meas_r_aj_7,eff_r_aj_1,eff_r_aj_2,eff_r_aj_3,eff_r_aj_4,eff_r_aj_5,eff_r_aj_6,eff_r_aj_7,cmd_gripper
600035.532106537,-1,0.02,0.017357137407492118,0.013160906385900617,0.005912870984969842,0.022697795071335847,0.0005722133211261138,-0.011253528648813571,0.03833829251544962,0.017357137407492118,0.013160906385900617,0.005912870984969842,0.022697795071335847,0.0005722133211261138,-0.011253528648813571,0.03833829251544962,-0.6989010989010964,-0.7252747252747227,-0.45811965811966004,-0.9230769230769234,-0.017094017094017033,0.07570207570207543,-0.16849816849816968,0.0
600035.552105001,-1,0.02,0.016489280537117512,0.01275286106101765,0.00561722743572135,0.021562905317769054,0.0005436026550698081,-0.010690852216372893,0.03642137788967714,0.017357137407492118,0.013160906385900617,0.005912870984969842,0.022697795071335847,0.0005722133211261138,-0.011253528648813571,0.03833829251544962,-0.7252747252747227,-0.7252747252747227,-0.45811965811966004,-0.9230769230769234,-0.0219780219780219,0.07570207570207543,-0.15873015873015994,0.0
600035.572125409,-1,0.02,0.015621423666742906,0.012344815736134685,0.005321583886472858,0.020428015564202262,0.0005149919890135024,-0.010128175783932214,0.03450446326390466,0.017738612954909527,0.012779430838483208,0.006294346532387252,0.022697795071335847,0.0024795910582131597,-0.012397955291065799,0.03948271915770185,-0.3560439560439548,-0.4351648351648336,-0.3213675213675202,-0.38974358974358836,-0.09035409035409003,0.09035409035409003,-0.0366300366300365,0.0
600035.592103774,-1,0.02,0.0147535667963683,0.011936770411251718,0.005025940337224366,0.01929312581063547,0.0004863813229571967,-0.009565499351491535,0.03258754863813218,0.019645990691996573,0.013160906385900617,0.006294346532387252,0.023842221713588074,0.0020981155107957505,-0.015068284122987663,0.04367895017929335,0.03956043956043942,-0.01318681318681314,-0.07521367521367495,0.1572649572649567,-0.03174603174603163,0.0512820512820511,0.056166056166055967,0.0
600035.61210776,-1,0.02,0.013885709925993694,0.011528725086368753,0.004730296787975874,0.018158236057068677,0.000457770656900891,-0.009002822919050857,0.0306706340123597,0.019645990691996573,0.013923857480735435,0.006294346532387252,0.024986648355840302,0.0005722133211261138,-0.015068284122987663,0.04482337682154558,0.1978021978021971,0.03956043956043942,-0.1025641025641022,0.12991452991452945,0.0219780219780219,0.017094017094017033,0.10500610500610463,0.0
600035.632110895,-1,0.02,0.013017853055619089,0.011120679761485786,0.004434653238727382,0.017023346303501885,0.00042915999084458534,-0.008440146486610178,0.028753719386587218,0.020027466239413982,0.013923857480735435,0.006294346532387252,0.024986648355840302,-0.0001907377737087046,-0.015068284122987663,0.04444190127412817,0.14505494505494454,0.03956043956043942,-0.12991452991452945,0.22564102564102484,0.03174603174603163,0.012210012210012167,0.11965811965811923,0.0
600035.652103224,-1,0.02,0.012149996185244483,0.010712634436602819,0.00413900968947889,0.015888456549935093,0.00040054932478827965,-0.0078774700541695,0.026836804760814736,0.02117189288166621,0.013923857480735435,0.006294346532387252,0.024986648355840302,-0.000953688868543523,-0.01583123521782248,0.04406042572671076,0.01318681318681314,0.0659340659340657,-0.14358974358974308,0.12991452991452945,0.017094017094017033,0.03174603174603163,0.11477411477411437,0.0
600035.672110062,-1,0.02,0.011282139314869877,0.010304589111719853,0.0038433661402303976,0.0147535667963683,0.00037193865873197396,-0.007314793621728821,0.024919890135042255,0.02193484397650103,0.013923857480735435,0.006294346532387252,0.024986648355840302,-0.0005722133211261138,-0.01621271076523989,0.04444190127412817,-0.01318681318681314,0.03956043956043942,-0.1572649572649567,0.04786324786324769,-0.0024420024420024333,0.03174603174603163,0.10012210012209977,0.0
600035.692105774,-1,0.02,0.01041428244449527,0.009896543786836886,0.0035477225909819055,0.013618677042801508,0.00034332799267566827,-0.006752117189288143,0.023002975509269774,0.022316319523918438,0.013923857480735435,0.006294346532387252,0.024986648355840302,-0.0013351644159609322,-0.0165941863126573,0.04406042572671076,-0.0659340659340657,0.01318681318681314,-0.17094017094017033,-0.02051282051282044,0.012210012210012167,0.04639804639804623,0.0952380952380949,0.0
600035.712108447,-1,0.02,0.009546425574120665,0.009488498461953921,0.0032520790417334133,0.012483787289234716,0.0003147173266193626,-0.006189440756847464,0.021086060883497293,0.022316319523918438,0.013923857480735435,0.006294346532387252,0.024986648355840302,-0.0017166399633783413,-0.0165941863126573,0.04406042572671076,-0.09230769230769198,-0.01318681318681314,-0.18461538461538396,-0.06153846153846132,0.012210012210012167,0.0366300366300365,0.07081807081807057,0.0
600035.732111554,-1,0.02,0.008678568703746059,0.009080453137070954,0.002956435492484921,0.011348897535667923,0.0002861066605630569,-0.0056267643244067855,0.01916914625772481,0.022316319523918438,0.013923857480735435,0.006294346532387252,0.024986648355840302,-0.0013351644159609322,-0.0165941863126573,0.04406042572671076,-0.14505494505494454,-0.03956043956043942,-0.23931623931623847,-0.11623931623931583,0.0024420024420024333,0.04151404151404137,0.056166056166055967,0.0
600035.752111114,-1,0.02,0.007810711833371453,0.008672407812187987,0.0026607919432364287,0.01021400778210113,0.0002574959945067512,-0.005064087891966106,0.01725223163195233,0.022316319523918438,0.013923857480735435,0.006294346532387252,0.024986648355840302,-0.0017166399633783413,-0.0165941863126573,0.04444190127412817,-0.1978021978021971,-0.0659340659340657,-0.23931623931623847,-0.1982905982905976,0.012210012210012167,0.04151404151404137,0.04639804639804623,0.0
600035.772115648,-1,0.02,0.0069428549629968455,0.00826436248730502,0.0023651483939879365,0.009079118028534337,0.00022888532845044546,-0.0045014114595254276,0.015335317006179846,0.022316319523918438,0.013542381933318026,0.006294346532387252,0.024986648355840302,-0.0017166399633783413,-0.0165941863126573,0.04444190127412817,-0.25054945054944966,-0.0659340659340657,-0.2529914529914521,-0.2529914529914521,0.017094017094017033,0.0512820512820511,0.0219780219780219,0.0
600035.792103945,-1,0.02,0.006074998092622241,0.007856317162422055,0.002069504844739445,0.007944228274967546,0.00020027466239413982,-0.00393873502708475,0.013418402380407368,0.022316319523918438,0.013542381933318026,0.006294346532387252,0.024986648355840302,-0.0017166399633783413,-0.01621271076523989,0.04406042572671076,-0.3296703296703285,-0.11868131868131826,-0.28034188034187935,-0.3213675213675202,0.0073260073260073,0.0512820512820511,0.0024420024420024333,0.0
600035.81211675,-1,0.02,0.005207141222247634,0.007448271837539089,0.0017738612954909527,0.006809338521400754,0.00017166399633783408,-0.0033760585946440713,0.011501487754634884,0.022316319523918438,0.013542381933318026,0.006294346532387252,0.024986648355840302,-0.0017166399633783413,-0.01583123521782248,0.04367895017929335,-0.38241758241758106,-0.11868131868131826,-0.3076923076923066,-0.37606837606837473,0.012210012210012167,0.0512820512820511,0.0024420024420024333,0.0
600035.832111793,-1,0.02,0.0043392843518730295,0.0070402265126561225,0.0014782177462424606,0.005674448767833962,0.00014305333028152845,-0.0028133821622033928,0.009584573128862406,0.022316319523918438,0.013542381933318026,0.006294346532387252,0.024605172808422893,-0.0017166399633783413,-0.01583123521782248,0.042915999084458534,-0.4351648351648336,-0.14505494505494454,-0.33504273504273385,-0.4444444444444464,0.0073260073260073,0.0659340659340657,-0.017094017094017033,0.0
600035.852147117,-1,0.02,0.0034714274814984236,0.0066321811877731555,0.0011825741969939685,0.004539559014267169,0.00011444266422522276,-0.002250705729762714,0.007667658503089925,0.022316319523918438,0.013542381933318026,0.006294346532387252,0.024605172808422893,-0.0017166399633783413,-0.01583123521782248,0.042153047989623715,-0.4879120879120862,-0.17142857142857082,-0.3487179487179475,-0.4991452991453009,0.012210012210012167,0.07570207570207543,-0.0219780219780219,0.0
600035.872111596,-1,0.02,0.002603570611123816,0.006224135862890189,0.0008869306477454755,0.0034046692607003735,8.583199816891701e-05,-0.001688029297322034,0.0057507438773174435,0.022316319523918438,0.013542381933318026,0.006294346532387252,0.024605172808422893,-0.0020981155107957505,-0.01583123521782248,0.0413900968947889,-0.567032967032965,-0.22417582417582338,-0.3623931623931611,-0.5538461538461554,0.0073260073260073,0.0805860805860803,-0.04151404151404137,0.0
600035.892113214,-1,0.02,0.0017357137407492118,0.005816090538007223,0.0005912870984969842,0.0022697795071335847,5.722133211261138e-05,-0.001125352864881357,0.0038338292515449623,0.02193484397650103,0.013542381933318026,0.006294346532387252,0.024605172808422893,-0.0020981155107957505,-0.01583123521782248,0.04100862134737149,-0.6197802197802176,-0.25054945054944966,-0.38974358974358836,-0.6358974358974372,0.0073260073260073,0.08547008547008517,-0.056166056166055967,0.0
600035.91210695,-1,0.02,0.0008678568703746059,0.005408045213124257,0.0002956435492484921,0.0011348897535667923,2.861066605630569e-05,-0.0005626764324406786,0.0019169146257724812,0.02193484397650103,0.013542381933318026,0.006294346532387252,0.023842221713588074,-0.0020981155107957505,-0.01583123521782248,0.03986419470511926,-0.6725274725274701,-0.27692307692307594,-0.403418803418802,-0.5264957264957282,0.012210012210012167,0.09035409035409003,-0.06105006105006083,0.0
600035.932111216,-1,0.02,0.0,0.004999999888241291,0.0,0.0,0.0,0.0,0.0,0.02193484397650103,0.013542381933318026,0.006294346532387252,0.022316319523918438,-0.0020981155107957505,-0.01583123521782248,0.037575341420614805,-0.7252747252747227,-0.3032967032967022,-0.43076923076922924,-0.5948717948717963,0.0073260073260073,0.0952380952380949,-0.04639804639804623,0.0
600035.952112343,0,0.02,0.0,0.004999999888241291,0.0,0.0,0.0,0.0,0.0,0.02193484397650103,0.013542381933318026,0.006294346532387252,0.02155336842908362,-0.0020981155107957505,-0.01583123521782248,0.037193865873197396,-0.8307692307692278,-0.3296703296703285,-0.43076923076922924,-0.7042735042735053,0.0073260073260073,0.10012210012209977,-0.0952380952380949,0.0
600035.972120404,1,0.02,0.0,0.015000000596046448,0.0,0.0,0.0,0.0,0.0,0.02193484397650103,0.013542381933318026,0.006294346532387252,0.02117189288166621,-0.0024795910582131597,-0.01583123521782248,0.03681239032577999,-0.8835164835164875,-0.3560439560439548,-0.45811965811966004,-0.6358974358974372,0.012210012210012167,0.1098901098901095,-0.10500610500610463,0.0
600035.992192452,2,0.02,0.0,0.02500000037252903,0.0,0.0,0.0,0.0,0.0,0.02193484397650103,0.013542381933318026,0.006294346532387252,0.020027466239413982,-0.0024795910582131597,-0.01583123521782248,0.03604943923094517,-0.93626373626374,-0.38241758241758106,-0.4854700854700873,-0.5811965811965827,0.017094017094017033,0.1098901098901095,-0.11477411477411437,0.0
600036.01212104,3,0.02,0.0,0.03500000014901161,0.0,0.0,0.0,0.0,0.0,0.02193484397650103,0.013542381933318026,0.006294346532387252,0.018501564049744346,-0.0024795910582131597,-0.01583123521782248,0.03414206149385812,-0.93626373626374,-0.17142857142857082,-0.4854700854700873,-0.47179487179487367,0.0073260073260073,0.1098901098901095,-0.09035409035409003,0.0
600036.032114156,4,0.02,0.0,0.044999998062849045,0.0,0.0,0.0,0.0,0.0,0.02193484397650103,0.013542381933318026,0.006294346532387252,0.0165941863126573,-0.0024795910582131597,-0.01583123521782248,0.03414206149385812,-0.9626373626373663,0.38241758241758106,-0.4854700854700873,-0.45811965811966004,0.012210012210012167,0.1098901098901095,-0.11965811965811923,0.0
600036.052108483,5,0.02,0.0,0.054999999701976776,0.0,0.0,0.0,0.0,0.0,0.02193484397650103,0.014305333028152845,0.006294346532387252,0.015449759670405072,-0.0024795910582131597,-0.015449759670405072,0.03414206149385812,-0.9890109890109926,1.120879120879117,-0.4854700854700873,-0.4854700854700873,0.012210012210012167,0.10012210012209977,-0.12942612942612897,0.0
600036.072137932,6,0.02,0.0,0.06499999761581421,0.0,0.0,0.0,0.0,0.0,0.02155336842908362,0.01621271076523989,0.006294346532387252,0.015068284122987663,-0.0024795910582131597,-0.014686808575570254,0.03376058594644071,-0.9890109890109926,1.7538461538461618,-0.47179487179487367,-0.5401709401709418,0.012210012210012167,0.0805860805860803,-0.12942612942612897,0.0
600036.09211111,7,0.02,0.0,0.07500000298023224,0.0,0.0,0.0,0.0,0.0,0.02117189288166621,0.018120088502326936,0.006294346532387252,0.015068284122987663,-0.0024795910582131597,-0.013923857480735435,0.03376058594644071,-0.93626373626374,2.0967032967033035,-0.4854700854700873,-0.5128205128205146,0.012210012210012167,0.07081807081807057,-0.1391941391941387,0.0
600036.11210922,8,0.02,0.0,0.08500000089406967,0.0,0.0,0.0,0.0,0.0,0.02040894178683139,0.02155336842908362,0.006294346532387252,0.015068284122987663,-0.0024795910582131597,-0.009346150911726525,0.032616159304188486,-0.7780219780219753,2.518681318681324,-0.47179487179487367,-0.5264957264957282,0.012210012210012167,-0.0659340659340657,-0.11965811965811923,0.0
600036.132109128,9,0.02,0.0,0.0949999988079071,0.0,0.0,0.0,0.0,0.0,0.019645990691996573,0.02536812390325771,0.006294346532387252,0.015068284122987663,-0.0024795910582131597,-0.004386968795300206,0.03147173266193626,-0.8307692307692278,3.0461538461538495,-0.4854700854700873,-0.5401709401709418,0.012210012210012167,-0.11965811965811923,-0.10012210012209977,0.0
600036.15211804,10,0.02,0.0,0.10499999672174454,0.0,0.0,0.0,0.0,0.0,0.019264515144579164,0.02994583047226662,0.006294346532387252,0.015068284122987663,-0.0024795910582131597,0.0020981155107957505,0.03032730601968403,-0.8307692307692278,3.3098901098901123,-0.47179487179487367,-0.5401709401709418,0.0073260073260073,-0.20268620268620374,-0.10500610500610463,0.0
600036.172195809,11,0.02,0.0,0.11500000208616257,0.0,0.0,0.0,0.0,0.0,0.019264515144579164,0.03566796368352776,0.006294346532387252,0.015068284122987663,-0.0024795910582131597,0.008201724269474298,0.02994583047226662,-0.8835164835164875,3.6791208791208803,-0.47179487179487367,-0.5538461538461554,0.017094017094017033,-0.2808302808302816,-0.1098901098901095,0.0
600036.192163151,12,0.02,0.0,0.125,0.0,0.0,0.0,0.0,0.0,0.019264515144579164,0.041771572442206306,0.006294346532387252,0.015068284122987663,-0.0024795910582131597,0.012397955291065799,0.029564354924849212,-0.9098901098901138,3.916483516483517,-0.4854700854700873,-0.5811965811965827,0.017094017094017033,-0.26129426129426214,-0.11965811965811923,0.0
600036.212108038,13,0.02,0.0,0.13500000536441803,0.0,0.0,0.0,0.0,0.0,0.019264515144579164,0.04901960784313708,0.006294346532387252,0.015068284122987663,-0.0024795910582131597,0.017357137407492118,0.027275501640344757,-0.93626373626374,4.18021978021978,-0.4854700854700873,-0.5675213675213691,0.017094017094017033,-0.33943833943834,-0.0659340659340657,0.0
600036.232105046,14,0.02,0.0,0.14499999582767487,0.0,0.0,0.0,0.0,0.0,0.019264515144579164,0.05741206988632008,0.006294346532387252,0.015068284122987663,-0.0024795910582131597,0.019645990691996573,0.02536812390325771,-0.9098901098901138,4.259340659340658,-0.47179487179487367,-0.5675213675213691,0.017094017094017033,-0.2857142857142865,-0.06105006105006083,0.0
600036.252104553,15,0.02,0.0,0.1550000011920929,0.0,0.0,0.0,0.0,0.0,0.019264515144579164,0.06580453192950309,0.006294346532387252,0.015068284122987663,-0.0024795910582131597,0.02193484397650103,0.024605172808422893,-0.9098901098901138,4.523076923076921,-0.47179487179487367,-0.5675213675213691,0.012210012210012167,-0.3247863247863254,-0.07081807081807057,0.0
600036.272108659,16,0.02,0.0,0.16500000655651093,0.0,0.0,0.0,0.0,0.0,0.019264515144579164,0.07534142061493831,0.006294346532387252,0.015068284122987663,-0.0024795910582131597,0.023079270618753256,0.024605172808422893,-0.9098901098901138,4.443956043956042,-0.45811965811966004,-0.5811965811965827,0.017094017094017033,-0.30525030525030594,-0.08547008547008517,0.0
600036.292215296,17,0.02,0.0,0.17499999701976776,0.0,0.0,0.0,0.0,0.0,0.019264515144579164,0.08564126039520836,0.006294346532387252,0.015068284122987663,-0.0024795910582131597,0.023460746166170665,0.024605172808422893,-0.93626373626374,4.628571428571426,-0.45811965811966004,-0.5811965811965827,0.017094017094017033,-0.3296703296703303,-0.0952380952380949,0.0
600036.312102844,18,0.02,0.0,0.1850000023841858,0.0,0.0,0.0,0.0,0.0,0.019264515144579164,0.09746700236514805,0.006294346532387252,0.015068284122987663,-0.0024795910582131597,0.023460746166170665,0.024605172808422893,-0.93626373626374,4.496703296703295,-0.47179487179487367,-0.5811965811965827,0.012210012210012167,-0.33943833943834,-0.08547008547008517,0.0
600036.332108871,19,0.02,0.0,0.19499999284744263,0.0,0.0,0.0,0.0,0.0,0.019264515144579164,0.10929274433508773,0.006294346532387252,0.015068284122987663,-0.0024795910582131597,0.023460746166170665,0.023842221713588074,-0.93626373626374,4.470329670329669,-0.47179487179487367,-0.5811965811965827,0.012210012210012167,-0.36385836385836434,-0.07081807081807057,0.0
600036.35211051,20,0.02,0.0,0.20499999821186066,0.0,0.0,0.0,0.0,0.0,0.019264515144579164,0.12188143739986224,0.006294346532387252,0.015068284122987663,-0.0024795910582131597,0.023460746166170665,0.023460746166170665,-0.93626373626374,4.707692307692305,-0.45811965811966004,-0.5675213675213691,0.0219780219780219,-0.3980463980463984,-0.0805860805860803,0.0
600036.372108528,21,0.02,0.0,0.2149999886751175,0.0,0.0,0.0,0.0,0.0,0.019264515144579164,0.13523308155947156,0.006294346532387252,0.015068284122987663,-0.0024795910582131597,0.022697795071335847,0.023460746166170665,-0.93626373626374,4.6021978021978,-0.45811965811966004,-0.5948717948717963,0.026862026862026767,-0.40781440781440814,-0.0805860805860803,0.0
600036.392129164,22,0.02,0.0,0.22499999403953552,0.0,0.0,0.0,0.0,0.0,0.019264515144579164,0.1489662012664983,0.006294346532387252,0.015068284122987663,-0.0024795910582131597,0.02155336842908362,0.023460746166170665,-0.9626373626373663,4.443956043956042,-0.45811965811966004,-0.5675213675213691,0.0219780219780219,-0.4273504273504276,-0.08547008547008517,0.0
600036.412113302,23,0.02,0.0,0.23499999940395355,0.0,0.0,0.0,0.0,0.0,0.019264515144579164,0.16269932097352502,0.006294346532387252,0.015068284122987663,-0.0024795910582131597,0.019264515144579164,0.023460746166170665,-0.9626373626373663,4.417582417582416,-0.45811965811966004,-0.5811965811965827,0.0219780219780219,-0.4175824175824179,-0.0952380952380949,0.0
600036.432105051,24,0.02,0.0,0.2449999898672104,0.0,0.0,0.0,0.0,0.0,0.019264515144579164,0.17681391622796916,0.006294346532387252,0.015068284122987663,-0.0024795910582131597,0.017357137407492118,0.023460746166170665,-0.9626373626373663,4.443956043956042,-0.45811965811966004,-0.5811965811965827,0.017094017094017033,-0.4615384615384617,-0.09035409035409003,0.0
600036.452110454,25,0.02,0.0,0.2549999952316284,0.0,0.0,0.0,0.0,0.0,0.019264515144579164,0.1909285114824133,0.006294346532387252,0.015068284122987663,-0.0024795910582131597,0.014686808575570254,0.023460746166170665,-0.9626373626373663,4.3648351648351635,-0.45811965811966004,-0.5948717948717963,0.017094017094017033,-0.4615384615384617,-0.08547008547008517,0.0
600036.472114829,26,0.02,0.0,0.26499998569488525,0.0,0.0,0.0,0.0,0.0,0.019264515144579164,0.20504310673685744,0.006294346532387252,0.015068284122987663,-0.0024795910582131597,0.011253528648813571,0.023460746166170665,-0.9626373626373663,4.470329670329669,-0.4444444444444464,-0.5811965811965827,0.0219780219780219,-0.4468864468864471,-0.09035409035409003,0.0
600036.492109688,27,0.02,0.0,0.2749999761581421,0.0,0.0,0.0,0.0,0.0,0.019264515144579164,0.21877622644388417,0.006294346532387252,0.015068284122987663,-0.0024795910582131597,0.008201724269474298,0.023460746166170665,-0.9626373626373663,4.654945054945053,-0.45811965811966004,-0.5948717948717963,0.017094017094017033,-0.485958485958486,-0.09035409035409003,0.0
600036.512105341,28,0.02,0.0,0.2849999964237213,0.0,0.0,0.0,0.0,0.0,0.019264515144579164,0.23327229724574572,0.006294346532387252,0.015068284122987663,-0.0024795910582131597,0.004386968795300206,0.023460746166170665,-0.9626373626373663,4.628571428571426,-0.45811965811966004,-0.5811965811965827,0.0219780219780219,-0.48107448107448114,-0.08547008547008517,0.0
600036.532105145,29,0.02,0.0,0.29499998688697815,0.0,0.0,0.0,0.0,0.0,0.019264515144579164,0.24624246585793763,0.006294346532387252,0.015068284122987663,-0.0024795910582131597,-0.000953688868543523,0.023460746166170665,-0.9890109890109926,4.496703296703295,-0.45811965811966004,-0.5675213675213691,0.0219780219780219,-0.48107448107448114,-0.09035409035409003,0.0
600036.552108683,30,0.02,0.0,0.304999977350235,0.0,0.0,0.0,0.0,0.0,0.019264515144579164,0.25883115892271213,0.006294346532387252,0.015068284122987663,-0.0024795910582131597,-0.005912870984969842,0.023460746166170665,-0.9626373626373663,4.7340659340659315,-0.45811965811966004,-0.5948717948717963,0.017094017094017033,-0.48107448107448114,-0.09035409035409003,0.0
600036.572105815,31,0.02,0.0,0.3149999976158142,0.0,0.0,0.0,0.0,0.0,0.019264515144579164,0.27141985198748664,0.006294346532387252,0.015068284122987663,-0.0024795910582131597,-0.010490577553978753,0.023460746166170665,-0.9626373626373663,4.971428571428568,-0.43076923076922924,-0.5811965811965827,0.0219780219780219,-0.5103785103785103,-0.09035409035409003,0.0
600036.592068917,32,0.02,0.0,0.32499998807907104,0.0,0.0,0.0,0.0,0.0,0.019264515144579164,0.28400854505226114,0.006294346532387252,0.015068284122987663,-0.0024795910582131597,-0.013923857480735435,0.023460746166170665,-0.9626373626373663,5.07692307692308,-0.4170940170940156,-0.5811965811965827,0.0219780219780219,-0.5347985347985347,-0.08547008547008517,0.0
600036.612106025,33,0.02,0.0,0.3349999785423279,0.0,0.0,0.0,0.0,0.0,0.019264515144579164,0.2958342870222008,0.006294346532387252,0.015068284122987663,-0.0024795910582131597,-0.018501564049744346,0.023460746166170665,-0.9626373626373663,5.208791208791212,-0.43076923076922924,-0.5811965811965827,0.017094017094017033,-0.5738705738705736,-0.08547008547008517,0.0
600036.632105181,34,0.02,0.0,0.3449999690055847,0.0,0.0,0.0,0.0,0.0,0.019264515144579164,0.3080415045395579,0.006294346532387252,0.015068284122987663,-0.0024795910582131597,-0.019645990691996573,0.023079270618753256,-0.9626373626373663,5.340659340659343,-0.43076923076922924,-0.5948717948717963,0.017094017094017033,-0.6520146520146515,-0.09035409035409003,0.0
600036.652104197,35,0.02,0.0,0.35499998927116394,0.0,0.0,0.0,0.0,0.0,0.019264515144579164,0.3187228198672454,0.006294346532387252,0.015068284122987663,-0.0024795910582131597,-0.02040894178683139,0.023079270618753256,-0.9626373626373663,5.5780219780219795,-0.43076923076922924,-0.5811965811965827,0.0219780219780219,-0.7203907203907196,-0.08547008547008517,0.0
600036.672106001,36,0.02,0.0,0.3649999797344208,0.0,0.0,0.0,0.0,0.0,0.019264515144579164,0.32978561074235024,0.006294346532387252,0.015068284122987663,-0.0024795910582131597,-0.02155336842908362,0.023079270618753256,-0.9626373626373663,5.7626373626373635,-0.43076923076922924,-0.5811965811965827,0.017094017094017033,-0.7350427350427342,-0.08547008547008517,0.0
600036.692154908,37,0.02,0.0,0.3749999701976776,0.0,0.0,0.0,0.0,0.0,0.019264515144579164,0.3397039749752029,0.006294346532387252,0.015068284122987663,-0.0024795910582131597,-0.022697795071335847,0.023079270618753256,-0.9626373626373663,6.0,-0.4444444444444464,-0.5948717948717963,0.017094017094017033,-0.7741147741147731,-0.08547008547008517,0.0
600036.712132629,38,0.02,0.0,0.38499999046325684,0.0,0.0,0.0,0.0,0.0,0.019264515144579164,0.3496223392080555,0.006294346532387252,0.015068284122987663,-0.0024795910582131597,-0.024605172808422893,0.023079270618753256,-0.9626373626373663,6.448351648351647,-0.43076923076922924,-0.5948717948717963,0.017094017094017033,-0.7838827838827847,-0.09035409035409003,0.0
600036.732110314,39,0.02,0.0,0.39499998092651367,0.0,0.0,0.0,0.0,0.0,0.019264515144579164,0.35839627679865593,0.006294346532387252,0.015068284122987663,-0.0024795910582131597,-0.02613107499809253,0.023079270618753256,-0.9626373626373663,6.685714285714283,-0.4444444444444464,-0.5948717948717963,0.0219780219780219,-0.8034188034188041,-0.0952380952380949,0.0
600036.752112286,40,0.02,0.0,0.4049999713897705,0.0,0.0,0.0,0.0,0.0,0.019264515144579164,0.36717021438925634,0.006294346532387252,0.015068284122987663,-0.0024795910582131597,-0.026894026092927348,0.023460746166170665,-0.9626373626373663,7.13406593406593,-0.43076923076922924,-0.5811965811965827,0.0219780219780219,-0.8473748473748479,-0.09035409035409003,0.0
600036.772109966,41,0.02,0.0,0.41499999165534973,0.0,0.0,0.0,0.0,0.0,0.019264515144579164,0.37518120088502194,0.006294346532387252,0.015068284122987663,-0.0024795910582131597,-0.026894026092927348,0.023460746166170665,-0.9626373626373663,7.397802197802193,-0.4444444444444464,-0.5811965811965827,0.0219780219780219,-0.9059829059829063,-0.0952380952380949,0.0
600036.792107752,42,0.02,0.0,0.42499998211860657,0.0,0.0,0.0,0.0,0.0,0.019264515144579164,0.38357366292820494,0.006294346532387252,0.015068284122987663,-0.0024795910582131597,-0.026894026092927348,0.023460746166170665,-0.9626373626373663,7.661538461538456,-0.43076923076922924,-0.5811965811965827,0.0219780219780219,-0.9352869352869355,-0.08547008547008517,0.0
600036.812112134,43,0.02,0.0,0.4349999725818634,0.0,0.0,0.0,0.0,0.0,0.019264515144579164,0.3912031738765567,0.006294346532387252,0.015068284122987663,-0.0024795910582131597,-0.02651255054550994,0.023460746166170665,-0.9626373626373663,8.083516483516476,-0.4170940170940156,-0.5811965811965827,0.0219780219780219,-0.9743589743589745,-0.09035409035409003,0.0
600036.832109137,44,0.02,0.0,0.44499996304512024,0.0,0.0,0.0,0.0,0.0,0.019264515144579164,0.39883268482490486,0.006294346532387252,0.015068284122987663,-0.0024795910582131597,-0.02613107499809253,0.023460746166170665,-0.9890109890109926,8.347252747252739,-0.4170940170940156,-0.5811965811965827,0.017094017094017033,-1.0036630036630036,-0.09035409035409003,0.0
600036.852111613,45,0.02,0.0,0.45500001311302185,0.0,0.0,0.0,0.0,0.0,0.019264515144579164,0.40646219577325304,0.006294346532387252,0.015068284122987663,-0.0024795910582131597,-0.02613107499809253,0.023460746166170665,-0.9890109890109926,8.742857142857147,-0.43076923076922924,-0.5948717948717963,0.0219780219780219,-1.0183150183150182,-0.09035409035409003,0.0
600036.872124759,46,0.02,0.0,0.4649999737739563,0.0,0.0,0.0,0.0,0.0,0.019264515144579164,0.412947280079349,0.006294346532387252,0.015068284122987663,-0.0024795910582131597,-0.02613107499809253,0.023460746166170665,-0.9890109890109926,9.191208791208794,-0.4170940170940156,-0.5948717948717963,0.0219780219780219,-1.0476190476190474,-0.0952380952380949,0.0
600036.892103737,47,0.02,0.0,0.4749999940395355,0.0,0.0,0.0,0.0,0.0,0.019264515144579164,0.41981383993286236,0.006294346532387252,0.015068284122987663,-0.0024795910582131597,-0.02613107499809253,0.023460746166170665,-0.9890109890109926,9.50769230769231,-0.4170940170940156,-0.5811965811965827,0.0219780219780219,-1.062271062271062,-0.0952380952380949,0.0
600036.912107363,48,0.02,0.0,0.48499998450279236,0.0,0.0,0.0,0.0,0.0,0.019264515144579164,0.42782482642862796,0.006294346532387252,0.015068284122987663,-0.0024795910582131597,-0.02613107499809253,0.023460746166170665,-0.9890109890109926,9.71868131868132,-0.4170940170940156,-0.5811965811965827,0.0219780219780219,-1.0915750915750912,-0.0952380952380949,0.0
600036.93210972,49,0.02,0.0,0.4950000047683716,0.0,0.0,0.0,0.0,0.0,0.019264515144579164,0.43507286182955873,0.006294346532387252,0.015068284122987663,-0.0024795910582131597,-0.024986648355840302,0.023460746166170665,-0.9890109890109926,10.035164835164835,-0.4170940170940156,-0.5811965811965827,0.017094017094017033,-1.14041514041514,-0.09035409035409003,0.0
600036.952109304,50,0.02,0.0,0.5049999952316284,0.0,0.0,0.0,0.0,0.0,0.019264515144579164,0.4423208972304895,0.006294346532387252,0.015068284122987663,-0.0024795910582131597,-0.023842221713588074,0.023079270618753256,-0.9890109890109926,10.35164835164835,-0.43076923076922924,-0.5811965811965827,0.017094017094017033,-1.1794871794871788,-0.09035409035409003,0.0
600036.972104261,51,0.02,0.0,0.5149999856948853,0.0,0.0,0.0,0.0,0.0,0.019264515144579164,0.4499504081788377,0.006294346532387252,0.015068284122987663,-0.0024795910582131597,-0.02193484397650103,0.023079270618753256,-0.9890109890109926,10.64175824175824,-0.4170940170940156,-0.5811965811965827,0.0219780219780219,-1.2283272283272275,-0.0952380952380949,0.0
600036.992115339,52,0.02,0.0,0.5249999761581421,0.0,0.0,0.0,0.0,0.0,0.019264515144579164,0.4579613946746033,0.006294346532387252,0.015068284122987663,-0.0024795910582131597,-0.02040894178683139,0.023079270618753256,-0.9890109890109926,10.905494505494502,-0.403418803418802,-0.5811965811965827,0.0219780219780219,-1.2625152625152616,-0.0952380952380949,0.0
600037.012113247,53,0.02,0.0,0.5349999666213989,0.0,0.0,0.0,0.0,0.0,0.019264515144579164,0.4659723811703689,0.006294346532387252,0.015068284122987663,-0.0024795910582131597,-0.018501564049744346,0.023079270618753256,-0.9890109890109926,11.06373626373626,-0.4170940170940156,-0.5948717948717963,0.017094017094017033,-1.2918192918192908,-0.09035409035409003,0.0
600037.032105956,54,0.02,0.0,0.5449999570846558,0.0,0.0,0.0,0.0,0.0,0.019264515144579164,0.4751277943083867,0.006294346532387252,0.015068284122987663,-0.0024795910582131597,-0.017357137407492118,0.023079270618753256,-0.9890109890109926,11.327472527472523,-0.4170940170940156,-0.5948717948717963,0.017094017094017033,-1.32112332112332,-0.0952380952380949,0.0
600037.052108588,55,0.02,0.0,0.5550000071525574,0.0,0.0,0.0,0.0,0.0,0.019264515144579164,0.4835202563515697,0.006294346532387252,0.015068284122987663,-0.0024795910582131597,-0.015449759670405072,0.023079270618753256,-0.9890109890109926,11.591208791208786,-0.4170940170940156,-0.5811965811965827,0.017094017094017033,-1.3699633699633686,-0.09035409035409003,0.0
600037.072105379,56,0.02,0.0,0.5649999380111694,0.0,0.0,0.0,0.0,0.0,0.019264515144579164,0.4922941939421701,0.006294346532387252,0.015068284122987663,-0.0024795910582131597,-0.015068284122987663,0.023460746166170665,-0.9890109890109926,11.77582417582417,-0.403418803418802,-0.5948717948717963,0.017094017094017033,-1.355311355311354,-0.09035409035409003,0.0
600037.092105759,57,0.02,0.0,0.574999988079071,0.0,0.0,0.0,0.0,0.0,0.019264515144579164,0.5010681315327705,0.006294346532387252,0.015068284122987663,-0.0024795910582131597,-0.015068284122987663,0.023460746166170665,-0.9890109890109926,12.039560439560447,-0.403418803418802,-0.5948717948717963,0.017094017094017033,-1.3748473748473735,-0.09035409035409003,0.0
600037.112108984,58,0.02,0.0,0.5849999785423279,0.0,0.0,0.0,0.0,0.0,0.019264515144579164,0.5102235446707883,0.006294346532387252,0.015068284122987663,-0.0024795910582131597,-0.015068284122987663,0.023460746166170665,-0.9890109890109926,12.171428571428578,-0.403418803418802,-0.5948717948717963,0.017094017094017033,-1.394383394383393,-0.08547008547008517,0.0
600037.132109855,59,0.02,0.0,0.5949999690055847,0.0,0.0,0.0,0.0,0.0,0.019264515144579164,0.520141908903641,0.006294346532387252,0.015068284122987663,-0.0024795910582131597,-0.015068284122987663,0.023460746166170665,-0.9890109890109926,12.356043956043962,-0.4170940170940156,-0.5811965811965827,0.026862026862026767,-1.418803418803419,-0.09035409035409003,0.0
600037.152108313,60,0.02,0.0,0.6049999594688416,0.0,0.0,0.0,0.0,0.0,0.019264515144579164,0.5292973220416588,0.006294346532387252,0.015068284122987663,-0.0024795910582131597,-0.015068284122987663,0.023460746166170665,-0.9890109890109926,12.408791208791214,-0.4170940170940156,-0.5811965811965827,0.026862026862026767,-1.4481074481074483,-0.09035409035409003,0.0
600037.172109799,61,0.02,0.0,0.6150000095367432,0.0,0.0,0.0,0.0,0.0,0.019264515144579164,0.5407415884641811,0.006294346532387252,0.015068284122987663,-0.0024795910582131597,-0.015068284122987663,0.023460746166170665,-0.9890109890109926,12.646153846153851,-0.403418803418802,-0.5811965811965827,0.026862026862026767,-1.4725274725274726,-0.09035409035409003,0.0
600037.192101233,62,0.02,0.0,0.6249999403953552,0.0,0.0,0.0,0.0,0.0,0.019264515144579164,0.5506599526970337,0.006294346532387252,0.015068284122987663,-0.0024795910582131597,-0.015068284122987663,0.023460746166170665,-0.9890109890109926,12.804395604395609,-0.403418803418802,-0.5948717948717963,0.0219780219780219,-1.5018315018315018,-0.0952380952380949,0.0
600037.212105308,63,0.02,0.0,0.6349999904632568,0.0,0.0,0.0,0.0,0.0,0.019264515144579164,0.5609597924773038,0.006294346532387252,0.015068284122987663,-0.0024795910582131597,-0.015449759670405072,0.023460746166170665,-1.0153846153846189,12.778021978021982,-0.403418803418802,-0.5811965811965827,0.0219780219780219,-1.5164835164835164,-0.10012210012209977,0.0
600037.232105547,64,0.02,0.0,0.6449999809265137,0.0,0.0,0.0,0.0,0.0,0.019264515144579164,0.5720225833524086,0.006294346532387252,0.015068284122987663,-0.0024795910582131597,-0.015449759670405072,0.023460746166170665,-1.0153846153846189,12.93626373626374,-0.403418803418802,-0.5811965811965827,0.0219780219780219,-1.5604395604395602,-0.0952380952380949,0.0
600037.252111043,65,0.02,0.0,0.6549999713897705,0.0,0.0,0.0,0.0,0.0,0.019264515144579164,0.5827038986800961,0.006294346532387252,0.015068284122987663,-0.0024795910582131597,-0.015449759670405072,0.023460746166170665,-1.0153846153846189,13.14725274725275,-0.4170940170940156,-0.5811965811965827,0.0219780219780219,-1.5848595848595846,-0.0952380952380949,0.0
600037.27210511,66,0.02,0.0,0.6649999618530273,0.0,0.0,0.0,0.0,0.0,0.019264515144579164,0.593766689555201,0.006294346532387252,0.015068284122987663,-0.0024795910582131597,-0.015449759670405072,0.023460746166170665,-1.0153846153846189,13.14725274725275,-0.38974358974358836,-0.5811965811965827,0.026862026862026767,-1.6141636141636138,-0.10012210012209977,0.0
600037.292107076,67,0.02,0.0,0.6749999523162842,0.0,0.0,0.0,0.0,0.0,0.019264515144579164,0.6048294804303058,0.006294346532387252,0.015068284122987663,-0.0024795910582131597,-0.01621271076523989,0.023460746166170665,-1.0153846153846189,13.384615384615387,-0.38974358974358836,-0.5811965811965827,0.0219780219780219,-1.6239316239316235,-0.0952380952380949,0.0
600037.312113737,68,0.02,0.0,0.6850000023841858,0.0,0.0,0.0,0.0,0.0,0.019264515144579164,0.6162737468528281,0.006294346532387252,0.015068284122987663,-0.0024795910582131597,-0.01621271076523989,0.023079270618753256,-1.0153846153846189,13.384615384615387,-0.38974358974358836,-0.5811965811965827,0.026862026862026767,-1.6630036630036624,-0.09035409035409003,0.0
600037.332118879,69,0.02,0.0,0.6949999928474426,0.0,0.0,0.0,0.0,0.0,0.019264515144579164,0.6269550621805156,0.006294346532387252,0.015068284122987663,-0.0024795910582131597,-0.01621271076523989,0.023079270618753256,-1.0153846153846189,13.43736263736264,-0.38974358974358836,-0.5811965811965827,0.026862026862026767,-1.6971916971916965,-0.0952380952380949,0.0
600037.352115094,70,0.02,0.0,0.7049999833106995,0.0,0.0,0.0,0.0,0.0,0.019264515144579164,0.6383993286030378,0.006294346532387252,0.015068284122987663,-0.0024795910582131597,-0.0165941863126573,0.023079270618753256,-1.0153846153846189,13.701098901098902,-0.38974358974358836,-0.5811965811965827,0.026862026862026767,-1.7069597069597062,-0.0952380952380949,0.0
600037.372120966,71,0.02,0.0,0.7149999737739563,0.0,0.0,0.0,0.0,0.0,0.019264515144579164,0.6486991683833079,0.006294346532387252,0.015068284122987663,-0.0024795910582131597,-0.017357137407492118,0.023079270618753256,-1.0153846153846189,13.832967032967034,-0.37606837606837473,-0.5675213675213691,0.026862026862026767,-1.7313797313797323,-0.0952380952380949,0.0
600037.392123072,72,0.02,0.0,0.7250000238418579,0.0,0.0,0.0,0.0,0.0,0.019264515144579164,0.6605249103532476,0.006294346532387252,0.015068284122987663,-0.0024795910582131597,-0.017738612954909527,0.023079270618753256,-1.0153846153846189,13.806593406593407,-0.37606837606837473,-0.5948717948717963,0.0219780219780219,-1.7704517704517713,-0.10012210012209977,0.0
600037.412122132,73,0.02,0.0,0.73499995470047,0.0,0.0,0.0,0.0,0.0,0.019264515144579164,0.671206225680935,0.006294346532387252,0.015068284122987663,-0.0024795910582131597,-0.017738612954909527,0.023079270618753256,-1.0417582417582452,14.043956043956044,-0.403418803418802,-0.5811965811965827,0.026862026862026767,-1.8095238095238102,-0.10012210012209977,0.0
600037.43211909,74,0.02,0.0,0.7450000047683716,0.0,0.0,0.0,0.0,0.0,0.019264515144579164,0.6815060654612051,0.006294346532387252,0.015068284122987663,-0.0024795910582131597,-0.017738612954909527,0.023079270618753256,-1.0417582417582452,14.202197802197801,-0.38974358974358836,-0.5948717948717963,0.026862026862026767,-1.8290598290598297,-0.10012210012209977,0.0
600037.452111807,75,0.02,0.0,0.7549999952316284,0.0,0.0,0.0,0.0,0.0,0.019264515144579164,0.6921873807888925,0.006294346532387252,0.015068284122987663,-0.0024795910582131597,-0.018120088502326936,0.023460746166170665,-1.0417582417582452,14.202197802197801,-0.403418803418802,-0.5675213675213691,0.0219780219780219,-1.853479853479854,-0.10500610500610463,0.0
600037.472173618,76,0.02,0.0,0.7649999856948853,0.0,0.0,0.0,0.0,0.0,0.019264515144579164,0.70286869611658,0.006294346532387252,0.015068284122987663,-0.0024795910582131597,-0.018120088502326936,0.023460746166170665,-1.0417582417582452,14.518681318681317,-0.403418803418802,-0.5811965811965827,0.026862026862026767,-1.887667887667888,-0.10500610500610463,0.0
600037.492119951,77,0.02,0.0,0.7749999761581421,0.0,0.0,0.0,0.0,0.0,0.019264515144579164,0.71316853589685,0.006294346532387252,0.015068284122987663,-0.0024795910582131597,-0.018120088502326936,0.023460746166170665,-1.0417582417582452,14.676923076923075,-0.403418803418802,-0.5811965811965827,0.03174603174603163,-1.9120879120879124,-0.0952380952380949,0.0
600037.512145628,78,0.02,0.0,0.7850000262260437,0.0,0.0,0.0,0.0,0.0,0.019264515144579164,0.7227054245822853,0.006294346532387252,0.015068284122987663,-0.0024795910582131597,-0.018120088502326936,0.023460746166170665,-1.0417582417582452,14.861538461538458,-0.37606837606837473,-0.5811965811965827,0.03174603174603163,-1.9365079365079367,-0.10500610500610463,0.0
600037.532105592,79,0.02,0.0,0.7949999570846558,0.0,0.0,0.0,0.0,0.0,0.019264515144579164,0.7330052643625553,0.006294346532387252,0.015068284122987663,-0.0024795910582131597,-0.018501564049744346,0.023460746166170665,-1.0417582417582452,14.967032967032964,-0.38974358974358836,-0.5811965811965827,0.0219780219780219,-1.9560439560439562,-0.10012210012209977,0.0
600037.552125078,80,0.02,0.0,0.8050000071525574,0.0,0.0,0.0,0.0,0.0,0.019264515144579164,0.7425421530479905,0.006294346532387252,0.015068284122987663,-0.0024795910582131597,-0.018501564049744346,0.023460746166170665,-1.0417582417582452,15.178021978021974,-0.38974358974358836,-0.5948717948717963,0.017094017094017033,-1.9902319902319903,-0.10012210012209977,0.0
600037.572456303,81,0.02,0.0,0.8149999976158142,0.0,0.0,0.0,0.0,0.0,0.019264515144579164,0.7509346150911735,0.006294346532387252,0.015068284122987663,-0.0024795910582131597,-0.018501564049744346,0.023079270618753256,-1.0417582417582452,15.283516483516493,-0.37606837606837473,-0.6085470085470099,0.026862026862026767,-2.0195360195360195,-0.10012210012209977,0.0
600037.592112345,82,0.02,0.0,0.824999988079071,0.0,0.0,0.0,0.0,0.0,0.019264515144579164,0.761615930418861,0.006294346532387252,0.015068284122987663,-0.0024795910582131597,-0.018120088502326936,0.023079270618753256,-1.0417582417582452,15.600000000000009,-0.37606837606837473,-0.5811965811965827,0.026862026862026767,-2.0439560439560447,-0.10012210012209977,0.0
600037.612106263,83,0.02,0.0,0.8349999785423279,0.0,0.0,0.0,0.0,0.0,0.019264515144579164,0.7707713435568788,0.006294346532387252,0.015068284122987663,-0.0024795910582131597,-0.018501564049744346,0.023079270618753256,-1.0681318681318714,15.837362637362645,-0.37606837606837473,-0.6085470085470099,0.026862026862026767,-2.0586080586080593,-0.10500610500610463,0.0
600037.632109134,84,0.02,0.0,0.8449999690055847,0.0,0.0,0.0,0.0,0.0,0.019264515144579164,0.7795452811474792,0.006294346532387252,0.015068284122987663,-0.0024795910582131597,-0.018501564049744346,0.023079270618753256,-1.0681318681318714,16.101098901098908,-0.38974358974358836,-0.6085470085470099,0.0219780219780219,-2.0879120879120885,-0.10012210012209977,0.0
600037.652109752,85,0.02,0.0,0.8549999594688416,0.0,0.0,0.0,0.0,0.0,0.019264515144579164,0.7894636453803319,0.006294346532387252,0.015068284122987663,-0.0024795910582131597,-0.018120088502326936,0.023079270618753256,-1.0681318681318714,16.15384615384616,-0.38974358974358836,-0.5948717948717963,0.026862026862026767,-2.112332112332113,-0.10500610500610463,0.0
600037.672109913,86,0.02,0.0,0.8650000095367432,0.0,0.0,0.0,0.0,0.0,0.019264515144579164,0.7986190585183497,0.006294346532387252,0.015068284122987663,-0.0024795910582131597,-0.018120088502326936,0.023079270618753256,-1.0681318681318714,16.470329670329676,-0.38974358974358836,-0.6085470085470099,0.026862026862026767,-2.1318681318681323,-0.10012210012209977,0.0
600037.692106021,87,0.02,0.0,0.8749999403953552,0.0,0.0,0.0,0.0,0.0,0.019264515144579164,0.8070115205615327,0.006294346532387252,0.015068284122987663,-0.0024795910582131597,-0.018120088502326936,0.023079270618753256,-1.0681318681318714,16.760439560439565,-0.38974358974358836,-0.5948717948717963,0.03174603174603163,-2.1611721611721615,-0.1098901098901095,0.0
600037.712105209,88,0.02,0.0,0.8849999904632568,0.0,0.0,0.0,0.0,0.0,0.019264515144579164,0.8157854581521331,0.006294346532387252,0.015068284122987663,-0.0024795910582131597,-0.018501564049744346,0.023079270618753256,-1.0681318681318714,16.86593406593407,-0.37606837606837473,-0.5948717948717963,0.026862026862026767,-2.1660561660561664,-0.10012210012209977,0.0
600037.732108259,89,0.02,0.0,0.8949999809265137,0.0,0.0,0.0,0.0,0.0,0.019264515144579164,0.8241779201953161,0.006294346532387252,0.015068284122987663,-0.0024795910582131597,-0.018501564049744346,0.023079270618753256,-1.0681318681318714,17.050549450549454,-0.38974358974358836,-0.5948717948717963,0.03174603174603163,-2.1953601953601956,-0.10500610500610463,0.0
600037.752112676,90,0.02,0.0,0.8999999761581421,0.0,0.0,0.0,0.0,0.0,0.019264515144579164,0.8340962844281687,0.006294346532387252,0.015068284122987663,-0.0024795910582131597,-0.018120088502326936,0.023079270618753256,-1.0681318681318714,17.28791208791209,-0.3623931623931611,-0.5948717948717963,0.026862026862026767,-2.2295482295482296,-0.10012210012209977,0.0
600037.77211189,91,0.02,0.0,0.8999999761581421,0.0,0.0,0.0,0.0,0.0,0.019264515144579164,0.8428702220187692,0.006294346532387252,0.015068284122987663,-0.0024795910582131597,-0.017738612954909527,0.023079270618753256,-1.0681318681318714,17.36703296703297,-0.37606837606837473,-0.5948717948717963,0.026862026862026767,-2.249084249084249,-0.10500610500610463,0.0
600037.792109642,92,0.02,0.0,0.8999999761581421,0.0,0.0,0.0,0.0,0.0,0.019264515144579164,0.8512626840619522,0.006294346532387252,0.015068284122987663,-0.0024795910582131597,-0.017738612954909527,0.023079270618753256,-1.0681318681318714,17.70989010989011,-0.38974358974358836,-0.6085470085470099,0.03174603174603163,-2.2637362637362637,-0.1098901098901095,0.0
600037.812111984,93,0.02,0.0,0.8999999761581421,0.0,0.0,0.0,0.0,0.0,0.019264515144579164,0.8592736705577178,0.006294346532387252,0.015068284122987663,-0.0024795910582131597,-0.018501564049744346,0.023079270618753256,-1.0681318681318714,17.15604395604396,-0.3623931623931611,-0.5811965811965827,0.03174603174603163,-2.249084249084249,-0.1098901098901095,0.0
600037.832108684,94,0.02,0.0,0.8999999761581421,0.0,0.0,0.0,0.0,0.0,0.019264515144579164,0.8676661326009008,0.006294346532387252,0.015068284122987663,-0.0024795910582131597,-0.018883039597161755,0.023079270618753256,-1.0945054945054977,16.86593406593407,-0.3623931623931611,-0.6085470085470099,0.03174603174603163,-2.283272283272283,-0.1098901098901095,0.0
600037.852115045,95,0.02,0.0,0.8999999761581421,0.0,0.0,0.0,0.0,0.0,0.019264515144579164,0.8760585946440838,0.006294346532387252,0.015068284122987663,-0.0024795910582131597,-0.018883039597161755,0.023079270618753256,-1.0945054945054977,16.312087912087918,-0.37606837606837473,-0.5948717948717963,0.026862026862026767,-2.3076923076923075,-0.10500610500610463,0.0
600037.87210927,96,0.02,0.0,0.8999999761581421,0.0,0.0,0.0,0.0,0.0,0.019264515144579164,0.8833066300450145,0.006294346532387252,0.015068284122987663,-0.0024795910582131597,-0.018883039597161755,0.023079270618753256,-1.0945054945054977,16.15384615384616,-0.37606837606837473,-0.5948717948717963,0.026862026862026767,-2.327228327228327,-0.1098901098901095,0.0
600037.892110846,97,0.02,0.0,0.8999999761581421,0.0,0.0,0.0,0.0,0.0,0.019264515144579164,0.8894102388036931,0.006294346532387252,0.015068284122987663,-0.0024795910582131597,-0.02155336842908362,0.023079270618753256,-1.0945054945054977,15.890109890109898,-0.37606837606837473,-0.5948717948717963,0.03174603174603163,-2.244200244200244,-0.10500610500610463,0.0
600037.912107705,98,0.02,0.0,0.8999999761581421,0.0,0.0,0.0,0.0,0.0,0.019264515144579164,0.8943694209201194,0.006294346532387252,0.015068284122987663,-0.0024795910582131597,-0.02651255054550994,0.023079270618753256,-1.0945054945054977,15.626373626373635,-0.37606837606837473,-0.6085470085470099,0.026862026862026767,-2.1904761904761907,-0.1098901098901095,0.0
600037.932116615,99,0.02,0.0,0.8999999761581421,0.0,0.0,0.0,0.0,0.0,0.019264515144579164,0.8978027008468761,0.006294346532387252,0.015068284122987663,-0.0020981155107957505,-0.033379110399023304,0.023079270618753256,-1.0945054945054977,15.890109890109898,-0.3623931623931611,-0.5948717948717963,0.03174603174603163,-2.0195360195360195,-0.10500610500610463,0.0
600037.952109375,100,0.02,0.0,0.8999999761581421,0.0,0.0,0.0,0.0,0.0,0.019264515144579164,0.9004730296787979,0.006294346532387252,0.015068284122987663,-0.0020981155107957505,-0.03986419470511926,0.023079270618753256,-1.0945054945054977,15.73186813186814,-0.37606837606837473,-0.6085470085470099,0.026862026862026767,-2.0097680097680097,-0.11477411477411437,0.0
600037.972110651,101,0.02,0.0,0.8999999761581421,0.0,0.0,0.0,0.0,0.0,0.019264515144579164,0.9027618829633024,0.006294346532387252,0.015068284122987663,-0.0020981155107957505,-0.046349279011215216,0.023079270618753256,-1.0945054945054977,15.837362637362645,-0.3623931623931611,-0.6085470085470099,0.03174603174603163,-2.0146520146520146,-0.11477411477411437,0.0
600037.992110435,102,0.02,0.0,0.8999999761581421,0.0,0.0,0.0,0.0,0.0,0.019264515144579164,0.9046692607003894,0.006294346532387252,0.015068284122987663,-0.0020981155107957505,-0.0497825589379719,0.023079270618753256,-1.0945054945054977,15.415384615384625,-0.37606837606837473,-0.6085470085470099,0.026862026862026767,-2.063492063492064,-0.10500610500610463,0.0
600038.012248998,103,0.02,0.0,0.8999999761581421,0.0,0.0,0.0,0.0,0.0,0.019264515144579164,0.9058136873426417,0.006294346532387252,0.015068284122987663,-0.0020981155107957505,-0.05092698558022413,0.023079270618753256,-1.0945054945054977,15.547252747252756,-0.37606837606837473,-0.5948717948717963,0.0219780219780219,-2.112332112332113,-0.1098901098901095,0.0
600038.032055182,104,0.02,0.0,0.8999999761581421,0.0,0.0,0.0,0.0,0.0,0.019264515144579164,0.9073395895323113,0.006294346532387252,0.015068284122987663,-0.0020981155107957505,-0.05092698558022413,0.023079270618753256,-1.0945054945054977,15.52087912087913,-0.37606837606837473,-0.6222222222222236,0.0219780219780219,-2.1514041514041518,-0.11965811965811923,0.0
600038.052108374,105,0.02,0.0,0.8999999761581421,0.0,0.004999999888241291,0.0,0.0,0.0,0.019264515144579164,0.9077210650797287,0.006294346532387252,0.015068284122987663,-0.0020981155107957505,-0.05092698558022413,0.023079270618753256,-1.0945054945054977,15.573626373626382,-0.3623931623931611,-0.6085470085470099,0.0219780219780219,-2.170940170940171,-0.11477411477411437,0.0
600038.072109853,106,0.02,0.0,0.8999999761581421,0.0,0.014999999664723873,0.0,0.0,0.0,0.019264515144579164,0.9077210650797287,0.006294346532387252,0.015068284122987663,-0.0020981155107957505,-0.0497825589379719,0.023079270618753256,-1.0945054945054977,15.626373626373635,-0.3623931623931611,-0.6222222222222236,0.0219780219780219,-2.2051282051282053,-0.11477411477411437,0.0
600038.092116428,107,0.02,0.0,0.8999999761581421,0.0,0.02500000037252903,0.0,0.0,0.0,0.019264515144579164,0.9073395895323113,0.006294346532387252,0.015068284122987663,-0.0020981155107957505,-0.04901960784313708,0.023079270618753256,-1.0945054945054977,15.705494505494514,-0.3623931623931611,-0.4854700854700873,0.0219780219780219,-2.2002442002442004,-0.11477411477411437,0.0
600038.112108981,108,0.02,0.0,0.8999999761581421,0.0,0.03500000014901161,0.0,0.0,0.0,0.019264515144579164,0.9058136873426417,0.006294346532387252,0.015449759670405072,-0.0020981155107957505,-0.04825665674830226,0.023079270618753256,-1.0945054945054977,15.890109890109898,-0.3623931623931611,-0.11623931623931583,0.0219780219780219,-2.2002442002442004,-0.1098901098901095,0.0
600038.132174372,109,0.02,0.0,0.8999999761581421,0.0,0.04500000178813934,0.0,0.0,0.0,0.019264515144579164,0.9046692607003894,0.006294346532387252,0.01583123521782248,-0.0020981155107957505,-0.04825665674830226,0.023079270618753256,-1.0945054945054977,15.995604395604403,-0.38974358974358836,0.38974358974358836,0.017094017094017033,-2.1904761904761907,-0.11477411477411437,0.0
600038.152108758,110,0.02,0.0,0.8999999761581421,0.0,0.054999999701976776,0.0,0.0,0.0,0.019264515144579164,0.9027618829633024,0.006294346532387252,0.018501564049744346,-0.0020981155107957505,-0.04825665674830226,0.022697795071335847,-1.0945054945054977,16.07472527472528,-0.3623931623931611,0.6085470085470064,0.017094017094017033,-2.185592185592186,-0.10500610500610463,0.0
600038.172056844,111,0.02,0.0,0.8999999761581421,0.0,0.06499999761581421,0.0,0.0,0.0,0.019264515144579164,0.9012359807736328,0.006294346532387252,0.023460746166170665,-0.0020981155107957505,-0.04787518120088485,0.022697795071335847,-1.0681318681318714,16.15384615384616,-0.3623931623931611,0.6905982905982881,0.0219780219780219,-2.21001221001221,-0.10012210012209977,0.0
600038.192108625,112,0.02,0.0,0.8999999761581421,0.0,0.07500000298023224,0.0,0.0,0.0,0.018120088502326936,0.8993286030365457,0.006294346532387252,0.029564354924849212,-0.0020981155107957505,-0.046730754558632626,0.02040894178683139,-0.8571428571428612,16.259340659340666,-0.3623931623931611,0.9230769230769269,0.026862026862026767,-2.2246642246642248,-0.026862026862026767,0.0
600038.21211555,113,0.02,0.0,0.8999999761581421,0.0,0.08500000089406967,0.0,0.0,0.0,0.014305333028152845,0.8974212252994587,0.006294346532387252,0.037193865873197396,-0.0020981155107957505,-0.046349279011215216,0.014686808575570254,-0.4351648351648336,16.44395604395605,-0.3076923076923066,1.0051282051282087,0.017094017094017033,-2.2002442002442004,0.08547008547008517,0.0
600038.232107594,114,0.02,0.0,0.8999999761581421,0.0,0.0949999988079071,0.0,0.0,0.0,0.010490577553978753,0.8955138475623716,0.006294346532387252,0.04596780346379781,-0.0020981155107957505,-0.04520485236896299,0.011253528648813571,-0.14505494505494454,16.496703296703302,-0.294017094017093,1.0871794871794904,0.0219780219780219,-2.249084249084249,0.10012210012209977,0.0
600038.252113832,115,0.02,0.0,0.8999999761581421,0.0,0.10499999672174454,0.0,0.0,0.0,0.007438773174639479,0.8943694209201194,0.006294346532387252,0.05550469214923304,-0.0020981155107957505,-0.042153047989623715,0.008583199816891707,0.0659340659340657,16.52307692307693,-0.23931623931623847,1.1555555555555586,0.012210012210012167,-2.2979242979242978,0.1098901098901095,0.0
600038.272110543,116,0.02,0.0,0.8999999761581421,0.0,0.11500000208616257,0.0,0.0,0.0,0.004386968795300206,0.8932249942778672,0.006294346532387252,0.06466010528725086,-0.0017166399633783413,-0.04024567025253667,0.005149919890135024,0.3296703296703285,16.602197802197807,-0.18461538461538396,1.3470085470085493,-0.017094017094017033,-2.283272283272283,0.14896214896214843,0.0
600038.29210666,117,0.02,0.0,0.8999999761581421,0.0,0.125,0.0,0.0,0.0,0.0024795910582131597,0.8920805676356149,0.006294346532387252,0.07419699397268609,-0.0017166399633783413,-0.03681239032577999,0.0013351644159609322,0.3560439560439548,16.707692307692312,-0.12991452991452945,1.360683760683763,-0.0073260073260073,-2.351648351648352,0.18803418803418737,0.0
600038.312116076,118,0.02,0.0,0.8999999761581421,0.0,0.13500000536441803,0.0,0.0,0.0,0.0024795910582131597,0.8913176165407801,0.006294346532387252,0.08335240711070391,-0.0017166399633783413,-0.03452353704127553,-0.002861066605630569,0.3032967032967022,16.57582417582418,-0.04786324786324769,1.4564102564102583,-0.017094017094017033,-2.356532356532357,0.2417582417582409,0.0
600038.332108302,119,0.02,0.0,0.8999999761581421,0.0,0.14499999582767487,0.0,0.0,0.0,0.0024795910582131597,0.8913176165407801,0.006294346532387252,0.09174486915388691,-0.0017166399633783413,-0.032234683756771076,-0.007438773174639479,0.3296703296703285,16.52307692307693,0.02051282051282044,1.4837606837606856,-0.026862026862026767,-2.361416361416362,0.2857142857142847,0.0
600038.352104841,120,0.02,0.0,0.8999999761581421,0.0,0.1550000011920929,0.0,0.0,0.0,0.0024795910582131597,0.8913176165407801,0.006294346532387252,0.10128175783932214,-0.0017166399633783413,-0.027656977187762166,-0.009346150911726525,0.40879120879120734,16.52307692307693,0.07521367521367495,1.4974358974358992,-0.0366300366300365,-2.463980463980464,0.26129426129426037,0.0
600038.372102882,121,0.02,0.0,0.8999999761581421,0.0,0.16500000655651093,0.0,0.0,0.0,0.0024795910582131597,0.8913176165407801,0.006294346532387252,0.11081864652475737,-0.0020981155107957505,-0.024986648355840302,-0.008964675364309116,0.4879120879120862,16.496703296703302,0.12991452991452945,1.5658119658119674,-0.04639804639804623,-2.4053724053724057,0.2417582417582409,0.0
600038.392112173,122,0.02,0.0,0.8999999761581421,0.0,0.17499999701976776,0.0,0.0,0.0,0.0024795910582131597,0.8913176165407801,0.006294346532387252,0.12188143739986224,-0.0020981155107957505,-0.024223697261005483,-0.008583199816891707,0.5406593406593387,16.496703296703302,0.1982905982905976,1.5247863247863265,-0.04639804639804623,-2.3760683760683765,0.24664224664224577,0.0
600038.412111229,123,0.02,0.0,0.8999999761581421,0.0,0.1850000023841858,0.0,0.0,0.0,0.0024795910582131597,0.8913176165407801,0.006294346532387252,0.1329442282749671,-0.0020981155107957505,-0.024605172808422893,-0.008583199816891707,0.6725274725274701,16.470329670329676,0.2666666666666657,1.4837606837606856,-0.056166056166055967,-2.3418803418803416,0.26617826617826523,0.0
600038.433054881,124,0.02,0.0,0.8999999761581421,0.0,0.19499999284744263,0.0,0.0,0.0,0.0024795910582131597,0.8913176165407801,0.006294346532387252,0.1447699702449068,-0.0020981155107957505,-0.024986648355840302,-0.008201724269474298,0.7780219780219753,16.470329670329676,0.3487179487179475,1.4427350427350447,-0.06105006105006083,-2.332112332112332,0.2857142857142847,0.0
600038.452105901,125,0.02,0.0,0.8999999761581421,0.0,0.20499999821186066,0.0,0.0,0.0,0.002861066605630569,0.8913176165407801,0.006294346532387252,0.15659571221484647,-0.0020981155107957505,-0.024986648355840302,-0.007820248722056888,0.8571428571428541,16.44395604395605,0.4170940170940156,1.360683760683763,-0.056166056166055967,-2.3369963369963367,0.29548229548229443,0.0
600038.472122812,126,0.02,0.0,0.8999999761581421,0.0,0.2150000035762787,0.0,0.0,0.0,0.002861066605630569,0.8916990920881975,0.006294346532387252,0.16880292973220357,-0.0020981155107957505,-0.02536812390325771,-0.00705729762722207,0.9626373626373592,16.44395604395605,0.512820512820511,1.1692307692307722,-0.0512820512820511,-2.322344322344322,0.30525030525030417,0.0
600038.492114105,127,0.02,0.0,0.8999999761581421,0.0,0.22499999403953552,0.0,0.0,0.0,0.002861066605630569,0.8916990920881975,0.006294346532387252,0.18101014724956066,-0.0020981155107957505,-0.02574959945067512,-0.005531395437552433,1.0681318681318643,16.417582417582423,0.6085470085470064,1.100854700854704,-0.056166056166055967,-2.322344322344322,0.3003663003662993,0.0
600038.513308795,128,0.02,0.0,0.8999999761581421,0.0,0.23499999940395355,0.0,0.0,0.0,0.003242542153047978,0.8916990920881975,0.006294346532387252,0.19398031586175257,-0.0020981155107957505,-0.02574959945067512,-0.003242542153047978,1.226373626373622,16.391208791208797,0.7042735042735018,1.0871794871794904,-0.056166056166055967,-2.332112332112332,0.29548229548229443,0.0
600038.532125201,129,0.02,0.0,0.8999999761581421,0.0,0.24500000476837158,0.0,0.0,0.0,0.003242542153047978,0.8916990920881975,0.006294346532387252,0.20618753337910967,-0.0020981155107957505,-0.02574959945067512,-0.000953688868543523,1.3054945054945009,16.391208791208797,0.7999999999999972,1.0871794871794904,-0.0512820512820511,-2.3369963369963367,0.29548229548229443,0.0
600038.552106187,130,0.02,0.0,0.8999999761581421,0.0,0.2549999952316284,0.0,0.0,0.0,0.003242542153047978,0.8916990920881975,0.006294346532387252,0.21801327534904935,-0.0020981155107957505,-0.02574959945067512,0.000953688868543523,1.4637362637362585,16.391208791208797,0.9094017094017133,1.0598290598290632,-0.04639804639804623,-2.332112332112332,0.31013431013430903,0.0
600038.572106639,131,0.02,0.0,0.8999999761581421,0.0,0.26499998569488525,0.0,0.0,0.0,0.0040054932478827965,0.8916990920881975,0.006294346532387252,0.22945754177157163,-0.0020981155107957505,-0.02574959945067512,0.0036240177004653873,1.4901098901098848,16.36483516483517,1.0051282051282087,1.141880341880345,-0.04151404151404137,-2.3418803418803416,0.3003663003662993,0.0
600038.592120589,132,0.02,0.0,0.8999999761581421,0.0,0.2750000059604645,0.0,0.0,0.0,0.005149919890135024,0.8916990920881975,0.006294346532387252,0.2409018081940939,-0.0020981155107957505,-0.02536812390325771,0.005531395437552433,1.3846153846153797,16.338461538461544,1.1145299145299177,1.2239316239316267,-0.0366300366300365,-2.351648351648352,0.3150183150183157,0.0
600038.612110184,133,0.02,0.0,0.8999999761581421,0.0,0.2849999964237213,0.0,0.0,0.0,0.005531395437552433,0.8916990920881975,0.006294346532387252,0.25082017242694654,-0.0020981155107957505,-0.02536812390325771,0.007820248722056888,1.7274725274725355,16.338461538461544,1.210256410256413,1.2923076923076948,-0.026862026862026767,-2.3418803418803416,0.3247863247863254,0.0
600038.632110504,134,0.02,0.0,0.8999999761581421,0.0,0.29499998688697815,0.0,0.0,0.0,0.005531395437552433,0.8916990920881975,0.006294346532387252,0.2607385366597992,-0.0020981155107957505,-0.02536812390325771,0.010490577553978753,1.8329670329670407,16.312087912087918,1.319658119658122,1.210256410256413,-0.026862026862026767,-2.3467643467643473,0.31013431013430903,0.0
600038.652110025,135,0.02,0.0,0.8999999761581421,0.0,0.3050000071525574,0.0,0.0,0.0,0.005531395437552433,0.8916990920881975,0.006294346532387252,0.27218280308232146,-0.0020981155107957505,-0.02536812390325771,0.013160906385900617,1.9384615384615458,16.259340659340666,1.4017094017094038,1.251282051282054,-0.017094017094017033,-2.3418803418803416,0.3150183150183157,0.0
600038.672108679,136,0.02,0.0,0.8999999761581421,0.0,0.3149999976158142,0.0,0.0,0.0,0.005531395437552433,0.8916990920881975,0.006294346532387252,0.2824826428625915,-0.0020981155107957505,-0.02536812390325771,0.01621271076523989,2.0967032967033035,16.259340659340666,1.4837606837606856,1.3743589743589766,-0.012210012210012167,-2.3418803418803416,0.3150183150183157,0.0
600038.69211139,137,0.02,0.0,0.8999999761581421,0.0,0.32499998807907104,0.0,0.0,0.0,0.005531395437552433,0.8916990920881975,0.006294346532387252,0.29240100709544414,-0.0020981155107957505,-0.02536812390325771,0.018501564049744346,2.2021978021978086,16.206593406593413,1.579487179487181,1.470085470085472,-0.0073260073260073,-2.3418803418803416,0.3296703296703303,0.0
600038.712117679,138,0.02,0.0,0.8999999761581421,0.0,0.33500000834465027,0.0,0.0,0.0,0.005531395437552433,0.8916990920881975,0.006294346532387252,0.3023193713282968,-0.0020981155107957505,-0.02536812390325771,0.019264515144579164,2.2813186813186874,16.206593406593413,1.6615384615384627,1.6068376068376082,0.0024420024420024333,-2.3369963369963367,0.37851037851037894,0.0
600038.732109404,139,0.02,0.0,0.8999999761581421,0.0,0.3449999988079071,0.0,0.0,0.0,0.005531395437552433,0.8916990920881975,0.006294346532387252,0.311856260013732,-0.0020981155107957505,-0.02574959945067512,0.019264515144579164,2.439560439560445,16.15384615384616,1.7572649572649581,1.798290598290599,0.0073260073260073,-2.3369963369963367,0.42246642246642274,0.0
600038.752106382,140,0.02,0.0,0.8999999761581421,0.0,0.35499998927116394,0.0,0.0,0.0,0.005531395437552433,0.8916990920881975,0.006294346532387252,0.32139314869916724,-0.0020981155107957505,-0.02574959945067512,0.019264515144579164,2.518681318681324,16.15384615384616,1.8393162393162399,1.907692307692308,0.012210012210012167,-2.332112332112332,0.4468864468864471,0.0
600038.772102874,141,0.02,0.0,0.8999999761581421,0.0,0.36500000953674316,0.0,0.0,0.0,0.005531395437552433,0.8916990920881975,0.006294346532387252,0.33093003738460247,-0.0020981155107957505,-0.02574959945067512,0.019264515144579164,2.624175824175829,16.15384615384616,1.907692307692308,1.907692307692308,0.012210012210012167,-2.3369963369963367,0.4615384615384617,0.0
600038.79211017,142,0.02,0.0,0.8999999761581421,0.0,0.375,0.0,0.0,0.0,0.005531395437552433,0.8916990920881975,0.006294346532387252,0.3400854505226203,-0.0020981155107957505,-0.02574959945067512,0.019264515144579164,2.703296703296708,16.127472527472534,1.9760683760683762,1.948717948717949,0.012210012210012167,-2.3369963369963367,0.48107448107448114,0.0
600038.812103163,143,0.02,0.0,0.8999999761581421,0.0,0.38499999046325684,0.0,0.0,0.0,0.005531395437552433,0.8916990920881975,0.006294346532387252,0.3496223392080555,-0.0020981155107957505,-0.02536812390325771,0.019264515144579164,2.7824175824175867,16.101098901098908,2.0444444444444443,2.0444444444444443,0.017094017094017033,-2.3369963369963367,0.5006105006105006,0.0
600038.832114665,144,0.02,0.0,0.8999999761581421,0.0,0.39500001072883606,0.0,0.0,0.0,0.005531395437552433,0.8916990920881975,0.006294346532387252,0.35839627679865593,-0.0020981155107957505,-0.02536812390325771,0.018883039597161755,2.887912087912092,16.048351648351655,2.126495726495726,2.304273504273503,0.012210012210012167,-2.3467643467643473,0.5201465201465201,0.0
600038.852101191,145,0.02,0.0,0.8999999761581421,0.0,0.4050000011920929,0.0,0.0,0.0,0.005531395437552433,0.8916990920881975,0.006294346532387252,0.36717021438925634,-0.0020981155107957505,-0.02536812390325771,0.018883039597161755,2.993406593406597,16.048351648351655,2.1811965811965806,2.4683760683760667,0.017094017094017033,-2.3467643467643473,0.5445665445665444,0.0
600038.872101372,146,0.02,0.0,0.8999999761581421,0.0,0.41499999165534973,0.0,0.0,0.0,0.005531395437552433,0.8916990920881975,0.006294346532387252,0.37594415197985676,-0.0020981155107957505,-0.02536812390325771,0.018883039597161755,3.072527472527476,15.995604395604403,2.2495726495726487,2.536752136752135,0.012210012210012167,-2.3369963369963367,0.5641025641025639,0.0
600038.892103761,147,0.02,0.0,0.8999999761581421,0.0,0.42500001192092896,0.0,0.0,0.0,0.005531395437552433,0.8916990920881975,0.006294346532387252,0.38471808957045717,-0.0020981155107957505,-0.02536812390325771,0.018883039597161755,3.1516483516483547,15.995604395604403,2.317948717948717,2.5504273504273485,0.0073260073260073,-2.3418803418803416,0.5787545787545785,0.0
600038.912113419,148,0.02,0.0,0.8999999761581421,0.0,0.4350000023841858,0.0,0.0,0.0,0.005531395437552433,0.8916990920881975,0.006294346532387252,0.39387350270847854,-0.0020981155107957505,-0.02536812390325771,0.018501564049744346,3.2307692307692335,15.969230769230776,2.386324786324785,2.673504273504278,0.0073260073260073,-2.3418803418803416,0.5934065934065931,0.0
600038.932111587,149,0.02,0.0,0.8999999761581421,0.0,0.4449999928474426,0.0,0.0,0.0,0.005531395437552433,0.8916990920881975,0.006294346532387252,0.40302891584649636,-0.0020981155107957505,-0.02536812390325771,0.018501564049744346,3.3362637362637386,15.94285714285715,2.4410256410256395,2.823931623931628,0.012210012210012167,-2.3369963369963367,0.6129426129426125,0.0
600038.952107011,150,0.02,0.0,0.8999999761581421,0.0,0.45500001311302185,0.0,0.0,0.0,0.005531395437552433,0.8916990920881975,0.006294346532387252,0.4125658045319316,-0.0020981155107957505,-0.02536812390325771,0.018501564049744346,3.4153846153846175,15.916483516483524,2.536752136752135,2.9196581196581235,0.0073260073260073,-2.3369963369963367,0.6275946275946271,0.0
600038.972111021,151,0.02,0.0,0.8999999761581421,0.0,0.4650000035762787,0.0,0.0,0.0,0.005531395437552433,0.8916990920881975,0.006294346532387252,0.4221026932173668,-0.0020981155107957505,-0.02536812390325771,0.018501564049744346,3.4945054945054963,15.863736263736271,2.5914529914529894,2.9470085470085507,0.012210012210012167,-2.3418803418803416,0.6471306471306466,0.0
600038.992114331,152,0.02,0.0,0.8999999761581421,0.0,0.4749999940395355,0.0,0.0,0.0,0.005531395437552433,0.8916990920881975,0.006294346532387252,0.43240253299763687,-0.0020981155107957505,-0.02536812390325771,0.018501564049744346,3.6000000000000014,15.837362637362645,2.646153846153851,3.015384615384619,0.0073260073260073,-2.3418803418803416,0.6617826617826612,0.0
600039.012111582,153,0.02,0.0,0.8999999761581421,0.0,0.48500001430511475,0.0,0.0,0.0,0.005531395437552433,0.8916990920881975,0.006294346532387252,0.4419394216830721,-0.0020981155107957505,-0.02536812390325771,0.018501564049744346,3.6791208791208803,15.810989010989019,2.7418803418803464,3.0290598290598325,0.0024420024420024333,-2.3369963369963367,0.6813186813186807,0.0
600039.032111817,154,0.02,0.0,0.8999999761581421,0.0,0.4950000047683716,0.0,0.0,0.0,0.005531395437552433,0.8916990920881975,0.006294346532387252,0.45223926146334215,-0.0020981155107957505,-0.02536812390325771,0.018501564049744346,3.758241758241759,15.784615384615392,2.796581196581201,3.0290598290598325,0.0073260073260073,-2.3369963369963367,0.7008547008547001,0.0
600039.05211277,155,0.02,0.0,0.8999999761581421,0.0,0.5049999952316284,0.0,0.0,0.0,0.005531395437552433,0.8916990920881975,0.006294346532387252,0.4621576256961948,-0.0020981155107957505,-0.02536812390325771,0.018501564049744346,3.863736263736264,15.758241758241766,2.8923076923076962,3.0974358974359006,0.012210012210012167,-2.3418803418803416,0.7155067155067147,0.0
600039.072117911,156,0.02,0.0,0.8999999761581421,0.0,0.5149999856948853,0.0,0.0,0.0,0.005531395437552433,0.8916990920881975,0.006294346532387252,0.47245746547646483,-0.0020981155107957505,-0.02536812390325771,0.018501564049744346,3.9692307692307693,15.73186813186814,2.9470085470085507,3.1384615384615415,0.012210012210012167,-2.3418803418803416,0.7399267399267391,0.0
600039.092110024,157,0.02,0.0,0.8999999761581421,0.0,0.5249999761581421,0.0,0.0,0.0,0.005531395437552433,0.8916990920881975,0.006294346532387252,0.4831387808041523,-0.0020981155107957505,-0.02536812390325771,0.018501564049744346,4.048351648351648,15.679120879120887,3.015384615384619,3.1384615384615415,0.012210012210012167,-2.3369963369963367,0.7545787545787537,0.0
600039.112126603,158,0.02,0.0,0.8999999761581421,0.0,0.5350000262260437,0.0,0.0,0.0,0.005531395437552433,0.8916990920881975,0.006294346532387252,0.49382009613183975,-0.0020981155107957505,-0.02536812390325771,0.018501564049744346,4.127472527472527,15.652747252747261,3.083760683760687,3.1794871794871824,0.0073260073260073,-2.3418803418803416,0.7741147741147731,0.0
600039.132115681,159,0.02,0.0,0.8999999761581421,0.0,0.5450000166893005,0.0,0.0,0.0,0.005531395437552433,0.8916990920881975,0.006294346532387252,0.5048828870069446,-0.0020981155107957505,-0.02536812390325771,0.018501564049744346,4.232967032967032,15.626373626373635,3.152136752136755,3.193162393162396,0.0073260073260073,-2.3418803418803416,0.7887667887667877,0.0
600039.152114344,160,0.02,0.0,0.8999999761581421,0.0,0.5550000071525574,0.0,0.0,0.0,0.005531395437552433,0.8916990920881975,0.006294346532387252,0.5151827267872147,-0.0020981155107957505,-0.02536812390325771,0.018501564049744346,4.338461538461537,15.600000000000009,3.234188034188037,3.2478632478632505,0.0073260073260073,-2.3418803418803416,0.8034188034188023,0.0
600039.172109613,161,0.02,0.0,0.8999999761581421,0.0,0.5649999976158142,0.0,0.0,0.0,0.005531395437552433,0.8916990920881975,0.006294346532387252,0.5262455176623195,-0.0020981155107957505,-0.02536812390325771,0.018501564049744346,4.417582417582416,15.547252747252756,3.3162393162393187,3.302564102564105,0.0073260073260073,-2.3418803418803416,0.8278388278388267,0.0
600039.192112053,162,0.02,0.0,0.8999999761581421,0.0,0.574999988079071,0.0,0.0,0.0,0.005531395437552433,0.8916990920881975,0.006294346532387252,0.5365453574425896,-0.0020981155107957505,-0.02536812390325771,0.018883039597161755,4.523076923076921,15.52087912087913,3.384615384615387,3.302564102564105,0.0073260073260073,-2.3369963369963367,0.8424908424908413,0.0
600039.212116747,163,0.02,0.0,0.8999999761581421,0.0,0.5849999785423279,0.0,0.0,0.0,0.005531395437552433,0.8916990920881975,0.006294346532387252,0.5468451972228596,-0.0020981155107957505,-0.02536812390325771,0.018883039597161755,4.628571428571426,15.468131868131877,3.452991452991455,3.3162393162393187,0.012210012210012167,-2.3369963369963367,0.8620268620268607,0.0
600039.232120243,164,0.02,0.0,0.8999999761581421,0.0,0.5950000286102295,0.0,0.0,0.0,0.005531395437552433,0.8916990920881975,0.006294346532387252,0.5571450370031297,-0.0020981155107957505,-0.02536812390325771,0.018883039597161755,4.7340659340659315,15.415384615384625,3.5487179487179503,3.3572649572649595,0.0073260073260073,-2.3369963369963367,0.8766788766788753,0.0
600039.252111314,165,0.02,0.0,0.8999999761581421,0.0,0.6050000190734863,0.0,0.0,0.0,0.005531395437552433,0.8916990920881975,0.006294346532387252,0.5678263523308171,-0.0020981155107957505,-0.02536812390325771,0.018883039597161755,4.786813186813184,15.389010989010998,3.603418803418805,3.370940170940173,0.012210012210012167,-2.3418803418803416,0.9010989010988997,0.0
600039.272113629,166,0.02,0.0,0.8999999761581421,0.0,0.6150000095367432,0.0,0.0,0.0,0.005531395437552433,0.8916990920881975,0.006294346532387252,0.5781261921110872,-0.0020981155107957505,-0.02536812390325771,0.018883039597161755,4.892307692307689,15.336263736263746,3.671794871794873,3.4256410256410277,0.0073260073260073,-2.3418803418803416,0.9206349206349191,0.0
600039.29212047,167,0.02,0.0,0.8999999761581421,0.0,0.625,0.0,0.0,0.0,0.005531395437552433,0.8916990920881975,0.006294346532387252,0.5876630807965224,-0.0020981155107957505,-0.02536812390325771,0.018883039597161755,4.971428571428568,15.30989010989012,3.740170940170941,3.494017094017096,0.012210012210012167,-2.3418803418803416,0.9352869352869337,0.0
600039.312116702,168,0.02,0.0,0.8999999761581421,0.0,0.6349999904632568,0.0,0.0,0.0,0.005531395437552433,0.8916990920881975,0.006294346532387252,0.597581445029375,-0.0020981155107957505,-0.02536812390325771,0.018883039597161755,5.07692307692308,15.257142857142867,3.8085470085470092,3.5487179487179503,0.0073260073260073,-2.3467643467643473,0.954822954822955,0.0
600039.332120228,169,0.02,0.0,0.8999999761581421,0.0,0.6449999809265137,0.0,0.0,0.0,0.005531395437552433,0.8916990920881975,0.006294346532387252,0.6074998092622277,-0.0020981155107957505,-0.02536812390325771,0.018883039597161755,5.156043956043959,15.204395604395614,3.8769230769230774,3.603418803418805,0.012210012210012167,-2.3418803418803416,0.9694749694749696,0.0
600039.352121944,170,0.02,0.0,0.8999999761581421,0.0,0.6549999713897705,0.0,0.0,0.0,0.005531395437552433,0.8916990920881975,0.006294346532387252,0.6170366979476629,-0.0020981155107957505,-0.02536812390325771,0.018883039597161755,5.235164835164838,15.151648351648348,3.958974358974359,3.740170940170941,0.0073260073260073,-2.3418803418803416,0.989010989010989,0.0
600039.372122848,171,0.02,0.0,0.8999999761581421,0.0,0.6650000214576721,0.0,0.0,0.0,0.005531395437552433,0.8916990920881975,0.006294346532387252,0.6269550621805156,-0.0020981155107957505,-0.02536812390325771,0.018883039597161755,5.340659340659343,15.125274725274721,4.013675213675214,3.84957264957265,0.0073260073260073,-2.3369963369963367,1.0085470085470085,0.0
600039.39211951,172,0.02,0.0,0.8999999761581421,0.0,0.675000011920929,0.0,0.0,0.0,0.005531395437552433,0.8916990920881975,0.006294346532387252,0.6364919508659508,-0.0020981155107957505,-0.02536812390325771,0.018883039597161755,5.393406593406596,15.072527472527469,4.068376068376068,3.8769230769230774,0.0073260073260073,-2.3418803418803416,1.0231990231990231,0.0
600039.412115057,173,0.02,0.0,0.8999999761581421,0.0,0.6850000023841858,0.0,0.0,0.0,0.005531395437552433,0.8916990920881975,0.006294346532387252,0.646028839551386,-0.0020981155107957505,-0.02536812390325771,0.018883039597161755,5.472527472527474,15.046153846153842,4.136752136752136,3.958974358974359,0.0073260073260073,-2.3369963369963367,1.0427350427350426,0.0
600039.432113573,174,0.02,0.0,0.8999999761581421,0.0,0.6949999928474426,0.0,0.0,0.0,0.005531395437552433,0.8916990920881975,0.006294346532387252,0.6559472037842387,-0.0020981155107957505,-0.02536812390325771,0.018883039597161755,5.5780219780219795,14.967032967032964,4.191452991452991,4.109401709401709,0.012210012210012167,-2.332112332112332,1.0573870573870572,0.0
600039.452113714,175,0.02,0.0,0.8999999761581421,0.0,0.7049999833106995,0.0,0.0,0.0,0.005531395437552433,0.8916990920881975,0.006294346532387252,0.6643396658274217,-0.0020981155107957505,-0.02536812390325771,0.018883039597161755,5.657142857142858,14.914285714285711,4.2735042735042725,4.123076923076923,0.012210012210012167,-2.332112332112332,1.067155067155067,0.0
600039.472119974,176,0.02,0.0,0.8999999761581421,0.0,0.7149999737739563,0.0,0.0,0.0,0.005531395437552433,0.8916990920881975,0.006294346532387252,0.6742580300602743,-0.0020981155107957505,-0.02536812390325771,0.018883039597161755,5.736263736263737,14.887912087912085,4.314529914529913,4.259829059829059,0.0073260073260073,-2.332112332112332,1.0866910866910864,0.0
600039.492136605,177,0.02,0.0,0.8999999761581421,0.0,0.7250000238418579,0.0,0.0,0.0,0.005531395437552433,0.8916990920881975,0.006294346532387252,0.6834134431982921,-0.0020981155107957505,-0.02536812390325771,0.018883039597161755,5.815384615384616,14.861538461538458,4.382905982905989,4.355555555555554,0.0073260073260073,-2.3369963369963367,1.101343101343101,0.0
600039.512164114,178,0.02,0.0,0.8999999761581421,0.0,0.7350000143051147,0.0,0.0,0.0,0.005531395437552433,0.8916990920881975,0.006294346532387252,0.6918059052414751,-0.0020981155107957505,-0.02536812390325771,0.018883039597161755,5.868131868131869,14.808791208791206,4.451282051282057,4.369230769230768,0.012210012210012167,-2.332112332112332,1.1159951159951156,0.0
600039.532118123,179,0.02,0.0,0.8999999761581421,0.0,0.7450000047683716,0.0,0.0,0.0,0.005531395437552433,0.8916990920881975,0.006294346532387252,0.70286869611658,-0.0020981155107957505,-0.02536812390325771,0.018883039597161755,5.947252747252747,14.756043956043953,4.505982905982911,4.437606837606843,0.012210012210012167,-2.3369963369963367,1.1306471306471302,0.0
600039.552126056,180,0.02,0.0,0.8999999761581421,0.0,0.7549999952316284,0.0,0.0,0.0,0.005531395437552433,0.8916990920881975,0.006294346532387252,0.7127870603494326,-0.0020981155107957505,-0.02536812390325771,0.018883039597161755,6.026373626373626,14.7032967032967,4.574358974358979,4.46495726495727,0.0024420024420024333,-2.3369963369963367,1.14041514041514,0.0
600039.572121349,181,0.02,0.0,0.8999999761581421,0.0,0.7649999856948853,0.0,0.0,0.0,0.005531395437552433,0.8916990920881975,0.006294346532387252,0.7227054245822853,-0.0020981155107957505,-0.02536812390325771,0.018883039597161755,6.105494505494505,14.676923076923075,4.629059829059834,4.547008547008552,0.0073260073260073,-2.3369963369963367,1.1599511599511594,0.0
600039.592128292,182,0.02,0.0,0.8999999761581421,0.0,0.7749999761581421,0.0,0.0,0.0,0.005531395437552433,0.8916990920881975,0.006294346532387252,0.7326237888151379,-0.0020981155107957505,-0.02536812390325771,0.018883039597161755,6.184615384615384,14.624175824175822,4.683760683760688,4.574358974358979,0.0024420024420024333,-2.332112332112332,1.1794871794871788,0.0
600039.612089655,183,0.02,0.0,0.8999999761581421,0.0,0.7850000262260437,0.0,0.0,0.0,0.005531395437552433,0.8916990920881975,0.006294346532387252,0.7425421530479905,-0.0020981155107957505,-0.02536812390325771,0.018883039597161755,6.290109890109889,14.57142857142857,4.752136752136757,4.588034188034193,0.0024420024420024333,-2.3369963369963367,1.1941391941391934,0.0
600039.632066186,184,0.02,0.0,0.8999999761581421,0.0,0.7950000166893005,0.0,0.0,0.0,0.005531395437552433,0.8916990920881975,0.006294346532387252,0.7524605172808432,-0.0020981155107957505,-0.02536812390325771,0.018883039597161755,6.342857142857142,14.518681318681317,4.779487179487184,4.697435897435902,0.0024420024420024333,-2.332112332112332,1.208791208791208,0.0
600039.652103759,185,0.02,0.0,0.8999999761581421,0.0,0.8050000071525574,0.0,0.0,0.0,0.005531395437552433,0.8916990920881975,0.006294346532387252,0.7623788815136958,-0.0020981155107957505,-0.02536812390325771,0.018883039597161755,6.395604395604394,14.465934065934064,4.861538461538466,4.76581196581197,-0.0024420024420024333,-2.332112332112332,1.2283272283272275,0.0
600039.67210845,186,0.02,0.0,0.8999999761581421,0.0,0.8149999976158142,0.0,0.0,0.0,0.005531395437552433,0.8916990920881975,0.006294346532387252,0.7726787212939659,-0.0020981155107957505,-0.02536812390325771,0.018883039597161755,6.474725274725273,14.413186813186812,4.929914529914534,4.806837606837611,0.0073260073260073,-2.3369963369963367,1.2380952380952372,0.0
600039.692113016,187,0.02,0.0,0.8999999761581421,0.0,0.824999988079071,0.0,0.0,0.0,0.005531395437552433,0.8916990920881975,0.006294346532387252,0.7825970855268185,-0.0020981155107957505,-0.02536812390325771,0.018883039597161755,6.580219780219778,14.36043956043956,4.984615384615388,4.752136752136757,-0.0024420024420024333,-2.332112332112332,1.247863247863247,0.0
600039.7121119,188,0.02,0.0,0.8999999761581421,0.0,0.8349999785423279,0.0,0.0,0.0,0.005531395437552433,0.8916990920881975,0.006294346532387252,0.7928969253070886,-0.0020981155107957505,-0.02536812390325771,0.018883039597161755,6.632967032967031,14.307692307692307,5.025641025641029,4.7931623931623974,0.0024420024420024333,-2.3369963369963367,1.2673992673992664,0.0
600039.732106047,189,0.02,0.0,0.8999999761581421,0.0,0.8450000286102295,0.0,0.0,0.0,0.005531395437552433,0.8916990920881975,0.006294346532387252,0.8031967650873586,-0.0020981155107957505,-0.02536812390325771,0.018883039597161755,6.71208791208791,14.254945054945054,5.094017094017097,4.847863247863252,0.0024420024420024333,-2.332112332112332,1.282051282051281,0.0
600039.752109644,190,0.02,0.0,0.8999999761581421,0.0,0.8550000190734863,0.0,0.0,0.0,0.005531395437552433,0.8916990920881975,0.006294346532387252,0.8134966048676286,-0.0020981155107957505,-0.02536812390325771,0.018883039597161755,6.817582417582415,14.175824175824175,5.162393162393165,4.847863247863252,-0.0024420024420024333,-2.3369963369963367,1.2967032967032956,0.0
600039.772108782,191,0.02,0.0,0.8999999761581421,0.0,0.8650000095367432,0.0,0.0,0.0,0.005531395437552433,0.8916990920881975,0.006294346532387252,0.8237964446478987,-0.0020981155107957505,-0.02536812390325771,0.018883039597161755,6.870329670329667,14.123076923076923,5.21709401709402,4.929914529914534,0.0024420024420024333,-2.332112332112332,1.3064713064713054,0.0
600039.79211008,192,0.02,0.0,0.8999999761581421,0.0,0.875,0.0,0.0,0.0,0.005531395437552433,0.8916990920881975,0.006294346532387252,0.8333333333333339,-0.0020981155107957505,-0.02536812390325771,0.018883039597161755,6.92307692307692,14.07032967032967,5.258119658119661,4.957264957264961,0.0024420024420024333,-2.332112332112332,1.3260073260073248,0.0
600039.812106135,193,0.02,0.0,0.8999999761581421,0.0,0.8849999904632568,0.0,0.0,0.0,0.005531395437552433,0.8916990920881975,0.006294346532387252,0.8432516975661866,-0.0020981155107957505,-0.02536812390325771,0.018883039597161755,7.002197802197799,14.017582417582418,5.326495726495729,5.039316239316243,0.0024420024420024333,-2.3369963369963367,1.3357753357753346,0.0
600039.832109911,194,0.02,0.0,0.8999999761581421,0.0,0.8949999809265137,0.0,0.0,0.0,0.005531395437552433,0.8916990920881975,0.006294346532387252,0.8535515373464566,-0.0020981155107957505,-0.02536812390325771,0.018883039597161755,7.054945054945051,13.938461538461539,5.36752136752137,5.052991452991456,0.0024420024420024333,-2.3369963369963367,1.355311355311354,0.0
600039.852110476,195,0.02,0.0,0.8999999761581421,0.0,0.9049999713897705,0.0,0.0,0.0,0.005531395437552433,0.8916990920881975,0.006294346532387252,0.8634699015793093,-0.0020981155107957505,-0.02536812390325771,0.018883039597161755,7.160439560439556,13.885714285714286,5.422222222222224,5.06666666666667,0.0024420024420024333,-2.332112332112332,1.3650793650793638,0.0
600039.872104594,196,0.02,0.0,0.8999999761581421,0.0,0.9150000214576721,0.0,0.0,0.0,0.005531395437552433,0.8916990920881975,0.006294346532387252,0.8741512169069967,-0.0020981155107957505,-0.02536812390325771,0.018883039597161755,7.213186813186809,13.806593406593407,5.490598290598292,5.176068376068379,-0.0024420024420024333,-2.3369963369963367,1.3748473748473735,0.0
600039.892155799,197,0.02,0.0,0.8999999761581421,0.0,0.925000011920929,0.0,0.0,0.0,0.005531395437552433,0.8916990920881975,0.006294346532387252,0.8840695811398493,-0.0020981155107957505,-0.02536812390325771,0.018883039597161755,7.292307692307688,13.780219780219781,5.545299145299147,5.271794871794874,0.0073260073260073,-2.3369963369963367,1.394383394383393,0.0
600039.912104929,198,0.02,0.0,0.8999999761581421,0.0,0.9350000023841858,0.0,0.0,0.0,0.005531395437552433,0.8916990920881975,0.006294346532387252,0.8936064698252846,-0.0020981155107957505,-0.02536812390325771,0.018883039597161755,7.371428571428567,13.701098901098902,5.586324786324788,5.258119658119661,0.0024420024420024333,-2.332112332112332,1.4041514041514027,0.0
600039.932106121,199,0.02,0.0,0.8999999761581421,0.0,0.9449999928474426,0.0,0.0,0.0,0.005531395437552433,0.8916990920881975,0.006294346532387252,0.9031433585107198,-0.0020981155107957505,-0.02536812390325771,0.018883039597161755,7.424175824175819,13.621978021978023,5.627350427350429,5.353846153846156,0.0024420024420024333,-2.3369963369963367,1.4236874236874222,0.0
600039.952109175,200,0.02,0.0,0.8999999761581421,0.0,0.9549999833106995,0.0,0.0,0.0,0.005531395437552433,0.8916990920881975,0.006294346532387252,0.9122987716487376,-0.0020981155107957505,-0.02536812390325771,0.018883039597161755,7.476923076923072,13.595604395604397,5.682051282051283,5.326495726495729,0.0024420024420024333,-2.332112332112332,1.433455433455432,0.0
600039.972110911,201,0.02,0.0,0.8999999761581421,0.0,0.9649999737739563,0.0,0.0,0.0,0.005531395437552433,0.8916990920881975,0.006294346532387252,0.9222171358815903,-0.0024795910582131597,-0.02536812390325771,0.018883039597161755,7.5560439560439505,13.516483516483518,5.736752136752138,5.422222222222224,0.0073260073260073,-2.332112332112332,1.4432234432234416,0.0
600039.992114614,202,0.02,0.0,0.8999999761581421,0.0,0.9750000238418579,0.0,0.0,0.0,0.005531395437552433,0.8916990920881975,0.006294346532387252,0.9317540245670255,-0.0024795910582131597,-0.02536812390325771,0.018883039597161755,7.608791208791203,13.463736263736266,5.777777777777779,5.408547008547011,0.0073260073260073,-2.332112332112332,1.4529914529914514,0.0
600040.012108356,203,0.02,0.0,0.8999999761581421,0.0,0.9850000143051147,0.0,0.0,0.0,0.005531395437552433,0.8916990920881975,0.006294346532387252,0.9416723887998781,-0.0024795910582131597,-0.02536812390325771,0.018883039597161755,7.661538461538456,13.384615384615387,5.8188034188034194,5.531623931623933,0.0073260073260073,-2.3369963369963367,1.467643467643466,0.0
600040.032109784,204,0.02,0.0,0.8999999761581421,0.0,0.9950000047683716,0.0,0.0,0.0,0.005531395437552433,0.8916990920881975,0.006294346532387252,0.9515907530327308,-0.0024795910582131597,-0.02536812390325771,0.018883039597161755,7.7406593406593345,13.35824175824176,5.887179487179488,5.654700854700856,0.0024420024420024333,-2.3369963369963367,1.4725274725274708,0.0
600040.052107448,205,0.02,0.0,0.8999999761581421,0.0,1.0049999952316284,0.0,0.0,0.0,0.005531395437552433,0.8916990920881975,0.006294346532387252,0.961127641718166,-0.0024795910582131597,-0.02536812390325771,0.018883039597161755,7.793406593406587,13.279120879120882,5.941880341880342,5.695726495726497,0.0073260073260073,-2.3369963369963367,1.4871794871794854,0.0
600040.072109574,206,0.02,0.0,0.8999999761581421,0.0,1.0149999856948853,0.0,0.0,0.0,0.005149919890135024,0.8916990920881975,0.006294346532387252,0.9710460059510186,-0.0024795910582131597,-0.02536812390325771,0.018883039597161755,7.84615384615384,13.200000000000003,5.969230769230769,5.791452991452992,0.0073260073260073,-2.332112332112332,1.5018315018315,0.0
600040.09210109,207,0.02,0.0,0.8999999761581421,0.0,1.024999976158142,0.0,0.0,0.0,0.005149919890135024,0.8916990920881975,0.006294346532387252,0.9805828946364539,-0.0024795910582131597,-0.02536812390325771,0.018883039597161755,7.898901098901092,13.14725274725275,6.023931623931624,5.8188034188034194,0.0024420024420024333,-2.3369963369963367,1.506715506715505,0.0
600040.112105866,208,0.02,0.0,0.8999999761581421,0.0,1.034999966621399,0.0,0.0,0.0,0.005149919890135024,0.8916990920881975,0.006294346532387252,0.9901197833218891,-0.0024795910582131597,-0.02536812390325771,0.018883039597161755,7.951648351648345,13.094505494505498,6.064957264957265,5.805128205128206,0.012210012210012167,-2.3369963369963367,1.5213675213675195,0.0
600040.132100201,209,0.02,0.0,0.8999999761581421,0.0,1.0449999570846558,0.0,0.0,0.0,0.005149919890135024,0.8916990920881975,0.006294346532387252,0.9992751964599069,-0.0024795910582131597,-0.02536812390325771,0.018883039597161755,7.978021978021971,13.041758241758245,6.105982905982906,5.832478632478633,0.0024420024420024333,-2.3369963369963367,1.5311355311355292,0.0
600040.152103022,210,0.02,0.0,0.8999999761581421,0.0,1.0549999475479126,0.0,0.0,0.0,0.005149919890135024,0.8916990920881975,0.006294346532387252,1.009575036240177,-0.0024795910582131597,-0.02536812390325771,0.018883039597161755,8.05714285714285,12.962637362637366,6.13333333333334,5.846153846153847,0.0024420024420024333,-2.3369963369963367,1.5457875457875438,0.0
600040.172113727,211,0.02,0.0,0.8999999761581421,0.0,1.065000057220459,0.0,0.0,0.0,0.005149919890135024,0.8916990920881975,0.006294346532387252,1.0194934004730296,-0.0024795910582131597,-0.02536812390325771,0.018883039597161755,8.136263736263729,12.909890109890114,6.1880341880341945,5.996581196581197,0.0073260073260073,-2.3369963369963367,1.5555555555555536,0.0
600040.192109398,212,0.02,0.0,0.8999999761581421,0.0,1.0750000476837158,0.0,0.0,0.0,0.005149919890135024,0.8916990920881975,0.006294346532387252,1.0297932402532997,-0.0024795910582131597,-0.02536812390325771,0.018883039597161755,8.189010989010981,12.830769230769235,6.215384615384622,6.051282051282051,0.012210012210012167,-2.3369963369963367,1.5750915750915766,0.0
600040.212109152,213,0.02,0.0,0.8999999761581421,0.0,1.0850000381469727,0.0,0.0,0.0,0.005149919890135024,0.8916990920881975,0.006294346532387252,1.0397116044861523,-0.0024795910582131597,-0.02536812390325771,0.018883039597161755,8.241758241758234,12.778021978021982,6.256410256410263,6.064957264957265,0.0073260073260073,-2.3369963369963367,1.5750915750915766,0.0
600040.232138357,214,0.02,0.0,0.8999999761581421,0.0,1.0950000286102295,0.0,0.0,0.0,0.005149919890135024,0.8916990920881975,0.006294346532387252,1.0492484931715875,-0.0024795910582131597,-0.02536812390325771,0.018883039597161755,8.294505494505486,12.698901098901104,6.311111111111117,6.105982905982906,0.0024420024420024333,-2.3369963369963367,1.5799755799755815,0.0
600040.252105392,215,0.02,0.0,0.8999999761581421,0.0,1.1050000190734863,0.0,0.0,0.0,0.005149919890135024,0.8916990920881975,0.006294346532387252,1.0595483329518576,-0.0024795910582131597,-0.02536812390325771,0.018883039597161755,8.347252747252739,12.646153846153851,6.352136752136758,6.078632478632478,0.0073260073260073,-2.3418803418803416,1.594627594627596,0.0
600040.272113257,216,0.02,0.0,0.8999999761581421,0.0,1.1150000095367432,0.0,0.0,0.0,0.005149919890135024,0.8916990920881975,0.006294346532387252,1.0690852216372928,-0.0024795910582131597,-0.02536812390325771,0.018883039597161755,8.399999999999991,12.567032967032972,6.393162393162399,6.160683760683767,0.0024420024420024333,-2.332112332112332,1.6043956043956058,0.0
600040.292114035,217,0.02,0.0,0.8999999761581421,0.0,1.125,0.0,0.0,0.0,0.005149919890135024,0.8916990920881975,0.006294346532387252,1.0793850614175629,-0.0024795910582131597,-0.02536812390325771,0.018883039597161755,8.452747252747258,12.487912087912093,6.420512820512826,6.051282051282051,0.0073260073260073,-2.3369963369963367,1.6092796092796107,0.0
600040.312115089,218,0.02,0.0,0.8999999761581421,0.0,1.1349999904632568,0.0,0.0,0.0,0.005149919890135024,0.8916990920881975,0.006294346532387252,1.0893034256504155,-0.0024795910582131597,-0.02536812390325771,0.018883039597161755,8.479120879120885,12.43516483516484,6.461538461538467,6.105982905982906,0.0073260073260073,-2.3369963369963367,1.6239316239316253,0.0
600040.33211207,219,0.02,0.0,0.8999999761581421,0.0,1.1449999809265137,0.0,0.0,0.0,0.005149919890135024,0.8916990920881975,0.006294346532387252,1.099984740978103,-0.0024795910582131597,-0.02536812390325771,0.018883039597161755,8.531868131868137,12.356043956043962,6.5162393162393215,6.1880341880341945,0.0073260073260073,-2.3369963369963367,1.633699633699635,0.0
600040.352112075,220,0.02,0.0,0.8999999761581421,0.0,1.1549999713897705,0.0,0.0,0.0,0.005149919890135024,0.8916990920881975,0.006294346532387252,1.1099031052109556,-0.0024795910582131597,-0.02536812390325771,0.018883039597161755,8.58461538461539,12.30329670329671,6.557264957264962,6.256410256410263,0.012210012210012167,-2.3418803418803416,1.6434676434676447,0.0
600040.372165422,221,0.02,0.0,0.8999999761581421,0.0,1.1649999618530273,0.0,0.0,0.0,0.005149919890135024,0.8916990920881975,0.006294346532387252,1.1194399938963908,-0.0024795910582131597,-0.02536812390325771,0.018883039597161755,8.637362637362642,12.22417582417583,6.598290598290603,6.352136752136758,0.0073260073260073,-2.3369963369963367,1.6532356532356545,0.0
600040.392123964,222,0.02,0.0,0.8999999761581421,0.0,1.1749999523162842,0.0,0.0,0.0,0.005149919890135024,0.8916990920881975,0.006294346532387252,1.1297398336766609,-0.0024795910582131597,-0.02536812390325771,0.018883039597161755,8.690109890109895,12.145054945054952,6.611965811965817,6.393162393162399,0.0073260073260073,-2.3369963369963367,1.6630036630036642,0.0
600040.412123302,223,0.02,0.0,0.8999999761581421,0.0,1.184999942779541,0.0,0.0,0.0,0.005149919890135024,0.8916990920881975,0.006294346532387252,1.1388952468146787,-0.0024795910582131597,-0.02536812390325771,0.018883039597161755,8.716483516483521,12.039560439560447,6.666666666666671,6.4068376068376125,0.0073260073260073,-2.3369963369963367,1.6776556776556788,0.0
600040.432122738,224,0.02,0.0,0.8999999761581421,0.0,1.1950000524520874,0.0,0.0,0.0,0.005149919890135024,0.8916990920881975,0.006294346532387252,1.1488136110475313,-0.0024795910582131597,-0.02536812390325771,0.018883039597161755,8.769230769230774,12.01318681318682,6.694017094017099,6.4068376068376125,0.0073260073260073,-2.3369963369963367,1.6776556776556788,0.0
600040.452116103,225,0.02,0.0,0.8999999761581421,0.0,1.2050000429153442,0.0,0.0,0.0,0.005149919890135024,0.8916990920881975,0.006294346532387252,1.158731975280384,-0.0024795910582131597,-0.02536812390325771,0.018883039597161755,8.821978021978026,11.934065934065941,6.7350427350427395,6.28376068376069,0.0073260073260073,-2.3418803418803416,1.6923076923076934,0.0
600040.47211191,226,0.02,0.0,0.8999999761581421,0.0,1.215000033378601,0.0,0.0,0.0,0.005149919890135024,0.8916990920881975,0.006294346532387252,1.169031815060654,-0.0024795910582131597,-0.02536812390325771,0.018883039597161755,8.848351648351652,11.854945054945063,6.748717948717953,6.352136752136758,0.0024420024420024333,-2.3369963369963367,1.6971916971916983,0.0
600040.492112976,227,0.02,0.0,0.8999999761581421,0.0,1.225000023841858,0.0,0.0,0.0,0.005149919890135024,0.8916990920881975,0.006294346532387252,1.1789501792935084,-0.0024795910582131597,-0.02536812390325771,0.018883039597161755,8.901098901098905,11.802197802197796,6.77606837606838,6.43418803418804,0.012210012210012167,-2.3369963369963367,1.706959706959708,0.0
600040.512107188,228,0.02,0.0,0.8999999761581421,0.0,1.2350000143051147,0.0,0.0,0.0,0.005149919890135024,0.8916990920881975,0.006294346532387252,1.1884870679789437,-0.0024795910582131597,-0.024986648355840302,0.018883039597161755,8.927472527472531,11.723076923076917,6.817094017094021,6.5162393162393215,0.012210012210012167,-2.3418803418803416,1.7118437118437129,0.0
600040.532115097,229,0.02,0.0,0.8999999761581421,0.0,1.2450000047683716,0.0,0.0,0.0,0.005149919890135024,0.8916990920881975,0.006294346532387252,1.1980239566643789,-0.002861066605630569,-0.024986648355840302,0.018883039597161755,8.980219780219784,11.643956043956038,6.871794871794876,6.707692307692312,0.0024420024420024333,-2.3369963369963367,1.7118437118437129,0.0
600040.552106378,230,0.02,0.0,0.8999999761581421,0.0,1.2549999952316284,0.0,0.0,0.0,0.005149919890135024,0.8916990920881975,0.006294346532387252,1.2079423208972315,-0.002861066605630569,-0.024986648355840302,0.018883039597161755,9.00659340659341,11.538461538461533,6.885470085470089,6.611965811965817,0.012210012210012167,-2.3369963369963367,1.7264957264957275,0.0
600040.572112681,231,0.02,0.0,0.8999999761581421,0.0,1.2649999856948853,0.0,0.0,0.0,0.005149919890135024,0.8916990920881975,0.006294346532387252,1.2170977340352493,-0.002861066605630569,-0.024986648355840302,0.018883039597161755,9.059340659340663,11.512087912087907,6.912820512820517,6.789743589743594,0.012210012210012167,-2.3418803418803416,1.7313797313797323,0.0
600040.592116304,232,0.02,0.0,0.8999999761581421,0.0,1.274999976158142,0.0,0.0,0.0,0.005149919890135024,0.8916990920881975,0.006294346532387252,1.227016098268102,-0.002861066605630569,-0.024986648355840302,0.018883039597161755,9.085714285714289,11.432967032967028,6.940170940170944,6.652991452991458,0.0073260073260073,-2.3369963369963367,1.7362637362637372,0.0
600040.612109558,233,0.02,0.0,0.8999999761581421,0.0,1.284999966621399,0.0,0.0,0.0,0.005149919890135024,0.8916990920881975,0.006294346532387252,1.2365529869535372,-0.002861066605630569,-0.024986648355840302,0.018883039597161755,9.112087912087915,11.327472527472523,6.967521367521371,6.611965811965817,0.012210012210012167,-2.3418803418803416,1.7509157509157518,0.0
600040.632104313,234,0.02,0.0,0.8999999761581421,0.0,1.2949999570846558,0.0,0.0,0.0,0.005149919890135024,0.8916990920881975,0.006294346532387252,1.2468528267338073,-0.002861066605630569,-0.024986648355840302,0.018883039597161755,9.164835164835168,11.301098901098896,6.994871794871798,6.707692307692312,0.012210012210012167,-2.3369963369963367,1.7509157509157518,0.0
600040.652140081,235,0.02,0.0,0.8999999761581421,0.0,1.3049999475479126,0.0,0.0,0.0,0.005149919890135024,0.8916990920881975,0.006294346532387252,1.2563897154192425,-0.002861066605630569,-0.024986648355840302,0.018883039597161755,9.191208791208794,11.221978021978018,7.022222222222226,6.830769230769235,0.0073260073260073,-2.3369963369963367,1.7606837606837615,0.0
600040.672102701,236,0.02,0.0,0.8999999761581421,0.0,1.315000057220459,0.0,0.0,0.0,0.005149919890135024,0.8916990920881975,0.006294346532387252,1.2659266041046777,-0.002861066605630569,-0.024986648355840302,0.018883039597161755,9.243956043956047,11.142857142857139,7.049572649572653,6.981196581196585,0.012210012210012167,-2.3418803418803416,1.7704517704517713,0.0
600040.692110417,237,0.02,0.0,0.8999999761581421,0.0,1.3250000476837158,0.0,0.0,0.0,0.005149919890135024,0.8916990920881975,0.006294346532387252,1.275463492790113,-0.002861066605630569,-0.024986648355840302,0.018883039597161755,9.243956043956047,11.06373626373626,7.063247863247867,6.912820512820517,0.012210012210012167,-2.3369963369963367,1.7753357753357761,0.0
600040.71210453,238,0.02,0.0,0.8999999761581421,0.0,1.3350000381469727,0.0,0.0,0.0,0.005149919890135024,0.8916990920881975,0.006294346532387252,1.2850003814755482,-0.002861066605630569,-0.024986648355840302,0.018501564049744346,9.2967032967033,10.958241758241755,7.1042735042735075,7.022222222222226,0.012210012210012167,-2.3369963369963367,1.780219780219781,0.0
600040.732110805,239,0.02,0.0,0.8999999761581421,0.0,1.3450000286102295,0.0,0.0,0.0,0.005149919890135024,0.8916990920881975,0.006294346532387252,1.2945372701609834,-0.002861066605630569,-0.024986648355840302,0.018501564049744346,9.323076923076925,10.905494505494502,7.117948717948721,6.994871794871798,0.012210012210012167,-2.3369963369963367,1.7851037851037859,0.0
600040.753078273,240,0.02,0.0,0.8999999761581421,0.0,1.3550000190734863,0.0,0.0,0.0,0.005149919890135024,0.8916990920881975,0.006294346532387252,1.3048371099412535,-0.002861066605630569,-0.024986648355840302,0.018501564049744346,9.349450549450552,10.826373626373623,7.145299145299148,6.8444444444444485,0.0073260073260073,-2.3467643467643473,1.7899877899877907,0.0
600040.772111858,241,0.02,0.0,0.8999999761581421,0.0,1.3650000095367432,0.0,0.0,0.0,0.005149919890135024,0.8916990920881975,0.006294346532387252,1.314755474174106,-0.003242542153047978,-0.024986648355840302,0.018501564049744346,9.375824175824178,10.747252747252745,7.158974358974362,6.871794871794876,0.012210012210012167,-2.3418803418803416,1.7899877899877907,0.0
600040.792111047,242,0.02,0.0,0.8999999761581421,0.0,1.375,0.0,0.0,0.0,0.005149919890135024,0.8916990920881975,0.006294346532387252,1.3250553139543761,-0.003242542153047978,-0.024986648355840302,0.018501564049744346,9.42857142857143,10.668131868131866,7.186324786324789,6.912820512820517,0.0073260073260073,-2.3418803418803416,1.8046398046398053,0.0
600040.812110182,243,0.02,0.0,0.8999999761581421,0.0,1.3849999904632568,0.0,0.0,0.0,0.005149919890135024,0.8916990920881975,0.006294346532387252,1.3345922026398114,-0.003242542153047978,-0.024986648355840302,0.018501564049744346,9.454945054945057,10.589010989010987,7.200000000000003,7.090598290598294,0.0073260073260073,-2.3418803418803416,1.8046398046398053,0.0
600040.832107513,244,0.02,0.0,0.8999999761581421,0.0,1.3949999809265137,0.0,0.0,0.0,0.005149919890135024,0.8916990920881975,0.006294346532387252,1.3448920424200814,-0.003242542153047978,-0.024605172808422893,0.018501564049744346,9.481318681318683,10.536263736263734,7.22735042735043,7.158974358974362,0.0073260073260073,-2.3418803418803416,1.8046398046398053,0.0
600040.852108859,245,0.02,0.0,0.8999999761581421,0.0,1.4049999713897705,0.0,0.0,0.0,0.005149919890135024,0.8916990920881975,0.006294346532387252,1.3544289311055167,-0.003242542153047978,-0.024605172808422893,0.018501564049744346,9.481318681318683,10.43076923076923,7.241025641025644,7.131623931623935,0.0073260073260073,-2.3418803418803416,1.814407814407815,0.0
600040.872111204,246,0.02,0.0,0.8999999761581421,0.0,1.4149999618530273,0.0,0.0,0.0,0.005149919890135024,0.8916990920881975,0.006294346532387252,1.3643472953383693,-0.003242542153047978,-0.024605172808422893,0.018501564049744346,9.50769230769231,10.378021978021977,7.268376068376071,7.186324786324789,0.0073260073260073,-2.3418803418803416,1.81929181929182,0.0
600040.89211247,247,0.02,0.0,0.8999999761581421,0.0,1.4249999523162842,0.0,0.0,0.0,0.005149919890135024,0.8916990920881975,0.006294346532387252,1.3738841840238045,-0.003242542153047978,-0.024605172808422893,0.018501564049744346,9.534065934065936,10.298901098901098,7.282051282051285,7.1042735042735075,0.0073260073260073,-2.3418803418803416,1.81929181929182,0.0
600040.91210491,248,0.02,0.0,0.8999999761581421,0.0,1.434999942779541,0.0,0.0,0.0,0.005149919890135024,0.8916990920881975,0.006294346532387252,1.384565499351492,-0.003242542153047978,-0.024605172808422893,0.018501564049744346,9.560439560439562,10.219780219780219,7.295726495726498,7.008547008547012,0.012210012210012167,-2.3467643467643473,1.8290598290598297,0.0
600040.932104603,249,0.02,0.0,0.8999999761581421,0.0,1.4450000524520874,0.0,0.0,0.0,0.005149919890135024,0.8916990920881975,0.006294346532387252,1.394865339131762,-0.003242542153047978,-0.024605172808422893,0.018501564049744346,9.560439560439562,10.14065934065934,7.295726495726498,7.117948717948721,0.012210012210012167,-2.3467643467643473,1.8290598290598297,0.0
600040.952108564,250,0.02,0.0,0.8999999761581421,0.0,1.4550000429153442,0.0,0.0,0.0,0.005149919890135024,0.8916990920881975,0.006294346532387252,1.4044022278171973,-0.003242542153047978,-0.024605172808422893,0.018501564049744346,9.613186813186815,10.061538461538461,7.309401709401712,7.090598290598294,0.0073260073260073,-2.3418803418803416,1.8339438339438345,0.0
600040.972179344,251,0.02,0.0,0.8999999761581421,0.0,1.465000033378601,0.0,0.0,0.0,0.005149919890135024,0.8916990920881975,0.006294346532387252,1.4139391165026325,-0.003242542153047978,-0.024605172808422893,0.018501564049744346,9.613186813186815,10.008791208791209,7.350427350427353,7.186324786324789,0.0073260073260073,-2.3418803418803416,1.8388278388278394,0.0
600040.992113355,252,0.02,0.0,0.8999999761581421,0.0,1.475000023841858,0.0,0.0,0.0,0.005149919890135024,0.8916990920881975,0.006294346532387252,1.4238574807354851,-0.003242542153047978,-0.024223697261005483,0.018501564049744346,9.63956043956044,9.903296703296704,7.364102564102566,7.282051282051285,0.0073260073260073,-2.3467643467643473,1.8388278388278394,0.0
600041.012125419,253,0.02,0.0,0.8999999761581421,0.0,1.4850000143051147,0.0,0.0,0.0,0.005149919890135024,0.8916990920881975,0.006294346532387252,1.4333943694209204,-0.003242542153047978,-0.024223697261005483,0.018501564049744346,9.665934065934067,9.824175824175825,7.364102564102566,7.295726495726498,0.012210012210012167,-2.3418803418803416,1.8485958485958491,0.0
600041.032108437,254,0.02,0.0,0.8999999761581421,0.0,1.4950000047683716,0.0,0.0,0.0,0.005149919890135024,0.8916990920881975,0.006294346532387252,1.4429312581063556,-0.003242542153047978,-0.024223697261005483,0.018501564049744346,9.665934065934067,9.745054945054946,7.37777777777778,7.350427350427353,0.0073260073260073,-2.3418803418803416,1.8485958485958491,0.0
600041.052108422,255,0.02,0.0,0.8999999761581421,0.0,1.5049999952316284,0.0,0.0,0.0,0.005149919890135024,0.8916990920881975,0.006294346532387252,1.4528496223392082,-0.003242542153047978,-0.024223697261005483,0.018501564049744346,9.692307692307693,9.692307692307693,7.405128205128207,7.2136752136752165,0.017094017094017033,-2.3418803418803416,1.8485958485958491,0.0
600041.072698759,256,0.02,0.0,0.8999999761581421,0.0,1.5149999856948853,0.0,0.0,0.0,0.005149919890135024,0.8916990920881975,0.006294346532387252,1.4631494621194783,-0.003242542153047978,-0.024223697261005483,0.018501564049744346,9.692307692307693,9.586813186813188,7.405128205128207,7.282051282051285,0.012210012210012167,-2.3467643467643473,1.8485958485958491,0.0
600041.092110123,257,0.02,0.0,0.8999999761581421,0.0,1.524999976158142,0.0,0.0,0.0,0.005149919890135024,0.8916990920881975,0.006294346532387252,1.473067826352331,-0.003242542153047978,-0.024223697261005483,0.018501564049744346,9.71868131868132,9.50769230769231,7.405128205128207,7.3230769230769255,0.012210012210012167,-2.3467643467643473,1.8583638583638589,0.0
600041.112105102,258,0.02,0.0,0.8999999761581421,0.0,1.534999966621399,0.0,0.0,0.0,0.005149919890135024,0.8916990920881975,0.006294346532387252,1.4826047150377661,-0.003242542153047978,-0.024223697261005483,0.018501564049744346,9.71868131868132,9.42857142857143,7.418803418803421,7.241025641025644,0.0073260073260073,-2.3467643467643473,1.853479853479854,0.0
600041.13210716,259,0.02,0.0,0.8999999761581421,0.0,1.5449999570846558,0.0,0.0,0.0,0.004768444342717615,0.8916990920881975,0.006294346532387252,1.491760128175784,-0.003242542153047978,-0.023842221713588074,0.018501564049744346,9.71868131868132,9.349450549450552,7.4324786324786345,7.500854700854703,0.012210012210012167,-2.3418803418803416,1.8583638583638589,0.0
600041.152110076,260,0.02,0.0,0.8999999761581421,0.0,1.5549999475479126,0.0,0.0,0.0,0.004768444342717615,0.8916990920881975,0.006294346532387252,1.5012970168612192,-0.003242542153047978,-0.023842221713588074,0.018501564049744346,9.745054945054946,9.270329670329673,7.446153846153848,7.4324786324786345,0.017094017094017033,-2.3467643467643473,1.8632478632478637,0.0
600041.172112013,261,0.02,0.0,0.8999999761581421,0.0,1.565000057220459,0.0,0.0,0.0,0.004768444342717615,0.8916990920881975,0.006294346532387252,1.510452429999237,-0.003242542153047978,-0.023842221713588074,0.018501564049744346,9.771428571428572,9.191208791208794,7.459829059829062,7.555555555555557,0.012210012210012167,-2.3467643467643473,1.8632478632478637,0.0
600041.192108732,262,0.02,0.0,0.8999999761581421,0.0,1.5750000476837158,0.0,0.0,0.0,0.004768444342717615,0.8916990920881975,0.006294346532387252,1.5203707942320897,-0.003242542153047978,-0.023842221713588074,0.018501564049744346,9.745054945054946,9.138461538461542,7.446153846153848,7.4324786324786345,0.017094017094017033,-2.351648351648352,1.8583638583638589,0.0
600041.212108798,263,0.02,0.0,0.8999999761581421,0.0,1.5850000381469727,0.0,0.0,0.0,0.004768444342717615,0.8916990920881975,0.006294346532387252,1.5299076829175249,-0.003242542153047978,-0.023842221713588074,0.018501564049744346,9.771428571428572,9.059340659340663,7.459829059829062,7.4324786324786345,0.012210012210012167,-2.356532356532357,1.8632478632478637,0.0
600041.232104281,264,0.02,0.0,0.8999999761581421,0.0,1.5950000286102295,0.0,0.0,0.0,0.004768444342717615,0.8916990920881975,0.006294346532387252,1.540207522697795,-0.003242542153047978,-0.023460746166170665,0.018120088502326936,9.771428571428572,8.980219780219784,7.459829059829062,7.459829059829062,0.012210012210012167,-2.361416361416362,1.8681318681318686,0.0
600041.252115311,265,0.02,0.0,0.8999999761581421,0.0,1.6050000190734863,0.0,0.0,0.0,0.004768444342717615,0.8916990920881975,0.006294346532387252,1.5497444113832302,-0.003242542153047978,-0.022697795071335847,0.018120088502326936,9.771428571428572,8.901098901098905,7.459829059829062,7.459829059829062,0.012210012210012167,-2.361416361416362,1.8681318681318686,0.0
600041.272113137,266,0.02,0.0,0.8999999761581421,0.0,1.6150000095367432,0.0,0.0,0.0,0.004768444342717615,0.8916990920881975,0.006294346532387252,1.5596627756160828,-0.003242542153047978,-0.022316319523918438,0.018120088502326936,9.797802197802199,8.848351648351652,7.473504273504275,7.582905982905984,0.012210012210012167,-2.3663003663003668,1.8632478632478637,0.0
600041.292106407,267,0.02,0.0,0.8999999761581421,0.0,1.625,0.0,0.0,0.0,0.004768444342717615,0.8920805676356149,0.006294346532387252,1.5695811398489354,-0.003242542153047978,-0.02193484397650103,0.018120088502326936,9.771428571428572,8.742857142857147,7.473504273504275,7.623931623931625,0.017094017094017033,-2.3760683760683765,1.8632478632478637,0.0
600041.312106229,268,0.02,0.0,0.8999999761581421,0.0,1.6349999904632568,0.0,0.0,0.0,0.004768444342717615,0.8920805676356149,0.006294346532387252,1.5791180285343707,-0.003242542153047978,-0.02117189288166621,0.018120088502326936,9.771428571428572,8.663736263736268,7.487179487179489,7.664957264957266,0.017094017094017033,-2.3809523809523814,1.8681318681318686,0.0
600041.332124021,269,0.02,0.0,0.8999999761581421,0.0,1.6449999809265137,0.0,0.0,0.0,0.004768444342717615,0.8920805676356149,0.006294346532387252,1.588654917219806,-0.003242542153047978,-0.019645990691996573,0.018120088502326936,9.797802197802199,8.58461538461539,7.473504273504275,7.719658119658121,0.017094017094017033,-2.434676434676435,1.8681318681318686,0.0
600041.352112277,270,0.02,0.0,0.8999999761581421,0.0,1.6549999713897705,0.0,0.0,0.0,0.004768444342717615,0.8920805676356149,0.006294346532387252,1.5978103303578237,-0.003242542153047978,-0.018501564049744346,0.018120088502326936,9.771428571428572,8.50549450549451,7.487179487179489,7.500854700854703,0.012210012210012167,-2.424908424908425,1.8632478632478637,0.0
600041.37308951,271,0.02,0.0,0.8999999761581421,0.0,1.6649999618530273,0.0,0.0,0.0,0.004768444342717615,0.8920805676356149,0.006294346532387252,1.6069657434958415,-0.003242542153047978,-0.018120088502326936,0.018120088502326936,9.771428571428572,8.426373626373618,7.459829059829062,7.555555555555557,0.017094017094017033,-2.4200244200244203,1.8583638583638589,0.0
600041.392110874,272,0.02,0.0,0.8999999761581421,0.0,1.6749999523162842,0.0,0.0,0.0,0.004768444342717615,0.8920805676356149,0.006294346532387252,1.6180285343709464,-0.003242542153047978,-0.017738612954909527,0.018120088502326936,9.771428571428572,8.347252747252739,7.459829059829062,7.514529914529916,0.026862026862026767,-2.4053724053724057,1.8632478632478637,0.0
600041.412182097,273,0.02,0.0,0.8999999761581421,0.0,1.684999942779541,0.0,0.0,0.0,0.004768444342717615,0.8920805676356149,0.006294346532387252,1.6268024719615468,-0.003242542153047978,-0.017738612954909527,0.018120088502326936,9.850549450549451,8.26813186813186,7.473504273504275,7.664957264957266,0.0219780219780219,-2.4151404151404154,1.8730158730158735,0.0
600041.432104743,274,0.02,0.0,0.8999999761581421,0.0,1.6950000524520874,0.0,0.0,0.0,0.004386968795300206,0.8920805676356149,0.006294346532387252,1.6374837872892343,-0.003242542153047978,-0.017357137407492118,0.018120088502326936,9.876923076923077,8.189010989010981,7.473504273504275,7.705982905982907,0.026862026862026767,-2.4200244200244203,1.8681318681318686,0.0
600041.452117054,275,0.02,0.0,0.8999999761581421,0.0,1.7050000429153442,0.0,0.0,0.0,0.0036240177004653873,0.8920805676356149,0.006294346532387252,1.6477836270695043,-0.003242542153047978,-0.017357137407492118,0.018120088502326936,9.956043956043956,8.109890109890102,7.459829059829062,7.705982905982907,0.0219780219780219,-2.4102564102564106,1.8681318681318686,0.0
600041.472105246,276,0.02,0.0,0.8999999761581421,0.0,1.715000033378601,0.0,0.0,0.0,0.003242542153047978,0.8920805676356149,0.006294346532387252,1.6573205157549395,-0.003242542153047978,-0.017357137407492118,0.018120088502326936,9.903296703296704,8.030769230769224,7.459829059829062,7.719658119658121,0.0219780219780219,-2.4102564102564106,1.8632478632478637,0.0
600041.495063326,277,0.02,0.0,0.8999999761581421,0.0,1.725000023841858,0.0,0.0,0.0,0.003242542153047978,0.8920805676356149,0.006294346532387252,1.6672388799877922,-0.003242542153047978,-0.017357137407492118,0.018120088502326936,9.876923076923077,7.951648351648345,7.459829059829062,7.610256410256412,0.026862026862026767,-2.4102564102564106,1.8632478632478637,0.0
600041.512111044,278,0.02,0.0,0.8999999761581421,0.0,1.7350000143051147,0.0,0.0,0.0,0.003242542153047978,0.8920805676356149,0.006294346532387252,1.6779201953154796,-0.003242542153047978,-0.017357137407492118,0.018120088502326936,9.876923076923077,7.872527472527466,7.446153846153848,7.52820512820513,0.026862026862026767,-2.4102564102564106,1.8583638583638589,0.0
600041.532113281,279,0.02,0.0,0.8999999761581421,0.0,1.7450000047683716,0.0,0.0,0.0,0.003242542153047978,0.8920805676356149,0.006294346532387252,1.6878385595483323,-0.003242542153047978,-0.017357137407492118,0.017738612954909527,9.876923076923077,7.793406593406587,7.4324786324786345,7.610256410256412,0.026862026862026767,-2.4102564102564106,1.8632478632478637,0.0
600041.552105855,280,0.02,0.0,0.8999999761581421,0.0,1.7549999952316284,0.0,0.0,0.0,0.003242542153047978,0.8920805676356149,0.006294346532387252,1.697756923781185,-0.003242542153047978,-0.017357137407492118,0.017738612954909527,9.850549450549451,7.714285714285708,7.4324786324786345,7.500854700854703,0.026862026862026767,-2.4151404151404154,1.8583638583638589,0.0
600041.572112698,281,0.02,0.0,0.8999999761581421,0.0,1.7649999856948853,0.0,0.0,0.0,0.003242542153047978,0.8920805676356149,0.006294346532387252,1.7076752880140376,-0.003242542153047978,-0.017357137407492118,0.017357137407492118,9.824175824175825,7.635164835164829,7.4324786324786345,7.52820512820513,0.0219780219780219,-2.4102564102564106,1.8632478632478637,0.0
600041.59211134,282,0.02,0.0,0.8999999761581421,0.0,1.774999976158142,0.0,0.0,0.0,0.003242542153047978,0.8920805676356149,0.006294346532387252,1.718356603341725,-0.003242542153047978,-0.017357137407492118,0.017357137407492118,9.824175824175825,7.5560439560439505,7.391452991452994,7.473504273504275,0.03174603174603163,-2.4102564102564106,1.853479853479854,0.0
600041.612112277,283,0.02,0.0,0.8999999761581421,0.0,1.784999966621399,0.0,0.0,0.0,0.003242542153047978,0.8920805676356149,0.006294346532387252,1.7282749675745777,-0.003242542153047978,-0.017357137407492118,0.017357137407492118,9.797802197802199,7.476923076923072,7.391452991452994,7.5418803418803435,0.026862026862026767,-2.4102564102564106,1.853479853479854,0.0
600041.632110574,284,0.02,0.0,0.8999999761581421,0.0,1.7949999570846558,0.0,0.0,0.0,0.003242542153047978,0.8920805676356149,0.006294346532387252,1.7385748073548477,-0.003242542153047978,-0.017357137407492118,0.017357137407492118,9.797802197802199,7.397802197802193,7.405128205128207,7.623931623931625,0.026862026862026767,-2.4102564102564106,1.8485958485958491,0.0
600041.65213018,285,0.02,0.0,0.8999999761581421,0.0,1.8049999475479126,0.0,0.0,0.0,0.003242542153047978,0.8920805676356149,0.006294346532387252,1.7484931715877003,-0.003242542153047978,-0.017357137407492118,0.017357137407492118,9.771428571428572,7.318681318681314,7.391452991452994,7.555555555555557,0.03174603174603163,-2.4151404151404154,1.8485958485958491,0.0
600041.672087986,286,0.02,0.0,0.8999999761581421,0.0,1.815000057220459,0.0,0.0,0.0,0.003242542153047978,0.8920805676356149,0.006294346532387252,1.758411535820553,-0.003242542153047978,-0.017357137407492118,0.017357137407492118,9.771428571428572,7.239560439560435,7.37777777777778,7.473504273504275,0.026862026862026767,-2.4102564102564106,1.8437118437118443,0.0
600041.692113612,287,0.02,0.0,0.8999999761581421,0.0,1.8250000476837158,0.0,0.0,0.0,0.003242542153047978,0.8920805676356149,0.006294346532387252,1.7694743266956579,-0.003242542153047978,-0.017357137407492118,0.017357137407492118,9.745054945054946,7.160439560439556,7.364102564102566,7.473504273504275,0.026862026862026767,-2.4102564102564106,1.8339438339438345,0.0
600041.712113864,288,0.02,0.0,0.8999999761581421,0.0,1.8350000381469727,0.0,0.0,0.0,0.003242542153047978,0.8920805676356149,0.006294346532387252,1.779774166475928,-0.003242542153047978,-0.017357137407492118,0.017357137407492118,9.71868131868132,7.0813186813186775,7.364102564102566,7.391452991452994,0.026862026862026767,-2.4102564102564106,1.8339438339438345,0.0
600041.732110632,289,0.02,0.0,0.8999999761581421,0.0,1.8450000286102295,0.0,0.0,0.0,0.003242542153047978,0.8920805676356149,0.006294346532387252,1.790074006256198,-0.003242542153047978,-0.017357137407492118,0.017357137407492118,9.71868131868132,6.975824175824172,7.3230769230769255,7.391452991452994,0.026862026862026767,-2.4102564102564106,1.8339438339438345,0.0
600041.752110548,290,0.02,0.0,0.8999999761581421,0.0,1.8550000190734863,0.0,0.0,0.0,0.003242542153047978,0.8920805676356149,0.006294346532387252,1.800373846036468,-0.003242542153047978,-0.017357137407492118,0.017357137407492118,9.692307692307693,6.92307692307692,7.3230769230769255,7.350427350427353,0.026862026862026767,-2.4102564102564106,1.8241758241758248,0.0
600041.772110644,291,0.02,0.0,0.8999999761581421,0.0,1.8650000095367432,0.0,0.0,0.0,0.003242542153047978,0.8920805676356149,0.006294346532387252,1.8095292591744858,-0.003242542153047978,-0.017357137407492118,0.017357137407492118,9.692307692307693,6.843956043956041,7.295726495726498,7.350427350427353,0.0219780219780219,-2.4102564102564106,1.81929181929182,0.0
600041.792113155,292,0.02,0.0,0.8999999761581421,0.0,1.875,0.0,0.0,0.0,0.003242542153047978,0.8920805676356149,0.006294346532387252,1.819066147859921,-0.003242542153047978,-0.017357137407492118,0.017357137407492118,9.63956043956044,6.738461538461536,7.282051282051285,7.364102564102566,0.0219780219780219,-2.4102564102564106,1.814407814407815,0.0
600041.812186461,293,0.02,0.0,0.8999999761581421,0.0,1.8849999904632568,0.0,0.0,0.0,0.003242542153047978,0.8920805676356149,0.006294346532387252,1.8289845120927737,-0.003242542153047978,-0.017357137407492118,0.017738612954909527,9.63956043956044,6.685714285714283,7.254700854700857,7.268376068376071,0.0219780219780219,-2.4102564102564106,1.8095238095238102,0.0
600041.832104364,294,0.02,0.0,0.8999999761581421,0.0,1.8949999809265137,0.0,0.0,0.0,0.003242542153047978,0.8920805676356149,0.006294346532387252,1.8392843518730437,-0.003242542153047978,-0.017357137407492118,0.017738612954909527,9.586813186813188,6.606593406593404,7.241025641025644,7.405128205128207,0.0219780219780219,-2.4102564102564106,1.8046398046398053,0.0
600041.852111619,295,0.02,0.0,0.8999999761581421,0.0,1.9049999713897705,0.0,0.0,0.0,0.003242542153047978,0.8920805676356149,0.006294346532387252,1.8495841916533138,-0.003242542153047978,-0.017357137407492118,0.017357137407492118,9.586813186813188,6.527472527472526,7.2136752136752165,7.418803418803421,0.026862026862026767,-2.4102564102564106,1.8095238095238102,0.0
600041.872109051,296,0.02,0.0,0.8999999761581421,0.0,1.9149999618530273,0.0,0.0,0.0,0.002861066605630569,0.8920805676356149,0.006294346532387252,1.8587396047913316,-0.003242542153047978,-0.017357137407492118,0.017357137407492118,9.560439560439562,6.4219780219780205,7.2136752136752165,7.391452991452994,0.026862026862026767,-2.4102564102564106,1.7899877899877907,0.0
600041.892107711,297,0.02,0.0,0.8999999761581421,0.0,1.9249999523162842,0.0,0.0,0.0,0.002861066605630569,0.8920805676356149,0.006294346532387252,1.8682764934767668,-0.003242542153047978,-0.017357137407492118,0.01697566186007471,9.534065934065936,6.369230769230768,7.186324786324789,7.487179487179489,0.026862026862026767,-2.4102564102564106,1.7899877899877907,0.0
600041.912103822,298,0.02,0.0,0.8999999761581421,0.0,1.934999942779541,0.0,0.0,0.0,0.002861066605630569,0.8920805676356149,0.006294346532387252,1.877813382162202,-0.003242542153047978,-0.017357137407492118,0.01697566186007471,9.50769230769231,6.290109890109889,7.158974358974362,7.4324786324786345,0.026862026862026767,-2.4102564102564106,1.7851037851037859,0.0
600041.932206637,299,0.02,0.0,0.8999999761581421,0.0,1.9450000524520874,0.0,0.0,0.0,0.002861066605630569,0.8920805676356149,0.006294346532387252,1.8865873197528025,-0.003242542153047978,-0.017357137407492118,0.01697566186007471,9.454945054945057,6.2373626373626365,7.131623931623935,7.500854700854703,0.0219780219780219,-2.4102564102564106,1.7753357753357761,0.0
600041.952109315,300,0.02,0.0,0.8999999761581421,0.0,1.9550000429153442,0.0,0.0,0.0,0.002861066605630569,0.8920805676356149,0.006294346532387252,1.8957427328908203,-0.003242542153047978,-0.017357137407492118,0.01697566186007471,9.454945054945057,6.158241758241758,7.117948717948721,7.418803418803421,0.03174603174603163,-2.4102564102564106,1.7704517704517713,0.0
600041.972110495,301,0.02,0.0,0.8999999761581421,0.0,1.965000033378601,0.0,0.0,0.0,0.002861066605630569,0.8920805676356149,0.006294346532387252,1.9052796215762555,-0.003242542153047978,-0.017357137407492118,0.01697566186007471,9.42857142857143,6.052747252747253,7.1042735042735075,7.5418803418803435,0.0219780219780219,-2.4151404151404154,1.7655677655677664,0.0
600041.992109605,302,0.02,0.0,0.8999999761581421,0.0,1.975000023841858,0.0,0.0,0.0,0.002861066605630569,0.8920805676356149,0.006294346532387252,1.9151979858091082,-0.003242542153047978,-0.017357137407492118,0.0165941863126573,9.402197802197804,6.0,7.090598290598294,7.514529914529916,0.0219780219780219,-2.4102564102564106,1.780219780219781,0.0
600042.012109387,303,0.02,0.0,0.8999999761581421,0.0,1.9850000143051147,0.0,0.0,0.0,0.002861066605630569,0.8920805676356149,0.006294346532387252,1.9247348744945434,-0.003242542153047978,-0.017357137407492118,0.015449759670405072,9.375824175824178,5.920879120879121,7.063247863247867,7.459829059829062,0.0219780219780219,-2.4102564102564106,1.7899877899877907,0.0
600042.03217215,304,0.02,0.0,0.8999999761581421,0.0,1.9950000047683716,0.0,0.0,0.0,0.002861066605630569,0.8920805676356149,0.006294346532387252,1.934653238727396,-0.003242542153047978,-0.017357137407492118,0.014305333028152845,9.323076923076925,5.841758241758242,7.035897435897439,7.52820512820513,0.026862026862026767,-2.4102564102564106,1.7997557997558005,0.0
600042.052109527,305,0.02,0.0,0.8999999761581421,0.0,2.0,0.0,0.0,0.0,0.002861066605630569,0.8920805676356149,0.006294346532387252,1.9441901274128313,-0.003242542153047978,-0.017357137407492118,0.013160906385900617,9.2967032967033,5.7626373626373635,7.008547008547012,7.446153846153848,0.017094017094017033,-2.4053724053724057,1.7899877899877907,0.0
600042.072110728,306,0.02,0.0,0.8999999761581421,0.0,2.0,0.0,0.0,0.0,0.002861066605630569,0.8920805676356149,0.006294346532387252,1.9533455405508526,-0.003242542153047978,-0.017357137407492118,0.012397955291065799,9.270329670329673,5.709890109890111,6.981196581196585,7.418803418803421,0.017094017094017033,-2.4151404151404154,1.8095238095238102,0.0
600042.092139284,307,0.02,0.0,0.8999999761581421,0.0,2.0,0.0,0.0,0.0,0.002861066605630569,0.8920805676356149,0.006294346532387252,1.9628824292362879,-0.003242542153047978,-0.017357137407492118,0.011253528648813571,9.243956043956047,5.630769230769232,6.953846153846158,7.336752136752139,0.012210012210012167,-2.4102564102564106,1.814407814407815,0.0
600042.112107438,308,0.02,0.0,0.8999999761581421,0.0,2.0,0.0,0.0,0.0,0.002861066605630569,0.8920805676356149,0.006294346532387252,1.9720378423743057,-0.003242542153047978,-0.017357137407492118,0.011253528648813571,9.191208791208794,5.5780219780219795,6.912820512820517,7.049572649572653,0.012210012210012167,-2.4102564102564106,1.780219780219781,0.0
600042.132108213,309,0.02,0.0,0.8999999761581421,0.0,2.0,0.0,0.0,0.0,0.002861066605630569,0.8920805676356149,0.006294346532387252,1.9804303044174887,-0.003242542153047978,-0.017357137407492118,0.01163500419623098,9.164835164835168,5.498901098901101,6.885470085470089,6.598290598290603,0.012210012210012167,-2.4053724053724057,1.7606837606837615,0.0
600042.152107661,310,0.02,0.0,0.8999999761581421,0.0,2.0,0.0,0.0,0.0,0.002861066605630569,0.8920805676356149,0.006294346532387252,1.987296864271002,-0.003242542153047978,-0.017357137407492118,0.012397955291065799,9.112087912087915,5.446153846153848,6.858119658119662,6.119658119658119,0.012210012210012167,-2.4102564102564106,1.7264957264957275,0.0
600042.172110273,311,0.02,0.0,0.8999999761581421,0.0,2.0,0.0,0.0,0.0,0.002861066605630569,0.8920805676356149,0.006294346532387252,1.9934004730296806,-0.003242542153047978,-0.017357137407492118,0.014305333028152845,9.085714285714289,5.367032967032969,6.8444444444444485,5.996581196581197,0.012210012210012167,-2.4151404151404154,1.6776556776556788,0.0
600042.19210837,312,0.02,0.0,0.8999999761581421,0.0,2.0,0.0,0.0,0.0,0.002861066605630569,0.8920805676356149,0.006294346532387252,1.9968337529564373,-0.003242542153047978,-0.017357137407492118,0.018883039597161755,9.059340659340663,5.314285714285717,6.817094017094021,5.914529914529915,0.012210012210012167,-2.4102564102564106,1.5848595848595863,0.0
600042.212112364,313,0.02,0.0,0.8999999761581421,0.0,2.0,0.0,0.0,0.0,0.002861066605630569,0.8920805676356149,0.006294346532387252,1.9995040817883591,-0.003242542153047978,-0.017357137407492118,0.023460746166170665,9.032967032967036,5.261538461538464,6.803418803418808,5.723076923076924,0.012210012210012167,-2.4102564102564106,1.5360195360195341,0.0
600042.232110903,314,0.02,0.0,0.8999999761581421,0.0,2.0,0.0,0.0,0.0,0.002861066605630569,0.8920805676356149,0.006294346532387252,2.001029983978029,-0.003242542153047978,-0.017357137407492118,0.027656977187762166,9.00659340659341,5.208791208791212,6.789743589743594,5.791452991452992,0.026862026862026767,-2.4102564102564106,1.506715506715505,0.0
600042.252110185,315,0.02,0.0,0.8999999761581421,0.0,2.0,0.0,0.0,0.0,0.002861066605630569,0.8920805676356149,0.006294346532387252,2.0017929350728636,-0.003242542153047978,-0.017357137407492118,0.03070878156710144,8.980219780219784,5.182417582417585,6.77606837606838,5.750427350427351,0.0366300366300365,-2.4151404151404154,1.4822954822954806,0.0
600042.272119519,316,0.02,0.0,0.8999999761581421,0.0,2.0,0.0,0.0,0.0,0.002861066605630569,0.8920805676356149,0.006294346532387252,2.0017929350728636,-0.003242542153047978,-0.017357137407492118,0.03185320820935367,8.980219780219784,5.156043956043959,6.748717948717953,5.695726495726497,0.0512820512820511,-2.4151404151404154,1.506715506715505,0.0
600042.292115541,317,0.02,0.0,0.8999999761581421,0.0,2.0,0.0,0.0,0.0,0.002861066605630569,0.8920805676356149,0.006294346532387252,2.0017929350728636,-0.003242542153047978,-0.017357137407492118,0.03185320820935367,8.980219780219784,5.156043956043959,6.748717948717953,5.6683760683760696,0.056166056166055967,-2.4102564102564106,1.5213675213675195,0.0
600042.312115301,318,0.02,0.0,0.8999999761581421,0.0,2.0,0.0,0.0,0.0,0.002861066605630569,0.8920805676356149,0.006294346532387252,2.0017929350728636,-0.003242542153047978,-0.017357137407492118,0.03032730601968403,8.953846153846158,5.129670329670333,6.7350427350427395,5.654700854700856,0.06105006105006083,-2.4151404151404154,1.5653235653235669,0.0
600042.332112345,319,0.02,0.0,0.8999999761581421,0.0,2.0,0.0,0.0,0.0,0.002861066605630569,0.8920805676356149,0.006294346532387252,2.0017929350728636,-0.003242542153047978,-0.017357137407492118,0.026894026092927348,8.953846153846158,5.129670329670333,6.7350427350427395,5.6683760683760696,0.06105006105006083,-2.4151404151404154,1.633699633699635,0.0
600042.35211237,320,0.02,0.000267605617409572,0.8999999761581421,0.004235915374010801,2.0,0.0002070422488031909,0.004971830639988184,0.0029669012874364853,0.002861066605630569,0.8920805676356149,0.006294346532387252,2.0017929350728636,-0.003242542153047978,-0.017357137407492118,0.022316319523918438,8.953846153846158,5.129670329670333,6.748717948717953,5.682051282051283,0.056166056166055967,-2.4102564102564106,1.6874236874236885,0.0
600042.372114844,321,0.02,0.0008028168813325465,0.8999999761581421,0.012707745656371117,2.0,0.0006211267318576574,0.01491549238562584,0.008900703862309456,0.002861066605630569,0.8920805676356149,0.006294346532387252,2.0017929350728636,-0.003242542153047978,-0.017357137407492118,0.017738612954909527,8.980219780219784,5.156043956043959,6.7350427350427395,5.6683760683760696,0.056166056166055967,-2.4102564102564106,1.7606837606837615,0.0
600042.392105301,322,0.02,0.0013380281161516905,0.8999999761581421,0.021179577335715294,2.0,0.0010352112585678697,0.024859154596924782,0.014834507368505001,0.002861066605630569,0.8920805676356149,0.006294346532387252,2.001411459525446,-0.003242542153047978,-0.017357137407492118,0.013160906385900617,8.980219780219784,5.156043956043959,6.912820512820517,5.682051282051283,0.04639804639804623,-2.3809523809523814,1.7997557997558005,0.0
600042.4121109,323,0.02,0.0018732394091784954,0.8999999761581421,0.029651407152414322,2.0,0.001449295785278082,0.034802816808223724,0.020768310874700546,0.002861066605630569,0.8920805676356149,0.006294346532387252,2.001411459525446,-0.003242542153047978,-0.017357137407492118,0.008964675364309116,9.00659340659341,5.182417582417585,7.37777777777778,5.695726495726497,0.04151404151404137,-2.3125763125763124,1.887667887667888,0.0
600042.43211612,324,0.02,0.0024084504693746567,0.8999999761581421,0.0381232351064682,2.0,0.0018633801955729723,0.04474647343158722,0.026702111586928368,0.002861066605630569,0.8920805676356149,0.006294346532387252,2.001411459525446,-0.003242542153047978,-0.01621271076523989,0.00705729762722207,9.059340659340663,5.182417582417585,7.883760683760684,5.682051282051283,0.026862026862026767,-2.258852258852259,1.926739926739927,0.0
600042.45211391,325,0.02,0.0029436619952321053,0.8999999761581421,0.046595070511102676,2.0,0.0022774648386985064,0.05469013750553131,0.03263591602444649,0.002861066605630569,0.8920805676356149,0.006294346532387252,2.001411459525446,-0.003242542153047978,-0.014305333028152845,0.006675822079804661,9.112087912087915,5.182417582417585,8.376068376068375,5.695726495726497,0.017094017094017033,-2.2002442002442004,1.9462759462759465,0.0
600042.47211527,326,0.02,0.0034788730554282665,0.8999999761581421,0.055066898465156555,2.0,0.0026915492489933968,0.0646337941288948,0.03856971487402916,0.002861066605630569,0.8920805676356149,0.008201724269474298,2.001411459525446,-0.003242542153047978,-0.009727626459143934,0.006675822079804661,9.138461538461542,5.235164835164838,8.704273504273502,5.70940170940171,0.017094017094017033,-2.2393162393162394,2.0097680097680097,0.0
600042.492113949,327,0.02,0.004014084581285715,0.8999999761581421,0.06353873014450073,2.0,0.003105633892118931,0.0745774582028389,0.04450352117419243,0.002861066605630569,0.8920805676356149,0.010872053101396162,2.001411459525446,-0.003242542153047978,-0.002861066605630569,0.00705729762722207,9.191208791208794,5.182417582417585,9.155555555555551,5.695726495726497,0.017094017094017033,-2.253968253968254,2.078144078144078,0.0
600042.512112888,328,0.02,0.004549295641481876,0.8999999761581421,0.07201056182384491,2.0,0.003519718535244465,0.08452112227678299,0.0504373237490654,0.002861066605630569,0.8920805676356149,0.015449759670405072,2.001411459525446,-0.003242542153047978,0.006294346532387252,0.007820248722056888,9.21758241758242,5.208791208791212,9.237606837606833,5.70940170940171,0.03174603174603163,-2.2979242979242978,2.102564102564102,0.0
600042.532059854,329,0.02,0.005084506701678038,0.8999999761581421,0.08048239350318909,2.0,0.003933802712708712,0.09446478635072708,0.05637112632393837,0.002861066605630569,0.8920805676356149,0.02193484397650103,2.001411459525446,-0.003242542153047978,0.019264515144579164,0.010490577553978753,9.270329670329673,5.235164835164838,9.11452991452991,5.682051282051283,0.04639804639804623,-2.4590964590964592,2.0927960927960925,0.0
600042.552131278,330,0.02,0.005619717761874199,0.8999999761581421,0.08895421773195267,2.0,0.004347887355834246,0.10440844297409058,0.06230492517352104,0.002861066605630569,0.8920805676356149,0.02994583047226662,2.001411459525446,-0.003242542153047978,0.037575341420614805,0.014305333028152845,9.2967032967033,5.208791208791212,9.237606837606833,5.6683760683760696,0.0659340659340657,-2.6300366300366296,2.0879120879120876,0.0
600042.572104298,331,0.02,0.006154929753392935,0.8999999761581421,0.09742605686187744,2.0,0.00476197199895978,0.11435211449861526,0.06823873519897461,0.002861066605630569,0.8920805676356149,0.03986419470511926,2.001411459525446,-0.0036240177004653873,0.05283436331731117,0.020027466239413982,9.349450549450552,5.208791208791212,8.799999999999997,5.654700854700856,0.0952380952380949,-2.615384615384615,2.0537240537240535,0.0
600042.592110173,332,0.02,0.006690140813589096,0.8999999761581421,0.10589788109064102,2.0,0.005176056642085314,0.12429577112197876,0.07417253404855728,0.0024795910582131597,0.8920805676356149,0.0497825589379719,2.001411459525446,-0.0036240177004653873,0.06961928740367718,0.02613107499809253,9.375824175824178,5.208791208791212,9.07350427350427,5.627350427350429,0.12942612942612897,-2.757020757020757,2.0244200244200243,0.0
600042.61210556,333,0.02,0.007225351873785257,0.8999999761581421,0.1143697127699852,2.0,0.0055901408195495605,0.13423943519592285,0.08010633289813995,0.0024795910582131597,0.8920805676356149,0.05931944762340713,2.001411459525446,-0.0036240177004653873,0.08449683375295614,0.032616159304188486,9.402197802197804,5.208791208791212,9.046153846153842,5.600000000000001,0.17338217338217277,-2.761904761904762,2.004884004884005,0.0
600042.632116314,334,0.02,0.007760562933981419,0.8999999761581421,0.12284154444932938,2.0,0.006004225462675095,0.14418308436870575,0.08604013919830322,0.0024795910582131597,0.8920805676356149,0.06885633630884236,2.001411459525446,-0.0036240177004653873,0.09784847791256546,0.03871976806286703,9.454945054945057,5.208791208791212,8.745299145299143,5.545299145299147,0.21733821733821657,-2.7081807081807083,2.0097680097680097,0.0
600042.652110666,335,0.02,0.008295774459838867,0.8999999761581421,0.13131338357925415,2.0,0.006418310105800629,0.15412676334381104,0.09197394549846649,0.0024795910582131597,0.8920805676356149,0.078774700541695,2.001411459525446,-0.0036240177004653873,0.10700389105058328,0.04367895017929335,9.481318681318683,5.235164835164838,8.77264957264957,5.51794871794872,0.26617826617826523,-2.688644688644689,2.029304029304029,0.0
600042.672911973,336,0.02,0.008830985985696316,0.8999999761581421,0.13978520035743713,2.0,0.006832394283264875,0.16407041251659393,0.09790774434804916,0.0024795910582131597,0.8920805676356149,0.087167162584878,2.001411459525446,-0.0036240177004653873,0.11463340199893146,0.04825665674830226,9.50769230769231,5.261538461538464,8.786324786324784,5.463247863247865,0.3150183150183157,-2.6251526251526247,2.0,0.0
600042.692114154,337,0.02,0.00936619658023119,0.8999999761581421,0.1482570320367813,2.0,0.0072464789263904095,0.17401407659053802,0.10384154319763184,0.0024795910582131597,0.8920805676356149,0.09632257572289582,2.001411459525446,-0.0036240177004653873,0.1203555352101926,0.05474174105439822,9.534065934065936,5.261538461538464,8.676923076923075,5.422222222222224,0.3540903540903546,-2.5225885225885225,1.9804639804639805,0.0
600042.71211102,338,0.02,0.009901408106088638,0.8999999761581421,0.1567288637161255,2.0,0.007660563103854656,0.18395774066448212,0.1097753494977951,0.0024795910582131597,0.8920805676356149,0.10662241550316587,2.001411459525446,-0.0036240177004653873,0.12607766842145374,0.0623712520027464,9.534065934065936,5.314285714285717,8.294017094017093,5.394871794871797,0.3882783882783887,-2.5177045177045176,1.8974358974358978,0.0
600042.732104079,339,0.02,0.010436619631946087,0.8999999761581421,0.16520069539546967,2.0,0.00807464774698019,0.1939014047384262,0.11570915579795837,0.0024795910582131597,0.8920805676356149,0.11654077973601851,2.001411459525446,-0.0036240177004653873,0.13370717936980192,0.06923781185625977,9.560439560439562,5.367032967032969,8.417094017094016,5.3401709401709425,0.4175824175824179,-2.537240537240537,1.9023199023199027,0.0
600042.752115462,340,0.02,0.01097183022648096,0.8999999761581421,0.17367251217365265,2.0,0.008488732390105724,0.2038450539112091,0.12164294719696045,0.0024795910582131597,0.8920805676356149,0.12798504615854078,2.001411459525446,-0.0036240177004653873,0.14057373922331529,0.0749599450675209,9.586813186813188,5.367032967032969,8.157264957264957,5.299145299145302,0.4468864468864471,-2.5225885225885225,1.9072039072039075,0.0
600042.772110582,341,0.02,0.01150704175233841,0.8999999761581421,0.18214435875415802,2.0,0.008902817033231258,0.2137887179851532,0.12757675349712372,0.0024795910582131597,0.8920805676356149,0.13904783703364565,2.001411459525446,-0.0036240177004653873,0.1489662012664983,0.08106355382619945,9.586813186813188,5.367032967032969,7.952136752136752,5.258119658119661,0.46642246642246654,-2.5567765567765566,1.8778998778998783,0.0
600042.792108614,342,0.02,0.012042253278195858,0.8999999761581421,0.1906161904335022,2.0,0.009316901676356792,0.22373239696025848,0.133510559797287,0.002861066605630569,0.8920805676356149,0.1497291523613331,2.001411459525446,-0.003242542153047978,0.15583276112001165,0.08754863813229541,9.586813186813188,5.419780219780222,7.8700854700854705,5.2307692307692335,0.5006105006105006,-2.498168498168498,1.8730158730158735,0.0
600042.812111903,343,0.02,0.012577463872730732,0.8999999761581421,0.19908800721168518,2.0,0.009730985388159752,0.2336760312318802,0.13944436609745026,0.002861066605630569,0.8920805676356149,0.15964751659418575,2.001411459525446,-0.003242542153047978,0.16117341878385538,0.09212634470130432,9.586813186813188,5.472527472527474,7.883760683760684,5.189743589743593,0.5347985347985347,-2.3760683760683765,1.892551892551893,0.0
600042.832095438,344,0.02,0.01311267539858818,0.8999999761581421,0.20755985379219055,2.0,0.01014507096260786,0.24361971020698547,0.14537817239761353,0.003242542153047978,0.8920805676356149,0.16842145418478616,2.001411459525446,-0.003242542153047978,0.16460669871061206,0.09632257572289582,9.613186813186815,5.498901098901101,7.719658119658121,5.135042735042738,0.5641025641025639,-2.2686202686202686,1.892551892551893,0.0
600042.852126098,345,0.02,0.013647886924445629,0.8999999761581421,0.21603168547153473,2.0,0.010559155605733395,0.25356337428092957,0.1513119786977768,0.003242542153047978,0.8920805676356149,0.17757686732280398,2.001411459525446,-0.003242542153047978,0.1703288319218732,0.10128175783932214,9.613186813186815,5.525274725274727,7.596581196581198,5.06666666666667,0.5934065934065931,-2.288156288156288,1.8485958485958491,0.0
600042.872108574,346,0.02,0.014183097518980503,0.8999999761581421,0.2245035022497177,2.0,0.010973239317536354,0.26350703835487366,0.15724577009677887,0.003242542153047978,0.8920805676356149,0.1871137560082392,2.001411459525446,-0.003242542153047978,0.17605096513313434,0.10700389105058328,9.63956043956044,5.551648351648353,7.555555555555557,5.039316239316243,0.6080586080586077,-2.283272283272283,1.8388278388278394,0.0
600042.892110439,347,0.02,0.014718309044837952,0.8999999761581421,0.23297534883022308,2.0,0.011387323960661888,0.27345070242881775,0.16317957639694214,0.003242542153047978,0.8920805676356149,0.19665064469367444,2.001411459525446,-0.003242542153047978,0.18368047608148252,0.11310749980926182,9.692307692307693,5.5780219780219795,7.487179487179489,5.0119658119658155,0.6422466422466417,-2.283272283272283,1.81929181929182,0.0
600042.91213022,348,0.02,0.015253521502017975,0.8999999761581421,0.24144718050956726,2.0,0.011801408603787422,0.28339436650276184,0.1691133826971054,0.003242542153047978,0.8920805676356149,0.20580605783169226,2.001411459525446,-0.003242542153047978,0.19321736476691775,0.11882963302052296,9.692307692307693,5.630769230769232,7.500854700854703,4.984615384615388,0.6666666666666661,-2.3369963369963367,1.8095238095238102,0.0
600042.932105349,349,0.02,0.01578873209655285,0.8999999761581421,0.24991899728775024,2.0,0.012215493246912956,0.29333800077438354,0.17504717409610748,0.003242542153047978,0.8920805676356149,0.21457999542229267,2.001411459525446,-0.003242542153047978,0.20275425345235298,0.12531471732661892,9.71868131868132,5.630769230769232,7.418803418803421,4.91623931623932,0.6862026862026855,-2.332112332112332,1.7899877899877907,0.0
600042.952111997,350,0.02,0.016323942691087723,0.8999999761581421,0.2583908438682556,2.0,0.01262957789003849,0.30328169465065,0.18098098039627075,0.003242542153047978,0.8920805676356149,0.2237354085603105,2.001411459525446,-0.003242542153047978,0.2119096665903708,0.13027389944304524,9.745054945054946,5.683516483516485,7.391452991452994,4.875213675213679,0.7155067155067147,-2.322344322344322,1.8095238095238102,0.0
600042.972102847,351,0.02,0.016859153285622597,0.8999999761581421,0.2668626606464386,2.0,0.01304366160184145,0.31322532892227173,0.18691478669643402,0.003242542153047978,0.8920805676356149,0.2321278706034935,2.001411459525446,-0.003242542153047978,0.22297245746547567,0.13447013046463674,9.71868131868132,5.683516483516485,7.4324786324786345,4.820512820512825,0.7448107448107439,-2.3467643467643473,1.81929181929182,0.0
600042.992112633,352,0.02,0.01739436574280262,0.8999999761581421,0.27533450722694397,2.0,0.013457746244966984,0.3231689929962158,0.1928485929965973,0.0036240177004653873,0.8920805676356149,0.23975738155184168,2.001411459525446,-0.003242542153047978,0.23098344396124126,0.13981078812848047,9.71868131868132,5.709890109890111,7.801709401709402,4.7931623931623974,0.7741147741147731,-2.288156288156288,1.7899877899877907,0.0
600043.012117902,353,0.02,0.017929576337337494,0.8999999761581421,0.28380632400512695,2.0,0.013871831819415092,0.3331126570701599,0.19878239929676056,0.0036240177004653873,0.8920805676356149,0.2450980392156854,2.001411459525446,-0.002861066605630569,0.23937590600442427,0.1455329213397416,9.771428571428572,5.7626373626373635,7.897435897435898,4.76581196581197,0.8034188034188023,-2.2979242979242978,1.7509157509157518,0.0
600043.032801608,354,0.02,0.018464786931872368,0.8999999761581421,0.29227814078330994,2.0,0.014285915531218052,0.343056321144104,0.20471619069576263,0.0036240177004653873,0.8920805676356149,0.25158312352178136,2.001411459525446,-0.002861066605630569,0.2492942702372769,0.15163653009842015,9.771428571428572,5.7626373626373635,7.82905982905983,4.711111111111116,0.8278388278388267,-2.3125763125763124,1.746031746031747,0.0
600043.05210283,355,0.02,0.01899999938905239,0.8999999761581421,0.3007499873638153,2.0,0.014700000174343586,0.3529999852180481,0.2106499969959259,0.0036240177004653873,0.8920805676356149,0.25883115892271213,2.001411459525446,-0.002861066605630569,0.2607385366597992,0.15659571221484647,9.797802197802199,5.7626373626373635,7.82905982905983,4.670085470085475,0.8571428571428559,-2.390720390720391,1.7557997557997567,0.0
600043.072118481,356,0.02,0.019535211846232414,0.8999999761581421,0.3092218339443207,2.0,0.01511408481746912,0.3629436492919922,0.21658380329608917,0.0036240177004653873,0.8920805676356149,0.2668421454184777,2.001411459525446,-0.002861066605630569,0.27523460746166073,0.1619363698786902,9.797802197802199,5.7626373626373635,7.705982905982907,4.642735042735048,0.8815628815628802,-2.4884004884004884,1.746031746031747,0.0
600043.092105518,357,0.02,0.020070422440767288,0.8999999761581421,0.31769365072250366,2.0,0.015528169460594654,0.3728873133659363,0.22251760959625244,0.0036240177004653873,0.8920805676356149,0.27523460746166073,2.001411459525446,-0.002861066605630569,0.2859159227893482,0.16803997863736875,9.850549450549451,5.7626373626373635,7.97948717948718,4.61538461538462,0.925518925518924,-2.473748473748474,1.7264957264957275,0.0
600043.112104834,358,0.02,0.020605633035302162,0.8999999761581421,0.32616546750068665,2.0,0.015942253172397614,0.382830947637558,0.22845140099525452,0.0036240177004653873,0.8920805676356149,0.2821011673151741,2.001411459525446,-0.002861066605630569,0.3000305180437923,0.1745250629434647,9.824175824175825,5.78901098901099,7.993162393162393,4.547008547008552,0.954822954822955,-2.537240537240537,1.7167277167277177,0.0
600043.132105231,359,0.02,0.021140843629837036,0.8999999761581421,0.334637314081192,2.0,0.016356337815523148,0.3927746117115021,0.23438520729541779,0.0036240177004653873,0.8920805676356149,0.28896772716868746,2.001411459525446,-0.002861066605630569,0.311856260013732,0.17910276951247361,9.850549450549451,5.78901098901099,8.198290598290598,4.5333333333333385,0.9938949938949939,-2.542124542124542,1.7509157509157518,0.0
600043.15221657,360,0.02,0.02167605608701706,0.8999999761581421,0.343109130859375,2.0,0.01677042245864868,0.40271827578544617,0.24031901359558105,0.0036240177004653873,0.8920805676356149,0.2958342870222008,2.001411459525446,-0.002861066605630569,0.3236820019836717,0.18444342717631734,9.876923076923077,5.78901098901099,8.088888888888889,4.478632478632484,1.0231990231990231,-2.5518925518925517,1.7167277167277177,0.0
600043.172111701,361,0.02,0.022211266681551933,0.8999999761581421,0.35158097743988037,2.0,0.017184507101774216,0.41266196966171265,0.24625281989574432,0.0040054932478827965,0.8920805676356149,0.3038452735179664,2.001411459525446,-0.002861066605630569,0.3366521705958636,0.19016556038757848,9.824175824175825,5.78901098901099,8.28034188034188,4.437606837606843,1.062271062271062,-2.5665445665445663,1.7020757020757031,0.0
600043.192112173,362,0.02,0.022746479138731956,0.8999999761581421,0.36005282402038574,2.0,0.01759859174489975,0.42260563373565674,0.2521866261959076,0.004386968795300206,0.8920805676356149,0.30994888227664497,2.001411459525446,-0.002861066605630569,0.34657053482871625,0.19588769359883962,9.71868131868132,5.78901098901099,8.553846153846152,4.396581196581202,1.0818070818070815,-2.5225885225885225,1.6923076923076934,0.0
600043.21210405,363,0.02,0.02328168973326683,0.8999999761581421,0.3685246407985687,2.0,0.018012676388025284,0.43254929780960083,0.25812041759490967,0.005149919890135024,0.8920805676356149,0.3160524910353235,2.001411459525446,-0.002861066605630569,0.35839627679865593,0.20199130235751817,9.824175824175825,5.815384615384616,8.417094017094016,4.355555555555554,1.1159951159951156,-2.5909645909645906,1.6923076923076934,0.0
600043.232111626,364,0.02,0.023816900327801704,0.8999999761581421,0.3769964575767517,2.0,0.018426761031150818,0.44249293208122253,0.26405420899391174,0.005149919890135024,0.8920805676356149,0.3236820019836717,2.001411459525446,-0.002861066605630569,0.36717021438925634,0.2073319600213619,9.850549450549451,5.815384615384616,8.512820512820511,4.314529914529913,1.1452991452991448,-2.5665445665445663,1.6923076923076934,0.0
600043.252114843,365,0.02,0.02435211092233658,0.8999999761581421,0.3854682743549347,2.0,0.018840845674276352,0.4524365961551666,0.2699880301952362,0.005149919890135024,0.8920805676356149,0.3320744640268547,2.001411459525446,-0.002861066605630569,0.38052185854886567,0.21305409323262303,9.876923076923077,5.815384615384616,8.266666666666666,4.2735042735042725,1.174603174603174,-2.7081807081807083,1.667887667887669,0.0
600043.272110784,366,0.02,0.0248873233795166,0.8999999761581421,0.39394012093544006,2.0,0.019254930317401886,0.4623802602291107,0.2759218215942383,0.005531395437552433,0.8920805676356149,0.34161135271228993,2.001411459525446,-0.002861066605630569,0.3919661249713915,0.21839475089646676,9.850549450549451,5.815384615384616,8.17094017094017,4.232478632478632,1.1990231990231983,-2.6300366300366296,1.6923076923076934,0.0
600043.292110551,367,0.02,0.025422533974051476,0.8999999761581421,0.40241196751594543,2.0,0.01966901496052742,0.4723239243030548,0.28185564279556274,0.005531395437552433,0.8920805676356149,0.35191119249256,2.001411459525446,-0.002861066605630569,0.4049362935835834,0.2237354085603105,9.876923076923077,5.868131868131869,8.198290598290598,4.191452991452991,1.2332112332112324,-2.6935286935286937,1.667887667887669,0.0
600043.312121816,368,0.02,0.0259577464312315,0.8999999761581421,0.4108837842941284,2.0,0.020083099603652954,0.4822675883769989,0.2877894341945648,0.005531395437552433,0.8920805676356149,0.3614480811779952,2.001411459525446,-0.002861066605630569,0.4137102311741838,0.22983901731898904,9.876923076923077,5.868131868131869,8.116239316239316,4.15042735042735,1.2527472527472518,-2.5958485958485955,1.6483516483516496,0.0
600043.332111399,369,0.02,0.026492955163121223,0.8999999761581421,0.4193556010723114,2.0,0.02049718238413334,0.4922112226486206,0.2937232255935669,0.005531395437552433,0.8920805676356149,0.3702220187685956,2.001411459525446,-0.002861066605630569,0.42324711985961905,0.2367055771725024,9.903296703296704,5.868131868131869,8.075213675213675,4.082051282051282,1.282051282051281,-2.688644688644689,1.599511599511601,0.0
600043.352105607,370,0.02,0.027028167620301247,0.8999999761581421,0.4278274476528168,2.0,0.020911267027258873,0.5021548867225647,0.29965701699256897,0.005531395437552433,0.8920805676356149,0.37899595635919603,2.001411459525446,-0.002861066605630569,0.4331654840924717,0.24357213702601577,9.876923076923077,5.894505494505495,7.965811965811966,4.013675213675214,1.3113553113553102,-2.615384615384615,1.5799755799755815,0.0
600043.372114125,371,0.02,0.02756338007748127,0.8999999761581421,0.43629926443099976,2.0,0.021325351670384407,0.5120985507965088,0.30559083819389343,0.005531395437552433,0.8920805676356149,0.38891432059204867,2.001411459525446,-0.002861066605630569,0.4411764705882373,0.2489127946898595,9.850549450549451,5.920879120879121,7.82905982905983,3.9863247863247864,1.3406593406593394,-2.5860805860805858,1.6141636141636155,0.0
600043.392110657,372,0.02,0.028098590672016144,0.8999999761581421,0.4447711110115051,2.0,0.02173943631350994,0.5220422148704529,0.3115246593952179,0.005531395437552433,0.8920805676356149,0.39921416037232227,2.001411459525446,-0.002861066605630569,0.44880598153658546,0.2538719768062858,9.876923076923077,5.947252747252747,7.623931623931625,3.931623931623932,1.3650793650793638,-2.5274725274725274,1.633699633699635,0.0
600043.412109585,373,0.02,0.028633803129196167,0.8999999761581421,0.4532429575920105,2.0,0.022153522819280624,0.531985878944397,0.31745845079421997,0.005912870984969842,0.8920805676356149,0.4087510490577575,2.001411459525446,-0.002861066605630569,0.45643549248493365,0.25921263447012954,9.903296703296704,5.973626373626374,7.610256410256412,3.8632478632478637,1.3894993894993881,-2.4884004884004884,1.5897435897435912,0.0
600043.432114269,374,0.02,0.02916901372373104,0.8999999761581421,0.4617147743701935,2.0,0.02256760746240616,0.5419296026229858,0.32339227199554443,0.005912870984969842,0.8920805676356149,0.41866941329061014,2.001411459525446,-0.0024795910582131597,0.46406500343328183,0.2645532921339733,9.903296703296704,6.026373626373626,7.514529914529916,3.822222222222223,1.3894993894993881,-2.5323565323565322,1.5897435897435912,0.0
600043.4521176,375,0.02,0.029704224318265915,0.8999999761581421,0.47018659114837646,2.0,0.022981690242886543,0.5518732070922852,0.3293260335922241,0.005912870984969842,0.8920805676356149,0.42782482642862796,2.001411459525446,-0.0017166399633783413,0.4713130388342126,0.2702754253452344,9.876923076923077,6.026373626373626,7.418803418803421,3.781196581196582,1.394383394383393,-2.498168498168498,1.5848595848595863,0.0
600043.472112503,376,0.02,0.03023943491280079,0.8999999761581421,0.47865843772888184,2.0,0.023395774886012077,0.5618168711662292,0.3352598547935486,0.006675822079804661,0.8920805676356149,0.4369802395666458,2.001411459525446,-0.0017166399633783413,0.4785610742351434,0.2748531319142433,9.71868131868132,6.052747252747253,7.418803418803421,3.740170940170941,1.428571428571427,-2.434676434676435,1.5897435897435912,0.0
600043.492110817,377,0.02,0.030774647369980812,0.8999999761581421,0.4871302545070648,2.0,0.02380985952913761,0.5717605352401733,0.34119364619255066,0.009346150911726525,0.8920805676356149,0.44499122606241137,2.001411459525446,-0.0017166399633783413,0.488479438467996,0.27943083848325223,9.454945054945057,6.105494505494505,7.418803418803421,3.6854700854700866,1.4481074481074465,-2.503052503052503,1.5897435897435912,0.0
600043.512114663,378,0.02,0.031309857964515686,0.8999999761581421,0.4956021010875702,2.0,0.024223944172263145,0.5817041993141174,0.3471274673938751,0.010872053101396162,0.8920805676356149,0.4541466392004292,2.001029983978029,-0.0017166399633783413,0.49725337605859643,0.2824826428625915,9.402197802197804,6.131868131868131,7.4324786324786345,3.6444444444444457,1.4627594627594611,-2.434676434676435,1.633699633699635,0.0
600043.53211746,379,0.02,0.03184507042169571,0.8999999761581421,0.5040739178657532,2.0,0.02463802881538868,0.5916478633880615,0.3530612587928772,0.01163500419623098,0.8920805676356149,0.4625391012436122,2.001029983978029,-0.0017166399633783413,0.5064087891966143,0.2870603494316004,9.560439560439562,6.131868131868131,7.309401709401712,3.6170940170940185,1.4822954822954806,-2.4835164835164836,1.6043956043956058,0.0
600043.552103852,380,0.02,0.032380279153585434,0.8999999761581421,0.5125457644462585,2.0,0.025052111595869064,0.6015915274620056,0.3589950501918793,0.01163500419623098,0.8920805676356149,0.4709315632867952,2.001029983978029,-0.0017166399633783413,0.5125123979552928,0.29240100709544414,9.534065934065936,6.105494505494505,7.268376068376071,3.5487179487179503,1.4920634920634903,-2.3858363858363862,1.5750915750915766,0.0
600043.572127182,381,0.02,0.03291549161076546,0.8999999761581421,0.5210175514221191,2.0,0.0254661962389946,0.6115351915359497,0.36492887139320374,0.01163500419623098,0.8920805676356149,0.4789425497825608,2.001029983978029,-0.0013351644159609322,0.5182345311665539,0.30041199359120974,9.560439560439562,6.184615384615384,7.186324786324789,3.5487179487179503,1.506715506715505,-2.317460317460317,1.5018315018315,0.0
600043.59227746,382,0.02,0.03345070406794548,0.8999999761581421,0.5294893980026245,2.0,0.02588028274476528,0.6214788556098938,0.3708626627922058,0.01163500419623098,0.8920805676356149,0.4869535362783264,2.0006485084306114,-0.0013351644159609322,0.5262455176623195,0.3076600289921405,9.560439560439562,6.21098901098901,7.268376068376071,3.452991452991455,1.5262515262515244,-2.3467643467643473,1.506715506715505,0.0
600043.612171782,383,0.02,0.033985916525125504,0.8999999761581421,0.5379612445831299,2.0,0.026294367387890816,0.6314225196838379,0.3767964839935303,0.01163500419623098,0.8920805676356149,0.4964904249637616,2.0006485084306114,-0.0001907377737087046,0.5376897840848418,0.31338216220340165,9.560439560439562,6.2373626373626365,7.090598290598294,3.411965811965814,1.4920634920634903,-2.4395604395604398,1.5213675213675195,0.0
600043.632109821,384,0.02,0.03452112525701523,0.8999999761581421,0.5464330911636353,2.0,0.02670845203101635,0.641366183757782,0.38273027539253235,0.01163500419623098,0.8920805676356149,0.5060273136491968,2.0006485084306114,0.0013351644159609322,0.5483710994125293,0.31757839322499315,9.534065934065936,6.2373626373626365,7.022222222222226,3.384615384615387,1.506715506715505,-2.4053724053724057,1.5311355311355292,0.0
600043.652111446,385,0.02,0.03505633771419525,0.8999999761581421,0.5549049377441406,2.0,0.027122536674141884,0.6513098478317261,0.3886640965938568,0.01163500419623098,0.8920805676356149,0.5148012512397973,2.0006485084306114,0.0020981155107957505,0.5617227435721386,0.3233005264362543,9.534065934065936,6.263736263736263,7.022222222222226,3.3299145299145323,1.5360195360195341,-2.5274725274725274,1.4969474969474952,0.0
600043.672955666,386,0.02,0.035591546446084976,0.8999999761581421,0.5633767247200012,2.0,0.02753661945462227,0.6612534523010254,0.3945978879928589,0.013923857480735435,0.8920805676356149,0.5228122377355628,2.0006485084306114,0.0024795910582131597,0.5708781567101564,0.3290226596475154,9.112087912087915,6.263736263736263,7.254700854700857,3.2888888888888914,1.5555555555555536,-2.390720390720391,1.4920634920634903,0.0
600043.692115669,387,0.02,0.036126758903265,0.8999999761581421,0.5718485713005066,2.0,0.027950704097747803,0.6711971759796143,0.40053167939186096,0.014305333028152845,0.8920805676356149,0.5300602731364936,2.0006485084306114,0.0024795910582131597,0.5830853742275135,0.33436331731135915,9.375824175824178,6.263736263736263,7.117948717948721,3.234188034188037,1.5799755799755815,-2.503052503052503,1.4871794871794854,0.0
600043.712114204,388,0.02,0.03666197136044502,0.8999999761581421,0.580320417881012,2.0,0.028364788740873337,0.6811408400535583,0.4064655005931854,0.014686808575570254,0.8920805676356149,0.5373083085374244,2.0006485084306114,0.002861066605630569,0.5918593118181139,0.3400854505226203,9.349450549450552,6.290109890109889,7.131623931623935,3.1658119658119688,1.594627594627596,-2.400488400488401,1.4871794871794854,0.0
600043.732111128,389,0.02,0.037197183817625046,0.8999999761581421,0.5887922644615173,2.0,0.02877887338399887,0.6910845041275024,0.4123992919921875,0.014686808575570254,0.8920805676356149,0.54531929503319,2.0006485084306114,0.003242542153047978,0.6006332494087143,0.34618905928129884,9.375824175824178,6.316483516483515,7.131623931623935,3.1384615384615415,1.599511599511601,-2.424908424908425,1.4725274725274708,0.0
600043.75210439,390,0.02,0.03773239254951477,0.8999999761581421,0.5972640514373779,2.0,0.029192958027124405,0.7010281682014465,0.41833311319351196,0.014686808575570254,0.8920805676356149,0.5529488059815382,2.0006485084306114,0.0036240177004653873,0.6136034180209062,0.3526741435873948,9.349450549450552,6.316483516483515,7.350427350427353,3.0974358974359006,1.6141636141636155,-2.507936507936508,1.4481074481074465,0.0
600043.772111493,391,0.02,0.03799999877810478,0.8999999761581421,0.6014999747276306,2.0,0.029400000348687172,0.7059999704360962,0.4212999939918518,0.01583123521782248,0.8920805676356149,0.5613412680247212,2.0006485084306114,0.0040054932478827965,0.6242847333485937,0.3576333257038211,9.085714285714289,6.342857142857142,7.090598290598294,3.0290598290598325,1.6288156288156301,-2.498168498168498,1.4774114774114757,0.0
600043.79211008,392,0.02,0.03799999877810478,0.8999999761581421,0.6014999747276306,2.0,0.029400000348687172,0.7059999704360962,0.4212999939918518,0.01697566186007471,0.8920805676356149,0.5697337300679042,2.0006485084306114,0.0040054932478827965,0.635728999771116,0.36221103227283,9.138461538461542,6.342857142857142,7.063247863247867,2.974358974358978,1.6630036630036642,-2.5225885225885225,1.4871794871794854,0.0
600043.812111677,393,0.02,0.03799999877810478,0.8999999761581421,0.6014999747276306,2.0,0.029400000348687172,0.7059999704360962,0.4212999939918518,0.017357137407492118,0.8920805676356149,0.5785076676585046,2.0006485084306114,0.004386968795300206,0.6483176928358905,0.36793316548409116,9.21758241758242,6.369230769230768,7.008547008547012,2.933333333333337,1.6630036630036642,-2.5958485958485955,1.4432234432234416,0.0
600043.832116784,394,0.02,0.03799999877810478,0.8999999761581421,0.6014999747276306,2.0,0.029400000348687172,0.7059999704360962,0.4212999939918518,0.017357137407492118,0.8920805676356149,0.585374227512018,2.0006485084306114,0.004386968795300206,0.6582360570687431,0.37518120088502194,9.112087912087915,6.395604395604394,6.940170940170944,2.8786324786324826,1.6776556776556788,-2.581196581196581,1.3455433455433443,0.0
600043.852104274,395,0.02,0.03799999877810478,0.8999999761581421,0.6014999747276306,2.0,0.029400000348687172,0.7059999704360962,0.4212999939918518,0.018883039597161755,0.8920805676356149,0.5899519340810269,2.0006485084306114,0.004768444342717615,0.6654840924696739,0.3816662851911179,8.742857142857147,6.395604395604394,6.680341880341885,2.8102564102564145,1.6923076923076934,-2.6056166056166052,1.2918192918192908,0.0
600043.872105854,396,0.02,0.03799999877810478,0.8999999761581421,0.6014999747276306,2.0,0.029400000348687172,0.7059999704360962,0.4212999939918518,0.020027466239413982,0.8920805676356149,0.5926222629129487,2.0006485084306114,0.004768444342717615,0.671206225680935,0.3850995651178746,8.821978021978026,6.369230769230768,6.4068376068376125,2.796581196581201,1.6923076923076934,-2.6593406593406597,1.3064713064713054,0.0
600043.892114941,397,0.02,0.03799999877810478,0.8999999761581421,0.6014999747276306,2.0,0.029400000348687172,0.7059999704360962,0.4212999939918518,0.02040894178683139,0.8920805676356149,0.5949111161974532,2.0006485084306114,0.005531395437552433,0.6715877012283524,0.3870069428549616,8.7956043956044,6.395604395604394,6.242735042735049,2.75555555555556,1.6874236874236885,-2.498168498168498,1.3357753357753346,0.0
600043.912105021,398,0.02,0.03799999877810478,0.8999999761581421,0.6014999747276306,2.0,0.029400000348687172,0.7059999704360962,0.4212999939918518,0.02193484397650103,0.8920805676356149,0.595674067292288,2.0006485084306114,0.005912870984969842,0.6719691767757698,0.38853284504463126,8.399999999999991,6.369230769230768,6.4068376068376125,2.7282051282051327,1.7020757020757031,-2.4932844932844933,1.2918192918192908,0.0
600043.932115181,399,0.02,0.03799999877810478,0.8999999761581421,0.6014999747276306,2.0,0.029400000348687172,0.7059999704360962,0.4212999939918518,0.022697795071335847,0.8920805676356149,0.595674067292288,2.0006485084306114,0.006294346532387252,0.6723506523231872,0.3896772716868835,8.637362637362642,6.395604395604394,6.28376068376069,2.687179487179492,1.706959706959708,-2.4835164835164836,1.3064713064713054,0.0
600043.952166322,400,0.02,0.03799999877810478,0.8999999761581421,0.6014999747276306,2.0,0.029400000348687172,0.7059999704360962,0.4212999939918518,0.022697795071335847,0.8920805676356149,0.595674067292288,2.0006485084306114,0.007438773174639479,0.6723506523231872,0.3896772716868835,8.663736263736268,6.395604395604394,6.256410256410263,2.7008547008547055,1.6776556776556788,-2.4884004884004884,1.3113553113553102,0.0
600043.972105391,401,0.02,0.03799999877810478,0.8999999761581421,0.6014999747276306,2.0,0.029400000348687172,0.7059999704360962,0.4212999939918518,0.022697795071335847,0.8920805676356149,0.595674067292288,2.0006485084306114,0.008201724269474298,0.6727321278706047,0.3900587472343009,8.663736263736268,6.395604395604394,6.256410256410263,2.673504273504278,1.672771672771674,-2.4835164835164836,1.3064713064713054,0.0
600043.992113772,402,0.02,0.03799999877810478,0.8999999761581421,0.6014999747276306,2.0,0.029400000348687172,0.7059999704360962,0.4212999939918518,0.022697795071335847,0.8920805676356149,0.595674067292288,2.0006485084306114,0.008964675364309116,0.6734950789654395,0.3900587472343009,8.637362637362642,6.395604395604394,6.256410256410263,2.6598290598290646,1.667887667887669,-2.5128205128205128,1.3015873015873005,0.0
600044.01217813,403,0.02,0.03799999877810478,0.8999999761581421,0.6014999747276306,2.0,0.029400000348687172,0.7059999704360962,0.4212999939918518,0.022697795071335847,0.8920805676356149,0.595674067292288,2.0006485084306114,0.009346150911726525,0.6742580300602743,0.3900587472343009,8.610989010989016,6.369230769230768,6.256410256410263,2.6598290598290646,1.6874236874236885,-2.5128205128205128,1.3113553113553102,0.0
600044.032126955,404,0.02,0.03799999877810478,0.8999999761581421,0.6014999747276306,2.0,0.029400000348687172,0.7059999704360962,0.4212999939918518,0.022697795071335847,0.8920805676356149,0.595674067292288,2.0006485084306114,0.009346150911726525,0.6754024567025265,0.3900587472343009,8.637362637362642,6.369230769230768,6.242735042735049,2.6598290598290646,1.6923076923076934,-2.5323565323565322,1.3064713064713054,0.0
600044.052074754,405,0.02,0.03799999877810478,0.8999999761581421,0.6014999747276306,2.0,0.029400000348687172,0.7059999704360962,0.4212999939918518,0.022697795071335847,0.8920805676356149,0.595674067292288,2.0006485084306114,0.009346150911726525,0.6765468833447787,0.3900587472343009,8.637362637362642,6.369230769230768,6.256410256410263,2.673504273504278,1.7020757020757031,-2.542124542124542,1.3162393162393151,0.0
600044.072110598,406,0.02,0.03799999877810478,0.8976019024848938,0.6014999747276306,1.9950206279754639,0.029400000348687172,0.7059999704360962,0.4212999939918518,0.022697795071335847,0.8920805676356149,0.595674067292288,2.000267032883194,0.009346150911726525,0.6773098344396136,0.3896772716868835,8.610989010989016,6.369230769230768,6.256410256410263,2.687179487179492,1.6923076923076934,-2.5518925518925517,1.3113553113553102,0.0
600044.092111801,407,0.02,0.03799999877810478,0.8928057551383972,0.6014999747276306,1.9850620031356812,0.029400000348687172,0.7059999704360962,0.4212999939918518,0.022697795071335847,0.8920805676356149,0.595674067292288,2.000267032883194,0.009346150911726525,0.677691309987031,0.3896772716868835,8.637362637362642,6.369230769230768,6.256410256410263,2.673504273504278,1.6971916971916983,-2.537240537240537,1.3162393162393151,0.0
600044.11211293,408,0.02,0.03799999877810478,0.8880096077919006,0.6014999747276306,1.9751033782958984,0.029400000348687172,0.7059999704360962,0.4212999939918518,0.022697795071335847,0.8920805676356149,0.595674067292288,2.000267032883194,0.009346150911726525,0.6780727855344484,0.3896772716868835,8.637362637362642,6.263736263736263,6.270085470085476,2.4820512820512803,1.6971916971916983,-2.537240537240537,1.32112332112332,0.0
600044.132145938,409,0.02,0.03799999877810478,0.883213460445404,0.6014999747276306,1.9651447534561157,0.029400000348687172,0.7059999704360962,0.4212999939918518,0.022697795071335847,0.8920805676356149,0.595674067292288,2.000267032883194,0.009346150911726525,0.6780727855344484,0.3900587472343009,8.637362637362642,6.0,6.256410256410263,2.1401709401709397,1.6971916971916983,-2.542124542124542,1.3162393162393151,0.0
600044.152109799,410,0.02,0.03799999877810478,0.8784172534942627,0.6014999747276306,1.9551860094070435,0.029400000348687172,0.7059999704360962,0.4212999939918518,0.022697795071335847,0.8920805676356149,0.595674067292288,1.9987411306935243,0.009346150911726525,0.6784542610818658,0.39082169832913927,8.637362637362642,5.709890109890111,6.256410256410263,1.7572649572649581,1.6874236874236885,-2.537240537240537,1.2918192918192908,0.0
600044.172107979,411,0.02,0.03799999877810478,0.8736211061477661,0.6014999747276306,1.9452273845672607,0.029400000348687172,0.7059999704360962,0.4212999939918518,0.022697795071335847,0.8916990920881975,0.595674067292288,1.9960708018616025,0.009727626459143934,0.6784542610818658,0.3931105516136437,8.637362637362642,5.393406593406596,6.256410256410263,1.53846153846154,1.6874236874236885,-2.537240537240537,1.2380952380952372,0.0
600044.19212569,412,0.02,0.03799999877810478,0.8688249588012695,0.6014999747276306,1.935268759727478,0.029400000348687172,0.7059999704360962,0.4212999939918518,0.022697795071335847,0.8913176165407801,0.595674067292288,1.9907301441977587,0.01163500419623098,0.6784542610818658,0.3953994048981482,8.637362637362642,5.1032967032967065,6.256410256410263,1.360683760683763,1.6092796092796107,-2.537240537240537,1.2185592185592178,0.0
600044.212105208,413,0.02,0.03799999877810478,0.864028811454773,0.6014999747276306,1.9253101348876953,0.029400000348687172,0.7059999704360962,0.4212999939918518,0.022697795071335847,0.8909361409933627,0.595674067292288,1.9846265354390802,0.012397955291065799,0.6784542610818658,0.4011215381094093,8.663736263736268,4.839560439560437,6.256410256410263,1.210256410256413,1.6532356532356545,-2.537240537240537,1.1062271062271058,0.0
600044.232112943,414,0.02,0.03799999877810478,0.8592326641082764,0.6014999747276306,1.915351390838623,0.029400000348687172,0.7059999704360962,0.4212999939918518,0.022697795071335847,0.8886472877088583,0.595674067292288,1.9766155489433146,0.012779430838483208,0.6788357366292832,0.40608072022583563,8.637362637362642,4.918681318681315,6.270085470085476,1.141880341880345,1.672771672771674,-2.547008547008547,1.0720390720390718,0.0
600044.252114714,415,0.02,0.03799999877810478,0.8544365167617798,0.6014999747276306,1.9053927659988403,0.029400000348687172,0.7059999704360962,0.4212999939918518,0.022697795071335847,0.8848325322346842,0.595674067292288,1.9682230869001316,0.013542381933318026,0.6792172121767006,0.41180285343709677,8.637362637362642,4.997802197802194,6.270085470085476,1.1555555555555586,1.6630036630036642,-2.5274725274725274,1.0231990231990231,0.0
600044.272112797,416,0.02,0.03799999877810478,0.8496403694152832,0.6014999747276306,1.8954341411590576,0.029400000348687172,0.7059999704360962,0.4212999939918518,0.023079270618753256,0.8783474479285882,0.595674067292288,1.9586861982146964,0.015068284122987663,0.6792172121767006,0.4159990844586883,8.610989010989016,5.393406593406596,6.28376068376069,1.2786324786324812,1.6385836385836399,-2.507936507936508,1.0231990231990231,0.0
600044.292111394,417,0.02,0.03799999877810478,0.8448442220687866,0.6014999747276306,1.885475516319275,0.029400000348687172,0.7059999704360962,0.4212999939918518,0.023842221713588074,0.8703364614328226,0.595674067292288,1.9483863584344228,0.019645990691996573,0.6788357366292832,0.41905088883802755,8.479120879120885,5.815384615384616,6.28376068376069,1.4427350427350447,1.5360195360195341,-2.4932844932844933,1.0427350427350426,0.0
600044.31212171,418,0.02,0.03799999877810478,0.84004807472229,0.6014999747276306,1.8755167722702026,0.029400000348687172,0.7059999704360962,0.4212999939918518,0.02536812390325771,0.8619439993896396,0.595674067292288,1.9361791409170657,0.02193484397650103,0.6788357366292832,0.41943236438544496,8.452747252747258,6.131868131868131,6.256410256410263,1.7846153846153854,1.6043956043956058,-2.473748473748474,1.1111111111111107,0.0
600044.332109598,419,0.02,0.03799999877810478,0.8352519273757935,0.6014999747276306,1.86555814743042,0.029400000348687172,0.7059999704360962,0.4212999939918518,0.02574959945067512,0.853933012893874,0.595674067292288,1.9239719233997086,0.024986648355840302,0.6788357366292832,0.41981383993286236,8.531868131868137,6.316483516483515,6.242735042735049,1.9350427350427353,1.5799755799755815,-2.4395604395604398,1.1599511599511594,0.0
600044.352106903,420,0.02,0.03799999877810478,0.8304557800292969,0.6014999747276306,1.8555995225906372,0.029400000348687172,0.7059999704360962,0.4212999939918518,0.02574959945067512,0.8466849774929432,0.595674067292288,1.9117647058823515,0.027275501640344757,0.6784542610818658,0.41943236438544496,8.58461538461539,6.527472527472526,6.215384615384622,2.2495726495726487,1.6141636141636155,-2.4151404151404154,1.2039072039072032,0.0
600044.372367415,421,0.02,0.03799999877810478,0.8256595730781555,0.6014999747276306,1.8456408977508545,0.029400000348687172,0.7059999704360962,0.4212999939918518,0.02574959945067512,0.8401998931868473,0.595674067292288,1.8980315861753247,0.027275501640344757,0.6784542610818658,0.41943236438544496,8.610989010989016,6.448351648351647,6.215384615384622,2.536752136752135,1.6776556776556788,-2.3858363858363862,1.247863247863247,0.0
600044.392127047,422,0.02,0.03799999877810478,0.8208634257316589,0.6014999747276306,1.8356821537017822,0.029400000348687172,0.7059999704360962,0.4212999939918518,0.02574959945067512,0.8344777599755862,0.595674067292288,1.8854428931105502,0.027275501640344757,0.6784542610818658,0.41866941329061014,8.637362637362642,6.606593406593404,6.201709401709408,2.8376068376068417,1.7216117216117226,-2.3663003663003668,1.3357753357753346,0.0
600044.412183838,423,0.02,0.03799999877810478,0.8160672783851624,0.6014999747276306,1.8257235288619995,0.029400000348687172,0.7059999704360962,0.4212999939918518,0.02574959945067512,0.8291371023117424,0.595674067292288,1.8724727244983583,0.027275501640344757,0.6784542610818658,0.4171435111009405,8.742857142857147,6.71208791208791,6.1880341880341945,3.2068376068376097,1.741147741147742,-2.3369963369963367,1.4041514041514027,0.0
600044.432413287,424,0.02,0.03799999877810478,0.8112711310386658,0.6014999747276306,1.8157649040222168,0.029400000348687172,0.7059999704360962,0.4212999939918518,0.02536812390325771,0.8245593957427335,0.595674067292288,1.859121080338749,0.026894026092927348,0.6784542610818658,0.41447318226901864,8.7956043956044,6.949450549450546,6.1880341880341945,3.521367521367523,1.7655677655677664,-2.317460317460317,1.5018315018315,0.0
600044.452116734,425,0.02,0.03799999877810478,0.8064749836921692,0.6014999747276306,1.805806279182434,0.029400000348687172,0.7059999704360962,0.4212999939918518,0.02536812390325771,0.8196002136263072,0.595674067292288,1.8457694361791397,0.02651255054550994,0.6784542610818658,0.41065842679484454,8.821978021978026,7.107692307692304,6.201709401709408,3.7538461538461547,1.7851037851037859,-2.2979242979242978,1.6092796092796107,0.0
600044.472106494,426,0.02,0.03799999877810478,0.8016788363456726,0.6014999747276306,1.7958475351333618,0.029400000348687172,0.7059999704360962,0.4212999939918518,0.02536812390325771,0.8138780804150461,0.595674067292288,1.8339436942092,0.02651255054550994,0.6784542610818658,0.4056992446784182,8.874725274725279,7.239560439560435,6.215384615384622,3.9042735042735046,1.8046398046398053,-2.2735042735042734,1.7167277167277177,0.0
600044.492065808,427,0.02,0.03799999877810478,0.796882688999176,0.6014999747276306,1.785888910293579,0.029400000348687172,0.7059999704360962,0.4212999939918518,0.02536812390325771,0.8085374227512023,0.595674067292288,1.8232623788815125,0.02651255054550994,0.6784542610818658,0.4011215381094093,8.927472527472531,7.34505494505494,6.215384615384622,4.068376068376068,1.81929181929182,-2.2637362637362637,1.7997557997558005,0.0
600044.51211316,428,0.02,0.03799999877810478,0.7920865416526794,0.6014999747276306,1.7759302854537964,0.029400000348687172,0.7059999704360962,0.4212999939918518,0.02536812390325771,0.8039597161821934,0.595674067292288,1.81334401464866,0.02651255054550994,0.6784542610818658,0.3969253070878178,8.953846153846158,7.265934065934061,6.242735042735049,4.095726495726495,1.8388278388278394,-2.244200244200244,1.8681318681318686,0.0
600044.532150356,429,0.02,0.03799999877810478,0.7872903347015381,0.6014999747276306,1.7659716606140137,0.029400000348687172,0.7059999704360962,0.4212999939918518,0.02536812390325771,0.7990005340657671,0.595674067292288,1.8038071259632247,0.02536812390325771,0.6784542610818658,0.3919661249713915,9.059340659340663,7.450549450549445,6.229059829059835,4.2735042735042725,1.8730158730158735,-2.2246642246642248,1.960927960927961,0.0
600044.552115402,430,0.02,0.03799999877810478,0.7824941873550415,0.6014999747276306,1.7560129165649414,0.029400000348687172,0.7059999704360962,0.4212999939918518,0.02536812390325771,0.7948043030441756,0.595674067292288,1.7942702372777894,0.024223697261005483,0.6784542610818658,0.3912031738765567,9.085714285714289,7.424175824175819,6.215384615384622,4.314529914529913,1.8974358974358978,-2.2002442002442004,1.9413919413919416,0.0
600044.57210564,431,0.02,0.03799999877810478,0.7776980400085449,0.6014999747276306,1.7460542917251587,0.029400000348687172,0.7059999704360962,0.4212999939918518,0.02536812390325771,0.7906080720225841,0.595674067292288,1.7839703974975194,0.023842221713588074,0.6784542610818658,0.3912031738765567,9.138461538461542,7.371428571428567,6.229059829059835,4.478632478632484,1.892551892551893,-2.1953601953601956,1.9706959706959708,0.0
600044.59210988,432,0.02,0.03799999877810478,0.7729018926620483,0.6014999747276306,1.736095666885376,0.029400000348687172,0.7059999704360962,0.4212999939918518,0.02536812390325771,0.78679331654841,0.595674067292288,1.7736705577172494,0.023460746166170665,0.6784542610818658,0.3912031738765567,9.138461538461542,7.503296703296698,6.215384615384622,4.574358974358979,1.9023199023199027,-2.180708180708181,2.004884004884005,0.0
600044.612105751,433,0.02,0.03799999877810478,0.7681057453155518,0.6014999747276306,1.7261370420455933,0.029400000348687172,0.7059999704360962,0.4212999939918518,0.02536812390325771,0.7822156099794011,0.595674067292288,1.7645151445792315,0.023460746166170665,0.6784542610818658,0.3912031738765567,9.21758241758242,7.608791208791203,6.229059829059835,4.519658119658125,1.9072039072039075,-2.1611721611721615,2.034188034188034,0.0
600044.63211024,434,0.02,0.03799999877810478,0.7633095979690552,0.6014999747276306,1.716178297996521,0.029400000348687172,0.7059999704360962,0.4212999939918518,0.02536812390325771,0.7768749523155574,0.595674067292288,1.7561226825360485,0.023460746166170665,0.6784542610818658,0.3912031738765567,9.21758241758242,7.687912087912082,6.201709401709408,4.492307692307698,1.9218559218559221,-2.141636141636142,2.0537240537240535,0.0
600044.652103342,435,0.02,0.03799999877810478,0.7585134506225586,0.6014999747276306,1.7062196731567383,0.029400000348687172,0.7059999704360962,0.4212999939918518,0.02536812390325771,0.7715342946517136,0.595674067292288,1.7488746471351178,0.023842221713588074,0.6784542610818658,0.3919661249713915,9.270329670329673,7.819780219780213,6.1880341880341945,4.259829059829059,1.9316239316239319,-2.1221001221001226,2.068376068376068,0.0
600044.672155849,436,0.02,0.03799999877810478,0.753717303276062,0.6014999747276306,1.6962610483169556,0.029400000348687172,0.7059999704360962,0.4212999939918518,0.02536812390325771,0.7677195391775395,0.595674067292288,1.7423895628290218,0.023842221713588074,0.6784542610818658,0.3919661249713915,9.243956043956047,7.661538461538456,6.201709401709408,4.314529914529913,1.9462759462759465,-2.107448107448108,2.107448107448107,0.0
600044.692112048,437,0.02,0.03799999877810478,0.7489211559295654,0.6014999747276306,1.6863024234771729,0.029400000348687172,0.7059999704360962,0.4212999939918518,0.02536812390325771,0.7627603570611132,0.595674067292288,1.7339971007858388,0.023842221713588074,0.6784542610818658,0.3919661249713915,9.270329670329673,7.608791208791203,6.160683760683767,4.341880341880341,1.960927960927961,-2.073260073260074,2.141636141636141,0.0
600044.712109654,438,0.02,0.03799999877810478,0.7441250085830688,0.6014999747276306,1.6763436794281006,0.029400000348687172,0.7059999704360962,0.4212999939918518,0.02536812390325771,0.7585641260395217,0.595674067292288,1.7263675898374906,0.023842221713588074,0.6784542610818658,0.3927290760662263,9.2967032967033,7.898901098901092,6.147008547008554,4.232478632478632,1.9706959706959708,-2.0537240537240544,2.1562881562881557,0.0
600044.73210561,439,0.02,0.03799999877810478,0.7393288612365723,0.6014999747276306,1.6663850545883179,0.029400000348687172,0.7059999704360962,0.4212999939918518,0.02536812390325771,0.7547493705653476,0.595674067292288,1.7179751277943076,0.023842221713588074,0.6784542610818658,0.3931105516136437,9.323076923076925,7.582417582417577,6.147008547008554,4.205128205128204,1.9804639804639805,-2.0439560439560447,2.18070818070818,0.0
600044.752104623,440,0.02,0.03799999877810478,0.7345326542854309,0.6014999747276306,1.6564264297485352,0.029400000348687172,0.7059999704360962,0.4212999939918518,0.02536812390325771,0.7509346150911735,0.595674067292288,1.709964141298542,0.023842221713588074,0.6784542610818658,0.3931105516136437,9.323076923076925,7.582417582417577,6.119658119658119,4.341880341880341,1.9951159951159951,-2.034188034188035,2.205128205128206,0.0
600044.772118076,441,0.02,0.03799999877810478,0.7297365069389343,0.6014999747276306,1.6464678049087524,0.029400000348687172,0.7059999704360962,0.4212999939918518,0.02536812390325771,0.746738384069582,0.595674067292288,1.7011902037079416,0.023842221713588074,0.6784542610818658,0.39349202716106113,9.349450549450552,7.793406593406587,6.105982905982906,4.259829059829059,2.004884004884005,-2.004884004884005,2.2246642246642256,0.0
600044.79210536,442,0.02,0.03799999877810478,0.7249403595924377,0.6014999747276306,1.6365091800689697,0.029400000348687172,0.7059999704360962,0.4212999939918518,0.02536812390325771,0.7425421530479905,0.595674067292288,1.6924162661173412,0.023842221713588074,0.6784542610818658,0.39463645380331336,9.349450549450552,7.767032967032961,6.092307692307692,4.218803418803418,2.0097680097680097,-1.9902319902319903,2.214896214896216,0.0
600044.812109407,443,0.02,0.03799999877810478,0.7201442122459412,0.6014999747276306,1.6265504360198975,0.029400000348687172,0.7059999704360962,0.4212999939918518,0.02536812390325771,0.7379644464789816,0.595674067292288,1.682879377431906,0.023842221713588074,0.6784542610818658,0.39806973373007004,9.375824175824178,7.7406593406593345,6.078632478632478,4.3008547008547,2.0244200244200243,-1.9706959706959708,2.175824175824175,0.0
600044.832103052,444,0.02,0.03799999877810478,0.7153480648994446,0.6014999747276306,1.6165918111801147,0.029400000348687172,0.7059999704360962,0.4212999939918518,0.02536812390325771,0.7326237888151379,0.595674067292288,1.6733424887464707,0.024223697261005483,0.6784542610818658,0.4007400625619919,9.402197802197804,7.898901098901092,6.064957264957265,4.505982905982911,2.034188034188034,-1.9511599511599513,2.1953601953601964,0.0
600044.852116485,445,0.02,0.03799999877810478,0.710551917552948,0.6014999747276306,1.606633186340332,0.029400000348687172,0.7059999704360962,0.4212999939918518,0.02536812390325771,0.728046082246129,0.595674067292288,1.6630426489662007,0.024605172808422893,0.6784542610818658,0.40226596475166154,9.42857142857143,7.925274725274718,6.051282051282051,4.5333333333333385,2.034188034188034,-1.9218559218559221,2.2246642246642256,0.0
600044.872108545,446,0.02,0.03799999877810478,0.7057557702064514,0.6014999747276306,1.5966744422912598,0.029400000348687172,0.7059999704360962,0.4212999939918518,0.02536812390325771,0.7234683756771201,0.595674067292288,1.6527428091859306,0.024605172808422893,0.6784542610818658,0.40302891584649636,9.42857142857143,7.819780219780213,6.023931623931624,4.697435897435902,2.0537240537240535,-1.892551892551893,2.24908424908425,0.0
600044.892120992,447,0.02,0.03799999877810478,0.7009595632553101,0.6014999747276306,1.586715817451477,0.029400000348687172,0.7059999704360962,0.4212999939918518,0.02536812390325771,0.7185091935606938,0.595674067292288,1.6420614938582432,0.024605172808422893,0.6784542610818658,0.40341039139391377,9.454945054945057,7.925274725274718,5.996581196581197,4.861538461538466,2.078144078144078,-1.8632478632478637,2.288156288156289,0.0
600044.912109477,448,0.02,0.03799999877810478,0.6961634159088135,0.6014999747276306,1.5767571926116943,0.029400000348687172,0.7059999704360962,0.4212999939918518,0.02536812390325771,0.7135500114442674,0.595674067292288,1.6321431296253905,0.024605172808422893,0.6784542610818658,0.4037918669413312,9.454945054945057,8.162637362637355,5.982905982905983,4.957264957264961,2.0879120879120876,-1.8388278388278394,2.322344322344323,0.0
600044.932111377,449,0.02,0.03799999877810478,0.6913672685623169,0.6014999747276306,1.5667985677719116,0.029400000348687172,0.7059999704360962,0.4212999939918518,0.02536812390325771,0.7093537804226759,0.595674067292288,1.6206988632028683,0.024605172808422893,0.6780727855344484,0.4037918669413312,9.50769230769231,8.05714285714285,5.969230769230769,5.135042735042738,2.102564102564102,-1.814407814407815,2.3467643467643473,0.0
600044.952110298,450,0.02,0.03799999877810478,0.6865711212158203,0.6014999747276306,1.556839942932129,0.029400000348687172,0.7059999704360962,0.4212999939918518,0.02536812390325771,0.704776073853667,0.595674067292288,1.6100175478751808,0.024605172808422893,0.6780727855344484,0.4037918669413312,9.534065934065936,8.004395604395597,5.941880341880342,5.244444444444447,2.112332112332112,-1.7899877899877907,2.3809523809523814,0.0
600044.972117424,451,0.02,0.03799999877810478,0.6817749738693237,0.6014999747276306,1.5468811988830566,0.029400000348687172,0.7059999704360962,0.4212999939918518,0.02536812390325771,0.7001983672846581,0.595674067292288,1.5993362325474934,0.024605172808422893,0.6784542610818658,0.4037918669413312,9.534065934065936,8.189010989010981,5.9282051282051285,5.258119658119661,2.1221001221001217,-1.7655677655677664,2.4200244200244203,0.0
600044.992111049,452,0.02,0.03799999877810478,0.6769788265228271,0.6014999747276306,1.536922574043274,0.029400000348687172,0.7059999704360962,0.4212999939918518,0.02536812390325771,0.6948577096208144,0.595674067292288,1.5901808194094755,0.024223697261005483,0.6784542610818658,0.40341039139391377,9.586813186813188,8.320879120879113,5.9282051282051285,5.285470085470088,2.141636141636141,-1.741147741147742,2.4493284493284495,0.0
600045.012115596,453,0.02,0.03799999877810478,0.6721826791763306,0.6014999747276306,1.5269639492034912,0.029400000348687172,0.7059999704360962,0.4212999939918518,0.02536812390325771,0.6895170519569707,0.595674067292288,1.580262455176623,0.024223697261005483,0.6780727855344484,0.40341039139391377,9.560439560439562,8.479120879120885,5.900854700854701,5.36752136752137,2.146520146520146,-1.7069597069597062,2.4786324786324787,0.0
600045.032444527,454,0.02,0.03799999877810478,0.667386531829834,0.6014999747276306,1.517005205154419,0.029400000348687172,0.7059999704360962,0.4212999939918518,0.02536812390325771,0.6834134431982921,0.595674067292288,1.5699626153963528,0.024223697261005483,0.6780727855344484,0.40302891584649636,9.586813186813188,8.610989010989016,5.85982905982906,5.4495726495726515,2.1611721611721606,-1.677655677655677,2.507936507936508,0.0
600045.052119118,455,0.02,0.03799999877810478,0.6625903844833374,0.6014999747276306,1.5070465803146362,0.029400000348687172,0.7059999704360962,0.4212999939918518,0.02536812390325771,0.6780727855344484,0.595674067292288,1.5592813000686654,0.024223697261005483,0.677691309987031,0.40341039139391377,9.613186813186815,8.58461538461539,5.832478632478633,5.600000000000001,2.1660561660561655,-1.638583638583638,2.5323565323565322,0.0
600045.072118284,456,0.02,0.03799999877810478,0.6577942371368408,0.6014999747276306,1.4970879554748535,0.029400000348687172,0.7059999704360962,0.4212999939918518,0.02536812390325771,0.6734950789654395,0.595674067292288,1.5489814602883953,0.024605172808422893,0.677691309987031,0.4037918669413312,9.613186813186815,8.426373626373618,5.805128205128206,5.682051282051283,2.175824175824175,-1.6190476190476186,2.5616605616605614,0.0
600045.092106112,457,0.02,0.03799999877810478,0.6529980897903442,0.6014999747276306,1.4871292114257812,0.029400000348687172,0.7059999704360962,0.4212999939918518,0.02536812390325771,0.6696803234912654,0.595674067292288,1.5386816205081253,0.024605172808422893,0.677691309987031,0.4037918669413312,9.63956043956044,8.531868131868137,5.764102564102565,5.791452991452992,2.185592185592185,-1.5946275946275943,2.5909645909645906,0.0
600045.112114959,458,0.02,0.03799999877810478,0.6482019424438477,0.6014999747276306,1.4771705865859985,0.029400000348687172,0.7059999704360962,0.4212999939918518,0.02536812390325771,0.6658655680170913,0.595674067292288,1.5295262073701075,0.024223697261005483,0.677691309987031,0.40341039139391377,9.63956043956044,8.373626373626365,5.723076923076924,5.846153846153847,2.1953601953601964,-1.57020757020757,2.6251526251526247,0.0
600045.132116298,459,0.02,0.03799999877810478,0.6434057950973511,0.6014999747276306,1.4672119617462158,0.029400000348687172,0.7059999704360962,0.4212999939918518,0.02536812390325771,0.6612878614480824,0.595674067292288,1.5203707942320897,0.024223697261005483,0.677691309987031,0.40341039139391377,9.665934065934067,8.558241758241763,5.70940170940171,5.736752136752138,2.205128205128206,-1.5457875457875456,2.649572649572649,0.0
600045.152107942,460,0.02,0.03799999877810478,0.6386096477508545,0.6014999747276306,1.457253336906433,0.029400000348687172,0.7059999704360962,0.4212999939918518,0.02536812390325771,0.6563286793316561,0.595674067292288,1.512359807736324,0.024223697261005483,0.677691309987031,0.40302891584649636,9.665934065934067,8.58461538461539,5.682051282051283,5.682051282051283,2.214896214896216,-1.5115995115995116,2.6642246642246636,0.0
600045.172127063,461,0.02,0.03799999877810478,0.6338134407997131,0.6014999747276306,1.4472947120666504,0.029400000348687172,0.7059999704360962,0.4212999939918518,0.02536812390325771,0.6513694972152297,0.595674067292288,1.5032043945983062,0.024223697261005483,0.677691309987031,0.40341039139391377,9.665934065934067,8.479120879120885,5.6683760683760696,5.600000000000001,2.2197802197802208,-1.4871794871794872,2.688644688644688,0.0
600045.192105041,462,0.02,0.03799999877810478,0.6290172934532166,0.6014999747276306,1.4373359680175781,0.029400000348687172,0.7059999704360962,0.4212999939918518,0.02536812390325771,0.6464103150988034,0.595674067292288,1.4948119325551232,0.024223697261005483,0.677691309987031,0.4037918669413312,9.665934065934067,8.610989010989016,5.641025641025642,5.85982905982906,2.2246642246642256,-1.462759462759463,2.7130647130647123,0.0
600045.212119162,463,0.02,0.03799999877810478,0.6242210865020752,0.6014999747276306,1.4273773431777954,0.029400000348687172,0.7059999704360962,0.4212999939918518,0.02536812390325771,0.6414511329823771,0.595674067292288,1.4856565194171054,0.024223697261005483,0.677691309987031,0.4049362935835834,9.692307692307693,8.716483516483521,5.613675213675215,5.764102564102565,2.2295482295482305,-1.4334554334554337,2.7032967032967026,0.0
600045.232116708,464,0.02,0.03799999877810478,0.6194249987602234,0.6014999747276306,1.4174187183380127,0.029400000348687172,0.7059999704360962,0.4212999939918518,0.02536812390325771,0.6372549019607856,0.595674067292288,1.4757381551842528,0.024605172808422893,0.6773098344396136,0.40646219577325304,9.692307692307693,8.690109890109895,5.5589743589743605,6.01025641025641,2.2393162393162402,-1.3992673992673978,2.6984126984126977,0.0
600045.252147695,465,0.02,0.03799999877810478,0.6146288514137268,0.6014999747276306,1.40746009349823,0.029400000348687172,0.7059999704360962,0.4212999939918518,0.02574959945067512,0.6330586709391941,0.595674067292288,1.466582742046235,0.024605172808422893,0.6773098344396136,0.40760662241550527,9.665934065934067,8.531868131868137,5.545299145299147,5.914529914529915,2.2393162393162402,-1.3797313797313784,2.7326007326007318,0.0
600045.272116862,466,0.02,0.03799999877810478,0.6098326444625854,0.6014999747276306,1.3975014686584473,0.029400000348687172,0.7059999704360962,0.4212999939918518,0.02574959945067512,0.6296253910124374,0.595674067292288,1.4566643778133823,0.024605172808422893,0.6773098344396136,0.4083695735103401,9.692307692307693,8.426373626373618,5.504273504273506,5.805128205128206,2.244200244200245,-1.3504273504273492,2.7423687423687415,0.0
600045.292106461,467,0.02,0.03799999877810478,0.6050364971160889,0.6014999747276306,1.387542724609375,0.029400000348687172,0.7059999704360962,0.4212999939918518,0.02574959945067512,0.6250476844434285,0.595674067292288,1.4482719157701993,0.024986648355840302,0.677691309987031,0.4083695735103401,9.71868131868132,8.637362637362642,5.490598290598292,5.6683760683760696,2.253968253968255,-1.3308913308913297,2.7863247863247853,0.0
600045.312106127,468,0.02,0.03799999877810478,0.6002403497695923,0.6014999747276306,1.3775839805603027,0.029400000348687172,0.7059999704360962,0.4212999939918518,0.02574959945067512,0.620851453421837,0.595674067292288,1.4402609292744337,0.024986648355840302,0.677691309987031,0.4079880979629227,9.665934065934067,8.610989010989016,5.463247863247865,5.791452991452992,2.2637362637362646,-1.2967032967032956,2.8107448107448096,0.0
600045.332062896,469,0.02,0.03799999877810478,0.5954442024230957,0.6014999747276306,1.3676254749298096,0.029400000348687172,0.7059999704360962,0.4212999939918518,0.02574959945067512,0.6158922713054107,0.595674067292288,1.431105516136416,0.024605172808422893,0.677691309987031,0.4079880979629227,9.71868131868132,8.610989010989016,5.435897435897438,5.914529914529915,2.2686202686202694,-1.2722832722832713,2.825396825396826,0.0
600045.3521349,470,0.02,0.03799999877810478,0.5906480550765991,0.6014999747276306,1.3576667308807373,0.029400000348687172,0.7059999704360962,0.4212999939918518,0.02574959945067512,0.6116960402838192,0.595674067292288,1.4215686274509807,0.024986648355840302,0.677691309987031,0.4083695735103401,9.71868131868132,8.610989010989016,5.394871794871797,5.873504273504274,2.253968253968255,-1.247863247863247,2.825396825396826,0.0
600045.372053893,471,0.02,0.03799999877810478,0.5858519077301025,0.6014999747276306,1.3477081060409546,0.029400000348687172,0.7059999704360962,0.4212999939918518,0.02574959945067512,0.6071183337148103,0.595674067292288,1.411650263218128,0.02536812390325771,0.6773098344396136,0.4083695735103401,9.692307692307693,8.50549450549451,5.381196581196583,5.955555555555556,2.2588522588522597,-1.2234432234432226,2.8498168498168504,0.0
600045.392108226,472,0.02,0.03799999877810478,0.581055760383606,0.6014999747276306,1.3377494812011719,0.029400000348687172,0.7059999704360962,0.4212999939918518,0.02613107499809253,0.6025406271458014,0.595674067292288,1.401350423437858,0.02613107499809253,0.6773098344396136,0.4087510490577575,9.613186813186815,8.58461538461539,5.3401709401709425,5.9282051282051285,2.24908424908425,-1.1892551892551886,2.8742368742368747,0.0
600045.412111118,473,0.02,0.03799999877810478,0.5762596130371094,0.6014999747276306,1.3277908563613892,0.029400000348687172,0.7059999704360962,0.4212999939918518,0.026894026092927348,0.597581445029375,0.595674067292288,1.3902876325627531,0.02651255054550994,0.6773098344396136,0.4095140001525923,9.42857142857143,8.716483516483521,5.299145299145302,6.078632478632478,2.253968253968255,-1.1648351648351642,2.8742368742368747,0.0
600045.432110261,474,0.02,0.03799999877810478,0.5714634656906128,0.6014999747276306,1.3178322315216064,0.029400000348687172,0.7059999704360962,0.4212999939918518,0.027656977187762166,0.5930037384603661,0.595674067292288,1.379987792782483,0.02651255054550994,0.6773098344396136,0.41027695124742714,9.560439560439562,8.663736263736268,5.271794871794874,6.256410256410263,2.2637362637362646,-1.135531135531135,2.8888888888888893,0.0
600045.452200077,475,0.02,0.03799999877810478,0.5666673183441162,0.6014999747276306,1.3078734874725342,0.029400000348687172,0.7059999704360962,0.4212999939918518,0.027656977187762166,0.5888075074387746,0.595674067292288,1.369687953002213,0.026894026092927348,0.6773098344396136,0.41142137788967936,9.613186813186815,8.637362637362642,5.21709401709402,6.242735042735049,2.278388278388279,-1.1062271062271058,2.903540903540904,0.0
600045.472112941,476,0.02,0.03799999877810478,0.5618711709976196,0.6014999747276306,1.297914743423462,0.029400000348687172,0.7059999704360962,0.4212999939918518,0.027656977187762166,0.5838483253223483,0.595674067292288,1.3597695887693604,0.02651255054550994,0.6773098344396136,0.41103990234226195,9.586813186813188,8.716483516483521,5.176068376068379,6.379487179487185,2.278388278388279,-1.067155067155067,2.932844932844933,0.0
600045.492106706,477,0.02,0.03799999877810478,0.557075023651123,0.6014999747276306,1.2879562377929688,0.029400000348687172,0.7059999704360962,0.4212999939918518,0.027656977187762166,0.578889143205922,0.595674067292288,1.35099565117876,0.02651255054550994,0.6773098344396136,0.41142137788967936,9.613186813186815,8.742857142857147,5.162393162393165,6.324786324786331,2.278388278388279,-1.0378510378510377,2.9523809523809526,0.0
600045.512124213,478,0.02,0.03799999877810478,0.5522788763046265,0.6014999747276306,1.2779974937438965,0.029400000348687172,0.7059999704360962,0.4212999939918518,0.027656977187762166,0.5743114366369131,0.595674067292288,1.3403143358510725,0.02651255054550994,0.6773098344396136,0.41180285343709677,9.586813186813188,8.531868131868137,5.107692307692311,6.420512820512826,2.2735042735042743,-1.0036630036630036,2.9572649572649574,0.0
600045.532122601,479,0.02,0.03799999877810478,0.5474826693534851,0.6014999747276306,1.2680388689041138,0.029400000348687172,0.7059999704360962,0.4212999939918518,0.027656977187762166,0.5697337300679042,0.595674067292288,1.3300144960708025,0.02651255054550994,0.6773098344396136,0.4125658045319316,9.586813186813188,8.769230769230774,5.080341880341884,6.598290598290603,2.283272283272284,-0.9743589743589745,2.976800976800977,0.0
600045.5524691,480,0.02,0.03799999877810478,0.5426865220069885,0.6014999747276306,1.258080244064331,0.029400000348687172,0.7059999704360962,0.4212999939918518,0.027656977187762166,0.5647745479514779,0.595674067292288,1.3197146562905324,0.026894026092927348,0.6773098344396136,0.4137102311741838,9.560439560439562,8.769230769230774,5.039316239316243,6.5162393162393215,2.283272283272284,-0.9450549450549453,2.967032967032967,0.0
600045.572113113,481,0.02,0.03799999877810478,0.5378903746604919,0.6014999747276306,1.2481215000152588,0.029400000348687172,0.7059999704360962,0.4212999939918518,0.027656977187762166,0.560196841382469,0.595674067292288,1.309033340962845,0.026894026092927348,0.6773098344396136,0.41523613336385345,9.560439560439562,8.742857142857147,4.984615384615388,6.598290598290603,2.278388278388279,-0.915750915750916,2.9621489621489623,0.0
600045.592109454,482,0.02,0.03799999877810478,0.5330942273139954,0.6014999747276306,1.2381629943847656,0.029400000348687172,0.7059999704360962,0.4212999939918518,0.027656977187762166,0.5548561837186252,0.595674067292288,1.2994964522774097,0.026894026092927348,0.6773098344396136,0.41561760891127086,9.560439560439562,8.742857142857147,4.957264957264961,6.475213675213681,2.288156288156289,-0.881562881562882,3.006105006105006,0.0
600045.612119841,483,0.02,0.03799999877810478,0.5282980799674988,0.6014999747276306,1.2282042503356934,0.029400000348687172,0.7059999704360962,0.4212999939918518,0.027656977187762166,0.5498970016021989,0.595674067292288,1.2907225146868093,0.026894026092927348,0.6769283588921962,0.41523613336385345,9.560439560439562,8.821978021978026,4.91623931623932,6.352136752136758,2.2930402930402938,-0.8522588522588528,3.04029304029304,0.0
600045.632102191,484,0.02,0.03799999877810478,0.5235018730163574,0.6014999747276306,1.218245506286621,0.029400000348687172,0.7059999704360962,0.4212999939918518,0.027656977187762166,0.5449378194857726,0.595674067292288,1.2823300526436263,0.026894026092927348,0.6769283588921962,0.41523613336385345,9.586813186813188,8.848351648351652,4.875213675213679,6.543589743589749,2.2930402930402938,-0.8180708180708187,3.045177045177045,0.0
600045.652106464,485,0.02,0.03799999877810478,0.5187057256698608,0.6014999747276306,1.208287000656128,0.029400000348687172,0.7059999704360962,0.4212999939918518,0.027656977187762166,0.5403601129167637,0.595674067292288,1.272793163958191,0.026894026092927348,0.6769283588921962,0.41523613336385345,9.534065934065936,8.769230769230774,4.820512820512825,6.529914529914535,2.288156288156289,-0.7887667887667895,3.0549450549450547,0.0
600045.672114067,486,0.02,0.03799999877810478,0.5139095783233643,0.6014999747276306,1.1983282566070557,0.029400000348687172,0.7059999704360962,0.4212999939918518,0.027656977187762166,0.5361638818951722,0.595674067292288,1.2628747997253384,0.026894026092927348,0.6769283588921962,0.41523613336385345,9.534065934065936,8.558241758241763,4.7931623931623974,6.707692307692312,2.2930402930402938,-0.7643467643467634,3.079365079365079,0.0
600045.692111147,487,0.02,0.03799999877810478,0.5091134309768677,0.6014999747276306,1.188369631767273,0.029400000348687172,0.7059999704360962,0.4212999939918518,0.027656977187762166,0.5319676508735807,0.595674067292288,1.2525749599450684,0.026894026092927348,0.6769283588921962,0.41561760891127086,9.481318681318683,8.821978021978026,4.752136752136757,6.666666666666671,2.2979242979242986,-0.7350427350427342,3.084249084249084,0.0
600045.712110986,488,0.02,0.03799999877810478,0.5043172836303711,0.6014999747276306,1.1784110069274902,0.029400000348687172,0.7059999704360962,0.4212999939918518,0.028038452735179575,0.5273899443045718,0.595674067292288,1.2426565957122158,0.026894026092927348,0.6769283588921962,0.4163805600061057,9.50769230769231,8.663736263736268,4.711111111111116,6.680341880341885,2.283272283272284,-0.6959706959706953,3.074481074481074,0.0
600045.732123968,489,0.02,0.03799999877810478,0.4995211362838745,0.6014999747276306,1.168452262878418,0.029400000348687172,0.7059999704360962,0.4212999939918518,0.028419928282596985,0.5228122377355628,0.595674067292288,1.2327382314793631,0.026894026092927348,0.6769283588921962,0.4175249866483579,9.481318681318683,8.716483516483521,4.683760683760688,6.707692307692312,2.288156288156289,-0.6715506715506709,3.0695970695970693,0.0
600045.752112221,490,0.02,0.03799999877810478,0.49472498893737793,0.6014999747276306,1.1584937572479248,0.029400000348687172,0.7059999704360962,0.4212999939918518,0.028419928282596985,0.5178530556191365,0.595674067292288,1.2235828183413453,0.026894026092927348,0.6769283588921962,0.41866941329061014,9.454945054945057,8.690109890109895,4.629059829059834,6.4068376068376125,2.2930402930402938,-0.632478632478632,3.089133089133089,0.0
600045.772108596,491,0.02,0.03799999877810478,0.48992884159088135,0.6014999747276306,1.1485350131988525,0.029400000348687172,0.7059999704360962,0.4212999939918518,0.028419928282596985,0.5128938735027102,0.595674067292288,1.2151903562981623,0.026894026092927348,0.6769283588921962,0.41905088883802755,9.454945054945057,8.716483516483521,4.588034188034193,6.570940170940176,2.288156288156289,-0.6031746031746028,3.1037851037851034,0.0
600045.792108813,492,0.02,0.03799999877810478,0.4851326644420624,0.6014999747276306,1.1385763883590698,0.029400000348687172,0.7059999704360962,0.4212999939918518,0.028419928282596985,0.5079346913862839,0.595674067292288,1.2067978942549793,0.026894026092927348,0.6769283588921962,0.4201953154802798,9.454945054945057,8.637362637362642,4.547008547008552,6.570940170940176,2.283272283272284,-0.5689865689865687,3.089133089133089,0.0
600045.812111153,493,0.02,0.03799999877810478,0.4803365468978882,0.6014999747276306,1.128617763519287,0.029400000348687172,0.7059999704360962,0.4212999939918518,0.028038452735179575,0.5029755092698576,0.595674067292288,1.1976424811169615,0.026894026092927348,0.6765468833447787,0.4217212176699494,9.454945054945057,8.637362637362642,4.492307692307698,6.721367521367526,2.283272283272284,-0.5396825396825395,3.074481074481074,0.0
600045.832104615,494,0.02,0.03799999877810478,0.4755403697490692,0.6014999747276306,1.1186590194702148,0.029400000348687172,0.7059999704360962,0.4212999939918518,0.028038452735179575,0.49877927824826607,0.595674067292288,1.186961165789274,0.027275501640344757,0.6765468833447787,0.42286564431220164,9.402197802197804,8.690109890109895,4.478632478632484,6.680341880341885,2.278388278388279,-0.5103785103785103,3.0989010989010985,0.0
600045.852066168,495,0.02,0.03799999877810478,0.47074422240257263,0.6014999747276306,1.1087003946304321,0.029400000348687172,0.7059999704360962,0.4212999939918518,0.028038452735179575,0.494964522774092,0.595674067292288,1.1762798504615866,0.027656977187762166,0.6765468833447787,0.42401007095445387,9.42857142857143,8.452747252747258,4.4239316239316295,6.721367521367526,2.2686202686202694,-0.485958485958486,3.0940170940170937,0.0
600045.872129119,496,0.02,0.03799999877810478,0.46594807505607605,0.6014999747276306,1.0987417697906494,0.029400000348687172,0.7059999704360962,0.4212999939918518,0.028419928282596985,0.4919127183947527,0.595674067292288,1.1659800106813147,0.027275501640344757,0.6765468833447787,0.42401007095445387,9.375824175824178,8.189010989010981,4.355555555555554,6.694017094017099,2.2735042735042743,-0.45177045177045194,3.118437118437118,0.0
600045.892118212,497,0.02,0.03799999877810478,0.4611518979072571,0.6014999747276306,1.0887830257415771,0.029400000348687172,0.7059999704360962,0.4212999939918518,0.028801403830014394,0.4869535362783264,0.595674067292288,1.1564431219958795,0.027275501640344757,0.6769283588921962,0.42401007095445387,9.243956043956047,8.58461538461539,4.328205128205127,6.557264957264962,2.283272283272284,-0.4273504273504276,3.1282051282051277,0.0
600045.912102768,498,0.02,0.03799999877810478,0.4563557803630829,0.6014999747276306,1.078824520111084,0.029400000348687172,0.7059999704360962,0.4212999939918518,0.03070878156710144,0.48237582970931747,0.595674067292288,1.1472877088578617,0.027275501640344757,0.6769283588921962,0.42401007095445387,9.112087912087915,8.558241758241763,4.314529914529913,6.652991452991458,2.2735042735042743,-0.3980463980463984,3.1428571428571423,0.0
600045.932111159,499,0.02,0.03799999877810478,0.4515596330165863,0.6014999747276306,1.0688657760620117,0.029400000348687172,0.7059999704360962,0.4212999939918518,0.03070878156710144,0.47703517204547374,0.595674067292288,1.1385137712672613,0.027275501640344757,0.6769283588921962,0.42401007095445387,9.164835164835168,8.452747252747258,4.259829059829059,6.557264957264962,2.2637362637362646,-0.34920634920634974,3.147741147741147,0.0
600045.952112518,500,0.02,0.03799999877810478,0.44676345586776733,0.6014999747276306,1.058907151222229,0.029400000348687172,0.7059999704360962,0.4212999939918518,0.03070878156710144,0.47169451438163,0.595674067292288,1.128976882581826,0.027275501640344757,0.6757839322499439,0.4243915465018713,9.164835164835168,8.479120879120885,4.205128205128204,6.639316239316244,2.2588522588522597,-0.30525030525030594,3.162393162393162,0.0
600045.97221709,501,0.02,0.03799999877810478,0.44196730852127075,0.6014999747276306,1.0489485263824463,0.029400000348687172,0.7059999704360962,0.4212999939918518,0.03109025711451885,0.4663538567177863,0.5960555428397054,1.1198214694438082,0.027275501640344757,0.6738765545128569,0.4243915465018713,9.138461538461542,8.426373626373618,4.1641025641025635,6.611965811965817,2.253968253968255,-0.23199023199023294,3.1672771672771667,0.0
600045.992138617,502,0.02,0.03799999877810478,0.4371711313724518,0.6014999747276306,1.038989782333374,0.029400000348687172,0.7059999704360962,0.4212999939918518,0.03109025711451885,0.4617761501487774,0.5960555428397054,1.1099031052109556,0.027656977187762166,0.6734950789654395,0.4255359731441235,9.112087912087915,8.426373626373618,4.109401709401709,6.543589743589749,2.2344322344322354,-0.2222222222222232,3.123321123321123,0.0
600046.012115206,503,0.02,0.03799999877810478,0.4323749840259552,0.6014999747276306,1.0290311574935913,0.029400000348687172,0.7059999704360962,0.4212999939918518,0.03147173266193626,0.4583428702220207,0.5960555428397054,1.0996032654306855,0.027656977187762166,0.6731136034180221,0.42706187533379314,9.059340659340663,8.083516483516476,4.0547008547008545,6.803418803418808,2.2344322344322354,-0.2075702075702086,3.123321123321123,0.0
600046.03211015,504,0.02,0.03799999877810478,0.427578866481781,0.6014999747276306,1.0190725326538086,0.029400000348687172,0.7059999704360962,0.4212999939918518,0.03185320820935367,0.4545281147478466,0.5960555428397054,1.0877775234607459,0.027275501640344757,0.6734950789654395,0.4293507286182976,8.927472527472531,8.320879120879113,4.0,6.817094017094021,2.244200244200245,-0.18803418803418914,3.1086691086691083,0.0
600046.052112381,505,0.02,0.03799999877810478,0.42278268933296204,0.6014999747276306,1.0091137886047363,0.029400000348687172,0.7059999704360962,0.4212999939918518,0.033379110399023304,0.4499504081788377,0.5960555428397054,1.0778591592278932,0.027656977187762166,0.6746395056076917,0.4304951552605498,8.7956043956044,8.294505494505486,3.958974358974359,6.803418803418808,2.2197802197802208,-0.18315018315018428,3.113553113553113,0.0
600046.072110304,506,0.02,0.03799999877810478,0.41798654198646545,0.6014999747276306,0.9991551637649536,0.029400000348687172,0.7059999704360962,0.4212999939918518,0.033379110399023304,0.44499122606241137,0.5960555428397054,1.0679407949950406,0.027656977187762166,0.6746395056076917,0.43125810635538464,8.901098901098905,8.215384615384608,3.931623931623932,6.666666666666671,2.214896214896216,-0.12942612942612897,3.123321123321123,0.0
600046.092113626,507,0.02,0.03799999877810478,0.4131903648376465,0.6014999747276306,0.9891965389251709,0.029400000348687172,0.7059999704360962,0.4212999939918518,0.03376058594644071,0.44003204394598505,0.5960555428397054,1.059929808499275,0.027656977187762166,0.6742580300602743,0.43125810635538464,8.874725274725279,8.26813186813186,3.890598290598291,6.58461538461539,2.214896214896216,-0.0805860805860803,3.147741147741147,0.0
600046.112112482,508,0.02,0.03799999877810478,0.4083942174911499,0.6014999747276306,0.9792379140853882,0.029400000348687172,0.7059999704360962,0.4212999939918518,0.03376058594644071,0.43545433737697614,0.5960555428397054,1.0500114442664223,0.027656977187762166,0.6738765545128569,0.43125810635538464,8.848351648351652,8.162637362637355,3.8358974358974365,6.803418803418808,2.214896214896216,-0.04639804639804623,3.152625152625152,0.0
600046.132105677,509,0.02,0.03799999877810478,0.4035980701446533,0.6014999747276306,0.9692792892456055,0.029400000348687172,0.7059999704360962,0.4212999939918518,0.03414206149385812,0.4304951552605498,0.5960555428397054,1.0408560311284045,0.027656977187762166,0.6734950789654395,0.43087663080796723,8.7956043956044,8.05714285714285,3.7948717948717956,6.6256410256410305,2.2002442002442013,-0.0219780219780219,3.157509157509157,0.0
600046.15210895,510,0.02,0.03799999877810478,0.40119999647140503,0.6014999747276306,0.9642999768257141,0.029400000348687172,0.7059999704360962,0.4212999939918518,0.03414206149385812,0.4255359731441235,0.5960555428397054,1.0305561913481345,0.028038452735179575,0.6734950789654395,0.43163958190280205,8.742857142857147,8.083516483516476,3.740170940170941,6.666666666666671,2.1709401709401703,0.0073260073260073,3.1282051282051277,0.0
600046.172108795,511,0.02,0.03799999877810478,0.40119999647140503,0.6014999747276306,0.9642999768257141,0.029400000348687172,0.7059999704360962,0.4212999939918518,0.03414206149385812,0.4209582665751146,0.5960555428397054,1.019874876020447,0.028038452735179575,0.6734950789654395,0.4335469596398891,8.716483516483521,8.162637362637355,3.6854700854700866,6.77606837606838,2.18070818070818,0.04151404151404137,3.1086691086691083,0.0
600046.192129168,512,0.02,0.03799999877810478,0.40119999647140503,0.6014999747276306,0.9642999768257141,0.029400000348687172,0.7059999704360962,0.4212999939918518,0.03528648813611035,0.4167620355535231,0.5960555428397054,1.0091935606927596,0.028038452735179575,0.6738765545128569,0.43545433737697614,8.50549450549451,8.083516483516476,3.6444444444444457,6.803418803418808,2.1660561660561655,0.07081807081807057,3.113553113553113,0.0
600046.212119739,513,0.02,0.03799999877810478,0.40119999647140503,0.6014999747276306,0.9642999768257141,0.029400000348687172,0.7059999704360962,0.4212999939918518,0.03643091477836258,0.412947280079349,0.5960555428397054,0.9996566720073243,0.028038452735179575,0.6738765545128569,0.43545433737697614,8.558241758241763,8.162637362637355,3.6170940170940185,7.131623931623935,2.1562881562881557,0.10012210012209977,3.1282051282051277,0.0
600046.232108716,514,0.02,0.03799999877810478,0.40119999647140503,0.6014999747276306,0.9642999768257141,0.029400000348687172,0.7059999704360962,0.4212999939918518,0.03643091477836258,0.4087510490577575,0.5960555428397054,0.9935530632486458,0.027275501640344757,0.6738765545128569,0.43507286182955873,8.558241758241763,8.373626373626365,3.5487179487179503,7.200000000000003,2.1904761904761916,0.1245421245421241,3.1428571428571423,0.0
600046.252114462,515,0.02,0.03799999877810478,0.40119999647140503,0.6014999747276306,0.9642999768257141,0.029400000348687172,0.7059999704360962,0.4212999939918518,0.03643091477836258,0.4041733424887486,0.5960555428397054,0.9885938811322195,0.02651255054550994,0.6742580300602743,0.4327840085450543,8.531868131868137,8.901098901098905,3.5076923076923094,7.5418803418803435,2.18070818070818,0.15873015873015817,3.2161172161172153,0.0
600046.272149404,516,0.02,0.03799999877810478,0.40119999647140503,0.6014999747276306,0.9642999768257141,0.029400000348687172,0.7059999704360962,0.4212999939918518,0.03604943923094517,0.4003585870145745,0.5960555428397054,0.9847791256580454,0.02651255054550994,0.6742580300602743,0.4293507286182976,8.558241758241763,8.901098901098905,3.4666666666666686,7.747008547008548,2.1611721611721606,0.1831501831501825,3.2454212454212445,0.0
600046.292110915,517,0.02,0.03799999877810478,0.40119999647140503,0.6014999747276306,0.9642999768257141,0.029400000348687172,0.7059999704360962,0.4212999939918518,0.03604943923094517,0.39768825818265263,0.5960555428397054,0.9828717479209583,0.02613107499809253,0.6742580300602743,0.42782482642862796,8.558241758241763,8.874725274725279,3.4256410256410277,7.705982905982907,2.151404151404151,0.20757020757020683,3.2503052503052494,0.0
600046.312109823,518,0.02,0.03799999877810478,0.40119999647140503,0.6014999747276306,0.9642999768257141,0.029400000348687172,0.7059999704360962,0.4212999939918518,0.03566796368352776,0.39463645380331336,0.5960555428397054,0.9824902723735409,0.02613107499809253,0.6742580300602743,0.42362859540703646,8.531868131868137,9.112087912087915,3.3982905982906004,7.582905982905984,2.146520146520146,0.22222222222222143,3.3479853479853467,0.0
600046.332081602,519,0.02,0.03799999877810478,0.40119999647140503,0.6014999747276306,0.9642999768257141,0.029400000348687172,0.7059999704360962,0.4212999939918518,0.03528648813611035,0.3927290760662263,0.5960555428397054,0.9824902723735409,0.02574959945067512,0.6742580300602743,0.421339742122532,8.531868131868137,9.112087912087915,3.3572649572649595,7.6512820512820525,2.141636141636141,0.2417582417582409,3.3235653235653224,0.0
600046.352114312,520,0.02,0.03799999877810478,0.40119999647140503,0.6014999747276306,0.9642999768257141,0.029400000348687172,0.7059999704360962,0.4212999939918518,0.03490501258869294,0.3919661249713915,0.5960555428397054,0.9824902723735409,0.02536812390325771,0.6746395056076917,0.4201953154802798,8.531868131868137,9.032967032967036,3.3299145299145323,7.67863247863248,2.146520146520146,0.24664224664224577,3.308913308913308,0.0
600046.372105742,521,0.02,0.03799999877810478,0.40119999647140503,0.6014999747276306,0.9642999768257141,0.029400000348687172,0.7059999704360962,0.4212999939918518,0.03490501258869294,0.3919661249713915,0.5960555428397054,0.9824902723735409,0.02536812390325771,0.6754024567025265,0.41981383993286236,8.50549450549451,8.980219780219784,3.3162393162393187,7.6512820512820525,2.141636141636141,0.23199023199023117,3.299145299145298,0.0
600046.39212056,522,0.02,0.03799999877810478,0.40119999647140503,0.6014999747276306,0.9642999768257141,0.029400000348687172,0.7059999704360962,0.4212999939918518,0.03566796368352776,0.3923476005188089,0.5960555428397054,0.9824902723735409,0.024986648355840302,0.6780727855344484,0.41981383993286236,8.452747252747258,8.927472527472531,3.3162393162393187,7.664957264957266,2.1367521367521363,0.17338217338217277,3.2893772893772883,0.0
600046.412105045,523,0.02,0.03799999877810478,0.40119999647140503,0.6014999747276306,0.9642999768257141,0.029400000348687172,0.7059999704360962,0.4212999939918518,0.03604943923094517,0.3927290760662263,0.5960555428397054,0.9824902723735409,0.02536812390325771,0.679598687724118,0.4221026932173668,8.452747252747258,8.901098901098905,3.302564102564105,7.664957264957266,2.1318681318681314,0.17338217338217277,3.22100122100122,0.0
600046.432127095,524,0.02,0.03799999877810478,0.40119999647140503,0.6014999747276306,0.9642999768257141,0.029400000348687172,0.7059999704360962,0.4212999939918518,0.03643091477836258,0.3927290760662263,0.5960555428397054,0.9824902723735409,0.02651255054550994,0.6811245899137877,0.4247730220492887,8.347252747252739,8.874725274725279,3.302564102564105,7.6512820512820525,2.0879120879120876,0.17338217338217277,3.1721611721611715,0.0
600046.452105895,525,0.02,0.03799999877810478,0.40119999647140503,0.6014999747276306,0.9642999768257141,0.029400000348687172,0.7059999704360962,0.4212999939918518,0.037193865873197396,0.3931105516136437,0.5960555428397054,0.9824902723735409,0.026894026092927348,0.6815060654612051,0.43125810635538464,8.320879120879113,8.874725274725279,3.302564102564105,7.6512820512820525,2.112332112332112,0.19291819291819223,3.0598290598290596,0.0
600046.472119445,526,0.02,0.03799999877810478,0.40119999647140503,0.6014999747276306,0.9642999768257141,0.029400000348687172,0.7059999704360962,0.4212999939918518,0.037956816968032214,0.3931105516136437,0.5960555428397054,0.9824902723735409,0.027656977187762166,0.6815060654612051,0.43659876401922837,8.162637362637355,8.874725274725279,3.302564102564105,7.6512820512820525,2.0976800976800973,0.1978021978021971,3.0354090354090353,0.0
600046.492113068,527,0.02,0.03799999877810478,0.40119999647140503,0.6014999747276306,0.9642999768257141,0.029400000348687172,0.7059999704360962,0.4212999939918518,0.03871976806286703,0.3931105516136437,0.5960555428397054,0.9824902723735409,0.028801403830014394,0.6815060654612051,0.4388876173037328,8.320879120879113,8.874725274725279,3.3162393162393187,7.67863247863248,2.068376068376068,0.2124542124542117,3.074481074481074,0.0
600046.512117896,528,0.02,0.03799999877810478,0.40119999647140503,0.6014999747276306,0.9642999768257141,0.029400000348687172,0.7059999704360962,0.4212999939918518,0.03871976806286703,0.39349202716106113,0.5960555428397054,0.9824902723735409,0.03185320820935367,0.6815060654612051,0.43965056839856764,8.294505494505486,8.769230769230774,3.2888888888888914,7.664957264957266,2.029304029304029,0.20757020757020683,3.074481074481074,0.0
600046.532157284,529,0.02,0.03799999877810478,0.40119999647140503,0.6014999747276306,0.9642999768257141,0.029400000348687172,0.7059999704360962,0.4212999939918518,0.03910124361028444,0.39425497825589595,0.5960555428397054,0.9824902723735409,0.032997634851605895,0.6815060654612051,0.44079499504081987,8.294505494505486,8.663736263736268,3.302564102564105,7.6512820512820525,2.039072039072039,0.20757020757020683,3.0647130647130645,0.0
600046.552326655,530,0.02,0.03799999877810478,0.40119999647140503,0.6014999747276306,0.9642999768257141,0.029400000348687172,0.7059999704360962,0.4212999939918518,0.03910124361028444,0.39501792935073077,0.5960555428397054,0.9824902723735409,0.03376058594644071,0.6815060654612051,0.4411764705882373,8.294505494505486,8.716483516483521,3.302564102564105,7.664957264957266,2.0537240537240535,0.20757020757020683,3.084249084249084,0.0
600046.572110698,531,0.02,0.03799999877810478,0.40119999647140503,0.6014999747276306,0.9642999768257141,0.029400000348687172,0.7059999704360962,0.4212999939918518,0.03910124361028444,0.3953994048981482,0.5960555428397054,0.9824902723735409,0.03376058594644071,0.6815060654612051,0.4411764705882373,8.294505494505486,8.716483516483521,3.302564102564105,7.664957264957266,2.068376068376068,0.2124542124542117,3.079365079365079,0.0
600046.592111943,532,0.02,0.03799999877810478,0.40119999647140503,0.6014999747276306,0.9642999768257141,0.029400000348687172,0.7059999704360962,0.4212999939918518,0.03910124361028444,0.3953994048981482,0.5960555428397054,0.9824902723735409,0.03376058594644071,0.6815060654612051,0.4411764705882373,8.294505494505486,8.742857142857147,3.3162393162393187,7.664957264957266,2.068376068376068,0.21733821733821657,3.079365079365079,0.0
600046.6121055,533,0.02,0.03799999877810478,0.40119999647140503,0.6014999747276306,0.9642999768257141,0.029400000348687172,0.7059999704360962,0.4212999939918518,0.03910124361028444,0.3953994048981482,0.5960555428397054,0.9824902723735409,0.03414206149385812,0.6815060654612051,0.4411764705882373,8.294505494505486,8.742857142857147,3.3162393162393187,7.67863247863248,2.0634920634920633,0.21733821733821657,3.079365079365079,0.0
600046.6321108,534,0.02,0.03799999877810478,0.40119999647140503,0.6014999747276306,0.9642999768257141,0.029400000348687172,0.7059999704360962,0.4212999939918518,0.03910124361028444,0.3953994048981482,0.5960555428397054,0.9824902723735409,0.03376058594644071,0.6815060654612051,0.4411764705882373,8.294505494505486,8.742857142857147,3.3162393162393187,7.664957264957266,2.068376068376068,0.2124542124542117,3.084249084249084,0.0
600046.652105149,535,0.02,0.03799999877810478,0.40119999647140503,0.6014999747276306,0.9642999768257141,0.029400000348687172,0.7059999704360962,0.4212999939918518,0.03910124361028444,0.3953994048981482,0.5960555428397054,0.9824902723735409,0.033379110399023304,0.6815060654612051,0.44079499504081987,8.320879120879113,8.769230769230774,3.3162393162393187,7.67863247863248,2.0830280830280827,0.2124542124542117,3.084249084249084,0.0
600046.672109942,536,0.02,0.03799999877810478,0.40119999647140503,0.6014999747276306,0.9642999768257141,0.029400000348687172,0.7059999704360962,0.4212999939918518,0.03910124361028444,0.3953994048981482,0.5960555428397054,0.9824902723735409,0.033379110399023304,0.6815060654612051,0.44041351949340246,8.294505494505486,8.769230769230774,3.302564102564105,7.6512820512820525,2.073260073260073,0.2124542124542117,3.0940170940170937,0.0
600046.692120978,537,0.02,0.03799999877810478,0.40119999647140503,0.6014999747276306,0.9642999768257141,0.029400000348687172,0.7059999704360962,0.4212999939918518,0.03871976806286703,0.3953994048981482,0.5960555428397054,0.9824902723735409,0.033379110399023304,0.6815060654612051,0.44003204394598505,8.320879120879113,8.742857142857147,3.3162393162393187,7.664957264957266,2.078144078144078,0.20757020757020683,3.0989010989010985,0.0
600046.712112233,538,0.02,0.03799999877810478,0.40119999647140503,0.6014999747276306,0.9642999768257141,0.029400000348687172,0.7059999704360962,0.4212999939918518,0.03871976806286703,0.3953994048981482,0.5960555428397054,0.9824902723735409,0.032997634851605895,0.6815060654612051,0.44003204394598505,8.294505494505486,8.742857142857147,3.3162393162393187,7.664957264957266,2.078144078144078,0.2124542124542117,3.0940170940170937,0.0
600046.732135593,539,0.02,0.03799999877810478,0.40119999647140503,0.6014999747276306,0.9642999768257141,0.029400000348687172,0.7059999704360962,0.4212999939918518,0.03871976806286703,0.3953994048981482,0.5960555428397054,0.9824902723735409,0.032997634851605895,0.6815060654612051,0.44003204394598505,8.294505494505486,8.742857142857147,3.302564102564105,7.6512820512820525,2.078144078144078,0.20268620268620197,3.089133089133089,0.0
600046.752112803,540,0.02,0.03799999877810478,0.40119999647140503,0.6014999747276306,0.9642999768257141,0.029400000348687172,0.7059999704360962,0.4212999939918518,0.03871976806286703,0.3953994048981482,0.5960555428397054,0.9824902723735409,0.032997634851605895,0.6818875410086225,0.44003204394598505,8.320879120879113,8.769230769230774,3.3162393162393187,7.664957264957266,2.073260073260073,0.20268620268620197,3.0940170940170937,0.0
600046.772104132,541,0.02,0.03799999877810478,0.40119999647140503,0.6014999747276306,0.9642999768257141,0.029400000348687172,0.7059999704360962,0.4212999939918518,0.03871976806286703,0.3953994048981482,0.5960555428397054,0.9824902723735409,0.032997634851605895,0.6818875410086225,0.44003204394598505,8.294505494505486,8.769230769230774,3.3162393162393187,7.664957264957266,2.073260073260073,0.20757020757020683,3.0940170940170937,0.0
600046.792114478,542,0.02,0.03799999877810478,0.40119999647140503,0.6014999747276306,0.9642999768257141,0.029400000348687172,0.7059999704360962,0.4212999939918518,0.03871976806286703,0.3953994048981482,0.5960555428397054,0.9824902723735409,0.032997634851605895,0.6818875410086225,0.44003204394598505,8.320879120879113,8.742857142857147,3.3299145299145323,7.6512820512820525,2.068376068376068,0.20757020757020683,3.0940170940170937,0.0
600046.812102651,543,0.02,0.03799999877810478,0.40119999647140503,0.6014999747276306,0.9642999768257141,0.029400000348687172,0.7059999704360962,0.4212999939918518,0.03871976806286703,0.3953994048981482,0.5960555428397054,0.9824902723735409,0.033379110399023304,0.6818875410086225,0.44003204394598505,8.294505494505486,8.742857142857147,3.3162393162393187,7.664957264957266,2.073260073260073,0.20757020757020683,3.0940170940170937,0.0
600046.83210857,544,0.02,0.03799999877810478,0.40119999647140503,0.6014999747276306,0.9642999768257141,0.029400000348687172,0.7059999704360962,0.4212999939918518,0.03871976806286703,0.3953994048981482,0.5960555428397054,0.9824902723735409,0.033379110399023304,0.6818875410086225,0.44003204394598505,8.320879120879113,8.769230769230774,3.3162393162393187,7.6512820512820525,2.073260073260073,0.20757020757020683,3.0940170940170937,0.0
600046.85211009,545,0.02,0.03799999877810478,0.40119999647140503,0.6014999747276306,0.9642999768257141,0.029400000348687172,0.7059999704360962,0.4212999939918518,0.03871976806286703,0.3953994048981482,0.5960555428397054,0.9824902723735409,0.033379110399023304,0.6818875410086225,0.44003204394598505,8.294505494505486,8.742857142857147,3.302564102564105,7.6512820512820525,2.0634920634920633,0.20757020757020683,3.0940170940170937,0.0
600046.872110522,546,0.02,0.03799999877810478,0.40119999647140503,0.6014999747276306,0.9642999768257141,0.029400000348687172,0.7059999704360962,0.4212999939918518,0.03871976806286703,0.3953994048981482,0.5960555428397054,0.9824902723735409,0.033379110399023304,0.6818875410086225,0.44003204394598505,8.294505494505486,8.742857142857147,3.3162393162393187,7.664957264957266,2.068376068376068,0.20757020757020683,3.0940170940170937,0.0
600046.892140196,547,0.02,0.03799999877810478,0.40119999647140503,0.6014999747276306,0.9642999768257141,0.029400000348687172,0.7059999704360962,0.4212999939918518,0.03871976806286703,0.3953994048981482,0.5960555428397054,0.9824902723735409,0.033379110399023304,0.6818875410086225,0.44003204394598505,8.320879120879113,8.742857142857147,3.3162393162393187,7.6512820512820525,2.068376068376068,0.20757020757020683,3.0940170940170937,0.0
600046.912108759,548,0.02,0.03799999877810478,0.40119999647140503,0.6014999747276306,0.9642999768257141,0.029400000348687172,0.7059999704360962,0.4212999939918518,0.03871976806286703,0.3953994048981482,0.5960555428397054,0.9824902723735409,0.033379110399023304,0.6818875410086225,0.44003204394598505,8.294505494505486,8.742857142857147,3.3162393162393187,7.664957264957266,2.073260073260073,0.20757020757020683,3.0940170940170937,0.0
600046.932116539,549,0.02,0.03799999877810478,0.40119999647140503,0.6014999747276306,0.9642999768257141,0.029400000348687172,0.7059999704360962,0.4212999939918518,0.03871976806286703,0.3953994048981482,0.5960555428397054,0.9824902723735409,0.032997634851605895,0.6818875410086225,0.44003204394598505,8.320879120879113,8.742857142857147,3.3299145299145323,7.664957264957266,2.078144078144078,0.20757020757020683,3.089133089133089,0.0
600046.952112308,550,0.02,0.03799999877810478,0.40119999647140503,0.6014999747276306,0.9642999768257141,0.029400000348687172,0.7059999704360962,0.4212999939918518,0.03871976806286703,0.3953994048981482,0.5960555428397054,0.9824902723735409,0.032997634851605895,0.6818875410086225,0.44003204394598505,8.294505494505486,8.742857142857147,3.3162393162393187,7.6512820512820525,2.078144078144078,0.20757020757020683,3.0940170940170937,0.0
600046.972105373,551,0.02,0.03799999877810478,0.40119999647140503,0.6014999747276306,0.9642999768257141,0.029400000348687172,0.7059999704360962,0.4212999939918518,0.03871976806286703,0.3953994048981482,0.5960555428397054,0.9824902723735409,0.032997634851605895,0.6818875410086225,0.44003204394598505,8.320879120879113,8.742857142857147,3.3162393162393187,7.664957264957266,2.073260073260073,0.2124542124542117,3.0940170940170937,0.0
600046.992106305,552,0.02,0.03799999877810478,0.40119999647140503,0.6014999747276306,0.9642999768257141,0.029400000348687172,0.7059999704360962,0.4212999939918518,0.03871976806286703,0.3953994048981482,0.5960555428397054,0.9824902723735409,0.032997634851605895,0.6818875410086225,0.44003204394598505,8.294505494505486,8.742857142857147,3.3162393162393187,7.664957264957266,2.068376068376068,0.20757020757020683,3.0940170940170937,0.0
600047.012116806,553,0.02,0.03799999877810478,0.40119999647140503,0.6014999747276306,0.9642999768257141,0.029400000348687172,0.7059999704360962,0.4212999939918518,0.03871976806286703,0.3953994048981482,0.5960555428397054,0.9824902723735409,0.032997634851605895,0.6818875410086225,0.44003204394598505,8.294505494505486,8.742857142857147,3.3299145299145323,7.6512820512820525,2.073260073260073,0.2124542124542117,3.0940170940170937,0.0
600047.032109654,554,0.02,0.03799999877810478,0.40119999647140503,0.6014999747276306,0.9642999768257141,0.029400000348687172,0.7059999704360962,0.4212999939918518,0.03871976806286703,0.3953994048981482,0.5960555428397054,0.9824902723735409,0.032997634851605895,0.6818875410086225,0.44003204394598505,8.320879120879113,8.742857142857147,3.3162393162393187,7.67863247863248,2.073260073260073,0.20757020757020683,3.0940170940170937,0.0
600047.052109156,555,0.02,0.03799999877810478,0.40119999647140503,0.6014999747276306,0.9642999768257141,0.029400000348687172,0.7059999704360962,0.4212999939918518,0.03871976806286703,0.3953994048981482,0.5960555428397054,0.9824902723735409,0.032997634851605895,0.6818875410086225,0.44003204394598505,8.294505494505486,8.742857142857147,3.3162393162393187,7.6512820512820525,2.073260073260073,0.20757020757020683,3.089133089133089,0.0
600047.072110791,556,0.02,0.03799999877810478,0.40119999647140503,0.6014999747276306,0.9642999768257141,0.029400000348687172,0.7059999704360962,0.4212999939918518,0.03871976806286703,0.3953994048981482,0.5960555428397054,0.9824902723735409,0.032997634851605895,0.6818875410086225,0.44003204394598505,8.294505494505486,8.742857142857147,3.3162393162393187,7.67863247863248,2.073260073260073,0.20757020757020683,3.0989010989010985,0.0
600047.092056786,557,0.02,0.03799999877810478,0.40119999647140503,0.6014999747276306,0.9642999768257141,0.029400000348687172,0.7059999704360962,0.4212999939918518,0.03871976806286703,0.3953994048981482,0.5960555428397054,0.9824902723735409,0.032997634851605895,0.6818875410086225,0.44003204394598505,8.294505494505486,8.742857142857147,3.3162393162393187,7.664957264957266,2.073260073260073,0.2124542124542117,3.0940170940170937,0.0
600047.112110977,558,0.02,0.03799999877810478,0.40119999647140503,0.6014999747276306,0.9642999768257141,0.029400000348687172,0.7059999704360962,0.4212999939918518,0.03871976806286703,0.3953994048981482,0.5960555428397054,0.9824902723735409,0.032997634851605895,0.6818875410086225,0.44003204394598505,8.294505494505486,8.742857142857147,3.3162393162393187,7.664957264957266,2.073260073260073,0.2124542124542117,3.0940170940170937,0.0
600047.132105259,559,0.02,0.03799999877810478,0.40119999647140503,0.6014999747276306,0.9642999768257141,0.029400000348687172,0.7059999704360962,0.4212999939918518,0.03871976806286703,0.3953994048981482,0.5960555428397054,0.9824902723735409,0.032997634851605895,0.6818875410086225,0.44003204394598505,8.294505494505486,8.742857142857147,3.3299145299145323,7.664957264957266,2.078144078144078,0.2124542124542117,3.0940170940170937,0.0
600047.152121538,560,0.02,0.03799999877810478,0.40119999647140503,0.6014999747276306,0.9642999768257141,0.029400000348687172,0.7059999704360962,0.4212999939918518,0.03871976806286703,0.3953994048981482,0.5960555428397054,0.9824902723735409,0.032997634851605895,0.6818875410086225,0.44003204394598505,8.294505494505486,8.742857142857147,3.3162393162393187,7.664957264957266,2.078144078144078,0.2124542124542117,3.0940170940170937,0.0
600047.172109626,561,0.02,0.03799999877810478,0.40119999647140503,0.6014999747276306,0.9642999768257141,0.029400000348687172,0.7059999704360962,0.4212999939918518,0.03871976806286703,0.3953994048981482,0.5960555428397054,0.9824902723735409,0.032997634851605895,0.6818875410086225,0.44003204394598505,8.294505494505486,8.742857142857147,3.3162393162393187,7.6512820512820525,2.073260073260073,0.20757020757020683,3.0940170940170937,0.0
600047.192110491,562,0.02,0.03799999877810478,0.40119999647140503,0.6014999747276306,0.9642999768257141,0.029400000348687172,0.7059999704360962,0.4212999939918518,0.03871976806286703,0.3953994048981482,0.5960555428397054,0.9824902723735409,0.032997634851605895,0.6818875410086225,0.44003204394598505,8.294505494505486,8.742857142857147,3.3162393162393187,7.664957264957266,2.078144078144078,0.20757020757020683,3.0940170940170937,0.0
600047.212106056,563,0.02,0.03799999877810478,0.40119999647140503,0.6014999747276306,0.9642999768257141,0.029400000348687172,0.7059999704360962,0.4212999939918518,0.03871976806286703,0.3953994048981482,0.5960555428397054,0.9824902723735409,0.032997634851605895,0.6818875410086225,0.44003204394598505,8.294505494505486,8.742857142857147,3.3162393162393187,7.6512820512820525,2.073260073260073,0.20757020757020683,3.0940170940170937,0.0
600047.232105703,564,0.02,0.03799999877810478,0.40119999647140503,0.6014999747276306,0.9642999768257141,0.029400000348687172,0.7059999704360962,0.4212999939918518,0.03871976806286703,0.3953994048981482,0.5960555428397054,0.9824902723735409,0.032997634851605895,0.6818875410086225,0.44003204394598505,8.294505494505486,8.742857142857147,3.3162393162393187,7.664957264957266,2.078144078144078,0.2124542124542117,3.0940170940170937,0.0
600047.252105596,565,0.02,0.03799999877810478,0.40119999647140503,0.6014999747276306,0.9642999768257141,0.029400000348687172,0.7059999704360962,0.4212999939918518,0.03871976806286703,0.3953994048981482,0.5960555428397054,0.9824902723735409,0.032997634851605895,0.6818875410086225,0.44003204394598505,8.294505494505486,8.742857142857147,3.3162393162393187,7.664957264957266,2.073260073260073,0.20757020757020683,3.0940170940170937,0.0
600047.272116469,566,0.02,0.03799999877810478,0.40119999647140503,0.6014999747276306,0.9642999768257141,0.029400000348687172,0.7059999704360962,0.4212999939918518,0.03871976806286703,0.3953994048981482,0.5960555428397054,0.9824902723735409,0.032997634851605895,0.6818875410086225,0.44003204394598505,8.294505494505486,8.742857142857147,3.3162393162393187,7.664957264957266,2.073260073260073,0.20757020757020683,3.0940170940170937,0.0
600047.292103627,567,0.02,0.03799999877810478,0.40119999647140503,0.6014999747276306,0.9642999768257141,0.029400000348687172,0.7059999704360962,0.4212999939918518,0.03871976806286703,0.3953994048981482,0.5960555428397054,0.9824902723735409,0.032997634851605895,0.6818875410086225,0.44003204394598505,8.320879120879113,8.742857142857147,3.3162393162393187,7.664957264957266,2.073260073260073,0.20757020757020683,3.0940170940170937,0.0
600047.312116817,568,0.02,0.03799999877810478,0.40119999647140503,0.6014999747276306,0.9642999768257141,0.029400000348687172,0.7059999704360962,0.4212999939918518,0.03871976806286703,0.3953994048981482,0.5960555428397054,0.9824902723735409,0.032997634851605895,0.6818875410086225,0.44003204394598505,8.294505494505486,8.742857142857147,3.3299145299145323,7.664957264957266,2.073260073260073,0.2124542124542117,3.0940170940170937,0.0
600047.332059843,569,0.02,0.03799999877810478,0.40119999647140503,0.6014999747276306,0.9642999768257141,0.029400000348687172,0.7059999704360962,0.4212999939918518,0.03871976806286703,0.3953994048981482,0.5960555428397054,0.9824902723735409,0.032997634851605895,0.6818875410086225,0.44003204394598505,8.294505494505486,8.742857142857147,3.3299145299145323,7.637606837606839,2.073260073260073,0.20757020757020683,3.0940170940170937,0.0
600047.352113037,570,0.02,0.03799999877810478,0.40119999647140503,0.6014999747276306,0.9642999768257141,0.029400000348687172,0.7059999704360962,0.4212999939918518,0.03871976806286703,0.3953994048981482,0.5960555428397054,0.9824902723735409,0.032997634851605895,0.6818875410086225,0.44003204394598505,8.294505494505486,8.742857142857147,3.3162393162393187,7.664957264957266,2.073260073260073,0.20757020757020683,3.0940170940170937,0.0
600047.372114834,571,0.02,0.03799999877810478,0.40119999647140503,0.6014999747276306,0.9642999768257141,0.029400000348687172,0.7059999704360962,0.4212999939918518,0.03871976806286703,0.3953994048981482,0.5960555428397054,0.9824902723735409,0.032997634851605895,0.6818875410086225,0.44003204394598505,8.294505494505486,8.742857142857147,3.3299145299145323,7.6512820512820525,2.073260073260073,0.20757020757020683,3.0940170940170937,0.0
600047.392077167,572,0.02,0.03799999877810478,0.40119999647140503,0.6014999747276306,0.9642999768257141,0.029400000348687172,0.7059999704360962,0.4212999939918518,0.03871976806286703,0.3953994048981482,0.5960555428397054,0.9824902723735409,0.032997634851605895,0.6818875410086225,0.44003204394598505,8.294505494505486,8.742857142857147,3.302564102564105,7.664957264957266,2.078144078144078,0.20757020757020683,3.0940170940170937,0.0
600047.412104677,573,0.02,0.03799999877810478,0.40119999647140503,0.6014999747276306,0.9642999768257141,0.029400000348687172,0.7059999704360962,0.4212999939918518,0.03871976806286703,0.3953994048981482,0.5960555428397054,0.9824902723735409,0.032997634851605895,0.6818875410086225,0.44003204394598505,8.294505494505486,8.742857142857147,3.3162393162393187,7.664957264957266,2.078144078144078,0.20757020757020683,3.0940170940170937,0.0
600047.432113584,574,0.02,0.03799999877810478,0.40119999647140503,0.6014999747276306,0.9642999768257141,0.029400000348687172,0.7059999704360962,0.4212999939918518,0.03871976806286703,0.3953994048981482,0.5960555428397054,0.9824902723735409,0.032616159304188486,0.6818875410086225,0.44003204394598505,8.294505494505486,8.742857142857147,3.3162393162393187,7.67863247863248,2.0830280830280827,0.2124542124542117,3.0940170940170937,0.0
600047.452450763,575,0.02,0.03799999877810478,0.40119999647140503,0.6014999747276306,0.9642999768257141,0.029400000348687172,0.7059999704360962,0.4212999939918518,0.03871976806286703,0.3953994048981482,0.5960555428397054,0.9824902723735409,0.032616159304188486,0.6818875410086225,0.44003204394598505,8.294505494505486,8.742857142857147,3.3299145299145323,7.664957264957266,2.078144078144078,0.2124542124542117,3.0940170940170937,0.0
600047.472157666,576,0.02,0.03799999877810478,0.40119999647140503,0.6014999747276306,0.9642999768257141,0.029400000348687172,0.7059999704360962,0.4212999939918518,0.03871976806286703,0.3953994048981482,0.5960555428397054,0.9824902723735409,0.032616159304188486,0.6818875410086225,0.44003204394598505,8.294505494505486,8.742857142857147,3.3162393162393187,7.6512820512820525,2.078144078144078,0.2124542124542117,3.0940170940170937,0.0
600047.492286509,577,0.02,0.03799999877810478,0.40119999647140503,0.6014999747276306,0.9642999768257141,0.029400000348687172,0.7059999704360962,0.4212999939918518,0.03871976806286703,0.3953994048981482,0.5960555428397054,0.9824902723735409,0.032616159304188486,0.6818875410086225,0.43965056839856764,8.294505494505486,8.742857142857147,3.3162393162393187,7.664957264957266,2.0830280830280827,0.20757020757020683,3.0940170940170937,0.0
600047.512114698,578,0.02,0.03799999877810478,0.40119999647140503,0.6014999747276306,0.9642999768257141,0.029400000348687172,0.7059999704360962,0.4212999939918518,0.03871976806286703,0.3953994048981482,0.5960555428397054,0.9824902723735409,0.032616159304188486,0.6818875410086225,0.43965056839856764,8.294505494505486,8.769230769230774,3.3299145299145323,7.6512820512820525,2.0879120879120876,0.20757020757020683,3.0989010989010985,0.0
600047.532257774,579,0.02,0.03799999877810478,0.40119999647140503,0.6014999747276306,0.9642999768257141,0.029400000348687172,0.7059999704360962,0.4212999939918518,0.03871976806286703,0.3953994048981482,0.5960555428397054,0.9824902723735409,0.032616159304188486,0.6818875410086225,0.43965056839856764,8.320879120879113,8.742857142857147,3.3299145299145323,7.664957264957266,2.0830280830280827,0.20757020757020683,3.0989010989010985,0.0
600047.55211303,580,0.02,0.03799999877810478,0.40119999647140503,0.6014999747276306,0.9642999768257141,0.029400000348687172,0.7059999704360962,0.4212999939918518,0.03871976806286703,0.3953994048981482,0.5960555428397054,0.9824902723735409,0.032234683756771076,0.6818875410086225,0.43965056839856764,8.294505494505486,8.742857142857147,3.3299145299145323,7.6512820512820525,2.0830280830280827,0.20757020757020683,3.089133089133089,0.0
600047.572113148,581,0.02,0.03799999877810478,0.40119999647140503,0.6014999747276306,0.9642999768257141,0.029400000348687172,0.7059999704360962,0.4212999939918518,0.03871976806286703,0.3953994048981482,0.5960555428397054,0.9824902723735409,0.032234683756771076,0.6818875410086225,0.43965056839856764,8.294505494505486,8.769230769230774,3.3162393162393187,7.6512820512820525,2.0830280830280827,0.20757020757020683,3.0989010989010985,0.0
600047.592108808,582,0.02,0.03799999877810478,0.40119999647140503,0.6014999747276306,0.9642999768257141,0.029400000348687172,0.7059999704360962,0.4212999939918518,0.03871976806286703,0.3953994048981482,0.5960555428397054,0.9824902723735409,0.032234683756771076,0.6818875410086225,0.43965056839856764,8.294505494505486,8.742857142857147,3.3162393162393187,7.67863247863248,2.0830280830280827,0.20757020757020683,3.0940170940170937,0.0
600047.612105697,583,0.02,0.03799999877810478,0.40119999647140503,0.6014999747276306,0.9642999768257141,0.029400000348687172,0.7059999704360962,0.4212999939918518,0.03871976806286703,0.3953994048981482,0.5960555428397054,0.9824902723735409,0.032234683756771076,0.6818875410086225,0.43965056839856764,8.294505494505486,8.742857142857147,3.3299145299145323,7.664957264957266,2.0879120879120876,0.2124542124542117,3.0989010989010985,0.0
600047.632111954,584,0.02,0.03799999877810478,0.40119999647140503,0.6014999747276306,0.9642999768257141,0.029400000348687172,0.7059999704360962,0.4212999939918518,0.03871976806286703,0.3953994048981482,0.5960555428397054,0.9824902723735409,0.03185320820935367,0.6818875410086225,0.43965056839856764,8.294505494505486,8.742857142857147,3.3162393162393187,7.67863247863248,2.0927960927960925,0.20757020757020683,3.0989010989010985,0.0
600047.652202201,585,0.02,0.03799999877810478,0.40119999647140503,0.6014999747276306,0.9642999768257141,0.029400000348687172,0.7059999704360962,0.4212999939918518,0.03871976806286703,0.3953994048981482,0.5960555428397054,0.9824902723735409,0.03147173266193626,0.6818875410086225,0.43965056839856764,8.294505494505486,8.742857142857147,3.3299145299145323,7.6512820512820525,2.0976800976800973,0.20757020757020683,3.1037851037851034,0.0
600047.672109471,586,0.02,0.03799999877810478,0.40119999647140503,0.6014999747276306,0.9642999768257141,0.029400000348687172,0.7059999704360962,0.4212999939918518,0.03871976806286703,0.3953994048981482,0.5960555428397054,0.9824902723735409,0.03147173266193626,0.6818875410086225,0.43926909285115023,8.320879120879113,8.742857142857147,3.3299145299145323,7.664957264957266,2.0927960927960925,0.2124542124542117,3.0989010989010985,0.0
600047.692105138,587,0.02,0.03799999877810478,0.40119999647140503,0.6014999747276306,0.9642999768257141,0.029400000348687172,0.7059999704360962,0.4212999939918518,0.03871976806286703,0.3953994048981482,0.5960555428397054,0.9824902723735409,0.03147173266193626,0.6818875410086225,0.43926909285115023,8.294505494505486,8.742857142857147,3.3299145299145323,7.664957264957266,2.0927960927960925,0.20268620268620197,3.0940170940170937,0.0
600047.712105516,588,0.02,0.03799999877810478,0.40119999647140503,0.6014999747276306,0.9642999768257141,0.029400000348687172,0.7059999704360962,0.4212999939918518,0.03871976806286703,0.3953994048981482,0.5960555428397054,0.9824902723735409,0.03147173266193626,0.6818875410086225,0.43926909285115023,8.294505494505486,8.742857142857147,3.3299145299145323,7.664957264957266,2.0927960927960925,0.20268620268620197,3.1037851037851034,0.0
600047.732141463,589,0.02,0.03799999877810478,0.40119999647140503,0.6014999747276306,0.9642999768257141,0.029400000348687172,0.7059999704360962,0.4212999939918518,0.03871976806286703,0.3953994048981482,0.5960555428397054,0.9824902723735409,0.03147173266193626,0.6818875410086225,0.4388876173037328,8.294505494505486,8.742857142857147,3.3162393162393187,7.67863247863248,2.0927960927960925,0.20268620268620197,3.1037851037851034,0.0
600047.752105804,590,0.02,0.03799999877810478,0.40119999647140503,0.6014999747276306,0.9642999768257141,0.029400000348687172,0.7059999704360962,0.4212999939918518,0.03871976806286703,0.3953994048981482,0.5960555428397054,0.9824902723735409,0.03147173266193626,0.6818875410086225,0.4385061417563154,8.294505494505486,8.742857142857147,3.302564102564105,7.6512820512820525,2.0927960927960925,0.20268620268620197,3.1086691086691083,0.0
600047.772106249,591,0.02,0.03799999877810478,0.40119999647140503,0.6014999747276306,0.9642999768257141,0.029400000348687172,0.7059999704360962,0.4212999939918518,0.03871976806286703,0.3953994048981482,0.5960555428397054,0.9824902723735409,0.03147173266193626,0.6818875410086225,0.4385061417563154,8.294505494505486,8.742857142857147,3.3299145299145323,7.664957264957266,2.0927960927960925,0.20268620268620197,3.113553113553113,0.0
600047.792054015,592,0.02,0.03799999877810478,0.40119999647140503,0.6014999747276306,0.9642999768257141,0.029400000348687172,0.7059999704360962,0.4212999939918518,0.03871976806286703,0.3953994048981482,0.5960555428397054,0.9824902723735409,0.03109025711451885,0.6818875410086225,0.4385061417563154,8.294505494505486,8.742857142857147,3.302564102564105,7.664957264957266,2.0927960927960925,0.20757020757020683,3.113553113553113,0.0
600047.812108794,593,0.02,0.03799999877810478,0.40119999647140503,0.6014999747276306,0.9642999768257141,0.029400000348687172,0.7059999704360962,0.4212999939918518,0.03871976806286703,0.3953994048981482,0.5960555428397054,0.9824902723735409,0.03109025711451885,0.6818875410086225,0.438124666208898,8.294505494505486,8.742857142857147,3.302564102564105,7.664957264957266,2.0976800976800973,0.20757020757020683,3.113553113553113,0.0
600047.832105301,594,0.02,0.03799999877810478,0.40119999647140503,0.6014999747276306,0.9642999768257141,0.029400000348687172,0.7059999704360962,0.4212999939918518,0.03871976806286703,0.3953994048981482,0.5960555428397054,0.9824902723735409,0.03109025711451885,0.6818875410086225,0.438124666208898,8.294505494505486,8.742857142857147,3.3299145299145323,7.6512820512820525,2.0927960927960925,0.20757020757020683,3.118437118437118,0.0
600047.852139254,595,0.02,0.03799999877810478,0.40119999647140503,0.6014999747276306,0.9642999768257141,0.029400000348687172,0.7059999704360962,0.4212999939918518,0.03871976806286703,0.3953994048981482,0.5960555428397054,0.9824902723735409,0.03109025711451885,0.6818875410086225,0.4377431906614806,8.294505494505486,8.742857142857147,3.3162393162393187,7.67863247863248,2.0976800976800973,0.20268620268620197,3.113553113553113,0.0
600047.872108738,596,0.02,0.03799999877810478,0.40119999647140503,0.6014999747276306,0.9642999768257141,0.029400000348687172,0.7059999704360962,0.4212999939918518,0.03871976806286703,0.3953994048981482,0.5960555428397054,0.9824902723735409,0.03109025711451885,0.6818875410086225,0.4377431906614806,8.294505494505486,8.769230769230774,3.3162393162393187,7.664957264957266,2.0976800976800973,0.20757020757020683,3.113553113553113,0.0
600047.892108306,597,0.02,0.03799999877810478,0.40119999647140503,0.6014999747276306,0.9642999768257141,0.029400000348687172,0.7059999704360962,0.4212999939918518,0.03871976806286703,0.3953994048981482,0.5960555428397054,0.9824902723735409,0.03109025711451885,0.6818875410086225,0.4377431906614806,8.294505494505486,8.742857142857147,3.3162393162393187,7.6512820512820525,2.0976800976800973,0.20757020757020683,3.113553113553113,0.0
600047.91210855,598,0.02,0.03799999877810478,0.40119999647140503,0.6014999747276306,0.9642999768257141,0.029400000348687172,0.7059999704360962,0.4212999939918518,0.03871976806286703,0.3953994048981482,0.5960555428397054,0.9824902723735409,0.03109025711451885,0.6818875410086225,0.4377431906614806,8.320879120879113,8.769230769230774,3.3162393162393187,7.6512820512820525,2.0927960927960925,0.20268620268620197,3.113553113553113,0.0
600047.932108087,599,0.02,0.03799999877810478,0.40119999647140503,0.6014999747276306,0.9642999768257141,0.029400000348687172,0.7059999704360962,0.4212999939918518,0.03871976806286703,0.3953994048981482,0.5960555428397054,0.9824902723735409,0.03109025711451885,0.6818875410086225,0.4377431906614806,8.294505494505486,8.742857142857147,3.3162393162393187,7.664957264957266,2.0927960927960925,0.20268620268620197,3.113553113553113,0.0
600047.95210515,600,0.02,0.03799999877810478,0.40119999647140503,0.6014999747276306,0.9642999768257141,0.029400000348687172,0.7059999704360962,0.4212999939918518,0.03871976806286703,0.3953994048981482,0.5960555428397054,0.9824902723735409,0.03109025711451885,0.6818875410086225,0.4377431906614806,8.294505494505486,8.742857142857147,3.3162393162393187,7.67863247863248,2.0927960927960925,0.1978021978021971,3.113553113553113,0.0
600047.972141123,601,0.02,0.03799999877810478,0.40119999647140503,0.6014999747276306,0.9642999768257141,0.029400000348687172,0.7059999704360962,0.4212999939918518,0.03871976806286703,0.3953994048981482,0.5960555428397054,0.9824902723735409,0.03070878156710144,0.6818875410086225,0.4377431906614806,8.294505494505486,8.742857142857147,3.3299145299145323,7.6512820512820525,2.102564102564102,0.20268620268620197,3.118437118437118,0.0
600047.992118747,602,0.02,0.03799999877810478,0.40119999647140503,0.6014999747276306,0.9642999768257141,0.029400000348687172,0.7059999704360962,0.4212999939918518,0.03871976806286703,0.3953994048981482,0.5960555428397054,0.9824902723735409,0.03070878156710144,0.6818875410086225,0.4377431906614806,8.294505494505486,8.742857142857147,3.3162393162393187,7.664957264957266,2.0976800976800973,0.20268620268620197,3.118437118437118,0.0
600048.01210927,603,0.02,0.03799999877810478,0.40119999647140503,0.6014999747276306,0.9642999768257141,0.029400000348687172,0.7059999704360962,0.4212999939918518,0.03871976806286703,0.3953994048981482,0.5960555428397054,0.9824902723735409,0.03070878156710144,0.6818875410086225,0.4377431906614806,8.294505494505486,8.769230769230774,3.3299145299145323,7.664957264957266,2.0976800976800973,0.20757020757020683,3.118437118437118,0.0
600048.03211244,604,0.02,0.03799999877810478,0.40119999647140503,0.6014999747276306,0.9642999768257141,0.029400000348687172,0.7059999704360962,0.4212999939918518,0.03871976806286703,0.3953994048981482,0.5960555428397054,0.9824902723735409,0.03070878156710144,0.6818875410086225,0.4377431906614806,8.294505494505486,8.742857142857147,3.3162393162393187,7.67863247863248,2.0976800976800973,0.20268620268620197,3.118437118437118,0.0
600048.052104533,605,0.02,0.03799999877810478,0.40119999647140503,0.6014999747276306,0.9642999768257141,0.029400000348687172,0.7059999704360962,0.4212999939918518,0.03871976806286703,0.3953994048981482,0.5960555428397054,0.9824902723735409,0.03070878156710144,0.6818875410086225,0.4377431906614806,8.320879120879113,8.769230769230774,3.3299145299145323,7.664957264957266,2.0976800976800973,0.20268620268620197,3.118437118437118,0.0
600048.072109749,606,0.02,0.03799999877810478,0.40119999647140503,0.6014999747276306,0.9642999768257141,0.029400000348687172,0.7059999704360962,0.4212999939918518,0.03871976806286703,0.3953994048981482,0.5960555428397054,0.9824902723735409,0.03070878156710144,0.6818875410086225,0.4377431906614806,8.294505494505486,8.769230769230774,3.3162393162393187,7.664957264957266,2.0976800976800973,0.20268620268620197,3.118437118437118,0.0
600048.092138382,607,0.02,0.03799999877810478,0.40119999647140503,0.6014999747276306,0.9642999768257141,0.029400000348687172,0.7059999704360962,0.4212999939918518,0.03871976806286703,0.3953994048981482,0.5960555428397054,0.9824902723735409,0.03032730601968403,0.6818875410086225,0.4377431906614806,8.294505494505486,8.742857142857147,3.3162393162393187,7.6512820512820525,2.102564102564102,0.20268620268620197,3.113553113553113,0.0
600048.112104847,608,0.02,0.03799999877810478,0.40119999647140503,0.6014999747276306,0.9642999768257141,0.029400000348687172,0.7059999704360962,0.4212999939918518,0.03871976806286703,0.3953994048981482,0.5960555428397054,0.9824902723735409,0.03032730601968403,0.6818875410086225,0.4373617151140632,8.294505494505486,8.742857142857147,3.3299145299145323,7.664957264957266,2.107448107448107,0.20268620268620197,3.118437118437118,0.0
600048.132118656,609,0.02,0.03799999877810478,0.40119999647140503,0.6014999747276306,0.9642999768257141,0.029400000348687172,0.7059999704360962,0.4212999939918518,0.03871976806286703,0.3953994048981482,0.5960555428397054,0.9824902723735409,0.03032730601968403,0.6818875410086225,0.4373617151140632,8.294505494505486,8.742857142857147,3.3162393162393187,7.6512820512820525,2.102564102564102,0.20757020757020683,3.118437118437118,0.0
600048.152107682,610,0.02,0.03799999877810478,0.40119999647140503,0.6014999747276306,0.9642999768257141,0.029400000348687172,0.7059999704360962,0.4212999939918518,0.03871976806286703,0.3953994048981482,0.5960555428397054,0.9824902723735409,0.03032730601968403,0.6818875410086225,0.4373617151140632,8.320879120879113,8.742857142857147,3.3162393162393187,7.664957264957266,2.102564102564102,0.20268620268620197,3.118437118437118,0.0
600048.172117261,611,0.02,0.03799999877810478,0.40119999647140503,0.6014999747276306,0.9642999768257141,0.029400000348687172,0.7059999704360962,0.4212999939918518,0.03871976806286703,0.3953994048981482,0.5960555428397054,0.9824902723735409,0.03032730601968403,0.6818875410086225,0.4373617151140632,8.320879120879113,8.769230769230774,3.3162393162393187,7.664957264957266,2.102564102564102,0.20268620268620197,3.118437118437118,0.0
600048.192109909,612,0.02,0.03799999877810478,0.40119999647140503,0.6014999747276306,0.9642999768257141,0.029400000348687172,0.7059999704360962,0.4212999939918518,0.03871976806286703,0.3953994048981482,0.5960555428397054,0.9824902723735409,0.03032730601968403,0.6818875410086225,0.4373617151140632,8.294505494505486,8.742857142857147,3.3162393162393187,7.6512820512820525,2.102564102564102,0.20268620268620197,3.118437118437118,0.0
600048.212205144,613,0.02,0.03799999877810478,0.40119999647140503,0.6014999747276306,0.9642999768257141,0.029400000348687172,0.7059999704360962,0.4212999939918518,0.03871976806286703,0.3953994048981482,0.5960555428397054,0.9824902723735409,0.03032730601968403,0.6818875410086225,0.4373617151140632,8.294505494505486,8.742857142857147,3.3299145299145323,7.67863247863248,2.102564102564102,0.20268620268620197,3.118437118437118,0.0
600048.232108238,614,0.02,0.03799999877810478,0.40119999647140503,0.6014999747276306,0.9642999768257141,0.029400000348687172,0.7059999704360962,0.4212999939918518,0.03871976806286703,0.3953994048981482,0.5960555428397054,0.9824902723735409,0.03032730601968403,0.6818875410086225,0.4373617151140632,8.294505494505486,8.742857142857147,3.3299145299145323,7.6512820512820525,2.102564102564102,0.20268620268620197,3.113553113553113,0.0
600048.252118637,615,0.02,0.03799999877810478,0.40119999647140503,0.6014999747276306,0.9642999768257141,0.029400000348687172,0.7059999704360962,0.4212999939918518,0.03871976806286703,0.3953994048981482,0.5960555428397054,0.9824902723735409,0.03032730601968403,0.6818875410086225,0.4373617151140632,8.320879120879113,8.742857142857147,3.3162393162393187,7.664957264957266,2.102564102564102,0.20757020757020683,3.118437118437118,0.0
600048.272116348,616,0.02,0.03799999877810478,0.40119999647140503,0.6014999747276306,0.9642999768257141,0.029400000348687172,0.7059999704360962,0.4212999939918518,0.03871976806286703,0.3953994048981482,0.5960555428397054,0.9824902723735409,0.03032730601968403,0.6818875410086225,0.4373617151140632,8.294505494505486,8.742857142857147,3.3299145299145323,7.67863247863248,2.107448107448107,0.20268620268620197,3.118437118437118,0.0
600048.292117806,617,0.02,0.03799999877810478,0.40119999647140503,0.6014999747276306,0.9642999768257141,0.029400000348687172,0.7059999704360962,0.4212999939918518,0.03871976806286703,0.3953994048981482,0.5960555428397054,0.9824902723735409,0.03032730601968403,0.6818875410086225,0.4373617151140632,8.294505494505486,8.742857142857147,3.3299145299145323,7.67863247863248,2.102564102564102,0.20268620268620197,3.118437118437118,0.0
600048.312113878,618,0.02,0.03799999877810478,0.40119999647140503,0.6014999747276306,0.9642999768257141,0.029400000348687172,0.7059999704360962,0.4212999939918518,0.03871976806286703,0.3953994048981482,0.5960555428397054,0.9824902723735409,0.02994583047226662,0.6818875410086225,0.4373617151140632,8.320879120879113,8.769230769230774,3.3162393162393187,7.67863247863248,2.102564102564102,0.20268620268620197,3.118437118437118,0.0
600048.332109395,619,0.02,0.03799999877810478,0.40119999647140503,0.6014999747276306,0.9642999768257141,0.029400000348687172,0.7059999704360962,0.4212999939918518,0.03871976806286703,0.3953994048981482,0.5960555428397054,0.9824902723735409,0.02994583047226662,0.6818875410086225,0.4373617151140632,8.294505494505486,8.742857142857147,3.3162393162393187,7.664957264957266,2.107448107448107,0.20757020757020683,3.118437118437118,0.0
600048.352105331,620,0.02,0.03799999877810478,0.40119999647140503,0.6014999747276306,0.9642999768257141,0.029400000348687172,0.7059999704360962,0.4212999939918518,0.03871976806286703,0.3953994048981482,0.5960555428397054,0.9824902723735409,0.02994583047226662,0.6818875410086225,0.4373617151140632,8.320879120879113,8.742857142857147,3.3162393162393187,7.664957264957266,2.117216117216117,0.20757020757020683,3.118437118437118,0.0
600048.37210549,621,0.02,0.03799999877810478,0.40119999647140503,0.6014999747276306,0.9642999768257141,0.029400000348687172,0.7059999704360962,0.4212999939918518,0.03871976806286703,0.3953994048981482,0.5960555428397054,0.9824902723735409,0.02994583047226662,0.6818875410086225,0.4373617151140632,8.294505494505486,8.742857142857147,3.3162393162393187,7.67863247863248,2.112332112332112,0.20268620268620197,3.118437118437118,0.0
600048.392113197,622,0.02,0.03799999877810478,0.40119999647140503,0.6014999747276306,0.9642999768257141,0.029400000348687172,0.7059999704360962,0.4212999939918518,0.03871976806286703,0.3953994048981482,0.5960555428397054,0.9824902723735409,0.02994583047226662,0.6818875410086225,0.4373617151140632,8.294505494505486,8.769230769230774,3.3162393162393187,7.664957264957266,2.112332112332112,0.20268620268620197,3.123321123321123,0.0
600048.412111812,623,0.02,0.03799999877810478,0.40119999647140503,0.6014999747276306,0.9642999768257141,0.029400000348687172,0.7059999704360962,0.4212999939918518,0.03871976806286703,0.3953994048981482,0.5960555428397054,0.9824902723735409,0.02994583047226662,0.6818875410086225,0.4373617151140632,8.320879120879113,8.769230769230774,3.302564102564105,7.664957264957266,2.117216117216117,0.20268620268620197,3.118437118437118,0.0
600048.432105633,624,0.02,0.03799999877810478,0.40119999647140503,0.6014999747276306,0.9642999768257141,0.029400000348687172,0.7059999704360962,0.4212999939918518,0.03871976806286703,0.3953994048981482,0.5960555428397054,0.9824902723735409,0.029564354924849212,0.6818875410086225,0.4373617151140632,8.294505494505486,8.742857142857147,3.3162393162393187,7.664957264957266,2.112332112332112,0.20757020757020683,3.118437118437118,0.0
600048.452107191,625,0.02,0.03799999877810478,0.40119999647140503,0.6014999747276306,0.9642999768257141,0.029400000348687172,0.7059999704360962,0.4212999939918518,0.03871976806286703,0.3953994048981482,0.5960555428397054,0.9824902723735409,0.029564354924849212,0.6818875410086225,0.4373617151140632,8.294505494505486,8.742857142857147,3.3162393162393187,7.664957264957266,2.1269841269841265,0.1978021978021971,3.118437118437118,0.0
600048.47210562,626,0.02,0.03799999877810478,0.40119999647140503,0.6014999747276306,0.9642999768257141,0.029400000348687172,0.7059999704360962,0.4212999939918518,0.03871976806286703,0.3953994048981482,0.5960555428397054,0.9824902723735409,0.029182879377431803,0.6818875410086225,0.4373617151140632,8.294505494505486,8.742857142857147,3.3299145299145323,7.664957264957266,2.1269841269841265,0.20757020757020683,3.118437118437118,0.0
600048.492180393,627,0.02,0.03799999877810478,0.40119999647140503,0.6014999747276306,0.9642999768257141,0.029400000348687172,0.7059999704360962,0.4212999939918518,0.03871976806286703,0.3953994048981482,0.5960555428397054,0.9824902723735409,0.028801403830014394,0.6818875410086225,0.4373617151140632,8.294505494505486,8.742857142857147,3.3299145299145323,7.664957264957266,2.1269841269841265,0.20268620268620197,3.118437118437118,0.0
600048.512209988,628,0.02,0.03799999877810478,0.40119999647140503,0.6014999747276306,0.9642999768257141,0.029400000348687172,0.7059999704360962,0.4212999939918518,0.03871976806286703,0.3953994048981482,0.5960555428397054,0.9824902723735409,0.028419928282596985,0.6818875410086225,0.4373617151140632,8.294505494505486,8.769230769230774,3.3162393162393187,7.6512820512820525,2.141636141636141,0.20268620268620197,3.123321123321123,0.0
600048.53209162,629,0.02,0.03799999877810478,0.40119999647140503,0.6014999747276306,0.9642999768257141,0.029400000348687172,0.7059999704360962,0.4212999939918518,0.03871976806286703,0.3953994048981482,0.5960555428397054,0.9824902723735409,0.028038452735179575,0.6818875410086225,0.4373617151140632,8.294505494505486,8.769230769230774,3.3162393162393187,7.664957264957266,2.141636141636141,0.1978021978021971,3.118437118437118,0.0
600048.552127793,630,0.02,0.03799999877810478,0.40119999647140503,0.6014999747276306,0.9642999768257141,0.029400000348687172,0.7059999704360962,0.4212999939918518,0.03871976806286703,0.3953994048981482,0.5960555428397054,0.9824902723735409,0.028038452735179575,0.6818875410086225,0.4373617151140632,8.320879120879113,8.742857142857147,3.3299145299145323,7.664957264957266,2.1318681318681314,0.1978021978021971,3.123321123321123,0.0
600048.572281284,631,0.02,0.03799999877810478,0.40119999647140503,0.6014999747276306,0.9642999768257141,0.029400000348687172,0.7059999704360962,0.4212999939918518,0.03871976806286703,0.3953994048981482,0.5960555428397054,0.9824902723735409,0.027656977187762166,0.6818875410086225,0.4373617151140632,8.294505494505486,8.742857142857147,3.3299145299145323,7.664957264957266,2.141636141636141,0.1978021978021971,3.118437118437118,0.0
600048.592113245,632,0.02,0.03799999877810478,0.40119999647140503,0.6014999747276306,0.9642999768257141,0.029400000348687172,0.7059999704360962,0.4212999939918518,0.03871976806286703,0.3953994048981482,0.5960555428397054,0.9824902723735409,0.027275501640344757,0.6818875410086225,0.4369802395666458,8.294505494505486,8.769230769230774,3.302564102564105,7.6512820512820525,2.1367521367521363,0.20268620268620197,3.123321123321123,0.0
600048.61211571,633,0.02,0.03799999877810478,0.40119999647140503,0.6014999747276306,0.9642999768257141,0.029400000348687172,0.7059999704360962,0.4212999939918518,0.03871976806286703,0.3953994048981482,0.5960555428397054,0.9824902723735409,0.027275501640344757,0.6818875410086225,0.4369802395666458,8.294505494505486,8.742857142857147,3.3162393162393187,7.664957264957266,2.1318681318681314,0.1978021978021971,3.118437118437118,0.0
600048.632103463,634,0.02,0.03799999877810478,0.40119999647140503,0.6014999747276306,0.9642999768257141,0.029400000348687172,0.7059999704360962,0.4212999939918518,0.03871976806286703,0.3953994048981482,0.5960555428397054,0.9824902723735409,0.027275501640344757,0.6818875410086225,0.4369802395666458,8.294505494505486,8.742857142857147,3.3299145299145323,7.664957264957266,2.1367521367521363,0.1978021978021971,3.123321123321123,0.0
600048.652111747,635,0.02,0.03799999877810478,0.40119999647140503,0.6014999747276306,0.9642999768257141,0.029400000348687172,0.7059999704360962,0.4212999939918518,0.03871976806286703,0.3953994048981482,0.5960555428397054,0.9824902723735409,0.027275501640344757,0.6818875410086225,0.4369802395666458,8.320879120879113,8.742857142857147,3.3162393162393187,7.664957264957266,2.1367521367521363,0.1978021978021971,3.123321123321123,0.0
600048.672650901,636,0.02,0.03799999877810478,0.40119999647140503,0.6014999747276306,0.9642999768257141,0.029400000348687172,0.7059999704360962,0.4212999939918518,0.03871976806286703,0.3953994048981482,0.5960555428397054,0.9824902723735409,0.027275501640344757,0.6818875410086225,0.4369802395666458,8.320879120879113,8.742857142857147,3.3162393162393187,7.6512820512820525,2.1367521367521363,0.20268620268620197,3.123321123321123,0.0
600048.692111273,637,0.02,0.03799999877810478,0.40119999647140503,0.6014999747276306,0.9642999768257141,0.029400000348687172,0.7059999704360962,0.4212999939918518,0.03871976806286703,0.3953994048981482,0.5960555428397054,0.9824902723735409,0.027275501640344757,0.6818875410086225,0.4369802395666458,8.294505494505486,8.769230769230774,3.3299145299145323,7.6512820512820525,2.1367521367521363,0.20268620268620197,3.118437118437118,0.0
600048.712064764,638,0.02,0.03799999877810478,0.40119999647140503,0.6014999747276306,0.9642999768257141,0.029400000348687172,0.7059999704360962,0.4212999939918518,0.03871976806286703,0.3953994048981482,0.5960555428397054,0.9824902723735409,0.027275501640344757,0.6818875410086225,0.4369802395666458,8.294505494505486,8.742857142857147,3.3299145299145323,7.664957264957266,2.1367521367521363,0.1978021978021971,3.123321123321123,0.0
600048.73210473,639,0.02,0.03799999877810478,0.40119999647140503,0.6014999747276306,0.9642999768257141,0.029400000348687172,0.7059999704360962,0.4212999939918518,0.03871976806286703,0.3953994048981482,0.5960555428397054,0.9824902723735409,0.027275501640344757,0.6818875410086225,0.4369802395666458,8.294505494505486,8.742857142857147,3.3299145299145323,7.664957264957266,2.1367521367521363,0.1978021978021971,3.123321123321123,0.0
600048.752110653,640,0.02,0.03799999877810478,0.40119999647140503,0.6014999747276306,0.9642999768257141,0.029400000348687172,0.7059999704360962,0.4212999939918518,0.03871976806286703,0.3953994048981482,0.5960555428397054,0.9824902723735409,0.027275501640344757,0.6818875410086225,0.4369802395666458,8.320879120879113,8.769230769230774,3.3299145299145323,7.6512820512820525,2.1367521367521363,0.20268620268620197,3.123321123321123,0.0
600048.772110566,641,0.02,0.03799999877810478,0.40119999647140503,0.6014999747276306,0.9642999768257141,0.029400000348687172,0.7059999704360962,0.4212999939918518,0.03871976806286703,0.3953994048981482,0.5960555428397054,0.9824902723735409,0.027275501640344757,0.6818875410086225,0.4369802395666458,8.294505494505486,8.742857142857147,3.3299145299145323,7.67863247863248,2.1367521367521363,0.20268620268620197,3.123321123321123,0.0
600048.792105846,642,0.02,0.03799999877810478,0.40119999647140503,0.6014999747276306,0.9642999768257141,0.029400000348687172,0.7059999704360962,0.4212999939918518,0.03871976806286703,0.3953994048981482,0.5960555428397054,0.9824902723735409,0.027275501640344757,0.6818875410086225,0.4369802395666458,8.294505494505486,8.742857142857147,3.3299145299145323,7.6512820512820525,2.1318681318681314,0.1978021978021971,3.123321123321123,0.0
600048.812174453,643,0.02,0.03799999877810478,0.40119999647140503,0.6014999747276306,0.9642999768257141,0.029400000348687172,0.7059999704360962,0.4212999939918518,0.03871976806286703,0.3953994048981482,0.5960555428397054,0.9824902723735409,0.027275501640344757,0.6818875410086225,0.4369802395666458,8.320879120879113,8.742857142857147,3.3162393162393187,7.664957264957266,2.141636141636141,0.20268620268620197,3.123321123321123,0.0
600048.832111014,644,0.02,0.03799999877810478,0.40119999647140503,0.6014999747276306,0.9642999768257141,0.029400000348687172,0.7059999704360962,0.4212999939918518,0.03871976806286703,0.3953994048981482,0.5960555428397054,0.9824902723735409,0.027275501640344757,0.6818875410086225,0.4369802395666458,8.320879120879113,8.742857142857147,3.3299145299145323,7.664957264957266,2.1367521367521363,0.1978021978021971,3.1282051282051277,0.0
600048.852104905,645,0.02,0.03799999877810478,0.40119999647140503,0.6014999747276306,0.9642999768257141,0.029400000348687172,0.7059999704360962,0.4212999939918518,0.03871976806286703,0.3953994048981482,0.5960555428397054,0.9824902723735409,0.027275501640344757,0.6818875410086225,0.4369802395666458,8.320879120879113,8.769230769230774,3.3299145299145323,7.664957264957266,2.1367521367521363,0.1978021978021971,3.123321123321123,0.0
600048.872109457,646,0.02,0.03799999877810478,0.40119999647140503,0.6014999747276306,0.9642999768257141,0.029400000348687172,0.7059999704360962,0.4212999939918518,0.03871976806286703,0.3953994048981482,0.5960555428397054,0.9824902723735409,0.027275501640344757,0.6818875410086225,0.4369802395666458,8.294505494505486,8.769230769230774,3.3162393162393187,7.664957264957266,2.1318681318681314,0.1978021978021971,3.123321123321123,0.0
600048.892119097,647,0.02,0.03799999877810478,0.40119999647140503,0.6014999747276306,0.9642999768257141,0.029400000348687172,0.7059999704360962,0.4212999939918518,0.03871976806286703,0.3953994048981482,0.5960555428397054,0.9824902723735409,0.027275501640344757,0.6818875410086225,0.4369802395666458,8.320879120879113,8.769230769230774,3.3299145299145323,7.664957264957266,2.141636141636141,0.1978021978021971,3.123321123321123,0.0
600048.912102381,648,0.02,0.03799999877810478,0.40119999647140503,0.6014999747276306,0.9642999768257141,0.029400000348687172,0.7059999704360962,0.4212999939918518,0.03871976806286703,0.3953994048981482,0.5960555428397054,0.9824902723735409,0.027275501640344757,0.6818875410086225,0.4369802395666458,8.294505494505486,8.742857142857147,3.3299145299145323,7.67863247863248,2.141636141636141,0.1978021978021971,3.123321123321123,0.0
600048.932109567,649,0.02,0.03799999877810478,0.40119999647140503,0.6014999747276306,0.9642999768257141,0.029400000348687172,0.7059999704360962,0.4212999939918518,0.03871976806286703,0.3953994048981482,0.5960555428397054,0.9824902723735409,0.027275501640344757,0.6818875410086225,0.4369802395666458,8.294505494505486,8.742857142857147,3.3162393162393187,7.67863247863248,2.1367521367521363,0.1978021978021971,3.123321123321123,0.0
600048.952111351,650,0.02,0.03799999877810478,0.40119999647140503,0.6014999747276306,0.9642999768257141,0.029400000348687172,0.7059999704360962,0.4212999939918518,0.03871976806286703,0.3953994048981482,0.5960555428397054,0.9824902723735409,0.027275501640344757,0.6818875410086225,0.4369802395666458,8.294505494505486,8.742857142857147,3.3162393162393187,7.6512820512820525,2.141636141636141,0.1978021978021971,3.123321123321123,0.0
600048.972108559,651,0.02,0.03799999877810478,0.40119999647140503,0.6014999747276306,0.9642999768257141,0.029400000348687172,0.7059999704360962,0.4212999939918518,0.03871976806286703,0.3953994048981482,0.5960555428397054,0.9824902723735409,0.027275501640344757,0.6818875410086225,0.43659876401922837,8.320879120879113,8.742857142857147,3.3162393162393187,7.6512820512820525,2.1367521367521363,0.1978021978021971,3.123321123321123,0.0
600048.992109544,652,0.02,0.03799999877810478,0.40119999647140503,0.6014999747276306,0.9642999768257141,0.029400000348687172,0.7059999704360962,0.4212999939918518,0.03871976806286703,0.3953994048981482,0.5960555428397054,0.9824902723735409,0.027275501640344757,0.6818875410086225,0.43659876401922837,8.320879120879113,8.742857142857147,3.3162393162393187,7.67863247863248,2.1367521367521363,0.1978021978021971,3.123321123321123,0.0
600049.012102484,653,0.02,0.03799999877810478,0.40119999647140503,0.6014999747276306,0.9642999768257141,0.029400000348687172,0.7059999704360962,0.4212999939918518,0.03871976806286703,0.3953994048981482,0.5960555428397054,0.9824902723735409,0.027275501640344757,0.6818875410086225,0.43659876401922837,8.320879120879113,8.769230769230774,3.302564102564105,7.6512820512820525,2.1318681318681314,0.1978021978021971,3.123321123321123,0.0
600049.032115348,654,0.02,0.03799999877810478,0.40119999647140503,0.6014999747276306,0.9642999768257141,0.029400000348687172,0.7059999704360962,0.4212999939918518,0.03871976806286703,0.3953994048981482,0.5960555428397054,0.9824902723735409,0.027275501640344757,0.6818875410086225,0.43659876401922837,8.320879120879113,8.742857142857147,3.3299145299145323,7.664957264957266,2.1318681318681314,0.1978021978021971,3.1282051282051277,0.0
600049.052107966,655,0.02,0.03799999877810478,0.40119999647140503,0.6014999747276306,0.9642999768257141,0.029400000348687172,0.7059999704360962,0.4212999939918518,0.03871976806286703,0.3953994048981482,0.5960555428397054,0.9824902723735409,0.027275501640344757,0.6818875410086225,0.43659876401922837,8.320879120879113,8.742857142857147,3.3162393162393187,7.664957264957266,2.1367521367521363,0.20268620268620197,3.1282051282051277,0.0
600049.072111901,656,0.02,0.03799999877810478,0.40119999647140503,0.6014999747276306,0.9642999768257141,0.029400000348687172,0.7059999704360962,0.4212999939918518,0.03871976806286703,0.3953994048981482,0.5960555428397054,0.9824902723735409,0.027275501640344757,0.6818875410086225,0.43659876401922837,8.320879120879113,8.769230769230774,3.3299145299145323,7.664957264957266,2.1367521367521363,0.1978021978021971,3.123321123321123,0.0
600049.092110524,657,0.02,0.03799999877810478,0.40119999647140503,0.6014999747276306,0.9642999768257141,0.029400000348687172,0.7059999704360962,0.4212999939918518,0.03871976806286703,0.3953994048981482,0.5960555428397054,0.9824902723735409,0.027275501640344757,0.6818875410086225,0.43659876401922837,8.320879120879113,8.769230769230774,3.3299145299145323,7.664957264957266,2.1367521367521363,0.1978021978021971,3.1282051282051277,0.0
600049.112111096,658,0.02,0.03799999877810478,0.40119999647140503,0.6014999747276306,0.9642999768257141,0.029400000348687172,0.7059999704360962,0.4212999939918518,0.03871976806286703,0.3953994048981482,0.5960555428397054,0.9824902723735409,0.027275501640344757,0.6818875410086225,0.43659876401922837,8.320879120879113,8.769230769230774,3.3162393162393187,7.67863247863248,2.1367521367521363,0.1978021978021971,3.1282051282051277,0.0
600049.132104531,659,0.02,0.03799999877810478,0.40119999647140503,0.6014999747276306,0.9642999768257141,0.029400000348687172,0.7059999704360962,0.4212999939918518,0.03871976806286703,0.3953994048981482,0.5960555428397054,0.9824902723735409,0.027275501640344757,0.6818875410086225,0.43659876401922837,8.320879120879113,8.769230769230774,3.3162393162393187,7.664957264957266,2.1367521367521363,0.1978021978021971,3.123321123321123,0.0
600049.152109877,660,0.02,0.03799999877810478,0.40119999647140503,0.6014999747276306,0.9642999768257141,0.029400000348687172,0.7059999704360962,0.4212999939918518,0.03871976806286703,0.3953994048981482,0.5960555428397054,0.9824902723735409,0.027275501640344757,0.6818875410086225,0.43659876401922837,8.320879120879113,8.742857142857147,3.3162393162393187,7.664957264957266,2.1367521367521363,0.20268620268620197,3.123321123321123,0.0
600049.172110905,661,0.02,0.03799999877810478,0.40119999647140503,0.6014999747276306,0.9642999768257141,0.029400000348687172,0.7059999704360962,0.4212999939918518,0.03871976806286703,0.3953994048981482,0.5960555428397054,0.9824902723735409,0.027275501640344757,0.6818875410086225,0.43659876401922837,8.294505494505486,8.742857142857147,3.3162393162393187,7.67863247863248,2.1318681318681314,0.20268620268620197,3.123321123321123,0.0
600049.192109445,662,0.02,0.03799999877810478,0.40119999647140503,0.6014999747276306,0.9642999768257141,0.029400000348687172,0.7059999704360962,0.4212999939918518,0.03871976806286703,0.3953994048981482,0.5960555428397054,0.9824902723735409,0.027275501640344757,0.6818875410086225,0.43659876401922837,8.320879120879113,8.742857142857147,3.3162393162393187,7.67863247863248,2.1318681318681314,0.1978021978021971,3.1282051282051277,0.0
600049.212149074,663,0.02,0.03799999877810478,0.40119999647140503,0.6014999747276306,0.9642999768257141,0.029400000348687172,0.7059999704360962,0.4212999939918518,0.03871976806286703,0.3953994048981482,0.5960555428397054,0.9824902723735409,0.027275501640344757,0.6818875410086225,0.43659876401922837,8.320879120879113,8.742857142857147,3.302564102564105,7.664957264957266,2.1367521367521363,0.1978021978021971,3.1282051282051277,0.0
600049.232109865,664,0.02,0.03799999877810478,0.40119999647140503,0.6014999747276306,0.9642999768257141,0.029400000348687172,0.7059999704360962,0.4212999939918518,0.03871976806286703,0.3953994048981482,0.5960555428397054,0.9824902723735409,0.027275501640344757,0.6818875410086225,0.43659876401922837,8.320879120879113,8.769230769230774,3.3162393162393187,7.664957264957266,2.1367521367521363,0.1978021978021971,3.1282051282051277,0.0
600049.252121673,665,0.02,0.03799999877810478,0.40119999647140503,0.6014999747276306,0.9642999768257141,0.029400000348687172,0.7059999704360962,0.4212999939918518,0.03871976806286703,0.3953994048981482,0.5960555428397054,0.9824902723735409,0.027275501640344757,0.6818875410086225,0.43659876401922837,8.320879120879113,8.742857142857147,3.3299145299145323,7.664957264957266,2.1367521367521363,0.1978021978021971,3.1282051282051277,0.0
600049.272103426,666,0.02,0.03799999877810478,0.40119999647140503,0.6014999747276306,0.9642999768257141,0.029400000348687172,0.7059999704360962,0.4212999939918518,0.03871976806286703,0.3953994048981482,0.5960555428397054,0.9824902723735409,0.027275501640344757,0.6818875410086225,0.43659876401922837,8.320879120879113,8.742857142857147,3.3162393162393187,7.664957264957266,2.1367521367521363,0.1978021978021971,3.123321123321123,0.0
600049.292110087,667,0.02,0.03799999877810478,0.40119999647140503,0.6014999747276306,0.9642999768257141,0.029400000348687172,0.7059999704360962,0.4212999939918518,0.03871976806286703,0.3953994048981482,0.5960555428397054,0.9824902723735409,0.027275501640344757,0.6818875410086225,0.43659876401922837,8.294505494505486,8.742857142857147,3.3162393162393187,7.6512820512820525,2.1318681318681314,0.1978021978021971,3.1282051282051277,0.0
600049.312107189,668,0.02,0.03799999877810478,0.40119999647140503,0.6014999747276306,0.9642999768257141,0.029400000348687172,0.7059999704360962,0.4212999939918518,0.03871976806286703,0.3953994048981482,0.5960555428397054,0.9824902723735409,0.027275501640344757,0.6818875410086225,0.43659876401922837,8.320879120879113,8.742857142857147,3.3299145299145323,7.664957264957266,2.1318681318681314,0.1978021978021971,3.1282051282051277,0.0
600049.332123088,669,0.02,0.03799999877810478,0.40119999647140503,0.6014999747276306,0.9642999768257141,0.029400000348687172,0.7059999704360962,0.4212999939918518,0.03871976806286703,0.3953994048981482,0.5960555428397054,0.9824902723735409,0.027275501640344757,0.6818875410086225,0.43659876401922837,8.320879120879113,8.769230769230774,3.3162393162393187,7.664957264957266,2.1367521367521363,0.1978021978021971,3.1282051282051277,0.0
600049.352112827,670,0.02,0.03799999877810478,0.40119999647140503,0.6014999747276306,0.9642999768257141,0.029400000348687172,0.7059999704360962,0.4212999939918518,0.03871976806286703,0.3953994048981482,0.5960555428397054,0.9824902723735409,0.027275501640344757,0.6818875410086225,0.43659876401922837,8.320879120879113,8.769230769230774,3.3162393162393187,7.67863247863248,2.1367521367521363,0.1978021978021971,3.1282051282051277,0.0
600049.372111915,671,0.02,0.03799999877810478,0.40119999647140503,0.6014999747276306,0.9642999768257141,0.029400000348687172,0.7059999704360962,0.4212999939918518,0.03871976806286703,0.3953994048981482,0.5960555428397054,0.9824902723735409,0.027275501640344757,0.6818875410086225,0.43621728847181096,8.320879120879113,8.742857142857147,3.302564102564105,7.664957264957266,2.1367521367521363,0.20268620268620197,3.1330891330891326,0.0
600049.392142849,672,0.02,0.03799999877810478,0.40119999647140503,0.6014999747276306,0.9642999768257141,0.029400000348687172,0.7059999704360962,0.4212999939918518,0.03871976806286703,0.3953994048981482,0.5960555428397054,0.9824902723735409,0.027275501640344757,0.6818875410086225,0.43621728847181096,8.320879120879113,8.769230769230774,3.3162393162393187,7.664957264957266,2.141636141636141,0.1978021978021971,3.1282051282051277,0.0
600049.412111724,673,0.02,0.03799999877810478,0.40119999647140503,0.6014999747276306,0.9642999768257141,0.029400000348687172,0.7059999704360962,0.4212999939918518,0.03871976806286703,0.3953994048981482,0.5960555428397054,0.9824902723735409,0.027275501640344757,0.6818875410086225,0.43621728847181096,8.320879120879113,8.742857142857147,3.3299145299145323,7.664957264957266,2.1367521367521363,0.1978021978021971,3.1330891330891326,0.0
600049.432111327,674,0.02,0.03799999877810478,0.40119999647140503,0.6014999747276306,0.9642999768257141,0.029400000348687172,0.7059999704360962,0.4212999939918518,0.03871976806286703,0.3953994048981482,0.5960555428397054,0.9824902723735409,0.027275501640344757,0.6818875410086225,0.43621728847181096,8.320879120879113,8.769230769230774,3.302564102564105,7.6512820512820525,2.1367521367521363,0.1978021978021971,3.1282051282051277,0.0
600049.452112554,675,0.02,0.03799999877810478,0.40119999647140503,0.6014999747276306,0.9642999768257141,0.029400000348687172,0.7059999704360962,0.4212999939918518,0.03871976806286703,0.3953994048981482,0.5960555428397054,0.9824902723735409,0.027275501640344757,0.6818875410086225,0.43621728847181096,8.320879120879113,8.769230769230774,3.3299145299145323,7.67863247863248,2.1318681318681314,0.1978021978021971,3.1282051282051277,0.0
600049.47211555,676,0.02,0.03799999877810478,0.40119999647140503,0.6014999747276306,0.9642999768257141,0.029400000348687172,0.7059999704360962,0.4212999939918518,0.03871976806286703,0.3953994048981482,0.5960555428397054,0.9824902723735409,0.027275501640344757,0.6818875410086225,0.43621728847181096,8.320879120879113,8.769230769230774,3.343589743589746,7.6512820512820525,2.1367521367521363,0.1978021978021971,3.1282051282051277,0.0
600049.49211986,677,0.02,0.03799999877810478,0.40119999647140503,0.6014999747276306,0.9642999768257141,0.029400000348687172,0.7059999704360962,0.4212999939918518,0.03871976806286703,0.3953994048981482,0.5960555428397054,0.9824902723735409,0.027275501640344757,0.6818875410086225,0.43621728847181096,8.320879120879113,8.742857142857147,3.3299145299145323,7.664957264957266,2.1367521367521363,0.1978021978021971,3.1428571428571423,0.0
600049.512112812,678,0.02,0.03799999877810478,0.40119999647140503,0.6014999747276306,0.9642999768257141,0.029400000348687172,0.7059999704360962,0.4212999939918518,0.03871976806286703,0.3953994048981482,0.5960555428397054,0.9824902723735409,0.027275501640344757,0.6818875410086225,0.43621728847181096,8.320879120879113,8.742857142857147,3.3162393162393187,7.664957264957266,2.1367521367521363,0.19291819291819223,3.1330891330891326,0.0
600049.532112147,679,0.02,0.03799999877810478,0.40119999647140503,0.6014999747276306,0.9642999768257141,0.029400000348687172,0.7059999704360962,0.4212999939918518,0.03871976806286703,0.3953994048981482,0.5960555428397054,0.9824902723735409,0.027275501640344757,0.6818875410086225,0.43583581292439355,8.320879120879113,8.742857142857147,3.3299145299145323,7.664957264957266,2.1367521367521363,0.20268620268620197,3.1330891330891326,0.0
600049.552112901,680,0.02,0.03799999877810478,0.40119999647140503,0.6014999747276306,0.9642999768257141,0.029400000348687172,0.7059999704360962,0.4212999939918518,0.03871976806286703,0.3953994048981482,0.5960555428397054,0.9824902723735409,0.027275501640344757,0.6818875410086225,0.43583581292439355,8.320879120879113,8.769230769230774,3.3162393162393187,7.67863247863248,2.1318681318681314,0.19291819291819223,3.1330891330891326,0.0
600049.572116609,681,0.02,0.03799999877810478,0.40119999647140503,0.6014999747276306,0.9642999768257141,0.029400000348687172,0.7059999704360962,0.4212999939918518,0.03871976806286703,0.3953994048981482,0.5960555428397054,0.9824902723735409,0.027275501640344757,0.6818875410086225,0.43583581292439355,8.320879120879113,8.742857142857147,3.3299145299145323,7.664957264957266,2.1318681318681314,0.19291819291819223,3.1330891330891326,0.0
600049.592111233,682,0.02,0.03799999877810478,0.40119999647140503,0.6014999747276306,0.9642999768257141,0.029400000348687172,0.7059999704360962,0.4212999939918518,0.03871976806286703,0.3953994048981482,0.5960555428397054,0.9824902723735409,0.027275501640344757,0.6818875410086225,0.43583581292439355,8.294505494505486,8.769230769230774,3.3162393162393187,7.664957264957266,2.1367521367521363,0.1978021978021971,3.1379731379731375,0.0
600049.612116971,683,0.02,0.03799999877810478,0.40119999647140503,0.6014999747276306,0.9642999768257141,0.029400000348687172,0.7059999704360962,0.4212999939918518,0.03871976806286703,0.3953994048981482,0.5960555428397054,0.9824902723735409,0.027275501640344757,0.6818875410086225,0.43583581292439355,8.294505494505486,8.742857142857147,3.302564102564105,7.6512820512820525,2.141636141636141,0.1978021978021971,3.1379731379731375,0.0
600049.632108321,684,0.02,0.03799999877810478,0.40119999647140503,0.6014999747276306,0.9642999768257141,0.029400000348687172,0.7059999704360962,0.4212999939918518,0.03871976806286703,0.3953994048981482,0.5960555428397054,0.9824902723735409,0.027275501640344757,0.6818875410086225,0.43545433737697614,8.320879120879113,8.742857142857147,3.3162393162393187,7.6512820512820525,2.1367521367521363,0.1978021978021971,3.1428571428571423,0.0
600049.652102348,685,0.02,0.03799999877810478,0.40119999647140503,0.6014999747276306,0.9642999768257141,0.029400000348687172,0.7059999704360962,0.4212999939918518,0.03871976806286703,0.3953994048981482,0.5960555428397054,0.9824902723735409,0.027275501640344757,0.6818875410086225,0.43545433737697614,8.320879120879113,8.769230769230774,3.3162393162393187,7.6512820512820525,2.1367521367521363,0.20268620268620197,3.1379731379731375,0.0
600049.672114595,686,0.02,0.03799999877810478,0.40119999647140503,0.6014999747276306,0.9642999768257141,0.029400000348687172,0.7059999704360962,0.4212999939918518,0.03871976806286703,0.3953994048981482,0.5960555428397054,0.9824902723735409,0.027275501640344757,0.6818875410086225,0.43545433737697614,8.294505494505486,8.769230769230774,3.302564102564105,7.67863247863248,2.1318681318681314,0.1978021978021971,3.1379731379731375,0.0
600049.692128973,687,0.02,0.03799999877810478,0.40119999647140503,0.6014999747276306,0.9642999768257141,0.029400000348687172,0.7059999704360962,0.4212999939918518,0.03871976806286703,0.3953994048981482,0.5960555428397054,0.9824902723735409,0.027275501640344757,0.6818875410086225,0.43545433737697614,8.294505494505486,8.769230769230774,3.3299145299145323,7.664957264957266,2.1318681318681314,0.1978021978021971,3.1379731379731375,0.0
600049.712109543,688,0.02,0.03799999877810478,0.40119999647140503,0.6014999747276306,0.9642999768257141,0.029400000348687172,0.7059999704360962,0.4212999939918518,0.03871976806286703,0.3953994048981482,0.5960555428397054,0.9824902723735409,0.027275501640344757,0.6818875410086225,0.43545433737697614,8.320879120879113,8.742857142857147,3.3162393162393187,7.664957264957266,2.1367521367521363,0.1978021978021971,3.1379731379731375,0.0
600049.73210533,689,0.02,0.03799999877810478,0.40119999647140503,0.6014999747276306,0.9642999768257141,0.029400000348687172,0.7059999704360962,0.4212999939918518,0.03871976806286703,0.3953994048981482,0.5960555428397054,0.9824902723735409,0.027275501640344757,0.6818875410086225,0.43545433737697614,8.320879120879113,8.769230769230774,3.3299145299145323,7.664957264957266,2.1367521367521363,0.1978021978021971,3.1379731379731375,0.0
600049.752111077,690,0.02,0.03799999877810478,0.40119999647140503,0.6014999747276306,0.9642999768257141,0.029400000348687172,0.7059999704360962,0.4212999939918518,0.03871976806286703,0.3953994048981482,0.5960555428397054,0.9824902723735409,0.027275501640344757,0.6818875410086225,0.43545433737697614,8.320879120879113,8.742857142857147,3.343589743589746,7.664957264957266,2.1318681318681314,0.1978021978021971,3.1379731379731375,0.0
600049.772113756,691,0.02,0.03799999877810478,0.40119999647140503,0.6014999747276306,0.9642999768257141,0.029400000348687172,0.7059999704360962,0.4212999939918518,0.03871976806286703,0.3953994048981482,0.5960555428397054,0.9824902723735409,0.027275501640344757,0.6818875410086225,0.43545433737697614,8.320879120879113,8.742857142857147,3.3162393162393187,7.664957264957266,2.1318681318681314,0.1978021978021971,3.1379731379731375,0.0
600049.792113361,692,0.02,0.03799999877810478,0.40119999647140503,0.6014999747276306,0.9642999768257141,0.029400000348687172,0.7059999704360962,0.4212999939918518,0.03871976806286703,0.3953994048981482,0.5960555428397054,0.9824902723735409,0.027275501640344757,0.6818875410086225,0.43545433737697614,8.320879120879113,8.742857142857147,3.3299145299145323,7.6512820512820525,2.141636141636141,0.19291819291819223,3.1379731379731375,0.0
600049.812109319,693,0.02,0.03799999877810478,0.40119999647140503,0.6014999747276306,0.9642999768257141,0.029400000348687172,0.7059999704360962,0.4212999939918518,0.03871976806286703,0.3953994048981482,0.5960555428397054,0.9824902723735409,0.027275501640344757,0.6818875410086225,0.43545433737697614,8.320879120879113,8.769230769230774,3.3299145299145323,7.664957264957266,2.141636141636141,0.1978021978021971,3.1428571428571423,0.0
600049.832110626,694,0.02,0.03799999877810478,0.40119999647140503,0.6014999747276306,0.9642999768257141,0.029400000348687172,0.7059999704360962,0.4212999939918518,0.03871976806286703,0.3953994048981482,0.5960555428397054,0.9824902723735409,0.027275501640344757,0.6818875410086225,0.43507286182955873,8.320879120879113,8.742857142857147,3.3162393162393187,7.664957264957266,2.1367521367521363,0.1978021978021971,3.1379731379731375,0.0
600049.85211207,695,0.02,0.03799999877810478,0.40119999647140503,0.6014999747276306,0.9642999768257141,0.029400000348687172,0.7059999704360962,0.4212999939918518,0.03871976806286703,0.3953994048981482,0.5960555428397054,0.9824902723735409,0.027275501640344757,0.6818875410086225,0.43507286182955873,8.320879120879113,8.742857142857147,3.3162393162393187,7.664957264957266,2.1367521367521363,0.19291819291819223,3.1428571428571423,0.0
600049.872109628,696,0.02,0.03799999877810478,0.40119999647140503,0.6014999747276306,0.9642999768257141,0.029400000348687172,0.7059999704360962,0.4212999939918518,0.03871976806286703,0.3953994048981482,0.5960555428397054,0.9824902723735409,0.027275501640344757,0.6818875410086225,0.4346913862821413,8.320879120879113,8.769230769230774,3.302564102564105,7.6512820512820525,2.1367521367521363,0.1978021978021971,3.147741147741147,0.0
600049.892109785,697,0.02,0.03799999877810478,0.40119999647140503,0.6014999747276306,0.9642999768257141,0.029400000348687172,0.7059999704360962,0.4212999939918518,0.03871976806286703,0.3953994048981482,0.5960555428397054,0.9824902723735409,0.027275501640344757,0.6818875410086225,0.4346913862821413,8.320879120879113,8.742857142857147,3.3299145299145323,7.6512820512820525,2.1367521367521363,0.1978021978021971,3.147741147741147,0.0
600049.912111801,698,0.02,0.03799999877810478,0.40119999647140503,0.6014999747276306,0.9642999768257141,0.029400000348687172,0.7059999704360962,0.4212999939918518,0.03871976806286703,0.3953994048981482,0.5960555428397054,0.9824902723735409,0.027275501640344757,0.6818875410086225,0.4346913862821413,8.320879120879113,8.742857142857147,3.3299145299145323,7.664957264957266,2.1318681318681314,0.1978021978021971,3.147741147741147,0.0
600049.932104182,699,0.02,0.03799999877810478,0.40119999647140503,0.6014999747276306,0.9642999768257141,0.029400000348687172,0.7059999704360962,0.4212999939918518,0.03871976806286703,0.3953994048981482,0.5960555428397054,0.9824902723735409,0.027275501640344757,0.6818875410086225,0.4346913862821413,8.320879120879113,8.742857142857147,3.3299145299145323,7.6512820512820525,2.1367521367521363,0.19291819291819223,3.147741147741147,0.0
600049.952109519,700,0.02,0.03799999877810478,0.40119999647140503,0.6014999747276306,0.9642999768257141,0.029400000348687172,0.7059999704360962,0.4212999939918518,0.03871976806286703,0.3953994048981482,0.5960555428397054,0.9824902723735409,0.027275501640344757,0.6818875410086225,0.4346913862821413,8.320879120879113,8.769230769230774,3.3299145299145323,7.664957264957266,2.1367521367521363,0.1978021978021971,3.147741147741147,0.0
600049.972109048,701,0.02,0.03799999877810478,0.40119999647140503,0.6014999747276306,0.9642999768257141,0.029400000348687172,0.7059999704360962,0.4212999939918518,0.03871976806286703,0.3953994048981482,0.5960555428397054,0.9824902723735409,0.027275501640344757,0.6818875410086225,0.4346913862821413,8.320879120879113,8.742857142857147,3.3299145299145323,7.664957264957266,2.1318681318681314,0.1978021978021971,3.147741147741147,0.0
600049.992110016,702,0.02,0.03799999877810478,0.40119999647140503,0.6014999747276306,0.9642999768257141,0.029400000348687172,0.7059999704360962,0.4212999939918518,0.03871976806286703,0.3953994048981482,0.5960555428397054,0.9824902723735409,0.027275501640344757,0.6818875410086225,0.4346913862821413,8.320879120879113,8.769230769230774,3.3162393162393187,7.6512820512820525,2.1367521367521363,0.1978021978021971,3.147741147741147,0.0
600050.012105726,703,0.02,0.03799999877810478,0.40119999647140503,0.6014999747276306,0.9642999768257141,0.029400000348687172,0.7059999704360962,0.4212999939918518,0.03871976806286703,0.3953994048981482,0.5960555428397054,0.9824902723735409,0.027275501640344757,0.6818875410086225,0.4343099107347239,8.320879120879113,8.742857142857147,3.3162393162393187,7.664957264957266,2.1367521367521363,0.1978021978021971,3.147741147741147,0.0
600050.032108189,704,0.02,0.03799999877810478,0.40119999647140503,0.6014999747276306,0.9642999768257141,0.029400000348687172,0.7059999704360962,0.4212999939918518,0.03871976806286703,0.3953994048981482,0.5960555428397054,0.9824902723735409,0.027275501640344757,0.6818875410086225,0.4343099107347239,8.320879120879113,8.769230769230774,3.3299145299145323,7.664957264957266,2.1367521367521363,0.1978021978021971,3.147741147741147,0.0
600050.052108875,705,0.02,0.03799999877810478,0.40119999647140503,0.6014999747276306,0.9642999768257141,0.029400000348687172,0.7059999704360962,0.4212999939918518,0.03871976806286703,0.3953994048981482,0.5960555428397054,0.9824902723735409,0.027275501640344757,0.6818875410086225,0.4343099107347239,8.320879120879113,8.769230769230774,3.3299145299145323,7.664957264957266,2.1367521367521363,0.1978021978021971,3.147741147741147,0.0
600050.072111136,706,0.02,0.03799999877810478,0.40119999647140503,0.6014999747276306,0.9642999768257141,0.029400000348687172,0.7059999704360962,0.4212999939918518,0.03871976806286703,0.3953994048981482,0.5960555428397054,0.9824902723735409,0.027275501640344757,0.6818875410086225,0.4343099107347239,8.320879120879113,8.769230769230774,3.3162393162393187,7.664957264957266,2.1367521367521363,0.1978021978021971,3.152625152625152,0.0
600050.092139771,707,0.02,0.03799999877810478,0.40119999647140503,0.6014999747276306,0.9642999768257141,0.029400000348687172,0.7059999704360962,0.4212999939918518,0.03871976806286703,0.3953994048981482,0.5960555428397054,0.9824902723735409,0.027275501640344757,0.6818875410086225,0.4343099107347239,8.320879120879113,8.769230769230774,3.3162393162393187,7.664957264957266,2.1318681318681314,0.1978021978021971,3.152625152625152,0.0
600050.112117533,708,0.02,0.03799999877810478,0.40119999647140503,0.6014999747276306,0.9642999768257141,0.029400000348687172,0.7059999704360962,0.4212999939918518,0.03871976806286703,0.3953994048981482,0.5960555428397054,0.9824902723735409,0.027275501640344757,0.6818875410086225,0.4343099107347239,8.294505494505486,8.769230769230774,3.3162393162393187,7.664957264957266,2.141636141636141,0.1978021978021971,3.152625152625152,0.0
600050.132109785,709,0.02,0.03799999877810478,0.40119999647140503,0.6014999747276306,0.9642999768257141,0.029400000348687172,0.7059999704360962,0.4212999939918518,0.03871976806286703,0.3953994048981482,0.5960555428397054,0.9824902723735409,0.027275501640344757,0.6818875410086225,0.4343099107347239,8.320879120879113,8.742857142857147,3.3299145299145323,7.67863247863248,2.1367521367521363,0.1978021978021971,3.147741147741147,0.0
600050.152106635,710,0.02,0.03799999877810478,0.40119999647140503,0.6014999747276306,0.9642999768257141,0.029400000348687172,0.7059999704360962,0.4212999939918518,0.03871976806286703,0.3953994048981482,0.5960555428397054,0.9824902723735409,0.027275501640344757,0.6818875410086225,0.4343099107347239,8.320879120879113,8.742857142857147,3.3162393162393187,7.67863247863248,2.1318681318681314,0.19291819291819223,3.152625152625152,0.0
600050.17210941,711,0.02,0.03799999877810478,0.40119999647140503,0.6014999747276306,0.9642999768257141,0.029400000348687172,0.7059999704360962,0.4212999939918518,0.03871976806286703,0.3953994048981482,0.5960555428397054,0.9824902723735409,0.027275501640344757,0.6818875410086225,0.4343099107347239,8.320879120879113,8.742857142857147,3.3162393162393187,7.664957264957266,2.1367521367521363,0.1978021978021971,3.152625152625152,0.0
600050.192110422,712,0.02,0.03799999877810478,0.40119999647140503,0.6014999747276306,0.9642999768257141,0.029400000348687172,0.7059999704360962,0.4212999939918518,0.03871976806286703,0.3953994048981482,0.5960555428397054,0.9824902723735409,0.027275501640344757,0.6818875410086225,0.4343099107347239,8.320879120879113,8.742857142857147,3.3299145299145323,7.6512820512820525,2.1367521367521363,0.1978021978021971,3.152625152625152,0.0
600050.212147168,713,0.02,0.03799999877810478,0.40119999647140503,0.6014999747276306,0.9642999768257141,0.029400000348687172,0.7059999704360962,0.4212999939918518,0.03871976806286703,0.3953994048981482,0.5960555428397054,0.9824902723735409,0.027275501640344757,0.6818875410086225,0.4343099107347239,8.320879120879113,8.742857142857147,3.3162393162393187,7.6512820512820525,2.1318681318681314,0.1978021978021971,3.152625152625152,0.0
600050.232105161,714,0.02,0.03799999877810478,0.40119999647140503,0.6014999747276306,0.9642999768257141,0.029400000348687172,0.7059999704360962,0.4212999939918518,0.03871976806286703,0.3953994048981482,0.5960555428397054,0.9824902723735409,0.027275501640344757,0.6818875410086225,0.4343099107347239,8.320879120879113,8.742857142857147,3.3162393162393187,7.664957264957266,2.1367521367521363,0.1978021978021971,3.152625152625152,0.0
600050.252115891,715,0.02,0.03799999877810478,0.40119999647140503,0.6014999747276306,0.9642999768257141,0.029400000348687172,0.7059999704360962,0.4212999939918518,0.03871976806286703,0.3953994048981482,0.5960555428397054,0.9824902723735409,0.027275501640344757,0.6818875410086225,0.4343099107347239,8.320879120879113,8.742857142857147,3.3162393162393187,7.67863247863248,2.1367521367521363,0.1978021978021971,3.152625152625152,0.0
600050.272118333,716,0.02,0.03799999877810478,0.40119999647140503,0.6014999747276306,0.9642999768257141,0.029400000348687172,0.7059999704360962,0.4212999939918518,0.03871976806286703,0.3953994048981482,0.5960555428397054,0.9824902723735409,0.027275501640344757,0.6818875410086225,0.4343099107347239,8.320879120879113,8.742857142857147,3.3162393162393187,7.664957264957266,2.1318681318681314,0.19291819291819223,3.152625152625152,0.0
600050.292106241,717,0.02,0.03799999877810478,0.40119999647140503,0.6014999747276306,0.9642999768257141,0.029400000348687172,0.7059999704360962,0.4212999939918518,0.03871976806286703,0.3953994048981482,0.5960555428397054,0.9824902723735409,0.027275501640344757,0.6818875410086225,0.4343099107347239,8.320879120879113,8.769230769230774,3.3162393162393187,7.664957264957266,2.1318681318681314,0.19291819291819223,3.152625152625152,0.0
600050.312123109,718,0.02,0.03799999877810478,0.40119999647140503,0.6014999747276306,0.9642999768257141,0.029400000348687172,0.7059999704360962,0.4212999939918518,0.03871976806286703,0.3953994048981482,0.5960555428397054,0.9824902723735409,0.027275501640344757,0.6818875410086225,0.4343099107347239,8.320879120879113,8.742857142857147,3.3162393162393187,7.664957264957266,2.1367521367521363,0.1978021978021971,3.152625152625152,0.0
600050.332111224,719,0.02,0.03799999877810478,0.40119999647140503,0.6014999747276306,0.9642999768257141,0.029400000348687172,0.7059999704360962,0.4212999939918518,0.03871976806286703,0.3953994048981482,0.5960555428397054,0.9824902723735409,0.027275501640344757,0.6818875410086225,0.4343099107347239,8.320879120879113,8.769230769230774,3.302564102564105,7.664957264957266,2.1318681318681314,0.19291819291819223,3.152625152625152,0.0
600050.352106823,720,0.02,0.03799999877810478,0.40119999647140503,0.6014999747276306,0.9642999768257141,0.029400000348687172,0.7059999704360962,0.4212999939918518,0.03871976806286703,0.3953994048981482,0.5960555428397054,0.9824902723735409,0.027275501640344757,0.6818875410086225,0.4343099107347239,8.320879120879113,8.769230769230774,3.302564102564105,7.664957264957266,2.1367521367521363,0.19291819291819223,3.152625152625152,0.0
600050.372153111,721,0.02,0.03799999877810478,0.40119999647140503,0.6014999747276306,0.9642999768257141,0.029400000348687172,0.7059999704360962,0.4212999939918518,0.03871976806286703,0.3953994048981482,0.5960555428397054,0.9824902723735409,0.027275501640344757,0.6818875410086225,0.4343099107347239,8.320879120879113,8.769230769230774,3.3299145299145323,7.664957264957266,2.1367521367521363,0.1978021978021971,3.152625152625152,0.0
600050.392122949,722,0.02,0.03799999877810478,0.40119999647140503,0.6014999747276306,0.9642999768257141,0.029400000348687172,0.7059999704360962,0.4212999939918518,0.03871976806286703,0.3953994048981482,0.5960555428397054,0.9824902723735409,0.027275501640344757,0.6818875410086225,0.4343099107347239,8.320879120879113,8.742857142857147,3.3299145299145323,7.664957264957266,2.1367521367521363,0.1978021978021971,3.152625152625152,0.0
600050.412125606,723,0.02,0.03799999877810478,0.40119999647140503,0.6014999747276306,0.9642999768257141,0.029400000348687172,0.7059999704360962,0.4212999939918518,0.03871976806286703,0.3953994048981482,0.5960555428397054,0.9824902723735409,0.027275501640344757,0.6818875410086225,0.4343099107347239,8.320879120879113,8.742857142857147,3.3162393162393187,7.664957264957266,2.1318681318681314,0.1978021978021971,3.152625152625152,0.0
600050.43211924,724,0.02,0.03799999877810478,0.40119999647140503,0.6014999747276306,0.9642999768257141,0.029400000348687172,0.7059999704360962,0.4212999939918518,0.03871976806286703,0.3953994048981482,0.5960555428397054,0.9824902723735409,0.027275501640344757,0.6818875410086225,0.4343099107347239,8.320879120879113,8.742857142857147,3.3299145299145323,7.664957264957266,2.1367521367521363,0.1978021978021971,3.152625152625152,0.0
600050.452127,725,0.02,0.03799999877810478,0.40119999647140503,0.6014999747276306,0.9642999768257141,0.029400000348687172,0.7059999704360962,0.4212999939918518,0.03871976806286703,0.3953994048981482,0.5960555428397054,0.9824902723735409,0.027275501640344757,0.6818875410086225,0.4343099107347239,8.320879120879113,8.742857142857147,3.3162393162393187,7.664957264957266,2.1367521367521363,0.1978021978021971,3.152625152625152,0.0
600050.472117146,726,0.02,0.03799999877810478,0.40119999647140503,0.6014999747276306,0.9642999768257141,0.029400000348687172,0.7059999704360962,0.4212999939918518,0.03871976806286703,0.3953994048981482,0.5960555428397054,0.9824902723735409,0.027275501640344757,0.6818875410086225,0.4343099107347239,8.294505494505486,8.742857142857147,3.3162393162393187,7.67863247863248,2.1367521367521363,0.1978021978021971,3.152625152625152,0.0
600050.492120746,727,0.02,0.03799999877810478,0.40119999647140503,0.6014999747276306,0.9642999768257141,0.029400000348687172,0.7059999704360962,0.4212999939918518,0.03871976806286703,0.3953994048981482,0.5960555428397054,0.9824902723735409,0.027275501640344757,0.6818875410086225,0.4343099107347239,8.320879120879113,8.742857142857147,3.3162393162393187,7.6512820512820525,2.1367521367521363,0.1978021978021971,3.152625152625152,0.0
600050.51211398,728,0.02,0.03799999877810478,0.40119999647140503,0.6014999747276306,0.9642999768257141,0.029400000348687172,0.7059999704360962,0.4212999939918518,0.03871976806286703,0.3953994048981482,0.5960555428397054,0.9824902723735409,0.027275501640344757,0.6818875410086225,0.4343099107347239,8.320879120879113,8.742857142857147,3.3162393162393187,7.664957264957266,2.1367521367521363,0.19291819291819223,3.147741147741147,0.0
600050.5321128,729,0.02,0.03799999877810478,0.40119999647140503,0.6014999747276306,0.9642999768257141,0.029400000348687172,0.7059999704360962,0.4212999939918518,0.03871976806286703,0.3953994048981482,0.5960555428397054,0.9824902723735409,0.027275501640344757,0.6818875410086225,0.4343099107347239,8.320879120879113,8.769230769230774,3.3162393162393187,7.6512820512820525,2.1318681318681314,0.19291819291819223,3.152625152625152,0.0
600050.552102381,730,0.02,0.03799999877810478,0.40119999647140503,0.6014999747276306,0.9642999768257141,0.029400000348687172,0.7059999704360962,0.4212999939918518,0.03871976806286703,0.3953994048981482,0.5960555428397054,0.9824902723735409,0.027275501640344757,0.6818875410086225,0.4343099107347239,8.320879120879113,8.742857142857147,3.3299145299145323,7.664957264957266,2.1367521367521363,0.1978021978021971,3.147741147741147,0.0
600050.572109906,731,0.02,0.03799999877810478,0.40119999647140503,0.6014999747276306,0.9642999768257141,0.029400000348687172,0.7059999704360962,0.4212999939918518,0.03871976806286703,0.3953994048981482,0.5960555428397054,0.9824902723735409,0.027275501640344757,0.6818875410086225,0.4343099107347239,8.320879120879113,8.742857142857147,3.3299145299145323,7.6512820512820525,2.1318681318681314,0.1978021978021971,3.147741147741147,0.0
600050.592112237,732,0.02,0.03799999877810478,0.40119999647140503,0.6014999747276306,0.9642999768257141,0.029400000348687172,0.7059999704360962,0.4212999939918518,0.03871976806286703,0.3953994048981482,0.5960555428397054,0.9824902723735409,0.027275501640344757,0.6818875410086225,0.4343099107347239,8.320879120879113,8.742857142857147,3.3162393162393187,7.664957264957266,2.1367521367521363,0.1978021978021971,3.152625152625152,0.0
600050.612103285,733,0.02,0.03799999877810478,0.40119999647140503,0.6014999747276306,0.9642999768257141,0.029400000348687172,0.7059999704360962,0.4212999939918518,0.03871976806286703,0.3953994048981482,0.5960555428397054,0.9824902723735409,0.027275501640344757,0.6818875410086225,0.4343099107347239,8.320879120879113,8.742857142857147,3.3162393162393187,7.664957264957266,2.1318681318681314,0.1978021978021971,3.147741147741147,0.0
600050.632102614,734,0.02,0.03799999877810478,0.40119999647140503,0.6014999747276306,0.9642999768257141,0.029400000348687172,0.7059999704360962,0.4212999939918518,0.03871976806286703,0.3953994048981482,0.5960555428397054,0.9824902723735409,0.027275501640344757,0.6818875410086225,0.4343099107347239,8.320879120879113,8.742857142857147,3.3299145299145323,7.6512820512820525,2.1367521367521363,0.19291819291819223,3.152625152625152,0.0
600050.652102405,735,0.02,0.03799999877810478,0.40119999647140503,0.6014999747276306,0.9642999768257141,0.029400000348687172,0.7059999704360962,0.4212999939918518,0.03871976806286703,0.3953994048981482,0.5960555428397054,0.9824902723735409,0.027275501640344757,0.6818875410086225,0.4343099107347239,8.320879120879113,8.742857142857147,3.3162393162393187,7.664957264957266,2.1318681318681314,0.19291819291819223,3.152625152625152,0.0
600050.672136158,736,0.02,0.03799999877810478,0.40119999647140503,0.6014999747276306,0.9642999768257141,0.029400000348687172,0.7059999704360962,0.4212999939918518,0.03871976806286703,0.3953994048981482,0.5960555428397054,0.9824902723735409,0.027275501640344757,0.6818875410086225,0.4343099107347239,8.320879120879113,8.742857142857147,3.3162393162393187,7.67863247863248,2.1367521367521363,0.19291819291819223,3.147741147741147,0.0
