t_send,step_idx,publish_dt,cmd_r_aj_1,cmd_r_aj_2,cmd_r_aj_3,cmd_r_aj_4,cmd_r_aj_5,cmd_r_aj_6,cmd_r_aj_7,meas_r_aj_1,meas_r_aj_2,meas_r_aj_3,meas_r_aj_4,meas_r_aj_5,meas_r_aj_6,meas_r_aj_7,eff_r_aj_1,eff_r_aj_2,eff_r_aj_3,eff_r_aj_4,eff_r_aj_5,eff_r_aj_6,eff_r_aj_7,cmd_gripper
392299.986832212,-1,0.04,0.008583199816891707,0.010872053101396162,-0.0036240177004653873,0.01163500419623098,-0.013542381933318026,-0.009727626459143934,-0.0001907377737087046,0.008583199816891707,0.010872053101396162,-0.0036240177004653873,0.01163500419623098,-0.013542381933318026,-0.009727626459143934,-0.0001907377737087046,-0.6989010989010964,-0.4879120879120862,0.2119658119658112,-0.7316239316239326,0.11965811965811923,0.08547008547008517,-0.012210012210012167,0.0
392300.02682332,-1,0.04,0.00643739986266878,0.009404039798107444,-0.0027180132753490405,0.008726253147173235,-0.01015678644998852,-0.007295719844357951,-0.00014305333028152845,0.008583199816891707,0.010872053101396162,-0.0036240177004653873,0.01163500419623098,-0.013542381933318026,-0.009727626459143934,-0.0001907377737087046,-0.5142857142857125,-0.38241758241758106,0.11623931623931583,-0.45811965811966004,0.07081807081807057,0.04639804639804623,-0.0073260073260073,0.0
392300.067103397,-1,0.04,0.004291599908445853,0.007936026494818726,-0.0018120088502326936,0.00581750209811549,-0.006771190966659013,-0.004863813229571967,-9.53688868543523e-05,0.008964675364309116,0.010872053101396162,-0.0036240177004653873,0.01201647974364839,-0.013923857480735435,-0.010109102006561344,-0.0001907377737087046,-0.17142857142857082,-0.11868131868131826,-0.006837606837606813,-0.12991452991452945,0.0073260073260073,0.0073260073260073,-0.012210012210012167,0.0
392300.106834295,-1,0.04,0.0021457999542229267,0.006468013191530009,-0.0009060044251163468,0.002908751049057745,-0.0033855954833295065,-0.0024319066147859836,-4.768444342717615e-05,0.008964675364309116,0.010872053101396162,-0.0036240177004653873,0.01201647974364839,-0.013923857480735435,-0.010490577553978753,-0.0001907377737087046,-0.3032967032967022,-0.1978021978021971,0.06153846153846132,-0.3213675213675202,0.0366300366300365,0.026862026862026767,-0.017094017094017033,0.0
392300.146823818,-1,0.04,0.0,0.004999999888241291,0.0,0.0,0.0,0.0,0.0,0.008964675364309116,0.010872053101396162,-0.0036240177004653873,0.01163500419623098,-0.013923857480735435,-0.010490577553978753,-0.0001907377737087046,-0.4351648351648336,-0.3032967032967022,0.11623931623931583,-0.47179487179487367,0.0659340659340657,0.0512820512820511,-0.012210012210012167,0.0
392300.186829061,0,0.04,0.0,0.004999999888241291,0.0,0.0,0.0,0.0,0.0,0.008964675364309116,0.010872053101396162,-0.0036240177004653873,0.01163500419623098,-0.013923857480735435,-0.010490577553978753,0.0001907377737087046,-0.567032967032965,-0.40879120879120734,0.17094017094017033,-0.6358974358974372,0.10012210012209977,0.07081807081807057,-0.012210012210012167,0.0
392300.226828798,1,0.04,0.0,0.009999999776482582,0.0,0.0,0.0,0.0,0.0,0.008964675364309116,0.010872053101396162,-0.0036240177004653873,0.01163500419623098,-0.013542381933318026,-0.010490577553978753,0.0001907377737087046,-0.7252747252747227,-0.4879120879120862,0.2119658119658112,-0.7452991452991462,0.11965811965811923,0.09035409035409003,-0.012210012210012167,0.0
392300.266767846,2,0.04,0.0,0.015000000596046448,0.0,0.0,0.0,0.0,0.0,0.008964675364309116,0.010872053101396162,-0.0036240177004653873,0.01163500419623098,-0.013542381933318026,-0.010109102006561344,0.0001907377737087046,-0.7252747252747227,-0.38241758241758106,0.2119658119658112,-0.7316239316239326,0.1245421245421241,0.08547008547008517,-0.017094017094017033,0.0
392300.306873012,3,0.04,0.0,0.019999999552965164,0.0,0.0,0.0,0.0,0.0,0.008964675364309116,0.010872053101396162,-0.0036240177004653873,0.01163500419623098,-0.013542381933318026,-0.010109102006561344,0.0001907377737087046,-0.6989010989010964,-0.03956043956043942,0.2119658119658112,-0.7452991452991462,0.11965811965811923,0.08547008547008517,-0.012210012210012167,0.0
392300.346793206,4,0.04,0.0,0.02500000037252903,0.0,0.0,0.0,0.0,0.0,0.008964675364309116,0.010872053101396162,-0.0036240177004653873,0.01163500419623098,-0.013542381933318026,-0.010109102006561344,-0.0001907377737087046,-0.6989010989010964,0.25054945054944966,0.23931623931623847,-0.7316239316239326,0.1245421245421241,0.08547008547008517,-0.012210012210012167,0.0
392300.386835396,5,0.04,0.0,0.030000001192092896,0.0,0.0,0.0,0.0,0.0,0.008964675364309116,0.01163500419623098,-0.0036240177004653873,0.01163500419623098,-0.013542381933318026,-0.010109102006561344,-0.0001907377737087046,-0.6989010989010964,0.4879120879120862,0.22564102564102484,-0.7452991452991462,0.11965811965811923,0.08547008547008517,-0.012210012210012167,0.0
392300.426825433,6,0.04,0.0,0.03500000014901161,0.0,0.0,0.0,0.0,0.0,0.008964675364309116,0.013923857480735435,-0.0036240177004653873,0.01163500419623098,-0.013542381933318026,-0.008583199816891707,-0.0001907377737087046,-0.6989010989010964,0.751648351648349,0.2119658119658112,-0.7316239316239326,0.11965811965811923,0.06105006105006083,-0.017094017094017033,0.0
392300.466828812,7,0.04,0.0,0.03999999910593033,0.0,0.0,0.0,0.0,0.0,0.008964675364309116,0.01621271076523989,-0.0036240177004653873,0.01163500419623098,-0.013542381933318026,-0.008583199816891707,-0.0001907377737087046,-0.6989010989010964,0.9890109890109855,0.2119658119658112,-0.7452991452991462,0.11965811965811923,0.0659340659340657,-0.0073260073260073,0.0
392300.506830965,8,0.04,0.0,0.044999998062849045,0.0,0.0,0.0,0.0,0.0,0.008964675364309116,0.018501564049744346,-0.0036240177004653873,0.01163500419623098,-0.013542381933318026,-0.008583199816891707,0.0001907377737087046,-0.6989010989010964,1.1999999999999957,0.22564102564102484,-0.7452991452991462,0.11965811965811923,0.07081807081807057,-0.012210012210012167,0.0
392300.546826061,9,0.04,0.0,0.05000000074505806,0.0,0.0,0.0,0.0,0.0,0.008964675364309116,0.02155336842908362,-0.0036240177004653873,0.01163500419623098,-0.013542381933318026,-0.008964675364309116,0.0001907377737087046,-0.6989010989010964,1.226373626373622,0.2119658119658112,-0.7316239316239326,0.11965811965811923,0.07570207570207543,-0.012210012210012167,0.0
392300.586820794,10,0.04,0.0,0.054999999701976776,0.0,0.0,0.0,0.0,0.0,0.008964675364309116,0.024986648355840302,-0.0036240177004653873,0.01163500419623098,-0.013542381933318026,-0.008583199816891707,0.0001907377737087046,-0.6989010989010964,1.3582417582417534,0.22564102564102484,-0.7452991452991462,0.11965811965811923,0.0659340659340657,-0.012210012210012167,0.0
392300.626830194,11,0.04,0.0,0.06000000238418579,0.0,0.0,0.0,0.0,0.0,0.008964675364309116,0.03032730601968403,-0.0036240177004653873,0.01163500419623098,-0.013542381933318026,-0.008201724269474298,-0.0001907377737087046,-0.6989010989010964,1.1472527472527432,0.1982905982905976,-0.7316239316239326,0.11477411477411437,0.0659340659340657,-0.012210012210012167,0.0
392300.666825458,12,0.04,0.0,0.06499999761581421,0.0,0.0,0.0,0.0,0.0,0.008583199816891707,0.03528648813611035,-0.0036240177004653873,0.01163500419623098,-0.013542381933318026,-0.008201724269474298,-0.0001907377737087046,-0.6989010989010964,1.1472527472527432,0.2119658119658112,-0.7452991452991462,0.11965811965811923,0.0659340659340657,-0.0073260073260073,0.0
392300.706824548,13,0.04,0.0,0.07000000029802322,0.0,0.0,0.0,0.0,0.0,0.008583199816891707,0.04100862134737149,-0.0036240177004653873,0.01163500419623098,-0.013542381933318026,-0.008201724269474298,-0.0001907377737087046,-0.6989010989010964,1.0945054945054906,0.2119658119658112,-0.7452991452991462,0.11477411477411437,0.0659340659340657,-0.012210012210012167,0.0
392300.746829401,14,0.04,0.0,0.07500000298023224,0.0,0.0,0.0,0.0,0.0,0.008583199816891707,0.046349279011215216,-0.0036240177004653873,0.01163500419623098,-0.013542381933318026,-0.008201724269474298,-0.0001907377737087046,-0.6989010989010964,1.120879120879117,0.22564102564102484,-0.7316239316239326,0.11477411477411437,0.07081807081807057,-0.012210012210012167,0.0
392300.786823724,15,0.04,0.0,0.07999999821186066,0.0,0.0,0.0,0.0,0.0,0.008583199816891707,0.05054551003280672,-0.0036240177004653873,0.01163500419623098,-0.013542381933318026,-0.008201724269474298,-0.0001907377737087046,-0.6725274725274701,1.3318681318681271,0.22564102564102484,-0.7452991452991462,0.11477411477411437,0.07081807081807057,-0.012210012210012167,0.0
392300.826840684,16,0.04,0.0,0.08500000089406967,0.0,0.0,0.0,0.0,0.0,0.008964675364309116,0.05512321660181563,-0.0036240177004653873,0.01163500419623098,-0.013160906385900617,-0.008964675364309116,-0.0001907377737087046,-0.6989010989010964,1.2791208791208746,0.2119658119658112,-0.7316239316239326,0.11965811965811923,0.09035409035409003,-0.012210012210012167,0.0
392300.866834102,17,0.04,0.0,0.08999999612569809,0.0,0.0,0.0,0.0,0.0,0.008964675364309116,0.060463874265659356,-0.0036240177004653873,0.01163500419623098,-0.013160906385900617,-0.008583199816891707,0.0001907377737087046,-0.6989010989010964,1.0945054945054906,0.22564102564102484,-0.717948717948719,0.11965811965811923,0.0659340659340657,-0.017094017094017033,0.0
392300.906831688,18,0.04,0.0,0.0949999988079071,0.0,0.0,0.0,0.0,0.0,0.008964675364309116,0.06580453192950309,-0.0036240177004653873,0.01163500419623098,-0.013160906385900617,-0.008201724269474298,0.0001907377737087046,-0.6725274725274701,1.1999999999999957,0.1982905982905976,-0.7589743589743598,0.11477411477411437,0.0659340659340657,-0.012210012210012167,0.0
392300.946835373,19,0.04,0.0,0.10000000149011612,0.0,0.0,0.0,0.0,0.0,0.008964675364309116,0.06923781185625977,-0.0036240177004653873,0.01163500419623098,-0.013160906385900617,-0.008201724269474298,0.0001907377737087046,-0.6725274725274701,1.5428571428571374,0.22564102564102484,-0.7452991452991462,0.11477411477411437,0.0659340659340657,-0.012210012210012167,0.0
392300.986833358,20,0.04,0.0,0.10499999672174454,0.0,0.0,0.0,0.0,0.0,0.008964675364309116,0.07190814068818163,-0.0036240177004653873,0.01163500419623098,-0.013160906385900617,-0.008201724269474298,0.0001907377737087046,-0.6989010989010964,1.6483516483516425,0.2119658119658112,-0.7316239316239326,0.11965811965811923,0.07081807081807057,-0.012210012210012167,0.0
392301.026860478,21,0.04,0.0,0.10999999940395355,0.0,0.0,0.0,0.0,0.0,0.008964675364309116,0.07572289616235572,-0.0036240177004653873,0.01163500419623098,-0.013160906385900617,-0.008201724269474298,-0.0001907377737087046,-0.6989010989010964,1.6483516483516425,0.2119658119658112,-0.7452991452991462,0.11965811965811923,0.0659340659340657,-0.012210012210012167,0.0
392301.066831759,22,0.04,0.0,0.11500000208616257,0.0,0.0,0.0,0.0,0.0,0.008964675364309116,0.07991912718394723,-0.0036240177004653873,0.01163500419623098,-0.013160906385900617,-0.005912870984969842,-0.0001907377737087046,-0.6989010989010964,1.6747252747252688,0.22564102564102484,-0.7316239316239326,0.11477411477411437,0.017094017094017033,-0.012210012210012167,0.0
392301.106821555,23,0.04,0.0,0.12000000476837158,0.0,0.0,0.0,0.0,0.0,0.008964675364309116,0.08182650492103427,-0.0036240177004653873,0.01163500419623098,-0.013160906385900617,-0.005531395437552433,-0.0001907377737087046,-0.6989010989010964,1.9384615384615458,0.2119658119658112,-0.7452991452991462,0.11965811965811923,0.04639804639804623,-0.012210012210012167,0.0
392301.146830809,24,0.04,0.0,0.125,0.0,0.0,0.0,0.0,0.0,0.008964675364309116,0.08373388265812132,-0.0036240177004653873,0.01163500419623098,-0.013160906385900617,-0.005912870984969842,-0.0001907377737087046,-0.6989010989010964,2.1758241758241823,0.2119658119658112,-0.7452991452991462,0.11965811965811923,0.04639804639804623,-0.017094017094017033,0.0
392301.186805539,25,0.04,0.0,0.12999999523162842,0.0,0.0,0.0,0.0,0.0,0.008964675364309116,0.08640421149004318,-0.0036240177004653873,0.01163500419623098,-0.013160906385900617,-0.005912870984969842,0.0001907377737087046,-0.6989010989010964,2.3604395604395663,0.22564102564102484,-0.7316239316239326,0.11965811965811923,0.04151404151404137,-0.012210012210012167,0.0
392301.226797444,26,0.04,0.0,0.13500000536441803,0.0,0.0,0.0,0.0,0.0,0.008964675364309116,0.08907454032196505,-0.0036240177004653873,0.01163500419623098,-0.013160906385900617,-0.005149919890135024,0.0001907377737087046,-0.6989010989010964,2.5450549450549502,0.22564102564102484,-0.717948717948719,0.11965811965811923,0.0219780219780219,-0.012210012210012167,0.0
392301.26683156,27,0.04,0.0,0.14000000059604645,0.0,0.0,0.0,0.0,0.0,0.008964675364309116,0.09212634470130432,-0.0036240177004653873,0.01163500419623098,-0.013160906385900617,-0.0020981155107957505,0.0001907377737087046,-0.6989010989010964,2.597802197802203,0.2119658119658112,-0.7452991452991462,0.11477411477411437,-0.03174603174603163,-0.017094017094017033,0.0
392301.306829808,28,0.04,0.0,0.14499999582767487,0.0,0.0,0.0,0.0,0.0,0.008964675364309116,0.09670405127031323,-0.0036240177004653873,0.01163500419623098,-0.013160906385900617,0.0013351644159609322,0.0001907377737087046,-0.6989010989010964,2.5450549450549502,0.2119658119658112,-0.7452991452991462,0.11477411477411437,-0.056166056166055967,-0.012210012210012167,0.0
392301.346778855,29,0.04,0.0,0.15000000596046448,0.0,0.0,0.0,0.0,0.0,0.008964675364309116,0.10013733119706991,-0.0036240177004653873,0.01163500419623098,-0.013160906385900617,0.0024795910582131597,0.0001907377737087046,-0.6989010989010964,2.808791208791213,0.22564102564102484,-0.7452991452991462,0.11477411477411437,-0.04639804639804623,-0.012210012210012167,0.0
392301.386828992,30,0.04,0.0,0.1550000011920929,0.0,0.0,0.0,0.0,0.0,0.008964675364309116,0.1035706111238266,-0.0036240177004653873,0.01163500419623098,-0.013160906385900617,0.0017166399633783413,0.0001907377737087046,-0.6989010989010964,2.808791208791213,0.22564102564102484,-0.7452991452991462,0.11965811965811923,-0.012210012210012167,-0.017094017094017033,0.0
392301.426829248,31,0.04,0.0,0.1599999964237213,0.0,0.0,0.0,0.0,0.0,0.008964675364309116,0.1081483176928355,-0.0036240177004653873,0.01163500419623098,-0.013160906385900617,0.0005722133211261138,0.0001907377737087046,-0.6989010989010964,2.7824175824175867,0.2119658119658112,-0.7452991452991462,0.11965811965811923,-0.017094017094017033,-0.012210012210012167,0.0
392301.466879015,32,0.04,0.0,0.16500000655651093,0.0,0.0,0.0,0.0,0.0,0.008964675364309116,0.11387045090409664,-0.0036240177004653873,0.01163500419623098,-0.013160906385900617,0.002861066605630569,0.0001907377737087046,-0.7252747252747227,2.729670329670334,0.22564102564102484,-0.7316239316239326,0.11477411477411437,-0.07081807081807057,-0.012210012210012167,0.0
392301.50682883,33,0.04,0.0,0.17000000178813934,0.0,0.0,0.0,0.0,0.0,0.008964675364309116,0.11806668192568814,-0.0036240177004653873,0.01163500419623098,-0.013160906385900617,0.003242542153047978,0.0001907377737087046,-0.7252747252747227,2.703296703296708,0.22564102564102484,-0.7452991452991462,0.11477411477411437,-0.04639804639804623,-0.017094017094017033,0.0
392301.546828419,34,0.04,0.0,0.17499999701976776,0.0,0.0,0.0,0.0,0.0,0.008964675364309116,0.12188143739986224,-0.0036240177004653873,0.01163500419623098,-0.013160906385900617,0.0013351644159609322,0.0001907377737087046,-0.6989010989010964,3.1252747252747284,0.22564102564102484,-0.7316239316239326,0.11965811965811923,0.012210012210012167,-0.012210012210012167,0.0
392301.586796653,35,0.04,0.0,0.17999999225139618,0.0,0.0,0.0,0.0,0.0,0.008964675364309116,0.12645914396887115,-0.0036240177004653873,0.01163500419623098,-0.013160906385900617,0.000953688868543523,0.0001907377737087046,-0.6989010989010964,2.7560439560439605,0.2119658119658112,-0.7452991452991462,0.11965811965811923,-0.026862026862026767,-0.012210012210012167,0.0
392301.626840957,36,0.04,0.0,0.1850000023841858,0.0,0.0,0.0,0.0,0.0,0.008964675364309116,0.13141832608529747,-0.0036240177004653873,0.01163500419623098,-0.013160906385900617,0.0036240177004653873,0.0001907377737087046,-0.6725274725274701,2.914285714285718,0.22564102564102484,-0.7452991452991462,0.11477411477411437,-0.08547008547008517,-0.017094017094017033,0.0
392301.666869668,37,0.04,0.0,0.1899999976158142,0.0,0.0,0.0,0.0,0.0,0.008583199816891707,0.13561455710688897,-0.0036240177004653873,0.01163500419623098,-0.013160906385900617,0.005531395437552433,0.0001907377737087046,-0.6725274725274701,3.1516483516483547,0.22564102564102484,-0.7452991452991462,0.11477411477411437,-0.07081807081807057,-0.012210012210012167,0.0
392301.706831866,38,0.04,0.0,0.19499999284744263,0.0,0.0,0.0,0.0,0.0,0.008583199816891707,0.13904783703364565,-0.0036240177004653873,0.01163500419623098,-0.013160906385900617,0.005149919890135024,0.0001907377737087046,-0.6989010989010964,3.1252747252747284,0.2119658119658112,-0.7452991452991462,0.11965811965811923,-0.06105006105006083,-0.012210012210012167,0.0
392301.746829882,39,0.04,0.0,0.20000000298023224,0.0,0.0,0.0,0.0,0.0,0.008583199816891707,0.14400701915007197,-0.0036240177004653873,0.01163500419623098,-0.013160906385900617,0.006294346532387252,0.0001907377737087046,-0.6989010989010964,3.1516483516483547,0.2119658119658112,-0.7316239316239326,0.11965811965811923,-0.08547008547008517,-0.012210012210012167,0.0
392301.786874127,40,0.04,0.0,0.20499999821186066,0.0,0.0,0.0,0.0,0.0,0.008583199816891707,0.14705882352941124,-0.0036240177004653873,0.01163500419623098,-0.013160906385900617,0.008201724269474298,0.0001907377737087046,-0.6989010989010964,3.3098901098901123,0.2119658119658112,-0.7452991452991462,0.11965811965811923,-0.11477411477411437,-0.017094017094017033,0.0
392301.826834416,41,0.04,0.0,0.20999999344348907,0.0,0.0,0.0,0.0,0.0,0.008583199816891707,0.15049210345616792,-0.0036240177004653873,0.01163500419623098,-0.013160906385900617,0.010109102006561344,0.0001907377737087046,-0.6989010989010964,3.362637362637365,0.2119658119658112,-0.7316239316239326,0.11965811965811923,-0.1391941391941387,-0.012210012210012167,0.0
392301.866795316,42,0.04,0.0,0.2149999886751175,0.0,0.0,0.0,0.0,0.0,0.008583199816891707,0.1531624322880898,-0.0036240177004653873,0.01163500419623098,-0.013160906385900617,0.010109102006561344,0.0001907377737087046,-0.6989010989010964,3.547252747252749,0.2119658119658112,-0.7316239316239326,0.11477411477411437,-0.1098901098901095,-0.012210012210012167,0.0
392301.906854661,43,0.04,0.0,0.2199999988079071,0.0,0.0,0.0,0.0,0.0,0.008583199816891707,0.15659571221484647,-0.0036240177004653873,0.01163500419623098,-0.013160906385900617,0.010490577553978753,0.0001907377737087046,-0.6989010989010964,3.6000000000000014,0.2119658119658112,-0.7452991452991462,0.11965811965811923,-0.13431013431013383,-0.012210012210012167,0.0
392301.946841403,44,0.04,0.0,0.22499999403953552,0.0,0.0,0.0,0.0,0.0,0.008583199816891707,0.15964751659418575,-0.0036240177004653873,0.01163500419623098,-0.013160906385900617,0.012397955291065799,0.0001907377737087046,-0.6989010989010964,3.758241758241759,0.22564102564102484,-0.7316239316239326,0.11477411477411437,-0.15873015873015994,-0.012210012210012167,0.0
392301.986862212,45,0.04,0.0,0.23000000417232513,0.0,0.0,0.0,0.0,0.0,0.008583199816891707,0.16308079652094243,-0.0036240177004653873,0.01163500419623098,-0.013160906385900617,0.015449759670405072,0.0001907377737087046,-0.6989010989010964,3.916483516483517,0.2119658119658112,-0.7316239316239326,0.11477411477411437,-0.20268620268620374,-0.017094017094017033,0.0
392302.026767784,46,0.04,0.0,0.23499999940395355,0.0,0.0,0.0,0.0,0.0,0.008583199816891707,0.1665140764476991,-0.0036240177004653873,0.01163500419623098,-0.013160906385900617,0.018501564049744346,0.0001907377737087046,-0.6989010989010964,4.101098901098901,0.2119658119658112,-0.7452991452991462,0.11477411477411437,-0.23199023199023294,-0.017094017094017033,0.0
392302.066824748,47,0.04,0.0,0.24000000953674316,0.0,0.0,0.0,0.0,0.0,0.008583199816891707,0.1707103074692906,-0.0036240177004653873,0.01163500419623098,-0.013160906385900617,0.020027466239413982,0.0001907377737087046,-0.6989010989010964,3.9956043956043956,0.2119658119658112,-0.7316239316239326,0.11965811965811923,-0.2222222222222232,-0.012210012210012167,0.0
392302.106789767,48,0.04,0.0,0.2449999898672104,0.0,0.0,0.0,0.0,0.0,0.008583199816891707,0.1745250629434647,-0.0036240177004653873,0.01163500419623098,-0.013160906385900617,0.020027466239413982,0.0001907377737087046,-0.6989010989010964,4.127472527472527,0.22564102564102484,-0.7452991452991462,0.11477411477411437,-0.21245421245421348,-0.012210012210012167,0.0
392302.146829042,49,0.04,0.0,0.25,0.0,0.0,0.0,0.0,0.0,0.008583199816891707,0.1787212939650562,-0.0036240177004653873,0.01163500419623098,-0.013160906385900617,0.0207904173342488,0.0001907377737087046,-0.6989010989010964,4.101098901098901,0.2119658119658112,-0.7316239316239326,0.11477411477411437,-0.23199023199023294,-0.017094017094017033,0.0
392302.186798056,50,0.04,0.0,0.2549999952316284,0.0,0.0,0.0,0.0,0.0,0.008583199816891707,0.1829175249866477,-0.0036240177004653873,0.01163500419623098,-0.013160906385900617,0.02117189288166621,0.0001907377737087046,-0.6725274725274701,4.443956043956042,0.2119658119658112,-0.7452991452991462,0.11477411477411437,-0.21733821733821834,-0.012210012210012167,0.0
392302.226829536,51,0.04,0.0,0.25999999046325684,0.0,0.0,0.0,0.0,0.0,0.008583199816891707,0.1867322804608218,-0.0036240177004653873,0.01163500419623098,-0.013160906385900617,0.0207904173342488,0.0001907377737087046,-0.6989010989010964,4.285714285714285,0.22564102564102484,-0.7452991452991462,0.11965811965811923,-0.21733821733821834,-0.012210012210012167,0.0
392302.266863759,52,0.04,0.0,0.26499998569488525,0.0,0.0,0.0,0.0,0.0,0.008583199816891707,0.1913099870298307,-0.0036240177004653873,0.01163500419623098,-0.013160906385900617,0.02193484397650103,0.0001907377737087046,-0.6989010989010964,4.443956043956042,0.22564102564102484,-0.7452991452991462,0.11477411477411437,-0.2515262515262524,-0.012210012210012167,0.0
392302.306774212,53,0.04,0.0,0.27000001072883606,0.0,0.0,0.0,0.0,0.0,0.008583199816891707,0.19588769359883962,-0.0036240177004653873,0.01163500419623098,-0.013160906385900617,0.02613107499809253,0.0001907377737087046,-0.6989010989010964,4.18021978021978,0.22564102564102484,-0.7316239316239326,0.11477411477411437,-0.3296703296703303,-0.012210012210012167,0.0
392302.346828965,54,0.04,0.0,0.2749999761581421,0.0,0.0,0.0,0.0,0.0,0.008583199816891707,0.1997024490730137,-0.0036240177004653873,0.01163500419623098,-0.013160906385900617,0.027656977187762166,0.0001907377737087046,-0.6989010989010964,4.628571428571426,0.2119658119658112,-0.7316239316239326,0.11965811965811923,-0.2954822954822962,-0.017094017094017033,0.0
392302.386828324,55,0.04,0.0,0.2800000011920929,0.0,0.0,0.0,0.0,0.0,0.008583199816891707,0.20237277790493557,-0.0036240177004653873,0.01163500419623098,-0.013160906385900617,0.027275501640344757,0.0001907377737087046,-0.6989010989010964,4.7340659340659315,0.2119658119658112,-0.7316239316239326,0.11477411477411437,-0.2808302808302816,-0.012210012210012167,0.0
392302.42687667,56,0.04,0.0,0.2849999964237213,0.0,0.0,0.0,0.0,0.0,0.008583199816891707,0.20656900892652708,-0.0036240177004653873,0.01163500419623098,-0.013160906385900617,0.027656977187762166,0.0001907377737087046,-0.6989010989010964,4.496703296703295,0.2119658119658112,-0.7316239316239326,0.11477411477411437,-0.29059829059829134,-0.017094017094017033,0.0
392302.46689097,57,0.04,0.0,0.28999999165534973,0.0,0.0,0.0,0.0,0.0,0.008583199816891707,0.21114671549553599,-0.0036240177004653873,0.01163500419623098,-0.013160906385900617,0.032616159304188486,0.0001907377737087046,-0.6725274725274701,4.865934065934063,0.22564102564102484,-0.7452991452991462,0.11477411477411437,-0.3980463980463984,-0.012210012210012167,0.0
392302.506830729,58,0.04,0.0,0.29499998688697815,0.0,0.0,0.0,0.0,0.0,0.008583199816891707,0.2157244220645449,-0.0036240177004653873,0.01163500419623098,-0.013160906385900617,0.03528648813611035,0.0001907377737087046,-0.6989010989010964,4.865934065934063,0.1982905982905976,-0.7452991452991462,0.11477411477411437,-0.3736263736263741,-0.017094017094017033,0.0
392302.546829585,59,0.04,0.0,0.30000001192092896,0.0,0.0,0.0,0.0,0.0,0.008583199816891707,0.21801327534904935,-0.0036240177004653873,0.01163500419623098,-0.013160906385900617,0.03452353704127553,0.0001907377737087046,-0.6989010989010964,5.0241758241758205,0.23931623931623847,-0.7452991452991462,0.11477411477411437,-0.33455433455433514,-0.017094017094017033,0.0
392302.586859498,60,0.04,0.0,0.304999977350235,0.0,0.0,0.0,0.0,0.0,0.008583199816891707,0.22106507972838862,-0.0036240177004653873,0.01163500419623098,-0.013160906385900617,0.03376058594644071,0.0001907377737087046,-0.6989010989010964,5.07692307692308,0.22564102564102484,-0.7452991452991462,0.11477411477411437,-0.34920634920634974,-0.0219780219780219,0.0
392302.626831332,61,0.04,0.0,0.3100000023841858,0.0,0.0,0.0,0.0,0.0,0.008583199816891707,0.2244983596551453,-0.0036240177004653873,0.01163500419623098,-0.013160906385900617,0.03566796368352776,0.0001907377737087046,-0.6989010989010964,5.261538461538464,0.22564102564102484,-0.7316239316239326,0.11477411477411437,-0.39316239316239354,-0.0073260073260073,0.0
392302.66682439,62,0.04,0.0,0.3149999976158142,0.0,0.0,0.0,0.0,0.0,0.008583199816891707,0.2286945906767368,-0.0036240177004653873,0.01163500419623098,-0.013160906385900617,0.03871976806286703,0.0001907377737087046,-0.6989010989010964,5.129670329670333,0.22564102564102484,-0.7452991452991462,0.11965811965811923,-0.4273504273504276,-0.012210012210012167,0.0
392302.706828804,63,0.04,0.0,0.3199999928474426,0.0,0.0,0.0,0.0,0.0,0.008583199816891707,0.2321278706034935,-0.0036240177004653873,0.01163500419623098,-0.013160906385900617,0.03948271915770185,0.0001907377737087046,-0.6989010989010964,5.393406593406596,0.22564102564102484,-0.7316239316239326,0.11477411477411437,-0.4029304029304033,-0.012210012210012167,0.0
392302.746855683,64,0.04,0.0,0.32499998807907104,0.0,0.0,0.0,0.0,0.0,0.008583199816891707,0.23517967498283276,-0.0036240177004653873,0.01163500419623098,-0.013160906385900617,0.03948271915770185,0.0001907377737087046,-0.6989010989010964,5.604395604395606,0.2119658119658112,-0.7316239316239326,0.11477411477411437,-0.4029304029304033,-0.012210012210012167,0.0
392302.786840855,65,0.04,0.0,0.33000001311302185,0.0,0.0,0.0,0.0,0.0,0.008583199816891707,0.23861295490958945,-0.0036240177004653873,0.01163500419623098,-0.013160906385900617,0.03871976806286703,0.0001907377737087046,-0.6989010989010964,5.657142857142858,0.2119658119658112,-0.7316239316239326,0.11477411477411437,-0.3882783882783887,-0.017094017094017033,0.0
392302.826834481,66,0.04,0.0,0.3349999785423279,0.0,0.0,0.0,0.0,0.0,0.008583199816891707,0.24357213702601577,-0.0036240177004653873,0.01163500419623098,-0.013160906385900617,0.03910124361028444,0.0001907377737087046,-0.6989010989010964,5.604395604395606,0.2119658119658112,-0.7452991452991462,0.11477411477411437,-0.4029304029304033,-0.017094017094017033,0.0
392302.86683264,67,0.04,0.0,0.3400000035762787,0.0,0.0,0.0,0.0,0.0,0.008583199816891707,0.24738689250018986,-0.0036240177004653873,0.01163500419623098,-0.013160906385900617,0.04100862134737149,0.0001907377737087046,-0.6989010989010964,5.630769230769232,0.2119658119658112,-0.7452991452991462,0.11477411477411437,-0.4273504273504276,-0.017094017094017033,0.0
392302.906829376,68,0.04,0.0,0.3449999690055847,0.0,0.0,0.0,0.0,0.0,0.008583199816891707,0.25158312352178136,-0.0036240177004653873,0.01163500419623098,-0.013160906385900617,0.04100862134737149,0.0001907377737087046,-0.6989010989010964,5.868131868131869,0.22564102564102484,-0.7316239316239326,0.11477411477411437,-0.42246642246642274,-0.012210012210012167,0.0
392302.946877056,69,0.04,0.0,0.3499999940395355,0.0,0.0,0.0,0.0,0.0,0.008583199816891707,0.25539787899595545,-0.0036240177004653873,0.01163500419623098,-0.013160906385900617,0.04062714579995408,0.0001907377737087046,-0.6989010989010964,5.894505494505495,0.22564102564102484,-0.7452991452991462,0.11477411477411437,-0.412698412698413,-0.012210012210012167,0.0
392302.986817015,70,0.04,0.0,0.35499998927116394,0.0,0.0,0.0,0.0,0.0,0.008583199816891707,0.26035706111238177,-0.0036240177004653873,0.01163500419623098,-0.013160906385900617,0.04100862134737149,0.0001907377737087046,-0.6989010989010964,5.920879120879121,0.22564102564102484,-0.7452991452991462,0.11477411477411437,-0.4175824175824179,-0.0073260073260073,0.0
392303.026839234,71,0.04,0.0,0.35999998450279236,0.0,0.0,0.0,0.0,0.0,0.008583199816891707,0.26417181658655586,-0.0036240177004653873,0.01163500419623098,-0.013160906385900617,0.041771572442206306,0.0001907377737087046,-0.6989010989010964,5.868131868131869,0.2119658119658112,-0.7452991452991462,0.11477411477411437,-0.4273504273504276,-0.012210012210012167,0.0
392303.066837184,72,0.04,0.0,0.3649999797344208,0.0,0.0,0.0,0.0,0.0,0.008583199816891707,0.26836804760814736,-0.0036240177004653873,0.01163500419623098,-0.013160906385900617,0.041771572442206306,0.0001907377737087046,-0.6989010989010964,6.052747252747253,0.22564102564102484,-0.7452991452991462,0.11477411477411437,-0.4273504273504276,-0.012210012210012167,0.0
392303.106836616,73,0.04,0.0,0.3700000047683716,0.0,0.0,0.0,0.0,0.0,0.008583199816891707,0.27218280308232146,-0.0036240177004653873,0.01163500419623098,-0.013160906385900617,0.0413900968947889,0.0001907377737087046,-0.6989010989010964,6.105494505494505,0.22564102564102484,-0.7452991452991462,0.11477411477411437,-0.42246642246642274,-0.017094017094017033,0.0
392303.146835757,74,0.04,0.0,0.3749999701976776,0.0,0.0,0.0,0.0,0.0,0.008583199816891707,0.27676050965133037,-0.0036240177004653873,0.01163500419623098,-0.013160906385900617,0.041771572442206306,0.0001907377737087046,-0.6989010989010964,6.290109890109889,0.22564102564102484,-0.7452991452991462,0.11477411477411437,-0.4273504273504276,-0.012210012210012167,0.0
392303.186913711,75,0.04,0.0,0.3799999952316284,0.0,0.0,0.0,0.0,0.0,0.008583199816891707,0.27981231403066964,-0.0036240177004653873,0.01163500419623098,-0.013160906385900617,0.041771572442206306,0.0001907377737087046,-0.6989010989010964,6.290109890109889,0.22564102564102484,-0.7316239316239326,0.11477411477411437,-0.4273504273504276,-0.012210012210012167,0.0
392303.226831429,76,0.04,0.0,0.38499999046325684,0.0,0.0,0.0,0.0,0.0,0.008583199816891707,0.28362706950484373,-0.0036240177004653873,0.01163500419623098,-0.013160906385900617,0.0413900968947889,0.0001907377737087046,-0.6989010989010964,6.263736263736263,0.2119658119658112,-0.7452991452991462,0.11477411477411437,-0.4273504273504276,-0.0073260073260073,0.0
392303.266831375,77,0.04,0.0,0.38999998569488525,0.0,0.0,0.0,0.0,0.0,0.008583199816891707,0.2870603494316004,-0.0036240177004653873,0.01163500419623098,-0.013160906385900617,0.041771572442206306,0.0001907377737087046,-0.6989010989010964,6.4219780219780205,0.22564102564102484,-0.7316239316239326,0.11477411477411437,-0.4273504273504276,-0.012210012210012167,0.0
392303.306856914,78,0.04,0.0,0.39499998092651367,0.0,0.0,0.0,0.0,0.0,0.008583199816891707,0.2901121538109397,-0.0036240177004653873,0.01163500419623098,-0.013160906385900617,0.041771572442206306,0.0001907377737087046,-0.6989010989010964,6.501098901098899,0.22564102564102484,-0.7316239316239326,0.11477411477411437,-0.4273504273504276,-0.012210012210012167,0.0
392303.346831334,79,0.04,0.0,0.4000000059604645,0.0,0.0,0.0,0.0,0.0,0.008583199816891707,0.29354543373769637,-0.0036240177004653873,0.01163500419623098,-0.013160906385900617,0.042915999084458534,0.0001907377737087046,-0.6725274725274701,6.791208791208788,0.2119658119658112,-0.7452991452991462,0.11965811965811923,-0.4615384615384617,-0.017094017094017033,0.0
392303.38684572,80,0.04,0.0,0.4049999713897705,0.0,0.0,0.0,0.0,0.0,0.008583199816891707,0.29697871366445305,-0.0036240177004653873,0.01163500419623098,-0.013160906385900617,0.04406042572671076,0.0001907377737087046,-0.6989010989010964,6.817582417582415,0.22564102564102484,-0.7452991452991462,0.11477411477411437,-0.45177045177045194,-0.012210012210012167,0.0
392303.426784225,81,0.04,0.0,0.4099999964237213,0.0,0.0,0.0,0.0,0.0,0.008583199816891707,0.30079346913862715,-0.0036240177004653873,0.01163500419623098,-0.013160906385900617,0.04406042572671076,0.0001907377737087046,-0.6989010989010964,6.738461538461536,0.2119658119658112,-0.7316239316239326,0.11477411477411437,-0.4468864468864471,-0.0219780219780219,0.0
392303.466926076,82,0.04,0.0,0.41499999165534973,0.0,0.0,0.0,0.0,0.0,0.008583199816891707,0.30460822461280124,-0.0036240177004653873,0.01163500419623098,-0.012779430838483208,0.04406042572671076,0.0001907377737087046,-0.6989010989010964,7.160439560439556,0.2119658119658112,-0.7316239316239326,0.11477411477411437,-0.45177045177045194,-0.017094017094017033,0.0
392303.50682897,83,0.04,0.0,0.41999998688697815,0.0,0.0,0.0,0.0,0.0,0.008583199816891707,0.30956740672922756,-0.0036240177004653873,0.01163500419623098,-0.012779430838483208,0.04482337682154558,0.0001907377737087046,-0.6989010989010964,6.791208791208788,0.2119658119658112,-0.7316239316239326,0.11477411477411437,-0.45177045177045194,-0.017094017094017033,0.0
392303.546823671,84,0.04,0.0,0.42499998211860657,0.0,0.0,0.0,0.0,0.0,0.008583199816891707,0.31338216220340165,-0.0036240177004653873,0.01163500419623098,-0.012779430838483208,0.04482337682154558,0.0001907377737087046,-0.6989010989010964,7.107692307692304,0.2119658119658112,-0.7316239316239326,0.11477411477411437,-0.4566544566544568,-0.012210012210012167,0.0
392303.58686219,85,0.04,0.0,0.429999977350235,0.0,0.0,0.0,0.0,0.0,0.008583199816891707,0.31719691767757574,-0.0036240177004653873,0.01163500419623098,-0.012779430838483208,0.04444190127412817,0.0001907377737087046,-0.6989010989010964,6.975824175824172,0.2119658119658112,-0.7316239316239326,0.1098901098901095,-0.4468864468864471,-0.012210012210012167,0.0
392303.626828783,86,0.04,0.0,0.4349999725818634,0.0,0.0,0.0,0.0,0.0,0.008583199816891707,0.32139314869916724,-0.0036240177004653873,0.01163500419623098,-0.012779430838483208,0.04444190127412817,0.0001907377737087046,-0.6989010989010964,7.371428571428567,0.2119658119658112,-0.7452991452991462,0.11477411477411437,-0.45177045177045194,-0.012210012210012167,0.0
392303.666852198,87,0.04,0.0,0.4399999976158142,0.0,0.0,0.0,0.0,0.0,0.008583199816891707,0.32558937972075874,-0.0036240177004653873,0.01163500419623098,-0.012779430838483208,0.04482337682154558,0.0001907377737087046,-0.6989010989010964,7.107692307692304,0.2119658119658112,-0.7316239316239326,0.11477411477411437,-0.4713064713064714,-0.012210012210012167,0.0
392303.706847848,88,0.04,0.0,0.44499996304512024,0.0,0.0,0.0,0.0,0.0,0.008583199816891707,0.3290226596475154,-0.0036240177004653873,0.01163500419623098,-0.012779430838483208,0.0455863279163804,0.0001907377737087046,-0.6989010989010964,7.318681318681314,0.2119658119658112,-0.7316239316239326,0.1098901098901095,-0.46642246642246654,-0.012210012210012167,0.0
392303.746791521,89,0.04,0.0,0.44999998807907104,0.0,0.0,0.0,0.0,0.0,0.008583199816891707,0.3320744640268547,-0.0036240177004653873,0.01163500419623098,-0.012779430838483208,0.0455863279163804,0.0001907377737087046,-0.6989010989010964,7.608791208791203,0.2119658119658112,-0.7316239316239326,0.1098901098901095,-0.46642246642246654,-0.012210012210012167,0.0
392303.786821415,90,0.04,0.0,0.45500001311302185,0.0,0.0,0.0,0.0,0.0,0.008583199816891707,0.3355077439536114,-0.0036240177004653873,0.01163500419623098,-0.012779430838483208,0.0455863279163804,0.0001907377737087046,-0.6989010989010964,7.635164835164829,0.2119658119658112,-0.7452991452991462,0.1098901098901095,-0.4615384615384617,-0.012210012210012167,0.0
392303.82682163,91,0.04,0.0,0.46000000834465027,0.0,0.0,0.0,0.0,0.0,0.008583199816891707,0.3400854505226203,-0.0036240177004653873,0.01163500419623098,-0.012779430838483208,0.0455863279163804,0.0001907377737087046,-0.6989010989010964,7.424175824175819,0.22564102564102484,-0.7316239316239326,0.1098901098901095,-0.46642246642246654,-0.017094017094017033,0.0
392303.866841454,92,0.04,0.0,0.4649999737739563,0.0,0.0,0.0,0.0,0.0,0.008583199816891707,0.3442816815442118,-0.0036240177004653873,0.01163500419623098,-0.012779430838483208,0.04825665674830226,0.0001907377737087046,-0.6725274725274701,7.714285714285708,0.23931623931623847,-0.7316239316239326,0.1098901098901095,-0.5396825396825395,-0.012210012210012167,0.0
392303.906831858,93,0.04,0.0,0.4699999988079071,0.0,0.0,0.0,0.0,0.0,0.008583199816891707,0.3488593881132207,-0.0036240177004653873,0.01163500419623098,-0.012779430838483208,0.0497825589379719,0.0001907377737087046,-0.6989010989010964,7.898901098901092,0.22564102564102484,-0.717948717948719,0.11477411477411437,-0.5152625152625152,-0.017094017094017033,0.0
392303.946834123,94,0.04,0.0,0.4749999940395355,0.0,0.0,0.0,0.0,0.0,0.008583199816891707,0.35191119249256,-0.0036240177004653873,0.01163500419623098,-0.012779430838483208,0.05016403448538931,0.0001907377737087046,-0.6989010989010964,7.898901098901092,0.22564102564102484,-0.7452991452991462,0.1098901098901095,-0.5103785103785103,-0.012210012210012167,0.0
392303.986802902,95,0.04,0.0,0.48000001907348633,0.0,0.0,0.0,0.0,0.0,0.008583199816891707,0.35572594796673407,-0.0036240177004653873,0.01163500419623098,-0.012779430838483208,0.04940108339055449,0.0001907377737087046,-0.6989010989010964,7.793406593406587,0.22564102564102484,-0.7452991452991462,0.1098901098901095,-0.5006105006105006,-0.017094017094017033,0.0
392304.026830303,96,0.04,0.0,0.48499998450279236,0.0,0.0,0.0,0.0,0.0,0.008583199816891707,0.35992217898832557,-0.0036240177004653873,0.01163500419623098,-0.012779430838483208,0.05092698558022413,0.0001907377737087046,-0.6989010989010964,8.162637362637355,0.2119658119658112,-0.7452991452991462,0.1098901098901095,-0.5543345543345541,-0.012210012210012167,0.0
392304.066835698,97,0.04,0.0,0.4899999797344208,0.0,0.0,0.0,0.0,0.0,0.008583199816891707,0.36411841000991707,-0.0036240177004653873,0.01163500419623098,-0.012779430838483208,0.05474174105439822,0.0001907377737087046,-0.6989010989010964,7.925274725274718,0.2119658119658112,-0.7452991452991462,0.11477411477411437,-0.5934065934065931,-0.017094017094017033,0.0
392304.106810661,98,0.04,0.0,0.4950000047683716,0.0,0.0,0.0,0.0,0.0,0.008583199816891707,0.36793316548409116,-0.0036240177004653873,0.01163500419623098,-0.012397955291065799,0.056649118791485265,0.0001907377737087046,-0.6989010989010964,8.109890109890102,0.1982905982905976,-0.7452991452991462,0.1098901098901095,-0.5885225885225882,-0.012210012210012167,0.0
392304.146831502,99,0.04,0.0,0.5,0.0,0.0,0.0,0.0,0.0,0.008583199816891707,0.37098496986343044,-0.0036240177004653873,0.01163500419623098,-0.012397955291065799,0.057030594338902674,0.0001907377737087046,-0.6989010989010964,8.426373626373618,0.2119658119658112,-0.7452991452991462,0.1098901098901095,-0.5787545787545785,-0.017094017094017033,0.0
392304.186824347,100,0.04,0.0,0.5049999952316284,0.0,0.0,0.0,0.0,0.0,0.008583199816891707,0.3740367742427697,-0.0036240177004653873,0.01163500419623098,-0.012397955291065799,0.05741206988632008,0.0001907377737087046,-0.6989010989010964,8.452747252747258,0.2119658119658112,-0.7316239316239326,0.10500610500610463,-0.5836385836385833,-0.012210012210012167,0.0
392304.226832516,101,0.04,0.0,0.5099999904632568,0.0,0.0,0.0,0.0,0.0,0.008583199816891707,0.3778515297169438,-0.0036240177004653873,0.01163500419623098,-0.012397955291065799,0.06008239871824195,0.0001907377737087046,-0.6989010989010964,8.373626373626365,0.22564102564102484,-0.717948717948719,0.10500610500610463,-0.6959706959706953,-0.017094017094017033,0.0
392304.266825612,102,0.04,0.0,0.5149999856948853,0.0,0.0,0.0,0.0,0.0,0.008583199816891707,0.3824292362859527,-0.0036240177004653873,0.01163500419623098,-0.01201647974364839,0.06504158083466827,0.0001907377737087046,-0.6989010989010964,8.637362637362642,0.22564102564102484,-0.7316239316239326,0.10500610500610463,-0.7203907203907196,-0.017094017094017033,0.0
392304.306828359,103,0.04,0.0,0.5199999809265137,0.0,0.0,0.0,0.0,0.0,0.008583199816891707,0.38738841840237903,-0.0036240177004653873,0.01163500419623098,-0.01163500419623098,0.0707637140459294,0.0001907377737087046,-0.6989010989010964,8.426373626373618,0.1982905982905976,-0.7316239316239326,0.0952380952380949,-0.7448107448107439,-0.012210012210012167,0.0
392304.346828972,104,0.04,0.0,0.5249999761581421,0.0,0.0,0.0,0.0,0.0,0.008583199816891707,0.3904402227817183,-0.0036240177004653873,0.01163500419623098,-0.010872053101396162,0.07152666514076422,0.0001907377737087046,-0.6989010989010964,8.716483516483521,0.22564102564102484,-0.7316239316239326,0.08547008547008517,-0.7301587301587293,-0.017094017094017033,0.0
392304.386830437,105,0.04,0.0,0.5299999713897705,0.0,0.0,0.0,0.0,0.0,0.008583199816891707,0.39387350270847854,-0.0036240177004653873,0.01163500419623098,-0.010490577553978753,0.07152666514076422,0.0001907377737087046,-0.6989010989010964,8.769230769230774,0.2119658119658112,-0.7316239316239326,0.09035409035409003,-0.7252747252747245,-0.017094017094017033,0.0
392304.426860173,106,0.04,0.0,0.5349999666213989,0.0,0.0,0.0,0.0,0.0,0.008583199816891707,0.39806973373007004,-0.0036240177004653873,0.01163500419623098,-0.010490577553978753,0.07152666514076422,0.0001907377737087046,-0.6989010989010964,8.716483516483521,0.2119658119658112,-0.7316239316239326,0.08547008547008517,-0.7252747252747245,-0.012210012210012167,0.0
392304.466826913,107,0.04,0.0,0.5400000214576721,0.0,0.0,0.0,0.0,0.0,0.008583199816891707,0.4015030136568267,-0.0036240177004653873,0.01163500419623098,-0.010490577553978753,0.07190814068818163,0.0001907377737087046,-0.6989010989010964,8.980219780219784,0.2119658119658112,-0.717948717948719,0.08547008547008517,-0.7252747252747245,-0.017094017094017033,0.0
392304.506847434,108,0.04,0.0,0.5449999570846558,0.0,0.0,0.0,0.0,0.0,0.008583199816891707,0.4056992446784182,-0.0036240177004653873,0.01163500419623098,-0.010490577553978753,0.07190814068818163,0.0001907377737087046,-0.6989010989010964,8.821978021978026,0.22564102564102484,-0.7316239316239326,0.09035409035409003,-0.7203907203907196,-0.012210012210012167,0.0
392304.546858334,109,0.04,0.0,0.5499999523162842,0.0,0.0,0.0,0.0,0.0,0.008583199816891707,0.41027695124742714,-0.0036240177004653873,0.01163500419623098,-0.010109102006561344,0.07190814068818163,0.0001907377737087046,-0.6989010989010964,9.191208791208794,0.2119658119658112,-0.7452991452991462,0.09035409035409003,-0.7252747252747245,-0.012210012210012167,0.0
392304.586870605,110,0.04,0.0,0.5550000071525574,0.0,0.0,0.0,0.0,0.0,0.008583199816891707,0.4137102311741838,-0.0036240177004653873,0.01163500419623098,-0.010109102006561344,0.07190814068818163,0.0001907377737087046,-0.6989010989010964,9.112087912087915,0.2119658119658112,-0.7316239316239326,0.08547008547008517,-0.7155067155067147,-0.012210012210012167,0.0
392304.626823202,111,0.04,0.0,0.5600000023841858,0.0,0.0,0.0,0.0,0.0,0.008583199816891707,0.4179064621957753,-0.0036240177004653873,0.01163500419623098,-0.010109102006561344,0.07152666514076422,0.0001907377737087046,-0.6989010989010964,9.138461538461542,0.22564102564102484,-0.7452991452991462,0.08547008547008517,-0.7203907203907196,-0.017094017094017033,0.0
392304.666831985,112,0.04,0.0,0.5649999380111694,0.0,0.0,0.0,0.0,0.0,0.008583199816891707,0.4209582665751146,-0.0036240177004653873,0.01163500419623098,-0.010109102006561344,0.07190814068818163,0.0001907377737087046,-0.6989010989010964,9.454945054945057,0.2119658119658112,-0.7316239316239326,0.09035409035409003,-0.7252747252747245,-0.017094017094017033,0.0
392304.706824384,113,0.04,0.0,0.5699999928474426,0.0,0.0,0.0,0.0,0.0,0.008583199816891707,0.4247730220492887,-0.0036240177004653873,0.01163500419623098,-0.010109102006561344,0.07305256733043386,0.0001907377737087046,-0.6989010989010964,9.349450549450552,0.22564102564102484,-0.7316239316239326,0.08547008547008517,-0.7545787545787537,-0.017094017094017033,0.0
392304.746825401,114,0.04,0.0,0.574999988079071,0.0,0.0,0.0,0.0,0.0,0.008583199816891707,0.4293507286182976,-0.0036240177004653873,0.01163500419623098,-0.010109102006561344,0.07763027389944277,0.0001907377737087046,-0.6989010989010964,9.42857142857143,0.22564102564102484,-0.7316239316239326,0.08547008547008517,-0.8473748473748479,-0.012210012210012167,0.0
392304.78683248,115,0.04,0.0,0.5799999833106995,0.0,0.0,0.0,0.0,0.0,0.008583199816891707,0.4339284351873065,-0.0036240177004653873,0.01163500419623098,-0.010109102006561344,0.07991912718394723,0.0001907377737087046,-0.6989010989010964,9.2967032967033,0.22564102564102484,-0.7316239316239326,0.08547008547008517,-0.8180708180708187,-0.012210012210012167,0.0
392304.826830113,116,0.04,0.0,0.5849999785423279,0.0,0.0,0.0,0.0,0.0,0.008583199816891707,0.4373617151140632,-0.0036240177004653873,0.01163500419623098,-0.010109102006561344,0.07991912718394723,0.0001907377737087046,-0.6989010989010964,9.586813186813188,0.2119658119658112,-0.7316239316239326,0.08547008547008517,-0.7936507936507944,-0.017094017094017033,0.0
392304.866865765,117,0.04,0.0,0.5899999737739563,0.0,0.0,0.0,0.0,0.0,0.008583199816891707,0.4411764705882373,-0.0036240177004653873,0.01163500419623098,-0.010109102006561344,0.08030060273136463,0.0001907377737087046,-0.6989010989010964,9.63956043956044,0.2119658119658112,-0.7316239316239326,0.08547008547008517,-0.8229548229548236,-0.017094017094017033,0.0
392304.906837745,118,0.04,0.0,0.5949999690055847,0.0,0.0,0.0,0.0,0.0,0.008583199816891707,0.4457541771572462,-0.0036240177004653873,0.01163500419623098,-0.010109102006561344,0.0829709315632865,0.0001907377737087046,-0.6989010989010964,9.745054945054946,0.2119658119658112,-0.7452991452991462,0.08547008547008517,-0.8473748473748479,-0.012210012210012167,0.0
392304.946775942,119,0.04,0.0,0.6000000238418579,0.0,0.0,0.0,0.0,0.0,0.008583199816891707,0.4491874570840029,-0.0036240177004653873,0.01163500419623098,-0.010109102006561344,0.0829709315632865,0.0001907377737087046,-0.6989010989010964,9.850549450549451,0.22564102564102484,-0.7316239316239326,0.08547008547008517,-0.8327228327228333,-0.017094017094017033,0.0
392304.986828534,120,0.04,0.0,0.6049999594688416,0.0,0.0,0.0,0.0,0.0,0.008583199816891707,0.45223926146334215,-0.0036240177004653873,0.01163500419623098,-0.010109102006561344,0.08144502937361686,0.0001907377737087046,-0.6725274725274701,9.982417582417582,0.22564102564102484,-0.7452991452991462,0.08547008547008517,-0.8034188034188041,-0.017094017094017033,0.0
392305.026830346,121,0.04,0.0,0.60999995470047,0.0,0.0,0.0,0.0,0.0,0.008583199816891707,0.45567254139009883,-0.0036240177004653873,0.01163500419623098,-0.010109102006561344,0.08144502937361686,0.0001907377737087046,-0.6989010989010964,9.982417582417582,0.2119658119658112,-0.7452991452991462,0.08547008547008517,-0.8327228327228333,-0.012210012210012167,0.0
392305.066825234,122,0.04,0.0,0.6150000095367432,0.0,0.0,0.0,0.0,0.0,0.008583199816891707,0.4591058213168555,-0.0036240177004653873,0.01163500419623098,-0.010109102006561344,0.0829709315632865,0.0001907377737087046,-0.6989010989010964,10.114285714285714,0.2119658119658112,-0.7316239316239326,0.08547008547008517,-0.8473748473748479,-0.017094017094017033,0.0
392305.106835685,123,0.04,0.0,0.6200000047683716,0.0,0.0,0.0,0.0,0.0,0.008583199816891707,0.4625391012436122,-0.0036240177004653873,0.01163500419623098,-0.010109102006561344,0.087167162584878,0.0001907377737087046,-0.6989010989010964,10.272527472527472,0.22564102564102484,-0.7452991452991462,0.08547008547008517,-0.9108669108669112,-0.017094017094017033,0.0
392305.146831444,124,0.04,0.0,0.6249999403953552,0.0,0.0,0.0,0.0,0.0,0.008583199816891707,0.4659723811703689,-0.0036240177004653873,0.01163500419623098,-0.010109102006561344,0.08869306477454764,0.0001907377737087046,-0.6725274725274701,10.378021978021977,0.22564102564102484,-0.7452991452991462,0.08547008547008517,-0.9059829059829063,-0.017094017094017033,0.0
392305.186840737,125,0.04,0.0,0.6299999952316284,0.0,0.0,0.0,0.0,0.0,0.008583199816891707,0.46940566109712556,-0.0036240177004653873,0.01163500419623098,-0.010109102006561344,0.08831158922713023,0.0001907377737087046,-0.6989010989010964,10.457142857142856,0.22564102564102484,-0.7452991452991462,0.08547008547008517,-0.881562881562882,-0.012210012210012167,0.0
392305.226830356,126,0.04,0.0,0.6349999904632568,0.0,0.0,0.0,0.0,0.0,0.008583199816891707,0.47360189211871706,-0.0036240177004653873,0.01163500419623098,-0.010109102006561344,0.08831158922713023,0.0001907377737087046,-0.6989010989010964,10.483516483516482,0.2119658119658112,-0.7452991452991462,0.08547008547008517,-0.8864468864468869,-0.012210012210012167,0.0
392305.266833397,127,0.04,0.0,0.6399999856948853,0.0,0.0,0.0,0.0,0.0,0.008583199816891707,0.4785610742351434,-0.0036240177004653873,0.01163500419623098,-0.010109102006561344,0.08983749141679986,0.0001907377737087046,-0.6989010989010964,10.298901098901098,0.22564102564102484,-0.7316239316239326,0.08547008547008517,-0.915750915750916,-0.012210012210012167,0.0
392305.306828962,128,0.04,0.0,0.6449999809265137,0.0,0.0,0.0,0.0,0.0,0.008583199816891707,0.4827573052567349,-0.0036240177004653873,0.01163500419623098,-0.010109102006561344,0.08983749141679986,0.0001907377737087046,-0.6989010989010964,10.64175824175824,0.22564102564102484,-0.7316239316239326,0.08547008547008517,-0.9010989010989015,-0.012210012210012167,0.0
392305.346803142,129,0.04,0.0,0.6499999761581421,0.0,0.0,0.0,0.0,0.0,0.008583199816891707,0.4873350118257438,-0.0036240177004653873,0.01163500419623098,-0.010109102006561344,0.08869306477454764,0.0001907377737087046,-0.6989010989010964,10.64175824175824,0.22564102564102484,-0.7316239316239326,0.08547008547008517,-0.8766788766788771,-0.012210012210012167,0.0
392305.386798931,130,0.04,0.0,0.6549999713897705,0.0,0.0,0.0,0.0,0.0,0.008583199816891707,0.4915312428473353,-0.0036240177004653873,0.01163500419623098,-0.010109102006561344,0.08907454032196505,0.0001907377737087046,-0.6989010989010964,10.56263736263736,0.2119658119658112,-0.7452991452991462,0.08547008547008517,-0.8962148962148966,-0.017094017094017033,0.0
392305.426829909,131,0.04,0.0,0.6600000262260437,0.0,0.0,0.0,0.0,0.0,0.008583199816891707,0.4961089494163442,-0.0036240177004653873,0.01163500419623098,-0.010109102006561344,0.08983749141679986,0.0001907377737087046,-0.6989010989010964,10.747252747252745,0.2119658119658112,-0.7316239316239326,0.08547008547008517,-0.9059829059829063,-0.017094017094017033,0.0
392305.466783146,132,0.04,0.0,0.6649999618530273,0.0,0.0,0.0,0.0,0.0,0.008583199816891707,0.5003051804379357,-0.0036240177004653873,0.01163500419623098,-0.010109102006561344,0.08983749141679986,0.0001907377737087046,-0.6989010989010964,10.668131868131866,0.22564102564102484,-0.7452991452991462,0.08547008547008517,-0.8962148962148966,-0.017094017094017033,0.0
392305.506802267,133,0.04,0.0,0.6699999570846558,0.0,0.0,0.0,0.0,0.0,0.008583199816891707,0.5037384603646924,-0.0036240177004653873,0.01163500419623098,-0.010109102006561344,0.08945601586938245,0.0001907377737087046,-0.6989010989010964,10.905494505494502,0.22564102564102484,-0.7452991452991462,0.08547008547008517,-0.8864468864468869,-0.012210012210012167,0.0
392305.546828574,134,0.04,0.0,0.6749999523162842,0.0,0.0,0.0,0.0,0.0,0.008583199816891707,0.5071717402914491,-0.0036240177004653873,0.01163500419623098,-0.010109102006561344,0.08983749141679986,0.0001907377737087046,-0.6989010989010964,11.010989010989007,0.23931623931623847,-0.7316239316239326,0.08547008547008517,-0.9108669108669112,-0.017094017094017033,0.0
392305.586822699,135,0.04,0.0,0.6800000071525574,0.0,0.0,0.0,0.0,0.0,0.008583199816891707,0.5109864957656232,-0.0036240177004653873,0.01163500419623098,-0.010109102006561344,0.09021896696421727,0.0001907377737087046,-0.6989010989010964,10.958241758241755,0.22564102564102484,-0.7452991452991462,0.08547008547008517,-0.9108669108669112,-0.012210012210012167,0.0
392305.626834347,136,0.04,0.0,0.6850000023841858,0.0,0.0,0.0,0.0,0.0,0.008583199816891707,0.5148012512397973,-0.0036240177004653873,0.01163500419623098,-0.010109102006561344,0.09060044251163468,0.0001907377737087046,-0.6725274725274701,11.221978021978018,0.2119658119658112,-0.7316239316239326,0.08547008547008517,-0.9059829059829063,-0.012210012210012167,0.0
392305.666872406,137,0.04,0.0,0.6899999380111694,0.0,0.0,0.0,0.0,0.0,0.008583199816891707,0.5182345311665539,-0.0036240177004653873,0.01163500419623098,-0.010109102006561344,0.09060044251163468,0.0001907377737087046,-0.6989010989010964,11.327472527472523,0.23931623931623847,-0.7452991452991462,0.08547008547008517,-0.9108669108669112,-0.0073260073260073,0.0
392305.706837874,138,0.04,0.0,0.6949999928474426,0.0,0.0,0.0,0.0,0.0,0.008583199816891707,0.5216678110933106,-0.0036240177004653873,0.01163500419623098,-0.010109102006561344,0.09060044251163468,0.0001907377737087046,-0.6989010989010964,11.327472527472523,0.2119658119658112,-0.7316239316239326,0.0805860805860803,-0.9108669108669112,-0.017094017094017033,0.0
392305.746869666,139,0.04,0.0,0.699999988079071,0.0,0.0,0.0,0.0,0.0,0.008583199816891707,0.5262455176623195,-0.0036240177004653873,0.01163500419623098,-0.009727626459143934,0.09174486915388691,0.0001907377737087046,-0.6989010989010964,11.459340659340654,0.22564102564102484,-0.7316239316239326,0.08547008547008517,-0.9352869352869355,-0.012210012210012167,0.0
392305.787121585,140,0.04,0.0,0.7049999833106995,0.0,0.0,0.0,0.0,0.0,0.008583199816891707,0.5296787975890762,-0.0036240177004653873,0.01163500419623098,-0.009727626459143934,0.09441519798580877,0.0001907377737087046,-0.6989010989010964,11.380219780219775,0.22564102564102484,-0.7316239316239326,0.08547008547008517,-0.9645909645909647,-0.017094017094017033,0.0
392305.828141703,141,0.04,0.0,0.7099999785423279,0.0,0.0,0.0,0.0,0.0,0.008583199816891707,0.5342565041580851,-0.0036240177004653873,0.01163500419623098,-0.009727626459143934,0.09517814908064359,0.0001907377737087046,-0.6989010989010964,11.406593406593402,0.2119658119658112,-0.7452991452991462,0.08547008547008517,-0.9597069597069599,-0.012210012210012167,0.0
392305.86688594,142,0.04,0.0,0.7149999737739563,0.0,0.0,0.0,0.0,0.0,0.008583199816891707,0.5380712596322592,-0.0036240177004653873,0.01163500419623098,-0.009727626459143934,0.09517814908064359,0.0001907377737087046,-0.6989010989010964,11.617582417582412,0.2119658119658112,-0.7316239316239326,0.08547008547008517,-0.954822954822955,-0.017094017094017033,0.0
392305.906857562,143,0.04,0.0,0.7199999690055847,0.0,0.0,0.0,0.0,0.0,0.008583199816891707,0.5426489662012681,-0.0036240177004653873,0.01163500419623098,-0.009727626459143934,0.09594110017547841,0.0001907377737087046,-0.6989010989010964,11.69670329670329,0.2119658119658112,-0.7452991452991462,0.08547008547008517,-0.9645909645909647,-0.012210012210012167,0.0
392305.94677339,144,0.04,0.0,0.7250000238418579,0.0,0.0,0.0,0.0,0.0,0.008583199816891707,0.5457007705806074,-0.0036240177004653873,0.01163500419623098,-0.009727626459143934,0.09632257572289582,0.0001907377737087046,-0.6989010989010964,11.828571428571436,0.2119658119658112,-0.7452991452991462,0.08547008547008517,-0.9597069597069599,-0.0073260073260073,0.0
392305.986844183,145,0.04,0.0,0.7299999594688416,0.0,0.0,0.0,0.0,0.0,0.008583199816891707,0.5487525749599467,-0.0036240177004653873,0.01163500419623098,-0.009727626459143934,0.095559624628061,0.0001907377737087046,-0.6989010989010964,12.039560439560447,0.2119658119658112,-0.7316239316239326,0.0805860805860803,-0.9597069597069599,-0.012210012210012167,0.0
392306.026840529,146,0.04,0.0,0.73499995470047,0.0,0.0,0.0,0.0,0.0,0.008583199816891707,0.5514229037918685,-0.0036240177004653873,0.01163500419623098,-0.009727626459143934,0.09594110017547841,0.0001907377737087046,-0.6989010989010964,12.171428571428578,0.22564102564102484,-0.7452991452991462,0.08547008547008517,-0.9597069597069599,-0.017094017094017033,0.0
392306.0668521,147,0.04,0.0,0.7400000095367432,0.0,0.0,0.0,0.0,0.0,0.008583199816891707,0.5544747081712078,-0.0036240177004653873,0.01163500419623098,-0.009727626459143934,0.09632257572289582,0.0001907377737087046,-0.6989010989010964,12.22417582417583,0.2119658119658112,-0.7316239316239326,0.0805860805860803,-0.9938949938949939,-0.012210012210012167,0.0
392306.107064048,148,0.04,0.0,0.7450000047683716,0.0,0.0,0.0,0.0,0.0,0.008583199816891707,0.5590524147402167,-0.0036240177004653873,0.01163500419623098,-0.009727626459143934,0.10013733119706991,0.0001907377737087046,-0.6989010989010964,12.145054945054952,0.2119658119658112,-0.7452991452991462,0.08547008547008517,-1.0573870573870572,-0.0073260073260073,0.0
392306.146853323,149,0.04,0.0,0.7499999403953552,0.0,0.0,0.0,0.0,0.0,0.008583199816891707,0.5628671702143908,-0.0036240177004653873,0.01163500419623098,-0.009727626459143934,0.10547798886091364,0.0001907377737087046,-0.6989010989010964,12.276923076923083,0.2119658119658112,-0.7452991452991462,0.08547008547008517,-1.1208791208791204,-0.017094017094017033,0.0
392306.186827267,150,0.04,0.0,0.7549999952316284,0.0,0.0,0.0,0.0,0.0,0.008583199816891707,0.5678263523308171,-0.0036240177004653873,0.01163500419623098,-0.009727626459143934,0.10852979324025291,0.0001907377737087046,-0.6989010989010964,12.382417582417588,0.1982905982905976,-0.7452991452991462,0.0805860805860803,-1.1111111111111107,-0.017094017094017033,0.0
392306.226845055,151,0.04,0.0,0.7599999904632568,0.0,0.0,0.0,0.0,0.0,0.008583199816891707,0.5720225833524086,-0.0036240177004653873,0.01163500419623098,-0.009727626459143934,0.10891126878767032,0.0001907377737087046,-0.6989010989010964,12.197802197802204,0.2119658119658112,-0.7316239316239326,0.0805860805860803,-1.101343101343101,-0.012210012210012167,0.0
392306.27009985,152,0.04,0.0,0.7649999856948853,0.0,0.0,0.0,0.0,0.0,0.008583199816891707,0.5762188143740001,-0.0036240177004653873,0.01163500419623098,-0.009727626459143934,0.10967421988250514,0.0001907377737087046,-0.6989010989010964,12.408791208791214,0.2119658119658112,-0.7316239316239326,0.0805860805860803,-1.1306471306471302,-0.012210012210012167,0.0
392306.306833499,153,0.04,0.0,0.7699999809265137,0.0,0.0,0.0,0.0,0.0,0.008583199816891707,0.5819409475852613,-0.0036240177004653873,0.01163500419623098,-0.009727626459143934,0.11348897535667923,0.0001907377737087046,-0.6989010989010964,12.408791208791214,0.2119658119658112,-0.7452991452991462,0.0805860805860803,-1.1501831501831496,-0.012210012210012167,0.0
392306.346834002,154,0.04,0.0,0.7749999761581421,0.0,0.0,0.0,0.0,0.0,0.008583199816891707,0.585374227512018,-0.0036240177004653873,0.01163500419623098,-0.009727626459143934,0.11348897535667923,0.0001907377737087046,-0.6989010989010964,12.540659340659346,0.2119658119658112,-0.717948717948719,0.08547008547008517,-1.135531135531135,-0.012210012210012167,0.0
392306.386831197,155,0.04,0.0,0.7799999713897705,0.0,0.0,0.0,0.0,0.0,0.008583199816891707,0.5888075074387746,-0.0036240177004653873,0.01163500419623098,-0.009727626459143934,0.11348897535667923,0.0001907377737087046,-0.6989010989010964,12.51428571428572,0.2119658119658112,-0.7316239316239326,0.08547008547008517,-1.135531135531135,-0.017094017094017033,0.0
392306.426850889,156,0.04,0.0,0.7850000262260437,0.0,0.0,0.0,0.0,0.0,0.008583199816891707,0.5922407873655313,-0.0036240177004653873,0.01163500419623098,-0.009727626459143934,0.11577782864118369,0.0001907377737087046,-0.6989010989010964,12.778021978021982,0.22564102564102484,-0.7316239316239326,0.08547008547008517,-1.174603174603174,-0.017094017094017033,0.0
392306.466845169,157,0.04,0.0,0.7899999618530273,0.0,0.0,0.0,0.0,0.0,0.008583199816891707,0.5952925917448706,-0.0036240177004653873,0.01163500419623098,-0.009727626459143934,0.11806668192568814,0.0001907377737087046,-0.6989010989010964,12.909890109890114,0.22564102564102484,-0.7316239316239326,0.0805860805860803,-1.213675213675213,-0.017094017094017033,0.0
392306.506831659,158,0.04,0.0,0.7949999570846558,0.0,0.0,0.0,0.0,0.0,0.008583199816891707,0.5987258716716273,-0.0036240177004653873,0.01163500419623098,-0.009727626459143934,0.12073701075761001,0.0001907377737087046,-0.6989010989010964,13.041758241758245,0.2119658119658112,-0.7316239316239326,0.0805860805860803,-1.2332112332112324,-0.0073260073260073,0.0
392306.54679384,159,0.04,0.0,0.800000011920929,0.0,0.0,0.0,0.0,0.0,0.008583199816891707,0.6033035782406362,-0.0036240177004653873,0.01163500419623098,-0.009727626459143934,0.12264438849469705,0.0001907377737087046,-0.6989010989010964,12.962637362637366,0.22564102564102484,-0.7316239316239326,0.0805860805860803,-1.2380952380952372,-0.017094017094017033,0.0
392306.586830962,160,0.04,0.0,0.8050000071525574,0.0,0.0,0.0,0.0,0.0,0.008583199816891707,0.6067368581673929,-0.0036240177004653873,0.01163500419623098,-0.009727626459143934,0.12340733958953187,0.0001907377737087046,-0.6989010989010964,13.094505494505498,0.22564102564102484,-0.7316239316239326,0.08547008547008517,-1.2332112332112324,-0.012210012210012167,0.0
392306.626816151,161,0.04,0.0,0.809999942779541,0.0,0.0,0.0,0.0,0.0,0.008583199816891707,0.6116960402838192,-0.0036240177004653873,0.01163500419623098,-0.009727626459143934,0.12340733958953187,0.0001907377737087046,-0.6989010989010964,12.989010989010993,0.22564102564102484,-0.7316239316239326,0.0805860805860803,-1.2429792429792421,-0.017094017094017033,0.0
392306.666835701,162,0.04,0.0,0.8149999976158142,0.0,0.0,0.0,0.0,0.0,0.008583199816891707,0.6162737468528281,-0.0036240177004653873,0.01163500419623098,-0.009727626459143934,0.12378881513694928,0.0001907377737087046,-0.6989010989010964,13.041758241758245,0.2119658119658112,-0.7452991452991462,0.0805860805860803,-1.2332112332112324,-0.012210012210012167,0.0
392306.706856624,163,0.04,0.0,0.8199999928474426,0.0,0.0,0.0,0.0,0.0,0.008583199816891707,0.6204699778744196,-0.0036240177004653873,0.01163500419623098,-0.009346150911726525,0.12340733958953187,0.0001907377737087046,-0.6989010989010964,13.35824175824176,0.2119658119658112,-0.7316239316239326,0.0805860805860803,-1.2283272283272275,-0.012210012210012167,0.0
392306.746855926,164,0.04,0.0,0.824999988079071,0.0,0.0,0.0,0.0,0.0,0.008583199816891707,0.6250476844434285,-0.0036240177004653873,0.01163500419623098,-0.009346150911726525,0.12340733958953187,0.0001907377737087046,-0.6989010989010964,13.068131868131871,0.2119658119658112,-0.7452991452991462,0.0805860805860803,-1.2380952380952372,-0.017094017094017033,0.0
392306.786828695,165,0.04,0.0,0.8299999833106995,0.0,0.0,0.0,0.0,0.0,0.008583199816891707,0.6284809643701852,-0.0036240177004653873,0.01163500419623098,-0.009346150911726525,0.12378881513694928,0.0001907377737087046,-0.6989010989010964,13.305494505494508,0.2119658119658112,-0.7589743589743598,0.07570207570207543,-1.2380952380952372,-0.012210012210012167,0.0
392306.826829937,166,0.04,0.0,0.8349999785423279,0.0,0.0,0.0,0.0,0.0,0.008583199816891707,0.6322957198443593,-0.0036240177004653873,0.01163500419623098,-0.009346150911726525,0.12378881513694928,0.0001907377737087046,-0.6989010989010964,13.43736263736264,0.22564102564102484,-0.7316239316239326,0.07570207570207543,-1.2380952380952372,-0.017094017094017033,0.0
392306.866828901,167,0.04,0.0,0.8399999737739563,0.0,0.0,0.0,0.0,0.0,0.008583199816891707,0.6361104753185334,-0.0036240177004653873,0.01163500419623098,-0.009346150911726525,0.12378881513694928,0.0001907377737087046,-0.6989010989010964,13.490109890109892,0.22564102564102484,-0.7452991452991462,0.07570207570207543,-1.2429792429792421,-0.012210012210012167,0.0
392306.9068349,168,0.04,0.0,0.8449999690055847,0.0,0.0,0.0,0.0,0.0,0.008583199816891707,0.6395437552452901,-0.0036240177004653873,0.01163500419623098,-0.008964675364309116,0.12378881513694928,0.0001907377737087046,-0.6989010989010964,13.621978021978023,0.2119658119658112,-0.7316239316239326,0.07081807081807057,-1.2380952380952372,-0.012210012210012167,0.0
392306.946824555,169,0.04,0.0,0.8499999642372131,0.0,0.0,0.0,0.0,0.0,0.008583199816891707,0.6433585107194641,-0.0036240177004653873,0.01163500419623098,-0.008964675364309116,0.1245517662317841,0.0001907377737087046,-0.6989010989010964,13.727472527472528,0.2119658119658112,-0.7316239316239326,0.07081807081807057,-1.2576312576312567,-0.012210012210012167,0.0
392306.986861024,170,0.04,0.0,0.8549999594688416,0.0,0.0,0.0,0.0,0.0,0.008583199816891707,0.6471732661936382,-0.0036240177004653873,0.01163500419623098,-0.008583199816891707,0.1245517662317841,0.0001907377737087046,-0.6989010989010964,13.727472527472528,0.2119658119658112,-0.7316239316239326,0.0659340659340657,-1.2429792429792421,-0.012210012210012167,0.0
392307.026826063,171,0.04,0.0,0.85999995470047,0.0,0.0,0.0,0.0,0.0,0.008583199816891707,0.6506065461203949,-0.0036240177004653873,0.01163500419623098,-0.008201724269474298,0.1245517662317841,0.0001907377737087046,-0.6989010989010964,13.912087912087912,0.22564102564102484,-0.7452991452991462,0.056166056166055967,-1.247863247863247,-0.012210012210012167,0.0
392307.06696728,172,0.04,0.0,0.8650000095367432,0.0,0.0,0.0,0.0,0.0,0.008583199816891707,0.6548027771419864,-0.0036240177004653873,0.01163500419623098,-0.006675822079804661,0.1245517662317841,0.0001907377737087046,-0.6989010989010964,13.85934065934066,0.2119658119658112,-0.7316239316239326,0.0366300366300365,-1.247863247863247,-0.017094017094017033,0.0
392307.106826609,173,0.04,0.0,0.8699999451637268,0.0,0.0,0.0,0.0,0.0,0.008583199816891707,0.6589990081635779,-0.0036240177004653873,0.01163500419623098,-0.006294346532387252,0.1245517662317841,0.0001907377737087046,-0.6989010989010964,14.149450549450549,0.2119658119658112,-0.7316239316239326,0.0512820512820511,-1.247863247863247,-0.012210012210012167,0.0
392307.146832075,174,0.04,0.0,0.8749999403953552,0.0,0.0,0.0,0.0,0.0,0.008583199816891707,0.6631952391851694,-0.0036240177004653873,0.01163500419623098,-0.006294346532387252,0.12493324177920151,0.0001907377737087046,-0.6989010989010964,13.938461538461539,0.22564102564102484,-0.7316239316239326,0.04639804639804623,-1.2429792429792421,-0.012210012210012167,0.0
392307.186827473,175,0.04,0.0,0.8799999952316284,0.0,0.0,0.0,0.0,0.0,0.008583199816891707,0.6670099946593435,-0.0036240177004653873,0.01163500419623098,-0.006294346532387252,0.12493324177920151,0.0001907377737087046,-0.6989010989010964,14.149450549450549,0.2119658119658112,-0.7316239316239326,0.04639804639804623,-1.247863247863247,-0.017094017094017033,0.0
392307.226956978,176,0.04,0.0,0.8849999904632568,0.0,0.0,0.0,0.0,0.0,0.008964675364309116,0.6715877012283524,-0.0036240177004653873,0.01163500419623098,-0.006294346532387252,0.12493324177920151,0.0001907377737087046,-0.6989010989010964,14.096703296703296,0.22564102564102484,-0.7316239316239326,0.04639804639804623,-1.247863247863247,-0.012210012210012167,0.0
392307.266827426,177,0.04,0.0,0.8899999260902405,0.0,0.0,0.0,0.0,0.0,0.008964675364309116,0.6757839322499439,-0.0036240177004653873,0.01163500419623098,-0.006294346532387252,0.12493324177920151,0.0001907377737087046,-0.6989010989010964,14.386813186813185,0.2119658119658112,-0.7316239316239326,0.04639804639804623,-1.2527472527472518,-0.017094017094017033,0.0
392307.306812605,178,0.04,0.0,0.8949999809265137,0.0,0.0,0.0,0.0,0.0,0.008964675364309116,0.6792172121767006,-0.0036240177004653873,0.01163500419623098,-0.006294346532387252,0.12493324177920151,0.0001907377737087046,-0.6989010989010964,14.386813186813185,0.22564102564102484,-0.7316239316239326,0.04639804639804623,-1.247863247863247,-0.017094017094017033,0.0
392307.346829876,179,0.04,0.0,0.8999999761581421,0.0,0.0,0.0,0.0,0.0,0.008964675364309116,0.6826504921034573,-0.0036240177004653873,0.01163500419623098,-0.006294346532387252,0.12493324177920151,0.0001907377737087046,-0.6989010989010964,14.386813186813185,0.2119658119658112,-0.7316239316239326,0.04151404151404137,-1.247863247863247,-0.017094017094017033,0.0
392307.386827324,180,0.04,0.0,0.8999999761581421,0.0,0.0,0.0,0.0,0.0,0.008964675364309116,0.6853208209353792,-0.0036240177004653873,0.01163500419623098,-0.006294346532387252,0.12493324177920151,0.0001907377737087046,-0.6989010989010964,14.597802197802196,0.1982905982905976,-0.7452991452991462,0.04639804639804623,-1.247863247863247,-0.0219780219780219,0.0
392307.426876953,181,0.04,0.0,0.8999999761581421,0.0,0.0,0.0,0.0,0.0,0.008964675364309116,0.6891355764095533,-0.0036240177004653873,0.01163500419623098,-0.005912870984969842,0.12684061951628856,0.0001907377737087046,-0.6989010989010964,14.439560439560438,0.22564102564102484,-0.7452991452991462,0.04639804639804623,-1.3113553113553102,-0.017094017094017033,0.0
392307.466889945,182,0.04,0.0,0.8999999761581421,0.0,0.0,0.0,0.0,0.0,0.008964675364309116,0.6925688563363099,-0.0036240177004653873,0.01163500419623098,-0.005912870984969842,0.13179980163271487,0.0001907377737087046,-0.6989010989010964,14.334065934065933,0.2119658119658112,-0.7452991452991462,0.0512820512820511,-1.3797313797313784,-0.017094017094017033,0.0
392307.506862234,183,0.04,0.0,0.8999999761581421,0.0,0.0,0.0,0.0,0.0,0.008964675364309116,0.6960021362630666,-0.0036240177004653873,0.01163500419623098,-0.005912870984969842,0.13408865491721933,0.0001907377737087046,-0.6989010989010964,14.07032967032967,0.1982905982905976,-0.7452991452991462,0.04639804639804623,-1.3504273504273492,-0.012210012210012167,0.0
392307.54685473,184,0.04,0.0,0.8999999761581421,0.0,0.0,0.0,0.0,0.0,0.008964675364309116,0.6982909895475711,-0.0036240177004653873,0.01163500419623098,-0.005912870984969842,0.13370717936980192,0.0001907377737087046,-0.6989010989010964,13.964835164835165,0.2119658119658112,-0.7452991452991462,0.04151404151404137,-1.3308913308913297,-0.012210012210012167,0.0
392307.586831722,185,0.04,0.0,0.8999999761581421,0.0,0.0,0.0,0.0,0.0,0.008964675364309116,0.6998168917372407,-0.0036240177004653873,0.01163500419623098,-0.005912870984969842,0.1325627527275497,0.0001907377737087046,-0.6989010989010964,13.85934065934066,0.1982905982905976,-0.7452991452991462,0.04639804639804623,-1.3113553113553102,-0.017094017094017033,0.0
392307.626833107,186,0.04,0.0,0.8999999761581421,0.0,0.0,0.0,0.0,0.0,0.008964675364309116,0.7005798428320755,-0.0036240177004653873,0.01163500419623098,-0.005912870984969842,0.13218127718013228,0.0001907377737087046,-0.6989010989010964,13.885714285714286,0.1982905982905976,-0.7452991452991462,0.0512820512820511,-1.3162393162393151,-0.017094017094017033,0.0
392307.666828046,187,0.04,0.0,0.8999999761581421,0.0,0.0,0.0,0.0,0.0,0.008964675364309116,0.7005798428320755,-0.0036240177004653873,0.01163500419623098,-0.005912870984969842,0.13218127718013228,0.0001907377737087046,-0.6989010989010964,13.885714285714286,0.2119658119658112,-0.7452991452991462,0.04639804639804623,-1.32112332112332,-0.012210012210012167,0.0
392307.706824853,188,0.04,0.0,0.8999999761581421,0.0,0.0,0.0,0.0,0.0,0.008964675364309116,0.6998168917372407,-0.0036240177004653873,0.01163500419623098,-0.005912870984969842,0.1329442282749671,0.0001907377737087046,-0.6989010989010964,13.938461538461539,0.1982905982905976,-0.7452991452991462,0.04151404151404137,-1.3455433455433443,-0.017094017094017033,0.0
392307.746838242,189,0.04,0.0,0.8999999761581421,0.0,0.0,0.0,0.0,0.0,0.008964675364309116,0.6994354161898233,-0.0036240177004653873,0.01163500419623098,-0.005912870984969842,0.13447013046463674,0.0001907377737087046,-0.6989010989010964,13.964835164835165,0.2119658119658112,-0.7316239316239326,0.04639804639804623,-1.360195360195359,-0.0073260073260073,0.0
392307.786826788,190,0.04,0.0,0.8999999761581421,0.0,0.0,0.0,0.0,0.0,0.008964675364309116,0.6994354161898233,-0.0036240177004653873,0.01163500419623098,-0.005912870984969842,0.13561455710688897,0.0001907377737087046,-0.6989010989010964,13.938461538461539,0.18461538461538396,-0.7316239316239326,0.04639804639804623,-1.3650793650793638,-0.017094017094017033,0.0
392307.826820305,191,0.04,0.0,0.8999999761581421,0.0,0.0,0.0,0.0,0.0,0.008964675364309116,0.6994354161898233,-0.0036240177004653873,0.01163500419623098,-0.005912870984969842,0.13599603265430638,0.0001907377737087046,-0.6725274725274701,13.938461538461539,0.2119658119658112,-0.7452991452991462,0.04639804639804623,-1.360195360195359,-0.017094017094017033,0.0
392307.866798764,192,0.04,0.0,0.8999999761581421,0.0,0.0,0.0,0.0,0.0,0.008964675364309116,0.6998168917372407,-0.0036240177004653873,0.01163500419623098,-0.005912870984969842,0.13561455710688897,0.0001907377737087046,-0.6989010989010964,13.912087912087912,0.2119658119658112,-0.7316239316239326,0.04639804639804623,-1.355311355311354,-0.017094017094017033,0.0
392307.906979989,193,0.04,0.0,0.8999999761581421,0.0,0.0,0.0,0.0,0.0,0.008964675364309116,0.6998168917372407,-0.0036240177004653873,0.01163500419623098,-0.005912870984969842,0.13561455710688897,0.0001907377737087046,-0.6989010989010964,13.912087912087912,0.2119658119658112,-0.7316239316239326,0.0512820512820511,-1.3504273504273492,-0.012210012210012167,0.0
392307.946871035,194,0.04,0.0,0.8999999761581421,0.0,0.0,0.0,0.0,0.0,0.008964675364309116,0.6998168917372407,-0.0036240177004653873,0.01163500419623098,-0.005912870984969842,0.13561455710688897,0.0001907377737087046,-0.6989010989010964,13.912087912087912,0.2119658119658112,-0.7316239316239326,0.04639804639804623,-1.355311355311354,-0.0073260073260073,0.0
392307.986951849,195,0.04,0.0,0.8999999761581421,0.0,0.0,0.0,0.0,0.0,0.008964675364309116,0.6998168917372407,-0.0036240177004653873,0.01163500419623098,-0.005912870984969842,0.13561455710688897,0.0001907377737087046,-0.6989010989010964,13.912087912087912,0.2119658119658112,-0.7316239316239326,0.04639804639804623,-1.3504273504273492,-0.012210012210012167,0.0
392308.026940185,196,0.04,0.0,0.8999999761581421,0.0,0.0,0.0,0.0,0.0,0.008964675364309116,0.6998168917372407,-0.0036240177004653873,0.01163500419623098,-0.005912870984969842,0.13561455710688897,0.0001907377737087046,-0.6989010989010964,13.938461538461539,0.18461538461538396,-0.7452991452991462,0.04639804639804623,-1.3504273504273492,-0.017094017094017033,0.0
392308.066836897,197,0.04,0.0,0.8999999761581421,0.0,0.0,0.0,0.0,0.0,0.008964675364309116,0.6998168917372407,-0.0036240177004653873,0.01163500419623098,-0.005912870984969842,0.13561455710688897,0.0001907377737087046,-0.6989010989010964,13.938461538461539,0.2119658119658112,-0.7316239316239326,0.04639804639804623,-1.360195360195359,-0.012210012210012167,0.0
392308.106823563,198,0.04,0.0,0.8999999761581421,0.0,0.0,0.0,0.0,0.0,0.008964675364309116,0.6998168917372407,-0.0036240177004653873,0.01163500419623098,-0.005912870984969842,0.13561455710688897,0.0001907377737087046,-0.6989010989010964,13.912087912087912,0.2119658119658112,-0.7452991452991462,0.04639804639804623,-1.355311355311354,-0.017094017094017033,0.0
392308.14682997,199,0.04,0.0,0.8999999761581421,0.0,0.0,0.0,0.0,0.0,0.008964675364309116,0.6998168917372407,-0.0036240177004653873,0.01163500419623098,-0.005912870984969842,0.13561455710688897,0.0001907377737087046,-0.6989010989010964,13.938461538461539,0.22564102564102484,-0.7452991452991462,0.04151404151404137,-1.355311355311354,-0.017094017094017033,0.0
392308.186793953,200,0.04,0.0,0.8999999761581421,0.0,0.0,0.0,0.0,0.0,0.008964675364309116,0.6998168917372407,-0.0036240177004653873,0.01163500419623098,-0.005912870984969842,0.13561455710688897,0.0001907377737087046,-0.6989010989010964,13.938461538461539,0.1982905982905976,-0.7452991452991462,0.04639804639804623,-1.360195360195359,-0.012210012210012167,0.0
392308.226830959,201,0.04,0.0,0.8999999761581421,0.0,0.0,0.0,0.0,0.0,0.008964675364309116,0.6998168917372407,-0.0036240177004653873,0.01163500419623098,-0.005912870984969842,0.13561455710688897,0.0001907377737087046,-0.6989010989010964,13.912087912087912,0.22564102564102484,-0.7316239316239326,0.04639804639804623,-1.360195360195359,-0.017094017094017033,0.0
392308.266833314,202,0.04,0.0,0.8999999761581421,0.0,0.0,0.0,0.0,0.0,0.008964675364309116,0.6998168917372407,-0.0036240177004653873,0.01163500419623098,-0.005912870984969842,0.13561455710688897,0.0001907377737087046,-0.6989010989010964,13.912087912087912,0.2119658119658112,-0.7316239316239326,0.04639804639804623,-1.355311355311354,-0.012210012210012167,0.0
392308.306830389,203,0.04,0.0,0.8999999761581421,0.0,0.0,0.0,0.0,0.0,0.008964675364309116,0.6998168917372407,-0.0036240177004653873,0.01163500419623098,-0.005912870984969842,0.13561455710688897,0.0001907377737087046,-0.6989010989010964,13.912087912087912,0.2119658119658112,-0.7452991452991462,0.04639804639804623,-1.355311355311354,-0.0219780219780219,0.0
392308.34687935,204,0.04,0.0,0.8999999761581421,0.0,0.0,0.0,0.0,0.0,0.008964675364309116,0.6998168917372407,-0.0036240177004653873,0.01163500419623098,-0.005912870984969842,0.13561455710688897,0.0001907377737087046,-0.6989010989010964,13.912087912087912,0.2119658119658112,-0.7316239316239326,0.04639804639804623,-1.355311355311354,-0.012210012210012167,0.0
392308.386829105,205,0.04,0.0,0.8999999761581421,0.0,0.0,0.0,0.0,0.0,0.008964675364309116,0.6998168917372407,-0.0036240177004653873,0.01163500419623098,-0.005912870984969842,0.13561455710688897,0.0001907377737087046,-0.6989010989010964,13.938461538461539,0.2119658119658112,-0.7452991452991462,0.04639804639804623,-1.355311355311354,-0.012210012210012167,0.0
392308.426793766,206,0.04,0.0,0.8999999761581421,0.0,0.0,0.0,0.0,0.0,0.008964675364309116,0.6998168917372407,-0.0036240177004653873,0.01163500419623098,-0.005912870984969842,0.13561455710688897,0.0001907377737087046,-0.6989010989010964,13.912087912087912,0.1982905982905976,-0.7316239316239326,0.04639804639804623,-1.360195360195359,-0.012210012210012167,0.0
392308.466816072,207,0.04,0.0,0.8999999761581421,0.0,0.0,0.0,0.0,0.0,0.008964675364309116,0.6998168917372407,-0.0036240177004653873,0.01163500419623098,-0.005912870984969842,0.13561455710688897,0.0001907377737087046,-0.6989010989010964,13.938461538461539,0.2119658119658112,-0.7316239316239326,0.04639804639804623,-1.355311355311354,-0.017094017094017033,0.0
392308.506830457,208,0.04,0.0,0.8999999761581421,0.0,0.0,0.0,0.0,0.0,0.008964675364309116,0.6998168917372407,-0.0036240177004653873,0.01163500419623098,-0.005912870984969842,0.13561455710688897,0.0001907377737087046,-0.6989010989010964,13.912087912087912,0.22564102564102484,-0.7316239316239326,0.04639804639804623,-1.355311355311354,-0.017094017094017033,0.0
392308.546827513,209,0.04,0.0,0.8999999761581421,0.0,0.0,0.0,0.0,0.0,0.008964675364309116,0.6998168917372407,-0.0036240177004653873,0.01163500419623098,-0.005912870984969842,0.13561455710688897,0.0001907377737087046,-0.6989010989010964,13.912087912087912,0.2119658119658112,-0.7452991452991462,0.04639804639804623,-1.355311355311354,-0.012210012210012167,0.0
392308.586837499,210,0.04,0.0,0.8999999761581421,0.0,0.004999999888241291,0.0,0.0,0.0,0.008964675364309116,0.6998168917372407,-0.0036240177004653873,0.01163500419623098,-0.005912870984969842,0.13561455710688897,0.0001907377737087046,-0.6989010989010964,13.912087912087912,0.22564102564102484,-0.7452991452991462,0.04639804639804623,-1.355311355311354,-0.012210012210012167,0.0
392308.62683673,211,0.04,0.0,0.8999999761581421,0.0,0.009999999776482582,0.0,0.0,0.0,0.008964675364309116,0.6998168917372407,-0.0036240177004653873,0.01163500419623098,-0.005912870984969842,0.13561455710688897,0.0001907377737087046,-0.6989010989010964,13.912087912087912,0.2119658119658112,-0.5948717948717963,0.04639804639804623,-1.355311355311354,-0.017094017094017033,0.0
392308.666823492,212,0.04,0.0,0.8999999761581421,0.0,0.014999999664723873,0.0,0.0,0.0,0.008964675364309116,0.6998168917372407,-0.0036240177004653873,0.01163500419623098,-0.005912870984969842,0.13561455710688897,0.0001907377737087046,-0.6989010989010964,13.938461538461539,0.22564102564102484,-0.3213675213675202,0.04639804639804623,-1.355311355311354,-0.017094017094017033,0.0
392308.707411476,213,0.04,0.0,0.8999999761581421,0.0,0.019999999552965164,0.0,0.0,0.0,0.008964675364309116,0.6998168917372407,-0.0036240177004653873,0.01201647974364839,-0.005912870984969842,0.13561455710688897,0.0001907377737087046,-0.6989010989010964,13.912087912087912,0.18461538461538396,-0.04786324786324769,0.04639804639804623,-1.355311355311354,-0.017094017094017033,0.0
392308.746830549,214,0.04,0.0,0.8999999761581421,0.0,0.02500000037252903,0.0,0.0,0.0,0.008583199816891707,0.6998168917372407,-0.0036240177004653873,0.013923857480735435,-0.005912870984969842,0.13561455710688897,0.0001907377737087046,-0.6725274725274701,13.912087912087912,0.22564102564102484,0.04786324786324769,0.04639804639804623,-1.355311355311354,-0.017094017094017033,0.0
392308.786823962,215,0.04,0.0,0.8999999761581421,0.0,0.029999999329447746,0.0,0.0,0.0,0.008583199816891707,0.6998168917372407,-0.0036240177004653873,0.0165941863126573,-0.005912870984969842,0.13561455710688897,-0.0001907377737087046,-0.6725274725274701,13.912087912087912,0.2119658119658112,0.3623931623931611,0.04639804639804623,-1.3504273504273492,-0.017094017094017033,0.0
392308.826832776,216,0.04,0.0,0.8999999761581421,0.0,0.03500000014901161,0.0,0.0,0.0,0.008583199816891707,0.6998168917372407,-0.0036240177004653873,0.017738612954909527,-0.005912870984969842,0.13561455710688897,-0.0001907377737087046,-0.6725274725274701,13.912087912087912,0.22564102564102484,0.4581196581196565,0.04639804639804623,-1.355311355311354,-0.012210012210012167,0.0
392308.867114734,217,0.04,0.0,0.8999999761581421,0.0,0.03999999910593033,0.0,0.0,0.0,0.008583199816891707,0.6998168917372407,-0.0036240177004653873,0.02155336842908362,-0.005912870984969842,0.13561455710688897,-0.0001907377737087046,-0.6725274725274701,13.912087912087912,0.2119658119658112,0.294017094017093,0.04639804639804623,-1.355311355311354,-0.012210012210012167,0.0
392308.906831456,218,0.04,0.0,0.8999999761581421,0.0,0.04500000178813934,0.0,0.0,0.0,0.008583199816891707,0.6998168917372407,-0.0036240177004653873,0.029182879377431803,-0.005912870984969842,0.13561455710688897,-0.0001907377737087046,-0.6725274725274701,13.912087912087912,0.2119658119658112,0.33504273504273385,0.04639804639804623,-1.360195360195359,-0.0073260073260073,0.0
392308.946832286,219,0.04,0.0,0.8999999761581421,0.0,0.05000000074505806,0.0,0.0,0.0,0.008583199816891707,0.6998168917372407,-0.0036240177004653873,0.03376058594644071,-0.005912870984969842,0.13561455710688897,-0.0001907377737087046,-0.6725274725274701,13.938461538461539,0.2119658119658112,0.2529914529914521,0.04639804639804623,-1.355311355311354,-0.012210012210012167,0.0
392308.986850162,220,0.04,0.0,0.8999999761581421,0.0,0.054999999701976776,0.0,0.0,0.0,0.008583199816891707,0.6998168917372407,-0.0036240177004653873,0.03986419470511926,-0.005912870984969842,0.13561455710688897,-0.0001907377737087046,-0.6725274725274701,13.912087912087912,0.22564102564102484,0.3623931623931611,0.04639804639804623,-1.360195360195359,-0.0073260073260073,0.0
392309.026815657,221,0.04,0.0,0.8999999761581421,0.0,0.05999999865889549,0.0,0.0,0.0,0.008583199816891707,0.6998168917372407,-0.0036240177004653873,0.04367895017929335,-0.005912870984969842,0.13561455710688897,-0.0001907377737087046,-0.6725274725274701,13.938461538461539,0.2119658119658112,0.3076923076923066,0.04639804639804623,-1.3504273504273492,-0.012210012210012167,0.0
392309.066833057,222,0.04,0.0,0.8999999761581421,0.0,0.06499999761581421,0.0,0.0,0.0,0.008583199816891707,0.6998168917372407,-0.0036240177004653873,0.05016403448538931,-0.005912870984969842,0.13561455710688897,-0.0001907377737087046,-0.6725274725274701,13.938461538461539,0.2119658119658112,0.2119658119658112,0.04639804639804623,-1.360195360195359,-0.012210012210012167,0.0
392309.106830823,223,0.04,0.0,0.8999999761581421,0.0,0.07000000029802322,0.0,0.0,0.0,0.008583199816891707,0.6998168917372407,-0.0036240177004653873,0.05512321660181563,-0.005912870984969842,0.13561455710688897,-0.0001907377737087046,-0.6725274725274701,13.912087912087912,0.2119658119658112,0.12991452991452945,0.04639804639804623,-1.355311355311354,-0.012210012210012167,0.0
392309.146821879,224,0.04,0.0,0.8999999761581421,0.0,0.07500000298023224,0.0,0.0,0.0,0.008583199816891707,0.6998168917372407,-0.0036240177004653873,0.061608300907911584,-0.005912870984969842,0.13561455710688897,-0.0001907377737087046,-0.6725274725274701,13.912087912087912,0.2119658119658112,0.18461538461538396,0.0512820512820511,-1.355311355311354,-0.012210012210012167,0.0
392309.186929731,225,0.04,0.0,0.8999999761581421,0.0,0.07999999821186066,0.0,0.0,0.0,0.008583199816891707,0.6998168917372407,-0.0036240177004653873,0.06466010528725086,-0.005912870984969842,0.13561455710688897,-0.0001907377737087046,-0.6989010989010964,13.938461538461539,0.2119658119658112,0.3487179487179475,0.04639804639804623,-1.355311355311354,-0.012210012210012167,0.0
392309.22678567,226,0.04,0.0,0.8999999761581421,0.0,0.08500000089406967,0.0,0.0,0.0,0.008583199816891707,0.6998168917372407,-0.0036240177004653873,0.06961928740367718,-0.005912870984969842,0.13561455710688897,-0.0001907377737087046,-0.6725274725274701,13.912087912087912,0.2119658119658112,0.17094017094017033,0.04639804639804623,-1.355311355311354,-0.0073260073260073,0.0
392309.266828427,227,0.04,0.0,0.8999999761581421,0.0,0.09000000357627869,0.0,0.0,0.0,0.008583199816891707,0.6998168917372407,-0.0036240177004653873,0.0749599450675209,-0.005912870984969842,0.13561455710688897,-0.0001907377737087046,-0.6725274725274701,13.938461538461539,0.2119658119658112,0.4170940170940156,0.04151404151404137,-1.3504273504273492,-0.012210012210012167,0.0
392309.306831306,228,0.04,0.0,0.8999999761581421,0.0,0.0949999988079071,0.0,0.0,0.0,0.008583199816891707,0.6998168917372407,-0.0036240177004653873,0.07763027389944277,-0.005912870984969842,0.13561455710688897,-0.0001907377737087046,-0.6725274725274701,13.938461538461539,0.22564102564102484,0.33504273504273385,0.0512820512820511,-1.355311355311354,-0.0073260073260073,0.0
392309.346868012,229,0.04,0.0,0.8999999761581421,0.0,0.10000000149011612,0.0,0.0,0.0,0.008201724269474298,0.6998168917372407,-0.0036240177004653873,0.08258945601586909,-0.005912870984969842,0.13561455710688897,-0.0005722133211261138,-0.6461538461538439,13.912087912087912,0.22564102564102484,0.4717948717948701,0.04639804639804623,-1.355311355311354,-0.0024420024420024333,0.0
392309.38682945,230,0.04,0.0,0.8999999761581421,0.0,0.10499999672174454,0.0,0.0,0.0,0.008201724269474298,0.6998168917372407,-0.0036240177004653873,0.08487830930037354,-0.005912870984969842,0.13561455710688897,-0.0020981155107957505,-0.6461538461538439,13.912087912087912,0.2119658119658112,0.7452991452991427,0.04639804639804623,-1.355311355311354,0.0219780219780219,0.0
392309.426858244,231,0.04,0.0,0.8999999761581421,0.0,0.10999999940395355,0.0,0.0,0.0,0.008201724269474298,0.6998168917372407,-0.0036240177004653873,0.08678568703746059,-0.005912870984969842,0.13561455710688897,-0.003242542153047978,-0.6461538461538439,13.938461538461539,0.1982905982905976,0.6905982905982881,0.04639804639804623,-1.355311355311354,0.0219780219780219,0.0
392309.46683267,232,0.04,0.0,0.8999999761581421,0.0,0.11500000208616257,0.0,0.0,0.0,0.007820248722056888,0.6998168917372407,-0.0036240177004653873,0.09212634470130432,-0.005912870984969842,0.13561455710688897,-0.0036240177004653873,-0.6197802197802176,13.938461538461539,0.2119658119658112,0.6085470085470064,0.04639804639804623,-1.360195360195359,0.026862026862026767,0.0
392309.506829263,233,0.04,0.0,0.8999999761581421,0.0,0.11999999731779099,0.0,0.0,0.0,0.005149919890135024,0.6998168917372407,-0.0036240177004653873,0.09784847791256546,-0.006294346532387252,0.13561455710688897,-0.0040054932478827965,-0.4351648351648336,13.912087912087912,0.2119658119658112,0.7179487179487154,0.0512820512820511,-1.355311355311354,0.026862026862026767,0.0
392309.546830111,234,0.04,0.0,0.8999999761581421,0.0,0.125,0.0,0.0,0.0,0.005149919890135024,0.6998168917372407,-0.0036240177004653873,0.10280766002899178,-0.005912870984969842,0.13561455710688897,-0.0040054932478827965,-0.4615384615384599,13.912087912087912,0.2119658119658112,0.5811965811965791,0.04639804639804623,-1.3504273504273492,0.026862026862026767,0.0
392309.586831312,235,0.04,0.0,0.8999999761581421,0.0,0.12999999523162842,0.0,0.0,0.0,0.005149919890135024,0.6998168917372407,-0.0036240177004653873,0.1077668421454181,-0.005912870984969842,0.13561455710688897,-0.004768444342717615,-0.4351648351648336,13.938461538461539,0.23931623931623847,0.8273504273504244,0.0512820512820511,-1.3504273504273492,0.04151404151404137,0.0
392309.626829824,236,0.04,0.0,0.8999999761581421,0.0,0.13500000536441803,0.0,0.0,0.0,0.005149919890135024,0.6998168917372407,-0.0036240177004653873,0.11005569542992255,-0.005912870984969842,0.13561455710688897,-0.004768444342717615,-0.4351648351648336,13.912087912087912,0.22564102564102484,0.7589743589743563,0.04639804639804623,-1.355311355311354,0.0366300366300365,0.0
392309.666826708,237,0.04,0.0,0.8999999761581421,0.0,0.14000000059604645,0.0,0.0,0.0,0.005149919890135024,0.6998168917372407,-0.0036240177004653873,0.11692225528343592,-0.005912870984969842,0.13561455710688897,-0.004768444342717615,-0.4351648351648336,13.912087912087912,0.22564102564102484,0.7042735042735018,0.04639804639804623,-1.355311355311354,0.04151404151404137,0.0
392309.706796097,238,0.04,0.0,0.8999999761581421,0.0,0.14499999582767487,0.0,0.0,0.0,0.005149919890135024,0.6998168917372407,-0.0036240177004653873,0.12149996185244483,-0.005912870984969842,0.13561455710688897,-0.005149919890135024,-0.4351648351648336,13.912087912087912,0.2119658119658112,0.7863247863247835,0.04639804639804623,-1.3504273504273492,0.04151404151404137,0.0
392309.746832257,239,0.04,0.0,0.8999999761581421,0.0,0.15000000596046448,0.0,0.0,0.0,0.005149919890135024,0.6998168917372407,-0.0040054932478827965,0.12684061951628856,-0.005912870984969842,0.13561455710688897,-0.005531395437552433,-0.4351648351648336,13.912087912087912,0.22564102564102484,0.6358974358974336,0.04639804639804623,-1.3504273504273492,0.04639804639804623,0.0
392309.786796819,240,0.04,0.0,0.8999999761581421,0.0,0.1550000011920929,0.0,0.0,0.0,0.005149919890135024,0.6998168917372407,-0.0040054932478827965,0.13103685053788006,-0.005912870984969842,0.13561455710688897,-0.005912870984969842,-0.4351648351648336,13.912087912087912,0.22564102564102484,0.9641025641025678,0.04639804639804623,-1.355311355311354,0.04639804639804623,0.0
392309.826952657,241,0.04,0.0,0.8999999761581421,0.0,0.1599999964237213,0.0,0.0,0.0,0.005149919890135024,0.6998168917372407,-0.0040054932478827965,0.13561455710688897,-0.005912870984969842,0.13561455710688897,-0.005912870984969842,-0.4351648351648336,13.912087912087912,0.2119658119658112,0.5675213675213655,0.04151404151404137,-1.355311355311354,0.04639804639804623,0.0
392309.866829935,242,0.04,0.0,0.8999999761581421,0.0,0.16500000655651093,0.0,0.0,0.0,0.004768444342717615,0.6998168917372407,-0.0040054932478827965,0.1417181658655675,-0.005912870984969842,0.13561455710688897,-0.006675822079804661,-0.40879120879120734,13.938461538461539,0.22564102564102484,0.991452991452995,0.04151404151404137,-1.3504273504273492,0.0512820512820511,0.0
392309.906830905,243,0.04,0.0,0.8999999761581421,0.0,0.17000000178813934,0.0,0.0,0.0,0.005149919890135024,0.6998168917372407,-0.0040054932478827965,0.14362554360265456,-0.005912870984969842,0.13561455710688897,-0.006294346532387252,-0.4351648351648336,13.938461538461539,0.22564102564102484,0.9504273504273542,0.0512820512820511,-1.3504273504273492,0.0512820512820511,0.0
392309.946832324,244,0.04,0.0,0.8999999761581421,0.0,0.17499999701976776,0.0,0.0,0.0,0.004768444342717615,0.6998168917372407,-0.0040054932478827965,0.1497291523613331,-0.005912870984969842,0.13561455710688897,-0.006675822079804661,-0.40879120879120734,13.938461538461539,0.22564102564102484,0.8136752136752108,0.0512820512820511,-1.355311355311354,0.056166056166055967,0.0
392309.986832149,245,0.04,0.0,0.8999999761581421,0.0,0.18000000715255737,0.0,0.0,0.0,0.002861066605630569,0.6998168917372407,-0.0040054932478827965,0.1539253833829246,-0.006294346532387252,0.13561455710688897,-0.006675822079804661,-0.25054945054944966,13.912087912087912,0.23931623931623847,0.991452991452995,0.056166056166055967,-1.355311355311354,0.04639804639804623,0.0
392310.026830148,246,0.04,0.0,0.8999999761581421,0.0,0.1850000023841858,0.0,0.0,0.0,0.002861066605630569,0.6998168917372407,-0.0040054932478827965,0.1573586633096813,-0.006294346532387252,0.13561455710688897,-0.00705729762722207,-0.27692307692307594,13.938461538461539,0.23931623931623847,0.8547008547008517,0.04639804639804623,-1.355311355311354,0.06105006105006083,0.0
392310.066830246,247,0.04,0.0,0.8999999761581421,0.0,0.1899999976158142,0.0,0.0,0.0,0.0024795910582131597,0.6998168917372407,-0.0040054932478827965,0.1623178454261076,-0.006294346532387252,0.13561455710688897,-0.007820248722056888,-0.25054945054944966,13.938461538461539,0.22564102564102484,1.251282051282054,0.04639804639804623,-1.360195360195359,0.0659340659340657,0.0
392310.106832944,248,0.04,0.0,0.8999999761581421,0.0,0.19499999284744263,0.0,0.0,0.0,0.0024795910582131597,0.6998168917372407,-0.0040054932478827965,0.16269932097352502,-0.006294346532387252,0.13561455710688897,-0.007820248722056888,-0.25054945054944966,13.912087912087912,0.22564102564102484,1.4153846153846175,0.04639804639804623,-1.355311355311354,0.0659340659340657,0.0
392310.146769665,249,0.04,0.0,0.8999999761581421,0.0,0.20000000298023224,0.0,0.0,0.0,0.0024795910582131597,0.6998168917372407,-0.0040054932478827965,0.1661326009002817,-0.006294346532387252,0.13561455710688897,-0.007820248722056888,-0.25054945054944966,13.912087912087912,0.22564102564102484,1.2786324786324812,0.04639804639804623,-1.3504273504273492,0.0659340659340657,0.0
392310.186839738,250,0.04,0.0,0.8999999761581421,0.0,0.20499999821186066,0.0,0.0,0.0,0.0017166399633783413,0.6998168917372407,-0.0040054932478827965,0.17299916075379507,-0.006294346532387252,0.13561455710688897,-0.008583199816891707,-0.11868131868131826,13.938461538461539,0.22564102564102484,1.3059829059829084,0.04639804639804623,-1.3504273504273492,0.09035409035409003,0.0
392310.226837105,251,0.04,0.0,0.8999999761581421,0.0,0.20999999344348907,0.0,0.0,0.0,-0.000953688868543523,0.6998168917372407,-0.0040054932478827965,0.17719539177538657,-0.006294346532387252,0.13561455710688897,-0.008583199816891707,0.03956043956043942,13.912087912087912,0.22564102564102484,1.2923076923076948,0.0512820512820511,-1.3455433455433443,0.0659340659340657,0.0
392310.266878242,252,0.04,0.0,0.8999999761581421,0.0,0.2150000035762787,0.0,0.0,0.0,-0.003242542153047978,0.6998168917372407,-0.0040054932478827965,0.18444342717631734,-0.006294346532387252,0.13561455710688897,-0.008583199816891707,0.1978021978021971,13.912087912087912,0.28034188034187935,1.1555555555555586,0.0512820512820511,-1.3504273504273492,0.07570207570207543,0.0
392310.306833488,253,0.04,0.0,0.8999999761581421,0.0,0.2199999988079071,0.0,0.0,0.0,-0.005912870984969842,0.6998168917372407,-0.004768444342717615,0.18863965819790884,-0.006294346532387252,0.13561455710688897,-0.007820248722056888,0.38241758241758106,13.912087912087912,0.294017094017093,1.141880341880345,0.0512820512820511,-1.360195360195359,0.04639804639804623,0.0
392310.346830219,254,0.04,0.0,0.8999999761581421,0.0,0.22499999403953552,0.0,0.0,0.0,-0.006675822079804661,0.6998168917372407,-0.004768444342717615,0.1947432669565874,-0.006294346532387252,0.13561455710688897,-0.008964675364309116,0.40879120879120734,13.912087912087912,0.3076923076923066,1.210256410256413,0.0512820512820511,-1.355311355311354,0.09035409035409003,0.0
392310.386828041,255,0.04,0.0,0.8999999761581421,0.0,0.23000000417232513,0.0,0.0,0.0,-0.008583199816891707,0.6998168917372407,-0.004768444342717615,0.19817654688334407,-0.006294346532387252,0.13561455710688897,-0.009346150911726525,0.5142857142857125,13.912087912087912,0.294017094017093,1.3743589743589766,0.04639804639804623,-1.355311355311354,0.07570207570207543,0.0
392310.426778644,256,0.04,0.0,0.8999999761581421,0.0,0.23499999940395355,0.0,0.0,0.0,-0.008583199816891707,0.6998168917372407,-0.004768444342717615,0.20122835126268335,-0.006294346532387252,0.13561455710688897,-0.009727626459143934,0.5142857142857125,13.912087912087912,0.3076923076923066,1.2786324786324812,0.04151404151404137,-1.3504273504273492,0.0952380952380949,0.0
392310.466823062,257,0.04,0.0,0.8999999761581421,0.0,0.23999999463558197,0.0,0.0,0.0,-0.008583199816891707,0.6998168917372407,-0.004768444342717615,0.20695048447394448,-0.006294346532387252,0.13561455710688897,-0.010872053101396162,0.5406593406593387,13.912087912087912,0.294017094017093,1.5111111111111128,0.04639804639804623,-1.3504273504273492,0.10012210012209977,0.0
392310.506828377,258,0.04,0.0,0.8999999761581421,0.0,0.24500000476837158,0.0,0.0,0.0,-0.008583199816891707,0.6998168917372407,-0.004768444342717615,0.20847638666361412,-0.006294346532387252,0.13561455710688897,-0.010872053101396162,0.5142857142857125,13.912087912087912,0.3076923076923066,1.7162393162393172,0.04639804639804623,-1.355311355311354,0.0952380952380949,0.0
392310.546958675,259,0.04,0.0,0.8999999761581421,0.0,0.25,0.0,0.0,0.0,-0.008583199816891707,0.6998168917372407,-0.004768444342717615,0.2119096665903708,-0.006294346532387252,0.13561455710688897,-0.010872053101396162,0.5142857142857125,13.912087912087912,0.294017094017093,1.4837606837606856,0.04639804639804623,-1.3504273504273492,0.0952380952380949,0.0
392310.586808346,260,0.04,0.0,0.8999999761581421,0.0,0.2549999952316284,0.0,0.0,0.0,-0.008583199816891707,0.6998168917372407,-0.004768444342717615,0.21915770199130158,-0.006294346532387252,0.13485160601205415,-0.011253528648813571,0.5406593406593387,13.912087912087912,0.294017094017093,1.6068376068376082,0.04639804639804623,-1.3357753357753346,0.10012210012209977,0.0
392310.626856524,261,0.04,0.0,0.8999999761581421,0.0,0.25999999046325684,0.0,0.0,0.0,-0.008964675364309116,0.7001983672846581,-0.004768444342717615,0.22068360418097122,-0.006294346532387252,0.13218127718013228,-0.01163500419623098,0.5142857142857125,13.885714285714286,0.294017094017093,1.8666666666666671,0.04639804639804623,-1.282051282051281,0.10500610500610463,0.0
392310.666842652,262,0.04,0.0,0.8999999761581421,0.0,0.26499998569488525,0.0,0.0,0.0,-0.008583199816891707,0.7005798428320755,-0.004768444342717615,0.2244983596551453,-0.006294346532387252,0.1283665217059582,-0.01163500419623098,0.5142857142857125,13.832967032967034,0.294017094017093,1.579487179487181,0.04639804639804623,-1.1990231990231983,0.10500610500610463,0.0
392310.706832136,263,0.04,0.0,0.8999999761581421,0.0,0.27000001072883606,0.0,0.0,0.0,-0.008964675364309116,0.7009613183794929,-0.004768444342717615,0.23060196841382385,-0.006294346532387252,0.12073701075761001,-0.015449759670405072,0.5406593406593387,13.780219780219781,0.28034188034187935,1.907692307692308,0.04639804639804623,-1.1159951159951156,0.1684981684981679,0.0
392310.746789177,264,0.04,0.0,0.8999999761581421,0.0,0.2750000059604645,0.0,0.0,0.0,-0.008964675364309116,0.7043945983062496,-0.004768444342717615,0.23174639505607608,-0.006294346532387252,0.1161593041886011,-0.019264515144579164,0.5406593406593387,13.35824175824176,0.3076923076923066,2.0717948717948715,0.0512820512820511,-1.1501831501831496,0.20268620268620197,0.0
392310.786845202,265,0.04,0.0,0.8999999761581421,0.0,0.2800000011920929,0.0,0.0,0.0,-0.008964675364309116,0.7101167315175108,-0.004768444342717615,0.23403524834058054,-0.006294346532387252,0.1161593041886011,-0.019264515144579164,0.5406593406593387,12.989010989010993,0.294017094017093,2.126495726495726,0.0512820512820511,-1.1599511599511594,0.1831501831501825,0.0
392310.826837774,266,0.04,0.0,0.8999999761581421,0.0,0.2849999964237213,0.0,0.0,0.0,-0.010872053101396162,0.7154573891813545,-0.004768444342717615,0.23899443045700686,-0.006294346532387252,0.11539635309376628,-0.02193484397650103,0.8571428571428541,12.672527472527477,0.294017094017093,2.0307692307692307,0.04639804639804623,-1.135531135531135,0.25152625152625063,0.0
392310.866831533,267,0.04,0.0,0.8999999761581421,0.0,0.28999999165534973,0.0,0.0,0.0,-0.01163500419623098,0.719653620202946,-0.004768444342717615,0.24395361257343318,-0.006294346532387252,0.1077668421454181,-0.02613107499809253,0.7252747252747227,12.487912087912093,0.3076923076923066,2.276923076923076,0.04639804639804623,-0.9401709401709404,0.29059829059828957,0.0
392310.906832564,268,0.04,0.0,0.8999999761581421,0.0,0.29499998688697815,0.0,0.0,0.0,-0.01163500419623098,0.7227054245822853,-0.004768444342717615,0.24662394140535504,-0.006294346532387252,0.09822995345998287,-0.03032730601968403,0.7252747252747227,12.22417582417583,0.3076923076923066,2.2222222222222214,0.04639804639804623,-0.8229548229548236,0.33943833943834,0.0
392310.946788605,269,0.04,0.0,0.8999999761581421,0.0,0.30000001192092896,0.0,0.0,0.0,-0.01163500419623098,0.7253757534142071,-0.004768444342717615,0.2523460746166162,-0.006294346532387252,0.08869306477454764,-0.03490501258869294,0.7252747252747227,12.065934065934073,0.294017094017093,2.2222222222222214,0.04639804639804623,-0.7985347985347993,0.37851037851037894,0.0
392310.986865464,270,0.04,0.0,0.8999999761581421,0.0,0.3050000071525574,0.0,0.0,0.0,-0.01163500419623098,0.7284275577935464,-0.004768444342717615,0.2565423056382077,-0.005912870984969842,0.08678568703746059,-0.037956816968032214,0.7252747252747227,11.749450549450543,0.294017094017093,2.235897435897435,0.04639804639804623,-0.8571428571428577,0.37851037851037894,0.0
392311.026784835,271,0.04,0.0,0.8999999761581421,0.0,0.3100000023841858,0.0,0.0,0.0,-0.01163500419623098,0.7326237888151379,-0.004768444342717615,0.2618829633020514,-0.005912870984969842,0.08678568703746059,-0.03871976806286703,0.7252747252747227,11.327472527472523,0.294017094017093,2.208547008547008,0.04151404151404137,-0.8766788766788771,0.37851037851037894,0.0
392311.066975621,272,0.04,0.0,0.8999999761581421,0.0,0.3149999976158142,0.0,0.0,0.0,-0.01163500419623098,0.7352941176470598,-0.004768444342717615,0.2668421454184777,-0.005912870984969842,0.08564126039520836,-0.03871976806286703,0.7252747252747227,11.301098901098896,0.294017094017093,2.317948717948717,0.04151404151404137,-0.8327228327228333,0.36385836385836434,0.0
392311.106838387,273,0.04,0.0,0.8999999761581421,0.0,0.3199999928474426,0.0,0.0,0.0,-0.01163500419623098,0.7375829709315642,-0.004768444342717615,0.2733272297245737,-0.005912870984969842,0.08525978484779095,-0.03871976806286703,0.7252747252747227,11.116483516483513,0.294017094017093,2.0034188034188034,0.04639804639804623,-0.8571428571428577,0.37851037851037894,0.0
392311.146833821,274,0.04,0.0,0.8999999761581421,0.0,0.32499998807907104,0.0,0.0,0.0,-0.01163500419623098,0.7391088731212339,-0.004768444342717615,0.2790493629358348,-0.005912870984969842,0.08525978484779095,-0.03833829251544962,0.7252747252747227,11.142857142857139,0.294017094017093,2.194871794871794,0.03174603174603163,-0.8571428571428577,0.3589743589743595,0.0
392311.186831205,275,0.04,0.0,0.8999999761581421,0.0,0.33000001311302185,0.0,0.0,0.0,-0.01163500419623098,0.7391088731212339,-0.004768444342717615,0.28477149614709596,-0.005912870984969842,0.08525978484779095,-0.03871976806286703,0.7252747252747227,11.169230769230765,0.3076923076923066,2.0034188034188034,0.04151404151404137,-0.8473748473748479,0.3736263736263741,0.0
392311.226814009,276,0.04,0.0,0.8999999761581421,0.0,0.33500000834465027,0.0,0.0,0.0,-0.01163500419623098,0.7391088731212339,-0.004768444342717615,0.2901121538109397,-0.005531395437552433,0.08525978484779095,-0.037956816968032214,0.7252747252747227,11.169230769230765,0.3076923076923066,2.0307692307692307,0.0366300366300365,-0.8717948717948723,0.3589743589743595,0.0
392311.266817186,277,0.04,0.0,0.8999999761581421,0.0,0.3400000035762787,0.0,0.0,0.0,-0.01163500419623098,0.7387273975738164,-0.004768444342717615,0.2958342870222008,-0.005531395437552433,0.08602273594262577,-0.03833829251544962,0.7252747252747227,11.195604395604391,0.294017094017093,2.0444444444444443,0.04151404151404137,-0.8717948717948723,0.3687423687423692,0.0
392311.306827962,278,0.04,0.0,0.8999999761581421,0.0,0.3449999988079071,0.0,0.0,0.0,-0.01163500419623098,0.7387273975738164,-0.004768444342717615,0.2996490424963749,-0.005149919890135024,0.08678568703746059,-0.037575341420614805,0.7252747252747227,11.195604395604391,0.3076923076923066,2.208547008547008,0.0366300366300365,-0.881562881562882,0.34920634920634974,0.0
392311.346826982,279,0.04,0.0,0.8999999761581421,0.0,0.3499999940395355,0.0,0.0,0.0,-0.01163500419623098,0.7387273975738164,-0.004768444342717615,0.30422674906538383,-0.004768444342717615,0.08754863813229541,-0.037956816968032214,0.7252747252747227,11.221978021978018,0.294017094017093,1.8666666666666671,0.03174603174603163,-0.881562881562882,0.36385836385836434,0.0
392311.386818203,280,0.04,0.0,0.8999999761581421,0.0,0.35499998927116394,0.0,0.0,0.0,-0.01163500419623098,0.7387273975738164,-0.005149919890135024,0.30994888227664497,-0.004386968795300206,0.08754863813229541,-0.037956816968032214,0.7252747252747227,11.221978021978018,0.3076923076923066,2.2222222222222214,0.017094017094017033,-0.881562881562882,0.3589743589743595,0.0
392311.426834721,281,0.04,0.0,0.8999999761581421,0.0,0.36000001430511475,0.0,0.0,0.0,-0.011253528648813571,0.7387273975738164,-0.005149919890135024,0.3114747844663146,-0.0024795910582131597,0.087167162584878,-0.037956816968032214,0.6989010989010964,11.195604395604391,0.294017094017093,2.3316239316239304,-0.0073260073260073,-0.8766788766788771,0.3589743589743595,0.0
392311.466825429,282,0.04,0.0,0.8999999761581421,0.0,0.36500000953674316,0.0,0.0,0.0,-0.011253528648813571,0.7387273975738164,-0.005149919890135024,0.31795986877241056,-0.0020981155107957505,0.087167162584878,-0.037956816968032214,0.7252747252747227,11.221978021978018,0.3076923076923066,2.0034188034188034,0.0024420024420024333,-0.8717948717948723,0.36385836385836434,0.0
392311.506848064,283,0.04,0.0,0.8999999761581421,0.0,0.3700000047683716,0.0,0.0,0.0,-0.01163500419623098,0.7387273975738164,-0.005149919890135024,0.3229190508888369,-0.0020981155107957505,0.08678568703746059,-0.037956816968032214,0.7252747252747227,11.195604395604391,0.294017094017093,2.3316239316239304,0.0073260073260073,-0.8717948717948723,0.36385836385836434,0.0
392311.546801195,284,0.04,0.0,0.8999999761581421,0.0,0.375,0.0,0.0,0.0,-0.01163500419623098,0.7387273975738164,-0.005149919890135024,0.3271152819104284,-0.0020981155107957505,0.08678568703746059,-0.03833829251544962,0.7252747252747227,11.221978021978018,0.294017094017093,2.1128205128205124,0.0073260073260073,-0.8766788766788771,0.3687423687423692,0.0
392311.586838787,285,0.04,0.0,0.8999999761581421,0.0,0.3799999952316284,0.0,0.0,0.0,-0.01163500419623098,0.7387273975738164,-0.005149919890135024,0.3324559395742721,-0.0020981155107957505,0.08678568703746059,-0.03833829251544962,0.7252747252747227,11.195604395604391,0.3076923076923066,2.304273504273503,0.0073260073260073,-0.8766788766788771,0.36385836385836434,0.0
392311.626886685,286,0.04,0.0,0.8999999761581421,0.0,0.38499999046325684,0.0,0.0,0.0,-0.01163500419623098,0.7387273975738164,-0.005149919890135024,0.3362706950484462,-0.0020981155107957505,0.087167162584878,-0.03833829251544962,0.7252747252747227,11.195604395604391,0.33504273504273385,2.1538461538461533,0.0073260073260073,-0.8766788766788771,0.3736263736263741,0.0
392311.666834826,287,0.04,0.0,0.8999999761581421,0.0,0.38999998569488525,0.0,0.0,0.0,-0.01163500419623098,0.7387273975738164,-0.005912870984969842,0.34237430380712475,-0.0020981155107957505,0.087167162584878,-0.03871976806286703,0.751648351648349,11.195604395604391,0.3487179487179475,2.3316239316239304,0.0073260073260073,-0.8766788766788771,0.3687423687423692,0.0
392311.706897886,288,0.04,0.0,0.8999999761581421,0.0,0.39500001072883606,0.0,0.0,0.0,-0.01163500419623098,0.7387273975738164,-0.005912870984969842,0.3442816815442118,-0.0020981155107957505,0.087167162584878,-0.03833829251544962,0.7252747252747227,11.221978021978018,0.3487179487179475,2.564102564102562,0.0024420024420024333,-0.8766788766788771,0.36385836385836434,0.0
392311.74680756,289,0.04,0.0,0.8999999761581421,0.0,0.4000000059604645,0.0,0.0,0.0,-0.01163500419623098,0.7387273975738164,-0.005912870984969842,0.3480964370183859,-0.0020981155107957505,0.087167162584878,-0.03833829251544962,0.7252747252747227,11.221978021978018,0.3623931623931611,2.1401709401709397,0.0073260073260073,-0.8717948717948723,0.3687423687423692,0.0
392311.786786711,290,0.04,0.0,0.8999999761581421,0.0,0.4050000011920929,0.0,0.0,0.0,-0.013923857480735435,0.7387273975738164,-0.005912870984969842,0.35534447241931666,-0.0017166399633783413,0.087167162584878,-0.03948271915770185,1.120879120879117,11.195604395604391,0.3623931623931611,2.4683760683760667,0.0024420024420024333,-0.8717948717948723,0.3882783882783887,0.0
392311.826840532,291,0.04,0.0,0.8999999761581421,0.0,0.4099999964237213,0.0,0.0,0.0,-0.013923857480735435,0.7387273975738164,-0.005912870984969842,0.35992217898832557,-0.0013351644159609322,0.087167162584878,-0.04062714579995408,0.8835164835164804,11.195604395604391,0.3623931623931611,2.2495726495726487,-0.0073260073260073,-0.8766788766788771,0.40781440781440814,0.0
392311.866843879,292,0.04,0.0,0.8999999761581421,0.0,0.41499999165534973,0.0,0.0,0.0,-0.013923857480735435,0.738345922026399,-0.005912870984969842,0.3652628366521693,-0.0013351644159609322,0.08754863813229541,-0.042915999084458534,0.9098901098901067,11.221978021978018,0.37606837606837473,2.4683760683760667,0.0024420024420024333,-0.8864468864468869,0.42246642246642274,0.0
392311.906831353,293,0.04,0.0,0.8999999761581421,0.0,0.41999998688697815,0.0,0.0,0.0,-0.013923857480735435,0.738345922026399,-0.007820248722056888,0.36831464103150857,-0.0013351644159609322,0.08907454032196505,-0.042915999084458534,0.9098901098901067,11.221978021978018,0.6495726495726473,2.386324786324785,0.0024420024420024333,-0.9108669108669112,0.40781440781440814,0.0
392311.946845417,294,0.04,0.0,0.8999999761581421,0.0,0.42500001192092896,0.0,0.0,0.0,-0.014305333028152845,0.738345922026399,-0.012397955291065799,0.37518120088502194,-0.0013351644159609322,0.08983749141679986,-0.04406042572671076,0.9362637362637329,11.221978021978018,0.882051282051286,2.3726495726495713,0.0024420024420024333,-0.9059829059829063,0.4322344322344325,0.0
392311.986770544,295,0.04,0.0,0.8999999761581421,0.0,0.4300000071525574,0.0,0.0,0.0,-0.014305333028152845,0.7372014953841468,-0.013923857480735435,0.3778515297169438,-0.0017166399633783413,0.09212634470130432,-0.04520485236896299,0.9098901098901067,11.432967032967028,0.882051282051286,2.7008547008547055,0.0024420024420024333,-0.9743589743589745,0.4322344322344325,0.0
392312.026837415,296,0.04,0.0,0.8999999761581421,0.0,0.4350000023841858,0.0,0.0,0.0,-0.014305333028152845,0.7356755931944772,-0.013923857480735435,0.37975890745403085,-0.0017166399633783413,0.09517814908064359,-0.04520485236896299,0.9362637362637329,11.432967032967028,0.9367521367521405,2.6188034188034166,0.0024420024420024333,-0.989010989010989,0.43711843711843734,0.0
392312.066867565,297,0.04,0.0,0.8999999761581421,0.0,0.4399999976158142,0.0,0.0,0.0,-0.017738612954909527,0.7337682154573901,-0.013923857480735435,0.3858625162127094,-0.0017166399633783413,0.0997558556496525,-0.047493705653467444,1.4901098901098848,11.617582417582412,0.9504273504273542,2.605128205128203,0.0073260073260073,-1.0427350427350426,0.485958485958486,0.0
392312.106832719,298,0.04,0.0,0.8999999761581421,0.0,0.4449999928474426,0.0,0.0,0.0,-0.02155336842908362,0.7314793621728857,-0.013923857480735435,0.3912031738765567,-0.0017166399633783413,0.10128175783932214,-0.047493705653467444,1.6219780219780162,11.828571428571436,0.9367521367521405,2.605128205128203,-0.0024420024420024333,-1.0525030525030523,0.4566544566544568,0.0
392312.146829544,299,0.04,0.0,0.8999999761581421,0.0,0.44999998807907104,0.0,0.0,0.0,-0.023842221713588074,0.7307164110780509,-0.013923857480735435,0.3965438315404004,0.0005722133211261138,0.10433356221866141,-0.04901960784313708,1.780219780219788,11.749450549450543,0.9504273504273542,2.7418803418803464,-0.08547008547008517,-1.0964590964590961,0.5006105006105006,0.0
392312.186831692,300,0.04,0.0,0.8999999761581421,0.0,0.45500001311302185,0.0,0.0,0.0,-0.024986648355840302,0.7310978866254683,-0.013923857480735435,0.39883268482490486,0.0013351644159609322,0.10585946440833105,-0.04940108339055449,1.6747252747252688,11.723076923076917,0.9504273504273542,2.8786324786324826,-0.03174603174603163,-1.0769230769230766,0.4761904761904763,0.0
392312.226829831,301,0.04,0.0,0.8999999761581421,0.0,0.46000000834465027,0.0,0.0,0.0,-0.024986648355840302,0.7310978866254683,-0.013923857480735435,0.4007400625619919,0.0013351644159609322,0.10662241550316587,-0.04940108339055449,1.6483516483516425,11.749450549450543,0.9641025641025678,2.9880341880341916,-0.026862026862026767,-1.0720390720390718,0.48107448107448114,0.0
392312.266821489,302,0.04,0.0,0.8999999761581421,0.0,0.4650000035762787,0.0,0.0,0.0,-0.02536812390325771,0.7310978866254683,-0.013923857480735435,0.4049362935835834,0.0013351644159609322,0.10662241550316587,-0.051689936675058945,1.7010989010989093,11.723076923076917,0.9367521367521405,2.8376068376068417,-0.0219780219780219,-1.067155067155067,0.5347985347985347,0.0
392312.306827701,303,0.04,0.0,0.8999999761581421,0.0,0.4699999988079071,0.0,0.0,0.0,-0.02574959945067512,0.7310978866254683,-0.013923857480735435,0.4095140001525923,0.000953688868543523,0.10662241550316587,-0.05550469214923304,1.7010989010989093,11.723076923076917,0.9367521367521405,3.275213675213678,-0.026862026862026767,-1.067155067155067,0.559218559218559,0.0
392312.346829819,304,0.04,0.0,0.8999999761581421,0.0,0.4749999940395355,0.0,0.0,0.0,-0.02574959945067512,0.7310978866254683,-0.013923857480735435,0.4095140001525923,0.000953688868543523,0.10662241550316587,-0.055886167696650446,1.7010989010989093,11.749450549450543,0.9230769230769269,3.384615384615387,-0.03174603174603163,-1.0720390720390718,0.5396825396825395,0.0
392312.386830357,305,0.04,0.0,0.8999999761581421,0.0,0.47999998927116394,0.0,0.0,0.0,-0.02574959945067512,0.7310978866254683,-0.013923857480735435,0.412947280079349,0.000953688868543523,0.10662241550316587,-0.055886167696650446,1.7274725274725355,11.723076923076917,0.9367521367521405,3.343589743589746,-0.026862026862026767,-1.067155067155067,0.5445665445665444,0.0
392312.426817851,306,0.04,0.0,0.8999999761581421,0.0,0.48500001430511475,0.0,0.0,0.0,-0.028038452735179575,0.7310978866254683,-0.013923857480735435,0.41943236438544496,0.000953688868543523,0.10662241550316587,-0.05855649652857231,2.2021978021978086,11.723076923076917,0.9367521367521405,3.2888888888888914,-0.0219780219780219,-1.0573870573870572,0.5982905982905979,0.0
392312.46684264,307,0.04,0.0,0.8999999761581421,0.0,0.49000000953674316,0.0,0.0,0.0,-0.028419928282596985,0.7314793621728857,-0.013923857480735435,0.42362859540703646,0.000953688868543523,0.10585946440833105,-0.05970092317082454,1.9120879120879195,11.69670329670329,0.9367521367521405,3.5076923076923094,-0.0219780219780219,-1.062271062271062,0.5787545787545785,0.0
392312.506843813,308,0.04,0.0,0.8999999761581421,0.0,0.4950000047683716,0.0,0.0,0.0,-0.028419928282596985,0.7314793621728857,-0.013923857480735435,0.42668039978637573,0.000953688868543523,0.10585946440833105,-0.06008239871824195,1.9120879120879195,11.69670329670329,0.9230769230769269,3.261538461538464,-0.0219780219780219,-1.0573870573870572,0.5885225885225882,0.0
392312.546887186,309,0.04,0.0,0.8999999761581421,0.0,0.5,0.0,0.0,0.0,-0.028801403830014394,0.7314793621728857,-0.013923857480735435,0.4331654840924717,0.000953688868543523,0.10509651331349623,-0.060845349813076766,1.9384615384615458,11.69670329670329,0.9230769230769269,3.480341880341882,-0.026862026862026767,-1.0427350427350426,0.5885225885225882,0.0
392312.586832377,310,0.04,0.0,0.8999999761581421,0.0,0.5049999952316284,0.0,0.0,0.0,-0.028419928282596985,0.7314793621728857,-0.013923857480735435,0.4373617151140632,0.000953688868543523,0.103952086671244,-0.060845349813076766,1.9120879120879195,11.69670329670329,0.9367521367521405,3.2888888888888914,-0.0219780219780219,-1.0183150183150182,0.5885225885225882,0.0
392312.626830604,311,0.04,0.0,0.8999999761581421,0.0,0.5099999904632568,0.0,0.0,0.0,-0.028419928282596985,0.7314793621728857,-0.013923857480735435,0.44384679942015914,0.000953688868543523,0.0993743801022351,-0.060463874265659356,1.9120879120879195,11.69670329670329,0.9230769230769269,3.370940170940173,-0.026862026862026767,-0.915750915750916,0.5738705738705736,0.0
392312.666830021,312,0.04,0.0,0.8999999761581421,0.0,0.5149999856948853,0.0,0.0,0.0,-0.028419928282596985,0.7314793621728857,-0.013923857480735435,0.4507133592736725,0.0013351644159609322,0.09365224689097396,-0.05970092317082454,1.8857142857142932,11.69670329670329,0.9367521367521405,2.933333333333337,-0.026862026862026767,-0.8864468864468869,0.5787545787545785,0.0
392312.706838198,313,0.04,0.0,0.8999999761581421,0.0,0.5199999809265137,0.0,0.0,0.0,-0.028419928282596985,0.7326237888151379,-0.013923857480735435,0.4579613946746033,0.0013351644159609322,0.08831158922713023,-0.05893797207598972,1.8857142857142932,11.512087912087907,0.9367521367521405,3.0700854700854734,-0.0366300366300365,-0.8473748473748479,0.5445665445665444,0.0
392312.746920779,314,0.04,0.0,0.8999999761581421,0.0,0.5249999761581421,0.0,0.0,0.0,-0.028038452735179575,0.734531166552225,-0.013923857480735435,0.46520943007553406,0.0017166399633783413,0.08678568703746059,-0.056267643244067855,1.8857142857142932,11.406593406593402,0.9367521367521405,2.8786324786324826,-0.0366300366300365,-0.8473748473748479,0.5347985347985347,0.0
392312.786874357,315,0.04,0.0,0.8999999761581421,0.0,0.5299999713897705,0.0,0.0,0.0,-0.027656977187762166,0.7372014953841468,-0.013923857480735435,0.47245746547646483,0.0020981155107957505,0.08564126039520836,-0.055886167696650446,1.8329670329670407,11.248351648351644,0.9367521367521405,2.605128205128203,-0.0366300366300365,-0.8620268620268625,0.5347985347985347,0.0
392312.82684737,316,0.04,0.0,0.8999999761581421,0.0,0.5350000262260437,0.0,0.0,0.0,-0.027656977187762166,0.7394903486686513,-0.013923857480735435,0.4797055008773956,0.0040054932478827965,0.08564126039520836,-0.05474174105439822,1.8329670329670407,11.06373626373626,0.9367521367521405,2.7418803418803464,-0.09035409035409003,-0.8571428571428577,0.5103785103785103,0.0
392312.866860918,317,0.04,0.0,0.8999999761581421,0.0,0.5400000214576721,0.0,0.0,0.0,-0.027656977187762166,0.7417792019531557,-0.013923857480735435,0.48580910963607415,0.006294346532387252,0.08106355382619945,-0.05245288776989376,1.8329670329670407,10.958241758241755,0.9230769230769269,2.427350427350426,-0.10012210012209977,-0.7496947496947488,0.49572649572649574,0.0
392312.906883521,318,0.04,0.0,0.8999999761581421,0.0,0.5450000166893005,0.0,0.0,0.0,-0.027275501640344757,0.742923628595408,-0.013923857480735435,0.4919127183947527,0.008964675364309116,0.078774700541695,-0.052071412222476354,1.8065934065934144,10.85274725274725,0.9367521367521405,2.5094017094017076,-0.14896214896214843,-0.7594627594627585,0.4908424908424909,0.0
392312.946832229,319,0.04,0.0,0.8999999761581421,0.0,0.550000011920929,0.0,0.0,0.0,-0.02536812390325771,0.7440680552376602,-0.013923857480735435,0.49877927824826607,0.009346150911726525,0.07724879835202536,-0.052071412222476354,1.5428571428571374,10.747252747252745,0.9504273504273542,2.4683760683760667,-0.11477411477411437,-0.778998778998778,0.5054945054945055,0.0
392312.986828588,320,0.04,0.0,0.8999999761581421,0.0,0.5550000071525574,0.0,0.0,0.0,-0.024986648355840302,0.744831006332495,-0.013923857480735435,0.5022125581750227,0.009727626459143934,0.07763027389944277,-0.052071412222476354,1.6483516483516425,10.747252747252745,0.9367521367521405,2.605128205128203,-0.1098901098901095,-0.7838827838827847,0.4908424908424909,0.0
392313.026804472,321,0.04,0.0,0.8999999761581421,0.0,0.5600000023841858,0.0,0.0,0.0,-0.024986648355840302,0.744831006332495,-0.013923857480735435,0.5079346913862839,0.009727626459143934,0.07724879835202536,-0.052071412222476354,1.6747252747252688,10.77362637362637,0.9367521367521405,2.3999999999999986,-0.11477411477411437,-0.7692307692307683,0.5103785103785103,0.0
392313.06683534,322,0.04,0.0,0.8999999761581421,0.0,0.5649999976158142,0.0,0.0,0.0,-0.024986648355840302,0.744831006332495,-0.013923857480735435,0.5121309224078754,0.010490577553978753,0.07686732280460795,-0.051689936675058945,1.6483516483516425,10.77362637362637,0.9641025641025678,2.646153846153851,-0.1391941391941387,-0.7741147741147731,0.4908424908424909,0.0
392313.106829912,323,0.04,0.0,0.8999999761581421,0.0,0.5699999928474426,0.0,0.0,0.0,-0.024986648355840302,0.744831006332495,-0.013923857480735435,0.5151827267872147,0.013542381933318026,0.07686732280460795,-0.052071412222476354,1.6747252747252688,10.77362637362637,0.9367521367521405,2.6324786324786373,-0.1782661782661794,-0.7741147741147731,0.5006105006105006,0.0
392313.146828304,324,0.04,0.0,0.8999999761581421,0.0,0.574999988079071,0.0,0.0,0.0,-0.024986648355840302,0.744831006332495,-0.013923857480735435,0.5216678110933106,0.01621271076523989,0.07686732280460795,-0.052071412222476354,1.6483516483516425,10.77362637362637,0.9367521367521405,2.5777777777777757,-0.2368742368742378,-0.7692307692307683,0.5054945054945055,0.0
392313.186820123,325,0.04,0.0,0.8999999761581421,0.0,0.5799999833106995,0.0,0.0,0.0,-0.024986648355840302,0.744831006332495,-0.013923857480735435,0.5254825665674847,0.020027466239413982,0.0745784695201035,-0.0497825589379719,1.6483516483516425,10.77362637362637,0.9230769230769269,2.646153846153851,-0.2710622710622719,-0.7252747252747245,0.4566544566544568,0.0
392313.226845338,326,0.04,0.0,0.8999999761581421,0.0,0.5849999785423279,0.0,0.0,0.0,-0.024986648355840302,0.744831006332495,-0.013923857480735435,0.5315861753261633,0.024223697261005483,0.07152666514076422,-0.04863813229571967,1.6483516483516425,10.77362637362637,0.9367521367521405,2.386324786324785,-0.3150183150183157,-0.6910866910866904,0.46642246642246654,0.0
392313.26688618,327,0.04,0.0,0.8999999761581421,0.0,0.5899999737739563,0.0,0.0,0.0,-0.024986648355840302,0.744831006332495,-0.013923857480735435,0.5384527351796766,0.024986648355840302,0.0707637140459294,-0.04787518120088485,1.6483516483516425,10.77362637362637,0.9367521367521405,2.3316239316239304,-0.2710622710622719,-0.7106227106227099,0.4566544566544568,0.0
392313.306824569,328,0.04,0.0,0.8999999761581421,0.0,0.5950000286102295,0.0,0.0,0.0,-0.024986648355840302,0.744831006332495,-0.013923857480735435,0.5441748683909378,0.02651255054550994,0.070382238498512,-0.047112230106050035,1.6483516483516425,10.77362637362637,0.9367521367521405,2.454700854700853,-0.3003663003663011,-0.705738705738705,0.4420024420024422,0.0
392313.346830834,329,0.04,0.0,0.8999999761581421,0.0,0.6000000238418579,0.0,0.0,0.0,-0.024986648355840302,0.744831006332495,-0.013923857480735435,0.5491340505073641,0.028801403830014394,0.070382238498512,-0.042534523537041125,1.6483516483516425,10.77362637362637,0.9641025641025678,2.3316239316239304,-0.31990231990232054,-0.7106227106227099,0.34920634920634974,0.0
392313.386828968,330,0.04,0.0,0.8999999761581421,0.0,0.6050000190734863,0.0,0.0,0.0,-0.024986648355840302,0.744831006332495,-0.013923857480735435,0.5560006103608774,0.03109025711451885,0.07000076295109459,-0.03986419470511926,1.6483516483516425,10.77362637362637,0.9504273504273542,2.3726495726495713,-0.34920634920634974,-0.7008547008547001,0.36385836385836434,0.0
392313.42683069,331,0.04,0.0,0.8999999761581421,0.0,0.6100000143051147,0.0,0.0,0.0,-0.024605172808422893,0.744831006332495,-0.013923857480735435,0.560196841382469,0.03109025711451885,0.07000076295109459,-0.03414206149385812,1.6219780219780162,10.77362637362637,0.9504273504273542,2.2222222222222214,-0.3247863247863254,-0.7008547008547001,0.2564102564102555,0.0
392313.466823888,332,0.04,0.0,0.8999999761581421,0.0,0.6150000095367432,0.0,0.0,0.0,-0.024605172808422893,0.744831006332495,-0.013923857480735435,0.5682078278782345,0.03109025711451885,0.07000076295109459,-0.029564354924849212,1.6483516483516425,10.77362637362637,0.9504273504273542,2.1538461538461533,-0.3247863247863254,-0.705738705738705,0.23199023199023117,0.0
392313.506830512,333,0.04,0.0,0.8999999761581421,0.0,0.6200000047683716,0.0,0.0,0.0,-0.024605172808422893,0.744831006332495,-0.013923857480735435,0.5746929121843305,0.03109025711451885,0.07000076295109459,-0.02536812390325771,1.6219780219780162,10.77362637362637,0.9367521367521405,1.9897435897435898,-0.31990231990232054,-0.705738705738705,0.20757020757020683,0.0
392313.546779968,334,0.04,0.0,0.8999999761581421,0.0,0.625,0.0,0.0,0.0,-0.024605172808422893,0.7452124818799124,-0.013923857480735435,0.5804150453955916,0.03109025711451885,0.06961928740367718,-0.023079270618753256,1.6483516483516425,10.720879120879118,0.9367521367521405,2.126495726495726,-0.3150183150183157,-0.6959706959706953,0.1684981684981679,0.0
392313.586830913,335,0.04,0.0,0.8999999761581421,0.0,0.6299999952316284,0.0,0.0,0.0,-0.024605172808422893,0.7452124818799124,-0.013923857480735435,0.5849927519646005,0.03109025711451885,0.06961928740367718,-0.018120088502326936,1.6483516483516425,10.747252747252745,0.9367521367521405,1.9623931623931625,-0.31990231990232054,-0.7008547008547001,0.12942612942612897,0.0
392313.62683169,336,0.04,0.0,0.8999999761581421,0.0,0.6349999904632568,0.0,0.0,0.0,-0.024605172808422893,0.7452124818799124,-0.013923857480735435,0.589188982986192,0.03109025711451885,0.06961928740367718,-0.017357137407492118,1.6219780219780162,10.747252747252745,0.9367521367521405,2.276923076923076,-0.31990231990232054,-0.7008547008547001,0.1538461538461533,0.0
392313.666857109,337,0.04,0.0,0.8999999761581421,0.0,0.6399999856948853,0.0,0.0,0.0,-0.024605172808422893,0.7452124818799124,-0.013923857480735435,0.5903334096284443,0.03109025711451885,0.06961928740367718,-0.015449759670405072,1.6219780219780162,10.747252747252745,0.9367521367521405,2.413675213675212,-0.31990231990232054,-0.7008547008547001,0.11477411477411437,0.0
392313.706803006,338,0.04,0.0,0.8999999761581421,0.0,0.6449999809265137,0.0,0.0,0.0,-0.024605172808422893,0.7452124818799124,-0.013923857480735435,0.593766689555201,0.03109025711451885,0.06885633630884236,-0.013923857480735435,1.6219780219780162,10.747252747252745,0.9504273504273542,2.304273504273503,-0.31990231990232054,-0.6862026862026855,0.11965811965811923,0.0
392313.74682807,339,0.04,0.0,0.8999999761581421,0.0,0.6499999761581421,0.0,0.0,0.0,-0.024605172808422893,0.7452124818799124,-0.013923857480735435,0.6002517738612969,0.03109025711451885,0.06694895857175531,-0.015068284122987663,1.6483516483516425,10.747252747252745,0.9367521367521405,2.523076923076921,-0.3150183150183157,-0.6520146520146515,0.14407814407814357,0.0
392313.786836755,340,0.04,0.0,0.8999999761581421,0.0,0.6549999713897705,0.0,0.0,0.0,-0.024605172808422893,0.7452124818799124,-0.013923857480735435,0.6013962005035491,0.03109025711451885,0.06351567864499863,-0.015068284122987663,1.6219780219780162,10.747252747252745,0.9367521367521405,2.687179487179492,-0.31990231990232054,-0.6178266178266174,0.13431013431013383,0.0
392313.826790785,341,0.04,0.0,0.8999999761581421,0.0,0.6600000262260437,0.0,0.0,0.0,-0.024605172808422893,0.7452124818799124,-0.013923857480735435,0.6044480048828884,0.03109025711451885,0.0623712520027464,-0.015449759670405072,1.6483516483516425,10.747252747252745,0.9367521367521405,2.687179487179492,-0.31990231990232054,-0.6227106227106223,0.14407814407814357,0.0
392313.866904779,342,0.04,0.0,0.8999999761581421,0.0,0.6650000214576721,0.0,0.0,0.0,-0.024986648355840302,0.7452124818799124,-0.013923857480735435,0.6090257114518973,0.03109025711451885,0.060845349813076766,-0.01583123521782248,1.6747252747252688,10.747252747252745,0.9230769230769269,2.7692307692307736,-0.31990231990232054,-0.5934065934065931,0.14896214896214843,0.0
392313.906830017,343,0.04,0.0,0.8999999761581421,0.0,0.6700000166893005,0.0,0.0,0.0,-0.024986648355840302,0.7452124818799124,-0.013923857480735435,0.6120775158312366,0.03109025711451885,0.05931944762340713,-0.017738612954909527,1.6483516483516425,10.720879120879118,0.9504273504273542,2.9470085470085507,-0.31990231990232054,-0.5836385836385833,0.17826617826617763,0.0
392313.946832096,344,0.04,0.0,0.8999999761581421,0.0,0.675000011920929,0.0,0.0,0.0,-0.024986648355840302,0.7459754329747472,-0.013923857480735435,0.6147478446631585,0.03109025711451885,0.05741206988632008,-0.018501564049744346,1.6747252747252688,10.589010989010987,0.9504273504273542,2.9880341880341916,-0.31990231990232054,-0.5347985347985347,0.17338217338217277,0.0
392313.986867384,345,0.04,0.0,0.8999999761581421,0.0,0.6800000071525574,0.0,0.0,0.0,-0.024986648355840302,0.7478828107118343,-0.013923857480735435,0.6212329289692544,0.03109025711451885,0.056267643244067855,-0.018501564049744346,1.6747252747252688,10.536263736263734,0.9504273504273542,2.8376068376068417,-0.31990231990232054,-0.5689865689865687,0.17338217338217277,0.0
392314.026839174,346,0.04,0.0,0.8999999761581421,0.0,0.6850000023841858,0.0,0.0,0.0,-0.024986648355840302,0.7497901884489213,-0.013923857480735435,0.6258106355382633,0.03109025711451885,0.056267643244067855,-0.018120088502326936,1.6747252747252688,10.35164835164835,0.9230769230769269,2.9880341880341916,-0.31990231990232054,-0.5641025641025639,0.16361416361416303,0.0
392314.066852325,347,0.04,0.0,0.8999999761581421,0.0,0.6899999976158142,0.0,0.0,0.0,-0.024986648355840302,0.7505531395437561,-0.013923857480735435,0.6322957198443593,0.03109025711451885,0.05550469214923304,-0.018883039597161755,1.6747252747252688,10.378021978021977,0.9641025641025678,2.687179487179492,-0.31990231990232054,-0.5445665445665444,0.17826617826617763,0.0
392314.106781479,348,0.04,0.0,0.8999999761581421,0.0,0.6949999928474426,0.0,0.0,0.0,-0.024986648355840302,0.7505531395437561,-0.013923857480735435,0.6387808041504552,0.03109025711451885,0.051308461127641536,-0.018501564049744346,1.6747252747252688,10.378021978021977,0.9367521367521405,2.7008547008547055,-0.3247863247863254,-0.4908424908424909,0.15873015873015817,0.0
392314.146831338,349,0.04,0.0,0.8999999761581421,0.0,0.699999988079071,0.0,0.0,0.0,-0.024986648355840302,0.7505531395437561,-0.013923857480735435,0.6448844129091338,0.03109025711451885,0.04863813229571967,-0.018883039597161755,1.6483516483516425,10.378021978021977,0.9367521367521405,2.687179487179492,-0.3247863247863254,-0.4566544566544568,0.17338217338217277,0.0
392314.186791013,350,0.04,0.0,0.8999999761581421,0.0,0.7049999833106995,0.0,0.0,0.0,-0.024986648355840302,0.7505531395437561,-0.013923857480735435,0.6502250705729775,0.03109025711451885,0.046730754558632626,-0.017357137407492118,1.6747252747252688,10.378021978021977,0.9367521367521405,2.413675213675212,-0.3247863247863254,-0.4615384615384617,0.14896214896214843,0.0
392314.2268344,351,0.04,0.0,0.8999999761581421,0.0,0.7099999785423279,0.0,0.0,0.0,-0.024986648355840302,0.7505531395437561,-0.013923857480735435,0.6574731059739083,0.03109025711451885,0.04444190127412817,-0.017738612954909527,1.6747252747252688,10.378021978021977,0.9504273504273542,2.5914529914529894,-0.3247863247863254,-0.43711843711843734,0.15873015873015817,0.0
392314.266790027,352,0.04,0.0,0.8999999761581421,0.0,0.7149999737739563,0.0,0.0,0.0,-0.024986648355840302,0.7505531395437561,-0.013923857480735435,0.6616693369954998,0.03109025711451885,0.04406042572671076,-0.01621271076523989,1.6483516483516425,10.378021978021977,0.9367521367521405,2.3589743589743577,-0.3247863247863254,-0.45177045177045194,0.13431013431013383,0.0
392314.306889974,353,0.04,0.0,0.8999999761581421,0.0,0.7200000286102295,0.0,0.0,0.0,-0.024986648355840302,0.7505531395437561,-0.013923857480735435,0.6685358968490132,0.03109025711451885,0.04406042572671076,-0.01583123521782248,1.6483516483516425,10.378021978021977,0.9504273504273542,2.536752136752135,-0.3247863247863254,-0.4468864468864471,0.1391941391941387,0.0
392314.346828059,354,0.04,0.0,0.8999999761581421,0.0,0.7250000238418579,0.0,0.0,0.0,-0.024986648355840302,0.7505531395437561,-0.013923857480735435,0.6719691767757698,0.03109025711451885,0.04406042572671076,-0.014686808575570254,1.6483516483516425,10.35164835164835,0.9641025641025678,2.523076923076921,-0.3247863247863254,-0.45177045177045194,0.1245421245421241,0.0
392314.38681508,355,0.04,0.0,0.8999999761581421,0.0,0.7300000190734863,0.0,0.0,0.0,-0.024986648355840302,0.7505531395437561,-0.013923857480735435,0.6780727855344484,0.03109025711451885,0.04367895017929335,-0.015068284122987663,1.6483516483516425,10.35164835164835,0.9367521367521405,2.5094017094017076,-0.31990231990232054,-0.4420024420024422,0.1391941391941387,0.0
392314.426824129,356,0.04,0.0,0.8999999761581421,0.0,0.7350000143051147,0.0,0.0,0.0,-0.024986648355840302,0.7505531395437561,-0.013923857480735435,0.6826504921034573,0.03147173266193626,0.04367895017929335,-0.014686808575570254,1.6483516483516425,10.35164835164835,0.9230769230769269,2.4820512820512803,-0.3247863247863254,-0.43711843711843734,0.12942612942612897,0.0
392314.46683284,357,0.04,0.0,0.8999999761581421,0.0,0.7400000095367432,0.0,0.0,0.0,-0.024986648355840302,0.7505531395437561,-0.013923857480735435,0.6883726253147184,0.03147173266193626,0.04367895017929335,-0.015068284122987663,1.6483516483516425,10.35164835164835,0.9367521367521405,2.495726495726494,-0.3247863247863254,-0.4468864468864471,0.13431013431013383,0.0
392314.506830338,358,0.04,0.0,0.8999999761581421,0.0,0.7450000047683716,0.0,0.0,0.0,-0.024986648355840302,0.7505531395437561,-0.013923857480735435,0.6921873807888925,0.03147173266193626,0.04367895017929335,-0.014305333028152845,1.6483516483516425,10.35164835164835,0.9230769230769269,2.5914529914529894,-0.3247863247863254,-0.45177045177045194,0.11965811965811923,0.0
392314.546828705,359,0.04,0.0,0.8999999761581421,0.0,0.75,0.0,0.0,0.0,-0.024986648355840302,0.7505531395437561,-0.014305333028152845,0.6975280384527363,0.03147173266193626,0.04444190127412817,-0.015068284122987663,1.6483516483516425,10.35164835164835,0.9367521367521405,2.317948717948717,-0.3247863247863254,-0.4566544566544568,0.14896214896214843,0.0
392314.586895775,360,0.04,0.0,0.8999999761581421,0.0,0.7549999952316284,0.0,0.0,0.0,-0.024986648355840302,0.7505531395437561,-0.014305333028152845,0.7024872205691626,0.03109025711451885,0.04444190127412817,-0.015449759670405072,1.6483516483516425,10.378021978021977,0.9367521367521405,2.7418803418803464,-0.3150183150183157,-0.45177045177045194,0.1391941391941387,0.0
392314.626821594,361,0.04,0.0,0.8999999761581421,0.0,0.7599999904632568,0.0,0.0,0.0,-0.024986648355840302,0.7505531395437561,-0.014305333028152845,0.7032501716639974,0.03109025711451885,0.04482337682154558,-0.01621271076523989,1.6747252747252688,10.378021978021977,0.9367521367521405,2.9470085470085507,-0.31990231990232054,-0.4566544566544568,0.16361416361416303,0.0
392314.666824472,362,0.04,0.0,0.8999999761581421,0.0,0.7649999856948853,0.0,0.0,0.0,-0.024986648355840302,0.7505531395437561,-0.014305333028152845,0.7040131227588322,0.03109025711451885,0.04482337682154558,-0.019264515144579164,1.6747252747252688,10.35164835164835,0.9504273504273542,3.1384615384615415,-0.31990231990232054,-0.4566544566544568,0.1978021978021971,0.0
392314.706832314,363,0.04,0.0,0.8999999761581421,0.0,0.7699999809265137,0.0,0.0,0.0,-0.024986648355840302,0.7505531395437561,-0.014305333028152845,0.7055390249485018,0.03109025711451885,0.04482337682154558,-0.024605172808422893,1.7010989010989093,10.378021978021977,0.9504273504273542,3.261538461538464,-0.31990231990232054,-0.4615384615384617,0.30525030525030417,0.0
392314.746797073,364,0.04,0.0,0.8999999761581421,0.0,0.7749999761581421,0.0,0.0,0.0,-0.02536812390325771,0.7505531395437561,-0.014305333028152845,0.7093537804226759,0.03109025711451885,0.04520485236896299,-0.037575341420614805,1.7274725274725355,10.35164835164835,0.9504273504273542,3.2205128205128233,-0.3247863247863254,-0.4615384615384617,0.5103785103785103,0.0
392314.786885422,365,0.04,0.0,0.8999999761581421,0.0,0.7799999713897705,0.0,0.0,0.0,-0.02613107499809253,0.7505531395437561,-0.014305333028152845,0.71316853589685,0.03109025711451885,0.04520485236896299,-0.051308461127641536,1.780219780219788,10.378021978021977,0.9504273504273542,3.480341880341882,-0.31990231990232054,-0.4615384615384617,0.5982905982905979,0.0
392314.826832289,366,0.04,0.0,0.8999999761581421,0.0,0.7850000262260437,0.0,0.0,0.0,-0.027656977187762166,0.7505531395437561,-0.014305333028152845,0.7166018158236067,0.03109025711451885,0.04520485236896299,-0.056649118791485265,1.859340659340667,10.35164835164835,0.9504273504273542,3.4666666666666686,-0.31990231990232054,-0.4566544566544568,0.559218559218559,0.0
392314.866824706,367,0.04,0.0,0.8999999761581421,0.0,0.7900000214576721,0.0,0.0,0.0,-0.028419928282596985,0.7505531395437561,-0.014305333028152845,0.719653620202946,0.03070878156710144,0.04520485236896299,-0.05779354543373749,1.9384615384615458,10.378021978021977,0.991452991452995,3.671794871794873,-0.3150183150183157,-0.4566544566544568,0.5787545787545785,0.0
392314.906842607,368,0.04,0.0,0.8999999761581421,0.0,0.7950000166893005,0.0,0.0,0.0,-0.028801403830014394,0.7505531395437561,-0.01697566186007471,0.721560997940033,0.03070878156710144,0.04482337682154558,-0.061608300907911584,1.9384615384615458,10.35164835164835,1.2649572649572676,3.9452991452991455,-0.3150183150183157,-0.45177045177045194,0.6275946275946271,0.0
392314.946774431,369,0.04,0.0,0.8999999761581421,0.0,0.800000011920929,0.0,0.0,0.0,-0.028801403830014394,0.751316090638591,-0.019264515144579164,0.7227054245822853,0.02994583047226662,0.04444190127412817,-0.0623712520027464,1.9384615384615458,10.272527472527472,1.2239316239316267,4.0,-0.2954822954822962,-0.4566544566544568,0.6080586080586077,0.0
392314.986828221,370,0.04,0.0,0.8999999761581421,0.0,0.8050000071525574,0.0,0.0,0.0,-0.03032730601968403,0.753223468375678,-0.019645990691996573,0.7257572289616245,0.027656977187762166,0.04520485236896299,-0.06427862973983345,2.1758241758241823,10.14065934065934,1.4153846153846175,4.095726495726495,-0.2515262515262524,-0.4713064713064714,0.6373626373626369,0.0
392315.026827556,371,0.04,0.0,0.8999999761581421,0.0,0.8100000023841858,0.0,0.0,0.0,-0.03185320820935367,0.7539864194705128,-0.0207904173342488,0.7303349355306334,0.02536812390325771,0.046349279011215216,-0.06466010528725086,2.254945054945061,10.167032967032966,1.360683760683763,4.041025641025641,-0.24664224664224754,-0.4713064713064714,0.6373626373626369,0.0
392315.066791747,372,0.04,0.0,0.8999999761581421,0.0,0.8149999976158142,0.0,0.0,0.0,-0.037575341420614805,0.7543678950179302,-0.0207904173342488,0.7360570687418946,0.023460746166170665,0.04482337682154558,-0.06542305638208568,2.7560439560439605,10.035164835164835,1.4017094017094038,4.0547008547008545,-0.21245421245421348,-0.4420024420024422,0.6275946275946271,0.0
392315.106868146,373,0.04,0.0,0.8999999761581421,0.0,0.8199999928474426,0.0,0.0,0.0,-0.042153047989623715,0.7558937972075999,-0.0207904173342488,0.7417792019531557,0.022316319523918438,0.04444190127412817,-0.06351567864499863,2.8615384615384656,9.92967032967033,1.4017094017094038,3.8358974358974365,-0.22710622710622808,-0.4615384615384617,0.6031746031746028,0.0
392315.146804261,374,0.04,0.0,0.8999999761581421,0.0,0.824999988079071,0.0,0.0,0.0,-0.04406042572671076,0.7566567483024347,-0.0207904173342488,0.7471198596169994,0.02117189288166621,0.04520485236896299,-0.06427862973983345,3.2043956043956072,9.956043956043956,1.4017094017094038,4.095726495726495,-0.192918192918194,-0.4615384615384617,0.6227106227106223,0.0
392315.186850761,375,0.04,0.0,0.8999999761581421,0.0,0.8299999833106995,0.0,0.0,0.0,-0.04444190127412817,0.7566567483024347,-0.0207904173342488,0.7528419928282606,0.01621271076523989,0.04482337682154558,-0.06351567864499863,3.0461538461538495,9.92967032967033,1.4153846153846175,3.890598290598291,-0.0659340659340657,-0.4615384615384617,0.6178266178266174,0.0
392315.226838996,376,0.04,0.0,0.8999999761581421,0.0,0.8349999785423279,0.0,0.0,0.0,-0.04444190127412817,0.7566567483024347,-0.0207904173342488,0.7589456015869391,0.009727626459143934,0.04520485236896299,-0.06389715419241604,3.0197802197802233,9.92967032967033,1.4153846153846175,3.9726495726495727,-0.0073260073260073,-0.4615384615384617,0.6129426129426125,0.0
392315.266946575,377,0.04,0.0,0.8999999761581421,0.0,0.8399999737739563,0.0,0.0,0.0,-0.04444190127412817,0.7570382238498521,-0.0207904173342488,0.7650492103456177,0.006675822079804661,0.04520485236896299,-0.06351567864499863,3.0461538461538495,9.850549450549451,1.4153846153846175,3.712820512820514,-0.04151404151404137,-0.4615384615384617,0.6178266178266174,0.0
392315.30685114,378,0.04,0.0,0.8999999761581421,0.0,0.8450000286102295,0.0,0.0,0.0,-0.04444190127412817,0.7585641260395217,-0.0207904173342488,0.7703898680094614,0.004768444342717615,0.047493705653467444,-0.06275272755016381,3.0197802197802233,9.797802197802199,1.4153846153846175,3.958974358974359,-0.04639804639804623,-0.5250305250305249,0.5836385836385833,0.0
392315.346795204,379,0.04,0.0,0.8999999761581421,0.0,0.8500000238418579,0.0,0.0,0.0,-0.04444190127412817,0.7589456015869391,-0.0207904173342488,0.7742046234836355,0.004386968795300206,0.04940108339055449,-0.05931944762340713,3.0197802197802233,9.797802197802199,1.4153846153846175,3.630769230769232,-0.06105006105006083,-0.5006105006105006,0.5543345543345541,0.0
392315.386827767,380,0.04,0.0,0.8999999761581421,0.0,0.8550000190734863,0.0,0.0,0.0,-0.04444190127412817,0.7589456015869391,-0.0207904173342488,0.7825970855268185,0.004386968795300206,0.04901960784313708,-0.05970092317082454,3.0197802197802233,9.797802197802199,1.4153846153846175,3.7675213675213683,-0.06105006105006083,-0.5006105006105006,0.5787545787545785,0.0
392315.426824177,381,0.04,0.0,0.8999999761581421,0.0,0.8600000143051147,0.0,0.0,0.0,-0.04444190127412817,0.7589456015869391,-0.0207904173342488,0.788700694285497,0.004768444342717615,0.04901960784313708,-0.05931944762340713,3.0197802197802233,9.797802197802199,1.4153846153846175,3.562393162393164,-0.06105006105006083,-0.4908424908424909,0.5738705738705736,0.0
392315.466826794,382,0.04,0.0,0.8999999761581421,0.0,0.8650000095367432,0.0,0.0,0.0,-0.04444190127412817,0.7589456015869391,-0.0207904173342488,0.795185778591593,0.004768444342717615,0.04901960784313708,-0.05893797207598972,3.0197802197802233,9.797802197802199,1.4153846153846175,3.4256410256410277,-0.0659340659340657,-0.5054945054945055,0.559218559218559,0.0
392315.506830466,383,0.04,0.0,0.8999999761581421,0.0,0.8700000047683716,0.0,0.0,0.0,-0.04444190127412817,0.7589456015869391,-0.0207904173342488,0.8028152895399412,0.005149919890135024,0.04901960784313708,-0.05741206988632008,3.0197802197802233,9.797802197802199,1.429059829059831,3.480341880341882,-0.0659340659340657,-0.49572649572649574,0.5347985347985347,0.0
392315.54690683,384,0.04,0.0,0.8999999761581421,0.0,0.875,0.0,0.0,0.0,-0.04444190127412817,0.7589456015869391,-0.0207904173342488,0.8070115205615327,0.005531395437552433,0.04940108339055449,-0.05474174105439822,3.0197802197802233,9.797802197802199,1.4153846153846175,3.343589743589746,-0.07570207570207543,-0.5103785103785103,0.5054945054945055,0.0
392315.586907609,385,0.04,0.0,0.8999999761581421,0.0,0.8799999952316284,0.0,0.0,0.0,-0.04444190127412817,0.7589456015869391,-0.0207904173342488,0.8146410315098809,0.005531395437552433,0.04940108339055449,-0.05359731441214599,3.0197802197802233,9.797802197802199,1.4153846153846175,3.275213675213678,-0.0659340659340657,-0.5006105006105006,0.5054945054945055,0.0
392315.626941959,386,0.04,0.0,0.8999999761581421,0.0,0.8849999904632568,0.0,0.0,0.0,-0.04444190127412817,0.7589456015869391,-0.0207904173342488,0.820363164721142,0.005912870984969842,0.04940108339055449,-0.051689936675058945,3.0197802197802233,9.797802197802199,1.429059829059831,3.0974358974359006,-0.0805860805860803,-0.5006105006105006,0.485958485958486,0.0
392315.666830808,387,0.04,0.0,0.8999999761581421,0.0,0.8899999856948853,0.0,0.0,0.0,-0.04444190127412817,0.7589456015869391,-0.0207904173342488,0.826848249027238,0.005912870984969842,0.04940108339055449,-0.051308461127641536,3.0197802197802233,9.797802197802199,1.4153846153846175,3.1794871794871824,-0.07081807081807057,-0.5006105006105006,0.4908424908424909,0.0
392315.706830578,388,0.04,0.0,0.8999999761581421,0.0,0.8949999809265137,0.0,0.0,0.0,-0.04444190127412817,0.7589456015869391,-0.0207904173342488,0.8333333333333339,0.005912870984969842,0.04940108339055449,-0.04901960784313708,3.0197802197802233,9.797802197802199,1.4153846153846175,2.9470085470085507,-0.07081807081807057,-0.5006105006105006,0.4468864468864471,0.0
392315.746834397,389,0.04,0.0,0.8999999761581421,0.0,0.8999999761581421,0.0,0.0,0.0,-0.04444190127412817,0.7589456015869391,-0.0207904173342488,0.8375295643549254,0.005912870984969842,0.04940108339055449,-0.046730754558632626,2.993406593406597,9.797802197802199,1.4153846153846175,3.2205128205128233,-0.07081807081807057,-0.5006105006105006,0.4175824175824179,0.0
392315.786803259,390,0.04,0.0,0.8999999761581421,0.0,0.9049999713897705,0.0,0.0,0.0,-0.04406042572671076,0.7589456015869391,-0.0207904173342488,0.8413443198290995,0.005912870984969842,0.0497825589379719,-0.042915999084458534,3.0197802197802233,9.797802197802199,1.429059829059831,2.9606837606837644,-0.07570207570207543,-0.5054945054945055,0.37851037851037894,0.0
392315.826824561,391,0.04,0.0,0.8999999761581421,0.0,0.9100000262260437,0.0,0.0,0.0,-0.04406042572671076,0.7589456015869391,-0.02193484397650103,0.8482108796826129,0.005912870984969842,0.05283436331731117,-0.042915999084458534,2.993406593406597,9.797802197802199,1.6752136752136764,3.2068376068376097,-0.07570207570207543,-0.5787545787545785,0.412698412698413,0.0
392315.8668293,392,0.04,0.0,0.8999999761581421,0.0,0.9150000214576721,0.0,0.0,0.0,-0.04406042572671076,0.7589456015869391,-0.02536812390325771,0.8508812085145347,0.005912870984969842,0.05359731441214599,-0.041771572442206306,3.0197802197802233,9.797802197802199,1.7572649572649581,3.3162393162393187,-0.07081807081807057,-0.5445665445665444,0.3980463980463984,0.0
392315.906867825,393,0.04,0.0,0.8999999761581421,0.0,0.9200000166893005,0.0,0.0,0.0,-0.04406042572671076,0.7585641260395217,-0.026894026092927348,0.8550774395361262,0.005912870984969842,0.0581750209811549,-0.042534523537041125,3.0197802197802233,9.797802197802199,1.8940170940170944,3.1658119658119688,-0.07081807081807057,-0.6813186813186807,0.42246642246642274,0.0
392315.946825981,394,0.04,0.0,0.8999999761581421,0.0,0.925000011920929,0.0,0.0,0.0,-0.04444190127412817,0.7585641260395217,-0.027275501640344757,0.8600366216525526,0.005531395437552433,0.06961928740367718,-0.04444190127412817,3.0461538461538495,9.797802197802199,1.8666666666666671,3.302564102564105,-0.06105006105006083,-0.8327228327228333,0.43711843711843734,0.0
392315.986823293,395,0.04,0.0,0.8999999761581421,0.0,0.9300000071525574,0.0,0.0,0.0,-0.04444190127412817,0.7585641260395217,-0.027275501640344757,0.8615625238422222,0.005531395437552433,0.07152666514076422,-0.04596780346379781,3.0461538461538495,9.797802197802199,1.8529914529914535,3.5760683760683776,-0.07081807081807057,-0.7301587301587293,0.4566544566544568,0.0
392316.026823112,396,0.04,0.0,0.8999999761581421,0.0,0.9350000023841858,0.0,0.0,0.0,-0.04444190127412817,0.7585641260395217,-0.027275501640344757,0.862325474937057,0.005531395437552433,0.07152666514076422,-0.047112230106050035,3.0461538461538495,9.797802197802199,1.8666666666666671,3.781196581196582,-0.0659340659340657,-0.7203907203907196,0.46642246642246654,0.0
392316.066833474,397,0.04,0.0,0.8999999761581421,0.0,0.9399999976158142,0.0,0.0,0.0,-0.04444190127412817,0.7585641260395217,-0.027275501640344757,0.8665217059586485,0.005531395437552433,0.07152666514076422,-0.05016403448538931,3.0461538461538495,9.797802197802199,1.8666666666666671,3.7538461538461547,-0.0659340659340657,-0.7203907203907196,0.5201465201465201,0.0
392316.106834979,398,0.04,0.0,0.8999999761581421,0.0,0.9449999928474426,0.0,0.0,0.0,-0.04482337682154558,0.7585641260395217,-0.027275501640344757,0.8695735103379878,0.005531395437552433,0.07152666514076422,-0.05436026550698081,3.0461538461538495,9.797802197802199,1.8803418803418808,4.109401709401709,-0.07081807081807057,-0.7252747252747245,0.5543345543345541,0.0
392316.146833196,399,0.04,0.0,0.8999999761581421,0.0,0.949999988079071,0.0,0.0,0.0,-0.04482337682154558,0.7585641260395217,-0.027275501640344757,0.8714808880750748,0.005149919890135024,0.07152666514076422,-0.05550469214923304,3.0461538461538495,9.797802197802199,1.8666666666666671,4.095726495726495,-0.0659340659340657,-0.7252747252747245,0.5494505494505493,0.0
392316.18683358,400,0.04,0.0,0.8999999761581421,0.0,0.9549999833106995,0.0,0.0,0.0,-0.04482337682154558,0.7585641260395217,-0.027275501640344757,0.8752956435492489,0.005149919890135024,0.07190814068818163,-0.056649118791485265,3.098901098901102,9.797802197802199,1.8666666666666671,4.0,-0.0659340659340657,-0.7301587301587293,0.5641025641025639,0.0
392316.22683015,401,0.04,0.0,0.8999999761581421,0.0,0.9599999785423279,0.0,0.0,0.0,-0.046730754558632626,0.7585641260395217,-0.027275501640344757,0.8802548256656753,0.005149919890135024,0.07190814068818163,-0.060463874265659356,3.389010989010991,9.797802197802199,1.8666666666666671,4.218803418803418,-0.06105006105006083,-0.7252747252747245,0.6178266178266174,0.0
392316.266827448,402,0.04,0.0,0.8999999761581421,0.0,0.9649999737739563,0.0,0.0,0.0,-0.047112230106050035,0.7585641260395217,-0.027275501640344757,0.8825436789501797,0.005149919890135024,0.07190814068818163,-0.060463874265659356,3.2307692307692335,9.797802197802199,1.8529914529914535,4.492307692307698,-0.0659340659340657,-0.7252747252747245,0.5787545787545785,0.0
392316.306824186,403,0.04,0.0,0.8999999761581421,0.0,0.9700000286102295,0.0,0.0,0.0,-0.047112230106050035,0.7585641260395217,-0.027275501640344757,0.8848325322346842,0.005149919890135024,0.07228961623559904,-0.06008239871824195,3.2043956043956072,9.797802197802199,1.8666666666666671,4.396581196581202,-0.0659340659340657,-0.7301587301587293,0.5836385836385833,0.0
392316.346833558,404,0.04,0.0,0.8999999761581421,0.0,0.9750000238418579,0.0,0.0,0.0,-0.047493705653467444,0.7585641260395217,-0.027275501640344757,0.8916990920881975,0.005149919890135024,0.07267109178301645,-0.060845349813076766,3.25714285714286,9.797802197802199,1.8803418803418808,4.314529914529913,-0.0659340659340657,-0.7350427350427342,0.5934065934065931,0.0
392316.386864091,405,0.04,0.0,0.8999999761581421,0.0,0.9800000190734863,0.0,0.0,0.0,-0.047493705653467444,0.7585641260395217,-0.027275501640344757,0.8974212252994587,0.005149919890135024,0.0745784695201035,-0.060463874265659356,3.2307692307692335,9.797802197802199,1.8666666666666671,4.15042735042735,-0.0659340659340657,-0.778998778998778,0.5787545787545785,0.0
392316.426835916,406,0.04,0.0,0.8999999761581421,0.0,0.9850000143051147,0.0,0.0,0.0,-0.047493705653467444,0.7585641260395217,-0.027275501640344757,0.9039063096055546,0.005149919890135024,0.07686732280460795,-0.06008239871824195,3.2307692307692335,9.797802197802199,1.8666666666666671,4.287179487179486,-0.0659340659340657,-0.808302808302809,0.5787545787545785,0.0
392316.466808549,407,0.04,0.0,0.8999999761581421,0.0,0.9900000095367432,0.0,0.0,0.0,-0.047493705653467444,0.7585641260395217,-0.027275501640344757,0.9115358205539028,0.005149919890135024,0.07953765163652982,-0.05779354543373749,3.2307692307692335,9.797802197802199,1.8666666666666671,3.740170940170941,-0.0659340659340657,-0.8180708180708187,0.5299145299145298,0.0
392316.506829331,408,0.04,0.0,0.8999999761581421,0.0,0.9950000047683716,0.0,0.0,0.0,-0.047493705653467444,0.7585641260395217,-0.027656977187762166,0.9184023804074162,0.005149919890135024,0.08068207827878204,-0.05550469214923304,3.2307692307692335,9.797802197802199,1.907692307692308,3.958974358974359,-0.0659340659340657,-0.8376068376068382,0.5103785103785103,0.0
392316.546831923,409,0.04,0.0,0.8999999761581421,0.0,1.0,0.0,0.0,0.0,-0.047493705653467444,0.7585641260395217,-0.03070878156710144,0.9264133669031818,0.004768444342717615,0.08258945601586909,-0.0539787899595634,3.2307692307692335,9.797802197802199,2.386324786324785,3.671794871794873,-0.06105006105006083,-0.8278388278388285,0.5152625152625152,0.0
392316.586822316,410,0.04,0.0,0.8999999761581421,0.0,1.0049999952316284,0.0,0.0,0.0,-0.047493705653467444,0.7589456015869391,-0.033379110399023304,0.9344243533989474,0.004768444342717615,0.08030060273136463,-0.05245288776989376,3.2307692307692335,9.797802197802199,2.2222222222222214,3.452991452991455,-0.06105006105006083,-0.778998778998778,0.5054945054945055,0.0
392316.626832436,411,0.04,0.0,0.8999999761581421,0.0,1.0099999904632568,0.0,0.0,0.0,-0.047493705653467444,0.7589456015869391,-0.03376058594644071,0.9409094377050433,0.004386968795300206,0.07953765163652982,-0.05283436331731117,3.2043956043956072,9.771428571428572,2.2905982905982896,3.521367521367523,-0.06105006105006083,-0.8034188034188041,0.5103785103785103,0.0
392316.666797649,412,0.04,0.0,0.8999999761581421,0.0,1.0149999856948853,0.0,0.0,0.0,-0.047112230106050035,0.7589456015869391,-0.03376058594644071,0.9473945220111393,0.004386968795300206,0.07953765163652982,-0.05245288776989376,3.2307692307692335,9.797802197802199,2.304273504273503,3.494017094017096,-0.0512820512820511,-0.7985347985347993,0.5054945054945055,0.0
392316.706829547,413,0.04,0.0,0.8999999761581421,0.0,1.0199999809265137,0.0,0.0,0.0,-0.047112230106050035,0.7589456015869391,-0.03376058594644071,0.950827801937896,0.004386968795300206,0.07953765163652982,-0.051689936675058945,3.2307692307692335,9.797802197802199,2.304273504273503,3.5760683760683776,-0.056166056166055967,-0.8034188034188041,0.4908424908424909,0.0
392316.746831693,414,0.04,0.0,0.8999999761581421,0.0,1.024999976158142,0.0,0.0,0.0,-0.047112230106050035,0.7589456015869391,-0.03376058594644071,0.9554055085069049,0.004386968795300206,0.07953765163652982,-0.052071412222476354,3.2043956043956072,9.797802197802199,2.317948717948717,3.3982905982906004,-0.056166056166055967,-0.8034188034188041,0.5054945054945055,0.0
392316.786831187,415,0.04,0.0,0.8999999761581421,0.0,1.0299999713897705,0.0,0.0,0.0,-0.047112230106050035,0.7589456015869391,-0.03376058594644071,0.9599832150759138,0.0040054932478827965,0.07991912718394723,-0.05245288776989376,3.2307692307692335,9.797802197802199,2.304273504273503,3.6854700854700866,-0.0512820512820511,-0.808302808302809,0.5006105006105006,0.0
392316.826846099,416,0.04,0.0,0.8999999761581421,0.0,1.034999966621399,0.0,0.0,0.0,-0.047112230106050035,0.7589456015869391,-0.03376058594644071,0.961127641718166,0.0040054932478827965,0.08106355382619945,-0.05245288776989376,3.2307692307692335,9.797802197802199,2.317948717948717,3.9863247863247864,-0.056166056166055967,-0.8278388278388285,0.5054945054945055,0.0
392316.866829901,417,0.04,0.0,0.8999999761581421,0.0,1.0399999618530273,0.0,0.0,0.0,-0.047112230106050035,0.7589456015869391,-0.03376058594644071,0.9637979705500879,0.004386968795300206,0.08373388265812132,-0.05245288776989376,3.2307692307692335,9.771428571428572,2.317948717948717,3.822222222222223,-0.06105006105006083,-0.8717948717948723,0.5103785103785103,0.0
392316.906823162,418,0.04,0.0,0.8999999761581421,0.0,1.0449999570846558,0.0,0.0,0.0,-0.047493705653467444,0.7589456015869391,-0.03376058594644071,0.969520103761349,0.004386968795300206,0.08754863813229541,-0.05283436331731117,3.25714285714286,9.797802197802199,2.317948717948717,3.9863247863247864,-0.06105006105006083,-0.9108669108669112,0.5152625152625152,0.0
392316.946784473,419,0.04,0.0,0.8999999761581421,0.0,1.0499999523162842,0.0,0.0,0.0,-0.04787518120088485,0.7585641260395217,-0.03414206149385812,0.9725719081406883,0.004386968795300206,0.09021896696421727,-0.05321583886472858,3.25714285714286,9.797802197802199,2.345299145299144,4.1641025641025635,-0.06105006105006083,-0.9255189255189258,0.5103785103785103,0.0
392316.986848643,420,0.04,0.0,0.8999999761581421,0.0,1.0549999475479126,0.0,0.0,0.0,-0.04787518120088485,0.7585641260395217,-0.03414206149385812,0.9756237125200276,0.004386968795300206,0.09441519798580877,-0.05283436331731117,3.283516483516486,9.797802197802199,2.3316239316239304,4.013675213675214,-0.06105006105006083,-0.9938949938949939,0.5152625152625152,0.0
392317.026829681,421,0.04,0.0,0.8999999761581421,0.0,1.059999942779541,0.0,0.0,0.0,-0.04787518120088485,0.7585641260395217,-0.03414206149385812,0.9817273212787061,0.004386968795300206,0.09670405127031323,-0.05321583886472858,3.283516483516486,9.797802197802199,2.3726495726495713,4.1641025641025635,-0.056166056166055967,-0.989010989010989,0.5152625152625152,0.0
392317.066978944,422,0.04,0.0,0.8999999761581421,0.0,1.065000057220459,0.0,0.0,0.0,-0.04787518120088485,0.7585641260395217,-0.03681239032577999,0.9847791256580454,0.004768444342717615,0.09746700236514805,-0.05283436331731117,3.25714285714286,9.797802197802199,2.687179487179492,4.177777777777777,-0.06105006105006083,-0.9743589743589745,0.5103785103785103,0.0
392317.106831685,423,0.04,0.0,0.8999999761581421,0.0,1.0700000524520874,0.0,0.0,0.0,-0.04787518120088485,0.7585641260395217,-0.03871976806286703,0.9908827344167239,0.004768444342717615,0.09708552681773064,-0.05321583886472858,3.283516483516486,9.797802197802199,2.6324786324786373,4.0,-0.06105006105006083,-0.9743589743589745,0.5250305250305249,0.0
392317.146830617,424,0.04,0.0,0.8999999761581421,0.0,1.0750000476837158,0.0,0.0,0.0,-0.04825665674830226,0.7585641260395217,-0.03871976806286703,0.9962233920805676,0.004768444342717615,0.09784847791256546,-0.05283436331731117,3.283516483516486,9.797802197802199,2.6598290598290646,4.15042735042735,-0.06105006105006083,-0.9938949938949939,0.5006105006105006,0.0
392317.1868281,425,0.04,0.0,0.8999999761581421,0.0,1.0800000429153442,0.0,0.0,0.0,-0.04825665674830226,0.7585641260395217,-0.03871976806286703,1.0008010986495766,0.004768444342717615,0.09822995345998287,-0.05359731441214599,3.283516483516486,9.797802197802199,2.6598290598290646,4.123076923076923,-0.056166056166055967,-0.989010989010989,0.5250305250305249,0.0
392317.226830723,426,0.04,0.0,0.8999999761581421,0.0,1.0850000381469727,0.0,0.0,0.0,-0.04825665674830226,0.7585641260395217,-0.03871976806286703,1.0057602807660029,0.004768444342717615,0.09899290455481768,-0.0539787899595634,3.283516483516486,9.797802197802199,2.6598290598290646,4.109401709401709,-0.06105006105006083,-1.0085470085470085,0.5152625152625152,0.0
392317.266830003,427,0.04,0.0,0.8999999761581421,0.0,1.090000033378601,0.0,0.0,0.0,-0.05016403448538931,0.7585641260395217,-0.03871976806286703,1.011482413977264,0.004768444342717615,0.10090028229190473,-0.0539787899595634,3.573626373626375,9.797802197802199,2.6598290598290646,3.84957264957265,-0.056166056166055967,-1.0134310134310134,0.5201465201465201,0.0
392317.306865403,428,0.04,0.0,0.8999999761581421,0.0,1.0950000286102295,0.0,0.0,0.0,-0.051689936675058945,0.7585641260395217,-0.03871976806286703,1.0168230716411077,0.004386968795300206,0.10090028229190473,-0.0539787899595634,3.731868131868133,9.797802197802199,2.6598290598290646,4.191452991452991,-0.056166056166055967,-1.0085470085470085,0.5103785103785103,0.0
392317.346886332,429,0.04,0.0,0.8999999761581421,0.0,1.100000023841858,0.0,0.0,0.0,-0.05359731441214599,0.7585641260395217,-0.03871976806286703,1.021782253757534,0.004386968795300206,0.10090028229190473,-0.05359731441214599,3.7054945054945065,9.797802197802199,2.6598290598290646,3.8769230769230774,-0.06105006105006083,-1.0183150183150182,0.5201465201465201,0.0
392317.386822219,430,0.04,0.0,0.8999999761581421,0.0,1.1050000190734863,0.0,0.0,0.0,-0.056649118791485265,0.7585641260395217,-0.03871976806286703,1.0275043869687952,0.004386968795300206,0.10128175783932214,-0.055886167696650446,3.942857142857143,9.824175824175825,2.646153846153851,4.082051282051282,-0.056166056166055967,-1.0231990231990231,0.5445665445665444,0.0
392317.42682967,431,0.04,0.0,0.8999999761581421,0.0,1.1100000143051147,0.0,0.0,0.0,-0.05893797207598972,0.7585641260395217,-0.03871976806286703,1.0305561913481345,0.004386968795300206,0.10204470893415696,-0.05550469214923304,4.021978021978022,9.824175824175825,2.6598290598290646,4.2735042735042725,-0.056166056166055967,-1.0427350427350426,0.5347985347985347,0.0
392317.466826817,432,0.04,0.0,0.8999999761581421,0.0,1.1150000095367432,0.0,0.0,0.0,-0.05893797207598972,0.7585641260395217,-0.03871976806286703,1.0313191424429693,0.004386968795300206,0.10585946440833105,-0.056649118791485265,4.048351648351648,9.797802197802199,2.6598290598290646,4.560683760683766,-0.06105006105006083,-1.1257631257631253,0.559218559218559,0.0
392317.506832512,433,0.04,0.0,0.8999999761581421,0.0,1.1200000047683716,0.0,0.0,0.0,-0.05893797207598972,0.7585641260395217,-0.03871976806286703,1.0317006179903867,0.004386968795300206,0.11005569542992255,-0.05779354543373749,4.048351648351648,9.797802197802199,2.6598290598290646,4.724786324786329,-0.056166056166055967,-1.14041514041514,0.5689865689865687,0.0
392317.546832482,434,0.04,0.0,0.8999999761581421,0.0,1.125,0.0,0.0,0.0,-0.061226825360494175,0.7585641260395217,-0.03871976806286703,1.0355153734645608,0.004386968795300206,0.11310749980926182,-0.061608300907911584,4.3648351648351635,9.797802197802199,2.6598290598290646,4.697435897435902,-0.056166056166055967,-1.1452991452991448,0.632478632478632,0.0
392317.586829578,435,0.04,0.0,0.8999999761581421,0.0,1.1299999952316284,0.0,0.0,0.0,-0.06198977645532899,0.7585641260395217,-0.03871976806286703,1.0397116044861523,0.004386968795300206,0.11348897535667923,-0.06427862973983345,4.312087912087911,9.797802197802199,2.6598290598290646,4.984615384615388,-0.056166056166055967,-1.1452991452991448,0.6373626373626369,0.0
392317.626828391,436,0.04,0.0,0.8999999761581421,0.0,1.1349999904632568,0.0,0.0,0.0,-0.06313420309758122,0.7585641260395217,-0.03871976806286703,1.0404745555809871,0.004386968795300206,0.11501487754634887,-0.06427862973983345,4.417582417582416,9.797802197802199,2.673504273504278,5.094017094017097,-0.056166056166055967,-1.1599511599511594,0.6275946275946271,0.0
392317.666830107,437,0.04,0.0,0.8999999761581421,0.0,1.1399999856948853,0.0,0.0,0.0,-0.06389715419241604,0.7585641260395217,-0.03871976806286703,1.0439078355077438,0.004386968795300206,0.11577782864118369,-0.06504158083466827,4.417582417582416,9.797802197802199,2.6598290598290646,5.025641025641029,-0.06105006105006083,-1.1697191697191691,0.6373626373626369,0.0
392317.70684439,438,0.04,0.0,0.8999999761581421,0.0,1.1449999809265137,0.0,0.0,0.0,-0.06427862973983345,0.7585641260395217,-0.03871976806286703,1.0481040665293353,0.004386968795300206,0.1161593041886011,-0.06885633630884236,4.417582417582416,9.797802197802199,2.6598290598290646,5.312820512820515,-0.056166056166055967,-1.1697191697191691,0.705738705738705,0.0
392317.746831052,439,0.04,0.0,0.8999999761581421,0.0,1.149999976158142,0.0,0.0,0.0,-0.06427862973983345,0.7585641260395217,-0.03871976806286703,1.0492484931715875,0.004386968795300206,0.11692225528343592,-0.07267109178301645,4.417582417582416,9.824175824175825,2.6598290598290646,5.51794871794872,-0.0512820512820511,-1.174603174603174,0.7252747252747245,0.0
392317.786935242,440,0.04,0.0,0.8999999761581421,0.0,1.1549999713897705,0.0,0.0,0.0,-0.06427862973983345,0.7585641260395217,-0.03871976806286703,1.0519188220035094,0.004386968795300206,0.11730373083085333,-0.07534142061493831,4.39120879120879,9.797802197802199,2.673504273504278,5.5589743589743605,-0.056166056166055967,-1.174603174603174,0.7643467643467634,0.0
392317.826829378,441,0.04,0.0,0.8999999761581421,0.0,1.159999966621399,0.0,0.0,0.0,-0.06466010528725086,0.7585641260395217,-0.03910124361028444,1.058022430762188,0.004386968795300206,0.11768520637827073,-0.08258945601586909,4.470329670329669,9.797802197802199,2.687179487179492,5.422222222222224,-0.056166056166055967,-1.1843711843711837,0.9059829059829045,0.0
392317.866834432,442,0.04,0.0,0.8999999761581421,0.0,1.1649999618530273,0.0,0.0,0.0,-0.0665674830243379,0.7585641260395217,-0.04062714579995408,1.0629816128786143,0.004386968795300206,0.11768520637827073,-0.09250782024872173,4.6021978021978,9.797802197802199,2.90598290598291,5.531623931623933,-0.056166056166055967,-1.1794871794871788,0.9499389499389501,0.0
392317.906830522,443,0.04,0.0,0.8999999761581421,0.0,1.1699999570846558,0.0,0.0,0.0,-0.06694895857175531,0.7585641260395217,-0.04444190127412817,1.0675593194476232,0.0040054932478827965,0.11768520637827073,-0.09365224689097396,4.6021978021978,9.797802197802199,3.3982905982906004,5.394871794871797,-0.0512820512820511,-1.174603174603174,0.9206349206349191,0.0
392317.946815722,444,0.04,0.0,0.8999999761581421,0.0,1.1749999523162842,0.0,0.0,0.0,-0.06885633630884236,0.7585641260395217,-0.047112230106050035,1.0725185015640495,0.0036240177004653873,0.11768520637827073,-0.09670405127031323,5.129670329670333,9.797802197802199,3.152136752136755,5.654700854700856,-0.03174603174603163,-1.174603174603174,0.9597069597069599,0.0
392317.986907575,445,0.04,0.0,0.8999999761581421,0.0,1.1799999475479126,0.0,0.0,0.0,-0.07267109178301645,0.7585641260395217,-0.047112230106050035,1.0759517814908062,0.000953688868543523,0.11959258411535778,-0.09746700236514805,5.367032967032969,9.797802197802199,3.2478632478632505,5.545299145299147,0.0024420024420024333,-1.2332112332112324,0.954822954822955,0.0
392318.026825866,446,0.04,0.0,0.8999999761581421,0.0,1.184999942779541,0.0,0.0,0.0,-0.07572289616235572,0.7585641260395217,-0.047112230106050035,1.0824368657969021,0.0005722133211261138,0.12073701075761001,-0.09746700236514805,5.261538461538464,9.824175824175825,3.261538461538464,5.504273504273506,-0.017094017094017033,-1.213675213675213,0.9499389499389501,0.0
392318.066863145,447,0.04,0.0,0.8999999761581421,0.0,1.190000057220459,0.0,0.0,0.0,-0.07839322499427759,0.7585641260395217,-0.047112230106050035,1.0866330968184936,0.0005722133211261138,0.12111848630502742,-0.09784847791256546,5.367032967032969,9.824175824175825,3.261538461538464,5.586324786324788,-0.017094017094017033,-1.213675213675213,0.9597069597069599,0.0
392318.106920821,448,0.04,0.0,0.8999999761581421,0.0,1.1950000524520874,0.0,0.0,0.0,-0.07839322499427759,0.7585641260395217,-0.047112230106050035,1.0904478522926677,0.0005722133211261138,0.12340733958953187,-0.10090028229190473,5.419780219780222,9.797802197802199,3.2478632478632505,5.641025641025642,-0.017094017094017033,-1.2722832722832713,1.0329670329670328,0.0
392318.146822687,449,0.04,0.0,0.8999999761581421,0.0,1.2000000476837158,0.0,0.0,0.0,-0.078774700541695,0.7585641260395217,-0.047112230106050035,1.0938811322194244,0.0005722133211261138,0.1245517662317841,-0.1035706111238266,5.419780219780222,9.797802197802199,3.2478632478632505,5.846153846153847,-0.017094017094017033,-1.2576312576312567,1.0134310134310134,0.0
392318.186776812,450,0.04,0.0,0.8999999761581421,0.0,1.2050000429153442,0.0,0.0,0.0,-0.078774700541695,0.7585641260395217,-0.047493705653467444,1.0957885099565114,0.0005722133211261138,0.12493324177920151,-0.1035706111238266,5.419780219780222,9.824175824175825,3.3572649572649595,5.982905982905983,-0.017094017094017033,-1.2576312576312567,1.0134310134310134,0.0
392318.226830502,451,0.04,0.0,0.8999999761581421,0.0,1.2100000381469727,0.0,0.0,0.0,-0.078774700541695,0.7585641260395217,-0.05054551003280672,1.0984588387884333,0.0005722133211261138,0.12493324177920151,-0.1035706111238266,5.446153846153848,9.797802197802199,3.521367521367523,6.023931623931624,-0.0219780219780219,-1.2527472527472518,1.0134310134310134,0.0
392318.26682831,452,0.04,0.0,0.8999999761581421,0.0,1.215000033378601,0.0,0.0,0.0,-0.08068207827878204,0.7585641260395217,-0.051308461127641536,1.1045624475471119,0.0005722133211261138,0.12493324177920151,-0.10852979324025291,5.5780219780219795,9.797802197802199,3.521367521367523,5.982905982905983,-0.0219780219780219,-1.247863247863247,1.1111111111111107,0.0
392318.306866426,453,0.04,0.0,0.8999999761581421,0.0,1.2200000286102295,0.0,0.0,0.0,-0.08106355382619945,0.7585641260395217,-0.051308461127641536,1.1087586785687034,0.0005722133211261138,0.12760357061112337,-0.11081864652475737,5.5780219780219795,9.797802197802199,3.5760683760683776,6.092307692307692,-0.017094017094017033,-1.3308913308913297,1.0818070818070815,0.0
392318.346843271,454,0.04,0.0,0.8999999761581421,0.0,1.225000023841858,0.0,0.0,0.0,-0.08106355382619945,0.7585641260395217,-0.051689936675058945,1.1106660563057904,0.0005722133211261138,0.13218127718013228,-0.1119630731670096,5.5780219780219795,9.824175824175825,3.5760683760683776,6.242735042735049,-0.017094017094017033,-1.355311355311354,1.1208791208791204,0.0
392318.386930833,455,0.04,0.0,0.8999999761581421,0.0,1.2300000190734863,0.0,0.0,0.0,-0.08106355382619945,0.7585641260395217,-0.051689936675058945,1.1152437628747993,0.0001907377737087046,0.1329442282749671,-0.11577782864118369,5.604395604395606,9.797802197802199,3.5760683760683776,6.2974358974359035,-0.012210012210012167,-1.3357753357753346,1.174603174603174,0.0
392318.426833156,456,0.04,0.0,0.8999999761581421,0.0,1.2350000143051147,0.0,0.0,0.0,-0.0829709315632865,0.7585641260395217,-0.051689936675058945,1.118677042801556,0.0001907377737087046,0.13447013046463674,-0.11768520637827073,5.973626373626374,9.797802197802199,3.5760683760683776,6.502564102564108,-0.017094017094017033,-1.360195360195359,1.1550671550671545,0.0
392318.466824369,457,0.04,0.0,0.8999999761581421,0.0,1.2400000095367432,0.0,0.0,0.0,-0.08411535820553873,0.7585641260395217,-0.051689936675058945,1.1228732738231475,0.0001907377737087046,0.13447013046463674,-0.11768520637827073,5.920879120879121,9.797802197802199,3.562393162393164,6.242735042735049,-0.017094017094017033,-1.3504273504273492,1.1550671550671545,0.0
392318.506777108,458,0.04,0.0,0.8999999761581421,0.0,1.2450000047683716,0.0,0.0,0.0,-0.08678568703746059,0.7585641260395217,-0.051689936675058945,1.1278324559395738,0.0001907377737087046,0.13485160601205415,-0.11882963302052296,5.973626373626374,9.824175824175825,3.589743589743591,6.598290598290603,-0.017094017094017033,-1.355311355311354,1.1697191697191691,0.0
392318.546827645,459,0.04,0.0,0.8999999761581421,0.0,1.25,0.0,0.0,0.0,-0.08678568703746059,0.7585641260395217,-0.051689936675058945,1.128976882581826,0.0001907377737087046,0.13904783703364565,-0.11921110856794037,6.0,9.797802197802199,3.562393162393164,6.77606837606838,-0.012210012210012167,-1.462759462759463,1.1794871794871788,0.0
392318.586837836,460,0.04,0.0,0.8999999761581421,0.0,1.2549999952316284,0.0,0.0,0.0,-0.08678568703746059,0.7585641260395217,-0.051689936675058945,1.1297398336766609,0.0001907377737087046,0.1417181658655675,-0.12149996185244483,5.973626373626374,9.797802197802199,3.603418803418805,6.994871794871798,-0.012210012210012167,-1.4481074481074483,1.1941391941391934,0.0
392318.62682887,461,0.04,0.0,0.8999999761581421,0.0,1.2599999904632568,0.0,0.0,0.0,-0.087167162584878,0.7585641260395217,-0.051689936675058945,1.1331731136034175,0.0001907377737087046,0.14362554360265456,-0.12340733958953187,6.052747252747253,9.824175824175825,3.5760683760683776,6.721367521367526,-0.017094017094017033,-1.457875457875458,1.2576312576312567,0.0
392318.666975064,462,0.04,0.0,0.8999999761581421,0.0,1.2649999856948853,0.0,0.0,0.0,-0.09021896696421727,0.7585641260395217,-0.051689936675058945,1.1411841000991831,-0.0001907377737087046,0.14667734798199383,-0.1325627527275497,6.316483516483515,9.824175824175825,3.5760683760683776,6.7350427350427395,0.0024420024420024333,-1.5018315018315018,1.3992673992673978,0.0
392318.706866883,463,0.04,0.0,0.8999999761581421,0.0,1.2699999809265137,0.0,0.0,0.0,-0.09212634470130432,0.7585641260395217,-0.051689936675058945,1.148432135500114,-0.0001907377737087046,0.14858472571908088,-0.13942931258106306,6.369230769230768,9.824175824175825,3.589743589743591,6.707692307692312,-0.0073260073260073,-1.5115995115995116,1.428571428571427,0.0
392318.746865328,464,0.04,0.0,0.8999999761581421,0.0,1.274999976158142,0.0,0.0,0.0,-0.09212634470130432,0.7585641260395217,-0.052071412222476354,1.1507209887846184,-0.0005722133211261138,0.1539253833829246,-0.1409552147707327,6.369230769230768,9.824175824175825,3.589743589743591,6.858119658119662,-0.0073260073260073,-1.638583638583638,1.3846153846153832,0.0
392318.786828652,465,0.04,0.0,0.8999999761581421,0.0,1.2799999713897705,0.0,0.0,0.0,-0.09212634470130432,0.7585641260395217,-0.052071412222476354,1.1545357442587925,-0.0005722133211261138,0.15964751659418575,-0.1409552147707327,6.369230769230768,9.797802197802199,3.589743589743591,6.77606837606838,-0.0073260073260073,-1.6336996336996332,1.3797313797313784,0.0
392318.826832014,466,0.04,0.0,0.8999999761581421,0.0,1.284999966621399,0.0,0.0,0.0,-0.09327077134355655,0.7585641260395217,-0.052071412222476354,1.1602578774700536,-0.0005722133211261138,0.1619363698786902,-0.14209964141298492,6.580219780219778,9.824175824175825,3.603418803418805,6.994871794871798,-0.0024420024420024333,-1.6239316239316235,1.3992673992673978,0.0
392318.866840293,467,0.04,0.0,0.8999999761581421,0.0,1.2899999618530273,0.0,0.0,0.0,-0.09479667353322618,0.7585641260395217,-0.052071412222476354,1.164454108491645,-0.0005722133211261138,0.1619363698786902,-0.1417181658655675,6.527472527472526,9.824175824175825,3.589743589743591,6.885470085470089,-0.0024420024420024333,-1.6141636141636138,1.3846153846153832,0.0
392318.906860828,468,0.04,0.0,0.8999999761581421,0.0,1.2949999570846558,0.0,0.0,0.0,-0.09479667353322618,0.7585641260395217,-0.05359731441214599,1.170939192797741,-0.000953688868543523,0.1623178454261076,-0.14286259250781974,6.606593406593404,9.824175824175825,3.9452991452991455,6.789743589743594,0.0024420024420024333,-1.6190476190476186,1.4236874236874222,0.0
392318.946825138,469,0.04,0.0,0.8999999761581421,0.0,1.2999999523162842,0.0,0.0,0.0,-0.09632257572289582,0.7585641260395217,-0.056267643244067855,1.1758983749141692,-0.002861066605630569,0.1623178454261076,-0.14324406805523715,6.791208791208788,9.824175824175825,3.84957264957265,6.8444444444444485,0.0366300366300365,-1.6141636141636138,1.4041514041514027,0.0
392318.98685759,470,0.04,0.0,0.8999999761581421,0.0,1.3049999475479126,0.0,0.0,0.0,-0.09632257572289582,0.7585641260395217,-0.05779354543373749,1.180476081483178,-0.003242542153047978,0.1623178454261076,-0.14324406805523715,6.71208791208791,9.824175824175825,3.9863247863247864,6.7350427350427395,0.026862026862026767,-1.6141636141636138,1.4090354090354076,0.0
392319.026829279,471,0.04,0.0,0.8999999761581421,0.0,1.309999942779541,0.0,0.0,0.0,-0.09708552681773064,0.7585641260395217,-0.05931944762340713,1.1861982146944392,-0.003242542153047978,0.16269932097352502,-0.14362554360265456,6.71208791208791,9.797802197802199,4.287179487179486,6.762393162393167,0.0219780219780219,-1.638583638583638,1.4041514041514027,0.0
392319.066830602,472,0.04,0.0,0.8999999761581421,0.0,1.315000057220459,0.0,0.0,0.0,-0.09746700236514805,0.7585641260395217,-0.060845349813076766,1.1919203479057003,-0.003242542153047978,0.1657511253528643,-0.14362554360265456,6.738461538461536,9.824175824175825,4.232478632478632,6.830769230769235,0.017094017094017033,-1.6874236874236868,1.4090354090354076,0.0
392319.106833367,473,0.04,0.0,0.8999999761581421,0.0,1.3200000524520874,0.0,0.0,0.0,-0.09746700236514805,0.7585641260395217,-0.0623712520027464,1.1949721522850396,-0.003242542153047978,0.1665140764476991,-0.14324406805523715,6.738461538461536,9.824175824175825,4.218803418803418,6.830769230769235,0.0219780219780219,-1.6630036630036624,1.4041514041514027,0.0
392319.146835908,474,0.04,0.0,0.8999999761581421,0.0,1.3250000476837158,0.0,0.0,0.0,-0.09708552681773064,0.7585641260395217,-0.0623712520027464,1.1991683833066311,-0.0036240177004653873,0.1665140764476991,-0.14324406805523715,6.71208791208791,9.797802197802199,4.314529914529913,6.830769230769235,0.0219780219780219,-1.6581196581196576,1.4041514041514027,0.0
392319.18677007,475,0.04,0.0,0.8999999761581421,0.0,1.3300000429153442,0.0,0.0,0.0,-0.09708552681773064,0.7585641260395217,-0.0623712520027464,1.2060349431601445,-0.0036240177004653873,0.16689555199511652,-0.14362554360265456,6.71208791208791,9.824175824175825,4.3008547008547,6.858119658119662,0.026862026862026767,-1.6630036630036624,1.4041514041514027,0.0
392319.22686143,476,0.04,0.0,0.8999999761581421,0.0,1.3350000381469727,0.0,0.0,0.0,-0.09708552681773064,0.7585641260395217,-0.0623712520027464,1.2079423208972315,-0.0036240177004653873,0.16689555199511652,-0.14324406805523715,6.71208791208791,9.824175824175825,4.328205128205127,7.200000000000003,0.017094017094017033,-1.6630036630036624,1.4041514041514027,0.0
392319.26687336,477,0.04,0.0,0.8999999761581421,0.0,1.340000033378601,0.0,0.0,0.0,-0.09708552681773064,0.7585641260395217,-0.0623712520027464,1.2087052719920663,-0.0036240177004653873,0.16689555199511652,-0.14324406805523715,6.685714285714283,9.797802197802199,4.328205128205127,7.268376068376071,0.0219780219780219,-1.6630036630036624,1.3992673992673978,0.0
392319.30689342,478,0.04,0.0,0.8999999761581421,0.0,1.3450000286102295,0.0,0.0,0.0,-0.09708552681773064,0.7585641260395217,-0.0623712520027464,1.2144274052033275,-0.0036240177004653873,0.16689555199511652,-0.14324406805523715,6.738461538461536,9.797802197802199,4.3008547008547,7.035897435897439,0.0219780219780219,-1.6630036630036624,1.4139194139194124,0.0
392319.34682545,479,0.04,0.0,0.8999999761581421,0.0,1.350000023841858,0.0,0.0,0.0,-0.09784847791256546,0.7585641260395217,-0.0623712520027464,1.2193865873197538,-0.004768444342717615,0.16689555199511652,-0.1447699702449068,6.791208791208788,9.797802197802199,4.314529914529913,7.459829059829062,0.04151404151404137,-1.6581196581196576,1.433455433455432,0.0
392319.386899519,480,0.04,0.0,0.8999999761581421,0.0,1.3550000190734863,0.0,0.0,0.0,-0.09784847791256546,0.7585641260395217,-0.0623712520027464,1.2193865873197538,-0.005149919890135024,0.16689555199511652,-0.1447699702449068,6.738461538461536,9.824175824175825,4.3008547008547,7.596581196581198,0.04639804639804623,-1.6630036630036624,1.4188034188034173,0.0
392319.426831568,481,0.04,0.0,0.8999999761581421,0.0,1.3600000143051147,0.0,0.0,0.0,-0.09784847791256546,0.7585641260395217,-0.0623712520027464,1.223201342793928,-0.005531395437552433,0.16689555199511652,-0.1447699702449068,6.738461538461536,9.797802197802199,4.3008547008547,7.254700854700857,0.04639804639804623,-1.6630036630036624,1.4188034188034173,0.0
392319.46682495,482,0.04,0.0,0.8999999761581421,0.0,1.3650000095367432,0.0,0.0,0.0,-0.09822995345998287,0.7585641260395217,-0.0623712520027464,1.230830853742276,-0.005912870984969842,0.16689555199511652,-0.14591439688715901,6.843956043956041,9.824175824175825,4.328205128205127,7.446153846153848,0.0512820512820511,-1.6678876678876673,1.4383394383394368,0.0
392319.506818991,483,0.04,0.0,0.8999999761581421,0.0,1.3700000047683716,0.0,0.0,0.0,-0.0997558556496525,0.7585641260395217,-0.0623712520027464,1.2376974135957894,-0.006675822079804661,0.16689555199511652,-0.14705882352941124,6.8967032967032935,9.797802197802199,4.314529914529913,7.22735042735043,0.06105006105006083,-1.6678876678876673,1.4529914529914514,0.0
392319.546798658,484,0.04,0.0,0.8999999761581421,0.0,1.375,0.0,0.0,0.0,-0.0997558556496525,0.7585641260395217,-0.0623712520027464,1.2430380712596332,-0.006675822079804661,0.16689555199511652,-0.14744029907682865,6.8967032967032935,9.797802197802199,4.314529914529913,7.309401709401712,0.056166056166055967,-1.6630036630036624,1.4383394383394368,0.0
392319.586790879,485,0.04,0.0,0.8999999761581421,0.0,1.3799999952316284,0.0,0.0,0.0,-0.10013733119706991,0.7585641260395217,-0.0623712520027464,1.2499046311131465,-0.006675822079804661,0.16689555199511652,-0.14705882352941124,6.92307692307692,9.797802197802199,4.341880341880341,7.117948717948721,0.0512820512820511,-1.6678876678876673,1.4481074481074465,0.0
392319.626914544,486,0.04,0.0,0.8999999761581421,0.0,1.3849999904632568,0.0,0.0,0.0,-0.10013733119706991,0.7585641260395217,-0.06275272755016381,1.256008239871825,-0.006675822079804661,0.16842145418478616,-0.14705882352941124,6.8967032967032935,9.797802197802199,4.410256410256416,6.899145299145303,0.04639804639804623,-1.7069597069597062,1.433455433455432,0.0
392319.666888196,487,0.04,0.0,0.8999999761581421,0.0,1.3899999856948853,0.0,0.0,0.0,-0.10013733119706991,0.7585641260395217,-0.06313420309758122,1.2628747997253384,-0.006675822079804661,0.16880292973220357,-0.14705882352941124,6.92307692307692,9.797802197802199,4.396581196581202,7.158974358974362,0.0512820512820511,-1.682539682539682,1.4383394383394368,0.0
392319.706838285,488,0.04,0.0,0.8999999761581421,0.0,1.3949999809265137,0.0,0.0,0.0,-0.10013733119706991,0.7585641260395217,-0.06351567864499863,1.2666895551995125,-0.006675822079804661,0.16880292973220357,-0.14667734798199383,6.8967032967032935,9.797802197802199,4.478632478632484,6.899145299145303,0.04639804639804623,-1.682539682539682,1.4383394383394368,0.0
392319.746828151,489,0.04,0.0,0.8999999761581421,0.0,1.399999976158142,0.0,0.0,0.0,-0.10013733119706991,0.7585641260395217,-0.06427862973983345,1.273556115053026,-0.006675822079804661,0.16880292973220357,-0.14705882352941124,6.92307692307692,9.797802197802199,4.437606837606843,7.145299145299148,0.0512820512820511,-1.682539682539682,1.4432234432234416,0.0
392319.786837263,490,0.04,0.0,0.8999999761581421,0.0,1.4049999713897705,0.0,0.0,0.0,-0.10013733119706991,0.7585641260395217,-0.06427862973983345,1.275463492790113,-0.006675822079804661,0.16880292973220357,-0.14667734798199383,6.8967032967032935,9.797802197802199,4.437606837606843,7.350427350427353,0.0512820512820511,-1.6874236874236868,1.433455433455432,0.0
392319.826825218,491,0.04,0.0,0.8999999761581421,0.0,1.409999966621399,0.0,0.0,0.0,-0.10013733119706991,0.7585641260395217,-0.06427862973983345,1.275463492790113,-0.006675822079804661,0.16880292973220357,-0.14667734798199383,6.92307692307692,9.797802197802199,4.478632478632484,7.582905982905984,0.04639804639804623,-1.682539682539682,1.4432234432234416,0.0
392319.866827389,492,0.04,0.0,0.8999999761581421,0.0,1.4149999618530273,0.0,0.0,0.0,-0.10013733119706991,0.7585641260395217,-0.06427862973983345,1.2785152971694522,-0.006675822079804661,0.16880292973220357,-0.14667734798199383,6.92307692307692,9.797802197802199,4.437606837606843,7.459829059829062,0.0512820512820511,-1.6874236874236868,1.4383394383394368,0.0
392319.906909246,493,0.04,0.0,0.8999999761581421,0.0,1.4199999570846558,0.0,0.0,0.0,-0.10280766002899178,0.7589456015869391,-0.06427862973983345,1.2830930037384611,-0.006675822079804661,0.16880292973220357,-0.1489662012664983,7.318681318681314,9.771428571428572,4.46495726495727,7.705982905982907,0.0512820512820511,-1.682539682539682,1.4822954822954806,0.0
392319.946837088,494,0.04,0.0,0.8999999761581421,0.0,1.4249999523162842,0.0,0.0,0.0,-0.10280766002899178,0.7589456015869391,-0.06427862973983345,1.2853818570229656,-0.00705729762722207,0.16880292973220357,-0.15011062790875052,7.107692307692304,9.771428571428572,4.451282051282057,7.82905982905983,0.0512820512820511,-1.682539682539682,1.4774114774114757,0.0
392319.986823528,495,0.04,0.0,0.8999999761581421,0.0,1.4299999475479126,0.0,0.0,0.0,-0.10280766002899178,0.7589456015869391,-0.06427862973983345,1.2865262836652178,-0.00705729762722207,0.16880292973220357,-0.15087357900358533,7.107692307692304,9.771428571428572,4.46495726495727,8.12991452991453,0.0512820512820511,-1.682539682539682,1.4822954822954806,0.0
392320.026794135,496,0.04,0.0,0.8999999761581421,0.0,1.434999942779541,0.0,0.0,0.0,-0.10280766002899178,0.7589456015869391,-0.06504158083466827,1.2899595635919745,-0.006675822079804661,0.16956588082703838,-0.15087357900358533,7.13406593406593,9.771428571428572,4.492307692307698,7.842735042735043,0.0512820512820511,-1.6923076923076916,1.4774114774114757,0.0
392320.066852283,497,0.04,0.0,0.8999999761581421,0.0,1.440000057220459,0.0,0.0,0.0,-0.103952086671244,0.7589456015869391,-0.06504158083466827,1.2968261234454879,-0.00705729762722207,0.16956588082703838,-0.15125505455100274,7.318681318681314,9.771428571428572,4.505982905982911,7.952136752136752,0.0512820512820511,-1.6874236874236868,1.4822954822954806,0.0
392320.106774502,498,0.04,0.0,0.8999999761581421,0.0,1.4450000524520874,0.0,0.0,0.0,-0.10585946440833105,0.7589456015869391,-0.06504158083466827,1.3052185854886709,-0.00705729762722207,0.16956588082703838,-0.15163653009842015,7.34505494505494,9.745054945054946,4.505982905982911,7.596581196581198,0.06105006105006083,-1.6874236874236868,1.5018315018315,0.0
392320.146823403,499,0.04,0.0,0.8999999761581421,0.0,1.4500000476837158,0.0,0.0,0.0,-0.10624093995574846,0.7589456015869391,-0.06504158083466827,1.3105592431525146,-0.00705729762722207,0.16956588082703838,-0.15278095674067238,7.318681318681314,9.771428571428572,4.505982905982911,7.719658119658121,0.056166056166055967,-1.6923076923076916,1.4969474969474952,0.0
392320.186833684,500,0.04,0.0,0.8999999761581421,0.0,1.4550000429153442,0.0,0.0,0.0,-0.10624093995574846,0.7589456015869391,-0.06504158083466827,1.3181887541008628,-0.00705729762722207,0.16956588082703838,-0.1531624322880898,7.34505494505494,9.771428571428572,4.519658119658125,7.459829059829062,0.056166056166055967,-1.6874236874236868,1.5164835164835146,0.0
392320.226860175,501,0.04,0.0,0.8999999761581421,0.0,1.4600000381469727,0.0,0.0,0.0,-0.10624093995574846,0.7589456015869391,-0.06504158083466827,1.325818265049211,-0.00705729762722207,0.16956588082703838,-0.1539253833829246,7.34505494505494,9.771428571428572,4.505982905982911,7.158974358974362,0.0512820512820511,-1.6971916971916965,1.5115995115995098,0.0
392320.266830467,502,0.04,0.0,0.8999999761581421,0.0,1.465000033378601,0.0,0.0,0.0,-0.10624093995574846,0.7589456015869391,-0.06504158083466827,1.3326848249027243,-0.00705729762722207,0.16956588082703838,-0.1539253833829246,7.34505494505494,9.771428571428572,4.505982905982911,7.418803418803421,0.056166056166055967,-1.6923076923076916,1.506715506715505,0.0
392320.30698694,503,0.04,0.0,0.8999999761581421,0.0,1.4700000286102295,0.0,0.0,0.0,-0.10585946440833105,0.7589456015869391,-0.06504158083466827,1.3384069581139855,-0.00705729762722207,0.16956588082703838,-0.1539253833829246,7.318681318681314,9.771428571428572,4.505982905982911,7.145299145299148,0.06105006105006083,-1.6923076923076916,1.506715506715505,0.0
392320.346827439,504,0.04,0.0,0.8999999761581421,0.0,1.475000023841858,0.0,0.0,0.0,-0.10585946440833105,0.7589456015869391,-0.06504158083466827,1.3433661402304118,-0.00705729762722207,0.16956588082703838,-0.1535439078355072,7.318681318681314,9.745054945054946,4.505982905982911,7.37777777777778,0.056166056166055967,-1.6923076923076916,1.5018315018315,0.0
392320.386876347,505,0.04,0.0,0.8999999761581421,0.0,1.4800000190734863,0.0,0.0,0.0,-0.10585946440833105,0.7593270771343565,-0.06504158083466827,1.3471808957045859,-0.00705729762722207,0.16956588082703838,-0.1531624322880898,7.34505494505494,9.771428571428572,4.505982905982911,7.282051282051285,0.056166056166055967,-1.6923076923076916,1.506715506715505,0.0
392320.426902313,506,0.04,0.0,0.8999999761581421,0.0,1.4850000143051147,0.0,0.0,0.0,-0.10624093995574846,0.7593270771343565,-0.06504158083466827,1.35099565117876,-0.00705729762722207,0.16956588082703838,-0.15430685893034202,7.371428571428567,9.771428571428572,4.519658119658125,7.487179487179489,0.0512820512820511,-1.6923076923076916,1.5115995115995098,0.0
392320.466816364,507,0.04,0.0,0.8999999761581421,0.0,1.4900000095367432,0.0,0.0,0.0,-0.10662241550316587,0.7593270771343565,-0.06504158083466827,1.352903028915847,-0.00705729762722207,0.16956588082703838,-0.15430685893034202,7.424175824175819,9.771428571428572,4.505982905982911,7.733333333333334,0.056166056166055967,-1.6923076923076916,1.5164835164835146,0.0
392320.506829898,508,0.04,0.0,0.8999999761581421,0.0,1.4950000047683716,0.0,0.0,0.0,-0.10662241550316587,0.7593270771343565,-0.06504158083466827,1.3536659800106818,-0.00705729762722207,0.16956588082703838,-0.15430685893034202,7.371428571428567,9.771428571428572,4.519658119658125,8.006837606837607,0.056166056166055967,-1.6923076923076916,1.5115995115995098,0.0
392320.546823532,509,0.04,0.0,0.8999999761581421,0.0,1.5,0.0,0.0,0.0,-0.10700389105058328,0.7593270771343565,-0.06504158083466827,1.3555733577477689,-0.00705729762722207,0.16956588082703838,-0.15430685893034202,7.450549450549445,9.771428571428572,4.519658119658125,8.02051282051282,0.056166056166055967,-1.6923076923076916,1.5115995115995098,0.0
392320.586833405,510,0.04,0.0,0.8999999761581421,0.0,1.5049999952316284,0.0,0.0,0.0,-0.1077668421454181,0.7593270771343565,-0.06504158083466827,1.3586251621271082,-0.00705729762722207,0.16956588082703838,-0.15506981002517684,7.476923076923072,9.771428571428572,4.519658119658125,8.102564102564102,0.056166056166055967,-1.6923076923076916,1.5360195360195341,0.0
392320.626824395,511,0.04,0.0,0.8999999761581421,0.0,1.5099999904632568,0.0,0.0,0.0,-0.10852979324025291,0.7593270771343565,-0.06504158083466827,1.3620584420538648,-0.00705729762722207,0.16956588082703838,-0.1573586633096813,7.503296703296698,9.745054945054946,4.505982905982911,8.252991452991452,0.056166056166055967,-1.6923076923076916,1.5653235653235669,0.0
392320.666829474,512,0.04,0.0,0.8999999761581421,0.0,1.5149999856948853,0.0,0.0,0.0,-0.10852979324025291,0.7593270771343565,-0.06504158083466827,1.365873197528039,-0.00705729762722207,0.16956588082703838,-0.1619363698786902,7.503296703296698,9.771428571428572,4.505982905982911,8.32136752136752,0.056166056166055967,-1.6923076923076916,1.633699633699635,0.0
392320.706830792,513,0.04,0.0,0.8999999761581421,0.0,1.5199999809265137,0.0,0.0,0.0,-0.10852979324025291,0.7593270771343565,-0.06504158083466827,1.3715953307393,-0.00705729762722207,0.16956588082703838,-0.16269932097352502,7.529670329670324,9.745054945054946,4.505982905982911,8.12991452991453,0.056166056166055967,-1.6923076923076916,1.599511599511601,0.0
392320.746830111,514,0.04,0.0,0.8999999761581421,0.0,1.524999976158142,0.0,0.0,0.0,-0.10852979324025291,0.7593270771343565,-0.06504158083466827,1.3776989394979786,-0.00705729762722207,0.16956588082703838,-0.16269932097352502,7.503296703296698,9.745054945054946,4.505982905982911,8.102564102564102,0.056166056166055967,-1.6923076923076916,1.6043956043956058,0.0
392320.786823044,515,0.04,0.0,0.8999999761581421,0.0,1.5299999713897705,0.0,0.0,0.0,-0.10852979324025291,0.7593270771343565,-0.06504158083466827,1.3857099259937442,-0.00705729762722207,0.16956588082703838,-0.16498817425802947,7.503296703296698,9.745054945054946,4.519658119658125,8.006837606837607,0.06105006105006083,-1.6923076923076916,1.6581196581196593,0.0
392320.826808894,516,0.04,0.0,0.8999999761581421,0.0,1.534999966621399,0.0,0.0,0.0,-0.10852979324025291,0.7600900282291914,-0.06504158083466827,1.3925764858472576,-0.00705729762722207,0.16956588082703838,-0.1657511253528643,7.476923076923072,9.586813186813188,4.505982905982911,7.555555555555557,0.0512820512820511,-1.6923076923076916,1.6190476190476204,0.0
392320.866834699,517,0.04,0.0,0.8999999761581421,0.0,1.5399999618530273,0.0,0.0,0.0,-0.10852979324025291,0.7612344548714436,-0.06504158083466827,1.4009689478904406,-0.00705729762722207,0.16956588082703838,-0.1661326009002817,7.503296703296698,9.586813186813188,4.505982905982911,7.719658119658121,0.0512820512820511,-1.6923076923076916,1.6288156288156301,0.0
392320.906888678,518,0.04,0.0,0.8999999761581421,0.0,1.5449999570846558,0.0,0.0,0.0,-0.10852979324025291,0.7612344548714436,-0.06504158083466827,1.407835507743954,-0.00705729762722207,0.1699473563744558,-0.1657511253528643,7.503296703296698,9.613186813186815,4.505982905982911,7.596581196581198,0.056166056166055967,-1.6923076923076916,1.6239316239316253,0.0
392320.946912814,519,0.04,0.0,0.8999999761581421,0.0,1.5499999523162842,0.0,0.0,0.0,-0.1081483176928355,0.761615930418861,-0.06504158083466827,1.4127946898603803,-0.00705729762722207,0.1699473563744558,-0.1657511253528643,7.476923076923072,9.586813186813188,4.505982905982911,7.473504273504275,0.056166056166055967,-1.6923076923076916,1.6190476190476204,0.0
392320.986829954,520,0.04,0.0,0.8999999761581421,0.0,1.5549999475479126,0.0,0.0,0.0,-0.1081483176928355,0.761615930418861,-0.06504158083466827,1.4192797741664762,-0.00705729762722207,0.1699473563744558,-0.1657511253528643,7.476923076923072,9.586813186813188,4.505982905982911,7.596581196581198,0.056166056166055967,-1.6971916971916965,1.6239316239316253,0.0
392321.026809784,521,0.04,0.0,0.8999999761581421,0.0,1.559999942779541,0.0,0.0,0.0,-0.1081483176928355,0.761615930418861,-0.06504158083466827,1.421950102998398,-0.00705729762722207,0.1699473563744558,-0.16536964980544688,7.476923076923072,9.586813186813188,4.505982905982911,7.815384615384616,0.0512820512820511,-1.6923076923076916,1.6141636141636155,0.0
392321.067229768,522,0.04,0.0,0.8999999761581421,0.0,1.565000057220459,0.0,0.0,0.0,-0.1081483176928355,0.761615930418861,-0.06504158083466827,1.4230945296406503,-0.00705729762722207,0.1699473563744558,-0.16536964980544688,7.476923076923072,9.586813186813188,4.519658119658125,8.02051282051282,0.056166056166055967,-1.6923076923076916,1.6239316239316253,0.0
392321.106798164,523,0.04,0.0,0.8999999761581421,0.0,1.5700000524520874,0.0,0.0,0.0,-0.1081483176928355,0.761615930418861,-0.06504158083466827,1.42462043183032,-0.00705729762722207,0.1699473563744558,-0.16536964980544688,7.503296703296698,9.586813186813188,4.519658119658125,7.911111111111111,0.056166056166055967,-1.6923076923076916,1.6239316239316253,0.0
392321.146792142,524,0.04,0.0,0.8999999761581421,0.0,1.5750000476837158,0.0,0.0,0.0,-0.10929274433508773,0.761615930418861,-0.06504158083466827,1.4288166628519114,-0.00705729762722207,0.1699473563744558,-0.1699473563744558,7.608791208791203,9.586813186813188,4.519658119658125,8.32136752136752,0.06105006105006083,-1.6923076923076916,1.7557997557997567,0.0
392321.186912819,525,0.04,0.0,0.8999999761581421,0.0,1.5800000429153442,0.0,0.0,0.0,-0.11120012207217478,0.763523308155948,-0.06504158083466827,1.4326314183260855,-0.00705729762722207,0.16956588082703838,-0.17299916075379507,7.687912087912082,9.349450549450552,4.505982905982911,8.32136752136752,0.056166056166055967,-1.6923076923076916,1.706959706959708,0.0
392321.226830448,526,0.04,0.0,0.8999999761581421,0.0,1.5850000381469727,0.0,0.0,0.0,-0.11120012207217478,0.7654306858930351,-0.06504158083466827,1.4345387960631726,-0.00705729762722207,0.17223620965896025,-0.1745250629434647,7.714285714285708,9.270329670329673,4.519658119658125,8.389743589743588,0.056166056166055967,-1.7557997557997567,1.7264957264957275,0.0
392321.266838873,527,0.04,0.0,0.8999999761581421,0.0,1.590000033378601,0.0,0.0,0.0,-0.11158159761959219,0.7654306858930351,-0.06504158083466827,1.439497978179599,-0.00705729762722207,0.17299916075379507,-0.1783398184176388,7.714285714285708,9.323076923076925,4.519658119658125,8.47179487179487,0.056166056166055967,-1.7216117216117226,1.7948717948717956,0.0
392321.306959508,528,0.04,0.0,0.8999999761581421,0.0,1.5950000286102295,0.0,0.0,0.0,-0.11158159761959219,0.7661936369878699,-0.06504158083466827,1.4429312581063556,-0.00705729762722207,0.17299916075379507,-0.18139162279697807,7.714285714285708,9.21758241758242,4.519658119658125,8.444444444444443,0.056166056166055967,-1.7216117216117226,1.7948717948717956,0.0
392321.346864051,529,0.04,0.0,0.8999999761581421,0.0,1.600000023841858,0.0,0.0,0.0,-0.11158159761959219,0.7665751125352873,-0.06504158083466827,1.4486533913176167,-0.00705729762722207,0.17299916075379507,-0.18406195162889993,7.714285714285708,9.21758241758242,4.519658119658125,8.088888888888889,0.056166056166055967,-1.7264957264957275,1.8583638583638589,0.0
392321.387076987,530,0.04,0.0,0.8999999761581421,0.0,1.6050000190734863,0.0,0.0,0.0,-0.11158159761959219,0.7669565880827047,-0.06504158083466827,1.45551995117113,-0.00705729762722207,0.17299916075379507,-0.1867322804608218,7.7406593406593345,9.21758241758242,4.519658119658125,8.43076923076923,0.056166056166055967,-1.7216117216117226,1.8339438339438345,0.0
392321.42683058,531,0.04,0.0,0.8999999761581421,0.0,1.6100000143051147,0.0,0.0,0.0,-0.11158159761959219,0.7669565880827047,-0.06504158083466827,1.4612420843823912,-0.00705729762722207,0.17299916075379507,-0.1863508049134044,7.7406593406593345,9.243956043956047,4.5333333333333385,8.102564102564102,0.056166056166055967,-1.7264957264957275,1.8339438339438345,0.0
392321.466823408,532,0.04,0.0,0.8999999761581421,0.0,1.6150000095367432,0.0,0.0,0.0,-0.11158159761959219,0.7669565880827047,-0.06504158083466827,1.4681086442359046,-0.00705729762722207,0.17299916075379507,-0.1867322804608218,7.7406593406593345,9.21758241758242,4.505982905982911,8.061538461538461,0.056166056166055967,-1.7264957264957275,1.8339438339438345,0.0
392321.506831879,533,0.04,0.0,0.8999999761581421,0.0,1.6200000047683716,0.0,0.0,0.0,-0.1119630731670096,0.7669565880827047,-0.06504158083466827,1.4757381551842528,-0.00705729762722207,0.17338063630121248,-0.1867322804608218,7.793406593406587,9.21758241758242,4.505982905982911,8.02051282051282,0.056166056166055967,-1.7264957264957275,1.8290598290598297,0.0
392321.546830351,534,0.04,0.0,0.8999999761581421,0.0,1.625,0.0,0.0,0.0,-0.1119630731670096,0.7669565880827047,-0.06542305638208568,1.481460288395514,-0.00705729762722207,0.17338063630121248,-0.18596932936598698,7.767032967032961,9.21758241758242,4.505982905982911,7.664957264957266,0.056166056166055967,-1.7264957264957275,1.8241758241758248,0.0
392321.586832915,535,0.04,0.0,0.8999999761581421,0.0,1.6299999952316284,0.0,0.0,0.0,-0.112344548714427,0.7673380636301221,-0.0661860074769205,1.4887083237964447,-0.00705729762722207,0.17338063630121248,-0.18558785381856957,7.793406593406587,9.164835164835168,4.560683760683766,7.911111111111111,0.056166056166055967,-1.7313797313797323,1.81929181929182,0.0
392321.626835346,536,0.04,0.0,0.8999999761581421,0.0,1.6349999904632568,0.0,0.0,0.0,-0.112344548714427,0.7677195391775395,-0.0665674830243379,1.4925230792706188,-0.00705729762722207,0.17338063630121248,-0.18482490272373475,7.793406593406587,9.164835164835168,4.629059829059834,7.733333333333334,0.056166056166055967,-1.7264957264957275,1.814407814407815,0.0
392321.666834549,537,0.04,0.0,0.8999999761581421,0.0,1.6399999856948853,0.0,0.0,0.0,-0.11310749980926182,0.7677195391775395,-0.0665674830243379,1.4978637369344625,-0.00705729762722207,0.17338063630121248,-0.18558785381856957,7.898901098901092,9.138461538461542,4.629059829059834,8.02051282051282,0.0512820512820511,-1.7264957264957275,1.8241758241758248,0.0
392321.70745523,538,0.04,0.0,0.8999999761581421,0.0,1.6449999809265137,0.0,0.0,0.0,-0.11348897535667923,0.770008392462044,-0.06694895857175531,1.5012970168612192,-0.00705729762722207,0.17338063630121248,-0.18482490272373475,7.898901098901092,8.953846153846158,4.642735042735048,7.97948717948718,0.056166056166055967,-1.7362637362637372,1.814407814407815,0.0
392321.746866228,539,0.04,0.0,0.8999999761581421,0.0,1.649999976158142,0.0,0.0,0.0,-0.11348897535667923,0.7726787212939659,-0.06694895857175531,1.5024414435034714,-0.00705729762722207,0.17681391622796916,-0.18520637827115216,7.872527472527466,8.690109890109895,4.642735042735048,8.32136752136752,0.056166056166055967,-1.7655677655677664,1.814407814407815,0.0
392321.786949567,540,0.04,0.0,0.8999999761581421,0.0,1.6549999713897705,0.0,0.0,0.0,-0.11348897535667923,0.7745860990310529,-0.06694895857175531,1.5054932478828107,-0.00705729762722207,0.17681391622796916,-0.18520637827115216,7.872527472527466,8.50549450549451,4.629059829059834,8.28034188034188,0.0512820512820511,-1.7655677655677664,1.8241758241758248,0.0
392321.826883143,541,0.04,0.0,0.8999999761581421,0.0,1.659999966621399,0.0,0.0,0.0,-0.11387045090409664,0.7780193789578096,-0.06694895857175531,1.5074006256198977,-0.00705729762722207,0.17681391622796916,-0.1863508049134044,7.898901098901092,8.241758241758234,4.642735042735048,8.663247863247861,0.0512820512820511,-1.7606837606837615,1.8290598290598297,0.0
392321.866857887,542,0.04,0.0,0.8999999761581421,0.0,1.6649999618530273,0.0,0.0,0.0,-0.11387045090409664,0.778400854505227,-0.06694895857175531,1.5093080033569848,-0.00705729762722207,0.17643244068055175,-0.1867322804608218,7.872527472527466,8.426373626373618,4.629059829059834,8.841025641025638,0.06105006105006083,-1.7509157509157518,1.8388278388278394,0.0
392321.906836232,543,0.04,0.0,0.8999999761581421,0.0,1.6699999570846558,0.0,0.0,0.0,-0.11348897535667923,0.778400854505227,-0.06694895857175531,1.5115968566414892,-0.007438773174639479,0.17566948958571693,-0.1867322804608218,7.872527472527466,8.399999999999991,4.629059829059834,8.895726495726493,0.06105006105006083,-1.7509157509157518,1.8339438339438345,0.0
392321.946905212,544,0.04,0.0,0.8999999761581421,0.0,1.6749999523162842,0.0,0.0,0.0,-0.11387045090409664,0.778400854505227,-0.06694895857175531,1.5173189898527504,-0.007438773174639479,0.17566948958571693,-0.18749523155565662,7.872527472527466,8.426373626373618,4.642735042735048,8.704273504273502,0.056166056166055967,-1.7509157509157518,1.853479853479854,0.0
392321.986852535,545,0.04,0.0,0.8999999761581421,0.0,1.6799999475479126,0.0,0.0,0.0,-0.11387045090409664,0.778400854505227,-0.06694895857175531,1.5222781719691767,-0.00705729762722207,0.17643244068055175,-0.18825818265049143,7.872527472527466,8.426373626373618,4.642735042735048,8.854700854700852,0.0512820512820511,-1.7753357753357761,1.853479853479854,0.0
392322.027415704,546,0.04,0.0,0.8999999761581421,0.0,1.684999942779541,0.0,0.0,0.0,-0.11387045090409664,0.7780193789578096,-0.06694895857175531,1.5283817807278552,-0.00705729762722207,0.17719539177538657,-0.18825818265049143,7.898901098901092,8.452747252747258,4.629059829059834,8.348717948717947,0.056166056166055967,-1.7704517704517713,1.853479853479854,0.0
392322.069365639,547,0.04,0.0,0.8999999761581421,0.0,1.690000057220459,0.0,0.0,0.0,-0.11387045090409664,0.7780193789578096,-0.06694895857175531,1.5363927672236208,-0.00705729762722207,0.17719539177538657,-0.18863965819790884,7.872527472527466,8.426373626373618,4.642735042735048,8.403418803418802,0.056166056166055967,-1.7704517704517713,1.8485958485958491,0.0
392322.106827216,548,0.04,0.0,0.8999999761581421,0.0,1.6950000524520874,0.0,0.0,0.0,-0.11387045090409664,0.778400854505227,-0.06694895857175531,1.5455481803616387,-0.00705729762722207,0.17719539177538657,-0.18863965819790884,7.898901098901092,8.426373626373618,4.642735042735048,8.294017094017093,0.056166056166055967,-1.7606837606837615,1.853479853479854,0.0
392322.146855985,549,0.04,0.0,0.8999999761581421,0.0,1.7000000476837158,0.0,0.0,0.0,-0.11348897535667923,0.778400854505227,-0.06694895857175531,1.552414740215152,-0.00705729762722207,0.17681391622796916,-0.18863965819790884,7.872527472527466,8.426373626373618,4.642735042735048,8.143589743589743,0.0512820512820511,-1.7557997557997567,1.8583638583638589,0.0
392322.186855074,550,0.04,0.0,0.8999999761581421,0.0,1.7050000429153442,0.0,0.0,0.0,-0.11348897535667923,0.778400854505227,-0.06694895857175531,1.5592813000686654,-0.00705729762722207,0.17681391622796916,-0.18749523155565662,7.872527472527466,8.426373626373618,4.642735042735048,7.883760683760684,0.0512820512820511,-1.7606837606837615,1.8290598290598297,0.0
392322.226911341,551,0.04,0.0,0.8999999761581421,0.0,1.7100000381469727,0.0,0.0,0.0,-0.11348897535667923,0.778400854505227,-0.06694895857175531,1.5661478599221788,-0.00705729762722207,0.17681391622796916,-0.18787670710307403,7.84615384615384,8.426373626373618,4.642735042735048,8.102564102564102,0.056166056166055967,-1.7606837606837615,1.8485958485958491,0.0
392322.26688317,552,0.04,0.0,0.8999999761581421,0.0,1.715000033378601,0.0,0.0,0.0,-0.11348897535667923,0.778400854505227,-0.06694895857175531,1.569199664301518,-0.00705729762722207,0.17681391622796916,-0.1867322804608218,7.872527472527466,8.426373626373618,4.629059829059834,8.211965811965811,0.0512820512820511,-1.7655677655677664,1.814407814407815,0.0
392322.306825859,553,0.04,0.0,0.8999999761581421,0.0,1.7200000286102295,0.0,0.0,0.0,-0.11348897535667923,0.778400854505227,-0.06694895857175531,1.5722514686808573,-0.00705729762722207,0.17719539177538657,-0.18558785381856957,7.872527472527466,8.426373626373618,4.642735042735048,8.17094017094017,0.0512820512820511,-1.7655677655677664,1.8290598290598297,0.0
392322.346831309,554,0.04,0.0,0.8999999761581421,0.0,1.725000023841858,0.0,0.0,0.0,-0.11387045090409664,0.778400854505227,-0.06694895857175531,1.575684748607614,-0.00705729762722207,0.17719539177538657,-0.1867322804608218,7.872527472527466,8.426373626373618,4.642735042735048,8.417094017094016,0.06105006105006083,-1.7655677655677664,1.8339438339438345,0.0
392322.386839346,555,0.04,0.0,0.8999999761581421,0.0,1.7300000190734863,0.0,0.0,0.0,-0.11387045090409664,0.778400854505227,-0.06694895857175531,1.5772106507972836,-0.00705729762722207,0.17719539177538657,-0.18749523155565662,7.872527472527466,8.426373626373618,4.642735042735048,8.676923076923075,0.056166056166055967,-1.7606837606837615,1.8583638583638589,0.0
392322.426977022,556,0.04,0.0,0.8999999761581421,0.0,1.7350000143051147,0.0,0.0,0.0,-0.11387045090409664,0.778400854505227,-0.06694895857175531,1.5779736018921184,-0.00705729762722207,0.17681391622796916,-0.18825818265049143,7.872527472527466,8.426373626373618,4.642735042735048,8.882051282051279,0.056166056166055967,-1.7606837606837615,1.8485958485958491,0.0
392322.466826755,557,0.04,0.0,0.8999999761581421,0.0,1.7400000095367432,0.0,0.0,0.0,-0.11387045090409664,0.778400854505227,-0.06694895857175531,1.5806439307240403,-0.00705729762722207,0.17681391622796916,-0.18825818265049143,7.898901098901092,8.426373626373618,4.642735042735048,8.909401709401706,0.06105006105006083,-1.7606837606837615,1.8485958485958491,0.0
392322.507100598,558,0.04,0.0,0.8999999761581421,0.0,1.7450000047683716,0.0,0.0,0.0,-0.11387045090409664,0.778400854505227,-0.06694895857175531,1.5844586861982144,-0.00705729762722207,0.17681391622796916,-0.18978408484016107,7.898901098901092,8.399999999999991,4.642735042735048,9.128205128205124,0.056166056166055967,-1.7606837606837615,1.8827838827838832,0.0
392322.546826673,559,0.04,0.0,0.8999999761581421,0.0,1.75,0.0,0.0,0.0,-0.11425192645151405,0.778400854505227,-0.06694895857175531,1.5867475394827188,-0.00705729762722207,0.17681391622796916,-0.1905470359349959,7.898901098901092,8.399999999999991,4.642735042735048,9.128205128205124,0.056166056166055967,-1.7606837606837615,1.8730158730158735,0.0
392322.586832008,560,0.04,0.0,0.8999999761581421,0.0,1.7549999952316284,0.0,0.0,0.0,-0.11425192645151405,0.778400854505227,-0.06694895857175531,1.590562294956893,-0.00705729762722207,0.17681391622796916,-0.1909285114824133,7.872527472527466,8.426373626373618,4.642735042735048,9.278632478632474,0.06105006105006083,-1.7655677655677664,1.8827838827838832,0.0
392322.626824363,561,0.04,0.0,0.8999999761581421,0.0,1.7599999904632568,0.0,0.0,0.0,-0.11387045090409664,0.778400854505227,-0.06694895857175531,1.5974288548104063,-0.00705729762722207,0.17681391622796916,-0.19207293812466553,7.898901098901092,8.399999999999991,4.629059829059834,9.059829059829056,0.056166056166055967,-1.7606837606837615,1.9120879120879124,0.0
392322.667073661,562,0.04,0.0,0.8999999761581421,0.0,1.7649999856948853,0.0,0.0,0.0,-0.11425192645151405,0.7791638056000618,-0.06694895857175531,1.60276951247425,-0.00705729762722207,0.17681391622796916,-0.19245441367208294,7.898901098901092,8.26813186813186,4.629059829059834,9.141880341880338,0.056166056166055967,-1.7655677655677664,1.892551892551893,0.0
392322.706878858,563,0.04,0.0,0.8999999761581421,0.0,1.7699999809265137,0.0,0.0,0.0,-0.11425192645151405,0.7814526588845663,-0.06694895857175531,1.6096360723277634,-0.007438773174639479,0.17719539177538657,-0.19283588921950034,7.898901098901092,8.215384615384608,4.642735042735048,8.96410256410256,0.07081807081807057,-1.7704517704517713,1.9023199023199027,0.0
392322.746786811,564,0.04,0.0,0.8999999761581421,0.0,1.774999976158142,0.0,0.0,0.0,-0.11425192645151405,0.7814526588845663,-0.06694895857175531,1.6180285343709464,-0.007438773174639479,0.17719539177538657,-0.19245441367208294,7.898901098901092,8.215384615384608,4.642735042735048,8.376068376068375,0.056166056166055967,-1.7704517704517713,1.887667887667888,0.0
392322.786901207,565,0.04,0.0,0.8999999761581421,0.0,1.7799999713897705,0.0,0.0,0.0,-0.11425192645151405,0.7818341344319837,-0.06694895857175531,1.626039520866712,-0.007438773174639479,0.17719539177538657,-0.19245441367208294,7.898901098901092,8.136263736263729,4.642735042735048,8.526495726495725,0.056166056166055967,-1.7655677655677664,1.892551892551893,0.0
392322.826835049,566,0.04,0.0,0.8999999761581421,0.0,1.784999966621399,0.0,0.0,0.0,-0.11387045090409664,0.7818341344319837,-0.06694895857175531,1.6332875562676428,-0.007438773174639479,0.17719539177538657,-0.19245441367208294,7.872527472527466,8.189010989010981,4.642735042735048,8.458119658119656,0.056166056166055967,-1.7655677655677664,1.892551892551893,0.0
392322.866835919,567,0.04,0.0,0.8999999761581421,0.0,1.7899999618530273,0.0,0.0,0.0,-0.11387045090409664,0.7825970855268185,-0.06694895857175531,1.640917067215991,-0.007438773174639479,0.17719539177538657,-0.19169146257724812,7.898901098901092,8.05714285714285,4.642735042735048,8.034188034188034,0.06105006105006083,-1.7704517704517713,1.8827838827838832,0.0
392322.906830446,568,0.04,0.0,0.8999999761581421,0.0,1.7949999570846558,0.0,0.0,0.0,-0.11387045090409664,0.7833600366216533,-0.06694895857175531,1.6470206759746695,-0.007438773174639479,0.17719539177538657,-0.19207293812466553,7.898901098901092,8.083516483516476,4.642735042735048,8.362393162393161,0.056166056166055967,-1.7655677655677664,1.8827838827838832,0.0
392322.947050897,569,0.04,0.0,0.8999999761581421,0.0,1.7999999523162842,0.0,0.0,0.0,-0.11387045090409664,0.7833600366216533,-0.06694895857175531,1.6519798580910958,-0.00705729762722207,0.17719539177538657,-0.19169146257724812,7.898901098901092,8.083516483516476,4.642735042735048,8.294017094017093,0.056166056166055967,-1.7655677655677664,1.8827838827838832,0.0
392322.98685296,570,0.04,0.0,0.8999999761581421,0.0,1.8049999475479126,0.0,0.0,0.0,-0.11387045090409664,0.7833600366216533,-0.06694895857175531,1.653124284733348,-0.00705729762722207,0.17719539177538657,-0.19169146257724812,7.872527472527466,8.05714285714285,4.656410256410261,8.58119658119658,0.056166056166055967,-1.7655677655677664,1.8827838827838832,0.0
392323.026832045,571,0.04,0.0,0.8999999761581421,0.0,1.809999942779541,0.0,0.0,0.0,-0.11387045090409664,0.7833600366216533,-0.06694895857175531,1.6554131380178525,-0.007438773174639479,0.17719539177538657,-0.19169146257724812,7.872527472527466,8.05714285714285,4.642735042735048,8.731623931623929,0.056166056166055967,-1.7655677655677664,1.887667887667888,0.0
392323.06732731,572,0.04,0.0,0.8999999761581421,0.0,1.815000057220459,0.0,0.0,0.0,-0.11387045090409664,0.7837415121690707,-0.06694895857175531,1.6565575646601047,-0.007438773174639479,0.17719539177538657,-0.19207293812466553,7.898901098901092,8.05714285714285,4.629059829059834,9.032478632478629,0.06105006105006083,-1.7655677655677664,1.892551892551893,0.0
392323.106865607,573,0.04,0.0,0.8999999761581421,0.0,1.8200000524520874,0.0,0.0,0.0,-0.11387045090409664,0.7837415121690707,-0.06694895857175531,1.6569390402075221,-0.007438773174639479,0.17719539177538657,-0.19207293812466553,7.898901098901092,8.05714285714285,4.629059829059834,9.305982905982901,0.056166056166055967,-1.7655677655677664,1.892551892551893,0.0
392323.146903641,574,0.04,0.0,0.8999999761581421,0.0,1.8250000476837158,0.0,0.0,0.0,-0.11387045090409664,0.7837415121690707,-0.06694895857175531,1.6569390402075221,-0.007438773174639479,0.17719539177538657,-0.19245441367208294,7.898901098901092,8.05714285714285,4.642735042735048,9.52478632478632,0.056166056166055967,-1.7606837606837615,1.892551892551893,0.0
392323.186827926,575,0.04,0.0,0.8999999761581421,0.0,1.8300000429153442,0.0,0.0,0.0,-0.11425192645151405,0.7837415121690707,-0.06694895857175531,1.6611352712291136,-0.007438773174639479,0.17719539177538657,-0.19321736476691775,7.925274725274718,8.05714285714285,4.642735042735048,9.251282051282047,0.056166056166055967,-1.7655677655677664,1.9120879120879124,0.0
392323.226821526,576,0.04,0.0,0.8999999761581421,0.0,1.8350000381469727,0.0,0.0,0.0,-0.11692225528343592,0.7841229877164881,-0.06694895857175531,1.6672388799877922,-0.007438773174639479,0.17681391622796916,-0.19550621805142399,8.109890109890102,7.978021978021971,4.629059829059834,9.388034188034183,0.06105006105006083,-1.7509157509157518,1.9169719169719173,0.0
392323.266950046,577,0.04,0.0,0.8999999761581421,0.0,1.840000033378601,0.0,0.0,0.0,-0.11730373083085333,0.7841229877164881,-0.06694895857175531,1.6737239642938881,-0.007438773174639479,0.17681391622796916,-0.19550621805142399,8.215384615384608,8.004395604395597,4.629059829059834,9.046153846153842,0.06105006105006083,-1.7606837606837615,1.926739926739927,0.0
392323.306823385,578,0.04,0.0,0.8999999761581421,0.0,1.8450000286102295,0.0,0.0,0.0,-0.11921110856794037,0.7841229877164881,-0.06694895857175531,1.6817349507896537,-0.007438773174639479,0.17681391622796916,-0.1958876935988414,8.26813186813186,8.05714285714285,4.642735042735048,9.046153846153842,0.056166056166055967,-1.7606837606837615,1.926739926739927,0.0
392323.346836881,579,0.04,0.0,0.8999999761581421,0.0,1.850000023841858,0.0,0.0,0.0,-0.1203555352101926,0.7841229877164881,-0.06694895857175531,1.6905088883802541,-0.007438773174639479,0.17757686732280398,-0.1958876935988414,8.399999999999991,8.030769230769224,4.642735042735048,8.81367521367521,0.056166056166055967,-1.7753357753357761,1.9316239316239319,0.0
392323.386835463,580,0.04,0.0,0.8999999761581421,0.0,1.8550000190734863,0.0,0.0,0.0,-0.12226291294727964,0.7841229877164881,-0.06694895857175531,1.7000457770656894,-0.007438773174639479,0.17757686732280398,-0.1958876935988414,8.452747252747258,8.05714285714285,4.629059829059834,8.62222222222222,0.06105006105006083,-1.7704517704517713,1.9218559218559221,0.0
392323.426882773,581,0.04,0.0,0.8999999761581421,0.0,1.8600000143051147,0.0,0.0,0.0,-0.12226291294727964,0.7841229877164881,-0.06694895857175531,1.7076752880140376,-0.007438773174639479,0.17757686732280398,-0.1947432669565874,8.479120879120885,8.004395604395597,4.642735042735048,8.143589743589743,0.056166056166055967,-1.7704517704517713,1.9120879120879124,0.0
392323.466833896,582,0.04,0.0,0.8999999761581421,0.0,1.8650000095367432,0.0,0.0,0.0,-0.12226291294727964,0.7841229877164881,-0.06694895857175531,1.714541847867551,-0.007438773174639479,0.17757686732280398,-0.1951247425040048,8.452747252747258,8.030769230769224,4.642735042735048,8.47179487179487,0.0512820512820511,-1.7704517704517713,1.9120879120879124,0.0
392323.506805335,583,0.04,0.0,0.8999999761581421,0.0,1.8700000047683716,0.0,0.0,0.0,-0.12226291294727964,0.7845044632639055,-0.06694895857175531,1.720263981078812,-0.007438773174639479,0.17757686732280398,-0.19436179140916998,8.479120879120885,7.978021978021971,4.642735042735048,8.32136752136752,0.056166056166055967,-1.7704517704517713,1.9072039072039075,0.0
392323.546862327,584,0.04,0.0,0.8999999761581421,0.0,1.875,0.0,0.0,0.0,-0.12226291294727964,0.7879377431906622,-0.06694895857175531,1.724841687647821,-0.007438773174639479,0.17757686732280398,-0.19436179140916998,8.452747252747258,7.503296703296698,4.642735042735048,8.444444444444443,0.06105006105006083,-1.7704517704517713,1.9072039072039075,0.0
392323.586832217,585,0.04,0.0,0.8999999761581421,0.0,1.8799999952316284,0.0,0.0,0.0,-0.12264438849469705,0.7940413519493408,-0.06694895857175531,1.7282749675745777,-0.00705729762722207,0.1783398184176388,-0.19359884031433516,8.50549450549451,6.8967032967032935,4.642735042735048,8.335042735042734,0.06105006105006083,-1.7997557997558005,1.8974358974358978,0.0
392323.626830415,586,0.04,0.0,0.8999999761581421,0.0,1.8849999904632568,0.0,0.0,0.0,-0.12264438849469705,0.7982375829709323,-0.06694895857175531,1.731326771953917,-0.007438773174639479,0.18062867170214325,-0.19398031586175257,8.50549450549451,7.002197802197799,4.642735042735048,8.841025641025638,0.0659340659340657,-1.8095238095238102,1.9023199023199027,0.0
392323.66678647,587,0.04,0.0,0.8999999761581421,0.0,1.8899999856948853,0.0,0.0,0.0,-0.12226291294727964,0.7986190585183497,-0.06694895857175531,1.731326771953917,-0.007438773174639479,0.17910276951247361,-0.19359884031433516,8.452747252747258,7.054945054945051,4.642735042735048,9.046153846153842,0.06105006105006083,-1.7509157509157518,1.9023199023199027,0.0
392323.706830115,588,0.04,0.0,0.8999999761581421,0.0,1.8949999809265137,0.0,0.0,0.0,-0.12226291294727964,0.7982375829709323,-0.06694895857175531,1.731326771953917,-0.007438773174639479,0.17757686732280398,-0.19398031586175257,8.479120879120885,7.028571428571425,4.642735042735048,9.347008547008542,0.0659340659340657,-1.7655677655677664,1.9072039072039075,0.0
392323.746954914,589,0.04,0.0,0.8999999761581421,0.0,1.899999976158142,0.0,0.0,0.0,-0.12226291294727964,0.7982375829709323,-0.06694895857175531,1.7324711985961692,-0.007438773174639479,0.17757686732280398,-0.19398031586175257,8.479120879120885,7.028571428571425,4.642735042735048,9.41538461538461,0.06105006105006083,-1.7655677655677664,1.9072039072039075,0.0
392323.786827529,590,0.04,0.0,0.8999999761581421,0.0,1.9049999713897705,0.0,0.0,0.0,-0.12264438849469705,0.7982375829709323,-0.06694895857175531,1.7343785763332562,-0.007438773174639479,0.1783398184176388,-0.1951247425040048,8.531868131868137,7.028571428571425,4.629059829059834,9.72991452991453,0.06105006105006083,-1.7899877899877907,1.9316239316239319,0.0
392323.826836396,591,0.04,0.0,0.8999999761581421,0.0,1.909999966621399,0.0,0.0,0.0,-0.1245517662317841,0.7982375829709323,-0.06694895857175531,1.7374303807125955,-0.007438773174639479,0.17910276951247361,-0.19550621805142399,8.663736263736268,7.028571428571425,4.629059829059834,9.593162393162388,0.056166056166055967,-1.7899877899877907,1.9218559218559221,0.0
392323.866831282,592,0.04,0.0,0.8999999761581421,0.0,1.9149999618530273,0.0,0.0,0.0,-0.12493324177920151,0.7982375829709323,-0.06694895857175531,1.7450598916609437,-0.007438773174639479,0.17948424505989102,-0.19779507133592844,8.663736263736268,7.054945054945051,4.61538461538462,9.497435897435892,0.06105006105006083,-1.7899877899877907,1.9853479853479854,0.0
392323.906917734,593,0.04,0.0,0.8999999761581421,0.0,1.9199999570846558,0.0,0.0,0.0,-0.12493324177920151,0.7982375829709323,-0.06694895857175531,1.751926451514457,-0.007438773174639479,0.17986572060730843,-0.1997024490730155,8.663736263736268,7.054945054945051,4.629059829059834,9.237606837606833,0.056166056166055967,-1.7899877899877907,1.960927960927961,0.0
392323.946858906,594,0.04,0.0,0.8999999761581421,0.0,1.9249999523162842,0.0,0.0,0.0,-0.1245517662317841,0.7982375829709323,-0.06694895857175531,1.7599374380102226,-0.007438773174639479,0.17986572060730843,-0.1997024490730155,8.610989010989016,7.028571428571425,4.642735042735048,9.141880341880338,0.06105006105006083,-1.7948717948717956,1.965811965811966,0.0
392323.986854547,595,0.04,0.0,0.8999999761581421,0.0,1.9299999475479126,0.0,0.0,0.0,-0.1245517662317841,0.7982375829709323,-0.06694895857175531,1.77061875333791,-0.007438773174639479,0.17986572060730843,-0.1997024490730155,8.637362637362642,7.028571428571425,4.642735042735048,8.745299145299143,0.06105006105006083,-1.7948717948717956,1.960927960927961,0.0
392324.026835792,596,0.04,0.0,0.8999999761581421,0.0,1.934999942779541,0.0,0.0,0.0,-0.1245517662317841,0.7982375829709323,-0.06694895857175531,1.7809185931181801,-0.007820248722056888,0.17986572060730843,-0.1997024490730155,8.637362637362642,7.028571428571425,4.629059829059834,8.635897435897434,0.0659340659340657,-1.7899877899877907,1.960927960927961,0.0
392324.066912745,597,0.04,0.0,0.8999999761581421,0.0,1.940000057220459,0.0,0.0,0.0,-0.1245517662317841,0.7982375829709323,-0.06694895857175531,1.7893110551613631,-0.007438773174639479,0.17986572060730843,-0.19893949797818067,8.637362637362642,7.028571428571425,4.642735042735048,8.225641025641025,0.06105006105006083,-1.7899877899877907,1.9511599511599513,0.0
392324.10750334,598,0.04,0.0,0.8999999761581421,0.0,1.9450000524520874,0.0,0.0,0.0,-0.1245517662317841,0.7982375829709323,-0.06694895857175531,1.7973220416571287,-0.007438773174639479,0.17986572060730843,-0.19893949797818067,8.637362637362642,7.028571428571425,4.642735042735048,8.034188034188034,0.056166056166055967,-1.7948717948717956,1.9511599511599513,0.0
392324.146835605,599,0.04,0.0,0.8999999761581421,0.0,1.9500000476837158,0.0,0.0,0.0,-0.1245517662317841,0.7982375829709323,-0.06694895857175531,1.8034256504158073,-0.007438773174639479,0.17986572060730843,-0.19855802243076326,8.610989010989016,7.054945054945051,4.629059829059834,8.294017094017093,0.06105006105006083,-1.7948717948717956,1.9560439560439562,0.0
392324.186792188,600,0.04,0.0,0.8999999761581421,0.0,1.9550000429153442,0.0,0.0,0.0,-0.1245517662317841,0.7982375829709323,-0.06694895857175531,1.8057145037003117,-0.007438773174639479,0.17986572060730843,-0.19855802243076326,8.610989010989016,7.028571428571425,4.629059829059834,8.28034188034188,0.06105006105006083,-1.7948717948717956,1.9511599511599513,0.0
392324.22684085,601,0.04,0.0,0.8999999761581421,0.0,1.9600000381469727,0.0,0.0,0.0,-0.1245517662317841,0.7982375829709323,-0.06694895857175531,1.8083848325322336,-0.007438773174639479,0.17986572060730843,-0.19855802243076326,8.610989010989016,7.002197802197799,4.656410256410261,8.635897435897434,0.06105006105006083,-1.7899877899877907,1.9511599511599513,0.0
392324.266951072,602,0.04,0.0,0.8999999761581421,0.0,1.965000033378601,0.0,0.0,0.0,-0.1245517662317841,0.7993820096131845,-0.06694895857175531,1.8099107347219032,-0.007438773174639479,0.17986572060730843,-0.19855802243076326,8.637362637362642,6.843956043956041,4.642735042735048,8.868376068376065,0.0659340659340657,-1.7899877899877907,1.9511599511599513,0.0
392324.306826227,603,0.04,0.0,0.8999999761581421,0.0,1.9700000286102295,0.0,0.0,0.0,-0.1245517662317841,0.8001449607080193,-0.06694895857175531,1.8099107347219032,-0.007438773174639479,0.18062867170214325,-0.19893949797818067,8.637362637362642,6.8967032967032935,4.642735042735048,9.128205128205124,0.0659340659340657,-1.8095238095238102,1.9560439560439562,0.0
392324.346829948,604,0.04,0.0,0.8999999761581421,0.0,1.975000023841858,0.0,0.0,0.0,-0.1245517662317841,0.8001449607080193,-0.06694895857175531,1.8099107347219032,-0.007438773174639479,0.18062867170214325,-0.19893949797818067,8.637362637362642,6.870329670329667,4.642735042735048,9.388034188034183,0.06105006105006083,-1.7997557997558005,1.9511599511599513,0.0
392324.386828609,605,0.04,0.0,0.8999999761581421,0.0,1.9800000190734863,0.0,0.0,0.0,-0.1245517662317841,0.8001449607080193,-0.06694895857175531,1.8102922102693206,-0.007438773174639479,0.18062867170214325,-0.19893949797818067,8.637362637362642,6.8967032967032935,4.642735042735048,9.68888888888889,0.0659340659340657,-1.7997557997558005,1.9511599511599513,0.0
392324.426789012,606,0.04,0.0,0.8999999761581421,0.0,1.9850000143051147,0.0,0.0,0.0,-0.1245517662317841,0.8001449607080193,-0.06694895857175531,1.8110551613641555,-0.007438773174639479,0.18062867170214325,-0.19893949797818067,8.637362637362642,6.870329670329667,4.642735042735048,9.770940170940172,0.06105006105006083,-1.8046398046398053,1.9511599511599513,0.0
392324.466837134,607,0.04,0.0,0.8999999761581421,0.0,1.9900000095367432,0.0,0.0,0.0,-0.12493324177920151,0.8001449607080193,-0.06694895857175531,1.8141069657434947,-0.007820248722056888,0.18062867170214325,-0.1997024490730155,8.663736263736268,6.8967032967032935,4.642735042735048,10.058119658119658,0.06105006105006083,-1.8046398046398053,1.965811965811966,0.0
392324.506952941,608,0.04,0.0,0.8999999761581421,0.0,1.9950000047683716,0.0,0.0,0.0,-0.12493324177920151,0.8001449607080193,-0.06694895857175531,1.8179217212176688,-0.007820248722056888,0.18062867170214325,-0.1997024490730155,8.637362637362642,6.8967032967032935,4.642735042735048,9.716239316239317,0.06105006105006083,-1.8046398046398053,1.965811965811966,0.0
392324.546830265,609,0.04,0.0,0.8999999761581421,0.0,2.0,0.0,0.0,0.0,-0.12493324177920151,0.8001449607080193,-0.06694895857175531,1.8259327077134344,-0.008201724269474298,0.18062867170214325,-0.20160982681010253,8.637362637362642,6.8967032967032935,4.642735042735048,9.743589743589745,0.07081807081807057,-1.7948717948717956,1.9902319902319903,0.0
392324.586859929,610,0.04,0.0,0.8999999761581421,0.0,2.0,0.0,0.0,0.0,-0.12493324177920151,0.8005264362554367,-0.06694895857175531,1.8354695963988696,-0.008201724269474298,0.18062867170214325,-0.20160982681010253,8.637362637362642,6.870329670329667,4.629059829059834,9.37435897435897,0.0659340659340657,-1.7997557997558005,1.9853479853479854,0.0
392324.626835333,611,0.04,0.0,0.8999999761581421,0.0,2.0,0.0,0.0,0.0,-0.12493324177920151,0.8005264362554367,-0.06694895857175531,1.8457694361791397,-0.008201724269474298,0.18062867170214325,-0.20160982681010253,8.637362637362642,6.870329670329667,4.642735042735048,8.950427350427347,0.0659340659340657,-1.8046398046398053,1.9902319902319903,0.0
392324.666856291,612,0.04,0.0,0.8999999761581421,0.0,2.0,0.0,0.0,0.0,-0.1245517662317841,0.8005264362554367,-0.06694895857175531,1.8556878004119923,-0.008201724269474298,0.18062867170214325,-0.1997024490730155,8.637362637362642,6.870329670329667,4.656410256410261,8.225641025641025,0.0659340659340657,-1.7997557997558005,1.9413919413919416,0.0
392324.706831186,613,0.04,0.0,0.8999999761581421,0.0,2.0,0.0,0.0,0.0,-0.1245517662317841,0.8005264362554367,-0.06694895857175531,1.8644617380025927,-0.008201724269474298,0.18062867170214325,-0.19932097352559808,8.610989010989016,6.870329670329667,4.642735042735048,7.82905982905983,0.0659340659340657,-1.7997557997558005,1.9462759462759465,0.0
392324.746822653,614,0.04,0.0,0.8999999761581421,0.0,2.0,0.0,0.0,0.0,-0.1245517662317841,0.8005264362554367,-0.06694895857175531,1.8686579690241842,-0.008201724269474298,0.18062867170214325,-0.19703212024109362,8.610989010989016,6.870329670329667,4.629059829059834,7.815384615384616,0.0659340659340657,-1.7997557997558005,1.8974358974358978,0.0
392324.786829388,615,0.04,0.0,0.8999999761581421,0.0,2.0,0.0,0.0,0.0,-0.1245517662317841,0.8005264362554367,-0.06694895857175531,1.869420920119019,-0.008201724269474298,0.18101014724956066,-0.19321736476691775,8.637362637362642,6.870329670329667,4.629059829059834,7.815384615384616,0.0659340659340657,-1.8046398046398053,1.8778998778998783,0.0
392324.826831092,616,0.04,0.0,0.8999999761581421,0.0,2.0,0.0,0.0,0.0,-0.1245517662317841,0.8005264362554367,-0.06694895857175531,1.869420920119019,-0.008201724269474298,0.18101014724956066,-0.19321736476691775,8.610989010989016,6.870329670329667,4.629059829059834,7.774358974358975,0.0659340659340657,-1.8046398046398053,1.8974358974358978,0.0
392324.866768919,617,0.04,0.0,0.8999999761581421,0.0,2.0,0.0,0.0,0.0,-0.1245517662317841,0.8009079118028541,-0.06694895857175531,1.869420920119019,-0.008201724269474298,0.18101014724956066,-0.19550621805142399,8.637362637362642,6.843956043956041,4.642735042735048,7.774358974358975,0.07081807081807057,-1.8046398046398053,1.9511599511599513,0.0
392324.90694077,618,0.04,0.0,0.8999999761581421,0.0,2.0,0.0,0.0,0.0,-0.1245517662317841,0.803578240634776,-0.06694895857175531,1.869420920119019,-0.008201724269474298,0.18101014724956066,-0.19817654688334585,8.637362637362642,6.553846153846152,4.642735042735048,7.788034188034189,0.07081807081807057,-1.8046398046398053,1.9706959706959708,0.0
392324.94683424,619,0.04,0.0,0.8999999761581421,0.0,2.0,0.0,0.0,0.0,-0.1245517662317841,0.8089188982986197,-0.06694895857175531,1.869420920119019,-0.008201724269474298,0.18406195162889993,-0.19932097352559808,8.637362637362642,6.079120879120879,4.642735042735048,7.801709401709402,0.0659340659340657,-1.853479853479854,1.9560439560439562,0.0
392324.986829085,620,0.04,0.0,0.8999999761581421,0.0,2.0,0.0,0.0,0.0,-0.1245517662317841,0.8127336537727938,-0.06694895857175531,1.869420920119019,-0.008201724269474298,0.18520637827115216,-0.19932097352559808,8.610989010989016,5.894505494505495,4.642735042735048,7.788034188034189,0.07081807081807057,-1.853479853479854,1.9560439560439562,0.0
392325.026829581,621,0.04,0.0,0.8999999761581421,0.0,2.0,0.0,0.0,0.0,-0.1245517662317841,0.8142595559624635,-0.06694895857175531,1.869420920119019,-0.008201724269474298,0.18520637827115216,-0.19932097352559808,8.637362637362642,5.920879120879121,4.642735042735048,7.774358974358975,0.0659340659340657,-1.8437118437118443,1.9560439560439562,0.0
392325.066775191,622,0.04,0.0,0.8999999761581421,0.0,2.0,0.0,0.0,0.0,-0.1245517662317841,0.8142595559624635,-0.06694895857175531,1.869420920119019,-0.008201724269474298,0.18520637827115216,-0.19932097352559808,8.637362637362642,5.894505494505495,4.642735042735048,7.788034188034189,0.07081807081807057,-1.8388278388278394,1.9511599511599513,0.0
392325.10682979,623,0.04,0.0,0.8999999761581421,0.0,2.0,0.0,0.0,0.0,-0.1245517662317841,0.8142595559624635,-0.06694895857175531,1.869420920119019,-0.008201724269474298,0.18520637827115216,-0.19932097352559808,8.637362637362642,5.920879120879121,4.656410256410261,7.788034188034189,0.07081807081807057,-1.8485958485958491,1.960927960927961,0.0
392325.146829407,624,0.04,0.0,0.8999999761581421,0.0,2.0,0.0,0.0,0.0,-0.1245517662317841,0.8142595559624635,-0.06694895857175531,1.869420920119019,-0.008201724269474298,0.18520637827115216,-0.19932097352559808,8.637362637362642,5.894505494505495,4.629059829059834,7.801709401709402,0.0659340659340657,-1.8437118437118443,1.965811965811966,0.0
392325.186828232,625,0.04,0.0,0.8999999761581421,0.0,2.0,0.0,0.0,0.0,-0.1245517662317841,0.8142595559624635,-0.06694895857175531,1.869420920119019,-0.008201724269474298,0.18520637827115216,-0.19932097352559808,8.637362637362642,5.920879120879121,4.656410256410261,7.774358974358975,0.0659340659340657,-1.853479853479854,1.960927960927961,0.0
392325.226878725,626,0.04,0.0,0.8999999761581421,0.0,2.0,0.0,0.0,0.0,-0.1245517662317841,0.8142595559624635,-0.06694895857175531,1.869420920119019,-0.008201724269474298,0.18558785381856957,-0.19932097352559808,8.637362637362642,5.920879120879121,4.656410256410261,7.801709401709402,0.0659340659340657,-1.8437118437118443,1.9560439560439562,0.0
392325.266824628,627,0.04,0.0,0.8999999761581421,0.0,2.0,0.0,0.0,0.0,-0.1245517662317841,0.8142595559624635,-0.06694895857175531,1.869420920119019,-0.008201724269474298,0.18558785381856957,-0.19932097352559808,8.637362637362642,5.920879120879121,4.629059829059834,7.801709401709402,0.0659340659340657,-1.8485958485958491,1.960927960927961,0.0
392325.306857391,628,0.04,0.0,0.8999999761581421,0.0,2.0,0.0,0.0,0.0,-0.1245517662317841,0.8142595559624635,-0.06694895857175531,1.869420920119019,-0.008201724269474298,0.18558785381856957,-0.19932097352559808,8.637362637362642,5.920879120879121,4.642735042735048,7.788034188034189,0.07081807081807057,-1.8437118437118443,1.965811965811966,0.0
392325.34683167,629,0.04,0.0,0.8999999761581421,0.0,2.0,0.0,0.0,0.0,-0.1245517662317841,0.8142595559624635,-0.06694895857175531,1.869420920119019,-0.008201724269474298,0.18520637827115216,-0.19932097352559808,8.637362637362642,5.920879120879121,4.642735042735048,7.788034188034189,0.07081807081807057,-1.8437118437118443,1.960927960927961,0.0
392325.386847143,630,0.04,0.0,0.8999999761581421,0.0,2.0,0.0,0.0,0.0,-0.1245517662317841,0.8142595559624635,-0.06694895857175531,1.869420920119019,-0.008201724269474298,0.18520637827115216,-0.19932097352559808,8.637362637362642,5.894505494505495,4.642735042735048,7.788034188034189,0.07081807081807057,-1.8485958485958491,1.960927960927961,0.0
392325.426870433,631,0.04,0.0,0.8999999761581421,0.0,2.0,0.0,0.0,0.0,-0.1245517662317841,0.8142595559624635,-0.06694895857175531,1.869420920119019,-0.008201724269474298,0.18558785381856957,-0.19932097352559808,8.637362637362642,5.920879120879121,4.642735042735048,7.774358974358975,0.0659340659340657,-1.8485958485958491,1.9560439560439562,0.0
392325.466840327,632,0.04,0.0,0.8999999761581421,0.0,2.0,0.0,0.0,0.0,-0.1245517662317841,0.8142595559624635,-0.06694895857175531,1.869420920119019,-0.008201724269474298,0.18558785381856957,-0.19932097352559808,8.637362637362642,5.920879120879121,4.629059829059834,7.788034188034189,0.07081807081807057,-1.8437118437118443,1.960927960927961,0.0
392325.506832518,633,0.04,0.0,0.8999999761581421,0.0,2.0,0.0,0.0,0.0,-0.1245517662317841,0.8142595559624635,-0.06694895857175531,1.869420920119019,-0.008201724269474298,0.18558785381856957,-0.19932097352559808,8.637362637362642,5.920879120879121,4.642735042735048,7.774358974358975,0.07081807081807057,-1.8485958485958491,1.960927960927961,0.0
392325.546854274,634,0.04,0.0,0.8999999761581421,0.0,2.0,0.0,0.0,0.0,-0.1245517662317841,0.8142595559624635,-0.06694895857175531,1.869420920119019,-0.008201724269474298,0.18558785381856957,-0.19932097352559808,8.637362637362642,5.920879120879121,4.656410256410261,7.801709401709402,0.0659340659340657,-1.8437118437118443,1.960927960927961,0.0
392325.58682802,635,0.04,0.0,0.8999999761581421,0.0,2.0,0.0,0.0,0.0,-0.1245517662317841,0.8142595559624635,-0.06694895857175531,1.869420920119019,-0.008201724269474298,0.18558785381856957,-0.19932097352559808,8.637362637362642,5.920879120879121,4.629059829059834,7.788034188034189,0.0659340659340657,-1.8437118437118443,1.960927960927961,0.0
392325.626839287,636,0.04,0.0,0.8999999761581421,0.0,2.0,0.0,0.0,0.0,-0.1245517662317841,0.8142595559624635,-0.06694895857175531,1.869420920119019,-0.008201724269474298,0.18558785381856957,-0.19932097352559808,8.637362637362642,5.894505494505495,4.642735042735048,7.788034188034189,0.0659340659340657,-1.8437118437118443,1.960927960927961,0.0
392325.666804085,637,0.04,0.0,0.8999999761581421,0.0,2.0,0.0,0.0,0.0,-0.1245517662317841,0.8142595559624635,-0.06694895857175531,1.869420920119019,-0.008201724269474298,0.18558785381856957,-0.19932097352559808,8.610989010989016,5.894505494505495,4.629059829059834,7.801709401709402,0.07081807081807057,-1.8437118437118443,1.9560439560439562,0.0
392325.706909725,638,0.04,0.0,0.8999999761581421,0.0,2.0,0.0,0.0,0.0,-0.1245517662317841,0.8142595559624635,-0.06694895857175531,1.869420920119019,-0.008201724269474298,0.18558785381856957,-0.19932097352559808,8.637362637362642,5.920879120879121,4.629059829059834,7.788034188034189,0.07081807081807057,-1.8485958485958491,1.960927960927961,0.0
392325.746840737,639,0.04,0.0,0.8999999761581421,0.0,2.0,0.0,0.0,0.0,-0.1245517662317841,0.8142595559624635,-0.06694895857175531,1.869420920119019,-0.008201724269474298,0.18558785381856957,-0.19932097352559808,8.637362637362642,5.894505494505495,4.642735042735048,7.788034188034189,0.07081807081807057,-1.8485958485958491,1.9560439560439562,0.0
392325.78683822,640,0.04,0.000267605617409572,0.8999999761581421,0.004235915374010801,2.0,0.0002070422488031909,0.004971830639988184,0.0029669012874364853,-0.1245517662317841,0.8142595559624635,-0.06694895857175531,1.869420920119019,-0.008201724269474298,0.18558785381856957,-0.19932097352559808,8.637362637362642,5.920879120879121,4.642735042735048,7.788034188034189,0.07081807081807057,-1.8485958485958491,1.9560439560439562,0.0
392325.826828288,641,0.04,0.000535211234819144,0.8999999761581421,0.008471830748021603,2.0,0.0004140844976063818,0.009943661279976368,0.005933802574872971,-0.1245517662317841,0.8142595559624635,-0.06694895857175531,1.869420920119019,-0.008201724269474298,0.18558785381856957,-0.19932097352559808,8.663736263736268,5.894505494505495,4.7931623931623974,7.788034188034189,0.07081807081807057,-1.81929181929182,1.9706959706959708,0.0
392325.866867391,642,0.04,0.0008028168813325465,0.8999999761581421,0.012707745656371117,2.0,0.0006211267318576574,0.01491549238562584,0.008900703862309456,-0.1245517662317841,0.8142595559624635,-0.06694895857175531,1.869420920119019,-0.008201724269474298,0.18558785381856957,-0.19932097352559808,8.663736263736268,5.920879120879121,5.107692307692311,7.788034188034189,0.07081807081807057,-1.7753357753357761,2.0097680097680097,0.0
392325.906832047,643,0.04,0.001070422469638288,0.8999999761581421,0.016943661496043205,2.0,0.0008281689952127635,0.019887322559952736,0.011867605149745941,-0.1245517662317841,0.8142595559624635,-0.06694895857175531,1.869420920119019,-0.008201724269474298,0.1871137560082392,-0.19932097352559808,8.690109890109895,5.920879120879121,5.36752136752137,7.788034188034189,0.07570207570207543,-1.7655677655677664,2.029304029304029,0.0
392325.946832368,644,0.04,0.0013380281161516905,0.8999999761581421,0.021179577335715294,2.0,0.0010352112585678697,0.024859154596924782,0.014834507368505001,-0.1245517662317841,0.8142595559624635,-0.06694895857175531,1.869420920119019,-0.008201724269474298,0.19283588921950034,-0.19932097352559808,8.663736263736268,5.920879120879121,5.70940170940171,7.788034188034189,0.0805860805860803,-1.853479853479854,2.0537240537240535,0.0
392325.986831109,645,0.04,0.001605633762665093,0.8999999761581421,0.025415491312742233,2.0,0.0012422534637153149,0.02983098477125168,0.017801407724618912,-0.1245517662317841,0.8142595559624635,-0.06694895857175531,1.869420920119019,-0.008201724269474298,0.19855802243076148,-0.19932097352559808,8.716483516483521,5.920879120879121,6.01025641025641,7.801709401709402,0.0805860805860803,-1.8632478632478637,2.0879120879120876,0.0
392326.026835437,646,0.04,0.0018732394091784954,0.8999999761581421,0.029651407152414322,2.0,0.001449295785278082,0.034802816808223724,0.020768310874700546,-0.1245517662317841,0.8142595559624635,-0.06694895857175531,1.869420920119019,-0.009346150911726525,0.2073319600213619,-0.19893949797818067,8.716483516483521,5.920879120879121,6.311111111111117,7.788034188034189,0.10012210012209977,-1.9218559218559221,2.1221001221001217,0.0
392326.066833731,647,0.04,0.002140844939276576,0.8999999761581421,0.03388732299208641,2.0,0.001656337990425527,0.03977464511990547,0.023735210299491882,-0.1245517662317841,0.8142595559624635,-0.06694895857175531,1.869420920119019,-0.010490577553978753,0.21725032425421453,-0.19893949797818067,8.742857142857147,5.894505494505495,6.611965811965817,7.788034188034189,0.11965811965811923,-1.960927960927961,2.141636141636141,0.0
392326.106833317,648,0.04,0.0024084504693746567,0.8999999761581421,0.0381232351064682,2.0,0.0018633801955729723,0.04474647343158722,0.026702111586928368,-0.1245517662317841,0.8142595559624635,-0.06694895857175531,1.869420920119019,-0.010490577553978753,0.22526131074998013,-0.19855802243076326,8.769230769230774,5.920879120879121,6.899145299145303,7.788034188034189,0.1098901098901095,-1.9462759462759465,2.1660561660561655,0.0
392326.14682706,649,0.04,0.002676056232303381,0.8999999761581421,0.04235915467143059,2.0,0.0020704225171357393,0.049718309193849564,0.029669014737010002,-0.1245517662317841,0.8142595559624635,-0.06694895857175531,1.869420920119019,-0.010490577553978753,0.23022049286640645,-0.19779507133592844,8.7956043956044,5.894505494505495,7.200000000000003,7.774358974358975,0.1098901098901095,-1.9120879120879124,2.185592185592185,0.0
392326.186932839,650,0.04,0.0029436619952321053,0.8999999761581421,0.046595070511102676,2.0,0.0022774648386985064,0.05469013750553131,0.03263591602444649,-0.1245517662317841,0.8142595559624635,-0.06694895857175531,1.869420920119019,-0.010872053101396162,0.2328908216983283,-0.1951247425040048,8.7956043956044,5.920879120879121,7.500854700854703,7.788034188034189,0.11477411477411437,-1.8730158730158735,2.175824175824175,0.0
392326.226943342,651,0.04,0.003211267525330186,0.8999999761581421,0.05083098262548447,2.0,0.0024845069274306297,0.05966196954250336,0.035602815449237823,-0.1245517662317841,0.8142595559624635,-0.0665674830243379,1.869420920119019,-0.011253528648813571,0.2328908216983283,-0.19321736476691775,8.821978021978026,5.920879120879121,7.692307692307693,7.801709401709402,0.12942612942612897,-1.8095238095238102,2.185592185592185,0.0
392326.266813331,652,0.04,0.0034788730554282665,0.8999999761581421,0.055066898465156555,2.0,0.0026915492489933968,0.0646337941288948,0.03856971487402916,-0.12417029068436669,0.8142595559624635,-0.0661860074769205,1.869420920119019,-0.012779430838483208,0.2328908216983283,-0.19169146257724812,8.7956043956044,5.894505494505495,7.938461538461539,7.788034188034189,0.15873015873015817,-1.746031746031747,2.2246642246642256,0.0
392326.306805384,653,0.04,0.003746478818356991,0.8999999761581421,0.059302814304828644,2.0,0.002898591570556164,0.06960563361644745,0.04153662174940109,-0.12417029068436669,0.8142595559624635,-0.06466010528725086,1.869420920119019,-0.013542381933318026,0.23327229724574572,-0.19169146257724812,8.848351648351652,5.920879120879121,8.252991452991452,7.801709401709402,0.1538461538461533,-1.711843711843711,2.24908424908425,0.0
392326.346855618,654,0.04,0.004014084581285715,0.8999999761581421,0.06353873014450073,2.0,0.003105633892118931,0.0745774582028389,0.04450352117419243,-0.12417029068436669,0.8142595559624635,-0.06389715419241604,1.869420920119019,-0.013542381933318026,0.23479819943541536,-0.1913099870298307,8.874725274725279,5.920879120879121,8.376068376068375,7.788034188034189,0.14896214896214843,-1.711843711843711,2.2735042735042743,0.0
392326.38684842,655,0.04,0.004281689878553152,0.8999999761581421,0.06777464598417282,2.0,0.003312675980851054,0.07954929023981094,0.047470420598983765,-0.12417029068436669,0.8142595559624635,-0.060845349813076766,1.869420920119019,-0.013923857480735435,0.24204623483634613,-0.1913099870298307,8.901098901098905,5.920879120879121,8.32136752136752,7.788034188034189,0.15873015873015817,-1.8241758241758248,2.3076923076923084,0.0
392326.426832594,656,0.04,0.004549295641481876,0.8999999761581421,0.07201056182384491,2.0,0.003519718535244465,0.08452112227678299,0.0504373237490654,-0.12417029068436669,0.8142595559624635,-0.05550469214923304,1.869420920119019,-0.014305333028152845,0.2573052567330425,-0.1909285114824133,8.927472527472531,5.894505494505495,8.211965811965811,7.801709401709402,0.16361416361416303,-1.9511599511599513,2.327228327228328,0.0
392326.466858527,657,0.04,0.004816900938749313,0.8999999761581421,0.0762464702129364,2.0,0.0037267603911459446,0.08949294686317444,0.053404223173856735,-0.12417029068436669,0.8142595559624635,-0.04940108339055449,1.869420920119019,-0.014305333028152845,0.2695124742503996,-0.18863965819790884,8.927472527472531,5.894505494505495,8.157264957264957,7.801709401709402,0.1684981684981679,-1.9902319902319903,2.3028083028083035,0.0
392326.506829167,658,0.04,0.005084506701678038,0.8999999761581421,0.08048239350318909,2.0,0.003933802712708712,0.09446478635072708,0.05637112632393837,-0.1245517662317841,0.8142595559624635,-0.04406042572671076,1.869420920119019,-0.014686808575570254,0.278286411841,-0.18596932936598698,8.953846153846158,5.920879120879121,8.211965811965811,7.788034188034189,0.1684981684981679,-1.9951159951159951,2.322344322344323,0.0
392326.546829254,659,0.04,0.005352112464606762,0.8999999761581421,0.08471830934286118,2.0,0.004140845034271479,0.09943661838769913,0.059338029474020004,-0.1245517662317841,0.8142595559624635,-0.042153047989623715,1.869420920119019,-0.014686808575570254,0.2813382162203393,-0.18368047608148252,8.980219780219784,5.894505494505495,8.17094017094017,7.788034188034189,0.1684981684981679,-1.8974358974358978,2.3321123321123327,0.0
392326.586878412,660,0.04,0.005619717761874199,0.8999999761581421,0.08895421773195267,2.0,0.004347887355834246,0.10440844297409058,0.06230492517352104,-0.1245517662317841,0.8142595559624635,-0.03833829251544962,1.869420920119019,-0.014686808575570254,0.2817196917677567,-0.18177309834439548,8.980219780219784,5.894505494505495,8.211965811965811,7.788034188034189,0.17338217338217277,-1.853479853479854,2.3321123321123327,0.0
392326.626825248,661,0.04,0.0058873239904642105,0.8999999761581421,0.09319014102220535,2.0,0.004554929677397013,0.10938027501106262,0.06527183204889297,-0.1245517662317841,0.8142595559624635,-0.03414206149385812,1.869420920119019,-0.014686808575570254,0.2824826428625915,-0.17605096513313434,9.032967032967036,5.894505494505495,8.17094017094017,7.801709401709402,0.17826617826617763,-1.7948717948717956,2.2588522588522597,0.0
392326.666860621,662,0.04,0.006154929753392935,0.8999999761581421,0.09742605686187744,2.0,0.00476197199895978,0.11435211449861526,0.06823873519897461,-0.1245517662317841,0.8142595559624635,-0.028419928282596985,1.869420920119019,-0.015068284122987663,0.28362706950484373,-0.16956588082703838,9.032967032967036,5.894505494505495,8.034188034188034,7.788034188034189,0.18803418803418737,-1.7948717948717956,2.2295482295482305,0.0
392326.706773835,663,0.04,0.006422535050660372,0.8999999761581421,0.10166196525096893,2.0,0.0049690138548612595,0.11932393908500671,0.07120563089847565,-0.12417029068436669,0.8142595559624635,-0.02155336842908362,1.869420920119019,-0.01583123521782248,0.2901121538109397,-0.16422522316319466,8.980219780219784,5.868131868131869,8.047863247863248,7.801709401709402,0.20268620268620197,-1.8437118437118443,2.205128205128206,0.0
392326.746823547,664,0.04,0.006690140813589096,0.8999999761581421,0.10589788109064102,2.0,0.005176056642085314,0.12429577112197876,0.07417253404855728,-0.12417029068436669,0.8142595559624635,-0.01583123521782248,1.869420920119019,-0.017738612954909527,0.2939269092851138,-0.15545128557259424,9.059340659340663,5.894505494505495,7.719658119658121,7.788034188034189,0.2124542124542117,-1.8095238095238102,2.112332112332112,0.0
392326.786823648,665,0.04,0.006957746110856533,0.8999999761581421,0.11013379693031311,2.0,0.0053830984979867935,0.1292675882577896,0.07713942974805832,-0.12417029068436669,0.8142595559624635,-0.008964675364309116,1.869420920119019,-0.018120088502326936,0.30079346913862715,-0.14744029907682865,9.059340659340663,5.894505494505495,7.8700854700854705,7.788034188034189,0.2124542124542117,-1.8730158730158735,2.112332112332112,0.0
392326.826829058,666,0.04,0.007225351873785257,0.8999999761581421,0.1143697127699852,2.0,0.0055901408195495605,0.13423943519592285,0.08010633289813995,-0.12378881513694928,0.8142595559624635,-0.004768444342717615,1.869420920119019,-0.018120088502326936,0.3072785534447231,-0.14324406805523715,9.059340659340663,5.920879120879121,7.774358974358975,7.788034188034189,0.21733821733821657,-1.8485958485958491,2.117216117216117,0.0
392326.866803302,667,0.04,0.007492957636713982,0.8999999761581421,0.11860562860965729,2.0,0.005797183141112328,0.1392112672328949,0.08307324349880219,-0.12302586404211446,0.8142595559624635,-0.004386968795300206,1.869420920119019,-0.018120088502326936,0.3107118333714798,-0.14057373922331529,8.901098901098905,5.920879120879121,8.17094017094017,7.801709401709402,0.22222222222222143,-1.8388278388278394,2.146520146520146,0.0
392326.906820952,668,0.04,0.007760562933981419,0.8999999761581421,0.12284154444932938,2.0,0.006004225462675095,0.14418308436870575,0.08604013919830322,-0.12226291294727964,0.8142595559624635,-0.004386968795300206,1.869420920119019,-0.018501564049744346,0.3152895399404887,-0.14019226367589788,8.980219780219784,5.894505494505495,8.43076923076923,7.788034188034189,0.23687423687423603,-1.8437118437118443,2.18070818070818,0.0
392326.946911067,669,0.04,0.00802816916257143,0.8999999761581421,0.12707746028900146,2.0,0.006211267784237862,0.1491549164056778,0.08900704234838486,-0.12226291294727964,0.8142595559624635,-0.003242542153047978,1.869420920119019,-0.018883039597161755,0.3206301976043324,-0.14019226367589788,9.00659340659341,5.920879120879121,8.540170940170938,7.774358974358975,0.23199023199023117,-1.853479853479854,2.214896214896216,0.0
392326.986874135,670,0.04,0.008295774459838867,0.8999999761581421,0.13131338357925415,2.0,0.006418310105800629,0.15412676334381104,0.09197394549846649,-0.12226291294727964,0.8142595559624635,0.0001907377737087046,1.869420920119019,-0.018883039597161755,0.33360036621652434,-0.13981078812848047,9.00659340659341,5.920879120879121,8.458119658119656,7.788034188034189,0.2271062271062263,-2.063492063492064,2.2344322344322354,0.0
392327.02682862,671,0.04,0.008563379757106304,0.8999999761581421,0.13554929196834564,2.0,0.006625351961702108,0.1590985804796219,0.09494084119796753,-0.12226291294727964,0.8142595559624635,0.0036240177004653873,1.869420920119019,-0.019264515144579164,0.3442816815442118,-0.13942931258106306,9.085714285714289,5.894505494505495,8.540170940170938,7.788034188034189,0.24664224664224577,-2.004884004884005,2.2588522588522597,0.0
392327.067695247,672,0.04,0.008830985985696316,0.8999999761581421,0.13978520035743713,2.0,0.006832394283264875,0.16407041251659393,0.09790774434804916,-0.12226291294727964,0.8142595559624635,0.008201724269474298,1.869420920119019,-0.019645990691996573,0.3526741435873948,-0.13904783703364565,9.059340659340663,5.894505494505495,8.594871794871793,7.774358974358975,0.24664224664224577,-2.0439560439560447,2.288156288156289,0.0
392327.106906904,673,0.04,0.009098591282963753,0.8999999761581421,0.14402112364768982,2.0,0.00703943707048893,0.16904224455356598,0.1008746474981308,-0.12226291294727964,0.8142595559624635,0.009727626459143934,1.869420920119019,-0.02155336842908362,0.3572518501564037,-0.13904783703364565,9.059340659340663,5.920879120879121,8.717948717948715,7.788034188034189,0.29548229548229443,-1.9560439560439562,2.322344322344323,0.0
392327.146844188,674,0.04,0.00936619658023119,0.8999999761581421,0.1482570320367813,2.0,0.0072464789263904095,0.17401407659053802,0.10384154319763184,-0.12226291294727964,0.8142595559624635,0.013160906385900617,1.869420920119019,-0.02193484397650103,0.3576333257038211,-0.13904783703364565,9.112087912087915,5.894505494505495,8.92307692307692,7.788034188034189,0.2710622710622701,-1.926739926739927,2.3467643467643473,0.0
392327.186829775,675,0.04,0.009633801877498627,0.8999999761581421,0.1524929404258728,2.0,0.007453520782291889,0.17898589372634888,0.10680844634771347,-0.12226291294727964,0.8142595559624635,0.018501564049744346,1.869420920119019,-0.02193484397650103,0.35992217898832557,-0.13904783703364565,9.164835164835168,5.920879120879121,8.553846153846152,7.788034188034189,0.26617826617826523,-1.892551892551893,2.3663003663003668,0.0
392327.226865016,676,0.04,0.009901408106088638,0.8999999761581421,0.1567288637161255,2.0,0.007660563103854656,0.18395774066448212,0.1097753494977951,-0.12226291294727964,0.8142595559624635,0.02613107499809253,1.869420920119019,-0.02193484397650103,0.3656443121995867,-0.13790341039139342,9.164835164835168,5.894505494505495,8.43076923076923,7.788034188034189,0.28083028083027983,-1.9560439560439562,2.3711843711843716,0.0
392327.266775728,677,0.04,0.010169013403356075,0.8999999761581421,0.16096478700637817,2.0,0.007867605425417423,0.18892957270145416,0.11274225264787674,-0.12226291294727964,0.8142595559624635,0.03452353704127553,1.869420920119019,-0.02193484397650103,0.37098496986343044,-0.13523308155947156,9.138461538461542,5.920879120879121,8.047863247863248,7.801709401709402,0.2857142857142847,-1.9413919413919416,2.3663003663003668,0.0
392327.306864634,678,0.04,0.010436619631946087,0.8999999761581421,0.16520069539546967,2.0,0.00807464774698019,0.1939014047384262,0.11570915579795837,-0.12226291294727964,0.8142595559624635,0.04406042572671076,1.869420920119019,-0.022316319523918438,0.3786144808117786,-0.13179980163271487,9.164835164835168,5.920879120879121,7.719658119658121,7.788034188034189,0.29059829059828957,-2.0586080586080593,2.361416361416362,0.0
392327.3468307,679,0.04,0.010704224929213524,0.8999999761581421,0.16943661868572235,2.0,0.008281690068542957,0.19887323677539825,0.11867605894804001,-0.12188143739986224,0.8142595559624635,0.052071412222476354,1.869420920119019,-0.022697795071335847,0.38395513847562235,-0.129129472800793,9.164835164835168,5.920879120879121,7.268376068376071,7.788034188034189,0.29548229548229443,-1.9755799755799757,2.3321123321123327,0.0
392327.386786805,680,0.04,0.01097183022648096,0.8999999761581421,0.17367251217365265,2.0,0.008488732390105724,0.2038450539112091,0.12164294719696045,-0.12188143739986224,0.8142595559624635,0.0581750209811549,1.869420920119019,-0.02651255054550994,0.3870069428549616,-0.11959258411535778,9.191208791208794,5.920879120879121,7.637606837606839,7.774358974358975,0.3882783882783887,-1.9120879120879124,2.210012210012211,0.0
392327.42684937,681,0.04,0.011239435523748398,0.8999999761581421,0.17790843546390533,2.0,0.008695774711668491,0.20881688594818115,0.12460985034704208,-0.12188143739986224,0.8142595559624635,0.05931944762340713,1.869420920119019,-0.03147173266193626,0.3870069428549616,-0.1077668421454181,9.21758241758242,5.920879120879121,7.82905982905983,7.774358974358975,0.4566544566544568,-1.8485958485958491,2.117216117216117,0.0
392327.466816228,682,0.04,0.01150704175233841,0.8999999761581421,0.18214435875415802,2.0,0.008902817033231258,0.2137887179851532,0.12757675349712372,-0.12188143739986224,0.8142595559624635,0.060845349813076766,1.869420920119019,-0.03490501258869294,0.38776989394979644,-0.0997558556496525,9.191208791208794,5.920879120879121,8.088888888888889,7.788034188034189,0.4566544566544568,-1.8388278388278394,2.146520146520146,0.0
392327.506833108,683,0.04,0.011774647980928421,0.8999999761581421,0.1863802820444107,2.0,0.009109859354794025,0.21876055002212524,0.13054366409778595,-0.12149996185244483,0.8142595559624635,0.060845349813076766,1.869420920119019,-0.03833829251544962,0.39425497825589595,-0.09021896696421727,9.191208791208794,5.920879120879121,8.266666666666666,7.747008547008548,0.5103785103785103,-1.8730158730158735,2.039072039072039,0.0
392327.546829487,684,0.04,0.012042253278195858,0.8999999761581421,0.1906161904335022,2.0,0.009316901676356792,0.22373239696025848,0.133510559797287,-0.12149996185244483,0.8142595559624635,0.060845349813076766,1.8698023956664365,-0.0413900968947889,0.4015030136568267,-0.08335240711070391,9.243956043956047,5.920879120879121,8.635897435897434,7.774358974358975,0.5103785103785103,-1.9804639804639805,2.034188034188034,0.0
392327.586841334,685,0.04,0.01230985950678587,0.8999999761581421,0.19485211372375488,2.0,0.00952394399791956,0.22870422899723053,0.13647747039794922,-0.12149996185244483,0.8142595559624635,0.060845349813076766,1.8698023956664365,-0.04444190127412817,0.4095140001525923,-0.08068207827878204,9.270329670329673,5.920879120879121,8.936752136752133,7.788034188034189,0.5738705738705736,-1.9902319902319903,2.073260073260073,0.0
392327.626823659,686,0.04,0.012577463872730732,0.8999999761581421,0.19908800721168518,2.0,0.009730985388159752,0.2336760312318802,0.13944436609745026,-0.12188143739986224,0.8142595559624635,0.060845349813076766,1.8698023956664365,-0.04825665674830226,0.41485465781643605,-0.0791561760891124,9.323076923076925,5.920879120879121,9.22393162393162,7.774358974358975,0.6031746031746028,-1.9560439560439562,2.0976800976800973,0.0
392327.666841619,687,0.04,0.012845070101320744,0.8999999761581421,0.20332393050193787,2.0,0.009938027709722519,0.23864787817001343,0.1424112617969513,-0.12188143739986224,0.8142595559624635,0.06389715419241604,1.8698023956664365,-0.04940108339055449,0.4251544975967061,-0.0791561760891124,9.323076923076925,5.920879120879121,8.909401709401706,7.788034188034189,0.5836385836385833,-2.107448107448108,2.1367521367521363,0.0
392327.706843482,688,0.04,0.01311267539858818,0.8999999761581421,0.20755985379219055,2.0,0.01014507096260786,0.24361971020698547,0.14537817239761353,-0.12188143739986224,0.8138780804150461,0.07419699397268609,1.8698023956664365,-0.051308461127641536,0.44422827496757655,-0.078774700541695,9.349450549450552,5.920879120879121,8.485470085470084,7.774358974358975,0.6178266178266174,-2.288156288156288,2.1562881562881557,0.0
392327.746990006,689,0.04,0.013380281627178192,0.8999999761581421,0.21179576218128204,2.0,0.010352113284170628,0.24859154224395752,0.14834506809711456,-0.12188143739986224,0.8138780804150461,0.08144502937361686,1.8698023956664365,-0.052071412222476354,0.4545281147478466,-0.07572289616235572,9.402197802197804,5.920879120879121,8.690598290598288,7.774358974358975,0.6178266178266174,-2.1611721611721615,2.102564102564102,0.0
392327.786831034,690,0.04,0.013647886924445629,0.8999999761581421,0.21603168547153473,2.0,0.010559155605733395,0.25356337428092957,0.1513119786977768,-0.12226291294727964,0.8142595559624635,0.08564126039520836,1.8698023956664365,-0.05436026550698081,0.4545281147478466,-0.07114518959334681,9.375824175824178,5.920879120879121,8.389743589743588,7.774358974358975,0.6666666666666661,-2.073260073260074,2.1221001221001217,0.0
392327.826829206,691,0.04,0.013915492221713066,0.8999999761581421,0.22026759386062622,2.0,0.010766196995973587,0.2585351765155792,0.15427885949611664,-0.12188143739986224,0.8138780804150461,0.09174486915388691,1.8698023956664365,-0.056649118791485265,0.4545281147478466,-0.06961928740367718,9.375824175824178,5.920879120879121,8.32136752136752,7.774358974358975,0.6568986568986563,-2.029304029304029,2.117216117216117,0.0
392327.866827844,692,0.04,0.014183097518980503,0.8999999761581421,0.2245035022497177,2.0,0.010973239317536354,0.26350703835487366,0.15724577009677887,-0.12188143739986224,0.8138780804150461,0.09784847791256546,1.8698023956664365,-0.056649118791485265,0.4545281147478466,-0.05893797207598972,9.402197802197804,5.920879120879121,7.952136752136752,7.7606837606837615,0.6520146520146515,-1.9706959706959708,1.9902319902319903,0.0
392327.906833373,693,0.04,0.014450703747570515,0.8999999761581421,0.2287394255399704,2.0,0.011180281639099121,0.2684788703918457,0.1602126657962799,-0.12188143739986224,0.8138780804150461,0.10700389105058328,1.8698023956664365,-0.056649118791485265,0.4552910658426814,-0.0539787899595634,9.42857142857143,5.920879120879121,7.815384615384616,7.788034188034189,0.6568986568986563,-1.9560439560439562,2.0195360195360195,0.0
392327.94683895,694,0.04,0.014718309044837952,0.8999999761581421,0.23297534883022308,2.0,0.011387323960661888,0.27345070242881775,0.16317957639694214,-0.12188143739986224,0.8138780804150461,0.11310749980926182,1.8698023956664365,-0.056649118791485265,0.45643549248493365,-0.047493705653467444,9.42857142857143,5.920879120879121,7.774358974358975,7.788034188034189,0.6568986568986563,-1.8974358974358978,1.9804639804639805,0.0
392327.986828842,695,0.04,0.014985915273427963,0.8999999761581421,0.23721125721931458,2.0,0.011594366282224655,0.2784225344657898,0.16614648699760437,-0.12149996185244483,0.8138780804150461,0.11844815747310555,1.8698023956664365,-0.056649118791485265,0.45643549248493365,-0.04329747463187594,9.454945054945057,5.920879120879121,7.4324786324786345,7.788034188034189,0.6568986568986563,-1.8485958485958491,1.9951159951159951,0.0
392328.026832396,696,0.04,0.015253521502017975,0.8999999761581421,0.24144718050956726,2.0,0.011801408603787422,0.28339436650276184,0.1691133826971054,-0.12149996185244483,0.8138780804150461,0.12493324177920151,1.8698023956664365,-0.056649118791485265,0.4587243457694381,-0.041771572442206306,9.454945054945057,5.920879120879121,7.6512820512820525,7.788034188034189,0.6568986568986563,-1.8681318681318686,2.0195360195360195,0.0
392328.066814471,697,0.04,0.015521125867962837,0.8999999761581421,0.24568308889865875,2.0,0.01200845092535019,0.2883661687374115,0.17208027839660645,-0.12111848630502742,0.8142595559624635,0.12645914396887115,1.8698023956664365,-0.056649118791485265,0.4617761501487774,-0.0413900968947889,9.454945054945057,5.920879120879121,7.911111111111111,7.774358974358975,0.6617826617826612,-1.814407814407815,2.0537240537240535,0.0
392328.10688919,698,0.04,0.01578873209655285,0.8999999761581421,0.24991899728775024,2.0,0.012215493246912956,0.29333800077438354,0.17504717409610748,-0.12111848630502742,0.8142595559624635,0.12645914396887115,1.8698023956664365,-0.05779354543373749,0.4621576256961948,-0.0413900968947889,9.481318681318683,5.920879120879121,8.17094017094017,7.774358974358975,0.705738705738705,-1.7655677655677664,2.0879120879120876,0.0
392328.146824649,699,0.04,0.01605633832514286,0.8999999761581421,0.25415492057800293,2.0,0.012422535568475723,0.2983098328113556,0.17801408469676971,-0.12111848630502742,0.8142595559624635,0.12645914396887115,1.8698023956664365,-0.06008239871824195,0.4678797589074559,-0.0413900968947889,9.481318681318683,5.920879120879121,8.458119658119656,7.788034188034189,0.705738705738705,-1.8827838827838832,2.112332112332112,0.0
392328.186830191,700,0.04,0.016323942691087723,0.8999999761581421,0.2583908438682556,2.0,0.01262957789003849,0.30328169465065,0.18098098039627075,-0.12111848630502742,0.8142595559624635,0.1283665217059582,1.8698023956664365,-0.06008239871824195,0.4804684519722304,-0.03986419470511926,9.534065934065936,5.920879120879121,8.307692307692307,7.7606837606837615,0.7008547008547001,-1.9951159951159951,2.1221001221001217,0.0
392328.226830502,701,0.04,0.016591548919677734,0.8999999761581421,0.2626267671585083,2.0,0.012836620211601257,0.30825352668762207,0.18394789099693298,-0.12149996185244483,0.8138780804150461,0.1333257038223845,1.8698023956664365,-0.06008239871824195,0.49839780270084866,-0.03681239032577999,9.560439560439562,5.920879120879121,8.485470085470084,7.7606837606837615,0.7155067155067147,-2.175824175824176,2.0976800976800973,0.0
392328.266818098,702,0.04,0.016859153285622597,0.8999999761581421,0.2668626606464386,2.0,0.01304366160184145,0.31322532892227173,0.18691478669643402,-0.12188143739986224,0.8138780804150461,0.13828488593881083,1.8698023956664365,-0.060463874265659356,0.5148012512397973,-0.03147173266193626,9.586813186813188,5.920879120879121,8.376068376068375,7.774358974358975,0.7155067155067147,-2.288156288156288,2.0586080586080584,0.0
392328.306828352,703,0.04,0.01712675951421261,0.8999999761581421,0.2710985839366913,2.0,0.013250703923404217,0.3181971609592438,0.18988168239593506,-0.12188143739986224,0.8138780804150461,0.14209964141298492,1.8698023956664365,-0.06351567864499863,0.5239566643778151,-0.02536812390325771,9.586813186813188,5.920879120879121,8.58119658119658,7.774358974358975,0.8034188034188023,-2.1953601953601956,2.039072039072039,0.0
392328.346895685,704,0.04,0.01739436574280262,0.8999999761581421,0.27533450722694397,2.0,0.013457746244966984,0.3231689929962158,0.1928485929965973,-0.12149996185244483,0.8138780804150461,0.14400701915007197,1.8698023956664365,-0.06466010528725086,0.5273899443045718,-0.024605172808422893,9.613186813186815,5.920879120879121,8.62222222222222,7.788034188034189,0.7692307692307683,-2.146520146520147,2.073260073260073,0.0
392328.386828364,705,0.04,0.01766197197139263,0.8999999761581421,0.27957040071487427,2.0,0.01366478856652975,0.32814082503318787,0.19581548869609833,-0.12149996185244483,0.8138780804150461,0.14744029907682865,1.8698023956664365,-0.0661860074769205,0.5292973220416588,-0.018120088502326936,9.63956043956044,5.920879120879121,8.690598290598288,7.7606837606837615,0.8131868131868121,-2.097680097680098,1.9853479853479854,0.0
392328.42683344,706,0.04,0.017929576337337494,0.8999999761581421,0.28380632400512695,2.0,0.013871831819415092,0.3331126570701599,0.19878239929676056,-0.12149996185244483,0.8138780804150461,0.1539253833829246,1.8698023956664365,-0.06771190966659013,0.5319676508735807,-0.012397955291065799,9.63956043956044,5.920879120879121,8.47179487179487,7.774358974358975,0.7985347985347975,-2.1221001221001226,1.9804639804639805,0.0
392328.466941854,707,0.04,0.018197182565927505,0.8999999761581421,0.28804224729537964,2.0,0.01407887414097786,0.33808448910713196,0.2017492949962616,-0.12149996185244483,0.8138780804150461,0.16002899214160315,1.8698023956664365,-0.06771190966659013,0.5373083085374244,-0.009346150911726525,9.63956043956044,5.920879120879121,8.458119658119656,7.774358974358975,0.7887667887667877,-2.097680097680098,2.0195360195360195,0.0
392328.506829066,708,0.04,0.018464786931872368,0.8999999761581421,0.29227814078330994,2.0,0.014285915531218052,0.343056321144104,0.20471619069576263,-0.12149996185244483,0.8138780804150461,0.16536964980544688,1.8698023956664365,-0.06771190966659013,0.5376897840848418,-0.004386968795300206,9.692307692307693,5.920879120879121,8.211965811965811,7.774358974358975,0.7985347985347975,-2.0146520146520146,1.965811965811966,0.0
392328.546829399,709,0.04,0.01873239316046238,0.8999999761581421,0.2965140640735626,2.0,0.014492957852780819,0.34802815318107605,0.20768308639526367,-0.12149996185244483,0.8138780804150461,0.17147325856412543,1.8698023956664365,-0.06771190966659013,0.5392156862745114,-0.003242542153047978,9.692307692307693,5.920879120879121,8.02051282051282,7.788034188034189,0.7936507936507926,-2.0195360195360195,2.034188034188034,0.0
392328.586829456,710,0.04,0.01899999938905239,0.8999999761581421,0.3007499873638153,2.0,0.014700000174343586,0.3529999852180481,0.2106499969959259,-0.12111848630502742,0.8138780804150461,0.1783398184176388,1.8698023956664365,-0.06771190966659013,0.5434119172961029,-0.0020981155107957505,9.665934065934067,5.920879120879121,7.82905982905983,7.7606837606837615,0.8034188034188023,-2.0146520146520146,2.034188034188034,0.0
392328.626890982,711,0.04,0.019267603754997253,0.8999999761581421,0.3049858808517456,2.0,0.014907041564583778,0.35797178745269775,0.21361689269542694,-0.11959258411535778,0.8138780804150461,0.18329900053406512,1.8698023956664365,-0.06809338521400754,0.5441748683909378,-0.0017166399633783413,9.42857142857143,5.920879120879121,7.897435897435898,7.7606837606837615,0.8131868131868121,-1.9413919413919416,2.073260073260073,0.0
392328.666831464,712,0.04,0.019535211846232414,0.8999999761581421,0.3092218339443207,2.0,0.01511408481746912,0.3629436492919922,0.21658380329608917,-0.11882963302052296,0.8138780804150461,0.18863965819790884,1.8698023956664365,-0.070382238498512,0.5483710994125293,-0.0020981155107957505,9.50769230769231,5.920879120879121,7.719658119658121,7.7606837606837615,0.8815628815628802,-1.9804639804639805,2.102564102564102,0.0
392328.706830319,713,0.04,0.019802816212177277,0.8999999761581421,0.313457727432251,2.0,0.015321126207709312,0.36791548132896423,0.2195506989955902,-0.1161593041886011,0.8138780804150461,0.19283588921950034,1.8698023956664365,-0.07114518959334681,0.5533302815289556,-0.0013351644159609322,9.191208791208794,5.947252747252747,7.993162393162393,7.774358974358975,0.8376068376068364,-1.9804639804639805,2.107448107448107,0.0
392328.746832299,714,0.04,0.020070422440767288,0.8999999761581421,0.31769365072250366,2.0,0.015528169460594654,0.3728873133659363,0.22251760959625244,-0.1161593041886011,0.8138780804150461,0.1993209735255963,1.8698023956664365,-0.07152666514076422,0.5609597924773038,0.000953688868543523,9.402197802197804,5.920879120879121,7.555555555555557,7.774358974358975,0.852258852258851,-2.029304029304029,2.1269841269841265,0.0
392328.786828575,715,0.04,0.02033802680671215,0.8999999761581421,0.32192957401275635,2.0,0.015735210850834846,0.3778591454029083,0.22548450529575348,-0.11577782864118369,0.8138780804150461,0.20466163118944003,1.8698023956664365,-0.07190814068818163,0.5697337300679042,0.004386968795300206,9.42857142857143,5.920879120879121,7.815384615384616,7.774358974358975,0.8571428571428559,-2.063492063492064,2.0879120879120876,0.0
392328.826826503,716,0.04,0.020605633035302162,0.8999999761581421,0.32616546750068665,2.0,0.015942253172397614,0.382830947637558,0.22845140099525452,-0.11577782864118369,0.8138780804150461,0.20466163118944003,1.8698023956664365,-0.07228961623559904,0.5712596322575738,0.013542381933318026,9.42857142857143,5.947252747252747,8.047863247863248,7.788034188034189,0.8669108669108656,-1.9560439560439562,1.9902319902319903,0.0
392328.866829234,717,0.04,0.020873239263892174,0.8999999761581421,0.33040139079093933,2.0,0.01614929549396038,0.3878028094768524,0.23141831159591675,-0.11577782864118369,0.8138780804150461,0.20466163118944003,1.8698023956664365,-0.07534142061493831,0.5743114366369131,0.018120088502326936,9.454945054945057,5.920879120879121,8.32136752136752,7.774358974358975,0.9499389499389501,-1.9755799755799757,2.0097680097680097,0.0
392328.90682421,718,0.04,0.021140843629837036,0.8999999761581421,0.334637314081192,2.0,0.016356337815523148,0.3927746117115021,0.23438520729541779,-0.11539635309376628,0.8138780804150461,0.20466163118944003,1.8698023956664365,-0.07610437170977313,0.5785076676585046,0.023460746166170665,9.454945054945057,5.947252747252747,8.635897435897434,7.774358974358975,0.9010989010988997,-1.965811965811966,1.9413919413919416,0.0
392328.946830364,719,0.04,0.021408449858427048,0.8999999761581421,0.3388732373714447,2.0,0.016563380137085915,0.3977464735507965,0.23735211789608002,-0.11577782864118369,0.8138780804150461,0.20504310673685744,1.8698023956664365,-0.07648584725719054,0.5827038986800961,0.032616159304188486,9.481318681318683,5.947252747252747,8.895726495726493,7.774358974358975,0.9059829059829045,-1.965811965811966,1.892551892551893,0.0
392328.98682177,720,0.04,0.02167605608701706,0.8999999761581421,0.343109130859375,2.0,0.01677042245864868,0.40271827578544617,0.24031901359558105,-0.11577782864118369,0.8138780804150461,0.20542458228427485,1.8698023956664365,-0.07686732280460795,0.5884260318913572,0.03604943923094517,9.50769230769231,5.947252747252747,9.059829059829056,7.7606837606837615,0.9108669108669094,-1.9804639804639805,1.9462759462759465,0.0
392329.026868119,721,0.04,0.02194366045296192,0.8999999761581421,0.3473450243473053,2.0,0.01697746478021145,0.4076901078224182,0.2432858943939209,-0.11577782864118369,0.8138780804150461,0.20962081330586635,1.8698023956664365,-0.07839322499427759,0.5971999694819576,0.037956816968032214,9.50769230769231,5.947252747252747,8.96410256410256,7.747008547008548,0.9401709401709404,-2.1172161172161177,1.9462759462759465,0.0
392329.066838212,722,0.04,0.022211266681551933,0.8999999761581421,0.35158097743988037,2.0,0.017184507101774216,0.41266196966171265,0.24625281989574432,-0.11577782864118369,0.8138780804150461,0.21725032425421453,1.8698023956664365,-0.0791561760891124,0.6136034180209062,0.0413900968947889,9.560439560439562,5.947252747252747,8.403418803418802,7.7606837606837615,0.9499389499389501,-2.283272283272283,1.9365079365079367,0.0
392329.106856676,723,0.04,0.022478871047496796,0.8999999761581421,0.35581687092781067,2.0,0.017391549423336983,0.4176337718963623,0.24921970069408417,-0.11577782864118369,0.8138780804150461,0.22755016403448458,1.8698023956664365,-0.07991912718394723,0.6265735866330981,0.041771572442206306,9.560439560439562,5.920879120879121,8.499145299145297,7.7606837606837615,0.9694749694749696,-2.3028083028083026,1.9951159951159951,0.0
392329.146828929,724,0.04,0.022746479138731956,0.8999999761581421,0.36005282402038574,2.0,0.01759859174489975,0.42260563373565674,0.2521866261959076,-0.11577782864118369,0.8138780804150461,0.23365377279316313,1.8698023956664365,-0.08487830930037354,0.62924391546502,0.041771572442206306,9.586813186813188,5.947252747252747,8.335042735042734,7.7606837606837615,1.101343101343101,-2.1269841269841274,2.0195360195360195,0.0
392329.186909256,725,0.04,0.02301408350467682,0.8999999761581421,0.36428871750831604,2.0,0.017805634066462517,0.4275774359703064,0.25515350699424744,-0.11539635309376628,0.8138780804150461,0.2370870527199198,1.8698023956664365,-0.09327077134355655,0.62924391546502,0.041771572442206306,9.534065934065936,5.947252747252747,8.403418803418802,7.7606837606837615,1.213675213675213,-2.0781440781440788,2.043956043956044,0.0
392329.226829125,726,0.04,0.02328168973326683,0.8999999761581421,0.3685246407985687,2.0,0.018012676388025284,0.43254929780960083,0.25812041759490967,-0.11272602426184442,0.8138780804150461,0.23861295490958945,1.8698023956664365,-0.09822995345998287,0.62924391546502,0.041771572442206306,9.402197802197804,5.920879120879121,8.444444444444443,7.774358974358975,1.1990231990231983,-2.0244200244200243,2.0830280830280827,0.0
392329.266828724,727,0.04,0.023549295961856842,0.8999999761581421,0.3727605640888214,2.0,0.01821971870958805,0.4375211000442505,0.2610873281955719,-0.11158159761959219,0.8138780804150461,0.24433508812085059,1.8698023956664365,-0.10051880674448732,0.62924391546502,0.041771572442206306,9.243956043956047,5.947252747252747,8.403418803418802,7.774358974358975,1.1843711843711837,-1.9804639804639805,2.112332112332112,0.0
392329.306811762,728,0.04,0.023816900327801704,0.8999999761581421,0.3769964575767517,2.0,0.018426761031150818,0.44249293208122253,0.26405420899391174,-0.11120012207217478,0.8138780804150461,0.24967574578469431,1.8698023956664365,-0.10051880674448732,0.6326771953917767,0.04329747463187594,9.349450549450552,5.947252747252747,8.157264957264957,7.774358974358975,1.1599511599511594,-2.0244200244200243,2.0976800976800973,0.0
392329.346876697,729,0.04,0.024084506556391716,0.8999999761581421,0.3812323808670044,2.0,0.018633803352713585,0.44746479392051697,0.267021119594574,-0.11120012207217478,0.8138780804150461,0.25577935454337286,1.8698023956664365,-0.10051880674448732,0.6353475242236986,0.05054551003280672,9.323076923076925,5.947252747252747,8.102564102564102,7.7606837606837615,1.1599511599511594,-1.9902319902319903,2.029304029304029,0.0
392329.386832184,730,0.04,0.02435211092233658,0.8999999761581421,0.3854682743549347,2.0,0.018840845674276352,0.4524365961551666,0.2699880301952362,-0.11081864652475737,0.8138780804150461,0.2611200122072166,1.8698023956664365,-0.10090028229190473,0.6406881818875423,0.056649118791485265,9.323076923076925,5.947252747252747,7.938461538461539,7.774358974358975,1.174603174603174,-2.0,1.9755799755799757,0.0
392329.426828527,731,0.04,0.02461971901357174,0.8999999761581421,0.38970422744750977,2.0,0.01904788799583912,0.45740845799446106,0.27295494079589844,-0.11081864652475737,0.8134966048676286,0.26836804760814736,1.8698023956664365,-0.10090028229190473,0.6456473640039686,0.06542305638208568,9.375824175824178,5.947252747252747,7.7606837606837615,7.7606837606837615,1.1794871794871788,-2.063492063492064,1.8974358974358978,0.0
392329.46683018,732,0.04,0.0248873233795166,0.8999999761581421,0.39394012093544006,2.0,0.019254930317401886,0.4623802602291107,0.2759218215942383,-0.11081864652475737,0.8138780804150461,0.2729457541771563,1.8698023956664365,-0.10128175783932214,0.6521324483100646,0.07381551842526868,9.375824175824178,5.947252747252747,7.924786324786325,7.719658119658121,1.174603174603174,-2.03907203907204,1.8632478632478637,0.0
392329.506814258,733,0.04,0.025154927745461464,0.8999999761581421,0.39817601442337036,2.0,0.019461970776319504,0.4673520624637604,0.2788887321949005,-0.11043717097733996,0.8138780804150461,0.2779049362935826,1.8701838712138539,-0.10128175783932214,0.6570916304264909,0.08030060273136463,9.402197802197804,5.947252747252747,7.952136752136752,7.747008547008548,1.1794871794871788,-2.0097680097680097,1.8827838827838832,0.0
392329.54682709,734,0.04,0.025422533974051476,0.8999999761581421,0.40241196751594543,2.0,0.01966901496052742,0.4723239243030548,0.28185564279556274,-0.11005569542992255,0.8138780804150461,0.28057526512550446,1.8709468223086887,-0.10128175783932214,0.6651026169222565,0.08449683375295614,9.375824175824178,5.947252747252747,7.883760683760684,7.610256410256412,1.1794871794871788,-2.0537240537240544,1.8778998778998783,0.0
392329.586827156,735,0.04,0.025690140202641487,0.8999999761581421,0.40664786100387573,2.0,0.019876055419445038,0.47729575634002686,0.2848225235939026,-0.11005569542992255,0.8138780804150461,0.28362706950484373,1.8728542000457757,-0.10128175783932214,0.6727321278706047,0.08602273594262577,9.402197802197804,5.947252747252747,8.198290598290598,7.37777777777778,1.1843711843711837,-2.102564102564103,1.8974358974358978,0.0
392329.626816649,736,0.04,0.0259577464312315,0.8999999761581421,0.4108837842941284,2.0,0.020083099603652954,0.4822675883769989,0.2877894341945648,-0.11043717097733996,0.8138780804150461,0.28362706950484373,1.8762874799725324,-0.10204470893415696,0.6780727855344484,0.08602273594262577,9.42857142857143,5.947252747252747,8.458119658119656,7.4324786324786345,1.213675213675213,-2.063492063492064,1.9413919413919416,0.0
392329.666785172,737,0.04,0.02622535079717636,0.8999999761581421,0.4151197075843811,2.0,0.02029014192521572,0.48723942041397095,0.29075634479522705,-0.11043717097733996,0.8138780804150461,0.28362706950484373,1.8762874799725324,-0.10204470893415696,0.6818875410086225,0.08602273594262577,9.42857142857143,5.947252747252747,8.758974358974356,7.350427350427353,1.1941391941391934,-2.073260073260074,1.9560439560439562,0.0
392329.706864372,738,0.04,0.026492955163121223,0.8999999761581421,0.4193556010723114,2.0,0.02049718238413334,0.4922112226486206,0.2937232255935669,-0.11043717097733996,0.8138780804150461,0.28362706950484373,1.8770504310673672,-0.10204470893415696,0.6857022964827966,0.08793011367971282,9.454945054945057,5.947252747252747,8.977777777777774,7.254700854700857,1.1990231990231983,-2.0586080586080593,1.9511599511599513,0.0
392329.746822658,739,0.04,0.026760563254356384,0.8999999761581421,0.4235915243625641,2.0,0.020704226568341255,0.49718308448791504,0.2966901361942291,-0.11043717097733996,0.8134966048676286,0.2874418249790178,1.8774319066147847,-0.10204470893415696,0.6937132829785622,0.09060044251163468,9.481318681318683,5.947252747252747,8.690598290598288,7.3230769230769255,1.1990231990231983,-2.1904761904761907,1.9511599511599513,0.0
392329.786852766,740,0.04,0.027028167620301247,0.8999999761581421,0.4278274476528168,2.0,0.020911267027258873,0.5021548867225647,0.29965701699256897,-0.11043717097733996,0.8134966048676286,0.2943083848325312,1.8774319066147847,-0.10204470893415696,0.7032501716639974,0.09288929579613914,9.50769230769231,5.947252747252747,8.649572649572647,7.309401709401712,1.1990231990231983,-2.1562881562881566,1.9755799755799757,0.0
392329.826824868,741,0.04,0.027295773848891258,0.8999999761581421,0.43206337094306946,2.0,0.02111831121146679,0.5071267485618591,0.3026239573955536,-0.11043717097733996,0.8134966048676286,0.3019378957808794,1.8774319066147847,-0.10204470893415696,0.711261158159763,0.09403372243839137,9.534065934065936,5.973626373626374,8.376068376068375,7.309401709401712,1.2039072039072032,-2.180708180708181,2.0097680097680097,0.0
392329.86682967,742,0.04,0.02756338007748127,0.8999999761581421,0.43629926443099976,2.0,0.021325351670384407,0.5120985507965088,0.30559083819389343,-0.11005569542992255,0.8138780804150461,0.30575265125505346,1.8774319066147847,-0.10204470893415696,0.7166018158236067,0.09403372243839137,9.560439560439562,5.947252747252747,8.553846153846152,7.3230769230769255,1.2039072039072032,-2.1269841269841274,2.039072039072039,0.0
392329.906831679,743,0.04,0.027830984443426132,0.8999999761581421,0.44053518772125244,2.0,0.021532393991947174,0.5170703530311584,0.3085577189922333,-0.11005569542992255,0.8134966048676286,0.3103303578240624,1.8774319066147847,-0.10242618448157437,0.7166018158236067,0.09403372243839137,9.534065934065936,5.973626373626374,8.62222222222222,7.309401709401712,1.208791208791208,-2.0586080586080593,2.0634920634920633,0.0
392329.947039482,744,0.04,0.028098590672016144,0.8999999761581421,0.4447711110115051,2.0,0.02173943631350994,0.5220422148704529,0.3115246593952179,-0.11005569542992255,0.8134966048676286,0.3160524910353235,1.8774319066147847,-0.10242618448157437,0.7181277180132764,0.09403372243839137,9.560439560439562,5.973626373626374,8.389743589743588,7.309401709401712,1.208791208791208,-2.063492063492064,2.0927960927960925,0.0
392329.986864659,745,0.04,0.028366195037961006,0.8999999761581421,0.4490070044994354,2.0,0.021946478635072708,0.5270140767097473,0.31449154019355774,-0.11005569542992255,0.8134966048676286,0.32253757534141947,1.8774319066147847,-0.10242618448157437,0.7230869001297027,0.09670405127031323,9.586813186813188,5.973626373626374,8.034188034188034,7.309401709401712,1.213675213675213,-2.107448107448108,2.0537240537240535,0.0
392330.026832433,746,0.04,0.028633803129196167,0.8999999761581421,0.4532429575920105,2.0,0.022153522819280624,0.531985878944397,0.31745845079421997,-0.11005569542992255,0.8134966048676286,0.3290226596475154,1.8774319066147847,-0.10242618448157437,0.7257572289616245,0.10013733119706991,9.613186813186815,5.973626373626374,7.97948717948718,7.3230769230769255,1.2185592185592178,-2.0488400488400496,2.0488400488400487,0.0
392330.066825009,747,0.04,0.02890140749514103,0.8999999761581421,0.4574788510799408,2.0,0.022360563278198242,0.5369577407836914,0.3204253315925598,-0.11005569542992255,0.8134966048676286,0.3362706950484462,1.8774319066147847,-0.10242618448157437,0.7303349355306334,0.1035706111238266,9.613186813186815,5.973626373626374,7.856410256410257,7.309401709401712,1.2234432234432226,-2.097680097680098,2.034188034188034,0.0
392330.106855247,748,0.04,0.02916901372373104,0.8999999761581421,0.4617147743701935,2.0,0.02256760746240616,0.5419296026229858,0.32339227199554443,-0.10967421988250514,0.8134966048676286,0.34237430380712475,1.8774319066147847,-0.103952086671244,0.7372014953841468,0.11272602426184442,9.560439560439562,5.973626373626374,7.569230769230771,7.3230769230769255,1.2625152625152616,-2.112332112332113,1.926739926739927,0.0
392330.146829161,749,0.04,0.029436618089675903,0.8999999761581421,0.46595069766044617,2.0,0.022774647921323776,0.5469014048576355,0.3263591527938843,-0.10738536659800069,0.8131151293202112,0.3492408636606381,1.8774319066147847,-0.10662241550316587,0.7452124818799124,0.12073701075761001,9.402197802197804,5.973626373626374,7.418803418803421,7.3230769230769255,1.286935286935286,-2.1611721611721615,1.9072039072039075,0.0
392330.186838181,750,0.04,0.029704224318265915,0.8999999761581421,0.47018659114837646,2.0,0.022981690242886543,0.5518732070922852,0.3293260335922241,-0.10547798886091364,0.8131151293202112,0.3530556191348122,1.8774319066147847,-0.10738536659800069,0.7490272373540865,0.1283665217059582,9.191208791208794,6.0,7.788034188034189,7.3230769230769255,1.2771672771672762,-2.097680097680098,1.853479853479854,0.0
392330.226786241,751,0.04,0.029971830546855927,0.8999999761581421,0.47442251443862915,2.0,0.02318873256444931,0.5568450689315796,0.33229297399520874,-0.10471503776607882,0.8131151293202112,0.35458152132448184,1.8774319066147847,-0.10738536659800069,0.7516975661860084,0.1329442282749671,9.270329670329673,6.0,7.924786324786325,7.268376068376071,1.2771672771672762,-2.029304029304029,1.887667887667888,0.0
392330.266830196,752,0.04,0.03023943491280079,0.8999999761581421,0.47865843772888184,2.0,0.023395774886012077,0.5618168711662292,0.3352598547935486,-0.103952086671244,0.8127336537727938,0.35534447241931666,1.8785763332570369,-0.10738536659800069,0.7524605172808432,0.13523308155947156,9.243956043956047,6.026373626373626,8.211965811965811,7.172649572649576,1.2771672771672762,-1.9853479853479854,1.9120879120879124,0.0
392330.306831876,753,0.04,0.03050704300403595,0.8999999761581421,0.4828943610191345,2.0,0.023602817207574844,0.5667887330055237,0.3382267653942108,-0.10204470893415696,0.8112077515831242,0.35572594796673407,1.8793392843518717,-0.1081483176928355,0.755130846112765,0.13523308155947156,9.191208791208794,6.131868131868131,8.211965811965811,7.200000000000003,1.2967032967032956,-2.0097680097680097,1.9511599511599513,0.0
392330.346834814,754,0.04,0.030774647369980812,0.8999999761581421,0.4871302545070648,2.0,0.02380985952913761,0.5717605352401733,0.34119364619255066,-0.10204470893415696,0.8108262760357068,0.35839627679865593,1.8793392843518717,-0.1081483176928355,0.7608529793240262,0.13561455710688897,9.21758241758242,6.131868131868131,8.348717948717947,7.2136752136752165,1.3015873015873005,-2.034188034188035,1.9755799755799757,0.0
392330.386830481,755,0.04,0.031042251735925674,0.8999999761581421,0.4913661777973175,2.0,0.02401690185070038,0.576732337474823,0.3441605567932129,-0.10204470893415696,0.8108262760357068,0.36221103227283,1.8793392843518717,-0.10852979324025291,0.768101014724957,0.1367589837491412,9.21758241758242,6.158241758241758,8.608547008547006,7.200000000000003,1.2967032967032956,-2.107448107448108,1.9706959706959708,0.0
392330.426834531,756,0.04,0.031309857964515686,0.8999999761581421,0.4956021010875702,2.0,0.024223944172263145,0.5817041993141174,0.3471274673938751,-0.10242618448157437,0.8104448004882894,0.3690775921263434,1.8793392843518717,-0.10891126878767032,0.7722972457465485,0.13904783703364565,9.243956043956047,6.21098901098901,8.198290598290598,7.200000000000003,1.2967032967032956,-2.004884004884005,1.9951159951159951,0.0
392330.466836559,757,0.04,0.0315774641931057,0.8999999761581421,0.4998379945755005,2.0,0.024430986493825912,0.5866760015487671,0.35009434819221497,-0.10242618448157437,0.8104448004882894,0.3725108720531001,1.8793392843518717,-0.10891126878767032,0.7722972457465485,0.13942931258106306,9.243956043956047,6.184615384615384,8.444444444444443,7.2136752136752165,1.3064713064713054,-1.9218559218559221,2.0195360195360195,0.0
392330.506829685,758,0.04,0.03184507042169571,0.8999999761581421,0.5040739178657532,2.0,0.02463802881538868,0.5916478633880615,0.3530612587928772,-0.10204470893415696,0.8104448004882894,0.3740367742427697,1.8793392843518717,-0.10891126878767032,0.7722972457465485,0.14019226367589788,9.243956043956047,6.158241758241758,8.32136752136752,7.186324786324789,1.3064713064713054,-1.8778998778998783,2.039072039072039,0.0
392330.546776945,759,0.04,0.03211267665028572,0.8999999761581421,0.5083098411560059,2.0,0.024845071136951447,0.5966196656227112,0.35602816939353943,-0.10204470893415696,0.8104448004882894,0.3809033340962831,1.8793392843518717,-0.10929274433508773,0.7722972457465485,0.14057373922331529,9.270329670329673,6.184615384615384,8.143589743589743,7.200000000000003,1.3113553113553102,-1.81929181929182,2.073260073260073,0.0
392330.586830179,760,0.04,0.032380279153585434,0.8999999761581421,0.5125457644462585,2.0,0.025052111595869064,0.6015915274620056,0.3589950501918793,-0.10204470893415696,0.8104448004882894,0.3870069428549616,1.8793392843518717,-0.10929274433508773,0.7722972457465485,0.14705882352941124,9.2967032967033,6.184615384615384,7.97948717948718,7.200000000000003,1.3113553113553102,-1.7704517704517713,1.9413919413919416,0.0
392330.626799083,761,0.04,0.032647885382175446,0.8999999761581421,0.5167816877365112,2.0,0.02525915578007698,0.6065633893013,0.3619619607925415,-0.10204470893415696,0.8104448004882894,0.3931105516136437,1.8793392843518717,-0.10929274433508773,0.7722972457465485,0.15278095674067238,9.323076923076925,6.184615384615384,7.97948717948718,7.2136752136752165,1.3162393162393151,-1.7264957264957275,1.960927960927961,0.0
392330.666870863,762,0.04,0.03291549161076546,0.8999999761581421,0.5210175514221191,2.0,0.0254661962389946,0.6115351915359497,0.36492887139320374,-0.10204470893415696,0.8104448004882894,0.39845120927748745,1.8793392843518717,-0.10929274433508773,0.7722972457465485,0.15468833447775943,9.2967032967033,6.184615384615384,7.774358974358975,7.200000000000003,1.3162393162393151,-1.6727716727716722,1.9902319902319903,0.0
392330.707156996,763,0.04,0.03318309783935547,0.8999999761581421,0.5252535343170166,2.0,0.025673240423202515,0.6165070533752441,0.36789578199386597,-0.10166323338673955,0.8104448004882894,0.4037918669413312,1.8793392843518717,-0.10929274433508773,0.7722972457465485,0.1623178454261076,9.2967032967033,6.184615384615384,7.924786324786325,7.200000000000003,1.32112332112332,-1.6288156288156284,1.8778998778998783,0.0
392330.746887741,764,0.04,0.03345070406794548,0.8999999761581421,0.5294893980026245,2.0,0.02588028274476528,0.6214788556098938,0.3708626627922058,-0.10166323338673955,0.8104448004882894,0.41027695124742714,1.8793392843518717,-0.10929274433508773,0.7722972457465485,0.1707103074692906,9.323076923076925,6.184615384615384,7.487179487179489,7.200000000000003,1.32112332112332,-1.5848595848595846,1.8632478632478637,0.0
392330.786823479,765,0.04,0.033718306571245193,0.8999999761581421,0.5337253212928772,2.0,0.0260873232036829,0.6264506578445435,0.37382957339286804,-0.10166323338673955,0.8104448004882894,0.4171435111009405,1.8793392843518717,-0.10967421988250514,0.7722972457465485,0.17528801403829952,9.349450549450552,6.158241758241758,7.801709401709402,7.186324786324789,1.3260073260073248,-1.531135531135531,1.8681318681318686,0.0
392330.82700785,766,0.04,0.033985916525125504,0.8999999761581421,0.5379612445831299,2.0,0.026294367387890816,0.6314225196838379,0.3767964839935303,-0.0997558556496525,0.8104448004882894,0.41943236438544496,1.879720759899289,-0.10967421988250514,0.7722972457465485,0.17719539177538657,9.032967032967036,6.184615384615384,7.774358974358975,7.145299145299148,1.3260073260073248,-1.4871794871794872,1.8974358974358978,0.0
392330.86684626,767,0.04,0.03425351902842522,0.8999999761581421,0.5421971678733826,2.0,0.026501407846808434,0.6363943219184875,0.3797633647918701,-0.09861142900740028,0.8104448004882894,0.4221026932173668,1.879720759899289,-0.10967421988250514,0.7722972457465485,0.17719539177538657,9.032967032967036,6.184615384615384,7.8700854700854705,7.172649572649576,1.3260073260073248,-1.4334554334554337,1.9511599511599513,0.0
392330.906833775,768,0.04,0.03452112525701523,0.8999999761581421,0.5464330911636353,2.0,0.02670845203101635,0.641366183757782,0.38273027539253235,-0.09670405127031323,0.8096818493934546,0.42401007095445387,1.879720759899289,-0.10967421988250514,0.7722972457465485,0.17681391622796916,9.085714285714289,6.2373626373626365,7.8700854700854705,7.158974358974362,1.32112332112332,-1.3894993894993881,1.9902319902319903,0.0
392330.946842463,769,0.04,0.03478873148560524,0.8999999761581421,0.5506690144538879,2.0,0.026915492489933968,0.6463379859924316,0.3856971859931946,-0.09670405127031323,0.8085374227512023,0.42820630197604537,1.879720759899289,-0.10967421988250514,0.7722972457465485,0.17757686732280398,9.085714285714289,6.263736263736263,8.17094017094017,7.172649572649576,1.3308913308913297,-1.3357753357753346,1.9853479853479854,0.0
392330.986829114,770,0.04,0.03505633771419525,0.8999999761581421,0.5549049377441406,2.0,0.027122536674141884,0.6513098478317261,0.3886640965938568,-0.09670405127031323,0.8085374227512023,0.43125810635538464,1.8801022354467065,-0.10967421988250514,0.7722972457465485,0.17948424505989102,9.112087912087915,6.316483516483515,7.801709401709402,7.172649572649576,1.3357753357753346,-1.286935286935286,1.9804639804639805,0.0
392331.026831749,771,0.04,0.03532394394278526,0.8999999761581421,0.5591408014297485,2.0,0.0273295771330595,0.6562816500663757,0.39163097739219666,-0.09670405127031323,0.8085374227512023,0.43507286182955873,1.8801022354467065,-0.10967421988250514,0.7726787212939659,0.18062867170214325,9.112087912087915,6.316483516483515,8.335042735042734,7.145299145299148,1.3406593406593394,-1.2380952380952372,2.0244200244200243,0.0
392331.06717558,772,0.04,0.035591546446084976,0.8999999761581421,0.5633767247200012,2.0,0.02753661945462227,0.6612534523010254,0.3945978879928589,-0.09670405127031323,0.8085374227512023,0.4377431906614806,1.8801022354467065,-0.10967421988250514,0.7726787212939659,0.18329900053406512,9.138461538461542,6.290109890109889,8.116239316239316,7.158974358974362,1.3406593406593394,-1.1892551892551886,2.004884004884005,0.0
392331.106882364,773,0.04,0.03585915267467499,0.8999999761581421,0.5676126480102539,2.0,0.027743663638830185,0.6662253141403198,0.3975647985935211,-0.09670405127031323,0.8085374227512023,0.4415579461356547,1.8801022354467065,-0.10967421988250514,0.7726787212939659,0.18368047608148252,9.164835164835168,6.290109890109889,8.225641025641025,7.145299145299148,1.3406593406593394,-1.14041514041514,2.0586080586080584,0.0
392331.146832368,774,0.04,0.036126758903265,0.8999999761581421,0.5718485713005066,2.0,0.027950704097747803,0.6711971759796143,0.40053167939186096,-0.09670405127031323,0.8085374227512023,0.4472800793469158,1.8801022354467065,-0.10967421988250514,0.7726787212939659,0.18749523155565662,9.164835164835168,6.316483516483515,8.157264957264957,7.158974358974362,1.3406593406593394,-1.0915750915750912,1.9902319902319903,0.0
392331.186973017,775,0.04,0.03639436513185501,0.8999999761581421,0.5760844945907593,2.0,0.02815774828195572,0.6761689782142639,0.4034985899925232,-0.09670405127031323,0.8085374227512023,0.4510948348210899,1.8801022354467065,-0.11005569542992255,0.7726787212939659,0.19245441367208294,9.191208791208794,6.316483516483515,8.116239316239316,7.158974358974362,1.3455433455433443,-1.0427350427350426,1.9853479853479854,0.0
392331.226839884,776,0.04,0.03666197136044502,0.8999999761581421,0.580320417881012,2.0,0.028364788740873337,0.6811408400535583,0.4064655005931854,-0.09670405127031323,0.8085374227512023,0.4541466392004292,1.8801022354467065,-0.11043717097733996,0.7726787212939659,0.1997024490730137,9.21758241758242,6.290109890109889,8.28034188034188,7.158974358974362,1.360195360195359,-0.989010989010989,1.9218559218559221,0.0
392331.266832924,777,0.04,0.036929573863744736,0.8999999761581421,0.5845562815666199,2.0,0.028571831062436104,0.686112642288208,0.40943238139152527,-0.09632257572289582,0.8085374227512023,0.4594872968642729,1.8801022354467065,-0.11043717097733996,0.7726787212939659,0.20466163118944003,9.21758241758242,6.316483516483515,8.12991452991453,7.158974358974362,1.3650793650793638,-0.9450549450549453,1.9120879120879124,0.0
392331.306822166,778,0.04,0.037197183817625046,0.8999999761581421,0.5887922644615173,2.0,0.02877887338399887,0.6910845041275024,0.4123992919921875,-0.09632257572289582,0.8085374227512023,0.463302052338447,1.880483710994124,-0.11043717097733996,0.7726787212939659,0.2122911421377882,9.243956043956047,6.316483516483515,8.102564102564102,7.035897435897439,1.360195360195359,-0.8962148962148966,1.8437118437118443,0.0
392331.346821132,779,0.04,0.03746478632092476,0.8999999761581421,0.5930281281471252,2.0,0.028985915705561638,0.6960563063621521,0.41536617279052734,-0.09632257572289582,0.8085374227512023,0.46826123445487333,1.8812466620889587,-0.11043717097733996,0.7730601968413833,0.21686884870679712,9.270329670329673,6.263736263736263,8.061538461538461,7.1042735042735075,1.360195360195359,-0.842490842490843,1.8632478632478637,0.0
392331.386828803,780,0.04,0.03773239254951477,0.8999999761581421,0.5972640514373779,2.0,0.029192958027124405,0.7010281682014465,0.41833311319351196,-0.09632257572289582,0.8085374227512023,0.47283894102388224,1.8812466620889587,-0.11043717097733996,0.7730601968413833,0.22068360418097122,9.270329670329673,6.316483516483515,8.225641025641025,7.1042735042735075,1.3650793650793638,-0.8034188034188041,1.8730158730158735,0.0
392331.426895355,781,0.04,0.03799999877810478,0.8999999761581421,0.6014999747276306,2.0,0.029400000348687172,0.7059999704360962,0.4212999939918518,-0.09594110017547841,0.8085374227512023,0.4751277943083867,1.8816281376363762,-0.11043717097733996,0.7730601968413833,0.22106507972838862,9.164835164835168,6.316483516483515,8.006837606837607,7.035897435897439,1.3699633699633686,-0.7496947496947488,1.9169719169719173,0.0
392331.466833143,782,0.04,0.03799999877810478,0.8999999761581421,0.6014999747276306,2.0,0.029400000348687172,0.7059999704360962,0.4212999939918518,-0.095559624628061,0.8085374227512023,0.4827573052567349,1.8816281376363762,-0.11043717097733996,0.7730601968413833,0.22106507972838862,9.243956043956047,6.290109890109889,8.061538461538461,7.063247863247867,1.3748473748473735,-0.7008547008547001,1.9511599511599513,0.0
392331.506784708,783,0.04,0.03799999877810478,0.8999999761581421,0.6014999747276306,2.0,0.029400000348687172,0.7059999704360962,0.4212999939918518,-0.09517814908064359,0.8085374227512023,0.4877164873731612,1.8816281376363762,-0.11043717097733996,0.7730601968413833,0.22144655527580603,9.270329670329673,6.316483516483515,7.815384615384616,7.063247863247867,1.3748473748473735,-0.6764346764346758,1.9560439560439562,0.0
392331.546828405,784,0.04,0.03799999877810478,0.8999999761581421,0.6014999747276306,2.0,0.029400000348687172,0.7059999704360962,0.4212999939918518,-0.09479667353322618,0.8085374227512023,0.49305714503700493,1.8816281376363762,-0.11081864652475737,0.7730601968413833,0.22182803082322344,9.112087912087915,6.316483516483515,7.5418803418803435,7.049572649572653,1.3797313797313784,-0.6764346764346758,1.960927960927961,0.0
392331.586838885,785,0.04,0.03799999877810478,0.8999999761581421,0.6014999747276306,2.0,0.029400000348687172,0.7059999704360962,0.4212999939918518,-0.09403372243839137,0.8085374227512023,0.4957274738689268,1.8816281376363762,-0.112344548714427,0.7730601968413833,0.22182803082322344,9.164835164835168,6.316483516483515,7.364102564102566,7.049572649572653,1.3992673992673978,-0.6813186813186807,1.960927960927961,0.0
392331.626828429,786,0.04,0.03799999877810478,0.8999999761581421,0.6014999747276306,2.0,0.029400000348687172,0.7059999704360962,0.4212999939918518,-0.09403372243839137,0.8085374227512023,0.49877927824826607,1.8816281376363762,-0.112344548714427,0.7730601968413833,0.22182803082322344,9.138461538461542,6.316483516483515,7.090598290598294,7.049572649572653,1.3894993894993881,-0.6764346764346758,1.9560439560439562,0.0
392331.666771066,787,0.04,0.03799999877810478,0.8999999761581421,0.6014999747276306,2.0,0.029400000348687172,0.7059999704360962,0.4212999939918518,-0.09403372243839137,0.8085374227512023,0.4991607537956835,1.8816281376363762,-0.112344548714427,0.7730601968413833,0.22182803082322344,9.164835164835168,6.316483516483515,7.1042735042735075,7.049572649572653,1.3894993894993881,-0.6715506715506709,1.9560439560439562,0.0
392331.706883298,788,0.04,0.03799999877810478,0.8999999761581421,0.6014999747276306,2.0,0.029400000348687172,0.7059999704360962,0.4212999939918518,-0.09403372243839137,0.8085374227512023,0.4991607537956835,1.8816281376363762,-0.11272602426184442,0.7730601968413833,0.22182803082322344,9.164835164835168,6.316483516483515,7.117948717948721,7.035897435897439,1.394383394383393,-0.6764346764346758,1.9560439560439562,0.0
392331.746829997,789,0.04,0.03799999877810478,0.8999999761581421,0.6014999747276306,2.0,0.029400000348687172,0.7059999704360962,0.4212999939918518,-0.09403372243839137,0.8085374227512023,0.4991607537956835,1.8816281376363762,-0.11272602426184442,0.7730601968413833,0.22182803082322344,9.164835164835168,6.316483516483515,7.117948717948721,7.049572649572653,1.394383394383393,-0.6764346764346758,1.960927960927961,0.0
392331.786836591,790,0.04,0.03799999877810478,0.8999999761581421,0.6014999747276306,2.0,0.029400000348687172,0.7059999704360962,0.4212999939918518,-0.09403372243839137,0.8085374227512023,0.4991607537956835,1.8816281376363762,-0.11272602426184442,0.7730601968413833,0.22220950637064085,9.164835164835168,6.316483516483515,7.117948717948721,7.049572649572653,1.394383394383393,-0.6813186813186807,1.9462759462759465,0.0
392331.826835376,791,0.04,0.03799999877810478,0.8999999761581421,0.6014999747276306,2.0,0.029400000348687172,0.7059999704360962,0.4212999939918518,-0.09403372243839137,0.8085374227512023,0.4991607537956835,1.8820096131837936,-0.11272602426184442,0.7730601968413833,0.2237354085603105,9.138461538461542,6.316483516483515,7.117948717948721,7.063247863247867,1.394383394383393,-0.6764346764346758,1.9316239316239319,0.0
392331.866829749,792,0.04,0.03799999877810478,0.8999999761581421,0.6014999747276306,2.0,0.029400000348687172,0.7059999704360962,0.4212999939918518,-0.09403372243839137,0.8085374227512023,0.4991607537956835,1.8820096131837936,-0.11272602426184442,0.7730601968413833,0.2241168841077279,9.164835164835168,6.316483516483515,7.117948717948721,7.049572649572653,1.394383394383393,-0.6764346764346758,1.9365079365079367,0.0
392331.906828934,793,0.04,0.03799999877810478,0.8999999761581421,0.6014999747276306,2.0,0.029400000348687172,0.7059999704360962,0.4212999939918518,-0.09403372243839137,0.8085374227512023,0.4991607537956835,1.8820096131837936,-0.11272602426184442,0.7730601968413833,0.2244983596551453,9.164835164835168,6.316483516483515,7.117948717948721,7.063247863247867,1.3894993894993881,-0.6764346764346758,1.9316239316239319,0.0
392331.946822691,794,0.04,0.03799999877810478,0.8999999761581421,0.6014999747276306,2.0,0.029400000348687172,0.7059999704360962,0.4212999939918518,-0.09403372243839137,0.8085374227512023,0.4991607537956835,1.8820096131837936,-0.11272602426184442,0.7730601968413833,0.2244983596551453,9.164835164835168,6.316483516483515,7.1042735042735075,7.035897435897439,1.394383394383393,-0.6764346764346758,1.9316239316239319,0.0
392331.986828799,795,0.04,0.03799999877810478,0.8999999761581421,0.6014999747276306,2.0,0.029400000348687172,0.7059999704360962,0.4212999939918518,-0.09403372243839137,0.8085374227512023,0.4991607537956835,1.8820096131837936,-0.11272602426184442,0.7730601968413833,0.22487983520256272,9.164835164835168,6.316483516483515,7.117948717948721,7.063247863247867,1.394383394383393,-0.6764346764346758,1.9316239316239319,0.0
392332.026831128,796,0.04,0.03799999877810478,0.8999999761581421,0.6014999747276306,2.0,0.029400000348687172,0.7059999704360962,0.4212999939918518,-0.09403372243839137,0.8085374227512023,0.4991607537956835,1.8820096131837936,-0.11272602426184442,0.7730601968413833,0.22487983520256272,9.138461538461542,6.316483516483515,7.117948717948721,7.035897435897439,1.394383394383393,-0.6764346764346758,1.926739926739927,0.0
392332.066862677,797,0.04,0.03799999877810478,0.8999999761581421,0.6014999747276306,2.0,0.029400000348687172,0.7059999704360962,0.4212999939918518,-0.09403372243839137,0.8085374227512023,0.4991607537956835,1.8820096131837936,-0.11272602426184442,0.7730601968413833,0.22487983520256272,9.164835164835168,6.316483516483515,7.117948717948721,7.049572649572653,1.394383394383393,-0.6715506715506709,1.9316239316239319,0.0
392332.106832263,798,0.04,0.03799999877810478,0.8999999761581421,0.6014999747276306,2.0,0.029400000348687172,0.7059999704360962,0.4212999939918518,-0.09403372243839137,0.8085374227512023,0.4991607537956835,1.8820096131837936,-0.11272602426184442,0.7730601968413833,0.22487983520256272,9.164835164835168,6.316483516483515,7.117948717948721,7.049572649572653,1.3894993894993881,-0.6764346764346758,1.9316239316239319,0.0
392332.146829142,799,0.04,0.03799999877810478,0.8999999761581421,0.6014999747276306,2.0,0.029400000348687172,0.7059999704360962,0.4212999939918518,-0.09403372243839137,0.8085374227512023,0.4991607537956835,1.8820096131837936,-0.11272602426184442,0.7730601968413833,0.22487983520256272,9.164835164835168,6.316483516483515,7.117948717948721,7.063247863247867,1.3894993894993881,-0.6715506715506709,1.926739926739927,0.0
392332.18684592,800,0.04,0.03799999877810478,0.8999999761581421,0.6014999747276306,2.0,0.029400000348687172,0.7059999704360962,0.4212999939918518,-0.09403372243839137,0.8085374227512023,0.4991607537956835,1.8820096131837936,-0.11272602426184442,0.7730601968413833,0.22487983520256272,9.164835164835168,6.316483516483515,7.1042735042735075,7.049572649572653,1.3894993894993881,-0.6764346764346758,1.9365079365079367,0.0
392332.226830768,801,0.04,0.03799999877810478,0.8999999761581421,0.6014999747276306,2.0,0.029400000348687172,0.7059999704360962,0.4212999939918518,-0.09403372243839137,0.8085374227512023,0.4991607537956835,1.8820096131837936,-0.11272602426184442,0.7730601968413833,0.22487983520256272,9.138461538461542,6.316483516483515,7.117948717948721,7.063247863247867,1.394383394383393,-0.6764346764346758,1.9316239316239319,0.0
392332.266828947,802,0.04,0.03799999877810478,0.8999999761581421,0.6014999747276306,2.0,0.029400000348687172,0.7059999704360962,0.4212999939918518,-0.09403372243839137,0.8085374227512023,0.4991607537956835,1.8820096131837936,-0.11272602426184442,0.7730601968413833,0.22487983520256272,9.164835164835168,6.316483516483515,7.117948717948721,7.063247863247867,1.3894993894993881,-0.6764346764346758,1.926739926739927,0.0
392332.306770066,803,0.04,0.03799999877810478,0.8999999761581421,0.6014999747276306,2.0,0.029400000348687172,0.7059999704360962,0.4212999939918518,-0.09403372243839137,0.8085374227512023,0.4991607537956835,1.8820096131837936,-0.11272602426184442,0.7730601968413833,0.22487983520256272,9.138461538461542,6.316483516483515,7.117948717948721,7.035897435897439,1.3894993894993881,-0.6764346764346758,1.926739926739927,0.0
392332.346850892,804,0.04,0.03799999877810478,0.8999999761581421,0.6014999747276306,2.0,0.029400000348687172,0.7059999704360962,0.4212999939918518,-0.09403372243839137,0.8085374227512023,0.4991607537956835,1.8820096131837936,-0.11272602426184442,0.7730601968413833,0.22487983520256272,9.164835164835168,6.316483516483515,7.117948717948721,7.063247863247867,1.3992673992673978,-0.6764346764346758,1.926739926739927,0.0
392332.386828937,805,0.04,0.03799999877810478,0.8999999761581421,0.6014999747276306,2.0,0.029400000348687172,0.7059999704360962,0.4212999939918518,-0.09403372243839137,0.8085374227512023,0.4991607537956835,1.8820096131837936,-0.11272602426184442,0.7730601968413833,0.22487983520256272,9.164835164835168,6.316483516483515,7.117948717948721,7.049572649572653,1.394383394383393,-0.6764346764346758,1.926739926739927,0.0
392332.42679344,806,0.04,0.03799999877810478,0.8999999761581421,0.6014999747276306,2.0,0.029400000348687172,0.7059999704360962,0.4212999939918518,-0.09403372243839137,0.8085374227512023,0.4991607537956835,1.8820096131837936,-0.11272602426184442,0.7730601968413833,0.22487983520256272,9.164835164835168,6.316483516483515,7.117948717948721,7.049572649572653,1.3894993894993881,-0.6764346764346758,1.926739926739927,0.0
392332.466859702,807,0.04,0.03799999877810478,0.8999999761581421,0.6014999747276306,2.0,0.029400000348687172,0.7059999704360962,0.4212999939918518,-0.09403372243839137,0.8085374227512023,0.4991607537956835,1.8820096131837936,-0.11272602426184442,0.7730601968413833,0.22487983520256272,9.164835164835168,6.316483516483515,7.1042735042735075,7.049572649572653,1.394383394383393,-0.6764346764346758,1.926739926739927,0.0
392332.506843478,808,0.04,0.03799999877810478,0.8999999761581421,0.6014999747276306,2.0,0.029400000348687172,0.7059999704360962,0.4212999939918518,-0.09403372243839137,0.8085374227512023,0.4991607537956835,1.8820096131837936,-0.11272602426184442,0.7730601968413833,0.22487983520256272,9.138461538461542,6.316483516483515,7.1042735042735075,7.049572649572653,1.3894993894993881,-0.6764346764346758,1.9316239316239319,0.0
392332.546828682,809,0.04,0.03799999877810478,0.8999999761581421,0.6014999747276306,2.0,0.029400000348687172,0.7059999704360962,0.4212999939918518,-0.09403372243839137,0.8085374227512023,0.4991607537956835,1.8820096131837936,-0.11272602426184442,0.7730601968413833,0.22487983520256272,9.138461538461542,6.316483516483515,7.1042735042735075,7.049572649572653,1.3894993894993881,-0.6764346764346758,1.926739926739927,0.0
392332.586829646,810,0.04,0.03799999877810478,0.8999999761581421,0.6014999747276306,2.0,0.029400000348687172,0.7059999704360962,0.4212999939918518,-0.09403372243839137,0.8085374227512023,0.4991607537956835,1.8820096131837936,-0.11272602426184442,0.7730601968413833,0.22487983520256272,9.164835164835168,6.316483516483515,7.1042735042735075,7.049572649572653,1.3992673992673978,-0.6764346764346758,1.926739926739927,0.0
392332.62682864,811,0.04,0.03799999877810478,0.8999999761581421,0.6014999747276306,2.0,0.029400000348687172,0.7059999704360962,0.4212999939918518,-0.09403372243839137,0.8085374227512023,0.4991607537956835,1.8820096131837936,-0.11272602426184442,0.7730601968413833,0.22487983520256272,9.164835164835168,6.316483516483515,7.1042735042735075,7.063247863247867,1.394383394383393,-0.6715506715506709,1.926739926739927,0.0
392332.666830216,812,0.04,0.03799999877810478,0.899524986743927,0.6014999747276306,1.9950206279754639,0.029400000348687172,0.7059999704360962,0.4212999939918518,-0.09403372243839137,0.8085374227512023,0.4991607537956835,1.8820096131837936,-0.11272602426184442,0.7730601968413833,0.22487983520256272,9.164835164835168,6.316483516483515,7.117948717948721,7.035897435897439,1.394383394383393,-0.6764346764346758,1.926739926739927,0.0
392332.70682921,813,0.04,0.03799999877810478,0.8990499973297119,0.6014999747276306,1.9900413751602173,0.029400000348687172,0.7059999704360962,0.4212999939918518,-0.09403372243839137,0.8085374227512023,0.4991607537956835,1.8820096131837936,-0.11272602426184442,0.7730601968413833,0.22487983520256272,9.164835164835168,6.290109890109889,7.117948717948721,6.885470085470089,1.394383394383393,-0.6764346764346758,1.926739926739927,0.0
392332.746829037,814,0.04,0.03799999877810478,0.898574948310852,0.6014999747276306,1.9850620031356812,0.029400000348687172,0.7059999704360962,0.4212999939918518,-0.09403372243839137,0.8085374227512023,0.4991607537956835,1.8820096131837936,-0.11272602426184442,0.7730601968413833,0.22487983520256272,9.164835164835168,6.263736263736263,7.117948717948721,6.58461538461539,1.394383394383393,-0.6764346764346758,1.9316239316239319,0.0
392332.786828692,815,0.04,0.03799999877810478,0.898099958896637,0.6014999747276306,1.9800827503204346,0.029400000348687172,0.7059999704360962,0.4212999939918518,-0.09403372243839137,0.8085374227512023,0.4991607537956835,1.8820096131837936,-0.11272602426184442,0.7730601968413833,0.22487983520256272,9.164835164835168,6.2373626373626365,7.1042735042735075,6.338461538461544,1.394383394383393,-0.6764346764346758,1.926739926739927,0.0
392332.826840619,816,0.04,0.03799999877810478,0.8976249694824219,0.6014999747276306,1.9751033782958984,0.029400000348687172,0.7059999704360962,0.4212999939918518,-0.09403372243839137,0.8085374227512023,0.4991607537956835,1.8820096131837936,-0.11272602426184442,0.7730601968413833,0.22487983520256272,9.164835164835168,6.21098901098901,7.1042735042735075,5.955555555555556,1.3894993894993881,-0.6764346764346758,1.9316239316239319,0.0
392332.866826802,817,0.04,0.03799999877810478,0.8971499800682068,0.6014999747276306,1.9701240062713623,0.029400000348687172,0.7059999704360962,0.4212999939918518,-0.09403372243839137,0.8085374227512023,0.4991607537956835,1.8820096131837936,-0.11272602426184442,0.7730601968413833,0.22487983520256272,9.164835164835168,6.158241758241758,7.117948717948721,5.654700854700856,1.3894993894993881,-0.6764346764346758,1.926739926739927,0.0
392332.906832494,818,0.04,0.03799999877810478,0.8966749906539917,0.6014999747276306,1.9651447534561157,0.029400000348687172,0.7059999704360962,0.4212999939918518,-0.09403372243839137,0.8085374227512023,0.4991607537956835,1.8820096131837936,-0.11272602426184442,0.7730601968413833,0.22487983520256272,9.164835164835168,6.131868131868131,7.1042735042735075,5.353846153846156,1.394383394383393,-0.6764346764346758,1.9316239316239319,0.0
392332.946819459,819,0.04,0.03799999877810478,0.8962000012397766,0.6014999747276306,1.9601653814315796,0.029400000348687172,0.7059999704360962,0.4212999939918518,-0.09403372243839137,0.8085374227512023,0.4991607537956835,1.8816281376363762,-0.11272602426184442,0.7730601968413833,0.22487983520256272,9.164835164835168,6.105494505494505,7.1042735042735075,5.052991452991456,1.3894993894993881,-0.6764346764346758,1.926739926739927,0.0
392332.986798379,820,0.04,0.03799999877810478,0.8957249522209167,0.6014999747276306,1.9551860094070435,0.029400000348687172,0.7059999704360962,0.4212999939918518,-0.09403372243839137,0.8085374227512023,0.4991607537956835,1.8816281376363762,-0.11272602426184442,0.7730601968413833,0.22487983520256272,9.164835164835168,6.079120879120879,7.1042735042735075,4.7931623931623974,1.3894993894993881,-0.6715506715506709,1.9316239316239319,0.0
392333.026829847,821,0.04,0.03799999877810478,0.8952499628067017,0.6014999747276306,1.9502067565917969,0.029400000348687172,0.7059999704360962,0.4212999939918518,-0.09403372243839137,0.8085374227512023,0.4991607537956835,1.8816281376363762,-0.11272602426184442,0.7730601968413833,0.22487983520256272,9.164835164835168,6.026373626373626,7.117948717948721,4.505982905982911,1.3894993894993881,-0.6813186813186807,1.926739926739927,0.0
392333.066833491,822,0.04,0.03799999877810478,0.8947749733924866,0.6014999747276306,1.9452273845672607,0.029400000348687172,0.7059999704360962,0.4212999939918518,-0.09403372243839137,0.8085374227512023,0.4991607537956835,1.8812466620889587,-0.11272602426184442,0.7730601968413833,0.22526131074998013,9.138461538461542,6.0,7.1042735042735075,4.246153846153845,1.394383394383393,-0.6764346764346758,1.926739926739927,0.0
392333.106843669,823,0.04,0.03799999877810478,0.8942999839782715,0.6014999747276306,1.9402480125427246,0.029400000348687172,0.7059999704360962,0.4212999939918518,-0.09403372243839137,0.8085374227512023,0.4991607537956835,1.8808651865415413,-0.11272602426184442,0.7730601968413833,0.22526131074998013,9.138461538461542,5.973626373626374,7.117948717948721,3.9452991452991455,1.394383394383393,-0.6764346764346758,1.9218559218559221,0.0
392333.146857847,824,0.04,0.03799999877810478,0.8938249945640564,0.6014999747276306,1.935268759727478,0.029400000348687172,0.7059999704360962,0.4212999939918518,-0.09403372243839137,0.8085374227512023,0.4991607537956835,1.880483710994124,-0.11272602426184442,0.7730601968413833,0.22526131074998013,9.164835164835168,5.947252747252747,7.1042735042735075,3.6854700854700866,1.3894993894993881,-0.6813186813186807,1.926739926739927,0.0
392333.186829704,825,0.04,0.03799999877810478,0.8933500051498413,0.6014999747276306,1.930289387702942,0.029400000348687172,0.7059999704360962,0.4212999939918518,-0.09403372243839137,0.8085374227512023,0.4991607537956835,1.8785763332570369,-0.11272602426184442,0.7730601968413833,0.22640573739223235,9.138461538461542,5.894505494505495,7.117948717948721,3.5760683760683776,1.394383394383393,-0.6764346764346758,1.887667887667888,0.0
392333.226819522,826,0.04,0.03799999877810478,0.8928749561309814,0.6014999747276306,1.9253101348876953,0.029400000348687172,0.7059999704360962,0.4212999939918518,-0.09403372243839137,0.8085374227512023,0.4991607537956835,1.8751430533302802,-0.11272602426184442,0.7730601968413833,0.2286945906767368,9.164835164835168,5.868131868131869,7.1042735042735075,3.5350427350427367,1.3894993894993881,-0.6764346764346758,1.8827838827838832,0.0
392333.26684643,827,0.04,0.03799999877810478,0.8923999667167664,0.6014999747276306,1.9203307628631592,0.029400000348687172,0.7059999704360962,0.4212999939918518,-0.09403372243839137,0.8085374227512023,0.4991607537956835,1.8717097734035235,-0.11272602426184442,0.7730601968413833,0.22907606622415422,9.164835164835168,5.868131868131869,7.117948717948721,3.5076923076923094,1.3894993894993881,-0.6764346764346758,1.887667887667888,0.0
392333.306833495,828,0.04,0.03799999877810478,0.8919249773025513,0.6014999747276306,1.915351390838623,0.029400000348687172,0.7059999704360962,0.4212999939918518,-0.09403372243839137,0.8085374227512023,0.4991607537956835,1.8648432135500101,-0.11272602426184442,0.7730601968413833,0.23136491950865867,9.164835164835168,5.815384615384616,7.117948717948721,3.6170940170940185,1.394383394383393,-0.6764346764346758,1.8241758241758248,0.0
392333.346805607,829,0.04,0.03799999877810478,0.8914499878883362,0.6014999747276306,1.9103721380233765,0.029400000348687172,0.7059999704360962,0.4212999939918518,-0.09403372243839137,0.8081559472037849,0.4991607537956835,1.8583581292439142,-0.11272602426184442,0.7730601968413833,0.2321278706034935,9.164835164835168,5.78901098901099,7.1042735042735075,3.890598290598291,1.3894993894993881,-0.6764346764346758,1.8583638583638589,0.0
392333.3868302,830,0.04,0.03799999877810478,0.8909749984741211,0.6014999747276306,1.9053927659988403,0.029400000348687172,0.7059999704360962,0.4212999939918518,-0.09403372243839137,0.8081559472037849,0.4991607537956835,1.8499656672007312,-0.11272602426184442,0.7730601968413833,0.2321278706034935,9.138461538461542,5.7626373626373635,7.117948717948721,3.931623931623932,1.394383394383393,-0.6764346764346758,1.853479853479854,0.0
392333.426828489,831,0.04,0.03799999877810478,0.8904999494552612,0.6014999747276306,1.9004135131835938,0.029400000348687172,0.7059999704360962,0.4212999939918518,-0.09403372243839137,0.8077744716563675,0.4991607537956835,1.8427176317998004,-0.11348897535667923,0.7730601968413833,0.23174639505607608,9.164835164835168,5.7626373626373635,7.1042735042735075,4.136752136752136,1.4188034188034173,-0.6764346764346758,1.8681318681318686,0.0
392333.46689096,832,0.04,0.03799999877810478,0.8900249600410461,0.6014999747276306,1.8954341411590576,0.029400000348687172,0.7059999704360962,0.4212999939918518,-0.09403372243839137,0.8066300450141153,0.4991607537956835,1.8354695963988696,-0.1161593041886011,0.7730601968413833,0.23136491950865867,9.138461538461542,6.0,7.1042735042735075,4.341880341880341,1.506715506715505,-0.6764346764346758,1.8632478632478637,0.0
392333.506829949,833,0.04,0.03799999877810478,0.889549970626831,0.6014999747276306,1.8904547691345215,0.029400000348687172,0.7059999704360962,0.4212999939918518,-0.09403372243839137,0.8005264362554367,0.4991607537956835,1.830128938735026,-0.11921110856794037,0.7730601968413833,0.23136491950865867,9.164835164835168,6.685714285714283,7.117948717948721,4.068376068376068,1.506715506715505,-0.6764346764346758,1.8681318681318686,0.0
392333.546791316,834,0.04,0.03799999877810478,0.889074981212616,0.6014999747276306,1.885475516319275,0.029400000348687172,0.7059999704360962,0.4212999939918518,-0.09403372243839137,0.7921339742122537,0.4991607537956835,1.8278400854505215,-0.12417029068436669,0.7730601968413833,0.2283131151293194,9.164835164835168,7.186813186813183,7.1042735042735075,3.958974358974359,1.5653235653235669,-0.6764346764346758,1.9365079365079367,0.0
392333.586830626,835,0.04,0.03799999877810478,0.8885999917984009,0.6014999747276306,1.8804961442947388,0.029400000348687172,0.7059999704360962,0.4212999939918518,-0.09403372243839137,0.788700694285497,0.4991607537956835,1.8221179522392603,-0.12951094834821042,0.7730601968413833,0.22716868848706717,9.164835164835168,7.054945054945051,7.117948717948721,4.191452991452991,1.6483516483516496,-0.6764346764346758,1.9023199023199027,0.0
392333.626813218,836,0.04,0.03799999877810478,0.8881250023841858,0.6014999747276306,1.8755167722702026,0.029400000348687172,0.7059999704360962,0.4212999939918518,-0.09403372243839137,0.7875562676432448,0.4991607537956835,1.8175402456702514,-0.13218127718013228,0.7730601968413833,0.227931639581902,9.164835164835168,7.186813186813183,7.1042735042735075,3.958974358974359,1.633699633699635,-0.6764346764346758,1.9120879120879124,0.0
392333.666811515,837,0.04,0.03799999877810478,0.8876499533653259,0.6014999747276306,1.870537519454956,0.029400000348687172,0.7059999704360962,0.4212999939918518,-0.09403372243839137,0.7837415121690707,0.4991607537956835,1.8141069657434947,-0.13790341039139342,0.7730601968413833,0.227931639581902,9.164835164835168,7.529670329670324,7.1042735042735075,3.958974358974359,1.706959706959708,-0.6764346764346758,1.8974358974358978,0.0
392333.706789382,838,0.04,0.03799999877810478,0.8871749639511108,0.6014999747276306,1.86555814743042,0.029400000348687172,0.7059999704360962,0.4212999939918518,-0.09403372243839137,0.7795452811474792,0.4991607537956835,1.8076218814373988,-0.13981078812848047,0.7730601968413833,0.227931639581902,9.164835164835168,7.5560439560439505,7.117948717948721,4.0,1.6630036630036642,-0.6764346764346758,1.892551892551893,0.0
392333.746846051,839,0.04,0.03799999877810478,0.8866999745368958,0.6014999747276306,1.8605787754058838,0.029400000348687172,0.7059999704360962,0.4212999939918518,-0.09327077134355655,0.7776379034103922,0.4991607537956835,1.8011367971313028,-0.14057373922331529,0.7730601968413833,0.22755016403448458,9.138461538461542,7.582417582417577,7.117948717948721,4.218803418803418,1.672771672771674,-0.6715506715506709,1.9023199023199027,0.0
392333.786828782,840,0.04,0.03799999877810478,0.8862249851226807,0.6014999747276306,1.8555995225906372,0.029400000348687172,0.7059999704360962,0.4212999939918518,-0.09365224689097396,0.7776379034103922,0.4991607537956835,1.7950331883726243,-0.14057373922331529,0.7730601968413833,0.22755016403448458,9.164835164835168,7.5560439560439505,7.1042735042735075,4.0547008547008545,1.6776556776556788,-0.6764346764346758,1.9072039072039075,0.0
392333.826828554,841,0.04,0.03799999877810478,0.8857499957084656,0.6014999747276306,1.850620150566101,0.029400000348687172,0.7059999704360962,0.4212999939918518,-0.09365224689097396,0.7776379034103922,0.4991607537956835,1.7896925307087805,-0.14667734798199383,0.7730601968413833,0.22755016403448458,9.138461538461542,7.529670329670324,7.117948717948721,4.355555555555554,1.814407814407815,-0.6764346764346758,1.9072039072039075,0.0
392333.866824033,842,0.04,0.03799999877810478,0.8852749466896057,0.6014999747276306,1.8456408977508545,0.029400000348687172,0.7059999704360962,0.4212999939918518,-0.09365224689097396,0.7776379034103922,0.4991607537956835,1.7828259708552672,-0.14744029907682865,0.7730601968413833,0.22755016403448458,9.138461538461542,7.529670329670324,7.1042735042735075,4.341880341880341,1.7362637362637372,-0.6764346764346758,1.9023199023199027,0.0
392333.906831065,843,0.04,0.03799999877810478,0.8847999572753906,0.6014999747276306,1.8406615257263184,0.029400000348687172,0.7059999704360962,0.4212999939918518,-0.09365224689097396,0.7772564278629748,0.4991607537956835,1.7767223620965886,-0.14744029907682865,0.7730601968413833,0.22716868848706717,9.138461538461542,7.476923076923072,7.1042735042735075,4.478632478632484,1.7362637362637372,-0.6764346764346758,1.9072039072039075,0.0
392333.946883994,844,0.04,0.03799999877810478,0.8843249678611755,0.6014999747276306,1.8356821537017822,0.029400000348687172,0.7059999704360962,0.4212999939918518,-0.09365224689097396,0.7772564278629748,0.4991607537956835,1.7717631799801623,-0.14744029907682865,0.7730601968413833,0.22755016403448458,9.138461538461542,7.450549450549445,7.117948717948721,4.369230769230768,1.7313797313797323,-0.6764346764346758,1.9120879120879124,0.0
392333.986869548,845,0.04,0.03799999877810478,0.8838499784469604,0.6014999747276306,1.8307029008865356,0.029400000348687172,0.7059999704360962,0.4212999939918518,-0.09365224689097396,0.7772564278629748,0.4991607537956835,1.7656595712214838,-0.14744029907682865,0.7730601968413833,0.22640573739223235,9.138461538461542,7.424175824175819,7.117948717948721,4.5333333333333385,1.7362637362637372,-0.6715506715506709,1.9169719169719173,0.0
392334.026839104,846,0.04,0.03799999877810478,0.8833749890327454,0.6014999747276306,1.8257235288619995,0.029400000348687172,0.7059999704360962,0.4212999939918518,-0.09365224689097396,0.7772564278629748,0.4991607537956835,1.7610818646524748,-0.14782177462424606,0.7730601968413833,0.22602426184481494,9.138461538461542,7.397802197802193,7.1042735042735075,4.314529914529913,1.741147741147742,-0.6764346764346758,1.926739926739927,0.0
392334.067352164,847,0.04,0.03799999877810478,0.8828999996185303,0.6014999747276306,1.820744276046753,0.029400000348687172,0.7059999704360962,0.4212999939918518,-0.09365224689097396,0.7772564278629748,0.4991607537956835,1.7580300602731356,-0.14820325017166347,0.7730601968413833,0.2244983596551453,9.112087912087915,7.371428571428567,7.117948717948721,4.437606837606843,1.746031746031747,-0.6715506715506709,1.9365079365079367,0.0
392334.106830771,848,0.04,0.03799999877810478,0.8824249505996704,0.6014999747276306,1.8157649040222168,0.029400000348687172,0.7059999704360962,0.4212999939918518,-0.09365224689097396,0.7768749523155574,0.4991607537956835,1.751926451514457,-0.14782177462424606,0.7730601968413833,0.22526131074998013,9.138461538461542,7.371428571428567,7.1042735042735075,4.232478632478632,1.741147741147742,-0.6764346764346758,1.9218559218559221,0.0
392334.146826533,849,0.04,0.03799999877810478,0.8819499611854553,0.6014999747276306,1.8107855319976807,0.029400000348687172,0.7059999704360962,0.4212999939918518,-0.09365224689097396,0.7753490501258877,0.4991607537956835,1.75001907377737,-0.1489662012664983,0.7730601968413833,0.22335393301289308,9.138461538461542,7.529670329670324,7.1042735042735075,4.109401709401709,1.7753357753357761,-0.6764346764346758,1.965811965811966,0.0
392334.186829684,850,0.04,0.03799999877810478,0.8814749717712402,0.6014999747276306,1.805806279182434,0.029400000348687172,0.7059999704360962,0.4212999939918518,-0.09365224689097396,0.7749675745784703,0.4991607537956835,1.7484931715877003,-0.1493476768139157,0.7730601968413833,0.22297245746547567,9.138461538461542,7.397802197802193,7.1042735042735075,4.027350427350427,1.7704517704517713,-0.6764346764346758,1.9462759462759465,0.0
392334.226789559,851,0.04,0.03799999877810478,0.8809999823570251,0.6014999747276306,1.800826907157898,0.029400000348687172,0.7059999704360962,0.4212999939918518,-0.09365224689097396,0.7753490501258877,0.4991607537956835,1.7420080872816044,-0.1493476768139157,0.7730601968413833,0.22487983520256272,9.138461538461542,7.397802197802193,7.117948717948721,4.109401709401709,1.746031746031747,-0.6764346764346758,1.892551892551893,0.0
392334.266827878,852,0.04,0.03799999877810478,0.8805249929428101,0.6014999747276306,1.7958475351333618,0.029400000348687172,0.7059999704360962,0.4212999939918518,-0.09365224689097396,0.7749675745784703,0.4991607537956835,1.737048905165178,-0.1489662012664983,0.7730601968413833,0.22678721293964976,9.138461538461542,7.34505494505494,7.117948717948721,4.109401709401709,1.7509157509157518,-0.6764346764346758,1.9120879120879124,0.0
392334.306844467,853,0.04,0.03799999877810478,0.880050003528595,0.6014999747276306,1.7908682823181152,0.029400000348687172,0.7059999704360962,0.4212999939918518,-0.09365224689097396,0.7749675745784703,0.4991607537956835,1.731326771953917,-0.1489662012664983,0.7730601968413833,0.22716868848706717,9.138461538461542,7.318681318681314,7.117948717948721,4.082051282051282,1.7509157509157518,-0.6764346764346758,1.8974358974358978,0.0
392334.346828568,854,0.04,0.03799999877810478,0.8795749545097351,0.6014999747276306,1.785888910293579,0.029400000348687172,0.7059999704360962,0.4212999939918518,-0.09365224689097396,0.7749675745784703,0.4991607537956835,1.726749065384908,-0.1493476768139157,0.7730601968413833,0.22678721293964976,9.138461538461542,7.292307692307688,7.1042735042735075,4.232478632478632,1.7606837606837615,-0.6764346764346758,1.9365079365079367,0.0
392334.38682826,855,0.04,0.03799999877810478,0.87909996509552,0.6014999747276306,1.780909538269043,0.029400000348687172,0.7059999704360962,0.4212999939918518,-0.09365224689097396,0.7749675745784703,0.4991607537956835,1.7179751277943076,-0.1493476768139157,0.7730601968413833,0.22487983520256272,9.138461538461542,7.265934065934061,7.117948717948721,4.3008547008547,1.7557997557997567,-0.6715506715506709,1.926739926739927,0.0
392334.426828752,856,0.04,0.03799999877810478,0.8786249756813049,0.6014999747276306,1.7759302854537964,0.029400000348687172,0.7059999704360962,0.4212999939918518,-0.09365224689097396,0.7745860990310529,0.4991607537956835,1.711871519035629,-0.1493476768139157,0.7730601968413833,0.2237354085603105,9.138461538461542,7.213186813186809,7.1042735042735075,4.642735042735048,1.7557997557997567,-0.6764346764346758,1.9560439560439562,0.0
392334.466821529,857,0.04,0.03799999877810478,0.8781499862670898,0.6014999747276306,1.7709509134292603,0.029400000348687172,0.7059999704360962,0.4212999939918518,-0.09365224689097396,0.7745860990310529,0.4991607537956835,1.7042420080872809,-0.1493476768139157,0.7730601968413833,0.2241168841077279,9.138461538461542,7.213186813186809,7.1042735042735075,4.547008547008552,1.7509157509157518,-0.6813186813186807,1.9316239316239319,0.0
392334.50686909,858,0.04,0.03799999877810478,0.8776749968528748,0.6014999747276306,1.7659716606140137,0.029400000348687172,0.7059999704360962,0.4212999939918518,-0.09365224689097396,0.7745860990310529,0.4991607537956835,1.6973754482337675,-0.1497291523613331,0.7730601968413833,0.22297245746547567,9.138461538461542,7.160439560439556,7.1042735042735075,4.779487179487184,1.7606837606837615,-0.6764346764346758,1.965811965811966,0.0
392334.546828448,859,0.04,0.03799999877810478,0.8771999478340149,0.6014999747276306,1.7609922885894775,0.029400000348687172,0.7059999704360962,0.4212999939918518,-0.09365224689097396,0.7742046234836355,0.4991607537956835,1.6905088883802541,-0.1497291523613331,0.7730601968413833,0.22259098191805826,9.138461538461542,7.213186813186809,7.1042735042735075,4.861538461538466,1.7557997557997567,-0.6715506715506709,1.9511599511599513,0.0
392334.586828749,860,0.04,0.03799999877810478,0.8767249584197998,0.6014999747276306,1.7560129165649414,0.029400000348687172,0.7059999704360962,0.4212999939918518,-0.09365224689097396,0.7715342946517136,0.4991607537956835,1.6851682307164104,-0.1497291523613331,0.7730601968413833,0.22259098191805826,9.164835164835168,7.503296703296698,7.117948717948721,4.61538461538462,1.7557997557997567,-0.6764346764346758,1.9511599511599513,0.0
392334.626918395,861,0.04,0.03799999877810478,0.8762499690055847,0.6014999747276306,1.7510336637496948,0.029400000348687172,0.7059999704360962,0.4212999939918518,-0.09365224689097396,0.7665751125352873,0.4991607537956835,1.6840238040741582,-0.15011062790875052,0.7730601968413833,0.2199206530861364,9.138461538461542,7.819780219780213,7.117948717948721,4.382905982905989,1.780219780219781,-0.6764346764346758,2.0244200244200243,0.0
392334.666845506,862,0.04,0.03799999877810478,0.8757749795913696,0.6014999747276306,1.7460542917251587,0.029400000348687172,0.7059999704360962,0.4212999939918518,-0.09365224689097396,0.7631418326085306,0.4991607537956835,1.6813534752422363,-0.15125505455100274,0.7730601968413833,0.21801327534904935,9.164835164835168,7.872527472527466,7.1042735042735075,4.574358974358979,1.7753357753357761,-0.6715506715506709,2.0,0.0
392334.70683426,863,0.04,0.03799999877810478,0.8752999901771545,0.6014999747276306,1.741075038909912,0.029400000348687172,0.7059999704360962,0.4212999939918518,-0.09365224689097396,0.7608529793240262,0.4991607537956835,1.674486915388723,-0.15125505455100274,0.7730601968413833,0.2203021286335538,9.138461538461542,8.030769230769224,7.117948717948721,4.396581196581202,1.7655677655677664,-0.6715506715506709,1.9316239316239319,0.0
392334.746831543,864,0.04,0.03799999877810478,0.8748250007629395,0.6014999747276306,1.736095666885376,0.029400000348687172,0.7059999704360962,0.4212999939918518,-0.09365224689097396,0.7585641260395217,0.4991607537956835,1.671816586556801,-0.15087357900358533,0.7730601968413833,0.22068360418097122,9.138461538461542,8.189010989010981,7.117948717948721,4.232478632478632,1.7753357753357761,-0.6764346764346758,1.9804639804639805,0.0
392334.786832147,865,0.04,0.03799999877810478,0.8743499517440796,0.6014999747276306,1.7311162948608398,0.029400000348687172,0.7059999704360962,0.4212999939918518,-0.09403372243839137,0.7581826504921043,0.4991607537956835,1.6683833066300444,-0.15087357900358533,0.7730601968413833,0.22068360418097122,9.138461538461542,8.083516483516476,7.1042735042735075,4.478632478632484,1.7704517704517713,-0.6764346764346758,1.9755799755799757,0.0
392334.826829628,866,0.04,0.03799999877810478,0.8738749623298645,0.6014999747276306,1.7261370420455933,0.029400000348687172,0.7059999704360962,0.4212999939918518,-0.09365224689097396,0.7581826504921043,0.4991607537956835,1.661516746776531,-0.15087357900358533,0.7730601968413833,0.22068360418097122,9.138461538461542,8.05714285714285,7.1042735042735075,4.46495726495727,1.7655677655677664,-0.6764346764346758,1.965811965811966,0.0
392334.866829083,867,0.04,0.03799999877810478,0.8733999729156494,0.6014999747276306,1.7211576700210571,0.029400000348687172,0.7059999704360962,0.4212999939918518,-0.09365224689097396,0.7581826504921043,0.4991607537956835,1.655031662470435,-0.15087357900358533,0.7730601968413833,0.22068360418097122,9.112087912087915,8.030769230769224,7.117948717948721,4.61538461538462,1.7655677655677664,-0.6764346764346758,1.965811965811966,0.0
392334.906790418,868,0.04,0.03799999877810478,0.8729249835014343,0.6014999747276306,1.716178297996521,0.029400000348687172,0.7059999704360962,0.4212999939918518,-0.09288929579613914,0.7581826504921043,0.4991607537956835,1.6496910048065914,-0.15087357900358533,0.7730601968413833,0.2203021286335538,9.085714285714289,8.004395604395597,7.117948717948721,4.451282051282057,1.7753357753357761,-0.6764346764346758,1.9804639804639805,0.0
392334.946867477,869,0.04,0.03799999877810478,0.8724499940872192,0.6014999747276306,1.7111990451812744,0.029400000348687172,0.7059999704360962,0.4212999939918518,-0.09288929579613914,0.7581826504921043,0.4991607537956835,1.642824444953078,-0.15087357900358533,0.7730601968413833,0.2199206530861364,9.085714285714289,7.951648351648345,7.117948717948721,4.875213675213679,1.7704517704517713,-0.6764346764346758,1.9755799755799757,0.0
392334.986830282,870,0.04,0.03799999877810478,0.8719749450683594,0.6014999747276306,1.7062196731567383,0.029400000348687172,0.7059999704360962,0.4212999939918518,-0.09288929579613914,0.7581826504921043,0.4991607537956835,1.636339360646982,-0.15087357900358533,0.7730601968413833,0.2199206530861364,9.085714285714289,7.925274725274718,7.117948717948721,4.697435897435902,1.7704517704517713,-0.6764346764346758,1.9853479853479854,0.0
392335.026897469,871,0.04,0.03799999877810478,0.8714999556541443,0.6014999747276306,1.7012403011322021,0.029400000348687172,0.7059999704360962,0.4212999939918518,-0.09288929579613914,0.7581826504921043,0.4991607537956835,1.6302357518883035,-0.15125505455100274,0.7730601968413833,0.219539177538719,9.085714285714289,7.925274725274718,7.1042735042735075,4.929914529914534,1.7704517704517713,-0.6764346764346758,1.9804639804639805,0.0
392335.066913639,872,0.04,0.03799999877810478,0.8710249662399292,0.6014999747276306,1.6962610483169556,0.029400000348687172,0.7059999704360962,0.4212999939918518,-0.09288929579613914,0.7581826504921043,0.4991607537956835,1.6245136186770424,-0.15125505455100274,0.7730601968413833,0.2203021286335538,9.112087912087915,7.898901098901092,7.1042735042735075,4.970940170940175,1.7704517704517713,-0.6715506715506709,1.9755799755799757,0.0
392335.107083626,873,0.04,0.03799999877810478,0.8705499768257141,0.6014999747276306,1.6912816762924194,0.029400000348687172,0.7059999704360962,0.4212999939918518,-0.09288929579613914,0.7581826504921043,0.4991607537956835,1.6187914854657812,-0.15125505455100274,0.7730601968413833,0.2199206530861364,9.085714285714289,7.84615384615384,7.117948717948721,4.998290598290602,1.7655677655677664,-0.6764346764346758,1.9853479853479854,0.0
392335.146846818,874,0.04,0.03799999877810478,0.870074987411499,0.6014999747276306,1.6863024234771729,0.029400000348687172,0.7059999704360962,0.4212999939918518,-0.09288929579613914,0.7581826504921043,0.4991607537956835,1.6134508278019375,-0.15125505455100274,0.7730601968413833,0.219539177538719,9.085714285714289,7.793406593406587,7.117948717948721,5.094017094017097,1.7704517704517713,-0.6764346764346758,1.9804639804639805,0.0
392335.186831997,875,0.04,0.03799999877810478,0.8695999979972839,0.6014999747276306,1.6813230514526367,0.029400000348687172,0.7059999704360962,0.4212999939918518,-0.09288929579613914,0.7581826504921043,0.4991607537956835,1.607347219043259,-0.15125505455100274,0.7730601968413833,0.2199206530861364,9.085714285714289,7.767032967032961,7.1042735042735075,4.888888888888893,1.7704517704517713,-0.6764346764346758,1.9755799755799757,0.0
392335.226830452,876,0.04,0.03799999877810478,0.8691249489784241,0.6014999747276306,1.6763436794281006,0.029400000348687172,0.7059999704360962,0.4212999939918518,-0.09288929579613914,0.7578011749446869,0.4991607537956835,1.605439841306172,-0.15125505455100274,0.7730601968413833,0.21839475089646676,9.085714285714289,7.793406593406587,7.1042735042735075,4.683760683760688,1.7851037851037859,-0.6764346764346758,2.0244200244200243,0.0
392335.266829494,877,0.04,0.03799999877810478,0.868649959564209,0.6014999747276306,1.671364426612854,0.029400000348687172,0.7059999704360962,0.4212999939918518,-0.09288929579613914,0.7555123216601825,0.4991607537956835,1.6023880369268326,-0.15163653009842015,0.7730601968413833,0.2161058976119623,9.085714285714289,8.004395604395597,7.117948717948721,4.670085470085475,1.7753357753357761,-0.6764346764346758,2.0146520146520146,0.0
392335.306834856,878,0.04,0.03799999877810478,0.8681749701499939,0.6014999747276306,1.6663850545883179,0.029400000348687172,0.7059999704360962,0.4212999939918518,-0.09212634470130432,0.7520790417334258,0.4991607537956835,1.5981918059052411,-0.15125505455100274,0.7730601968413833,0.21648737315937971,8.848351648351652,8.162637362637355,7.1042735042735075,4.642735042735048,1.7704517704517713,-0.6764346764346758,2.004884004884005,0.0
392335.346834468,879,0.04,0.03799999877810478,0.8676999807357788,0.6014999747276306,1.6614058017730713,0.029400000348687172,0.7059999704360962,0.4212999939918518,-0.09098191805905209,0.7486457618066691,0.4991607537956835,1.5936140993362322,-0.15125505455100274,0.7730601968413833,0.21648737315937971,8.980219780219784,8.479120879120885,7.1042735042735075,4.560683760683766,1.7753357753357761,-0.6764346764346758,2.0097680097680097,0.0
392335.388038242,880,0.04,0.03799999877810478,0.8672249913215637,0.6014999747276306,1.6564264297485352,0.029400000348687172,0.7059999704360962,0.4212999939918518,-0.09098191805905209,0.7444495307850776,0.4991607537956835,1.5897993438620581,-0.15125505455100274,0.7730601968413833,0.21648737315937971,8.927472527472531,8.742857142857147,7.090598290598294,4.588034188034193,1.7704517704517713,-0.6764346764346758,2.0146520146520146,0.0
392335.426878328,881,0.04,0.03799999877810478,0.8667500019073486,0.6014999747276306,1.651447057723999,0.029400000348687172,0.7059999704360962,0.4212999939918518,-0.09098191805905209,0.7421606775005731,0.4991607537956835,1.5844586861982144,-0.15125505455100274,0.7730601968413833,0.21725032425421453,8.953846153846158,8.821978021978026,7.117948717948721,4.5333333333333385,1.7753357753357761,-0.6764346764346758,2.004884004884005,0.0
392335.467069143,882,0.04,0.03799999877810478,0.8662749528884888,0.6014999747276306,1.6464678049087524,0.029400000348687172,0.7059999704360962,0.4212999939918518,-0.0913633936064695,0.7413977264057383,0.4991607537956835,1.5787365529869533,-0.15125505455100274,0.7730601968413833,0.21686884870679712,8.980219780219784,8.716483516483521,7.117948717948721,4.943589743589747,1.780219780219781,-0.6764346764346758,2.0195360195360195,0.0
392335.506847129,883,0.04,0.03799999877810478,0.8657999634742737,0.6014999747276306,1.6414884328842163,0.029400000348687172,0.7059999704360962,0.4212999939918518,-0.0913633936064695,0.7413977264057383,0.4991607537956835,1.5699626153963528,-0.15125505455100274,0.7730601968413833,0.21686884870679712,8.980219780219784,8.663736263736268,7.1042735042735075,4.7931623931623974,1.7704517704517713,-0.6764346764346758,2.0097680097680097,0.0
392335.54683365,884,0.04,0.03799999877810478,0.8653249740600586,0.6014999747276306,1.6365091800689697,0.029400000348687172,0.7059999704360962,0.4212999939918518,-0.0913633936064695,0.7413977264057383,0.4991607537956835,1.5638590066376743,-0.15125505455100274,0.7730601968413833,0.21648737315937971,8.953846153846158,8.637362637362642,7.1042735042735075,5.1213675213675245,1.7753357753357761,-0.6764346764346758,2.0097680097680097,0.0
392335.586828534,885,0.04,0.03799999877810478,0.8648499846458435,0.6014999747276306,1.6315298080444336,0.029400000348687172,0.7059999704360962,0.4212999939918518,-0.0913633936064695,0.7413977264057383,0.4991607537956835,1.5566109712367435,-0.15125505455100274,0.7730601968413833,0.21648737315937971,8.953846153846158,8.58461538461539,7.117948717948721,5.1213675213675245,1.7704517704517713,-0.6764346764346758,2.0097680097680097,0.0
392335.626843013,886,0.04,0.03799999877810478,0.8643749952316284,0.6014999747276306,1.6265504360198975,0.029400000348687172,0.7059999704360962,0.4212999939918518,-0.0913633936064695,0.7413977264057383,0.4991607537956835,1.5493629358358127,-0.15125505455100274,0.7730601968413833,0.2161058976119623,8.953846153846158,8.558241758241763,7.117948717948721,5.2307692307692335,1.7753357753357761,-0.6764346764346758,2.0195360195360195,0.0
392335.66688526,887,0.04,0.03799999877810478,0.8638999462127686,0.6014999747276306,1.6215710639953613,0.029400000348687172,0.7059999704360962,0.4212999939918518,-0.0913633936064695,0.7413977264057383,0.4991607537956835,1.5424963759822994,-0.15125505455100274,0.7730601968413833,0.2161058976119623,8.953846153846158,8.531868131868137,7.1042735042735075,5.381196581196583,1.7753357753357761,-0.6813186813186807,2.0146520146520146,0.0
392335.706836522,888,0.04,0.03799999877810478,0.8634249567985535,0.6014999747276306,1.6165918111801147,0.029400000348687172,0.7059999704360962,0.4212999939918518,-0.0913633936064695,0.7413977264057383,0.4991607537956835,1.5383001449607079,-0.15125505455100274,0.7730601968413833,0.2157244220645449,8.980219780219784,8.531868131868137,7.1042735042735075,5.039316239316243,1.780219780219781,-0.6764346764346758,2.0244200244200243,0.0
392335.746828469,889,0.04,0.03799999877810478,0.8629499673843384,0.6014999747276306,1.6116124391555786,0.029400000348687172,0.7059999704360962,0.4212999939918518,-0.0913633936064695,0.7387273975738164,0.4991607537956835,1.5367742427710382,-0.1531624322880898,0.7730601968413833,0.2119096665903708,8.953846153846158,8.769230769230774,7.1042735042735075,5.039316239316243,1.8388278388278394,-0.6764346764346758,2.078144078144078,0.0
392335.786828495,890,0.04,0.03799999877810478,0.8624749779701233,0.6014999747276306,1.606633186340332,0.029400000348687172,0.7059999704360962,0.4212999939918518,-0.0913633936064695,0.736438544289312,0.4991607537956835,1.5348668650339512,-0.1535439078355072,0.7730601968413833,0.2119096665903708,8.953846153846158,8.848351648351652,7.1042735042735075,5.025641025641029,1.7997557997558005,-0.6764346764346758,2.0586080586080584,0.0
392335.826832094,891,0.04,0.03799999877810478,0.8619999885559082,0.6014999747276306,1.601653814315796,0.029400000348687172,0.7059999704360962,0.4212999939918518,-0.09098191805905209,0.7360570687418946,0.4991607537956835,1.5280003051804378,-0.1535439078355072,0.7730601968413833,0.21305409323262303,8.953846153846158,8.769230769230774,7.117948717948721,4.888888888888893,1.7948717948717956,-0.6715506715506709,2.034188034188034,0.0
392335.866831049,892,0.04,0.03799999877810478,0.8615249991416931,0.6014999747276306,1.5966744422912598,0.029400000348687172,0.7059999704360962,0.4212999939918518,-0.09098191805905209,0.7356755931944772,0.4991607537956835,1.5268558785381856,-0.1535439078355072,0.7730601968413833,0.21305409323262303,8.953846153846158,8.7956043956044,7.117948717948721,4.547008547008552,1.7899877899877907,-0.6764346764346758,2.0537240537240535,0.0
392335.90683033,893,0.04,0.03799999877810478,0.8610499501228333,0.6014999747276306,1.5916951894760132,0.029400000348687172,0.7059999704360962,0.4212999939918518,-0.09098191805905209,0.7352941176470598,0.4991607537956835,1.5241855497062637,-0.1535439078355072,0.7730601968413833,0.21267261768520562,8.953846153846158,8.769230769230774,7.117948717948721,4.711111111111116,1.7997557997558005,-0.6813186813186807,2.0537240537240535,0.0
392335.946837831,894,0.04,0.03799999877810478,0.8605749607086182,0.6014999747276306,1.586715817451477,0.029400000348687172,0.7059999704360962,0.4212999939918518,-0.09098191805905209,0.7352941176470598,0.4991607537956835,1.5180819409475852,-0.1535439078355072,0.7730601968413833,0.21267261768520562,8.953846153846158,8.716483516483521,7.117948717948721,4.683760683760688,1.7948717948717956,-0.6764346764346758,2.043956043956044,0.0
392335.986830795,895,0.04,0.03799999877810478,0.8600999712944031,0.6014999747276306,1.5817365646362305,0.029400000348687172,0.7059999704360962,0.4212999939918518,-0.09098191805905209,0.7352941176470598,0.4991607537956835,1.5119783321889066,-0.1535439078355072,0.7730601968413833,0.21267261768520562,8.953846153846158,8.690109890109895,7.1042735042735075,4.9025641025641065,1.7948717948717956,-0.6764346764346758,2.043956043956044,0.0
392336.026950617,896,0.04,0.03799999877810478,0.859624981880188,0.6014999747276306,1.5767571926116943,0.029400000348687172,0.7059999704360962,0.4212999939918518,-0.09098191805905209,0.7352941176470598,0.4991607537956835,1.5051117723353933,-0.1535439078355072,0.7730601968413833,0.21305409323262303,8.953846153846158,8.663736263736268,7.1042735042735075,4.601709401709407,1.7899877899877907,-0.6764346764346758,2.043956043956044,0.0
392336.066843762,897,0.04,0.03799999877810478,0.8591499924659729,0.6014999747276306,1.5717778205871582,0.029400000348687172,0.7059999704360962,0.4212999939918518,-0.09098191805905209,0.7352941176470598,0.4991607537956835,1.5024414435034714,-0.1539253833829246,0.7730601968413833,0.2119096665903708,8.980219780219784,8.663736263736268,7.1042735042735075,4.806837606837611,1.8095238095238102,-0.6715506715506709,2.0830280830280827,0.0
392336.106850489,898,0.04,0.03799999877810478,0.8586750030517578,0.6014999747276306,1.5667985677719116,0.029400000348687172,0.7059999704360962,0.4212999939918518,-0.09098191805905209,0.7330052643625553,0.4991607537956835,1.4932860303654536,-0.1539253833829246,0.7730601968413833,0.21000228885328376,8.980219780219784,8.848351648351652,7.117948717948721,4.998290598290602,1.7899877899877907,-0.6764346764346758,2.073260073260073,0.0
392336.146821261,899,0.04,0.03799999877810478,0.858199954032898,0.6014999747276306,1.5618191957473755,0.029400000348687172,0.7059999704360962,0.4212999939918518,-0.09098191805905209,0.7303349355306334,0.4991607537956835,1.487182421606775,-0.1535439078355072,0.7730601968413833,0.21038376440070117,8.953846153846158,8.901098901098905,7.117948717948721,5.06666666666667,1.7899877899877907,-0.6764346764346758,2.073260073260073,0.0
392336.186832677,900,0.04,0.03799999877810478,0.8577249646186829,0.6014999747276306,1.556839942932129,0.029400000348687172,0.7059999704360962,0.4212999939918518,-0.09098191805905209,0.7303349355306334,0.4991607537956835,1.4799343862058443,-0.1535439078355072,0.7730601968413833,0.21038376440070117,8.953846153846158,8.901098901098905,7.1042735042735075,5.203418803418806,1.7997557997558005,-0.6764346764346758,2.073260073260073,0.0
392336.22683171,901,0.04,0.03799999877810478,0.8572499752044678,0.6014999747276306,1.5518605709075928,0.029400000348687172,0.7059999704360962,0.4212999939918518,-0.09098191805905209,0.7303349355306334,0.4991607537956835,1.4734493018997483,-0.1535439078355072,0.7730601968413833,0.21038376440070117,8.953846153846158,8.848351648351652,7.1042735042735075,5.258119658119661,1.7948717948717956,-0.6764346764346758,2.068376068376068,0.0
392336.266828496,902,0.04,0.03799999877810478,0.8567749857902527,0.6014999747276306,1.5468811988830566,0.029400000348687172,0.7059999704360962,0.4212999939918518,-0.09098191805905209,0.7303349355306334,0.4991607537956835,1.468490119783322,-0.1539253833829246,0.7730601968413833,0.20847638666361412,8.953846153846158,8.821978021978026,7.1042735042735075,5.285470085470088,1.8046398046398053,-0.6764346764346758,2.1221001221001217,0.0
392336.306854241,903,0.04,0.03799999877810478,0.8562999963760376,0.6014999747276306,1.5419018268585205,0.029400000348687172,0.7059999704360962,0.4212999939918518,-0.09098191805905209,0.7303349355306334,0.4991607537956835,1.4612420843823912,-0.1539253833829246,0.7730601968413833,0.20618753337910967,8.953846153846158,8.769230769230774,7.117948717948721,5.3401709401709425,1.7948717948717956,-0.6715506715506709,2.112332112332112,0.0
392336.346862711,904,0.04,0.03799999877810478,0.8558249473571777,0.6014999747276306,1.536922574043274,0.029400000348687172,0.7059999704360962,0.4212999939918518,-0.09098191805905209,0.7303349355306334,0.4991607537956835,1.4589532310978868,-0.1539253833829246,0.7730601968413833,0.20542458228427485,8.953846153846158,8.742857142857147,7.117948717948721,5.094017094017097,1.7997557997558005,-0.6764346764346758,2.141636141636141,0.0
392336.386879689,905,0.04,0.03799999877810478,0.8553499579429626,0.6014999747276306,1.5319432020187378,0.029400000348687172,0.7059999704360962,0.4212999939918518,-0.09098191805905209,0.7303349355306334,0.4991607537956835,1.4551384756237127,-0.1539253833829246,0.7730601968413833,0.20466163118944003,8.953846153846158,8.716483516483521,7.1042735042735075,5.312820512820515,1.7997557997558005,-0.6715506715506709,2.1318681318681314,0.0
392336.426828575,906,0.04,0.03799999877810478,0.8548749685287476,0.6014999747276306,1.5269639492034912,0.029400000348687172,0.7059999704360962,0.4212999939918518,-0.09098191805905209,0.7303349355306334,0.4991607537956835,1.4501792935072864,-0.1539253833829246,0.7730601968413833,0.20504310673685744,8.953846153846158,8.690109890109895,7.1042735042735075,5.094017094017097,1.7997557997558005,-0.6764346764346758,2.1269841269841265,0.0
392336.466807781,907,0.04,0.03799999877810478,0.8543999791145325,0.6014999747276306,1.521984577178955,0.029400000348687172,0.7059999704360962,0.4212999939918518,-0.09098191805905209,0.7295719844357986,0.4991607537956835,1.4486533913176167,-0.1539253833829246,0.7730601968413833,0.20504310673685744,8.953846153846158,8.742857142857147,7.1042735042735075,4.738461538461543,1.7997557997558005,-0.6813186813186807,2.1269841269841265,0.0
392336.506961631,908,0.04,0.03799999877810478,0.8539249897003174,0.6014999747276306,1.517005205154419,0.029400000348687172,0.7059999704360962,0.4212999939918518,-0.09098191805905209,0.7269016556038768,0.4991607537956835,1.4486533913176167,-0.1539253833829246,0.7730601968413833,0.20504310673685744,8.953846153846158,9.00659340659341,7.117948717948721,4.519658119658125,1.7997557997558005,-0.6764346764346758,2.1269841269841265,0.0
392336.546930358,909,0.04,0.03799999877810478,0.8534500002861023,0.6014999747276306,1.5120259523391724,0.029400000348687172,0.7059999704360962,0.4212999939918518,-0.09098191805905209,0.7249942778667897,0.4995422293431009,1.4467460135805297,-0.1539253833829246,0.7730601968413833,0.20504310673685744,8.927472527472531,8.927472527472531,7.1042735042735075,4.656410256410261,1.7997557997558005,-0.6764346764346758,2.1221001221001217,0.0
392336.586887009,910,0.04,0.03799999877810478,0.8529749512672424,0.6014999747276306,1.5070465803146362,0.029400000348687172,0.7059999704360962,0.4212999939918518,-0.08983749141679986,0.7249942778667897,0.4995422293431009,1.4391165026321815,-0.1539253833829246,0.7730601968413833,0.20542458228427485,8.663736263736268,8.927472527472531,7.1042735042735075,4.629059829059834,1.7899877899877907,-0.6764346764346758,2.102564102564102,0.0
392336.62686804,911,0.04,0.03799999877810478,0.8524999618530273,0.6014999747276306,1.5020673274993896,0.029400000348687172,0.7059999704360962,0.4212999939918518,-0.08869306477454764,0.7242313267719549,0.4995422293431009,1.43492027161059,-0.1539253833829246,0.7730601968413833,0.20580605783169226,8.821978021978026,8.927472527472531,7.090598290598294,4.574358974358979,1.7997557997558005,-0.6715506715506709,2.117216117216117,0.0
392336.66686578,912,0.04,0.03799999877810478,0.8520249724388123,0.6014999747276306,1.4970879554748535,0.029400000348687172,0.7059999704360962,0.4212999939918518,-0.08869306477454764,0.7223239490348679,0.4995422293431009,1.4272907606622418,-0.1535439078355072,0.7730601968413833,0.20580605783169226,8.769230769230774,9.164835164835168,7.1042735042735075,4.752136752136757,1.7948717948717956,-0.6813186813186807,2.117216117216117,0.0
392336.70678966,913,0.04,0.03799999877810478,0.8515499830245972,0.6014999747276306,1.4921085834503174,0.029400000348687172,0.7059999704360962,0.4212999939918518,-0.08869306477454764,0.719653620202946,0.4995422293431009,1.4215686274509807,-0.1535439078355072,0.7730601968413833,0.20504310673685744,8.7956043956044,9.349450549450552,7.090598290598294,4.970940170940175,1.7948717948717956,-0.6813186813186807,2.146520146520146,0.0
392336.746825845,914,0.04,0.03799999877810478,0.8510749936103821,0.6014999747276306,1.4871292114257812,0.029400000348687172,0.7059999704360962,0.4212999939918518,-0.08831158922713023,0.7188906691081112,0.4995422293431009,1.4105058365758758,-0.1535439078355072,0.7730601968413833,0.20504310673685744,8.769230769230774,9.191208791208794,7.1042735042735075,5.531623931623933,1.7948717948717956,-0.6715506715506709,2.1269841269841265,0.0
392336.786829053,915,0.04,0.03799999877810478,0.850600004196167,0.6014999747276306,1.4821499586105347,0.029400000348687172,0.7059999704360962,0.4212999939918518,-0.08831158922713023,0.7188906691081112,0.4995422293431009,1.4017318989852754,-0.1535439078355072,0.7730601968413833,0.20504310673685744,8.7956043956044,9.21758241758242,7.1042735042735075,5.422222222222224,1.7948717948717956,-0.6764346764346758,2.1221001221001217,0.0
392336.826828761,916,0.04,0.03799999877810478,0.8501249551773071,0.6014999747276306,1.4771705865859985,0.029400000348687172,0.7059999704360962,0.4212999939918518,-0.08869306477454764,0.7154573891813545,0.4995422293431009,1.392957961394675,-0.1539253833829246,0.7730601968413833,0.20504310673685744,8.7956043956044,9.586813186813188,7.1042735042735075,5.5589743589743605,1.7997557997558005,-0.6764346764346758,2.1269841269841265,0.0
392336.866829565,917,0.04,0.03799999877810478,0.849649965763092,0.6014999747276306,1.472191333770752,0.029400000348687172,0.7059999704360962,0.4212999939918518,-0.08869306477454764,0.7120241092545978,0.4995422293431009,1.3879987792782487,-0.1539253833829246,0.7730601968413833,0.2038986800946052,8.7956043956044,9.771428571428572,7.1042735042735075,5.723076923076924,1.814407814407815,-0.6764346764346758,2.1709401709401703,0.0
392336.906829251,918,0.04,0.03799999877810478,0.849174976348877,0.6014999747276306,1.4672119617462158,0.029400000348687172,0.7059999704360962,0.4212999939918518,-0.08869306477454764,0.711261158159763,0.4995422293431009,1.3811322194247353,-0.15430685893034202,0.7730601968413833,0.20122835126268335,8.7956043956044,9.613186813186815,7.090598290598294,5.586324786324788,1.8046398046398053,-0.6715506715506709,2.1611721611721606,0.0
392336.946854086,919,0.04,0.03799999877810478,0.8486999869346619,0.6014999747276306,1.4622325897216797,0.029400000348687172,0.7059999704360962,0.4212999939918518,-0.08869306477454764,0.7108796826123456,0.4995422293431009,1.3784618905928134,-0.15430685893034202,0.7730601968413833,0.20084687571526594,8.7956043956044,9.586813186813188,7.1042735042735075,5.476923076923079,1.8046398046398053,-0.6764346764346758,2.1709401709401703,0.0
392336.986778367,920,0.04,0.03799999877810478,0.8482249975204468,0.6014999747276306,1.457253336906433,0.029400000348687172,0.7059999704360962,0.4212999939918518,-0.08869306477454764,0.7108796826123456,0.4995422293431009,1.3754100862134742,-0.15430685893034202,0.7730601968413833,0.20084687571526594,8.7956043956044,9.586813186813188,7.1042735042735075,5.3401709401709425,1.8046398046398053,-0.6764346764346758,2.1660561660561655,0.0
392337.026830486,921,0.04,0.03799999877810478,0.8477499485015869,0.6014999747276306,1.4522740840911865,0.029400000348687172,0.7059999704360962,0.4212999939918518,-0.08869306477454764,0.7108796826123456,0.4995422293431009,1.3735027084763871,-0.15430685893034202,0.7730601968413833,0.20084687571526594,8.7956043956044,9.560439560439562,7.090598290598294,5.1213675213675245,1.8046398046398053,-0.6764346764346758,2.1709401709401703,0.0
392337.066837459,922,0.04,0.03799999877810478,0.8472749590873718,0.6014999747276306,1.4472947120666504,0.029400000348687172,0.7059999704360962,0.4212999939918518,-0.08869306477454764,0.7108796826123456,0.4995422293431009,1.3723582818341349,-0.15430685893034202,0.7730601968413833,0.20084687571526594,8.7956043956044,9.50769230769231,7.090598290598294,4.943589743589747,1.7997557997558005,-0.6715506715506709,2.1660561660561655,0.0
392337.106834757,923,0.04,0.03799999877810478,0.8467999696731567,0.6014999747276306,1.4423153400421143,0.029400000348687172,0.7059999704360962,0.4212999939918518,-0.08869306477454764,0.7108796826123456,0.4995422293431009,1.3715953307393,-0.15430685893034202,0.7730601968413833,0.20084687571526594,8.7956043956044,9.454945054945057,7.1042735042735075,4.629059829059834,1.7997557997558005,-0.6764346764346758,2.1611721611721606,0.0
392337.14684248,924,0.04,0.03799999877810478,0.8463249802589417,0.6014999747276306,1.4373359680175781,0.029400000348687172,0.7059999704360962,0.4212999939918518,-0.08869306477454764,0.7108796826123456,0.4995422293431009,1.3693064774547956,-0.15430685893034202,0.7730601968413833,0.20084687571526594,8.769230769230774,9.42857142857143,7.090598290598294,4.656410256410261,1.8046398046398053,-0.6764346764346758,2.1611721611721606,0.0
392337.186824222,925,0.04,0.03799999877810478,0.8458499908447266,0.6014999747276306,1.432356595993042,0.029400000348687172,0.7059999704360962,0.4212999939918518,-0.08831158922713023,0.7108796826123456,0.4995422293431009,1.3639658197909519,-0.15430685893034202,0.7730601968413833,0.20160982681010076,8.769230769230774,9.402197802197804,7.090598290598294,4.861538461538466,1.8046398046398053,-0.6764346764346758,2.141636141636141,0.0
392337.226836824,926,0.04,0.03799999877810478,0.8453749418258667,0.6014999747276306,1.4273773431777954,0.029400000348687172,0.7059999704360962,0.4212999939918518,-0.08793011367971282,0.7108796826123456,0.4995422293431009,1.3570992599374385,-0.1539253833829246,0.7730601968413833,0.20504310673685744,8.742857142857147,9.375824175824178,7.090598290598294,4.779487179487184,1.7948717948717956,-0.6764346764346758,2.117216117216117,0.0
392337.266855861,927,0.04,0.03799999877810478,0.8448999524116516,0.6014999747276306,1.4223980903625488,0.029400000348687172,0.7059999704360962,0.4212999939918518,-0.08793011367971282,0.7108796826123456,0.4995422293431009,1.3502327000839252,-0.1539253833829246,0.7730601968413833,0.20504310673685744,8.716483516483521,9.323076923076925,7.090598290598294,5.148717948717952,1.7997557997558005,-0.6764346764346758,2.1269841269841265,0.0
392337.306833329,928,0.04,0.03799999877810478,0.8444249629974365,0.6014999747276306,1.4174187183380127,0.029400000348687172,0.7059999704360962,0.4212999939918518,-0.08754863813229541,0.7108796826123456,0.4995422293431009,1.3414587624933247,-0.1539253833829246,0.7730601968413833,0.20504310673685744,8.742857142857147,9.323076923076925,7.1042735042735075,5.244444444444447,1.7997557997558005,-0.6764346764346758,2.1269841269841265,0.0
392337.34682176,929,0.04,0.03799999877810478,0.8439499735832214,0.6014999747276306,1.4124393463134766,0.029400000348687172,0.7059999704360962,0.4212999939918518,-0.08678568703746059,0.7108796826123456,0.4995422293431009,1.3326848249027243,-0.1539253833829246,0.7730601968413833,0.20466163118944003,8.531868131868137,9.2967032967033,7.090598290598294,5.572649572649574,1.7997557997558005,-0.6764346764346758,2.1367521367521363,0.0
392337.386824637,930,0.04,0.03799999877810478,0.8434749841690063,0.6014999747276306,1.40746009349823,0.029400000348687172,0.7059999704360962,0.4212999939918518,-0.08564126039520836,0.7108796826123456,0.4995422293431009,1.3235294117647065,-0.1539253833829246,0.7730601968413833,0.20428015564202262,8.58461538461539,9.270329670329673,7.1042735042735075,5.463247863247865,1.7997557997558005,-0.6764346764346758,2.1269841269841265,0.0
392337.426792485,931,0.04,0.03799999877810478,0.8429999947547913,0.6014999747276306,1.4024807214736938,0.029400000348687172,0.7059999704360962,0.4212999939918518,-0.08564126039520836,0.7097352559700933,0.4995422293431009,1.317425803006028,-0.15430685893034202,0.7730601968413833,0.20237277790493557,8.58461538461539,9.375824175824178,7.090598290598294,5.846153846153847,1.7997557997558005,-0.6715506715506709,2.1709401709401703,0.0
392337.466803978,932,0.04,0.03799999877810478,0.8425249457359314,0.6014999747276306,1.3975014686584473,0.029400000348687172,0.7059999704360962,0.4212999939918518,-0.08564126039520836,0.7085908293278411,0.4995422293431009,1.3132295719844365,-0.15430685893034202,0.7730601968413833,0.20237277790493557,8.58461538461539,9.375824175824178,7.1042735042735075,5.394871794871797,1.7997557997558005,-0.6715506715506709,2.1562881562881557,0.0
392337.506788585,933,0.04,0.03799999877810478,0.8420499563217163,0.6014999747276306,1.3925220966339111,0.029400000348687172,0.7059999704360962,0.4212999939918518,-0.08564126039520836,0.7082093537804237,0.4995422293431009,1.310940718699932,-0.15430685893034202,0.7730601968413833,0.1993209735255963,8.58461538461539,9.349450549450552,7.090598290598294,5.422222222222224,1.7997557997558005,-0.6764346764346758,2.2197802197802208,0.0
392337.547065737,934,0.04,0.03799999877810478,0.8415749669075012,0.6014999747276306,1.387542724609375,0.029400000348687172,0.7059999704360962,0.4212999939918518,-0.08564126039520836,0.7082093537804237,0.4995422293431009,1.3067444876783405,-0.15430685893034202,0.7730601968413833,0.19855802243076148,8.558241758241763,9.323076923076925,7.1042735042735075,5.3401709401709425,1.8046398046398053,-0.6764346764346758,2.185592185592185,0.0
392337.586836969,935,0.04,0.03799999877810478,0.8410999774932861,0.6014999747276306,1.3825633525848389,0.029400000348687172,0.7059999704360962,0.4212999939918518,-0.08525978484779095,0.7082093537804237,0.4995422293431009,1.3040741588464186,-0.15430685893034202,0.7730601968413833,0.1989394979781789,8.558241758241763,9.270329670329673,7.090598290598294,5.039316239316243,1.7997557997558005,-0.6764346764346758,2.185592185592185,0.0
392337.626832926,936,0.04,0.03799999877810478,0.840624988079071,0.6014999747276306,1.3775839805603027,0.029400000348687172,0.7059999704360962,0.4212999939918518,-0.08525978484779095,0.7082093537804237,0.4995422293431009,1.3029297322041664,-0.15430685893034202,0.7730601968413833,0.1989394979781789,8.558241758241763,9.243956043956047,7.090598290598294,4.847863247863252,1.8046398046398053,-0.6764346764346758,2.1904761904761916,0.0
392337.666995622,937,0.04,0.03799999877810478,0.840149998664856,0.6014999747276306,1.3726048469543457,0.029400000348687172,0.7059999704360962,0.4212999939918518,-0.08525978484779095,0.7082093537804237,0.4995422293431009,1.302548256656749,-0.15430685893034202,0.7730601968413833,0.19855802243076148,8.558241758241763,9.21758241758242,7.07692307692308,4.61538461538462,1.7997557997558005,-0.6764346764346758,2.1904761904761916,0.0
392337.706841427,938,0.04,0.03799999877810478,0.8396749496459961,0.6014999747276306,1.3676254749298096,0.029400000348687172,0.7059999704360962,0.4212999939918518,-0.08525978484779095,0.7082093537804237,0.4995422293431009,1.2983520256351575,-0.15430685893034202,0.7730601968413833,0.1989394979781789,8.531868131868137,9.164835164835168,7.090598290598294,4.984615384615388,1.7997557997558005,-0.6764346764346758,2.185592185592185,0.0
392337.74686061,939,0.04,0.03799999877810478,0.839199960231781,0.6014999747276306,1.3626461029052734,0.029400000348687172,0.7059999704360962,0.4212999939918518,-0.08106355382619945,0.7078278782330063,0.4995422293431009,1.2914854657816441,-0.1539253833829246,0.7730601968413833,0.20046540016784853,7.951648351648345,9.164835164835168,7.090598290598294,4.779487179487184,1.7997557997558005,-0.6764346764346758,2.1611721611721606,0.0
392337.787353428,940,0.04,0.03799999877810478,0.8387249708175659,0.6014999747276306,1.3576667308807373,0.029400000348687172,0.7059999704360962,0.4212999939918518,-0.07953765163652982,0.7051575494010844,0.4995422293431009,1.2869077592126352,-0.1539253833829246,0.7730601968413833,0.1997024490730137,8.05714285714285,9.454945054945057,7.090598290598294,4.984615384615388,1.7948717948717956,-0.6764346764346758,2.1709401709401703,0.0
392337.826832097,941,0.04,0.03799999877810478,0.8382499814033508,0.6014999747276306,1.3526874780654907,0.029400000348687172,0.7059999704360962,0.4212999939918518,-0.07724879835202536,0.7005798428320755,0.5006866559853531,1.279278248264287,-0.1539253833829246,0.7730601968413833,0.20160982681010076,8.004395604395597,9.824175824175825,6.803418803418808,4.888888888888893,1.7948717948717956,-0.6715506715506709,2.1562881562881557,0.0
392337.866806754,942,0.04,0.03799999877810478,0.8377749919891357,0.6014999747276306,1.3477081060409546,0.029400000348687172,0.7059999704360962,0.4212999939918518,-0.07724879835202536,0.6971465629053188,0.5041199359121098,1.2743190661478607,-0.1539253833829246,0.7730601968413833,0.20122835126268335,7.978021978021971,9.92967032967033,6.77606837606838,5.189743589743593,1.7948717948717956,-0.6764346764346758,2.1611721611721606,0.0
392337.906825802,943,0.04,0.03799999877810478,0.8372999429702759,0.6014999747276306,1.342728853225708,0.029400000348687172,0.7059999704360962,0.4212999939918518,-0.07724879835202536,0.696383611810484,0.5041199359121098,1.2655451285572603,-0.1539253833829246,0.7730601968413833,0.20160982681010076,8.030769230769224,9.771428571428572,6.77606837606838,5.353846153846156,1.7997557997558005,-0.6764346764346758,2.1611721611721606,0.0
392337.946802562,944,0.04,0.03799999877810478,0.8368249535560608,0.6014999747276306,1.3377494812011719,0.029400000348687172,0.7059999704360962,0.4212999939918518,-0.07763027389944277,0.696383611810484,0.5041199359121098,1.2571526665140773,-0.1539253833829246,0.7730601968413833,0.20160982681010076,8.030769230769224,9.824175824175825,6.762393162393167,5.312820512820515,1.8046398046398053,-0.6764346764346758,2.1660561660561655,0.0
392337.990273002,945,0.04,0.03799999877810478,0.8363499641418457,0.6014999747276306,1.3327701091766357,0.029400000348687172,0.7059999704360962,0.4212999939918518,-0.07763027389944277,0.6940947585259796,0.5041199359121098,1.2491416800183117,-0.1539253833829246,0.7730601968413833,0.1993209735255963,8.030769230769224,9.956043956043956,6.77606837606838,5.736752136752138,1.7997557997558005,-0.6715506715506709,2.185592185592185,0.0
392338.026857077,946,0.04,0.03799999877810478,0.8358749747276306,0.6014999747276306,1.3277908563613892,0.029400000348687172,0.7059999704360962,0.4212999939918518,-0.07763027389944277,0.6937132829785622,0.5041199359121098,1.2430380712596332,-0.1539253833829246,0.7730601968413833,0.19779507133592666,8.004395604395597,9.92967032967033,6.789743589743594,5.764102564102565,1.8046398046398053,-0.6764346764346758,2.2393162393162402,0.0
392338.066782576,947,0.04,0.03799999877810478,0.8353999853134155,0.6014999747276306,1.322811484336853,0.029400000348687172,0.7059999704360962,0.4212999939918518,-0.07763027389944277,0.6937132829785622,0.5041199359121098,1.2361715114061198,-0.15430685893034202,0.7730601968413833,0.19703212024109185,8.004395604395597,9.903296703296704,6.77606837606838,5.777777777777779,1.8046398046398053,-0.6715506715506709,2.2002442002442013,0.0
392338.106826905,948,0.04,0.03799999877810478,0.8349249958992004,0.6014999747276306,1.3178322315216064,0.029400000348687172,0.7059999704360962,0.4212999939918518,-0.07763027389944277,0.6925688563363099,0.5041199359121098,1.231593804837111,-0.15430685893034202,0.7730601968413833,0.19703212024109185,8.030769230769224,10.035164835164835,6.77606837606838,5.791452991452992,1.7997557997558005,-0.6715506715506709,2.205128205128206,0.0
392338.146822732,949,0.04,0.03799999877810478,0.8344499468803406,0.6014999747276306,1.3128528594970703,0.029400000348687172,0.7059999704360962,0.4212999939918518,-0.07763027389944277,0.6918059052414751,0.5041199359121098,1.2273975738155194,-0.15430685893034202,0.7730601968413833,0.19703212024109185,8.004395604395597,9.92967032967033,6.762393162393167,5.5589743589743605,1.8046398046398053,-0.6764346764346758,2.205128205128206,0.0
392338.186822523,950,0.04,0.03799999877810478,0.8339749574661255,0.6014999747276306,1.3078734874725342,0.029400000348687172,0.7059999704360962,0.4212999939918518,-0.07763027389944277,0.6918059052414751,0.5041199359121098,1.2262531471732672,-0.15430685893034202,0.7730601968413833,0.19703212024109185,8.004395604395597,9.92967032967033,6.77606837606838,5.2307692307692335,1.7997557997558005,-0.6764346764346758,2.205128205128206,0.0
392338.22687987,951,0.04,0.03799999877810478,0.8334999680519104,0.6014999747276306,1.302894115447998,0.029400000348687172,0.7059999704360962,0.4212999939918518,-0.07763027389944277,0.6918059052414751,0.5041199359121098,1.2262531471732672,-0.15430685893034202,0.7730601968413833,0.19703212024109185,8.030769230769224,9.876923076923077,6.77606837606838,5.025641025641029,1.8046398046398053,-0.6764346764346758,2.205128205128206,0.0
392338.266832423,952,0.04,0.03799999877810478,0.8330249786376953,0.6014999747276306,1.297914743423462,0.029400000348687172,0.7059999704360962,0.4212999939918518,-0.07763027389944277,0.6918059052414751,0.5041199359121098,1.2258716716258498,-0.15430685893034202,0.7730601968413833,0.19703212024109185,8.004395604395597,9.850549450549451,6.77606837606838,4.697435897435902,1.8046398046398053,-0.6764346764346758,2.205128205128206,0.0
392338.306830237,953,0.04,0.03799999877810478,0.8325499892234802,0.6014999747276306,1.2929356098175049,0.029400000348687172,0.7059999704360962,0.4212999939918518,-0.07763027389944277,0.6918059052414751,0.5041199359121098,1.2254901960784323,-0.15430685893034202,0.7730601968413833,0.19741359578850926,8.004395604395597,9.824175824175825,6.762393162393167,4.46495726495727,1.8046398046398053,-0.6715506715506709,2.1953601953601964,0.0
392338.346828264,954,0.04,0.03799999877810478,0.8320749998092651,0.6014999747276306,1.2879562377929688,0.029400000348687172,0.7059999704360962,0.4212999939918518,-0.07724879835202536,0.6918059052414751,0.5041199359121098,1.2235828183413453,-0.1539253833829246,0.7730601968413833,0.19855802243076148,7.978021978021971,9.771428571428572,6.77606837606838,4.3008547008547,1.7997557997558005,-0.6764346764346758,2.175824175824175,0.0
392338.386829112,955,0.04,0.03799999877810478,0.8315999507904053,0.6014999747276306,1.2829768657684326,0.029400000348687172,0.7059999704360962,0.4212999939918518,-0.07724879835202536,0.6918059052414751,0.5041199359121098,1.2182421606775016,-0.1539253833829246,0.7730601968413833,0.20008392462043112,7.978021978021971,9.745054945054946,6.77606837606838,4.711111111111116,1.8046398046398053,-0.6764346764346758,2.1562881562881557,0.0
392338.42683139,956,0.04,0.03799999877810478,0.8311249613761902,0.6014999747276306,1.2779974937438965,0.029400000348687172,0.7059999704360962,0.4212999939918518,-0.0749599450675209,0.6918059052414751,0.5041199359121098,1.2094682230869012,-0.1539253833829246,0.7730601968413833,0.20275425345235298,7.687912087912082,9.745054945054946,6.762393162393167,4.806837606837611,1.7997557997558005,-0.6764346764346758,2.1367521367521363,0.0
392338.466835393,957,0.04,0.03799999877810478,0.8306499719619751,0.6014999747276306,1.27301824092865,0.029400000348687172,0.7059999704360962,0.4212999939918518,-0.0745784695201035,0.6914244296940577,0.5041199359121098,1.1991683833066311,-0.1539253833829246,0.7730601968413833,0.20275425345235298,7.819780219780213,9.71868131868132,6.748717948717953,5.148717948717952,1.7997557997558005,-0.6764346764346758,2.141636141636141,0.0
392338.506829759,958,0.04,0.03799999877810478,0.83017498254776,0.6014999747276306,1.2680388689041138,0.029400000348687172,0.7059999704360962,0.4212999939918518,-0.0745784695201035,0.6914244296940577,0.5041199359121098,1.1903944457160307,-0.1539253833829246,0.7730601968413833,0.20237277790493557,7.84615384615384,9.692307692307693,6.77606837606838,5.271794871794874,1.7997557997558005,-0.6764346764346758,2.1660561660561655,0.0
392338.546832036,959,0.04,0.03799999877810478,0.8296999931335449,0.6014999747276306,1.2630596160888672,0.029400000348687172,0.7059999704360962,0.4212999939918518,-0.0745784695201035,0.6914244296940577,0.5041199359121098,1.1812390325780129,-0.1539253833829246,0.7730601968413833,0.1997024490730137,7.793406593406587,9.63956043956044,6.762393162393167,5.641025641025642,1.7997557997558005,-0.6715506715506709,2.2002442002442013,0.0
392338.586859995,960,0.04,0.03799999877810478,0.8292249441146851,0.6014999747276306,1.258080244064331,0.029400000348687172,0.7059999704360962,0.4212999939918518,-0.0749599450675209,0.6914244296940577,0.5048828870069446,1.173990997177082,-0.1539253833829246,0.7730601968413833,0.19779507133592666,7.819780219780213,9.613186813186815,6.666666666666671,5.764102564102565,1.8046398046398053,-0.6764346764346758,2.2295482295482305,0.0
392338.626828811,961,0.04,0.03799999877810478,0.82874995470047,0.6014999747276306,1.253100872039795,0.029400000348687172,0.7059999704360962,0.4212999939918518,-0.0749599450675209,0.6910429541466403,0.505264362554362,1.1659800106813147,-0.1539253833829246,0.7730601968413833,0.19741359578850926,7.819780219780213,9.613186813186815,6.707692307692312,5.736752136752138,1.8046398046398053,-0.6764346764346758,2.205128205128206,0.0
392338.666917886,962,0.04,0.03799999877810478,0.8282749652862549,0.6014999747276306,1.2481215000152588,0.029400000348687172,0.7059999704360962,0.4212999939918518,-0.0749599450675209,0.6891355764095533,0.505264362554362,1.1614023041123058,-0.1539253833829246,0.7730601968413833,0.19741359578850926,7.819780219780213,9.876923076923077,6.557264957264962,5.723076923076924,1.7997557997558005,-0.6764346764346758,2.2002442002442013,0.0
392338.70699806,963,0.04,0.03799999877810478,0.8277999758720398,0.6014999747276306,1.2431422472000122,0.029400000348687172,0.7059999704360962,0.4212999939918518,-0.0749599450675209,0.6845578698405443,0.5060273136491968,1.1594949263752188,-0.1539253833829246,0.7730601968413833,0.19741359578850926,7.84615384615384,10.167032967032966,6.652991452991458,5.408547008547011,1.7997557997558005,-0.6715506715506709,2.2002442002442013,0.0
392338.746870906,964,0.04,0.03799999877810478,0.8273249864578247,0.6014999747276306,1.2381629943847656,0.029400000348687172,0.7059999704360962,0.4212999939918518,-0.0745784695201035,0.679598687724118,0.5064087891966143,1.158731975280384,-0.1539253833829246,0.7730601968413833,0.19741359578850926,7.819780219780213,10.404395604395603,6.639316239316244,5.135042735042738,1.7997557997558005,-0.6715506715506709,2.205128205128206,0.0
392338.786811253,965,0.04,0.03799999877810478,0.8268499970436096,0.6014999747276306,1.2331836223602295,0.029400000348687172,0.7059999704360962,0.4212999939918518,-0.0745784695201035,0.6773098344396136,0.5064087891966143,1.156824597543297,-0.1539253833829246,0.7730601968413833,0.19741359578850926,7.819780219780213,10.509890109890108,6.598290598290603,5.176068376068379,1.8046398046398053,-0.6764346764346758,2.185592185592185,0.0
392338.826789636,966,0.04,0.03799999877810478,0.8263750076293945,0.6014999747276306,1.2282042503356934,0.029400000348687172,0.7059999704360962,0.4212999939918518,-0.0745784695201035,0.6761654077973613,0.5064087891966143,1.154154268711375,-0.1539253833829246,0.7730601968413833,0.19817654688334407,7.819780219780213,10.615384615384613,6.611965811965817,4.9025641025641065,1.8046398046398053,-0.6764346764346758,2.1953601953601964,0.0
392338.866880284,967,0.04,0.03799999877810478,0.8258999586105347,0.6014999747276306,1.2232248783111572,0.029400000348687172,0.7059999704360962,0.4212999939918518,-0.0745784695201035,0.6750209811551091,0.5064087891966143,1.1507209887846184,-0.1539253833829246,0.7730601968413833,0.19855802243076148,7.793406593406587,10.509890109890108,6.611965811965817,4.970940170940175,1.7997557997558005,-0.6764346764346758,2.175824175824175,0.0
392338.906833073,968,0.04,0.03799999877810478,0.8254249691963196,0.6014999747276306,1.218245506286621,0.029400000348687172,0.7059999704360962,0.4212999939918518,-0.07419699397268609,0.6750209811551091,0.5064087891966143,1.145761806668192,-0.1539253833829246,0.7730601968413833,0.1989394979781789,7.793406593406587,10.483516483516482,6.611965811965817,4.806837606837611,1.8046398046398053,-0.6715506715506709,2.185592185592185,0.0
392338.946878545,969,0.04,0.03799999877810478,0.8249499797821045,0.6014999747276306,1.213266372680664,0.029400000348687172,0.7059999704360962,0.4212999939918518,-0.07419699397268609,0.6750209811551091,0.5067902647440317,1.1430914778362702,-0.1539253833829246,0.7730601968413833,0.19855802243076148,7.793406593406587,10.457142857142856,6.502564102564108,4.820512820512825,1.7997557997558005,-0.6715506715506709,2.1953601953601964,0.0
392338.986822889,970,0.04,0.03799999877810478,0.8244749903678894,0.6014999747276306,1.208287000656128,0.029400000348687172,0.7059999704360962,0.4212999939918518,-0.0745784695201035,0.6754024567025265,0.5109864957656232,1.1339360646982524,-0.1539253833829246,0.7730601968413833,0.19855802243076148,7.793406593406587,10.43076923076923,5.955555555555556,5.1213675213675245,1.7997557997558005,-0.6764346764346758,2.1904761904761916,0.0
392339.026831334,971,0.04,0.03799999877810478,0.8240000009536743,0.6014999747276306,1.2033076286315918,0.029400000348687172,0.7059999704360962,0.4212999939918518,-0.0745784695201035,0.6754024567025265,0.5132753490501276,1.1263065537499042,-0.1539253833829246,0.7730601968413833,0.19855802243076148,7.793406593406587,10.35164835164835,6.174358974358981,5.135042735042738,1.7948717948717956,-0.6764346764346758,2.185592185592185,0.0
392339.066787206,972,0.04,0.03799999877810478,0.8235249519348145,0.6014999747276306,1.1983282566070557,0.029400000348687172,0.7059999704360962,0.4212999939918518,-0.0745784695201035,0.6754024567025265,0.5132753490501276,1.1209658960860605,-0.1539253833829246,0.7730601968413833,0.19855802243076148,7.819780219780213,10.325274725274724,6.147008547008554,5.176068376068379,1.7997557997558005,-0.6764346764346758,2.185592185592185,0.0
392339.106864474,973,0.04,0.03799999877810478,0.8230499625205994,0.6014999747276306,1.193349003791809,0.029400000348687172,0.7059999704360962,0.4212999939918518,-0.0745784695201035,0.6754024567025265,0.5132753490501276,1.1137178606851297,-0.1539253833829246,0.7730601968413833,0.19817654688334407,7.793406593406587,10.298901098901098,6.119658119658119,5.422222222222224,1.7997557997558005,-0.6715506715506709,2.1953601953601964,0.0
392339.146823077,974,0.04,0.03799999877810478,0.8225749731063843,0.6014999747276306,1.188369631767273,0.029400000348687172,0.7059999704360962,0.4212999939918518,-0.0745784695201035,0.6750209811551091,0.5132753490501276,1.108377203021286,-0.1539253833829246,0.7730601968413833,0.19779507133592666,7.793406593406587,10.272527472527472,6.147008547008554,5.476923076923079,1.7997557997558005,-0.6715506715506709,2.2002442002442013,0.0
392339.186829232,975,0.04,0.03799999877810478,0.8220999836921692,0.6014999747276306,1.1833903789520264,0.029400000348687172,0.7059999704360962,0.4212999939918518,-0.0745784695201035,0.6750209811551091,0.5132753490501276,1.1007476920729378,-0.1539253833829246,0.7730601968413833,0.19817654688334407,7.793406593406587,10.246153846153845,6.13333333333334,5.476923076923079,1.7997557997558005,-0.6715506715506709,2.185592185592185,0.0
392339.226829987,976,0.04,0.03799999877810478,0.8216249942779541,0.6014999747276306,1.1784110069274902,0.029400000348687172,0.7059999704360962,0.4212999939918518,-0.0745784695201035,0.6750209811551091,0.5132753490501276,1.0984588387884333,-0.1539253833829246,0.7730601968413833,0.19855802243076148,7.793406593406587,10.219780219780219,6.13333333333334,5.2307692307692335,1.7997557997558005,-0.6715506715506709,2.1904761904761916,0.0
392339.266845739,977,0.04,0.03799999877810478,0.8211499452590942,0.6014999747276306,1.173431634902954,0.029400000348687172,0.7059999704360962,0.4212999939918518,-0.0745784695201035,0.6750209811551091,0.5132753490501276,1.0946440833142592,-0.1539253833829246,0.7730601968413833,0.19817654688334407,7.793406593406587,10.193406593406593,6.119658119658119,5.258119658119661,1.7997557997558005,-0.6715506715506709,2.185592185592185,0.0
392339.30683045,978,0.04,0.03799999877810478,0.8206749558448792,0.6014999747276306,1.168452262878418,0.029400000348687172,0.7059999704360962,0.4212999939918518,-0.07419699397268609,0.6750209811551091,0.5132753490501276,1.0900663767452503,-0.1539253833829246,0.7730601968413833,0.1989394979781789,7.714285714285708,10.167032967032966,6.105982905982906,5.135042735042738,1.7997557997558005,-0.6715506715506709,2.185592185592185,0.0
392339.346825045,979,0.04,0.03799999877810478,0.8201999664306641,0.6014999747276306,1.1634730100631714,0.029400000348687172,0.7059999704360962,0.4212999939918518,-0.07343404287785127,0.6750209811551091,0.5132753490501276,1.0873960479133284,-0.1539253833829246,0.7730601968413833,0.19855802243076148,7.687912087912082,10.114285714285714,6.147008547008554,5.1213675213675245,1.7948717948717956,-0.6715506715506709,2.185592185592185,0.0
392339.386828048,980,0.04,0.03799999877810478,0.819724977016449,0.6014999747276306,1.1584937572479248,0.029400000348687172,0.7059999704360962,0.4212999939918518,-0.07267109178301645,0.6750209811551091,0.513656824597545,1.0816739147020673,-0.1539253833829246,0.7730601968413833,0.1989394979781789,7.5560439560439505,10.087912087912088,6.119658119658119,5.203418803418806,1.7997557997558005,-0.6715506715506709,2.185592185592185,0.0
392339.426833832,981,0.04,0.03799999877810478,0.8192499876022339,0.6014999747276306,1.1535143852233887,0.029400000348687172,0.7059999704360962,0.4212999939918518,-0.07228961623559904,0.6750209811551091,0.513656824597545,1.0782406347753106,-0.1539253833829246,0.7730601968413833,0.19855802243076148,7.661538461538456,10.061538461538461,6.119658119658119,4.834188034188038,1.7948717948717956,-0.6764346764346758,2.210012210012211,0.0
392339.466822988,982,0.04,0.03799999877810478,0.8187749981880188,0.6014999747276306,1.1485350131988525,0.029400000348687172,0.7059999704360962,0.4212999939918518,-0.07228961623559904,0.6750209811551091,0.513656824597545,1.0759517814908062,-0.1539253833829246,0.7730601968413833,0.19703212024109185,7.661538461538456,10.035164835164835,6.13333333333334,4.984615384615388,1.7997557997558005,-0.6715506715506709,2.205128205128206,0.0
392339.50684558,983,0.04,0.03799999877810478,0.8182999491691589,0.6014999747276306,1.1435556411743164,0.029400000348687172,0.7059999704360962,0.4212999939918518,-0.07228961623559904,0.6750209811551091,0.513656824597545,1.0690852216372928,-0.1539253833829246,0.7730601968413833,0.19855802243076148,7.661538461538456,10.008791208791209,6.0376068376068375,5.039316239316243,1.7997557997558005,-0.6764346764346758,2.1660561660561655,0.0
392339.546823663,984,0.04,0.03799999877810478,0.8178249597549438,0.6014999747276306,1.1385763883590698,0.029400000348687172,0.7059999704360962,0.4212999939918518,-0.07228961623559904,0.6746395056076917,0.5144197756923798,1.0660334172579535,-0.1539253833829246,0.7730601968413833,0.19855802243076148,7.635164835164829,9.982417582417582,6.064957264957265,4.76581196581197,1.7997557997558005,-0.6715506715506709,2.2002442002442013,0.0
392339.586827902,985,0.04,0.03799999877810478,0.8173499703407288,0.6014999747276306,1.1335971355438232,0.029400000348687172,0.7059999704360962,0.4212999939918518,-0.07228961623559904,0.6746395056076917,0.5144197756923798,1.0622186617837794,-0.1539253833829246,0.7730601968413833,0.19779507133592666,7.635164835164829,9.956043956043956,6.064957264957265,4.91623931623932,1.7948717948717956,-0.6764346764346758,2.1904761904761916,0.0
392339.626830563,986,0.04,0.03799999877810478,0.8168749809265137,0.6014999747276306,1.128617763519287,0.029400000348687172,0.7059999704360962,0.4212999939918518,-0.07228961623559904,0.6746395056076917,0.5144197756923798,1.056115053025101,-0.1539253833829246,0.7730601968413833,0.1993209735255963,7.635164835164829,9.92967032967033,6.01025641025641,4.888888888888893,1.7997557997558005,-0.6764346764346758,2.18070818070818,0.0
392339.666833412,987,0.04,0.03799999877810478,0.8163999915122986,0.6014999747276306,1.123638391494751,0.029400000348687172,0.7059999704360962,0.4212999939918518,-0.07228961623559904,0.6746395056076917,0.5151827267872147,1.0511558709086746,-0.1539253833829246,0.7730601968413833,0.19855802243076148,7.635164835164829,9.903296703296704,6.01025641025641,5.189743589743593,1.7997557997558005,-0.6764346764346758,2.1953601953601964,0.0
392339.70682159,988,0.04,0.03799999877810478,0.8159250020980835,0.6014999747276306,1.1186590194702148,0.029400000348687172,0.7059999704360962,0.4212999939918518,-0.07190814068818163,0.6746395056076917,0.5151827267872147,1.0442893110551612,-0.1539253833829246,0.7730601968413833,0.19855802243076148,7.635164835164829,9.850549450549451,6.01025641025641,4.861538461538466,1.7899877899877907,-0.6764346764346758,2.1904761904761916,0.0
392339.74683042,989,0.04,0.03799999877810478,0.8154499530792236,0.6014999747276306,1.1136797666549683,0.029400000348687172,0.7059999704360962,0.4212999939918518,-0.07228961623559904,0.6746395056076917,0.5151827267872147,1.0393301289387349,-0.1539253833829246,0.7730601968413833,0.19855802243076148,7.635164835164829,9.824175824175825,5.996581196581197,5.3401709401709425,1.7997557997558005,-0.6715506715506709,2.1953601953601964,0.0
392339.786829161,990,0.04,0.03799999877810478,0.8149749636650085,0.6014999747276306,1.1087003946304321,0.029400000348687172,0.7059999704360962,0.4212999939918518,-0.07190814068818163,0.6746395056076917,0.5151827267872147,1.0309376668955519,-0.1539253833829246,0.7730601968413833,0.19855802243076148,7.608791208791203,9.797802197802199,6.01025641025641,5.176068376068379,1.7997557997558005,-0.6764346764346758,2.185592185592185,0.0
392339.826781576,991,0.04,0.03799999877810478,0.8144999742507935,0.6014999747276306,1.1037211418151855,0.029400000348687172,0.7059999704360962,0.4212999939918518,-0.07190814068818163,0.6738765545128569,0.5151827267872147,1.0240711070420385,-0.1539253833829246,0.7730601968413833,0.19855802243076148,7.635164835164829,9.824175824175825,6.023931623931624,5.476923076923079,1.7948717948717956,-0.6764346764346758,2.185592185592185,0.0
392339.866833857,992,0.04,0.03799999877810478,0.8140249848365784,0.6014999747276306,1.0987417697906494,0.029400000348687172,0.7059999704360962,0.4212999939918518,-0.07190814068818163,0.6723506523231872,0.5151827267872147,1.0191119249256122,-0.1539253833829246,0.7730601968413833,0.19855802243076148,7.635164835164829,9.982417582417582,5.996581196581197,5.326495726495729,1.7997557997558005,-0.6715506715506709,2.185592185592185,0.0
392339.906829948,993,0.04,0.03799999877810478,0.8135499954223633,0.6014999747276306,1.0937623977661133,0.029400000348687172,0.7059999704360962,0.4212999939918518,-0.07190814068818163,0.6700617990386828,0.5151827267872147,1.0130083161669337,-0.1539253833829246,0.7726787212939659,0.19817654688334407,7.635164835164829,10.167032967032966,5.996581196581197,5.408547008547011,1.7997557997558005,-0.6715506715506709,2.2002442002442013,0.0
392339.946832104,994,0.04,0.03799999877810478,0.8130749464035034,0.6014999747276306,1.0887830257415771,0.029400000348687172,0.7059999704360962,0.4212999939918518,-0.07190814068818163,0.6666285191119261,0.5151827267872147,1.0091935606927596,-0.1539253833829246,0.7726787212939659,0.19779507133592666,7.608791208791203,10.35164835164835,5.982905982905983,5.299145299145302,1.7997557997558005,-0.6666666666666661,2.210012210012211,0.0
392339.98682933,995,0.04,0.03799999877810478,0.8125999569892883,0.6014999747276306,1.0838037729263306,0.029400000348687172,0.7059999704360962,0.4212999939918518,-0.07190814068818163,0.6631952391851694,0.5155642023346321,1.0053788052185855,-0.1539253833829246,0.771915770199131,0.19779507133592666,7.661538461538456,10.509890109890108,5.982905982905983,5.422222222222224,1.7997557997558005,-0.6568986568986563,2.185592185592185,0.0
392340.026893113,996,0.04,0.03799999877810478,0.8121249675750732,0.6014999747276306,1.078824520111084,0.029400000348687172,0.7059999704360962,0.4212999939918518,-0.07190814068818163,0.6597619592584127,0.5159456778820495,1.0008010986495766,-0.1539253833829246,0.771915770199131,0.19817654688334407,7.608791208791203,10.879120879120876,5.982905982905983,4.970940170940175,1.7997557997558005,-0.6666666666666661,2.1953601953601964,0.0
392340.066867386,997,0.04,0.03799999877810478,0.8116499781608582,0.6014999747276306,1.0738451480865479,0.029400000348687172,0.7059999704360962,0.4212999939918518,-0.07190814068818163,0.6570916304264909,0.5159456778820495,0.9996566720073243,-0.1539253833829246,0.7722972457465485,0.19779507133592666,7.608791208791203,10.958241758241755,5.9282051282051285,4.806837606837611,1.7997557997558005,-0.6715506715506709,2.2002442002442013,0.0
392340.106822587,998,0.04,0.03799999877810478,0.8111749887466431,0.6014999747276306,1.0688657760620117,0.029400000348687172,0.7059999704360962,0.4212999939918518,-0.07228961623559904,0.654421301594569,0.5159456778820495,0.9996566720073243,-0.1539253833829246,0.7726787212939659,0.19779507133592666,7.635164835164829,11.090109890109886,5.9282051282051285,4.547008547008552,1.7997557997558005,-0.6715506715506709,2.1953601953601964,0.0
392340.146821484,999,0.04,0.03799999877810478,0.810699999332428,0.6014999747276306,1.0638864040374756,0.029400000348687172,0.7059999704360962,0.4212999939918518,-0.07190814068818163,0.6532768749523168,0.5163271534294669,0.9962233920805676,-0.1539253833829246,0.7722972457465485,0.19779507133592666,7.608791208791203,10.984615384615381,5.941880341880342,4.697435897435902,1.7997557997558005,-0.6617826617826612,2.2002442002442013,0.0
392340.186830654,1000,0.04,0.03799999877810478,0.8102249503135681,0.6014999747276306,1.058907151222229,0.029400000348687172,0.7059999704360962,0.4212999939918518,-0.06847486076142495,0.6532768749523168,0.5163271534294669,0.9889753566796369,-0.1539253833829246,0.771915770199131,0.19855802243076148,6.949450549450546,10.958241758241755,5.9282051282051285,4.738461538461543,1.7948717948717956,-0.6666666666666661,2.175824175824175,0.0
392340.226827714,1001,0.04,0.03799999877810478,0.809749960899353,0.6014999747276306,1.0539277791976929,0.029400000348687172,0.7059999704360962,0.4212999939918518,-0.06313420309758122,0.6532768749523168,0.5163271534294669,0.9809643701838713,-0.1539253833829246,0.7726787212939659,0.19855802243076148,6.738461538461536,10.931868131868129,5.9282051282051285,5.094017094017097,1.8046398046398053,-0.6715506715506709,2.185592185592185,0.0
392340.266960733,1002,0.04,0.03799999877810478,0.8092749714851379,0.6014999747276306,1.0489485263824463,0.029400000348687172,0.7059999704360962,0.4212999939918518,-0.060463874265659356,0.6528953994048994,0.5163271534294669,0.9740978103303579,-0.1539253833829246,0.771915770199131,0.19817654688334407,6.791208791208788,10.905494505494502,5.9282051282051285,5.189743589743593,1.7997557997558005,-0.6568986568986563,2.2002442002442013,0.0
392340.306783911,1003,0.04,0.03799999877810478,0.8087999820709229,0.6014999747276306,1.0439691543579102,0.029400000348687172,0.7059999704360962,0.4212999939918518,-0.06008239871824195,0.6528953994048994,0.5167086289768843,0.9672312504768446,-0.1539253833829246,0.7692454413672092,0.19855802243076148,6.791208791208788,10.85274725274725,5.832478632478633,4.957264957264961,1.7997557997558005,-0.6080586080586077,2.18070818070818,0.0
392340.34680551,1004,0.04,0.03799999877810478,0.8083249926567078,0.6014999747276306,1.038989782333374,0.029400000348687172,0.7059999704360962,0.4212999939918518,-0.060463874265659356,0.6528953994048994,0.5170901045243017,0.9660868238345923,-0.1539253833829246,0.768101014724957,0.19817654688334407,6.817582417582415,10.826373626373623,5.85982905982906,4.76581196581197,1.8046398046398053,-0.6227106227106223,2.1953601953601964,0.0
392340.38682691,1005,0.04,0.03799999877810478,0.8078500032424927,0.6014999747276306,1.0340105295181274,0.029400000348687172,0.7059999704360962,0.4212999939918518,-0.060463874265659356,0.6528953994048994,0.5170901045243017,0.963035019455253,-0.1539253833829246,0.768101014724957,0.19779507133592666,6.817582417582415,10.77362637362637,5.85982905982906,4.91623931623932,1.7997557997558005,-0.6275946275946271,2.1953601953601964,0.0
392340.426836882,1006,0.04,0.03799999877810478,0.8073749542236328,0.6014999747276306,1.0290311574935913,0.029400000348687172,0.7059999704360962,0.4212999939918518,-0.06008239871824195,0.6528953994048994,0.5170901045243017,0.9538796063172352,-0.1539253833829246,0.768101014724957,0.19855802243076148,6.764835164835162,10.747252747252745,5.85982905982906,5.039316239316243,1.7948717948717956,-0.6275946275946271,2.1709401709401703,0.0
392340.466823019,1007,0.04,0.03799999877810478,0.8068999648094177,0.6014999747276306,1.0240519046783447,0.029400000348687172,0.7059999704360962,0.4212999939918518,-0.0581750209811549,0.652513923857482,0.5170901045243017,0.9477759975585567,-0.1535439078355072,0.768101014724957,0.19855802243076148,6.685714285714283,10.747252747252745,5.846153846153847,5.271794871794874,1.7948717948717956,-0.6227106227106223,2.1953601953601964,0.0
392340.506826454,1008,0.04,0.03799999877810478,0.8064249753952026,0.6014999747276306,1.0190725326538086,0.029400000348687172,0.7059999704360962,0.4212999939918518,-0.0581750209811549,0.652513923857482,0.5170901045243017,0.9420538643472955,-0.1535439078355072,0.768101014724957,0.19855802243076148,6.659340659340657,10.720879120879118,5.85982905982906,5.0119658119658155,1.7948717948717956,-0.6275946275946271,2.1904761904761916,0.0
392340.546880803,1009,0.04,0.03799999877810478,0.8059499859809875,0.6014999747276306,1.0140931606292725,0.029400000348687172,0.7059999704360962,0.4212999939918518,-0.0581750209811549,0.652513923857482,0.5170901045243017,0.9363317311360344,-0.1535439078355072,0.768101014724957,0.19855802243076148,6.632967032967031,10.694505494505492,5.85982905982906,5.381196581196583,1.7997557997558005,-0.6275946275946271,2.185592185592185,0.0
392340.586854068,1010,0.04,0.03799999877810478,0.8054749965667725,0.6014999747276306,1.0091137886047363,0.029400000348687172,0.7059999704360962,0.4212999939918518,-0.0581750209811549,0.652513923857482,0.5170901045243017,0.9317540245670255,-0.1535439078355072,0.768101014724957,0.19817654688334407,6.659340659340657,10.694505494505492,5.846153846153847,4.9025641025641065,1.7997557997558005,-0.6178266178266174,2.205128205128206,0.0
392340.626889683,1011,0.04,0.03799999877810478,0.8049999475479126,0.6014999747276306,1.0041345357894897,0.029400000348687172,0.7059999704360962,0.4212999939918518,-0.0581750209811549,0.6521324483100646,0.5170901045243017,0.9309910734721907,-0.1539253833829246,0.7673380636301221,0.1947432669565874,6.685714285714283,10.694505494505492,5.846153846153847,4.847863247863252,1.7948717948717956,-0.6080586080586077,2.2637362637362646,0.0
392340.666828605,1012,0.04,0.03799999877810478,0.8045249581336975,0.6014999747276306,0.9991551637649536,0.029400000348687172,0.7059999704360962,0.4212999939918518,-0.0581750209811549,0.6517509727626472,0.5174715800717191,0.9271763179980166,-0.1539253833829246,0.7673380636301221,0.19398031586175257,6.659340659340657,10.64175824175824,5.832478632478633,5.039316239316243,1.7997557997558005,-0.6178266178266174,2.2344322344322354,0.0
392340.706822674,1013,0.04,0.03799999877810478,0.8040499687194824,0.6014999747276306,0.994175910949707,0.029400000348687172,0.7059999704360962,0.4212999939918518,-0.05779354543373749,0.6521324483100646,0.5174715800717191,0.9206912336919206,-0.1539253833829246,0.7673380636301221,0.19741359578850926,6.606593406593404,10.615384615384613,5.846153846153847,4.738461538461543,1.7948717948717956,-0.6178266178266174,2.1562881562881557,0.0
392340.746823341,1014,0.04,0.03799999877810478,0.8035749793052673,0.6014999747276306,0.9891965389251709,0.029400000348687172,0.7059999704360962,0.4212999939918518,-0.05779354543373749,0.6494621194781427,0.5174715800717191,0.9195468070496684,-0.1535439078355072,0.7669565880827047,0.19817654688334407,6.659340659340657,10.879120879120876,5.846153846153847,4.588034188034193,1.7948717948717956,-0.6080586080586077,2.18070818070818,0.0
392340.786829395,1015,0.04,0.03799999877810478,0.8030999898910522,0.6014999747276306,0.9842172861099243,0.029400000348687172,0.7059999704360962,0.4212999939918518,-0.05779354543373749,0.6467917906462208,0.5186160067139713,0.919165331502251,-0.1535439078355072,0.7669565880827047,0.19855802243076148,6.659340659340657,10.931868131868129,5.750427350427351,4.396581196581202,1.7997557997558005,-0.6129426129426125,2.1904761904761916,0.0
392340.82684711,1016,0.04,0.03799999877810478,0.8026249408721924,0.6014999747276306,0.9792379140853882,0.029400000348687172,0.7059999704360962,0.4212999939918518,-0.05779354543373749,0.6456473640039686,0.5189974822613888,0.9122987716487376,-0.1535439078355072,0.7669565880827047,0.19855802243076148,6.632967032967031,11.010989010989007,5.736752136752138,4.752136752136757,1.7948717948717956,-0.6178266178266174,2.185592185592185,0.0
392340.866828059,1017,0.04,0.03799999877810478,0.8021499514579773,0.6014999747276306,0.974258542060852,0.029400000348687172,0.7059999704360962,0.4212999939918518,-0.05741206988632008,0.644121461814299,0.5189974822613888,0.9054322117952243,-0.1531624322880898,0.7669565880827047,0.20084687571526594,6.606593406593404,11.116483516483513,5.750427350427351,4.7931623931623974,1.7899877899877907,-0.6129426129426125,2.141636141636141,0.0
392340.906799035,1018,0.04,0.03799999877810478,0.8016749620437622,0.6014999747276306,0.9692792892456055,0.029400000348687172,0.7059999704360962,0.4212999939918518,-0.05741206988632008,0.6425955596246293,0.5189974822613888,0.8989471274891283,-0.1531624322880898,0.7665751125352873,0.20122835126268335,6.606593406593404,11.169230769230765,5.723076923076924,4.601709401709407,1.7948717948717956,-0.6080586080586077,2.1660561660561655,0.0
392340.946833675,1019,0.04,0.03799999877810478,0.8011999726295471,0.6014999747276306,0.9642999172210693,0.029400000348687172,0.7059999704360962,0.4212999939918518,-0.05779354543373749,0.6418326085297945,0.5189974822613888,0.8970397497520413,-0.1531624322880898,0.7665751125352873,0.20046540016784853,6.659340659340657,11.116483516483513,5.750427350427351,4.670085470085475,1.7948717948717956,-0.6178266178266174,2.1904761904761916,0.0
392340.986924987,1020,0.04,0.03799999877810478,0.8011999726295471,0.6014999747276306,0.9642999768257141,0.029400000348687172,0.7059999704360962,0.4212999939918518,-0.05779354543373749,0.6422140840772119,0.5189974822613888,0.8886472877088583,-0.1531624322880898,0.7669565880827047,0.20008392462043112,6.606593406593404,11.06373626373626,5.723076923076924,4.970940170940175,1.7948717948717956,-0.6129426129426125,2.1660561660561655,0.0
392341.026829751,1021,0.04,0.03799999877810478,0.8011999726295471,0.6014999747276306,0.9642999768257141,0.029400000348687172,0.7059999704360962,0.4212999939918518,-0.05779354543373749,0.6418326085297945,0.5189974822613888,0.8825436789501797,-0.1531624322880898,0.7658121614404525,0.20160982681010076,6.606593406593404,11.06373626373626,5.764102564102565,5.025641025641029,1.7899877899877907,-0.5787545787545785,2.1562881562881557,0.0
392341.066835562,1022,0.04,0.03799999877810478,0.8011999726295471,0.6014999747276306,0.9642999768257141,0.029400000348687172,0.7059999704360962,0.4212999939918518,-0.05741206988632008,0.6418326085297945,0.5189974822613888,0.879110399023423,-0.1531624322880898,0.7631418326085306,0.20160982681010076,6.632967032967031,11.037362637362634,5.736752136752138,5.080341880341884,1.7899877899877907,-0.5641025641025639,2.1562881562881557,0.0
392341.10685087,1023,0.04,0.03799999877810478,0.8011999726295471,0.6014999747276306,0.9642999768257141,0.029400000348687172,0.7059999704360962,0.4212999939918518,-0.05779354543373749,0.6418326085297945,0.5189974822613888,0.8779659723811708,-0.1531624322880898,0.7627603570611132,0.20160982681010076,6.632967032967031,11.06373626373626,5.750427350427351,5.135042735042738,1.7948717948717956,-0.5641025641025639,2.1660561660561655,0.0
392341.146841437,1024,0.04,0.03799999877810478,0.8011999726295471,0.6014999747276306,0.9642999768257141,0.029400000348687172,0.7059999704360962,0.4212999939918518,-0.05779354543373749,0.6418326085297945,0.5189974822613888,0.8779659723811708,-0.1531624322880898,0.7604715037766088,0.20008392462043112,6.632967032967031,11.037362637362634,5.750427350427351,5.148717948717952,1.7899877899877907,-0.5347985347985347,2.2002442002442013,0.0
392341.186831019,1025,0.04,0.03799999877810478,0.8011999726295471,0.6014999747276306,0.9642999768257141,0.029400000348687172,0.7059999704360962,0.4212999939918518,-0.05779354543373749,0.6418326085297945,0.5189974822613888,0.8779659723811708,-0.1531624322880898,0.7600900282291914,0.19855802243076148,6.632967032967031,11.06373626373626,5.736752136752138,5.135042735042738,1.7948717948717956,-0.5445665445665444,2.1953601953601964,0.0
392341.226834508,1026,0.04,0.03799999877810478,0.8011999726295471,0.6014999747276306,0.9642999768257141,0.029400000348687172,0.7059999704360962,0.4212999939918518,-0.05779354543373749,0.6418326085297945,0.5189974822613888,0.8779659723811708,-0.1531624322880898,0.7600900282291914,0.19855802243076148,6.632967032967031,11.06373626373626,5.736752136752138,5.148717948717952,1.7899877899877907,-0.5445665445665444,2.1904761904761916,0.0
392341.266830399,1027,0.04,0.03799999877810478,0.8011999726295471,0.6014999747276306,0.9642999768257141,0.029400000348687172,0.7059999704360962,0.4212999939918518,-0.05779354543373749,0.6418326085297945,0.5189974822613888,0.8779659723811708,-0.1531624322880898,0.7600900282291914,0.19855802243076148,6.606593406593404,11.06373626373626,5.750427350427351,5.135042735042738,1.7899877899877907,-0.5494505494505493,2.18070818070818,0.0
392341.306823515,1028,0.04,0.03799999877810478,0.8011999726295471,0.6014999747276306,0.9642999768257141,0.029400000348687172,0.7059999704360962,0.4212999939918518,-0.05779354543373749,0.6418326085297945,0.5189974822613888,0.8779659723811708,-0.1531624322880898,0.7600900282291914,0.1989394979781789,6.632967032967031,11.06373626373626,5.750427350427351,5.135042735042738,1.7899877899877907,-0.5445665445665444,2.185592185592185,0.0
392341.34687499,1029,0.04,0.03799999877810478,0.8011999726295471,0.6014999747276306,0.9642999768257141,0.029400000348687172,0.7059999704360962,0.4212999939918518,-0.05779354543373749,0.6418326085297945,0.5189974822613888,0.8779659723811708,-0.1531624322880898,0.7600900282291914,0.1989394979781789,6.632967032967031,11.037362637362634,5.750427350427351,5.135042735042738,1.7997557997558005,-0.5494505494505493,2.1904761904761916,0.0
392341.386776901,1030,0.04,0.03799999877810478,0.8011999726295471,0.6014999747276306,0.9642999768257141,0.029400000348687172,0.7059999704360962,0.4212999939918518,-0.05779354543373749,0.6418326085297945,0.5189974822613888,0.8779659723811708,-0.1531624322880898,0.7600900282291914,0.1989394979781789,6.632967032967031,11.06373626373626,5.764102564102565,5.1213675213675245,1.7948717948717956,-0.5494505494505493,2.1904761904761916,0.0
392341.426779563,1031,0.04,0.03799999877810478,0.8011999726295471,0.6014999747276306,0.9642999768257141,0.029400000348687172,0.7059999704360962,0.4212999939918518,-0.05779354543373749,0.6418326085297945,0.5189974822613888,0.8779659723811708,-0.1531624322880898,0.7600900282291914,0.19855802243076148,6.632967032967031,11.06373626373626,5.750427350427351,5.135042735042738,1.7948717948717956,-0.5445665445665444,2.1904761904761916,0.0
392341.466859516,1032,0.04,0.03799999877810478,0.8011999726295471,0.6014999747276306,0.9642999768257141,0.029400000348687172,0.7059999704360962,0.4212999939918518,-0.05779354543373749,0.6418326085297945,0.5189974822613888,0.8779659723811708,-0.1531624322880898,0.759708552681774,0.19855802243076148,6.606593406593404,11.037362637362634,5.736752136752138,5.135042735042738,1.7948717948717956,-0.5445665445665444,2.185592185592185,0.0
392341.5068619,1033,0.04,0.03799999877810478,0.8011999726295471,0.6014999747276306,0.9642999768257141,0.029400000348687172,0.7059999704360962,0.4212999939918518,-0.05779354543373749,0.6418326085297945,0.5189974822613888,0.8779659723811708,-0.1531624322880898,0.759708552681774,0.19855802243076148,6.632967032967031,11.06373626373626,5.723076923076924,5.107692307692311,1.7948717948717956,-0.5445665445665444,2.1904761904761916,0.0
392341.546786147,1034,0.04,0.03799999877810478,0.8011999726295471,0.6014999747276306,0.9642999768257141,0.029400000348687172,0.7059999704360962,0.4212999939918518,-0.05779354543373749,0.6418326085297945,0.5189974822613888,0.8779659723811708,-0.1531624322880898,0.759708552681774,0.19855802243076148,6.606593406593404,11.037362637362634,5.750427350427351,5.135042735042738,1.7899877899877907,-0.5445665445665444,2.185592185592185,0.0
392341.586824217,1035,0.04,0.03799999877810478,0.8011999726295471,0.6014999747276306,0.9642999768257141,0.029400000348687172,0.7059999704360962,0.4212999939918518,-0.05779354543373749,0.6418326085297945,0.5189974822613888,0.8779659723811708,-0.1531624322880898,0.759708552681774,0.19855802243076148,6.632967032967031,11.06373626373626,5.736752136752138,5.1213675213675245,1.7948717948717956,-0.5396825396825395,2.185592185592185,0.0
392341.626819763,1036,0.04,0.03799999877810478,0.8011999726295471,0.6014999747276306,0.9642999768257141,0.029400000348687172,0.7059999704360962,0.4212999939918518,-0.05779354543373749,0.6418326085297945,0.5189974822613888,0.8779659723811708,-0.1531624322880898,0.759708552681774,0.19855802243076148,6.632967032967031,11.06373626373626,5.736752136752138,5.107692307692311,1.7948717948717956,-0.5494505494505493,2.1904761904761916,0.0
392341.666823745,1037,0.04,0.03799999877810478,0.8011999726295471,0.6014999747276306,0.9642999768257141,0.029400000348687172,0.7059999704360962,0.4212999939918518,-0.05779354543373749,0.6418326085297945,0.5189974822613888,0.8779659723811708,-0.1531624322880898,0.759708552681774,0.19855802243076148,6.632967032967031,11.037362637362634,5.736752136752138,5.135042735042738,1.7948717948717956,-0.5445665445665444,2.185592185592185,0.0
392341.70687147,1038,0.04,0.03799999877810478,0.8011999726295471,0.6014999747276306,0.9642999768257141,0.029400000348687172,0.7059999704360962,0.4212999939918518,-0.05779354543373749,0.6418326085297945,0.5189974822613888,0.8779659723811708,-0.1531624322880898,0.759708552681774,0.19855802243076148,6.606593406593404,11.06373626373626,5.736752136752138,5.1213675213675245,1.7899877899877907,-0.5445665445665444,2.185592185592185,0.0
392341.746830458,1039,0.04,0.03799999877810478,0.8011999726295471,0.6014999747276306,0.9642999768257141,0.029400000348687172,0.7059999704360962,0.4212999939918518,-0.05779354543373749,0.6418326085297945,0.5189974822613888,0.8779659723811708,-0.1531624322880898,0.759708552681774,0.19855802243076148,6.632967032967031,11.037362637362634,5.736752136752138,5.1213675213675245,1.7899877899877907,-0.5445665445665444,2.185592185592185,0.0
392341.786828492,1040,0.04,0.03799999877810478,0.8011999726295471,0.6014999747276306,0.9642999768257141,0.029400000348687172,0.7059999704360962,0.4212999939918518,-0.05779354543373749,0.6418326085297945,0.5189974822613888,0.8779659723811708,-0.1531624322880898,0.759708552681774,0.19855802243076148,6.606593406593404,11.06373626373626,5.736752136752138,5.135042735042738,1.7948717948717956,-0.5396825396825395,2.185592185592185,0.0
392341.826828587,1041,0.04,0.03799999877810478,0.8011999726295471,0.6014999747276306,0.9642999768257141,0.029400000348687172,0.7059999704360962,0.4212999939918518,-0.05779354543373749,0.6418326085297945,0.5189974822613888,0.8779659723811708,-0.1531624322880898,0.759708552681774,0.19855802243076148,6.632967032967031,11.037362637362634,5.723076923076924,5.135042735042738,1.7899877899877907,-0.5445665445665444,2.185592185592185,0.0
392341.866829764,1042,0.04,0.03799999877810478,0.8011999726295471,0.6014999747276306,0.9642999768257141,0.029400000348687172,0.7059999704360962,0.4212999939918518,-0.05779354543373749,0.6418326085297945,0.5189974822613888,0.8779659723811708,-0.1531624322880898,0.759708552681774,0.19855802243076148,6.632967032967031,11.06373626373626,5.736752136752138,5.135042735042738,1.7948717948717956,-0.5396825396825395,2.185592185592185,0.0
392341.906841989,1043,0.04,0.03799999877810478,0.8011999726295471,0.6014999747276306,0.9642999768257141,0.029400000348687172,0.7059999704360962,0.4212999939918518,-0.05779354543373749,0.6418326085297945,0.5189974822613888,0.8779659723811708,-0.1531624322880898,0.759708552681774,0.19855802243076148,6.606593406593404,11.06373626373626,5.736752136752138,5.1213675213675245,1.7948717948717956,-0.5445665445665444,2.185592185592185,0.0
392341.946863369,1044,0.04,0.03799999877810478,0.8011999726295471,0.6014999747276306,0.9642999768257141,0.029400000348687172,0.7059999704360962,0.4212999939918518,-0.05779354543373749,0.6418326085297945,0.5189974822613888,0.8779659723811708,-0.1531624322880898,0.759708552681774,0.19855802243076148,6.632967032967031,11.037362637362634,5.750427350427351,5.1213675213675245,1.7948717948717956,-0.5445665445665444,2.1904761904761916,0.0
392341.986866395,1045,0.04,0.03799999877810478,0.8011999726295471,0.6014999747276306,0.9642999768257141,0.029400000348687172,0.7059999704360962,0.4212999939918518,-0.05779354543373749,0.6418326085297945,0.5189974822613888,0.8779659723811708,-0.1531624322880898,0.759708552681774,0.19855802243076148,6.606593406593404,11.037362637362634,5.750427350427351,5.135042735042738,1.7948717948717956,-0.5445665445665444,2.185592185592185,0.0
392342.026775143,1046,0.04,0.03799999877810478,0.8011999726295471,0.6014999747276306,0.9642999768257141,0.029400000348687172,0.7059999704360962,0.4212999939918518,-0.05779354543373749,0.6418326085297945,0.5189974822613888,0.8779659723811708,-0.1531624322880898,0.759708552681774,0.19855802243076148,6.606593406593404,11.06373626373626,5.736752136752138,5.135042735042738,1.7948717948717956,-0.5445665445665444,2.1904761904761916,0.0
392342.066796783,1047,0.04,0.03799999877810478,0.8011999726295471,0.6014999747276306,0.9642999768257141,0.029400000348687172,0.7059999704360962,0.4212999939918518,-0.05779354543373749,0.6418326085297945,0.5189974822613888,0.8779659723811708,-0.1531624322880898,0.759708552681774,0.19855802243076148,6.606593406593404,11.06373626373626,5.736752136752138,5.148717948717952,1.7948717948717956,-0.5396825396825395,2.185592185592185,0.0
392342.106987769,1048,0.04,0.03799999877810478,0.8011999726295471,0.6014999747276306,0.9642999768257141,0.029400000348687172,0.7059999704360962,0.4212999939918518,-0.05779354543373749,0.6418326085297945,0.5189974822613888,0.8779659723811708,-0.1531624322880898,0.759708552681774,0.19855802243076148,6.632967032967031,11.06373626373626,5.736752136752138,5.135042735042738,1.7899877899877907,-0.5445665445665444,2.1904761904761916,0.0
392342.146830952,1049,0.04,0.03799999877810478,0.8011999726295471,0.6014999747276306,0.9642999768257141,0.029400000348687172,0.7059999704360962,0.4212999939918518,-0.05779354543373749,0.6418326085297945,0.5189974822613888,0.8779659723811708,-0.1531624322880898,0.759708552681774,0.19855802243076148,6.632967032967031,11.06373626373626,5.736752136752138,5.135042735042738,1.7948717948717956,-0.5396825396825395,2.185592185592185,0.0
392342.186779276,1050,0.04,0.03799999877810478,0.8011999726295471,0.6014999747276306,0.9642999768257141,0.029400000348687172,0.7059999704360962,0.4212999939918518,-0.05779354543373749,0.6418326085297945,0.5189974822613888,0.8779659723811708,-0.1531624322880898,0.759708552681774,0.19855802243076148,6.606593406593404,11.037362637362634,5.736752136752138,5.135042735042738,1.7948717948717956,-0.5445665445665444,2.185592185592185,0.0
392342.226917439,1051,0.04,0.03799999877810478,0.8011999726295471,0.6014999747276306,0.9642999768257141,0.029400000348687172,0.7059999704360962,0.4212999939918518,-0.05779354543373749,0.6418326085297945,0.5189974822613888,0.8779659723811708,-0.1531624322880898,0.759708552681774,0.19855802243076148,6.632967032967031,11.06373626373626,5.736752136752138,5.135042735042738,1.7997557997558005,-0.5396825396825395,2.1904761904761916,0.0
392342.266829305,1052,0.04,0.03799999877810478,0.8011999726295471,0.6014999747276306,0.9642999768257141,0.029400000348687172,0.7059999704360962,0.4212999939918518,-0.05779354543373749,0.6418326085297945,0.5189974822613888,0.8779659723811708,-0.1531624322880898,0.759708552681774,0.19855802243076148,6.606593406593404,11.06373626373626,5.750427350427351,5.162393162393165,1.7948717948717956,-0.5445665445665444,2.185592185592185,0.0
392342.306801443,1053,0.04,0.03799999877810478,0.8011999726295471,0.6014999747276306,0.9642999768257141,0.029400000348687172,0.7059999704360962,0.4212999939918518,-0.05779354543373749,0.6418326085297945,0.5189974822613888,0.8779659723811708,-0.1531624322880898,0.759708552681774,0.19855802243076148,6.606593406593404,11.06373626373626,5.736752136752138,5.148717948717952,1.7948717948717956,-0.5396825396825395,2.185592185592185,0.0
392342.346829534,1054,0.04,0.03799999877810478,0.8011999726295471,0.6014999747276306,0.9642999768257141,0.029400000348687172,0.7059999704360962,0.4212999939918518,-0.05779354543373749,0.6418326085297945,0.5189974822613888,0.8779659723811708,-0.1531624322880898,0.759708552681774,0.19855802243076148,6.632967032967031,11.037362637362634,5.736752136752138,5.135042735042738,1.7899877899877907,-0.5445665445665444,2.185592185592185,0.0
392342.386830632,1055,0.04,0.03799999877810478,0.8011999726295471,0.6014999747276306,0.9642999768257141,0.029400000348687172,0.7059999704360962,0.4212999939918518,-0.05779354543373749,0.6418326085297945,0.5189974822613888,0.8779659723811708,-0.1531624322880898,0.759708552681774,0.19855802243076148,6.632967032967031,11.06373626373626,5.750427350427351,5.135042735042738,1.7948717948717956,-0.5445665445665444,2.185592185592185,0.0
392342.426837283,1056,0.04,0.03799999877810478,0.8011999726295471,0.6014999747276306,0.9642999768257141,0.029400000348687172,0.7059999704360962,0.4212999939918518,-0.05779354543373749,0.6418326085297945,0.5189974822613888,0.8779659723811708,-0.1531624322880898,0.759708552681774,0.19855802243076148,6.632967032967031,11.06373626373626,5.736752136752138,5.135042735042738,1.7948717948717956,-0.5494505494505493,2.1904761904761916,0.0
392342.466830939,1057,0.04,0.03799999877810478,0.8011999726295471,0.6014999747276306,0.9642999768257141,0.029400000348687172,0.7059999704360962,0.4212999939918518,-0.05779354543373749,0.6418326085297945,0.5189974822613888,0.8779659723811708,-0.1531624322880898,0.759708552681774,0.19855802243076148,6.632967032967031,11.037362637362634,5.764102564102565,5.135042735042738,1.7899877899877907,-0.5445665445665444,2.185592185592185,0.0
392342.506936264,1058,0.04,0.03799999877810478,0.8011999726295471,0.6014999747276306,0.9642999768257141,0.029400000348687172,0.7059999704360962,0.4212999939918518,-0.05779354543373749,0.6418326085297945,0.5189974822613888,0.8779659723811708,-0.1531624322880898,0.759708552681774,0.19855802243076148,6.632967032967031,11.037362637362634,5.750427350427351,5.135042735042738,1.7899877899877907,-0.5445665445665444,2.185592185592185,0.0
392342.546820918,1059,0.04,0.03799999877810478,0.8011999726295471,0.6014999747276306,0.9642999768257141,0.029400000348687172,0.7059999704360962,0.4212999939918518,-0.05779354543373749,0.6418326085297945,0.5189974822613888,0.8779659723811708,-0.1531624322880898,0.759708552681774,0.19855802243076148,6.606593406593404,11.037362637362634,5.723076923076924,5.1213675213675245,1.7899877899877907,-0.5396825396825395,2.185592185592185,0.0
392342.586774399,1060,0.04,0.03799999877810478,0.8011999726295471,0.6014999747276306,0.9642999768257141,0.029400000348687172,0.7059999704360962,0.4212999939918518,-0.05779354543373749,0.6418326085297945,0.5189974822613888,0.8779659723811708,-0.1531624322880898,0.759708552681774,0.19855802243076148,6.632967032967031,11.06373626373626,5.750427350427351,5.135042735042738,1.7948717948717956,-0.5445665445665444,2.185592185592185,0.0
392342.626826594,1061,0.04,0.03799999877810478,0.8011999726295471,0.6014999747276306,0.9642999768257141,0.029400000348687172,0.7059999704360962,0.4212999939918518,-0.05779354543373749,0.6418326085297945,0.5189974822613888,0.8779659723811708,-0.1531624322880898,0.759708552681774,0.19855802243076148,6.632967032967031,11.06373626373626,5.750427350427351,5.135042735042738,1.7899877899877907,-0.5445665445665444,2.1904761904761916,0.0
392342.666833089,1062,0.04,0.03799999877810478,0.8011999726295471,0.6014999747276306,0.9642999768257141,0.029400000348687172,0.7059999704360962,0.4212999939918518,-0.05779354543373749,0.6418326085297945,0.5189974822613888,0.8779659723811708,-0.1531624322880898,0.759708552681774,0.19855802243076148,6.606593406593404,11.06373626373626,5.723076923076924,5.135042735042738,1.7948717948717956,-0.5445665445665444,2.1904761904761916,0.0
392342.706822388,1063,0.04,0.03799999877810478,0.8011999726295471,0.6014999747276306,0.9642999768257141,0.029400000348687172,0.7059999704360962,0.4212999939918518,-0.05779354543373749,0.6418326085297945,0.5189974822613888,0.8779659723811708,-0.1531624322880898,0.759708552681774,0.19855802243076148,6.632967032967031,11.06373626373626,5.736752136752138,5.1213675213675245,1.7948717948717956,-0.5445665445665444,2.185592185592185,0.0
392342.746827323,1064,0.04,0.03799999877810478,0.8011999726295471,0.6014999747276306,0.9642999768257141,0.029400000348687172,0.7059999704360962,0.4212999939918518,-0.05779354543373749,0.6418326085297945,0.5189974822613888,0.8779659723811708,-0.1531624322880898,0.759708552681774,0.19855802243076148,6.632967032967031,11.037362637362634,5.736752136752138,5.1213675213675245,1.7899877899877907,-0.5445665445665444,2.1904761904761916,0.0
392342.786806245,1065,0.04,0.03799999877810478,0.8011999726295471,0.6014999747276306,0.9642999768257141,0.029400000348687172,0.7059999704360962,0.4212999939918518,-0.05779354543373749,0.6418326085297945,0.5189974822613888,0.8779659723811708,-0.1531624322880898,0.759708552681774,0.19855802243076148,6.632967032967031,11.06373626373626,5.736752136752138,5.1213675213675245,1.7899877899877907,-0.5445665445665444,2.1904761904761916,0.0
392342.82683074,1066,0.04,0.03799999877810478,0.8011999726295471,0.6014999747276306,0.9642999768257141,0.029400000348687172,0.7059999704360962,0.4212999939918518,-0.05779354543373749,0.6418326085297945,0.5189974822613888,0.8779659723811708,-0.1531624322880898,0.759708552681774,0.19855802243076148,6.606593406593404,11.06373626373626,5.723076923076924,5.135042735042738,1.7948717948717956,-0.5445665445665444,2.185592185592185,0.0
392342.86682843,1067,0.04,0.03799999877810478,0.8011999726295471,0.6014999747276306,0.9642999768257141,0.029400000348687172,0.7059999704360962,0.4212999939918518,-0.05779354543373749,0.6418326085297945,0.5189974822613888,0.8779659723811708,-0.1531624322880898,0.759708552681774,0.19855802243076148,6.606593406593404,11.06373626373626,5.750427350427351,5.1213675213675245,1.7948717948717956,-0.5494505494505493,2.1904761904761916,0.0
392342.906830828,1068,0.04,0.03799999877810478,0.8011999726295471,0.6014999747276306,0.9642999768257141,0.029400000348687172,0.7059999704360962,0.4212999939918518,-0.05779354543373749,0.6418326085297945,0.5189974822613888,0.8779659723811708,-0.1531624322880898,0.759708552681774,0.19855802243076148,6.606593406593404,11.06373626373626,5.736752136752138,5.135042735042738,1.7899877899877907,-0.5445665445665444,2.185592185592185,0.0
392342.946829612,1069,0.04,0.03799999877810478,0.8011999726295471,0.6014999747276306,0.9642999768257141,0.029400000348687172,0.7059999704360962,0.4212999939918518,-0.05779354543373749,0.6418326085297945,0.5189974822613888,0.8779659723811708,-0.1531624322880898,0.759708552681774,0.19855802243076148,6.606593406593404,11.06373626373626,5.736752136752138,5.135042735042738,1.7948717948717956,-0.5445665445665444,2.185592185592185,0.0
392342.986809733,1070,0.04,0.03799999877810478,0.8011999726295471,0.6014999747276306,0.9642999768257141,0.029400000348687172,0.7059999704360962,0.4212999939918518,-0.05779354543373749,0.6418326085297945,0.5189974822613888,0.8779659723811708,-0.1531624322880898,0.759708552681774,0.19855802243076148,6.632967032967031,11.06373626373626,5.750427350427351,5.135042735042738,1.7948717948717956,-0.5445665445665444,2.1904761904761916,0.0
392343.026822873,1071,0.04,0.03799999877810478,0.8011999726295471,0.6014999747276306,0.9642999768257141,0.029400000348687172,0.7059999704360962,0.4212999939918518,-0.05779354543373749,0.6418326085297945,0.5189974822613888,0.8779659723811708,-0.1531624322880898,0.759708552681774,0.19855802243076148,6.632967032967031,11.037362637362634,5.764102564102565,5.135042735042738,1.7948717948717956,-0.5396825396825395,2.1904761904761916,0.0
392343.066800109,1072,0.04,0.03799999877810478,0.8011999726295471,0.6014999747276306,0.9642999768257141,0.029400000348687172,0.7059999704360962,0.4212999939918518,-0.05779354543373749,0.6418326085297945,0.5189974822613888,0.8779659723811708,-0.1531624322880898,0.759708552681774,0.19855802243076148,6.632967032967031,11.06373626373626,5.736752136752138,5.1213675213675245,1.7948717948717956,-0.5445665445665444,2.185592185592185,0.0
392343.106884378,1073,0.04,0.03799999877810478,0.8011999726295471,0.6014999747276306,0.9642999768257141,0.029400000348687172,0.7059999704360962,0.4212999939918518,-0.05779354543373749,0.6418326085297945,0.5189974822613888,0.8779659723811708,-0.1531624322880898,0.759708552681774,0.19855802243076148,6.632967032967031,11.06373626373626,5.736752136752138,5.148717948717952,1.7948717948717956,-0.5445665445665444,2.1904761904761916,0.0
392343.146830765,1074,0.04,0.03799999877810478,0.8011999726295471,0.6014999747276306,0.9642999768257141,0.029400000348687172,0.7059999704360962,0.4212999939918518,-0.05779354543373749,0.6418326085297945,0.5189974822613888,0.8779659723811708,-0.1531624322880898,0.759708552681774,0.19855802243076148,6.632967032967031,11.06373626373626,5.750427350427351,5.1213675213675245,1.7948717948717956,-0.5445665445665444,2.185592185592185,0.0
392343.186790636,1075,0.04,0.03799999877810478,0.8011999726295471,0.6014999747276306,0.9642999768257141,0.029400000348687172,0.7059999704360962,0.4212999939918518,-0.05779354543373749,0.6418326085297945,0.5189974822613888,0.8779659723811708,-0.1531624322880898,0.759708552681774,0.19855802243076148,6.632967032967031,11.06373626373626,5.750427350427351,5.148717948717952,1.7948717948717956,-0.5445665445665444,2.1904761904761916,0.0
392343.226814574,1076,0.04,0.03799999877810478,0.8011999726295471,0.6014999747276306,0.9642999768257141,0.029400000348687172,0.7059999704360962,0.4212999939918518,-0.05779354543373749,0.6418326085297945,0.5189974822613888,0.8779659723811708,-0.1531624322880898,0.759708552681774,0.19855802243076148,6.632967032967031,11.037362637362634,5.736752136752138,5.135042735042738,1.7948717948717956,-0.5445665445665444,2.185592185592185,0.0
392343.266855997,1077,0.04,0.03799999877810478,0.8011999726295471,0.6014999747276306,0.9642999768257141,0.029400000348687172,0.7059999704360962,0.4212999939918518,-0.05779354543373749,0.6418326085297945,0.5189974822613888,0.8779659723811708,-0.1531624322880898,0.759708552681774,0.19855802243076148,6.606593406593404,11.06373626373626,5.750427350427351,5.148717948717952,1.7948717948717956,-0.5445665445665444,2.185592185592185,0.0
392343.306828632,1078,0.04,0.03799999877810478,0.8011999726295471,0.6014999747276306,0.9642999768257141,0.029400000348687172,0.7059999704360962,0.4212999939918518,-0.05779354543373749,0.6418326085297945,0.5189974822613888,0.8779659723811708,-0.1531624322880898,0.759708552681774,0.19855802243076148,6.632967032967031,11.037362637362634,5.723076923076924,5.1213675213675245,1.7948717948717956,-0.5396825396825395,2.185592185592185,0.0
392343.346836163,1079,0.04,0.03799999877810478,0.8011999726295471,0.6014999747276306,0.9642999768257141,0.029400000348687172,0.7059999704360962,0.4212999939918518,-0.05779354543373749,0.6418326085297945,0.5189974822613888,0.8779659723811708,-0.1531624322880898,0.759708552681774,0.19855802243076148,6.606593406593404,11.06373626373626,5.750427350427351,5.1213675213675245,1.7948717948717956,-0.5445665445665444,2.1904761904761916,0.0
392343.386914846,1080,0.04,0.03799999877810478,0.8011999726295471,0.6014999747276306,0.9642999768257141,0.029400000348687172,0.7059999704360962,0.4212999939918518,-0.05779354543373749,0.6418326085297945,0.5189974822613888,0.8779659723811708,-0.1531624322880898,0.759708552681774,0.19855802243076148,6.606593406593404,11.06373626373626,5.736752136752138,5.135042735042738,1.7899877899877907,-0.5494505494505493,2.1953601953601964,0.0
392343.426847878,1081,0.04,0.03799999877810478,0.8011999726295471,0.6014999747276306,0.9642999768257141,0.029400000348687172,0.7059999704360962,0.4212999939918518,-0.05779354543373749,0.6418326085297945,0.5189974822613888,0.8779659723811708,-0.1531624322880898,0.759708552681774,0.19855802243076148,6.632967032967031,11.037362637362634,5.750427350427351,5.135042735042738,1.7948717948717956,-0.5445665445665444,2.1904761904761916,0.0
392343.466822313,1082,0.04,0.03799999877810478,0.8011999726295471,0.6014999747276306,0.9642999768257141,0.029400000348687172,0.7059999704360962,0.4212999939918518,-0.05779354543373749,0.6418326085297945,0.5189974822613888,0.8779659723811708,-0.1531624322880898,0.759708552681774,0.19855802243076148,6.606593406593404,11.06373626373626,5.736752136752138,5.135042735042738,1.7948717948717956,-0.5396825396825395,2.185592185592185,0.0
392343.506829096,1083,0.04,0.03799999877810478,0.8011999726295471,0.6014999747276306,0.9642999768257141,0.029400000348687172,0.7059999704360962,0.4212999939918518,-0.05779354543373749,0.6418326085297945,0.5189974822613888,0.8779659723811708,-0.1531624322880898,0.759708552681774,0.19855802243076148,6.632967032967031,11.06373626373626,5.736752136752138,5.135042735042738,1.7948717948717956,-0.5396825396825395,2.185592185592185,0.0
392343.546831045,1084,0.04,0.03799999877810478,0.8011999726295471,0.6014999747276306,0.9642999768257141,0.029400000348687172,0.7059999704360962,0.4212999939918518,-0.05779354543373749,0.6418326085297945,0.5189974822613888,0.8779659723811708,-0.1531624322880898,0.759708552681774,0.19855802243076148,6.606593406593404,11.037362637362634,5.736752136752138,5.1213675213675245,1.7948717948717956,-0.5445665445665444,2.185592185592185,0.0
392343.586830683,1085,0.04,0.03799999877810478,0.8011999726295471,0.6014999747276306,0.9642999768257141,0.029400000348687172,0.7059999704360962,0.4212999939918518,-0.05779354543373749,0.6418326085297945,0.5189974822613888,0.8779659723811708,-0.1531624322880898,0.759708552681774,0.19855802243076148,6.632967032967031,11.06373626373626,5.736752136752138,5.135042735042738,1.7899877899877907,-0.5396825396825395,2.1904761904761916,0.0
392343.626827836,1086,0.04,0.03799999877810478,0.8011999726295471,0.6014999747276306,0.9642999768257141,0.029400000348687172,0.7059999704360962,0.4212999939918518,-0.05779354543373749,0.6418326085297945,0.5189974822613888,0.8779659723811708,-0.1531624322880898,0.759708552681774,0.19855802243076148,6.632967032967031,11.06373626373626,5.750427350427351,5.135042735042738,1.7948717948717956,-0.5445665445665444,2.1904761904761916,0.0
392343.666830784,1087,0.04,0.03799999877810478,0.8011999726295471,0.6014999747276306,0.9642999768257141,0.029400000348687172,0.7059999704360962,0.4212999939918518,-0.05779354543373749,0.6418326085297945,0.5189974822613888,0.8779659723811708,-0.1531624322880898,0.759708552681774,0.19855802243076148,6.632967032967031,11.06373626373626,5.750427350427351,5.162393162393165,1.7899877899877907,-0.5396825396825395,2.1904761904761916,0.0
392343.706813139,1088,0.04,0.03799999877810478,0.8011999726295471,0.6014999747276306,0.9642999768257141,0.029400000348687172,0.7059999704360962,0.4212999939918518,-0.05779354543373749,0.6418326085297945,0.5189974822613888,0.8779659723811708,-0.1531624322880898,0.759708552681774,0.19855802243076148,6.606593406593404,11.06373626373626,5.70940170940171,5.1213675213675245,1.7899877899877907,-0.5445665445665444,2.185592185592185,0.0
392343.746835338,1089,0.04,0.03799999877810478,0.8011999726295471,0.6014999747276306,0.9642999768257141,0.029400000348687172,0.7059999704360962,0.4212999939918518,-0.05779354543373749,0.6418326085297945,0.5189974822613888,0.8779659723811708,-0.1531624322880898,0.759708552681774,0.19855802243076148,6.606593406593404,11.037362637362634,5.750427350427351,5.135042735042738,1.7899877899877907,-0.5445665445665444,2.1904761904761916,0.0
392343.786829867,1090,0.04,0.03799999877810478,0.8011999726295471,0.6014999747276306,0.9642999768257141,0.029400000348687172,0.7059999704360962,0.4212999939918518,-0.05779354543373749,0.6418326085297945,0.5189974822613888,0.8779659723811708,-0.1531624322880898,0.759708552681774,0.19855802243076148,6.632967032967031,11.06373626373626,5.70940170940171,5.148717948717952,1.7899877899877907,-0.5494505494505493,2.1904761904761916,0.0
392343.826802673,1091,0.04,0.03799999877810478,0.8011999726295471,0.6014999747276306,0.9642999768257141,0.029400000348687172,0.7059999704360962,0.4212999939918518,-0.05779354543373749,0.6418326085297945,0.5189974822613888,0.8779659723811708,-0.1531624322880898,0.759708552681774,0.19855802243076148,6.632967032967031,11.06373626373626,5.723076923076924,5.1213675213675245,1.7899877899877907,-0.5396825396825395,2.1904761904761916,0.0
392343.8667749,1092,0.04,0.03799999877810478,0.8011999726295471,0.6014999747276306,0.9642999768257141,0.029400000348687172,0.7059999704360962,0.4212999939918518,-0.05779354543373749,0.6418326085297945,0.5189974822613888,0.8779659723811708,-0.1531624322880898,0.759708552681774,0.19855802243076148,6.632967032967031,11.037362637362634,5.736752136752138,5.135042735042738,1.7948717948717956,-0.5445665445665444,2.1904761904761916,0.0
392343.906832419,1093,0.04,0.03799999877810478,0.8011999726295471,0.6014999747276306,0.9642999768257141,0.029400000348687172,0.7059999704360962,0.4212999939918518,-0.05779354543373749,0.6418326085297945,0.5189974822613888,0.8779659723811708,-0.1531624322880898,0.759708552681774,0.19855802243076148,6.606593406593404,11.037362637362634,5.723076923076924,5.135042735042738,1.7948717948717956,-0.5445665445665444,2.185592185592185,0.0
392343.94683175,1094,0.04,0.03799999877810478,0.8011999726295471,0.6014999747276306,0.9642999768257141,0.029400000348687172,0.7059999704360962,0.4212999939918518,-0.05779354543373749,0.6418326085297945,0.5189974822613888,0.8779659723811708,-0.1531624322880898,0.759708552681774,0.19855802243076148,6.632967032967031,11.06373626373626,5.723076923076924,5.135042735042738,1.7948717948717956,-0.5396825396825395,2.185592185592185,0.0
392343.986832463,1095,0.04,0.03799999877810478,0.8011999726295471,0.6014999747276306,0.9642999768257141,0.029400000348687172,0.7059999704360962,0.4212999939918518,-0.05779354543373749,0.6418326085297945,0.5189974822613888,0.8779659723811708,-0.1531624322880898,0.759708552681774,0.19855802243076148,6.632967032967031,11.06373626373626,5.736752136752138,5.135042735042738,1.7948717948717956,-0.5445665445665444,2.1904761904761916,0.0
392344.026795522,1096,0.04,0.03799999877810478,0.8011999726295471,0.6014999747276306,0.9642999768257141,0.029400000348687172,0.7059999704360962,0.4212999939918518,-0.05779354543373749,0.6418326085297945,0.5189974822613888,0.8779659723811708,-0.1531624322880898,0.759708552681774,0.19855802243076148,6.632967032967031,11.06373626373626,5.750427350427351,5.148717948717952,1.7948717948717956,-0.5445665445665444,2.185592185592185,0.0
392344.066835025,1097,0.04,0.03799999877810478,0.8011999726295471,0.6014999747276306,0.9642999768257141,0.029400000348687172,0.7059999704360962,0.4212999939918518,-0.05779354543373749,0.6418326085297945,0.5189974822613888,0.8779659723811708,-0.1531624322880898,0.759708552681774,0.19855802243076148,6.606593406593404,11.06373626373626,5.736752136752138,5.1213675213675245,1.7997557997558005,-0.5445665445665444,2.185592185592185,0.0
392344.10698176,1098,0.04,0.03799999877810478,0.8011999726295471,0.6014999747276306,0.9642999768257141,0.029400000348687172,0.7059999704360962,0.4212999939918518,-0.05779354543373749,0.6418326085297945,0.5189974822613888,0.8779659723811708,-0.1531624322880898,0.759708552681774,0.19855802243076148,6.632967032967031,11.06373626373626,5.736752136752138,5.1213675213675245,1.7948717948717956,-0.5445665445665444,2.185592185592185,0.0
392344.146854256,1099,0.04,0.03799999877810478,0.8011999726295471,0.6014999747276306,0.9642999768257141,0.029400000348687172,0.7059999704360962,0.4212999939918518,-0.05779354543373749,0.6418326085297945,0.5189974822613888,0.8779659723811708,-0.1531624322880898,0.759708552681774,0.19855802243076148,6.632967032967031,11.06373626373626,5.723076923076924,5.135042735042738,1.7948717948717956,-0.5445665445665444,2.185592185592185,0.0
392344.186804399,1100,0.04,0.03799999877810478,0.8011999726295471,0.6014999747276306,0.9642999768257141,0.029400000348687172,0.7059999704360962,0.4212999939918518,-0.05779354543373749,0.6418326085297945,0.5189974822613888,0.8779659723811708,-0.1531624322880898,0.759708552681774,0.19855802243076148,6.632967032967031,11.06373626373626,5.750427350427351,5.1213675213675245,1.7899877899877907,-0.5445665445665444,2.18070818070818,0.0
392344.226852827,1101,0.04,0.03799999877810478,0.8011999726295471,0.6014999747276306,0.9642999768257141,0.029400000348687172,0.7059999704360962,0.4212999939918518,-0.05779354543373749,0.6418326085297945,0.5189974822613888,0.8779659723811708,-0.1531624322880898,0.759708552681774,0.19855802243076148,6.632967032967031,11.037362637362634,5.736752136752138,5.148717948717952,1.7948717948717956,-0.5445665445665444,2.185592185592185,0.0
392344.266779768,1102,0.04,0.03799999877810478,0.8011999726295471,0.6014999747276306,0.9642999768257141,0.029400000348687172,0.7059999704360962,0.4212999939918518,-0.05779354543373749,0.6418326085297945,0.5189974822613888,0.8779659723811708,-0.1531624322880898,0.759708552681774,0.19855802243076148,6.606593406593404,11.06373626373626,5.750427350427351,5.1213675213675245,1.7899877899877907,-0.5396825396825395,2.185592185592185,0.0
392344.306959282,1103,0.04,0.03799999877810478,0.8011999726295471,0.6014999747276306,0.9642999768257141,0.029400000348687172,0.7059999704360962,0.4212999939918518,-0.05779354543373749,0.6418326085297945,0.5189974822613888,0.8779659723811708,-0.1531624322880898,0.759708552681774,0.19855802243076148,6.606593406593404,11.06373626373626,5.750427350427351,5.135042735042738,1.7948717948717956,-0.5445665445665444,2.1904761904761916,0.0
392344.346856841,1104,0.04,0.03799999877810478,0.8011999726295471,0.6014999747276306,0.9642999768257141,0.029400000348687172,0.7059999704360962,0.4212999939918518,-0.05779354543373749,0.6418326085297945,0.5189974822613888,0.8779659723811708,-0.1531624322880898,0.759708552681774,0.19855802243076148,6.606593406593404,11.06373626373626,5.750427350427351,5.1213675213675245,1.7899877899877907,-0.5445665445665444,2.185592185592185,0.0
392344.386854693,1105,0.04,0.03799999877810478,0.8011999726295471,0.6014999747276306,0.9642999768257141,0.029400000348687172,0.7059999704360962,0.4212999939918518,-0.05779354543373749,0.6418326085297945,0.5189974822613888,0.8779659723811708,-0.1531624322880898,0.759708552681774,0.19855802243076148,6.632967032967031,11.06373626373626,5.750427350427351,5.148717948717952,1.7899877899877907,-0.5445665445665444,2.185592185592185,0.0
392344.426842247,1106,0.04,0.03799999877810478,0.8011999726295471,0.6014999747276306,0.9642999768257141,0.029400000348687172,0.7059999704360962,0.4212999939918518,-0.05779354543373749,0.6418326085297945,0.5189974822613888,0.8779659723811708,-0.1531624322880898,0.759708552681774,0.19855802243076148,6.606593406593404,11.06373626373626,5.750427350427351,5.135042735042738,1.7899877899877907,-0.5445665445665444,2.1904761904761916,0.0
392344.466831452,1107,0.04,0.03799999877810478,0.8011999726295471,0.6014999747276306,0.9642999768257141,0.029400000348687172,0.7059999704360962,0.4212999939918518,-0.05779354543373749,0.6418326085297945,0.5189974822613888,0.8779659723811708,-0.1531624322880898,0.759708552681774,0.19855802243076148,6.632967032967031,11.06373626373626,5.736752136752138,5.148717948717952,1.7899877899877907,-0.5445665445665444,2.1904761904761916,0.0
392344.506824789,1108,0.04,0.03799999877810478,0.8011999726295471,0.6014999747276306,0.9642999768257141,0.029400000348687172,0.7059999704360962,0.4212999939918518,-0.05779354543373749,0.6418326085297945,0.5189974822613888,0.8779659723811708,-0.1531624322880898,0.759708552681774,0.19855802243076148,6.606593406593404,11.06373626373626,5.736752136752138,5.135042735042738,1.7948717948717956,-0.5396825396825395,2.185592185592185,0.0
392344.546828952,1109,0.04,0.03799999877810478,0.8011999726295471,0.6014999747276306,0.9642999768257141,0.029400000348687172,0.7059999704360962,0.4212999939918518,-0.05779354543373749,0.6418326085297945,0.5189974822613888,0.8779659723811708,-0.1531624322880898,0.759708552681774,0.19855802243076148,6.632967032967031,11.06373626373626,5.736752136752138,5.135042735042738,1.7948717948717956,-0.5445665445665444,2.185592185592185,0.0
392344.5868298,1110,0.04,0.03799999877810478,0.8011999726295471,0.6014999747276306,0.9642999768257141,0.029400000348687172,0.7059999704360962,0.4212999939918518,-0.05779354543373749,0.6418326085297945,0.5189974822613888,0.8779659723811708,-0.1531624322880898,0.759708552681774,0.19855802243076148,6.632967032967031,11.06373626373626,5.750427350427351,5.148717948717952,1.7948717948717956,-0.5445665445665444,2.1904761904761916,0.0
392344.62682875,1111,0.04,0.03799999877810478,0.8011999726295471,0.6014999747276306,0.9642999768257141,0.029400000348687172,0.7059999704360962,0.4212999939918518,-0.05779354543373749,0.6418326085297945,0.5189974822613888,0.8779659723811708,-0.1531624322880898,0.759708552681774,0.19855802243076148,6.632967032967031,11.06373626373626,5.736752136752138,5.148717948717952,1.7899877899877907,-0.5445665445665444,2.185592185592185,0.0
392344.666840809,1112,0.04,0.03799999877810478,0.8011999726295471,0.6014999747276306,0.9642999768257141,0.029400000348687172,0.7059999704360962,0.4212999939918518,-0.05779354543373749,0.6418326085297945,0.5189974822613888,0.8779659723811708,-0.1531624322880898,0.759708552681774,0.19855802243076148,6.632967032967031,11.06373626373626,5.750427350427351,5.1213675213675245,1.7899877899877907,-0.5445665445665444,2.185592185592185,0.0
392344.706828872,1113,0.04,0.03799999877810478,0.8011999726295471,0.6014999747276306,0.9642999768257141,0.029400000348687172,0.7059999704360962,0.4212999939918518,-0.05779354543373749,0.6418326085297945,0.5189974822613888,0.8779659723811708,-0.1531624322880898,0.759708552681774,0.19855802243076148,6.632967032967031,11.06373626373626,5.736752136752138,5.135042735042738,1.7948717948717956,-0.5396825396825395,2.1953601953601964,0.0
392344.746868074,1114,0.04,0.03799999877810478,0.8011999726295471,0.6014999747276306,0.9642999768257141,0.029400000348687172,0.7059999704360962,0.4212999939918518,-0.05779354543373749,0.6418326085297945,0.5189974822613888,0.8779659723811708,-0.1531624322880898,0.759708552681774,0.19855802243076148,6.632967032967031,11.06373626373626,5.750427350427351,5.135042735042738,1.7948717948717956,-0.5396825396825395,2.185592185592185,0.0
392344.786829891,1115,0.04,0.03799999877810478,0.8011999726295471,0.6014999747276306,0.9642999768257141,0.029400000348687172,0.7059999704360962,0.4212999939918518,-0.05779354543373749,0.6418326085297945,0.5189974822613888,0.8779659723811708,-0.1531624322880898,0.759708552681774,0.19855802243076148,6.606593406593404,11.06373626373626,5.723076923076924,5.1213675213675245,1.7948717948717956,-0.5445665445665444,2.185592185592185,0.0
392344.826823931,1116,0.04,0.03799999877810478,0.8011999726295471,0.6014999747276306,0.9642999768257141,0.029400000348687172,0.7059999704360962,0.4212999939918518,-0.05779354543373749,0.6418326085297945,0.5189974822613888,0.8779659723811708,-0.1531624322880898,0.759708552681774,0.19855802243076148,6.606593406593404,11.06373626373626,5.764102564102565,5.135042735042738,1.7948717948717956,-0.5445665445665444,2.1953601953601964,0.0
392344.866824187,1117,0.04,0.03799999877810478,0.8011999726295471,0.6014999747276306,0.9642999768257141,0.029400000348687172,0.7059999704360962,0.4212999939918518,-0.05779354543373749,0.6418326085297945,0.5189974822613888,0.8779659723811708,-0.1531624322880898,0.759708552681774,0.19855802243076148,6.606593406593404,11.06373626373626,5.736752136752138,5.135042735042738,1.7948717948717956,-0.5445665445665444,2.1904761904761916,0.0
392344.906833237,1118,0.04,0.03799999877810478,0.8011999726295471,0.6014999747276306,0.9642999768257141,0.029400000348687172,0.7059999704360962,0.4212999939918518,-0.05779354543373749,0.6418326085297945,0.5189974822613888,0.8779659723811708,-0.1531624322880898,0.759708552681774,0.19855802243076148,6.632967032967031,11.06373626373626,5.736752136752138,5.148717948717952,1.7899877899877907,-0.5396825396825395,2.185592185592185,0.0
392344.94684288,1119,0.04,0.03799999877810478,0.8011999726295471,0.6014999747276306,0.9642999768257141,0.029400000348687172,0.7059999704360962,0.4212999939918518,-0.05779354543373749,0.6418326085297945,0.5189974822613888,0.8779659723811708,-0.1531624322880898,0.759708552681774,0.19855802243076148,6.632967032967031,11.06373626373626,5.723076923076924,5.148717948717952,1.7948717948717956,-0.5445665445665444,2.185592185592185,0.0
392344.986780544,1120,0.04,0.03799999877810478,0.8011999726295471,0.6014999747276306,0.9642999768257141,0.029400000348687172,0.7059999704360962,0.4212999939918518,-0.05779354543373749,0.6418326085297945,0.5189974822613888,0.8779659723811708,-0.1531624322880898,0.759708552681774,0.19855802243076148,6.632967032967031,11.06373626373626,5.736752136752138,5.135042735042738,1.7948717948717956,-0.5445665445665444,2.1904761904761916,0.0
392345.026829994,1121,0.04,0.03799999877810478,0.8011999726295471,0.6014999747276306,0.9642999768257141,0.029400000348687172,0.7059999704360962,0.4212999939918518,-0.05779354543373749,0.6418326085297945,0.5189974822613888,0.8779659723811708,-0.1531624322880898,0.759708552681774,0.19855802243076148,6.632967032967031,11.06373626373626,5.736752136752138,5.148717948717952,1.7948717948717956,-0.5445665445665444,2.1904761904761916,0.0
392345.06684361,1122,0.04,0.03799999877810478,0.8011999726295471,0.6014999747276306,0.9642999768257141,0.029400000348687172,0.7059999704360962,0.4212999939918518,-0.05779354543373749,0.6418326085297945,0.5189974822613888,0.8779659723811708,-0.1531624322880898,0.759708552681774,0.19855802243076148,6.632967032967031,11.06373626373626,5.736752136752138,5.135042735042738,1.7948717948717956,-0.5445665445665444,2.185592185592185,0.0
392345.10683247,1123,0.04,0.03799999877810478,0.8011999726295471,0.6014999747276306,0.9642999768257141,0.029400000348687172,0.7059999704360962,0.4212999939918518,-0.05779354543373749,0.6418326085297945,0.5189974822613888,0.8779659723811708,-0.1531624322880898,0.759708552681774,0.19855802243076148,6.632967032967031,11.037362637362634,5.736752136752138,5.135042735042738,1.7948717948717956,-0.5445665445665444,2.185592185592185,0.0
392345.14682901,1124,0.04,0.03799999877810478,0.8011999726295471,0.6014999747276306,0.9642999768257141,0.029400000348687172,0.7059999704360962,0.4212999939918518,-0.05779354543373749,0.6418326085297945,0.5189974822613888,0.8779659723811708,-0.1531624322880898,0.759708552681774,0.19855802243076148,6.632967032967031,11.06373626373626,5.750427350427351,5.135042735042738,1.7948717948717956,-0.5445665445665444,2.185592185592185,0.0
392345.186870572,1125,0.04,0.03799999877810478,0.8011999726295471,0.6014999747276306,0.9642999768257141,0.029400000348687172,0.7059999704360962,0.4212999939918518,-0.05779354543373749,0.6418326085297945,0.5189974822613888,0.8779659723811708,-0.1531624322880898,0.759708552681774,0.19855802243076148,6.632967032967031,11.06373626373626,5.736752136752138,5.135042735042738,1.7948717948717956,-0.5445665445665444,2.185592185592185,0.0
392345.226862132,1126,0.04,0.03799999877810478,0.8011999726295471,0.6014999747276306,0.9642999768257141,0.029400000348687172,0.7059999704360962,0.4212999939918518,-0.05779354543373749,0.6418326085297945,0.5189974822613888,0.8779659723811708,-0.1531624322880898,0.759708552681774,0.19855802243076148,6.606593406593404,11.06373626373626,5.750427350427351,5.135042735042738,1.7948717948717956,-0.5494505494505493,2.185592185592185,0.0
392345.266829036,1127,0.04,0.03799999877810478,0.8011999726295471,0.6014999747276306,0.9642999768257141,0.029400000348687172,0.7059999704360962,0.4212999939918518,-0.05779354543373749,0.6418326085297945,0.5189974822613888,0.8779659723811708,-0.1531624322880898,0.759708552681774,0.19855802243076148,6.632967032967031,11.06373626373626,5.750427350427351,5.148717948717952,1.7948717948717956,-0.5445665445665444,2.185592185592185,0.0
392345.306839536,1128,0.04,0.03799999877810478,0.8011999726295471,0.6014999747276306,0.9642999768257141,0.029400000348687172,0.7059999704360962,0.4212999939918518,-0.05779354543373749,0.6418326085297945,0.5189974822613888,0.8779659723811708,-0.1531624322880898,0.759708552681774,0.19855802243076148,6.632967032967031,11.06373626373626,5.736752136752138,5.135042735042738,1.7948717948717956,-0.5445665445665444,2.1904761904761916,0.0
392345.346903253,1129,0.04,0.03799999877810478,0.8011999726295471,0.6014999747276306,0.9642999768257141,0.029400000348687172,0.7059999704360962,0.4212999939918518,-0.05779354543373749,0.6418326085297945,0.5189974822613888,0.8779659723811708,-0.1531624322880898,0.759708552681774,0.19855802243076148,6.632967032967031,11.06373626373626,5.723076923076924,5.1213675213675245,1.7948717948717956,-0.5494505494505493,2.185592185592185,0.0
392345.386852335,1130,0.04,0.03799999877810478,0.8011999726295471,0.6014999747276306,0.9642999768257141,0.029400000348687172,0.7059999704360962,0.4212999939918518,-0.05779354543373749,0.6418326085297945,0.5189974822613888,0.8779659723811708,-0.1531624322880898,0.759708552681774,0.19855802243076148,6.606593406593404,11.06373626373626,5.750427350427351,5.162393162393165,1.7899877899877907,-0.5445665445665444,2.185592185592185,0.0
392345.426831206,1131,0.04,0.03799999877810478,0.8011999726295471,0.6014999747276306,0.9642999768257141,0.029400000348687172,0.7059999704360962,0.4212999939918518,-0.05779354543373749,0.6418326085297945,0.5189974822613888,0.8779659723811708,-0.1531624322880898,0.759708552681774,0.19855802243076148,6.632967032967031,11.06373626373626,5.750427350427351,5.1213675213675245,1.7899877899877907,-0.5445665445665444,2.1904761904761916,0.0
392345.466829026,1132,0.04,0.03799999877810478,0.8011999726295471,0.6014999747276306,0.9642999768257141,0.029400000348687172,0.7059999704360962,0.4212999939918518,-0.05779354543373749,0.6418326085297945,0.5189974822613888,0.8779659723811708,-0.1531624322880898,0.759708552681774,0.19855802243076148,6.606593406593404,11.037362637362634,5.750427350427351,5.1213675213675245,1.7899877899877907,-0.5494505494505493,2.185592185592185,0.0
392345.506831958,1133,0.04,0.03799999877810478,0.8011999726295471,0.6014999747276306,0.9642999768257141,0.029400000348687172,0.7059999704360962,0.4212999939918518,-0.05779354543373749,0.6418326085297945,0.5189974822613888,0.8779659723811708,-0.1531624322880898,0.759708552681774,0.19855802243076148,6.632967032967031,11.037362637362634,5.736752136752138,5.135042735042738,1.7948717948717956,-0.5445665445665444,2.185592185592185,0.0
392345.546830798,1134,0.04,0.03799999877810478,0.8011999726295471,0.6014999747276306,0.9642999768257141,0.029400000348687172,0.7059999704360962,0.4212999939918518,-0.05779354543373749,0.6418326085297945,0.5189974822613888,0.8779659723811708,-0.1531624322880898,0.759708552681774,0.19855802243076148,6.632967032967031,11.037362637362634,5.777777777777779,5.135042735042738,1.7899877899877907,-0.5445665445665444,2.185592185592185,0.0
392345.586830465,1135,0.04,0.03799999877810478,0.8011999726295471,0.6014999747276306,0.9642999768257141,0.029400000348687172,0.7059999704360962,0.4212999939918518,-0.05779354543373749,0.6418326085297945,0.5189974822613888,0.8779659723811708,-0.1531624322880898,0.759708552681774,0.19855802243076148,6.632967032967031,11.06373626373626,5.736752136752138,5.107692307692311,1.7899877899877907,-0.5445665445665444,2.1904761904761916,0.0
392345.626806421,1136,0.04,0.03799999877810478,0.8011999726295471,0.6014999747276306,0.9642999768257141,0.029400000348687172,0.7059999704360962,0.4212999939918518,-0.05779354543373749,0.6418326085297945,0.5189974822613888,0.8779659723811708,-0.1531624322880898,0.759708552681774,0.19855802243076148,6.632967032967031,11.06373626373626,5.736752136752138,5.148717948717952,1.7899877899877907,-0.5445665445665444,2.185592185592185,0.0
392345.666827658,1137,0.04,0.03799999877810478,0.8011999726295471,0.6014999747276306,0.9642999768257141,0.029400000348687172,0.7059999704360962,0.4212999939918518,-0.05779354543373749,0.6418326085297945,0.5189974822613888,0.8779659723811708,-0.1531624322880898,0.759708552681774,0.19855802243076148,6.632967032967031,11.06373626373626,5.750427350427351,5.1213675213675245,1.7948717948717956,-0.5445665445665444,2.185592185592185,0.0
392345.706829507,1138,0.04,0.03799999877810478,0.8011999726295471,0.6014999747276306,0.9642999768257141,0.029400000348687172,0.7059999704360962,0.4212999939918518,-0.05779354543373749,0.6418326085297945,0.5189974822613888,0.8779659723811708,-0.1531624322880898,0.759708552681774,0.19855802243076148,6.632967032967031,11.06373626373626,5.750427350427351,5.135042735042738,1.7899877899877907,-0.5445665445665444,2.1904761904761916,0.0
392345.746831599,1139,0.04,0.03799999877810478,0.8011999726295471,0.6014999747276306,0.9642999768257141,0.029400000348687172,0.7059999704360962,0.4212999939918518,-0.05779354543373749,0.6418326085297945,0.5189974822613888,0.8779659723811708,-0.1531624322880898,0.759708552681774,0.19855802243076148,6.632967032967031,11.06373626373626,5.736752136752138,5.135042735042738,1.7899877899877907,-0.5445665445665444,2.185592185592185,0.0
392345.786828497,1140,0.04,0.03799999877810478,0.8011999726295471,0.6014999747276306,0.9642999768257141,0.029400000348687172,0.7059999704360962,0.4212999939918518,-0.05779354543373749,0.6418326085297945,0.5189974822613888,0.8779659723811708,-0.1531624322880898,0.759708552681774,0.19855802243076148,6.606593406593404,11.037362637362634,5.723076923076924,5.1213675213675245,1.7948717948717956,-0.5445665445665444,2.185592185592185,0.0
392345.828321543,1141,0.04,0.03799999877810478,0.8011999726295471,0.6014999747276306,0.9642999768257141,0.029400000348687172,0.7059999704360962,0.4212999939918518,-0.05779354543373749,0.6418326085297945,0.5189974822613888,0.8779659723811708,-0.1531624322880898,0.759708552681774,0.19855802243076148,6.606593406593404,11.06373626373626,5.723076923076924,5.148717948717952,1.7899877899877907,-0.5445665445665444,2.1904761904761916,0.0
392345.86678166,1142,0.04,0.03799999877810478,0.8011999726295471,0.6014999747276306,0.9642999768257141,0.029400000348687172,0.7059999704360962,0.4212999939918518,-0.05779354543373749,0.6418326085297945,0.5189974822613888,0.8779659723811708,-0.1531624322880898,0.759708552681774,0.19855802243076148,6.632967032967031,11.037362637362634,5.764102564102565,5.135042735042738,1.7899877899877907,-0.5445665445665444,2.1904761904761916,0.0
392345.906832395,1143,0.04,0.03799999877810478,0.8011999726295471,0.6014999747276306,0.9642999768257141,0.029400000348687172,0.7059999704360962,0.4212999939918518,-0.05779354543373749,0.6418326085297945,0.5189974822613888,0.8779659723811708,-0.1531624322880898,0.759708552681774,0.19855802243076148,6.632967032967031,11.06373626373626,5.736752136752138,5.135042735042738,1.7899877899877907,-0.5445665445665444,2.185592185592185,0.0
392345.946810255,1144,0.04,0.03799999877810478,0.8011999726295471,0.6014999747276306,0.9642999768257141,0.029400000348687172,0.7059999704360962,0.4212999939918518,-0.05779354543373749,0.6418326085297945,0.5189974822613888,0.8779659723811708,-0.1531624322880898,0.759708552681774,0.19855802243076148,6.632967032967031,11.06373626373626,5.736752136752138,5.135042735042738,1.7948717948717956,-0.5396825396825395,2.185592185592185,0.0
392345.98751582,1145,0.04,0.03799999877810478,0.8011999726295471,0.6014999747276306,0.9642999768257141,0.029400000348687172,0.7059999704360962,0.4212999939918518,-0.05779354543373749,0.6418326085297945,0.5189974822613888,0.8779659723811708,-0.1531624322880898,0.759708552681774,0.19855802243076148,6.632967032967031,11.06373626373626,5.736752136752138,5.1213675213675245,1.7948717948717956,-0.5445665445665444,2.185592185592185,0.0
392346.026814462,1146,0.04,0.03799999877810478,0.8011999726295471,0.6014999747276306,0.9642999768257141,0.029400000348687172,0.7059999704360962,0.4212999939918518,-0.05779354543373749,0.6418326085297945,0.5189974822613888,0.8779659723811708,-0.1531624322880898,0.759708552681774,0.19855802243076148,6.632967032967031,11.06373626373626,5.736752136752138,5.162393162393165,1.7948717948717956,-0.5396825396825395,2.185592185592185,0.0
392346.066778475,1147,0.04,0.03799999877810478,0.8011999726295471,0.6014999747276306,0.9642999768257141,0.029400000348687172,0.7059999704360962,0.4212999939918518,-0.05779354543373749,0.6418326085297945,0.5189974822613888,0.8779659723811708,-0.1531624322880898,0.759708552681774,0.19855802243076148,6.606593406593404,11.037362637362634,5.750427350427351,5.135042735042738,1.7948717948717956,-0.5445665445665444,2.1904761904761916,0.0
392346.106834238,1148,0.04,0.03799999877810478,0.8011999726295471,0.6014999747276306,0.9642999768257141,0.029400000348687172,0.7059999704360962,0.4212999939918518,-0.05779354543373749,0.6418326085297945,0.5189974822613888,0.8779659723811708,-0.1531624322880898,0.759708552681774,0.19855802243076148,6.632967032967031,11.06373626373626,5.736752136752138,5.135042735042738,1.7899877899877907,-0.5445665445665444,2.185592185592185,0.0
392346.147089131,1149,0.04,0.03799999877810478,0.8011999726295471,0.6014999747276306,0.9642999768257141,0.029400000348687172,0.7059999704360962,0.4212999939918518,-0.05779354543373749,0.6418326085297945,0.5189974822613888,0.8779659723811708,-0.1531624322880898,0.759708552681774,0.19855802243076148,6.632967032967031,11.06373626373626,5.723076923076924,5.135042735042738,1.7948717948717956,-0.5494505494505493,2.185592185592185,0.0
392346.186858844,1150,0.04,0.03799999877810478,0.8011999726295471,0.6014999747276306,0.9642999768257141,0.029400000348687172,0.7059999704360962,0.4212999939918518,-0.05779354543373749,0.6418326085297945,0.5189974822613888,0.8779659723811708,-0.1531624322880898,0.759708552681774,0.19855802243076148,6.632967032967031,11.06373626373626,5.736752136752138,5.135042735042738,1.7948717948717956,-0.5445665445665444,2.1904761904761916,0.0
392346.226870279,1151,0.04,0.03799999877810478,0.8011999726295471,0.6014999747276306,0.9642999768257141,0.029400000348687172,0.7059999704360962,0.4212999939918518,-0.05779354543373749,0.6418326085297945,0.5189974822613888,0.8779659723811708,-0.1531624322880898,0.759708552681774,0.19855802243076148,6.606593406593404,11.06373626373626,5.750427350427351,5.135042735042738,1.7948717948717956,-0.5445665445665444,2.185592185592185,0.0
392346.266826568,1152,0.04,0.03799999877810478,0.8011999726295471,0.6014999747276306,0.9642999768257141,0.029400000348687172,0.7059999704360962,0.4212999939918518,-0.05779354543373749,0.6418326085297945,0.5189974822613888,0.8779659723811708,-0.1531624322880898,0.759708552681774,0.19855802243076148,6.632967032967031,11.06373626373626,5.750427350427351,5.148717948717952,1.7899877899877907,-0.5445665445665444,2.1904761904761916,0.0
392346.30682518,1153,0.04,0.03799999877810478,0.8011999726295471,0.6014999747276306,0.9642999768257141,0.029400000348687172,0.7059999704360962,0.4212999939918518,-0.05779354543373749,0.6418326085297945,0.5189974822613888,0.8779659723811708,-0.1531624322880898,0.759708552681774,0.19855802243076148,6.606593406593404,11.06373626373626,5.750427350427351,5.135042735042738,1.7948717948717956,-0.5445665445665444,2.1904761904761916,0.0
392346.346824387,1154,0.04,0.03799999877810478,0.8011999726295471,0.6014999747276306,0.9642999768257141,0.029400000348687172,0.7059999704360962,0.4212999939918518,-0.05779354543373749,0.6418326085297945,0.5189974822613888,0.8779659723811708,-0.1531624322880898,0.759708552681774,0.19855802243076148,6.606593406593404,11.037362637362634,5.736752136752138,5.1213675213675245,1.7899877899877907,-0.5494505494505493,2.185592185592185,0.0
392346.386823044,1155,0.04,0.03799999877810478,0.8011999726295471,0.6014999747276306,0.9642999768257141,0.029400000348687172,0.7059999704360962,0.4212999939918518,-0.05779354543373749,0.6418326085297945,0.5189974822613888,0.8779659723811708,-0.1531624322880898,0.759708552681774,0.19855802243076148,6.606593406593404,11.06373626373626,5.750427350427351,5.135042735042738,1.7899877899877907,-0.5445665445665444,2.1904761904761916,0.0
392346.427469707,1156,0.04,0.03799999877810478,0.8011999726295471,0.6014999747276306,0.9642999768257141,0.029400000348687172,0.7059999704360962,0.4212999939918518,-0.05779354543373749,0.6418326085297945,0.5189974822613888,0.8779659723811708,-0.1531624322880898,0.759708552681774,0.19855802243076148,6.606593406593404,11.06373626373626,5.70940170940171,5.148717948717952,1.7997557997558005,-0.5396825396825395,2.185592185592185,0.0
392346.466792833,1157,0.04,0.03799999877810478,0.8011999726295471,0.6014999747276306,0.9642999768257141,0.029400000348687172,0.7059999704360962,0.4212999939918518,-0.05779354543373749,0.6418326085297945,0.5189974822613888,0.8779659723811708,-0.1531624322880898,0.759708552681774,0.19855802243076148,6.632967032967031,11.06373626373626,5.750427350427351,5.1213675213675245,1.7899877899877907,-0.5445665445665444,2.185592185592185,0.0
392346.506825367,1158,0.04,0.03799999877810478,0.8011999726295471,0.6014999747276306,0.9642999768257141,0.029400000348687172,0.7059999704360962,0.4212999939918518,-0.05779354543373749,0.6418326085297945,0.5189974822613888,0.8779659723811708,-0.1531624322880898,0.759708552681774,0.19855802243076148,6.606593406593404,11.06373626373626,5.764102564102565,5.135042735042738,1.7948717948717956,-0.5445665445665444,2.1904761904761916,0.0
392346.54684143,1159,0.04,0.03799999877810478,0.8011999726295471,0.6014999747276306,0.9642999768257141,0.029400000348687172,0.7059999704360962,0.4212999939918518,-0.05779354543373749,0.6418326085297945,0.5189974822613888,0.8779659723811708,-0.1531624322880898,0.759708552681774,0.19855802243076148,6.632967032967031,11.037362637362634,5.750427350427351,5.135042735042738,1.7948717948717956,-0.5445665445665444,2.1904761904761916,0.0
392346.586828913,1160,0.04,0.03799999877810478,0.8011999726295471,0.6014999747276306,0.9642999768257141,0.029400000348687172,0.7059999704360962,0.4212999939918518,-0.05779354543373749,0.6418326085297945,0.5189974822613888,0.8779659723811708,-0.1531624322880898,0.759708552681774,0.19855802243076148,6.606593406593404,11.06373626373626,5.750427350427351,5.135042735042738,1.7948717948717956,-0.5494505494505493,2.1904761904761916,0.0
392346.626788306,1161,0.04,0.03799999877810478,0.8011999726295471,0.6014999747276306,0.9642999768257141,0.029400000348687172,0.7059999704360962,0.4212999939918518,-0.05779354543373749,0.6418326085297945,0.5189974822613888,0.8779659723811708,-0.1531624322880898,0.759708552681774,0.19855802243076148,6.606593406593404,11.06373626373626,5.736752136752138,5.1213675213675245,1.7997557997558005,-0.5445665445665444,2.185592185592185,0.0
392346.666826556,1162,0.04,0.03799999877810478,0.8011999726295471,0.6014999747276306,0.9642999768257141,0.029400000348687172,0.7059999704360962,0.4212999939918518,-0.05779354543373749,0.6418326085297945,0.5189974822613888,0.8779659723811708,-0.1531624322880898,0.759708552681774,0.19855802243076148,6.632967032967031,11.06373626373626,5.750427350427351,5.135042735042738,1.7948717948717956,-0.5445665445665444,2.185592185592185,0.0
392346.706835515,1163,0.04,0.03799999877810478,0.8011999726295471,0.6014999747276306,0.9642999768257141,0.029400000348687172,0.7059999704360962,0.4212999939918518,-0.05779354543373749,0.6418326085297945,0.5189974822613888,0.8779659723811708,-0.1531624322880898,0.759708552681774,0.19855802243076148,6.632967032967031,11.06373626373626,5.750427350427351,5.135042735042738,1.7948717948717956,-0.5445665445665444,2.185592185592185,0.0
392346.746833278,1164,0.04,0.03799999877810478,0.8011999726295471,0.6014999747276306,0.9642999768257141,0.029400000348687172,0.7059999704360962,0.4212999939918518,-0.05779354543373749,0.6418326085297945,0.5189974822613888,0.8779659723811708,-0.1531624322880898,0.759708552681774,0.19855802243076148,6.606593406593404,11.06373626373626,5.736752136752138,5.148717948717952,1.7948717948717956,-0.5445665445665444,2.185592185592185,0.0
392346.786904716,1165,0.04,0.03799999877810478,0.8011999726295471,0.6014999747276306,0.9642999768257141,0.029400000348687172,0.7059999704360962,0.4212999939918518,-0.05779354543373749,0.6418326085297945,0.5189974822613888,0.8779659723811708,-0.1531624322880898,0.759708552681774,0.19855802243076148,6.632967032967031,11.06373626373626,5.750427350427351,5.148717948717952,1.7948717948717956,-0.5445665445665444,2.185592185592185,0.0
392346.826861797,1166,0.04,0.03799999877810478,0.8011999726295471,0.6014999747276306,0.9642999768257141,0.029400000348687172,0.7059999704360962,0.4212999939918518,-0.05779354543373749,0.6418326085297945,0.5189974822613888,0.8779659723811708,-0.1531624322880898,0.759708552681774,0.19855802243076148,6.632967032967031,11.06373626373626,5.723076923076924,5.1213675213675245,1.7948717948717956,-0.5445665445665444,2.185592185592185,0.0
392346.866785329,1167,0.04,0.03799999877810478,0.8011999726295471,0.6014999747276306,0.9642999768257141,0.029400000348687172,0.7059999704360962,0.4212999939918518,-0.05779354543373749,0.6418326085297945,0.5189974822613888,0.8779659723811708,-0.1531624322880898,0.759708552681774,0.19855802243076148,6.606593406593404,11.06373626373626,5.750427350427351,5.135042735042738,1.7899877899877907,-0.5445665445665444,2.185592185592185,0.0
392346.906830606,1168,0.04,0.03799999877810478,0.8011999726295471,0.6014999747276306,0.9642999768257141,0.029400000348687172,0.7059999704360962,0.4212999939918518,-0.05779354543373749,0.6418326085297945,0.5189974822613888,0.8779659723811708,-0.1531624322880898,0.759708552681774,0.19855802243076148,6.632967032967031,11.06373626373626,5.723076923076924,5.135042735042738,1.7899877899877907,-0.5445665445665444,2.185592185592185,0.0
392346.946853983,1169,0.04,0.03799999877810478,0.8011999726295471,0.6014999747276306,0.9642999768257141,0.029400000348687172,0.7059999704360962,0.4212999939918518,-0.05779354543373749,0.6418326085297945,0.5189974822613888,0.8779659723811708,-0.1531624322880898,0.759708552681774,0.19855802243076148,6.632967032967031,11.06373626373626,5.750427350427351,5.1213675213675245,1.7948717948717956,-0.5445665445665444,2.1904761904761916,0.0
392346.986834319,1170,0.04,0.03799999877810478,0.8011999726295471,0.6014999747276306,0.9642999768257141,0.029400000348687172,0.7059999704360962,0.4212999939918518,-0.05779354543373749,0.6418326085297945,0.5189974822613888,0.8779659723811708,-0.1531624322880898,0.759708552681774,0.19855802243076148,6.606593406593404,11.06373626373626,5.736752136752138,5.162393162393165,1.7948717948717956,-0.5396825396825395,2.185592185592185,0.0
392347.026835599,1171,0.04,0.03799999877810478,0.8011999726295471,0.6014999747276306,0.9642999768257141,0.029400000348687172,0.7059999704360962,0.4212999939918518,-0.05779354543373749,0.6418326085297945,0.5189974822613888,0.8779659723811708,-0.1531624322880898,0.759708552681774,0.19855802243076148,6.632967032967031,11.06373626373626,5.750427350427351,5.1213675213675245,1.7948717948717956,-0.5445665445665444,2.185592185592185,0.0
392347.066831031,1172,0.04,0.03799999877810478,0.8011999726295471,0.6014999747276306,0.9642999768257141,0.029400000348687172,0.7059999704360962,0.4212999939918518,-0.05779354543373749,0.6418326085297945,0.5189974822613888,0.8779659723811708,-0.1531624322880898,0.759708552681774,0.19855802243076148,6.632967032967031,11.06373626373626,5.750427350427351,5.135042735042738,1.7899877899877907,-0.5445665445665444,2.185592185592185,0.0
392347.106830315,1173,0.04,0.03799999877810478,0.8011999726295471,0.6014999747276306,0.9642999768257141,0.029400000348687172,0.7059999704360962,0.4212999939918518,-0.05779354543373749,0.6418326085297945,0.5189974822613888,0.8779659723811708,-0.1531624322880898,0.759708552681774,0.19855802243076148,6.632967032967031,11.06373626373626,5.736752136752138,5.148717948717952,1.7948717948717956,-0.5396825396825395,2.1904761904761916,0.0
392347.146829413,1174,0.04,0.03799999877810478,0.8011999726295471,0.6014999747276306,0.9642999768257141,0.029400000348687172,0.7059999704360962,0.4212999939918518,-0.05779354543373749,0.6418326085297945,0.5189974822613888,0.8779659723811708,-0.1531624322880898,0.759708552681774,0.19855802243076148,6.632967032967031,11.06373626373626,5.750427350427351,5.135042735042738,1.7899877899877907,-0.5445665445665444,2.185592185592185,0.0
392347.186851908,1175,0.04,0.03799999877810478,0.8011999726295471,0.6014999747276306,0.9642999768257141,0.029400000348687172,0.7059999704360962,0.4212999939918518,-0.05779354543373749,0.6418326085297945,0.5189974822613888,0.8779659723811708,-0.1531624322880898,0.759708552681774,0.19855802243076148,6.606593406593404,11.06373626373626,5.723076923076924,5.148717948717952,1.7899877899877907,-0.5445665445665444,2.1904761904761916,0.0
392347.226944218,1176,0.04,0.03799999877810478,0.8011999726295471,0.6014999747276306,0.9642999768257141,0.029400000348687172,0.7059999704360962,0.4212999939918518,-0.05779354543373749,0.6418326085297945,0.5189974822613888,0.8779659723811708,-0.1531624322880898,0.759708552681774,0.19855802243076148,6.632967032967031,11.06373626373626,5.723076923076924,5.135042735042738,1.7899877899877907,-0.5445665445665444,2.1904761904761916,0.0
392347.266828454,1177,0.04,0.03799999877810478,0.8011999726295471,0.6014999747276306,0.9642999768257141,0.029400000348687172,0.7059999704360962,0.4212999939918518,-0.05779354543373749,0.6418326085297945,0.5189974822613888,0.8779659723811708,-0.1531624322880898,0.759708552681774,0.19855802243076148,6.632967032967031,11.06373626373626,5.750427350427351,5.135042735042738,1.7899877899877907,-0.5445665445665444,2.185592185592185,0.0
392347.306830264,1178,0.04,0.03799999877810478,0.8011999726295471,0.6014999747276306,0.9642999768257141,0.029400000348687172,0.7059999704360962,0.4212999939918518,-0.05779354543373749,0.6418326085297945,0.5189974822613888,0.8779659723811708,-0.1531624322880898,0.759708552681774,0.19855802243076148,6.606593406593404,11.06373626373626,5.723076923076924,5.148717948717952,1.7899877899877907,-0.5445665445665444,2.1904761904761916,0.0
392347.346830942,1179,0.04,0.03799999877810478,0.8011999726295471,0.6014999747276306,0.9642999768257141,0.029400000348687172,0.7059999704360962,0.4212999939918518,-0.05779354543373749,0.6418326085297945,0.5189974822613888,0.8779659723811708,-0.1531624322880898,0.759708552681774,0.19855802243076148,6.632967032967031,11.06373626373626,5.736752136752138,5.135042735042738,1.7899877899877907,-0.5445665445665444,2.1904761904761916,0.0
392347.386828105,1180,0.04,0.03799999877810478,0.8011999726295471,0.6014999747276306,0.9642999768257141,0.029400000348687172,0.7059999704360962,0.4212999939918518,-0.05779354543373749,0.6418326085297945,0.5189974822613888,0.8779659723811708,-0.1531624322880898,0.759708552681774,0.19855802243076148,6.632967032967031,11.06373626373626,5.723076923076924,5.1213675213675245,1.7899877899877907,-0.5494505494505493,2.185592185592185,0.0
392347.426815075,1181,0.04,0.03799999877810478,0.8011999726295471,0.6014999747276306,0.9642999768257141,0.029400000348687172,0.7059999704360962,0.4212999939918518,-0.05779354543373749,0.6418326085297945,0.5189974822613888,0.8779659723811708,-0.1531624322880898,0.759708552681774,0.19855802243076148,6.632967032967031,11.06373626373626,5.736752136752138,5.148717948717952,1.7948717948717956,-0.5445665445665444,2.18070818070818,0.0
392347.466783633,1182,0.04,0.03799999877810478,0.8011999726295471,0.6014999747276306,0.9642999768257141,0.029400000348687172,0.7059999704360962,0.4212999939918518,-0.05779354543373749,0.6418326085297945,0.5189974822613888,0.8779659723811708,-0.1531624322880898,0.759708552681774,0.19855802243076148,6.632967032967031,11.037362637362634,5.736752136752138,5.135042735042738,1.7899877899877907,-0.5445665445665444,2.185592185592185,0.0
392347.506860844,1183,0.04,0.03799999877810478,0.8011999726295471,0.6014999747276306,0.9642999768257141,0.029400000348687172,0.7059999704360962,0.4212999939918518,-0.05779354543373749,0.6418326085297945,0.5189974822613888,0.8779659723811708,-0.1531624322880898,0.759708552681774,0.19855802243076148,6.606593406593404,11.06373626373626,5.764102564102565,5.148717948717952,1.7948717948717956,-0.5494505494505493,2.1904761904761916,0.0
392347.546833531,1184,0.04,0.03799999877810478,0.8011999726295471,0.6014999747276306,0.9642999768257141,0.029400000348687172,0.7059999704360962,0.4212999939918518,-0.05779354543373749,0.6418326085297945,0.5189974822613888,0.8779659723811708,-0.1531624322880898,0.759708552681774,0.19855802243076148,6.632967032967031,11.037362637362634,5.736752136752138,5.1213675213675245,1.7899877899877907,-0.5445665445665444,2.185592185592185,0.0
392347.586829914,1185,0.04,0.03799999877810478,0.8011999726295471,0.6014999747276306,0.9642999768257141,0.029400000348687172,0.7059999704360962,0.4212999939918518,-0.05779354543373749,0.6418326085297945,0.5189974822613888,0.8779659723811708,-0.1531624322880898,0.759708552681774,0.19855802243076148,6.632967032967031,11.06373626373626,5.750427350427351,5.148717948717952,1.7899877899877907,-0.5445665445665444,2.1904761904761916,0.0
392347.626832398,1186,0.04,0.03799999877810478,0.8011999726295471,0.6014999747276306,0.9642999768257141,0.029400000348687172,0.7059999704360962,0.4212999939918518,-0.05779354543373749,0.6418326085297945,0.5189974822613888,0.8779659723811708,-0.1531624322880898,0.759708552681774,0.19855802243076148,6.632967032967031,11.06373626373626,5.750427350427351,5.135042735042738,1.7899877899877907,-0.5445665445665444,2.185592185592185,0.0
392347.666876976,1187,0.04,0.03799999877810478,0.8011999726295471,0.6014999747276306,0.9642999768257141,0.029400000348687172,0.7059999704360962,0.4212999939918518,-0.05779354543373749,0.6418326085297945,0.5189974822613888,0.8779659723811708,-0.1531624322880898,0.759708552681774,0.19855802243076148,6.632967032967031,11.037362637362634,5.750427350427351,5.1213675213675245,1.7899877899877907,-0.5396825396825395,2.185592185592185,0.0
392347.706825154,1188,0.04,0.03799999877810478,0.8011999726295471,0.6014999747276306,0.9642999768257141,0.029400000348687172,0.7059999704360962,0.4212999939918518,-0.05779354543373749,0.6418326085297945,0.5189974822613888,0.8779659723811708,-0.1531624322880898,0.759708552681774,0.19855802243076148,6.632967032967031,11.06373626373626,5.750427350427351,5.107692307692311,1.7899877899877907,-0.5445665445665444,2.185592185592185,0.0
392347.746965841,1189,0.04,0.03799999877810478,0.8011999726295471,0.6014999747276306,0.9642999768257141,0.029400000348687172,0.7059999704360962,0.4212999939918518,-0.05779354543373749,0.6418326085297945,0.5189974822613888,0.8779659723811708,-0.1531624322880898,0.759708552681774,0.19855802243076148,6.606593406593404,11.06373626373626,5.736752136752138,5.135042735042738,1.7948717948717956,-0.5445665445665444,2.185592185592185,0.0
392347.786833767,1190,0.04,0.03799999877810478,0.8011999726295471,0.6014999747276306,0.9642999768257141,0.029400000348687172,0.7059999704360962,0.4212999939918518,-0.05779354543373749,0.6418326085297945,0.5189974822613888,0.8779659723811708,-0.1531624322880898,0.759708552681774,0.19855802243076148,6.632967032967031,11.037362637362634,5.750427350427351,5.148717948717952,1.7948717948717956,-0.5396825396825395,2.1904761904761916,0.0
392347.826876451,1191,0.04,0.03799999877810478,0.8011999726295471,0.6014999747276306,0.9642999768257141,0.029400000348687172,0.7059999704360962,0.4212999939918518,-0.05779354543373749,0.6418326085297945,0.5189974822613888,0.8779659723811708,-0.1531624322880898,0.759708552681774,0.19855802243076148,6.606593406593404,11.037362637362634,5.750427350427351,5.1213675213675245,1.7948717948717956,-0.5396825396825395,2.1904761904761916,0.0
392347.866859445,1192,0.04,0.03799999877810478,0.8011999726295471,0.6014999747276306,0.9642999768257141,0.029400000348687172,0.7059999704360962,0.4212999939918518,-0.05779354543373749,0.6418326085297945,0.5189974822613888,0.8779659723811708,-0.1531624322880898,0.759708552681774,0.19855802243076148,6.632967032967031,11.06373626373626,5.750427350427351,5.135042735042738,1.7948717948717956,-0.5445665445665444,2.185592185592185,0.0
392347.906795282,1193,0.04,0.03799999877810478,0.8011999726295471,0.6014999747276306,0.9642999768257141,0.029400000348687172,0.7059999704360962,0.4212999939918518,-0.05779354543373749,0.6418326085297945,0.5189974822613888,0.8779659723811708,-0.1531624322880898,0.759708552681774,0.19855802243076148,6.632967032967031,11.06373626373626,5.736752136752138,5.148717948717952,1.7948717948717956,-0.5445665445665444,2.185592185592185,0.0
392347.946843318,1194,0.04,0.03799999877810478,0.8011999726295471,0.6014999747276306,0.9642999768257141,0.029400000348687172,0.7059999704360962,0.4212999939918518,-0.05779354543373749,0.6418326085297945,0.5189974822613888,0.8779659723811708,-0.1531624322880898,0.759708552681774,0.19855802243076148,6.632967032967031,11.06373626373626,5.723076923076924,5.135042735042738,1.7899877899877907,-0.5445665445665444,2.185592185592185,0.0
392347.987482221,1195,0.04,0.03799999877810478,0.8011999726295471,0.6014999747276306,0.9642999768257141,0.029400000348687172,0.7059999704360962,0.4212999939918518,-0.05779354543373749,0.6418326085297945,0.5189974822613888,0.8779659723811708,-0.1531624322880898,0.759708552681774,0.19855802243076148,6.632967032967031,11.06373626373626,5.736752136752138,5.148717948717952,1.7899877899877907,-0.5445665445665444,2.185592185592185,0.0
392348.027414585,1196,0.04,0.03799999877810478,0.8011999726295471,0.6014999747276306,0.9642999768257141,0.029400000348687172,0.7059999704360962,0.4212999939918518,-0.05779354543373749,0.6418326085297945,0.5189974822613888,0.8779659723811708,-0.1531624322880898,0.759708552681774,0.19855802243076148,6.632967032967031,11.06373626373626,5.736752136752138,5.148717948717952,1.7948717948717956,-0.5445665445665444,2.1904761904761916,0.0
392348.066802966,1197,0.04,0.03799999877810478,0.8011999726295471,0.6014999747276306,0.9642999768257141,0.029400000348687172,0.7059999704360962,0.4212999939918518,-0.05779354543373749,0.6418326085297945,0.5189974822613888,0.8779659723811708,-0.1531624322880898,0.759708552681774,0.19855802243076148,6.632967032967031,11.06373626373626,5.750427350427351,5.148717948717952,1.7948717948717956,-0.5445665445665444,2.1904761904761916,0.0
392348.106831235,1198,0.04,0.03799999877810478,0.8011999726295471,0.6014999747276306,0.9642999768257141,0.029400000348687172,0.7059999704360962,0.4212999939918518,-0.05779354543373749,0.6418326085297945,0.5189974822613888,0.8779659723811708,-0.1531624322880898,0.759708552681774,0.19855802243076148,6.632967032967031,11.037362637362634,5.723076923076924,5.135042735042738,1.7948717948717956,-0.5396825396825395,2.185592185592185,0.0
392348.146844791,1199,0.04,0.03799999877810478,0.8011999726295471,0.6014999747276306,0.9642999768257141,0.029400000348687172,0.7059999704360962,0.4212999939918518,-0.05779354543373749,0.6418326085297945,0.5189974822613888,0.8779659723811708,-0.1531624322880898,0.759708552681774,0.19855802243076148,6.632967032967031,11.037362637362634,5.736752136752138,5.135042735042738,1.7948717948717956,-0.5396825396825395,2.185592185592185,0.0
392348.186913065,1200,0.04,0.03799999877810478,0.8011999726295471,0.6014999747276306,0.9642999768257141,0.029400000348687172,0.7059999704360962,0.4212999939918518,-0.05779354543373749,0.6418326085297945,0.5189974822613888,0.8779659723811708,-0.1531624322880898,0.759708552681774,0.19855802243076148,6.632967032967031,11.06373626373626,5.750427350427351,5.135042735042738,1.7948717948717956,-0.5445665445665444,2.1904761904761916,0.0
392348.226828153,1201,0.04,0.03799999877810478,0.8011999726295471,0.6014999747276306,0.9642999768257141,0.029400000348687172,0.7059999704360962,0.4212999939918518,-0.05779354543373749,0.6418326085297945,0.5189974822613888,0.8779659723811708,-0.1531624322880898,0.759708552681774,0.19855802243076148,6.606593406593404,11.06373626373626,5.736752136752138,5.1213675213675245,1.7899877899877907,-0.5445665445665444,2.1904761904761916,0.0
392348.26685043,1202,0.04,0.03799999877810478,0.8011999726295471,0.6014999747276306,0.9642999768257141,0.029400000348687172,0.7059999704360962,0.4212999939918518,-0.05779354543373749,0.6418326085297945,0.5189974822613888,0.8779659723811708,-0.1531624322880898,0.759708552681774,0.19855802243076148,6.632967032967031,11.06373626373626,5.736752136752138,5.135042735042738,1.7948717948717956,-0.5494505494505493,2.185592185592185,0.0
392348.306828731,1203,0.04,0.03799999877810478,0.8011999726295471,0.6014999747276306,0.9642999768257141,0.029400000348687172,0.7059999704360962,0.4212999939918518,-0.05779354543373749,0.6418326085297945,0.5189974822613888,0.8779659723811708,-0.1531624322880898,0.759708552681774,0.19855802243076148,6.606593406593404,11.06373626373626,5.736752136752138,5.148717948717952,1.7899877899877907,-0.5396825396825395,2.185592185592185,0.0
392348.346788094,1204,0.04,0.03799999877810478,0.8011999726295471,0.6014999747276306,0.9642999768257141,0.029400000348687172,0.7059999704360962,0.4212999939918518,-0.05779354543373749,0.6418326085297945,0.5189974822613888,0.8779659723811708,-0.1531624322880898,0.759708552681774,0.19855802243076148,6.632967032967031,11.06373626373626,5.723076923076924,5.1213675213675245,1.7899877899877907,-0.5445665445665444,2.1904761904761916,0.0
392348.386836777,1205,0.04,0.03799999877810478,0.8011999726295471,0.6014999747276306,0.9642999768257141,0.029400000348687172,0.7059999704360962,0.4212999939918518,-0.05779354543373749,0.6418326085297945,0.5189974822613888,0.8779659723811708,-0.1531624322880898,0.759708552681774,0.19855802243076148,6.632967032967031,11.06373626373626,5.750427350427351,5.148717948717952,1.7948717948717956,-0.5445665445665444,2.1904761904761916,0.0
392348.426830321,1206,0.04,0.03799999877810478,0.8011999726295471,0.6014999747276306,0.9642999768257141,0.029400000348687172,0.7059999704360962,0.4212999939918518,-0.05779354543373749,0.6418326085297945,0.5189974822613888,0.8779659723811708,-0.1531624322880898,0.759708552681774,0.19855802243076148,6.632967032967031,11.06373626373626,5.736752136752138,5.135042735042738,1.7948717948717956,-0.5445665445665444,2.185592185592185,0.0
392348.466824104,1207,0.04,0.03799999877810478,0.8011999726295471,0.6014999747276306,0.9642999768257141,0.029400000348687172,0.7059999704360962,0.4212999939918518,-0.05779354543373749,0.6418326085297945,0.5189974822613888,0.8779659723811708,-0.1531624322880898,0.759708552681774,0.19855802243076148,6.606593406593404,11.06373626373626,5.723076923076924,5.148717948717952,1.7899877899877907,-0.5445665445665444,2.1953601953601964,0.0
392348.506993188,1208,0.04,0.03799999877810478,0.8011999726295471,0.6014999747276306,0.9642999768257141,0.029400000348687172,0.7059999704360962,0.4212999939918518,-0.05779354543373749,0.6418326085297945,0.5189974822613888,0.8779659723811708,-0.1531624322880898,0.759708552681774,0.19855802243076148,6.632967032967031,11.06373626373626,5.736752136752138,5.1213675213675245,1.7899877899877907,-0.5445665445665444,2.1904761904761916,0.0
392348.546827373,1209,0.04,0.03799999877810478,0.8011999726295471,0.6014999747276306,0.9642999768257141,0.029400000348687172,0.7059999704360962,0.4212999939918518,-0.05779354543373749,0.6418326085297945,0.5189974822613888,0.8779659723811708,-0.1531624322880898,0.759708552681774,0.19855802243076148,6.606593406593404,11.06373626373626,5.736752136752138,5.135042735042738,1.7948717948717956,-0.5445665445665444,2.185592185592185,0.0
392348.586828116,1210,0.04,0.03799999877810478,0.8011999726295471,0.6014999747276306,0.9642999768257141,0.029400000348687172,0.7059999704360962,0.4212999939918518,-0.05779354543373749,0.6418326085297945,0.5189974822613888,0.8779659723811708,-0.1531624322880898,0.759708552681774,0.19855802243076148,6.632967032967031,11.037362637362634,5.750427350427351,5.1213675213675245,1.7899877899877907,-0.5445665445665444,2.185592185592185,0.0
392348.62683004,1211,0.04,0.03799999877810478,0.8011999726295471,0.6014999747276306,0.9642999768257141,0.029400000348687172,0.7059999704360962,0.4212999939918518,-0.05779354543373749,0.6418326085297945,0.5189974822613888,0.8779659723811708,-0.1531624322880898,0.759708552681774,0.19855802243076148,6.606593406593404,11.06373626373626,5.736752136752138,5.1213675213675245,1.7899877899877907,-0.5445665445665444,2.1904761904761916,0.0
392348.666834423,1212,0.04,0.03799999877810478,0.8011999726295471,0.6014999747276306,0.9642999768257141,0.029400000348687172,0.7059999704360962,0.4212999939918518,-0.05779354543373749,0.6418326085297945,0.5189974822613888,0.8779659723811708,-0.1531624322880898,0.759708552681774,0.19855802243076148,6.632967032967031,11.06373626373626,5.736752136752138,5.107692307692311,1.7948717948717956,-0.5494505494505493,2.185592185592185,0.0
392348.706834983,1213,0.04,0.03799999877810478,0.8011999726295471,0.6014999747276306,0.9642999768257141,0.029400000348687172,0.7059999704360962,0.4212999939918518,-0.05779354543373749,0.6418326085297945,0.5189974822613888,0.8779659723811708,-0.1531624322880898,0.759708552681774,0.19855802243076148,6.606593406593404,11.037362637362634,5.723076923076924,5.148717948717952,1.7948717948717956,-0.5445665445665444,2.185592185592185,0.0
392348.746832274,1214,0.04,0.03799999877810478,0.8011999726295471,0.6014999747276306,0.9642999768257141,0.029400000348687172,0.7059999704360962,0.4212999939918518,-0.05779354543373749,0.6418326085297945,0.5189974822613888,0.8779659723811708,-0.1531624322880898,0.759708552681774,0.19855802243076148,6.632967032967031,11.06373626373626,5.736752136752138,5.148717948717952,1.7899877899877907,-0.5445665445665444,2.185592185592185,0.0
392348.786806498,1215,0.04,0.03799999877810478,0.8011999726295471,0.6014999747276306,0.9642999768257141,0.029400000348687172,0.7059999704360962,0.4212999939918518,-0.05779354543373749,0.6418326085297945,0.5189974822613888,0.8779659723811708,-0.1531624322880898,0.759708552681774,0.19855802243076148,6.632967032967031,11.06373626373626,5.736752136752138,5.1213675213675245,1.7948717948717956,-0.5494505494505493,2.1904761904761916,0.0
392348.826828835,1216,0.04,0.03799999877810478,0.8011999726295471,0.6014999747276306,0.9642999768257141,0.029400000348687172,0.7059999704360962,0.4212999939918518,-0.05779354543373749,0.6418326085297945,0.5189974822613888,0.8779659723811708,-0.1531624322880898,0.759708552681774,0.19855802243076148,6.606593406593404,11.06373626373626,5.736752136752138,5.135042735042738,1.7899877899877907,-0.5445665445665444,2.185592185592185,0.0
392348.866853388,1217,0.04,0.03799999877810478,0.8011999726295471,0.6014999747276306,0.9642999768257141,0.029400000348687172,0.7059999704360962,0.4212999939918518,-0.05779354543373749,0.6418326085297945,0.5189974822613888,0.8779659723811708,-0.1531624322880898,0.759708552681774,0.19855802243076148,6.632967032967031,11.037362637362634,5.736752136752138,5.107692307692311,1.7948717948717956,-0.5396825396825395,2.185592185592185,0.0
392348.906830383,1218,0.04,0.03799999877810478,0.8011999726295471,0.6014999747276306,0.9642999768257141,0.029400000348687172,0.7059999704360962,0.4212999939918518,-0.05779354543373749,0.6418326085297945,0.5189974822613888,0.8779659723811708,-0.1531624322880898,0.759708552681774,0.19855802243076148,6.632967032967031,11.06373626373626,5.736752136752138,5.135042735042738,1.7899877899877907,-0.5445665445665444,2.1904761904761916,0.0
392348.946827824,1219,0.04,0.03799999877810478,0.8011999726295471,0.6014999747276306,0.9642999768257141,0.029400000348687172,0.7059999704360962,0.4212999939918518,-0.05779354543373749,0.6418326085297945,0.5189974822613888,0.8779659723811708,-0.1531624322880898,0.759708552681774,0.19855802243076148,6.632967032967031,11.06373626373626,5.750427350427351,5.135042735042738,1.7899877899877907,-0.5445665445665444,2.1904761904761916,0.0
392348.986883031,1220,0.04,0.03799999877810478,0.8011999726295471,0.6014999747276306,0.9642999768257141,0.029400000348687172,0.7059999704360962,0.4212999939918518,-0.05779354543373749,0.6418326085297945,0.5189974822613888,0.8779659723811708,-0.1531624322880898,0.759708552681774,0.19855802243076148,6.632967032967031,11.06373626373626,5.750427350427351,5.135042735042738,1.7948717948717956,-0.5445665445665444,2.1904761904761916,0.0
392349.026849588,1221,0.04,0.03799999877810478,0.8011999726295471,0.6014999747276306,0.9642999768257141,0.029400000348687172,0.7059999704360962,0.4212999939918518,-0.05779354543373749,0.6418326085297945,0.5189974822613888,0.8779659723811708,-0.1531624322880898,0.759708552681774,0.19855802243076148,6.606593406593404,11.06373626373626,5.736752136752138,5.135042735042738,1.7899877899877907,-0.5396825396825395,2.1904761904761916,0.0
392349.066809345,1222,0.04,0.03799999877810478,0.8011999726295471,0.6014999747276306,0.9642999768257141,0.029400000348687172,0.7059999704360962,0.4212999939918518,-0.05779354543373749,0.6418326085297945,0.5189974822613888,0.8779659723811708,-0.1531624322880898,0.759708552681774,0.19855802243076148,6.632967032967031,11.06373626373626,5.750427350427351,5.135042735042738,1.7948717948717956,-0.5445665445665444,2.185592185592185,0.0
392349.106823153,1223,0.04,0.03799999877810478,0.8011999726295471,0.6014999747276306,0.9642999768257141,0.029400000348687172,0.7059999704360962,0.4212999939918518,-0.05779354543373749,0.6418326085297945,0.5189974822613888,0.8779659723811708,-0.1531624322880898,0.759708552681774,0.19855802243076148,6.632967032967031,11.037362637362634,5.723076923076924,5.1213675213675245,1.7899877899877907,-0.5445665445665444,2.185592185592185,0.0
392349.146838263,1224,0.04,0.03799999877810478,0.8011999726295471,0.6014999747276306,0.9642999768257141,0.029400000348687172,0.7059999704360962,0.4212999939918518,-0.05779354543373749,0.6418326085297945,0.5189974822613888,0.8779659723811708,-0.1531624322880898,0.759708552681774,0.19855802243076148,6.632967032967031,11.06373626373626,5.750427350427351,5.135042735042738,1.7899877899877907,-0.5445665445665444,2.1904761904761916,0.0
392349.186831411,1225,0.04,0.03799999877810478,0.8011999726295471,0.6014999747276306,0.9642999768257141,0.029400000348687172,0.7059999704360962,0.4212999939918518,-0.05779354543373749,0.6418326085297945,0.5189974822613888,0.8779659723811708,-0.1531624322880898,0.759708552681774,0.19855802243076148,6.606593406593404,11.037362637362634,5.736752136752138,5.135042735042738,1.7899877899877907,-0.5445665445665444,2.1904761904761916,0.0
392349.226830856,1226,0.04,0.03799999877810478,0.8011999726295471,0.6014999747276306,0.9642999768257141,0.029400000348687172,0.7059999704360962,0.4212999939918518,-0.05779354543373749,0.6418326085297945,0.5189974822613888,0.8779659723811708,-0.1531624322880898,0.759708552681774,0.19855802243076148,6.632967032967031,11.037362637362634,5.750427350427351,5.135042735042738,1.7899877899877907,-0.5445665445665444,2.185592185592185,0.0
392349.266826335,1227,0.04,0.03799999877810478,0.8011999726295471,0.6014999747276306,0.9642999768257141,0.029400000348687172,0.7059999704360962,0.4212999939918518,-0.05779354543373749,0.6418326085297945,0.5189974822613888,0.8779659723811708,-0.1531624322880898,0.759708552681774,0.19855802243076148,6.606593406593404,11.037362637362634,5.736752136752138,5.135042735042738,1.7948717948717956,-0.5445665445665444,2.1904761904761916,0.0
392349.306831286,1228,0.04,0.03799999877810478,0.8011999726295471,0.6014999747276306,0.9642999768257141,0.029400000348687172,0.7059999704360962,0.4212999939918518,-0.05779354543373749,0.6418326085297945,0.5189974822613888,0.8779659723811708,-0.1531624322880898,0.759708552681774,0.19855802243076148,6.632967032967031,11.06373626373626,5.736752136752138,5.148717948717952,1.7948717948717956,-0.5396825396825395,2.1904761904761916,0.0
392349.346832239,1229,0.04,0.03799999877810478,0.8011999726295471,0.6014999747276306,0.9642999768257141,0.029400000348687172,0.7059999704360962,0.4212999939918518,-0.05779354543373749,0.6418326085297945,0.5189974822613888,0.8779659723811708,-0.1531624322880898,0.759708552681774,0.19855802243076148,6.606593406593404,11.06373626373626,5.736752136752138,5.1213675213675245,1.7948717948717956,-0.5445665445665444,2.185592185592185,0.0
392349.386831315,1230,0.04,0.03799999877810478,0.8011999726295471,0.6014999747276306,0.9642999768257141,0.029400000348687172,0.7059999704360962,0.4212999939918518,-0.05779354543373749,0.6418326085297945,0.5189974822613888,0.8779659723811708,-0.1531624322880898,0.759708552681774,0.19855802243076148,6.632967032967031,11.06373626373626,5.736752136752138,5.135042735042738,1.7899877899877907,-0.5494505494505493,2.185592185592185,0.0
392349.426784716,1231,0.04,0.03799999877810478,0.8011999726295471,0.6014999747276306,0.9642999768257141,0.029400000348687172,0.7059999704360962,0.4212999939918518,-0.05779354543373749,0.6418326085297945,0.5189974822613888,0.8779659723811708,-0.1531624322880898,0.759708552681774,0.19855802243076148,6.606593406593404,11.06373626373626,5.750427350427351,5.1213675213675245,1.7948717948717956,-0.5445665445665444,2.185592185592185,0.0
392349.466831225,1232,0.04,0.03799999877810478,0.8011999726295471,0.6014999747276306,0.9642999768257141,0.029400000348687172,0.7059999704360962,0.4212999939918518,-0.05779354543373749,0.6418326085297945,0.5189974822613888,0.8779659723811708,-0.1531624322880898,0.759708552681774,0.19855802243076148,6.632967032967031,11.06373626373626,5.723076923076924,5.1213675213675245,1.7899877899877907,-0.5445665445665444,2.1904761904761916,0.0
392349.507373705,1233,0.04,0.03799999877810478,0.8011999726295471,0.6014999747276306,0.9642999768257141,0.029400000348687172,0.7059999704360962,0.4212999939918518,-0.05779354543373749,0.6418326085297945,0.5189974822613888,0.8779659723811708,-0.1531624322880898,0.759708552681774,0.19855802243076148,6.632967032967031,11.037362637362634,5.736752136752138,5.1213675213675245,1.7948717948717956,-0.5445665445665444,2.1904761904761916,0.0
392349.546825041,1234,0.04,0.03799999877810478,0.8011999726295471,0.6014999747276306,0.9642999768257141,0.029400000348687172,0.7059999704360962,0.4212999939918518,-0.05779354543373749,0.6418326085297945,0.5189974822613888,0.8779659723811708,-0.1531624322880898,0.759708552681774,0.19855802243076148,6.632967032967031,11.06373626373626,5.736752136752138,5.1213675213675245,1.7899877899877907,-0.5445665445665444,2.1904761904761916,0.0
392349.586828862,1235,0.04,0.03799999877810478,0.8011999726295471,0.6014999747276306,0.9642999768257141,0.029400000348687172,0.7059999704360962,0.4212999939918518,-0.05779354543373749,0.6418326085297945,0.5189974822613888,0.8779659723811708,-0.1531624322880898,0.759708552681774,0.19855802243076148,6.632967032967031,11.06373626373626,5.750427350427351,5.135042735042738,1.7948717948717956,-0.5445665445665444,2.185592185592185,0.0
392349.626840722,1236,0.04,0.03799999877810478,0.8011999726295471,0.6014999747276306,0.9642999768257141,0.029400000348687172,0.7059999704360962,0.4212999939918518,-0.05779354543373749,0.6418326085297945,0.5189974822613888,0.8779659723811708,-0.1531624322880898,0.759708552681774,0.19855802243076148,6.632967032967031,11.037362637362634,5.723076923076924,5.135042735042738,1.7899877899877907,-0.5445665445665444,2.18070818070818,0.0
392349.6668362,1237,0.04,0.03799999877810478,0.8011999726295471,0.6014999747276306,0.9642999768257141,0.029400000348687172,0.7059999704360962,0.4212999939918518,-0.05779354543373749,0.6418326085297945,0.5189974822613888,0.8779659723811708,-0.1531624322880898,0.759708552681774,0.19855802243076148,6.632967032967031,11.06373626373626,5.750427350427351,5.135042735042738,1.7899877899877907,-0.5396825396825395,2.1904761904761916,0.0
392349.706791504,1238,0.04,0.03799999877810478,0.8011999726295471,0.6014999747276306,0.9642999768257141,0.029400000348687172,0.7059999704360962,0.4212999939918518,-0.05779354543373749,0.6418326085297945,0.5189974822613888,0.8779659723811708,-0.1531624322880898,0.759708552681774,0.19855802243076148,6.632967032967031,11.037362637362634,5.736752136752138,5.148717948717952,1.7899877899877907,-0.5445665445665444,2.1904761904761916,0.0
392349.746826788,1239,0.04,0.03799999877810478,0.8011999726295471,0.6014999747276306,0.9642999768257141,0.029400000348687172,0.7059999704360962,0.4212999939918518,-0.05779354543373749,0.6418326085297945,0.5189974822613888,0.8779659723811708,-0.1531624322880898,0.759708552681774,0.19855802243076148,6.606593406593404,11.037362637362634,5.750427350427351,5.135042735042738,1.7948717948717956,-0.5445665445665444,2.185592185592185,0.0
392349.786840393,1240,0.04,0.03799999877810478,0.8011999726295471,0.6014999747276306,0.9642999768257141,0.029400000348687172,0.7059999704360962,0.4212999939918518,-0.05779354543373749,0.6418326085297945,0.5189974822613888,0.8779659723811708,-0.1531624322880898,0.759708552681774,0.19855802243076148,6.632967032967031,11.037362637362634,5.736752136752138,5.148717948717952,1.7899877899877907,-0.5396825396825395,2.1904761904761916,0.0
392349.826822781,1241,0.04,0.03799999877810478,0.8011999726295471,0.6014999747276306,0.9642999768257141,0.029400000348687172,0.7059999704360962,0.4212999939918518,-0.05779354543373749,0.6418326085297945,0.5189974822613888,0.8779659723811708,-0.1531624322880898,0.759708552681774,0.19855802243076148,6.606593406593404,11.037362637362634,5.736752136752138,5.135042735042738,1.7899877899877907,-0.5494505494505493,2.1904761904761916,0.0
392349.866827378,1242,0.04,0.03799999877810478,0.8011999726295471,0.6014999747276306,0.9642999768257141,0.029400000348687172,0.7059999704360962,0.4212999939918518,-0.05779354543373749,0.6418326085297945,0.5189974822613888,0.8779659723811708,-0.1531624322880898,0.759708552681774,0.19855802243076148,6.606593406593404,11.06373626373626,5.736752136752138,5.148717948717952,1.7948717948717956,-0.5445665445665444,2.18070818070818,0.0
392349.906828664,1243,0.04,0.03799999877810478,0.8011999726295471,0.6014999747276306,0.9642999768257141,0.029400000348687172,0.7059999704360962,0.4212999939918518,-0.05779354543373749,0.6418326085297945,0.5189974822613888,0.8779659723811708,-0.1531624322880898,0.759708552681774,0.19855802243076148,6.606593406593404,11.06373626373626,5.750427350427351,5.1213675213675245,1.7948717948717956,-0.5445665445665444,2.1904761904761916,0.0
392349.946865067,1244,0.04,0.03799999877810478,0.8011999726295471,0.6014999747276306,0.9642999768257141,0.029400000348687172,0.7059999704360962,0.4212999939918518,-0.05779354543373749,0.6418326085297945,0.5189974822613888,0.8779659723811708,-0.1531624322880898,0.759708552681774,0.19855802243076148,6.632967032967031,11.037362637362634,5.723076923076924,5.148717948717952,1.7899877899877907,-0.5445665445665444,2.185592185592185,0.0
392349.986834146,1245,0.04,0.03799999877810478,0.8011999726295471,0.6014999747276306,0.9642999768257141,0.029400000348687172,0.7059999704360962,0.4212999939918518,-0.05779354543373749,0.6418326085297945,0.5189974822613888,0.8779659723811708,-0.1531624322880898,0.759708552681774,0.19855802243076148,6.632967032967031,11.037362637362634,5.723076923076924,5.135042735042738,1.7899877899877907,-0.5445665445665444,2.185592185592185,0.0
392350.026833193,1246,0.04,0.03799999877810478,0.8011999726295471,0.6014999747276306,0.9642999768257141,0.029400000348687172,0.7059999704360962,0.4212999939918518,-0.05779354543373749,0.6418326085297945,0.5189974822613888,0.8779659723811708,-0.1531624322880898,0.759708552681774,0.19855802243076148,6.606593406593404,11.06373626373626,5.736752136752138,5.135042735042738,1.7948717948717956,-0.5445665445665444,2.185592185592185,0.0
392350.066830316,1247,0.04,0.03799999877810478,0.8011999726295471,0.6014999747276306,0.9642999768257141,0.029400000348687172,0.7059999704360962,0.4212999939918518,-0.05779354543373749,0.6418326085297945,0.5189974822613888,0.8779659723811708,-0.1531624322880898,0.759708552681774,0.19855802243076148,6.632967032967031,11.06373626373626,5.736752136752138,5.135042735042738,1.7899877899877907,-0.5445665445665444,2.185592185592185,0.0
392350.106832552,1248,0.04,0.03799999877810478,0.8011999726295471,0.6014999747276306,0.9642999768257141,0.029400000348687172,0.7059999704360962,0.4212999939918518,-0.05779354543373749,0.6418326085297945,0.5189974822613888,0.8779659723811708,-0.1531624322880898,0.759708552681774,0.19855802243076148,6.632967032967031,11.037362637362634,5.736752136752138,5.135042735042738,1.7948717948717956,-0.5445665445665444,2.1904761904761916,0.0
392350.146825674,1249,0.04,0.03799999877810478,0.8011999726295471,0.6014999747276306,0.9642999768257141,0.029400000348687172,0.7059999704360962,0.4212999939918518,-0.05779354543373749,0.6418326085297945,0.5189974822613888,0.8779659723811708,-0.1531624322880898,0.759708552681774,0.19855802243076148,6.632967032967031,11.06373626373626,5.723076923076924,5.135042735042738,1.7948717948717956,-0.5445665445665444,2.185592185592185,0.0
392350.18683212,1250,0.04,0.03799999877810478,0.8011999726295471,0.6014999747276306,0.9642999768257141,0.029400000348687172,0.7059999704360962,0.4212999939918518,-0.05779354543373749,0.6418326085297945,0.5189974822613888,0.8779659723811708,-0.1531624322880898,0.759708552681774,0.19855802243076148,6.606593406593404,11.06373626373626,5.736752136752138,5.135042735042738,1.7899877899877907,-0.5445665445665444,2.185592185592185,0.0
392350.226830959,1251,0.04,0.03799999877810478,0.8011999726295471,0.6014999747276306,0.9642999768257141,0.029400000348687172,0.7059999704360962,0.4212999939918518,-0.05779354543373749,0.6418326085297945,0.5189974822613888,0.8779659723811708,-0.1531624322880898,0.759708552681774,0.19855802243076148,6.606593406593404,11.06373626373626,5.750427350427351,5.135042735042738,1.7948717948717956,-0.5445665445665444,2.1904761904761916,0.0
392350.266830476,1252,0.04,0.03799999877810478,0.8011999726295471,0.6014999747276306,0.9642999768257141,0.029400000348687172,0.7059999704360962,0.4212999939918518,-0.05779354543373749,0.6418326085297945,0.5189974822613888,0.8779659723811708,-0.1531624322880898,0.759708552681774,0.19855802243076148,6.632967032967031,11.037362637362634,5.736752136752138,5.135042735042738,1.7899877899877907,-0.5445665445665444,2.185592185592185,0.0
392350.306829151,1253,0.04,0.03799999877810478,0.8011999726295471,0.6014999747276306,0.9642999768257141,0.029400000348687172,0.7059999704360962,0.4212999939918518,-0.05779354543373749,0.6418326085297945,0.5189974822613888,0.8779659723811708,-0.1531624322880898,0.759708552681774,0.19855802243076148,6.606593406593404,11.06373626373626,5.723076923076924,5.135042735042738,1.7948717948717956,-0.5445665445665444,2.18070818070818,0.0
392350.346828648,1254,0.04,0.03799999877810478,0.8011999726295471,0.6014999747276306,0.9642999768257141,0.029400000348687172,0.7059999704360962,0.4212999939918518,-0.05779354543373749,0.6418326085297945,0.5189974822613888,0.8779659723811708,-0.1531624322880898,0.759708552681774,0.19855802243076148,6.632967032967031,11.06373626373626,5.723076923076924,5.135042735042738,1.7948717948717956,-0.5445665445665444,2.185592185592185,0.0
392350.386823974,1255,0.04,0.03799999877810478,0.8011999726295471,0.6014999747276306,0.9642999768257141,0.029400000348687172,0.7059999704360962,0.4212999939918518,-0.05779354543373749,0.6418326085297945,0.5189974822613888,0.8779659723811708,-0.1531624322880898,0.759708552681774,0.19855802243076148,6.632967032967031,11.06373626373626,5.736752136752138,5.148717948717952,1.7948717948717956,-0.5445665445665444,2.1904761904761916,0.0
392350.426888653,1256,0.04,0.03799999877810478,0.8011999726295471,0.6014999747276306,0.9642999768257141,0.029400000348687172,0.7059999704360962,0.4212999939918518,-0.05779354543373749,0.6418326085297945,0.5189974822613888,0.8779659723811708,-0.1531624322880898,0.759708552681774,0.19855802243076148,6.606593406593404,11.06373626373626,5.736752136752138,5.135042735042738,1.7948717948717956,-0.5445665445665444,2.1904761904761916,0.0
392350.466832325,1257,0.04,0.03799999877810478,0.8011999726295471,0.6014999747276306,0.9642999768257141,0.029400000348687172,0.7059999704360962,0.4212999939918518,-0.05779354543373749,0.6418326085297945,0.5189974822613888,0.8779659723811708,-0.1531624322880898,0.759708552681774,0.19855802243076148,6.632967032967031,11.06373626373626,5.736752136752138,5.135042735042738,1.7948717948717956,-0.5445665445665444,2.1904761904761916,0.0
392350.50758732,1258,0.04,0.03799999877810478,0.8011999726295471,0.6014999747276306,0.9642999768257141,0.029400000348687172,0.7059999704360962,0.4212999939918518,-0.05779354543373749,0.6418326085297945,0.5189974822613888,0.8779659723811708,-0.1531624322880898,0.759708552681774,0.19855802243076148,6.606593406593404,11.06373626373626,5.736752136752138,5.135042735042738,1.7948717948717956,-0.5445665445665444,2.185592185592185,0.0
392350.546822021,1259,0.04,0.03799999877810478,0.8011999726295471,0.6014999747276306,0.9642999768257141,0.029400000348687172,0.7059999704360962,0.4212999939918518,-0.05779354543373749,0.6418326085297945,0.5189974822613888,0.8779659723811708,-0.1531624322880898,0.759708552681774,0.19855802243076148,6.632967032967031,11.06373626373626,5.736752136752138,5.135042735042738,1.7899877899877907,-0.5445665445665444,2.1904761904761916,0.0
392350.586830244,1260,0.04,0.03799999877810478,0.8011999726295471,0.6014999747276306,0.9642999768257141,0.029400000348687172,0.7059999704360962,0.4212999939918518,-0.05779354543373749,0.6418326085297945,0.5189974822613888,0.8779659723811708,-0.1531624322880898,0.759708552681774,0.19855802243076148,6.606593406593404,11.06373626373626,5.736752136752138,5.135042735042738,1.7948717948717956,-0.5445665445665444,2.185592185592185,0.0
392350.626829167,1261,0.04,0.03799999877810478,0.8011999726295471,0.6014999747276306,0.9642999768257141,0.029400000348687172,0.7059999704360962,0.4212999939918518,-0.05779354543373749,0.6418326085297945,0.5189974822613888,0.8779659723811708,-0.1531624322880898,0.759708552681774,0.19855802243076148,6.632967032967031,11.06373626373626,5.736752136752138,5.135042735042738,1.7899877899877907,-0.5445665445665444,2.1904761904761916,0.0
392350.666833109,1262,0.04,0.03799999877810478,0.8011999726295471,0.6014999747276306,0.9642999768257141,0.029400000348687172,0.7059999704360962,0.4212999939918518,-0.05779354543373749,0.6418326085297945,0.5189974822613888,0.8779659723811708,-0.1531624322880898,0.759708552681774,0.19855802243076148,6.632967032967031,11.06373626373626,5.723076923076924,5.1213675213675245,1.7899877899877907,-0.5445665445665444,2.185592185592185,0.0
392350.706829594,1263,0.04,0.03799999877810478,0.8011999726295471,0.6014999747276306,0.9642999768257141,0.029400000348687172,0.7059999704360962,0.4212999939918518,-0.05779354543373749,0.6418326085297945,0.5189974822613888,0.8779659723811708,-0.1531624322880898,0.759708552681774,0.19855802243076148,6.606593406593404,11.037362637362634,5.736752136752138,5.148717948717952,1.7948717948717956,-0.5445665445665444,2.185592185592185,0.0
392350.746866405,1264,0.04,0.03799999877810478,0.8011999726295471,0.6014999747276306,0.9642999768257141,0.029400000348687172,0.7059999704360962,0.4212999939918518,-0.05779354543373749,0.6418326085297945,0.5189974822613888,0.8779659723811708,-0.1531624322880898,0.759708552681774,0.19855802243076148,6.606593406593404,11.06373626373626,5.764102564102565,5.148717948717952,1.7899877899877907,-0.5445665445665444,2.1904761904761916,0.0
392350.786828832,1265,0.04,0.03799999877810478,0.8011999726295471,0.6014999747276306,0.9642999768257141,0.029400000348687172,0.7059999704360962,0.4212999939918518,-0.05779354543373749,0.6418326085297945,0.5189974822613888,0.8779659723811708,-0.1531624322880898,0.759708552681774,0.19855802243076148,6.632967032967031,11.037362637362634,5.736752136752138,5.1213675213675245,1.7948717948717956,-0.5445665445665444,2.1904761904761916,0.0
392350.82682843,1266,0.04,0.03799999877810478,0.8011999726295471,0.6014999747276306,0.9642999768257141,0.029400000348687172,0.7059999704360962,0.4212999939918518,-0.05779354543373749,0.6418326085297945,0.5189974822613888,0.8779659723811708,-0.1531624322880898,0.759708552681774,0.19855802243076148,6.606593406593404,11.06373626373626,5.750427350427351,5.1213675213675245,1.7899877899877907,-0.5445665445665444,2.1904761904761916,0.0
392350.866821776,1267,0.04,0.03799999877810478,0.8011999726295471,0.6014999747276306,0.9642999768257141,0.029400000348687172,0.7059999704360962,0.4212999939918518,-0.05779354543373749,0.6418326085297945,0.5189974822613888,0.8779659723811708,-0.1531624322880898,0.759708552681774,0.19855802243076148,6.632967032967031,11.06373626373626,5.723076923076924,5.148717948717952,1.7948717948717956,-0.5445665445665444,2.1904761904761916,0.0
392350.90682936,1268,0.04,0.03799999877810478,0.8011999726295471,0.6014999747276306,0.9642999768257141,0.029400000348687172,0.7059999704360962,0.4212999939918518,-0.05779354543373749,0.6418326085297945,0.5189974822613888,0.8779659723811708,-0.1531624322880898,0.759708552681774,0.19855802243076148,6.632967032967031,11.06373626373626,5.750427350427351,5.135042735042738,1.7948717948717956,-0.5445665445665444,2.185592185592185,0.0
392350.946856207,1269,0.04,0.03799999877810478,0.8011999726295471,0.6014999747276306,0.9642999768257141,0.029400000348687172,0.7059999704360962,0.4212999939918518,-0.05779354543373749,0.6418326085297945,0.5189974822613888,0.8779659723811708,-0.1531624322880898,0.759708552681774,0.19855802243076148,6.632967032967031,11.06373626373626,5.750427350427351,5.107692307692311,1.7899877899877907,-0.5396825396825395,2.1904761904761916,0.0
392350.98725339,1270,0.04,0.03799999877810478,0.8011999726295471,0.6014999747276306,0.9642999768257141,0.029400000348687172,0.7059999704360962,0.4212999939918518,-0.05779354543373749,0.6418326085297945,0.5189974822613888,0.8779659723811708,-0.1531624322880898,0.759708552681774,0.19855802243076148,6.632967032967031,11.037362637362634,5.736752136752138,5.1213675213675245,1.7948717948717956,-0.5396825396825395,2.185592185592185,0.0
392351.026842466,1271,0.04,0.03799999877810478,0.8011999726295471,0.6014999747276306,0.9642999768257141,0.029400000348687172,0.7059999704360962,0.4212999939918518,-0.05779354543373749,0.6418326085297945,0.5189974822613888,0.8779659723811708,-0.1531624322880898,0.759708552681774,0.19855802243076148,6.632967032967031,11.06373626373626,5.736752136752138,5.135042735042738,1.7948717948717956,-0.5445665445665444,2.185592185592185,0.0
392351.066840167,1272,0.04,0.03799999877810478,0.8011999726295471,0.6014999747276306,0.9642999768257141,0.029400000348687172,0.7059999704360962,0.4212999939918518,-0.05779354543373749,0.6418326085297945,0.5189974822613888,0.8779659723811708,-0.1531624322880898,0.759708552681774,0.19855802243076148,6.632967032967031,11.06373626373626,5.723076923076924,5.135042735042738,1.7948717948717956,-0.5445665445665444,2.1904761904761916,0.0
392351.106801062,1273,0.04,0.03799999877810478,0.8011999726295471,0.6014999747276306,0.9642999768257141,0.029400000348687172,0.7059999704360962,0.4212999939918518,-0.05779354543373749,0.6418326085297945,0.5189974822613888,0.8779659723811708,-0.1531624322880898,0.759708552681774,0.19855802243076148,6.632967032967031,11.037362637362634,5.723076923076924,5.135042735042738,1.7899877899877907,-0.5445665445665444,2.1904761904761916,0.0
392351.146833682,1274,0.04,0.03799999877810478,0.8011999726295471,0.6014999747276306,0.9642999768257141,0.029400000348687172,0.7059999704360962,0.4212999939918518,-0.05779354543373749,0.6418326085297945,0.5189974822613888,0.8779659723811708,-0.1531624322880898,0.759708552681774,0.19855802243076148,6.632967032967031,11.06373626373626,5.736752136752138,5.135042735042738,1.7899877899877907,-0.5494505494505493,2.18070818070818,0.0
392351.186823392,1275,0.04,0.03799999877810478,0.8011999726295471,0.6014999747276306,0.9642999768257141,0.029400000348687172,0.7059999704360962,0.4212999939918518,-0.05779354543373749,0.6418326085297945,0.5189974822613888,0.8779659723811708,-0.1531624322880898,0.759708552681774,0.19855802243076148,6.606593406593404,11.06373626373626,5.736752136752138,5.135042735042738,1.7948717948717956,-0.5445665445665444,2.1904761904761916,0.0
392351.226822271,1276,0.04,0.03799999877810478,0.8011999726295471,0.6014999747276306,0.9642999768257141,0.029400000348687172,0.7059999704360962,0.4212999939918518,-0.05779354543373749,0.6418326085297945,0.5189974822613888,0.8779659723811708,-0.1531624322880898,0.759708552681774,0.19855802243076148,6.632967032967031,11.06373626373626,5.736752136752138,5.148717948717952,1.7899877899877907,-0.5445665445665444,2.185592185592185,0.0
392351.266829045,1277,0.04,0.03799999877810478,0.8011999726295471,0.6014999747276306,0.9642999768257141,0.029400000348687172,0.7059999704360962,0.4212999939918518,-0.05779354543373749,0.6418326085297945,0.5189974822613888,0.8779659723811708,-0.1531624322880898,0.759708552681774,0.19855802243076148,6.606593406593404,11.06373626373626,5.723076923076924,5.148717948717952,1.7899877899877907,-0.5445665445665444,2.1904761904761916,0.0
392351.306827459,1278,0.04,0.03799999877810478,0.8011999726295471,0.6014999747276306,0.9642999768257141,0.029400000348687172,0.7059999704360962,0.4212999939918518,-0.05779354543373749,0.6418326085297945,0.5189974822613888,0.8779659723811708,-0.1531624322880898,0.759708552681774,0.19855802243076148,6.632967032967031,11.06373626373626,5.750427350427351,5.1213675213675245,1.7899877899877907,-0.5445665445665444,2.185592185592185,0.0
392351.346832812,1279,0.04,0.03799999877810478,0.8011999726295471,0.6014999747276306,0.9642999768257141,0.029400000348687172,0.7059999704360962,0.4212999939918518,-0.05779354543373749,0.6418326085297945,0.5189974822613888,0.8779659723811708,-0.1531624322880898,0.759708552681774,0.19855802243076148,6.606593406593404,11.037362637362634,5.736752136752138,5.1213675213675245,1.7899877899877907,-0.5494505494505493,2.185592185592185,0.0
392351.386831202,1280,0.04,0.03799999877810478,0.8011999726295471,0.6014999747276306,0.9642999768257141,0.029400000348687172,0.7059999704360962,0.4212999939918518,-0.05779354543373749,0.6418326085297945,0.5189974822613888,0.8779659723811708,-0.1531624322880898,0.759708552681774,0.19855802243076148,6.632967032967031,11.037362637362634,5.723076923076924,5.135042735042738,1.7948717948717956,-0.5494505494505493,2.185592185592185,0.0
392351.426831168,1281,0.04,0.03799999877810478,0.8011999726295471,0.6014999747276306,0.9642999768257141,0.029400000348687172,0.7059999704360962,0.4212999939918518,-0.05779354543373749,0.6418326085297945,0.5189974822613888,0.8779659723811708,-0.1531624322880898,0.759708552681774,0.19855802243076148,6.632967032967031,11.06373626373626,5.750427350427351,5.135042735042738,1.7948717948717956,-0.5445665445665444,2.1904761904761916,0.0
392351.466792681,1282,0.04,0.03799999877810478,0.8011999726295471,0.6014999747276306,0.9642999768257141,0.029400000348687172,0.7059999704360962,0.4212999939918518,-0.05779354543373749,0.6418326085297945,0.5189974822613888,0.8779659723811708,-0.1531624322880898,0.759708552681774,0.19855802243076148,6.632967032967031,11.037362637362634,5.723076923076924,5.1213675213675245,1.7948717948717956,-0.5445665445665444,2.1904761904761916,0.0
392351.506783918,1283,0.04,0.03799999877810478,0.8011999726295471,0.6014999747276306,0.9642999768257141,0.029400000348687172,0.7059999704360962,0.4212999939918518,-0.05779354543373749,0.6418326085297945,0.5189974822613888,0.8779659723811708,-0.1531624322880898,0.759708552681774,0.19855802243076148,6.632967032967031,11.06373626373626,5.750427350427351,5.148717948717952,1.7948717948717956,-0.5445665445665444,2.1953601953601964,0.0
392351.546822971,1284,0.04,0.03799999877810478,0.8011999726295471,0.6014999747276306,0.9642999768257141,0.029400000348687172,0.7059999704360962,0.4212999939918518,-0.05779354543373749,0.6418326085297945,0.5189974822613888,0.8779659723811708,-0.1531624322880898,0.759708552681774,0.19855802243076148,6.632967032967031,11.06373626373626,5.736752136752138,5.1213675213675245,1.7899877899877907,-0.5396825396825395,2.185592185592185,0.0
392351.586834901,1285,0.04,0.03799999877810478,0.8011999726295471,0.6014999747276306,0.9642999768257141,0.029400000348687172,0.7059999704360962,0.4212999939918518,-0.05779354543373749,0.6418326085297945,0.5189974822613888,0.8779659723811708,-0.1531624322880898,0.759708552681774,0.19855802243076148,6.632967032967031,11.06373626373626,5.736752136752138,5.135042735042738,1.7948717948717956,-0.5396825396825395,2.1904761904761916,0.0
392351.626829678,1286,0.04,0.03799999877810478,0.8011999726295471,0.6014999747276306,0.9642999768257141,0.029400000348687172,0.7059999704360962,0.4212999939918518,-0.05779354543373749,0.6418326085297945,0.5189974822613888,0.8779659723811708,-0.1531624322880898,0.759708552681774,0.19855802243076148,6.632967032967031,11.037362637362634,5.723076923076924,5.135042735042738,1.7948717948717956,-0.5445665445665444,2.185592185592185,0.0
392351.666836488,1287,0.04,0.03799999877810478,0.8011999726295471,0.6014999747276306,0.9642999768257141,0.029400000348687172,0.7059999704360962,0.4212999939918518,-0.05779354543373749,0.6418326085297945,0.5189974822613888,0.8779659723811708,-0.1531624322880898,0.759708552681774,0.19855802243076148,6.632967032967031,11.06373626373626,5.723076923076924,5.135042735042738,1.7948717948717956,-0.5494505494505493,2.185592185592185,0.0
392351.706829953,1288,0.04,0.03799999877810478,0.8011999726295471,0.6014999747276306,0.9642999768257141,0.029400000348687172,0.7059999704360962,0.4212999939918518,-0.05779354543373749,0.6418326085297945,0.5189974822613888,0.8779659723811708,-0.1531624322880898,0.759708552681774,0.19855802243076148,6.632967032967031,11.037362637362634,5.750427350427351,5.148717948717952,1.7948717948717956,-0.5445665445665444,2.1904761904761916,0.0
392351.746835332,1289,0.04,0.03799999877810478,0.8011999726295471,0.6014999747276306,0.9642999768257141,0.029400000348687172,0.7059999704360962,0.4212999939918518,-0.05779354543373749,0.6418326085297945,0.5189974822613888,0.8779659723811708,-0.1531624322880898,0.759708552681774,0.19855802243076148,6.632967032967031,11.037362637362634,5.736752136752138,5.135042735042738,1.7948717948717956,-0.5445665445665444,2.1904761904761916,0.0
392351.786829694,1290,0.04,0.03799999877810478,0.8011999726295471,0.6014999747276306,0.9642999768257141,0.029400000348687172,0.7059999704360962,0.4212999939918518,-0.05779354543373749,0.6418326085297945,0.5189974822613888,0.8779659723811708,-0.1531624322880898,0.759708552681774,0.19855802243076148,6.632967032967031,11.06373626373626,5.723076923076924,5.135042735042738,1.7948717948717956,-0.5445665445665444,2.1904761904761916,0.0
392351.826832156,1291,0.04,0.03799999877810478,0.8011999726295471,0.6014999747276306,0.9642999768257141,0.029400000348687172,0.7059999704360962,0.4212999939918518,-0.05779354543373749,0.6418326085297945,0.5189974822613888,0.8779659723811708,-0.1531624322880898,0.759708552681774,0.19855802243076148,6.606593406593404,11.06373626373626,5.736752136752138,5.1213675213675245,1.7948717948717956,-0.5445665445665444,2.185592185592185,0.0
392351.866828351,1292,0.04,0.03799999877810478,0.8011999726295471,0.6014999747276306,0.9642999768257141,0.029400000348687172,0.7059999704360962,0.4212999939918518,-0.05779354543373749,0.6418326085297945,0.5189974822613888,0.8779659723811708,-0.1531624322880898,0.759708552681774,0.19855802243076148,6.606593406593404,11.037362637362634,5.723076923076924,5.135042735042738,1.7948717948717956,-0.5396825396825395,2.1904761904761916,0.0
392351.90683196,1293,0.04,0.03799999877810478,0.8011999726295471,0.6014999747276306,0.9642999768257141,0.029400000348687172,0.7059999704360962,0.4212999939918518,-0.05779354543373749,0.6418326085297945,0.5189974822613888,0.8779659723811708,-0.1531624322880898,0.759708552681774,0.19855802243076148,6.632967032967031,11.06373626373626,5.750427350427351,5.148717948717952,1.7948717948717956,-0.5445665445665444,2.185592185592185,0.0
392351.947620685,1294,0.04,0.03799999877810478,0.8011999726295471,0.6014999747276306,0.9642999768257141,0.029400000348687172,0.7059999704360962,0.4212999939918518,-0.05779354543373749,0.6418326085297945,0.5189974822613888,0.8779659723811708,-0.1531624322880898,0.759708552681774,0.19855802243076148,6.632967032967031,11.06373626373626,5.750427350427351,5.1213675213675245,1.7899877899877907,-0.5445665445665444,2.185592185592185,0.0
392351.986855245,1295,0.04,0.03799999877810478,0.8011999726295471,0.6014999747276306,0.9642999768257141,0.029400000348687172,0.7059999704360962,0.4212999939918518,-0.05779354543373749,0.6418326085297945,0.5189974822613888,0.8779659723811708,-0.1531624322880898,0.759708552681774,0.19855802243076148,6.632967032967031,11.037362637362634,5.750427350427351,5.148717948717952,1.7899877899877907,-0.5445665445665444,2.1904761904761916,0.0
392352.02680094,1296,0.04,0.03799999877810478,0.8011999726295471,0.6014999747276306,0.9642999768257141,0.029400000348687172,0.7059999704360962,0.4212999939918518,-0.05779354543373749,0.6418326085297945,0.5189974822613888,0.8779659723811708,-0.1531624322880898,0.759708552681774,0.19855802243076148,6.606593406593404,11.037362637362634,5.736752136752138,5.135042735042738,1.7899877899877907,-0.5445665445665444,2.185592185592185,0.0
392352.066857891,1297,0.04,0.03799999877810478,0.8011999726295471,0.6014999747276306,0.9642999768257141,0.029400000348687172,0.7059999704360962,0.4212999939918518,-0.05779354543373749,0.6418326085297945,0.5189974822613888,0.8779659723811708,-0.1531624322880898,0.759708552681774,0.19855802243076148,6.632967032967031,11.037362637362634,5.750427350427351,5.1213675213675245,1.7899877899877907,-0.5445665445665444,2.1904761904761916,0.0
392352.106812912,1298,0.04,0.03799999877810478,0.8011999726295471,0.6014999747276306,0.9642999768257141,0.029400000348687172,0.7059999704360962,0.4212999939918518,-0.05779354543373749,0.6418326085297945,0.5189974822613888,0.8779659723811708,-0.1531624322880898,0.759708552681774,0.19855802243076148,6.632967032967031,11.06373626373626,5.736752136752138,5.135042735042738,1.7899877899877907,-0.5445665445665444,2.185592185592185,0.0
392352.146990127,1299,0.04,0.03799999877810478,0.8011999726295471,0.6014999747276306,0.9642999768257141,0.029400000348687172,0.7059999704360962,0.4212999939918518,-0.05779354543373749,0.6418326085297945,0.5189974822613888,0.8779659723811708,-0.1531624322880898,0.759708552681774,0.19855802243076148,6.632967032967031,11.06373626373626,5.750427350427351,5.1213675213675245,1.7899877899877907,-0.5494505494505493,2.185592185592185,0.0
392352.186804985,1300,0.04,0.03799999877810478,0.8011999726295471,0.6014999747276306,0.9642999768257141,0.029400000348687172,0.7059999704360962,0.4212999939918518,-0.05779354543373749,0.6418326085297945,0.5189974822613888,0.8779659723811708,-0.1531624322880898,0.759708552681774,0.19855802243076148,6.632967032967031,11.037362637362634,5.736752136752138,5.135042735042738,1.7899877899877907,-0.5445665445665444,2.185592185592185,0.0
392352.226942276,1301,0.04,0.03799999877810478,0.8011999726295471,0.6014999747276306,0.9642999768257141,0.029400000348687172,0.7059999704360962,0.4212999939918518,-0.05779354543373749,0.6418326085297945,0.5189974822613888,0.8779659723811708,-0.1531624322880898,0.759708552681774,0.19855802243076148,6.632967032967031,11.06373626373626,5.750427350427351,5.135042735042738,1.7899877899877907,-0.5445665445665444,2.185592185592185,0.0
392352.266829263,1302,0.04,0.03799999877810478,0.8011999726295471,0.6014999747276306,0.9642999768257141,0.029400000348687172,0.7059999704360962,0.4212999939918518,-0.05779354543373749,0.6418326085297945,0.5189974822613888,0.8779659723811708,-0.1531624322880898,0.759708552681774,0.19855802243076148,6.632967032967031,11.06373626373626,5.750427350427351,5.148717948717952,1.7948717948717956,-0.5445665445665444,2.185592185592185,0.0
392352.306830302,1303,0.04,0.03799999877810478,0.8011999726295471,0.6014999747276306,0.9642999768257141,0.029400000348687172,0.7059999704360962,0.4212999939918518,-0.05779354543373749,0.6418326085297945,0.5189974822613888,0.8779659723811708,-0.1531624322880898,0.759708552681774,0.19855802243076148,6.632967032967031,11.06373626373626,5.750427350427351,5.135042735042738,1.7948717948717956,-0.5396825396825395,2.185592185592185,0.0
392352.346832964,1304,0.04,0.03799999877810478,0.8011999726295471,0.6014999747276306,0.9642999768257141,0.029400000348687172,0.7059999704360962,0.4212999939918518,-0.05779354543373749,0.6418326085297945,0.5189974822613888,0.8779659723811708,-0.1531624322880898,0.759708552681774,0.19855802243076148,6.632967032967031,11.06373626373626,5.750427350427351,5.135042735042738,1.7899877899877907,-0.5494505494505493,2.185592185592185,0.0
392352.386833642,1305,0.04,0.03799999877810478,0.8011999726295471,0.6014999747276306,0.9642999768257141,0.029400000348687172,0.7059999704360962,0.4212999939918518,-0.05779354543373749,0.6418326085297945,0.5189974822613888,0.8779659723811708,-0.1531624322880898,0.759708552681774,0.19855802243076148,6.632967032967031,11.037362637362634,5.736752136752138,5.135042735042738,1.7899877899877907,-0.5445665445665444,2.185592185592185,0.0
392352.426947122,1306,0.04,0.03799999877810478,0.8011999726295471,0.6014999747276306,0.9642999768257141,0.029400000348687172,0.7059999704360962,0.4212999939918518,-0.05779354543373749,0.6418326085297945,0.5189974822613888,0.8779659723811708,-0.1531624322880898,0.759708552681774,0.19855802243076148,6.632967032967031,11.037362637362634,5.750427350427351,5.1213675213675245,1.7948717948717956,-0.5445665445665444,2.185592185592185,0.0
392352.466829458,1307,0.04,0.03799999877810478,0.8011999726295471,0.6014999747276306,0.9642999768257141,0.029400000348687172,0.7059999704360962,0.4212999939918518,-0.05779354543373749,0.6418326085297945,0.5189974822613888,0.8779659723811708,-0.1531624322880898,0.759708552681774,0.19855802243076148,6.632967032967031,11.037362637362634,5.736752136752138,5.135042735042738,1.7899877899877907,-0.5445665445665444,2.185592185592185,0.0
392352.506826399,1308,0.04,0.03799999877810478,0.8011999726295471,0.6014999747276306,0.9642999768257141,0.029400000348687172,0.7059999704360962,0.4212999939918518,-0.05779354543373749,0.6418326085297945,0.5189974822613888,0.8779659723811708,-0.1531624322880898,0.759708552681774,0.19855802243076148,6.632967032967031,11.037362637362634,5.750427350427351,5.135042735042738,1.7899877899877907,-0.5494505494505493,2.1904761904761916,0.0
392352.546770835,1309,0.04,0.03799999877810478,0.8011999726295471,0.6014999747276306,0.9642999768257141,0.029400000348687172,0.7059999704360962,0.4212999939918518,-0.05779354543373749,0.6418326085297945,0.5189974822613888,0.8779659723811708,-0.1531624322880898,0.759708552681774,0.19855802243076148,6.606593406593404,11.06373626373626,5.736752136752138,5.135042735042738,1.7899877899877907,-0.5445665445665444,2.1904761904761916,0.0
392352.586822247,1310,0.04,0.03799999877810478,0.8011999726295471,0.6014999747276306,0.9642999768257141,0.029400000348687172,0.7059999704360962,0.4212999939918518,-0.05779354543373749,0.6418326085297945,0.5189974822613888,0.8779659723811708,-0.1531624322880898,0.759708552681774,0.19855802243076148,6.632967032967031,11.06373626373626,5.723076923076924,5.148717948717952,1.7899877899877907,-0.5494505494505493,2.185592185592185,0.0
392352.626831936,1311,0.04,0.03799999877810478,0.8011999726295471,0.6014999747276306,0.9642999768257141,0.029400000348687172,0.7059999704360962,0.4212999939918518,-0.05779354543373749,0.6418326085297945,0.5189974822613888,0.8779659723811708,-0.1531624322880898,0.759708552681774,0.19855802243076148,6.632967032967031,11.037362637362634,5.736752136752138,5.148717948717952,1.7948717948717956,-0.5445665445665444,2.185592185592185,0.0
392352.666831099,1312,0.04,0.03799999877810478,0.8011999726295471,0.6014999747276306,0.9642999768257141,0.029400000348687172,0.7059999704360962,0.4212999939918518,-0.05779354543373749,0.6418326085297945,0.5189974822613888,0.8779659723811708,-0.1531624322880898,0.759708552681774,0.19855802243076148,6.632967032967031,11.06373626373626,5.736752136752138,5.135042735042738,1.7899877899877907,-0.5445665445665444,2.185592185592185,0.0
392352.706832068,1313,0.04,0.03799999877810478,0.8011999726295471,0.6014999747276306,0.9642999768257141,0.029400000348687172,0.7059999704360962,0.4212999939918518,-0.05779354543373749,0.6418326085297945,0.5189974822613888,0.8779659723811708,-0.1531624322880898,0.759708552681774,0.19855802243076148,6.606593406593404,11.06373626373626,5.750427350427351,5.1213675213675245,1.7851037851037859,-0.5445665445665444,2.185592185592185,0.0
392352.746830822,1314,0.04,0.03799999877810478,0.8011999726295471,0.6014999747276306,0.9642999768257141,0.029400000348687172,0.7059999704360962,0.4212999939918518,-0.05779354543373749,0.6418326085297945,0.5189974822613888,0.8779659723811708,-0.1531624322880898,0.759708552681774,0.19855802243076148,6.632967032967031,11.06373626373626,5.750427350427351,5.1213675213675245,1.7948717948717956,-0.5445665445665444,2.185592185592185,0.0
392352.786855801,1315,0.04,0.03799999877810478,0.8011999726295471,0.6014999747276306,0.9642999768257141,0.029400000348687172,0.7059999704360962,0.4212999939918518,-0.05779354543373749,0.6418326085297945,0.5189974822613888,0.8779659723811708,-0.1531624322880898,0.759708552681774,0.19855802243076148,6.606593406593404,11.06373626373626,5.736752136752138,5.1213675213675245,1.7899877899877907,-0.5445665445665444,2.18070818070818,0.0
392352.826830616,1316,0.04,0.03799999877810478,0.8011999726295471,0.6014999747276306,0.9642999768257141,0.029400000348687172,0.7059999704360962,0.4212999939918518,-0.05779354543373749,0.6418326085297945,0.5189974822613888,0.8779659723811708,-0.1531624322880898,0.759708552681774,0.19855802243076148,6.632967032967031,11.06373626373626,5.750427350427351,5.135042735042738,1.7899877899877907,-0.5445665445665444,2.1953601953601964,0.0
392352.866790901,1317,0.04,0.03799999877810478,0.8011999726295471,0.6014999747276306,0.9642999768257141,0.029400000348687172,0.7059999704360962,0.4212999939918518,-0.05779354543373749,0.6418326085297945,0.5189974822613888,0.8779659723811708,-0.1531624322880898,0.759708552681774,0.19855802243076148,6.632967032967031,11.06373626373626,5.736752136752138,5.135042735042738,1.7948717948717956,-0.5396825396825395,2.185592185592185,0.0
392352.906855689,1318,0.04,0.03799999877810478,0.8011999726295471,0.6014999747276306,0.9642999768257141,0.029400000348687172,0.7059999704360962,0.4212999939918518,-0.05779354543373749,0.6418326085297945,0.5189974822613888,0.8779659723811708,-0.1531624322880898,0.759708552681774,0.19855802243076148,6.632967032967031,11.06373626373626,5.764102564102565,5.135042735042738,1.7899877899877907,-0.5445665445665444,2.185592185592185,0.0
392352.946836957,1319,0.04,0.03799999877810478,0.8011999726295471,0.6014999747276306,0.9642999768257141,0.029400000348687172,0.7059999704360962,0.4212999939918518,-0.05779354543373749,0.6418326085297945,0.5189974822613888,0.8779659723811708,-0.1531624322880898,0.759708552681774,0.19855802243076148,6.606593406593404,11.06373626373626,5.723076923076924,5.135042735042738,1.7948717948717956,-0.5445665445665444,2.1904761904761916,0.0
392352.986824737,1320,0.04,0.03799999877810478,0.8011999726295471,0.6014999747276306,0.9642999768257141,0.029400000348687172,0.7059999704360962,0.4212999939918518,-0.05779354543373749,0.6418326085297945,0.5189974822613888,0.8779659723811708,-0.1531624322880898,0.759708552681774,0.19855802243076148,6.632967032967031,11.06373626373626,5.750427350427351,5.1213675213675245,1.7899877899877907,-0.5445665445665444,2.185592185592185,0.0
392353.026851459,1321,0.04,0.03799999877810478,0.8011999726295471,0.6014999747276306,0.9642999768257141,0.029400000348687172,0.7059999704360962,0.4212999939918518,-0.05779354543373749,0.6418326085297945,0.5189974822613888,0.8779659723811708,-0.1531624322880898,0.759708552681774,0.19855802243076148,6.606593406593404,11.037362637362634,5.736752136752138,5.1213675213675245,1.7899877899877907,-0.5445665445665444,2.185592185592185,0.0
392353.066865176,1322,0.04,0.03799999877810478,0.8011999726295471,0.6014999747276306,0.9642999768257141,0.029400000348687172,0.7059999704360962,0.4212999939918518,-0.05779354543373749,0.6418326085297945,0.5189974822613888,0.8779659723811708,-0.1531624322880898,0.759708552681774,0.19855802243076148,6.606593406593404,11.06373626373626,5.750427350427351,5.135042735042738,1.7948717948717956,-0.5445665445665444,2.185592185592185,0.0
392353.106834163,1323,0.04,0.03799999877810478,0.8011999726295471,0.6014999747276306,0.9642999768257141,0.029400000348687172,0.7059999704360962,0.4212999939918518,-0.05779354543373749,0.6418326085297945,0.5189974822613888,0.8779659723811708,-0.1531624322880898,0.759708552681774,0.19855802243076148,6.606593406593404,11.06373626373626,5.750427350427351,5.135042735042738,1.7948717948717956,-0.5445665445665444,2.1904761904761916,0.0
392353.146877456,1324,0.04,0.03799999877810478,0.8011999726295471,0.6014999747276306,0.9642999768257141,0.029400000348687172,0.7059999704360962,0.4212999939918518,-0.05779354543373749,0.6418326085297945,0.5189974822613888,0.8779659723811708,-0.1531624322880898,0.759708552681774,0.19855802243076148,6.632967032967031,11.06373626373626,5.764102564102565,5.135042735042738,1.7948717948717956,-0.5445665445665444,2.185592185592185,0.0
392353.18683075,1325,0.04,0.03799999877810478,0.8011999726295471,0.6014999747276306,0.9642999768257141,0.029400000348687172,0.7059999704360962,0.4212999939918518,-0.05779354543373749,0.6418326085297945,0.5189974822613888,0.8779659723811708,-0.1531624322880898,0.759708552681774,0.19855802243076148,6.632967032967031,11.037362637362634,5.750427350427351,5.1213675213675245,1.7948717948717956,-0.5445665445665444,2.18070818070818,0.0
392353.22683109,1326,0.04,0.03799999877810478,0.8011999726295471,0.6014999747276306,0.9642999768257141,0.029400000348687172,0.7059999704360962,0.4212999939918518,-0.05779354543373749,0.6418326085297945,0.5189974822613888,0.8779659723811708,-0.1531624322880898,0.759708552681774,0.19855802243076148,6.632967032967031,11.06373626373626,5.736752136752138,5.1213675213675245,1.7899877899877907,-0.5445665445665444,2.185592185592185,0.0
392353.266833288,1327,0.04,0.03799999877810478,0.8011999726295471,0.6014999747276306,0.9642999768257141,0.029400000348687172,0.7059999704360962,0.4212999939918518,-0.05779354543373749,0.6418326085297945,0.5189974822613888,0.8779659723811708,-0.1531624322880898,0.759708552681774,0.19855802243076148,6.632967032967031,11.06373626373626,5.723076923076924,5.135042735042738,1.7948717948717956,-0.5494505494505493,2.185592185592185,0.0
392353.306827713,1328,0.04,0.03799999877810478,0.8011999726295471,0.6014999747276306,0.9642999768257141,0.029400000348687172,0.7059999704360962,0.4212999939918518,-0.05779354543373749,0.6418326085297945,0.5189974822613888,0.8779659723811708,-0.1531624322880898,0.759708552681774,0.19855802243076148,6.632967032967031,11.06373626373626,5.750427350427351,5.135042735042738,1.7899877899877907,-0.5445665445665444,2.1904761904761916,0.0
392353.34681924,1329,0.04,0.03799999877810478,0.8011999726295471,0.6014999747276306,0.9642999768257141,0.029400000348687172,0.7059999704360962,0.4212999939918518,-0.05779354543373749,0.6418326085297945,0.5189974822613888,0.8779659723811708,-0.1531624322880898,0.759708552681774,0.19855802243076148,6.632967032967031,11.06373626373626,5.750427350427351,5.135042735042738,1.7948717948717956,-0.5445665445665444,2.1904761904761916,0.0
392353.386954446,1330,0.04,0.03799999877810478,0.8011999726295471,0.6014999747276306,0.9642999768257141,0.029400000348687172,0.7059999704360962,0.4212999939918518,-0.05779354543373749,0.6418326085297945,0.5189974822613888,0.8779659723811708,-0.1531624322880898,0.759708552681774,0.19855802243076148,6.632967032967031,11.06373626373626,5.736752136752138,5.148717948717952,1.7948717948717956,-0.5445665445665444,2.185592185592185,0.0
392353.426841949,1331,0.04,0.03799999877810478,0.8011999726295471,0.6014999747276306,0.9642999768257141,0.029400000348687172,0.7059999704360962,0.4212999939918518,-0.05779354543373749,0.6418326085297945,0.5189974822613888,0.8779659723811708,-0.1531624322880898,0.759708552681774,0.19855802243076148,6.632967032967031,11.037362637362634,5.736752136752138,5.135042735042738,1.7899877899877907,-0.5445665445665444,2.1904761904761916,0.0
392353.466830898,1332,0.04,0.03799999877810478,0.8011999726295471,0.6014999747276306,0.9642999768257141,0.029400000348687172,0.7059999704360962,0.4212999939918518,-0.05779354543373749,0.6418326085297945,0.5189974822613888,0.8779659723811708,-0.1531624322880898,0.759708552681774,0.19855802243076148,6.606593406593404,11.06373626373626,5.764102564102565,5.135042735042738,1.7948717948717956,-0.5494505494505493,2.1904761904761916,0.0
392353.506825439,1333,0.04,0.03799999877810478,0.8011999726295471,0.6014999747276306,0.9642999768257141,0.029400000348687172,0.7059999704360962,0.4212999939918518,-0.05779354543373749,0.6418326085297945,0.5189974822613888,0.8779659723811708,-0.1531624322880898,0.759708552681774,0.19855802243076148,6.632967032967031,11.06373626373626,5.750427350427351,5.135042735042738,1.7899877899877907,-0.5445665445665444,2.1904761904761916,0.0
392353.546827891,1334,0.04,0.03799999877810478,0.8011999726295471,0.6014999747276306,0.9642999768257141,0.029400000348687172,0.7059999704360962,0.4212999939918518,-0.05779354543373749,0.6418326085297945,0.5189974822613888,0.8779659723811708,-0.1531624322880898,0.759708552681774,0.19855802243076148,6.632967032967031,11.06373626373626,5.723076923076924,5.135042735042738,1.7899877899877907,-0.5445665445665444,2.185592185592185,0.0
392353.586846377,1335,0.04,0.03799999877810478,0.8011999726295471,0.6014999747276306,0.9642999768257141,0.029400000348687172,0.7059999704360962,0.4212999939918518,-0.05779354543373749,0.6418326085297945,0.5189974822613888,0.8779659723811708,-0.1531624322880898,0.759708552681774,0.19855802243076148,6.632967032967031,11.06373626373626,5.750427350427351,5.148717948717952,1.7948717948717956,-0.5494505494505493,2.1904761904761916,0.0
392353.626863637,1336,0.04,0.03799999877810478,0.8011999726295471,0.6014999747276306,0.9642999768257141,0.029400000348687172,0.7059999704360962,0.4212999939918518,-0.05779354543373749,0.6418326085297945,0.5189974822613888,0.8779659723811708,-0.1531624322880898,0.759708552681774,0.19855802243076148,6.606593406593404,11.06373626373626,5.736752136752138,5.1213675213675245,1.7899877899877907,-0.5396825396825395,2.185592185592185,0.0
392353.666821943,1337,0.04,0.03799999877810478,0.8011999726295471,0.6014999747276306,0.9642999768257141,0.029400000348687172,0.7059999704360962,0.4212999939918518,-0.05779354543373749,0.6418326085297945,0.5189974822613888,0.8779659723811708,-0.1531624322880898,0.759708552681774,0.19855802243076148,6.632967032967031,11.06373626373626,5.736752136752138,5.1213675213675245,1.7948717948717956,-0.5445665445665444,2.185592185592185,0.0
392353.706841366,1338,0.04,0.03799999877810478,0.8011999726295471,0.6014999747276306,0.9642999768257141,0.029400000348687172,0.7059999704360962,0.4212999939918518,-0.05779354543373749,0.6418326085297945,0.5189974822613888,0.8779659723811708,-0.1531624322880898,0.759708552681774,0.19855802243076148,6.606593406593404,11.037362637362634,5.736752136752138,5.135042735042738,1.7948717948717956,-0.5396825396825395,2.185592185592185,0.0
392353.746834569,1339,0.04,0.03799999877810478,0.8011999726295471,0.6014999747276306,0.9642999768257141,0.029400000348687172,0.7059999704360962,0.4212999939918518,-0.05779354543373749,0.6418326085297945,0.5189974822613888,0.8779659723811708,-0.1531624322880898,0.759708552681774,0.19855802243076148,6.632967032967031,11.037362637362634,5.750427350427351,5.135042735042738,1.7948717948717956,-0.5445665445665444,2.1904761904761916,0.0
392353.786838014,1340,0.04,0.03799999877810478,0.8011999726295471,0.6014999747276306,0.9642999768257141,0.029400000348687172,0.7059999704360962,0.4212999939918518,-0.05779354543373749,0.6418326085297945,0.5189974822613888,0.8779659723811708,-0.1531624322880898,0.759708552681774,0.19855802243076148,6.606593406593404,11.037362637362634,5.736752136752138,5.135042735042738,1.7899877899877907,-0.5445665445665444,2.1904761904761916,0.0
392353.829121569,1341,0.04,0.03799999877810478,0.8011999726295471,0.6014999747276306,0.9642999768257141,0.029400000348687172,0.7059999704360962,0.4212999939918518,-0.05779354543373749,0.6418326085297945,0.5189974822613888,0.8779659723811708,-0.1531624322880898,0.759708552681774,0.19855802243076148,6.632967032967031,11.06373626373626,5.736752136752138,5.135042735042738,1.7899877899877907,-0.5396825396825395,2.185592185592185,0.0
392353.866826284,1342,0.04,0.03799999877810478,0.8011999726295471,0.6014999747276306,0.9642999768257141,0.029400000348687172,0.7059999704360962,0.4212999939918518,-0.05779354543373749,0.6418326085297945,0.5189974822613888,0.8779659723811708,-0.1531624322880898,0.759708552681774,0.19855802243076148,6.606593406593404,11.06373626373626,5.750427350427351,5.135042735042738,1.7899877899877907,-0.5445665445665444,2.185592185592185,0.0
392353.906826213,1343,0.04,0.03799999877810478,0.8011999726295471,0.6014999747276306,0.9642999768257141,0.029400000348687172,0.7059999704360962,0.4212999939918518,-0.05779354543373749,0.6418326085297945,0.5189974822613888,0.8779659723811708,-0.1531624322880898,0.759708552681774,0.19855802243076148,6.632967032967031,11.06373626373626,5.736752136752138,5.1213675213675245,1.7899877899877907,-0.5445665445665444,2.1904761904761916,0.0
392353.94691678,1344,0.04,0.03799999877810478,0.8011999726295471,0.6014999747276306,0.9642999768257141,0.029400000348687172,0.7059999704360962,0.4212999939918518,-0.05779354543373749,0.6418326085297945,0.5189974822613888,0.8779659723811708,-0.1531624322880898,0.759708552681774,0.19855802243076148,6.606593406593404,11.06373626373626,5.723076923076924,5.148717948717952,1.7899877899877907,-0.5445665445665444,2.1904761904761916,0.0
392353.986812948,1345,0.04,0.03799999877810478,0.8011999726295471,0.6014999747276306,0.9642999768257141,0.029400000348687172,0.7059999704360962,0.4212999939918518,-0.05779354543373749,0.6418326085297945,0.5189974822613888,0.8779659723811708,-0.1531624322880898,0.759708552681774,0.19855802243076148,6.632967032967031,11.037362637362634,5.736752136752138,5.148717948717952,1.7997557997558005,-0.5445665445665444,2.1904761904761916,0.0
392354.026835097,1346,0.04,0.03799999877810478,0.8011999726295471,0.6014999747276306,0.9642999768257141,0.029400000348687172,0.7059999704360962,0.4212999939918518,-0.05779354543373749,0.6418326085297945,0.5189974822613888,0.8779659723811708,-0.1531624322880898,0.759708552681774,0.19855802243076148,6.632967032967031,11.06373626373626,5.736752136752138,5.135042735042738,1.7948717948717956,-0.5445665445665444,2.185592185592185,0.0
392354.0670134,1347,0.04,0.03799999877810478,0.8011999726295471,0.6014999747276306,0.9642999768257141,0.029400000348687172,0.7059999704360962,0.4212999939918518,-0.05779354543373749,0.6418326085297945,0.5189974822613888,0.8779659723811708,-0.1531624322880898,0.759708552681774,0.19855802243076148,6.632967032967031,11.06373626373626,5.723076923076924,5.135042735042738,1.7948717948717956,-0.5445665445665444,2.185592185592185,0.0
392354.106832886,1348,0.04,0.03799999877810478,0.8011999726295471,0.6014999747276306,0.9642999768257141,0.029400000348687172,0.7059999704360962,0.4212999939918518,-0.05779354543373749,0.6418326085297945,0.5189974822613888,0.8779659723811708,-0.1531624322880898,0.759708552681774,0.19855802243076148,6.632967032967031,11.06373626373626,5.723076923076924,5.135042735042738,1.7948717948717956,-0.5494505494505493,2.1904761904761916,0.0
392354.146855923,1349,0.04,0.03799999877810478,0.8011999726295471,0.6014999747276306,0.9642999768257141,0.029400000348687172,0.7059999704360962,0.4212999939918518,-0.05779354543373749,0.6418326085297945,0.5189974822613888,0.8779659723811708,-0.1531624322880898,0.759708552681774,0.19855802243076148,6.632967032967031,11.06373626373626,5.750427350427351,5.135042735042738,1.7948717948717956,-0.5445665445665444,2.1904761904761916,0.0
392354.186833198,1350,0.04,0.03799999877810478,0.8011999726295471,0.6014999747276306,0.9642999768257141,0.029400000348687172,0.7059999704360962,0.4212999939918518,-0.05779354543373749,0.6418326085297945,0.5189974822613888,0.8779659723811708,-0.1531624322880898,0.759708552681774,0.19855802243076148,6.632967032967031,11.037362637362634,5.750427350427351,5.135042735042738,1.7899877899877907,-0.5445665445665444,2.1904761904761916,0.0
392354.226823714,1351,0.04,0.03799999877810478,0.8011999726295471,0.6014999747276306,0.9642999768257141,0.029400000348687172,0.7059999704360962,0.4212999939918518,-0.05779354543373749,0.6418326085297945,0.5189974822613888,0.8779659723811708,-0.1531624322880898,0.759708552681774,0.19855802243076148,6.632967032967031,11.06373626373626,5.750427350427351,5.135042735042738,1.7948717948717956,-0.5445665445665444,2.185592185592185,0.0
392354.26682971,1352,0.04,0.03799999877810478,0.8011999726295471,0.6014999747276306,0.9642999768257141,0.029400000348687172,0.7059999704360962,0.4212999939918518,-0.05779354543373749,0.6418326085297945,0.5189974822613888,0.8779659723811708,-0.1531624322880898,0.759708552681774,0.19855802243076148,6.632967032967031,11.037362637362634,5.736752136752138,5.148717948717952,1.7948717948717956,-0.5445665445665444,2.1904761904761916,0.0
392354.306822032,1353,0.04,0.03799999877810478,0.8011999726295471,0.6014999747276306,0.9642999768257141,0.029400000348687172,0.7059999704360962,0.4212999939918518,-0.05779354543373749,0.6418326085297945,0.5189974822613888,0.8779659723811708,-0.1531624322880898,0.759708552681774,0.19855802243076148,6.632967032967031,11.06373626373626,5.736752136752138,5.135042735042738,1.7948717948717956,-0.5445665445665444,2.1904761904761916,0.0
392354.346837138,1354,0.04,0.03799999877810478,0.8011999726295471,0.6014999747276306,0.9642999768257141,0.029400000348687172,0.7059999704360962,0.4212999939918518,-0.05779354543373749,0.6418326085297945,0.5189974822613888,0.8779659723811708,-0.1531624322880898,0.759708552681774,0.19855802243076148,6.606593406593404,11.037362637362634,5.723076923076924,5.1213675213675245,1.7948717948717956,-0.5445665445665444,2.1904761904761916,0.0
392354.386802364,1355,0.04,0.03799999877810478,0.8011999726295471,0.6014999747276306,0.9642999768257141,0.029400000348687172,0.7059999704360962,0.4212999939918518,-0.05779354543373749,0.6418326085297945,0.5189974822613888,0.8779659723811708,-0.1531624322880898,0.759708552681774,0.19855802243076148,6.632967032967031,11.037362637362634,5.736752136752138,5.1213675213675245,1.7948717948717956,-0.5445665445665444,2.185592185592185,0.0
392354.426830969,1356,0.04,0.03799999877810478,0.8011999726295471,0.6014999747276306,0.9642999768257141,0.029400000348687172,0.7059999704360962,0.4212999939918518,-0.05779354543373749,0.6418326085297945,0.5189974822613888,0.8779659723811708,-0.1531624322880898,0.759708552681774,0.19855802243076148,6.632967032967031,11.06373626373626,5.750427350427351,5.135042735042738,1.7899877899877907,-0.5445665445665444,2.1904761904761916,0.0
392354.466831112,1357,0.04,0.03799999877810478,0.8011999726295471,0.6014999747276306,0.9642999768257141,0.029400000348687172,0.7059999704360962,0.4212999939918518,-0.05779354543373749,0.6418326085297945,0.5189974822613888,0.8779659723811708,-0.1531624322880898,0.759708552681774,0.19855802243076148,6.606593406593404,11.06373626373626,5.723076923076924,5.135042735042738,1.7997557997558005,-0.5445665445665444,2.185592185592185,0.0
392354.506833815,1358,0.04,0.03799999877810478,0.8011999726295471,0.6014999747276306,0.9642999768257141,0.029400000348687172,0.7059999704360962,0.4212999939918518,-0.05779354543373749,0.6418326085297945,0.5189974822613888,0.8779659723811708,-0.1531624322880898,0.759708552681774,0.19855802243076148,6.632967032967031,11.037362637362634,5.750427350427351,5.1213675213675245,1.7948717948717956,-0.5445665445665444,2.185592185592185,0.0
392354.546860577,1359,0.04,0.03799999877810478,0.8011999726295471,0.6014999747276306,0.9642999768257141,0.029400000348687172,0.7059999704360962,0.4212999939918518,-0.05779354543373749,0.6418326085297945,0.5189974822613888,0.8779659723811708,-0.1531624322880898,0.759708552681774,0.19855802243076148,6.632967032967031,11.037362637362634,5.764102564102565,5.148717948717952,1.7948717948717956,-0.5445665445665444,2.185592185592185,0.0
392354.586833652,1360,0.04,0.03799999877810478,0.8011999726295471,0.6014999747276306,0.9642999768257141,0.029400000348687172,0.7059999704360962,0.4212999939918518,-0.05779354543373749,0.6418326085297945,0.5189974822613888,0.8779659723811708,-0.1531624322880898,0.759708552681774,0.19855802243076148,6.606593406593404,11.06373626373626,5.723076923076924,5.135042735042738,1.7948717948717956,-0.5445665445665444,2.185592185592185,0.0
392354.626831244,1361,0.04,0.03799999877810478,0.8011999726295471,0.6014999747276306,0.9642999768257141,0.029400000348687172,0.7059999704360962,0.4212999939918518,-0.05779354543373749,0.6418326085297945,0.5189974822613888,0.8779659723811708,-0.1531624322880898,0.759708552681774,0.19855802243076148,6.606593406593404,11.06373626373626,5.723076923076924,5.148717948717952,1.7948717948717956,-0.5445665445665444,2.18070818070818,0.0
392354.666830231,1362,0.04,0.03799999877810478,0.8011999726295471,0.6014999747276306,0.9642999768257141,0.029400000348687172,0.7059999704360962,0.4212999939918518,-0.05779354543373749,0.6418326085297945,0.5189974822613888,0.8779659723811708,-0.1531624322880898,0.759708552681774,0.19855802243076148,6.632967032967031,11.06373626373626,5.723076923076924,5.148717948717952,1.7948717948717956,-0.5445665445665444,2.1904761904761916,0.0
392354.706918847,1363,0.04,0.03799999877810478,0.8011999726295471,0.6014999747276306,0.9642999768257141,0.029400000348687172,0.7059999704360962,0.4212999939918518,-0.05779354543373749,0.6418326085297945,0.5189974822613888,0.8779659723811708,-0.1531624322880898,0.759708552681774,0.19855802243076148,6.606593406593404,11.06373626373626,5.750427350427351,5.135042735042738,1.7948717948717956,-0.5445665445665444,2.185592185592185,0.0
392354.747165553,1364,0.04,0.03799999877810478,0.8011999726295471,0.6014999747276306,0.9642999768257141,0.029400000348687172,0.7059999704360962,0.4212999939918518,-0.05779354543373749,0.6418326085297945,0.5189974822613888,0.8779659723811708,-0.1531624322880898,0.759708552681774,0.19855802243076148,6.606593406593404,11.037362637362634,5.736752136752138,5.135042735042738,1.7899877899877907,-0.5445665445665444,2.1904761904761916,0.0
392354.787049857,1365,0.04,0.03799999877810478,0.8011999726295471,0.6014999747276306,0.9642999768257141,0.029400000348687172,0.7059999704360962,0.4212999939918518,-0.05779354543373749,0.6418326085297945,0.5189974822613888,0.8779659723811708,-0.1531624322880898,0.759708552681774,0.19855802243076148,6.632967032967031,11.037362637362634,5.736752136752138,5.135042735042738,1.7899877899877907,-0.5445665445665444,2.1904761904761916,0.0
392354.826871916,1366,0.04,0.03799999877810478,0.8011999726295471,0.6014999747276306,0.9642999768257141,0.029400000348687172,0.7059999704360962,0.4212999939918518,-0.05779354543373749,0.6418326085297945,0.5189974822613888,0.8779659723811708,-0.1531624322880898,0.759708552681774,0.19855802243076148,6.606593406593404,11.06373626373626,5.750427350427351,5.148717948717952,1.7948717948717956,-0.5494505494505493,2.185592185592185,0.0
392354.866831742,1367,0.04,0.03799999877810478,0.8011999726295471,0.6014999747276306,0.9642999768257141,0.029400000348687172,0.7059999704360962,0.4212999939918518,-0.05779354543373749,0.6418326085297945,0.5189974822613888,0.8779659723811708,-0.1531624322880898,0.759708552681774,0.19855802243076148,6.632967032967031,11.06373626373626,5.723076923076924,5.1213675213675245,1.7899877899877907,-0.5445665445665444,2.185592185592185,0.0
392354.906831905,1368,0.04,0.03799999877810478,0.8011999726295471,0.6014999747276306,0.9642999768257141,0.029400000348687172,0.7059999704360962,0.4212999939918518,-0.05779354543373749,0.6418326085297945,0.5189974822613888,0.8779659723811708,-0.1531624322880898,0.759708552681774,0.19855802243076148,6.632967032967031,11.06373626373626,5.750427350427351,5.135042735042738,1.7899877899877907,-0.5445665445665444,2.1904761904761916,0.0
392354.946827162,1369,0.04,0.03799999877810478,0.8011999726295471,0.6014999747276306,0.9642999768257141,0.029400000348687172,0.7059999704360962,0.4212999939918518,-0.05779354543373749,0.6418326085297945,0.5189974822613888,0.8779659723811708,-0.1531624322880898,0.759708552681774,0.19855802243076148,6.606593406593404,11.037362637362634,5.750427350427351,5.148717948717952,1.7899877899877907,-0.5445665445665444,2.1904761904761916,0.0
392354.986839025,1370,0.04,0.03799999877810478,0.8011999726295471,0.6014999747276306,0.9642999768257141,0.029400000348687172,0.7059999704360962,0.4212999939918518,-0.05779354543373749,0.6418326085297945,0.5189974822613888,0.8779659723811708,-0.1531624322880898,0.759708552681774,0.19855802243076148,6.632967032967031,11.037362637362634,5.750427350427351,5.135042735042738,1.7899877899877907,-0.5445665445665444,2.1904761904761916,0.0
392355.027295824,1371,0.04,0.03799999877810478,0.8011999726295471,0.6014999747276306,0.9642999768257141,0.029400000348687172,0.7059999704360962,0.4212999939918518,-0.05779354543373749,0.6418326085297945,0.5189974822613888,0.8779659723811708,-0.1531624322880898,0.759708552681774,0.19855802243076148,6.632967032967031,11.037362637362634,5.736752136752138,5.148717948717952,1.7948717948717956,-0.5445665445665444,2.1904761904761916,0.0
392355.066832642,1372,0.04,0.03799999877810478,0.8011999726295471,0.6014999747276306,0.9642999768257141,0.029400000348687172,0.7059999704360962,0.4212999939918518,-0.05779354543373749,0.6418326085297945,0.5189974822613888,0.8779659723811708,-0.1531624322880898,0.759708552681774,0.19855802243076148,6.606593406593404,11.06373626373626,5.736752136752138,5.135042735042738,1.7948717948717956,-0.5396825396825395,2.1904761904761916,0.0
392355.106825832,1373,0.04,0.03799999877810478,0.8011999726295471,0.6014999747276306,0.9642999768257141,0.029400000348687172,0.7059999704360962,0.4212999939918518,-0.05779354543373749,0.6418326085297945,0.5189974822613888,0.8779659723811708,-0.1531624322880898,0.759708552681774,0.19855802243076148,6.632967032967031,11.06373626373626,5.736752136752138,5.135042735042738,1.7997557997558005,-0.5445665445665444,2.1904761904761916,0.0
392355.146856983,1374,0.04,0.03799999877810478,0.8011999726295471,0.6014999747276306,0.9642999768257141,0.029400000348687172,0.7059999704360962,0.4212999939918518,-0.05779354543373749,0.6418326085297945,0.5189974822613888,0.8779659723811708,-0.1531624322880898,0.759708552681774,0.19855802243076148,6.606593406593404,11.06373626373626,5.764102564102565,5.148717948717952,1.7948717948717956,-0.5445665445665444,2.1953601953601964,0.0
392355.18837702,1375,0.04,0.03799999877810478,0.8011999726295471,0.6014999747276306,0.9642999768257141,0.029400000348687172,0.7059999704360962,0.4212999939918518,-0.05779354543373749,0.6418326085297945,0.5189974822613888,0.8779659723811708,-0.1531624322880898,0.759708552681774,0.19855802243076148,6.632967032967031,11.037362637362634,5.736752136752138,5.135042735042738,1.7948717948717956,-0.5445665445665444,2.18070818070818,0.0
392355.226834547,1376,0.04,0.03799999877810478,0.8011999726295471,0.6014999747276306,0.9642999768257141,0.029400000348687172,0.7059999704360962,0.4212999939918518,-0.05779354543373749,0.6418326085297945,0.5189974822613888,0.8779659723811708,-0.1531624322880898,0.759708552681774,0.19855802243076148,6.632967032967031,11.037362637362634,5.723076923076924,5.135042735042738,1.7948717948717956,-0.5494505494505493,2.185592185592185,0.0
392355.266863454,1377,0.04,0.03799999877810478,0.8011999726295471,0.6014999747276306,0.9642999768257141,0.029400000348687172,0.7059999704360962,0.4212999939918518,-0.05779354543373749,0.6418326085297945,0.5189974822613888,0.8779659723811708,-0.1531624322880898,0.759708552681774,0.19855802243076148,6.606593406593404,11.037362637362634,5.736752136752138,5.148717948717952,1.7851037851037859,-0.5445665445665444,2.185592185592185,0.0
392355.306771453,1378,0.04,0.03799999877810478,0.8011999726295471,0.6014999747276306,0.9642999768257141,0.029400000348687172,0.7059999704360962,0.4212999939918518,-0.05779354543373749,0.6418326085297945,0.5189974822613888,0.8779659723811708,-0.1531624322880898,0.759708552681774,0.19855802243076148,6.632967032967031,11.06373626373626,5.70940170940171,5.135042735042738,1.7948717948717956,-0.5396825396825395,2.1904761904761916,0.0
392355.346847507,1379,0.04,0.03799999877810478,0.8011999726295471,0.6014999747276306,0.9642999768257141,0.029400000348687172,0.7059999704360962,0.4212999939918518,-0.05779354543373749,0.6418326085297945,0.5189974822613888,0.8779659723811708,-0.1531624322880898,0.759708552681774,0.19855802243076148,6.632967032967031,11.037362637362634,5.736752136752138,5.148717948717952,1.7948717948717956,-0.5445665445665444,2.18070818070818,0.0
392355.386824403,1380,0.04,0.03799999877810478,0.8011999726295471,0.6014999747276306,0.9642999768257141,0.029400000348687172,0.7059999704360962,0.4212999939918518,-0.05779354543373749,0.6418326085297945,0.5189974822613888,0.8779659723811708,-0.1531624322880898,0.759708552681774,0.19855802243076148,6.632967032967031,11.06373626373626,5.736752136752138,5.148717948717952,1.7948717948717956,-0.5396825396825395,2.185592185592185,0.0
392355.42683057,1381,0.04,0.03799999877810478,0.8011999726295471,0.6014999747276306,0.9642999768257141,0.029400000348687172,0.7059999704360962,0.4212999939918518,-0.05779354543373749,0.6418326085297945,0.5189974822613888,0.8779659723811708,-0.1531624322880898,0.759708552681774,0.19855802243076148,6.632967032967031,11.06373626373626,5.736752136752138,5.135042735042738,1.7899877899877907,-0.5445665445665444,2.185592185592185,0.0
392355.46683153,1382,0.04,0.03799999877810478,0.8011999726295471,0.6014999747276306,0.9642999768257141,0.029400000348687172,0.7059999704360962,0.4212999939918518,-0.05779354543373749,0.6418326085297945,0.5189974822613888,0.8779659723811708,-0.1531624322880898,0.759708552681774,0.19855802243076148,6.606593406593404,11.037362637362634,5.736752136752138,5.135042735042738,1.7948717948717956,-0.5445665445665444,2.185592185592185,0.0
392355.50697386,1383,0.04,0.03799999877810478,0.8011999726295471,0.6014999747276306,0.9642999768257141,0.029400000348687172,0.7059999704360962,0.4212999939918518,-0.05779354543373749,0.6418326085297945,0.5189974822613888,0.8779659723811708,-0.1531624322880898,0.759708552681774,0.19855802243076148,6.606593406593404,11.06373626373626,5.764102564102565,5.135042735042738,1.7948717948717956,-0.5445665445665444,2.1904761904761916,0.0
392355.548266571,1384,0.04,0.03799999877810478,0.8011999726295471,0.6014999747276306,0.9642999768257141,0.029400000348687172,0.7059999704360962,0.4212999939918518,-0.05779354543373749,0.6418326085297945,0.5189974822613888,0.8779659723811708,-0.1531624322880898,0.759708552681774,0.19855802243076148,6.606593406593404,11.037362637362634,5.736752136752138,5.135042735042738,1.7948717948717956,-0.5445665445665444,2.185592185592185,0.0
392355.586863047,1385,0.04,0.03799999877810478,0.8011999726295471,0.6014999747276306,0.9642999768257141,0.029400000348687172,0.7059999704360962,0.4212999939918518,-0.05779354543373749,0.6418326085297945,0.5189974822613888,0.8779659723811708,-0.1531624322880898,0.759708552681774,0.19855802243076148,6.632967032967031,11.06373626373626,5.736752136752138,5.148717948717952,1.7899877899877907,-0.5445665445665444,2.185592185592185,0.0
392355.62683454,1386,0.04,0.03799999877810478,0.8011999726295471,0.6014999747276306,0.9642999768257141,0.029400000348687172,0.7059999704360962,0.4212999939918518,-0.05779354543373749,0.6418326085297945,0.5189974822613888,0.8779659723811708,-0.1531624322880898,0.759708552681774,0.19855802243076148,6.632967032967031,11.06373626373626,5.736752136752138,5.135042735042738,1.7948717948717956,-0.5445665445665444,2.185592185592185,0.0
392355.666834924,1387,0.04,0.03799999877810478,0.8011999726295471,0.6014999747276306,0.9642999768257141,0.029400000348687172,0.7059999704360962,0.4212999939918518,-0.05779354543373749,0.6418326085297945,0.5189974822613888,0.8779659723811708,-0.1531624322880898,0.759708552681774,0.19855802243076148,6.632967032967031,11.037362637362634,5.736752136752138,5.148717948717952,1.7899877899877907,-0.5445665445665444,2.185592185592185,0.0
392355.706853462,1388,0.04,0.03799999877810478,0.8011999726295471,0.6014999747276306,0.9642999768257141,0.029400000348687172,0.7059999704360962,0.4212999939918518,-0.05779354543373749,0.6418326085297945,0.5189974822613888,0.8779659723811708,-0.1531624322880898,0.759708552681774,0.19855802243076148,6.606593406593404,11.06373626373626,5.736752136752138,5.135042735042738,1.7948717948717956,-0.5445665445665444,2.1904761904761916,0.0
392355.74685673,1389,0.04,0.03799999877810478,0.8011999726295471,0.6014999747276306,0.9642999768257141,0.029400000348687172,0.7059999704360962,0.4212999939918518,-0.05779354543373749,0.6418326085297945,0.5189974822613888,0.8779659723811708,-0.1531624322880898,0.759708552681774,0.19855802243076148,6.632967032967031,11.06373626373626,5.750427350427351,5.135042735042738,1.7948717948717956,-0.5445665445665444,2.185592185592185,0.0
392355.786833834,1390,0.04,0.03799999877810478,0.8011999726295471,0.6014999747276306,0.9642999768257141,0.029400000348687172,0.7059999704360962,0.4212999939918518,-0.05779354543373749,0.6418326085297945,0.5189974822613888,0.8779659723811708,-0.1531624322880898,0.759708552681774,0.19855802243076148,6.632967032967031,11.037362637362634,5.723076923076924,5.1213675213675245,1.7899877899877907,-0.5445665445665444,2.185592185592185,0.0
392355.826826714,1391,0.04,0.03799999877810478,0.8011999726295471,0.6014999747276306,0.9642999768257141,0.029400000348687172,0.7059999704360962,0.4212999939918518,-0.05779354543373749,0.6418326085297945,0.5189974822613888,0.8779659723811708,-0.1531624322880898,0.759708552681774,0.19855802243076148,6.606593406593404,11.037362637362634,5.736752136752138,5.148717948717952,1.7899877899877907,-0.5396825396825395,2.185592185592185,0.0
392355.866893368,1392,0.04,0.03799999877810478,0.8011999726295471,0.6014999747276306,0.9642999768257141,0.029400000348687172,0.7059999704360962,0.4212999939918518,-0.05779354543373749,0.6418326085297945,0.5189974822613888,0.8779659723811708,-0.1531624322880898,0.759708552681774,0.19855802243076148,6.632967032967031,11.037362637362634,5.736752136752138,5.135042735042738,1.7899877899877907,-0.5445665445665444,2.185592185592185,0.0
392355.906835119,1393,0.04,0.03799999877810478,0.8011999726295471,0.6014999747276306,0.9642999768257141,0.029400000348687172,0.7059999704360962,0.4212999939918518,-0.05779354543373749,0.6418326085297945,0.5189974822613888,0.8779659723811708,-0.1531624322880898,0.759708552681774,0.19855802243076148,6.632967032967031,11.06373626373626,5.736752136752138,5.135042735042738,1.7899877899877907,-0.5445665445665444,2.185592185592185,0.0
392355.946854212,1394,0.04,0.03799999877810478,0.8011999726295471,0.6014999747276306,0.9642999768257141,0.029400000348687172,0.7059999704360962,0.4212999939918518,-0.05779354543373749,0.6418326085297945,0.5189974822613888,0.8779659723811708,-0.1531624322880898,0.759708552681774,0.19855802243076148,6.632967032967031,11.037362637362634,5.736752136752138,5.1213675213675245,1.7899877899877907,-0.5445665445665444,2.185592185592185,0.0
392355.986808732,1395,0.04,0.03799999877810478,0.8011999726295471,0.6014999747276306,0.9642999768257141,0.029400000348687172,0.7059999704360962,0.4212999939918518,-0.05779354543373749,0.6418326085297945,0.5189974822613888,0.8779659723811708,-0.1531624322880898,0.759708552681774,0.19855802243076148,6.632967032967031,11.06373626373626,5.723076923076924,5.135042735042738,1.7899877899877907,-0.5445665445665444,2.1904761904761916,0.0
392356.02683046,1396,0.04,0.03799999877810478,0.8011999726295471,0.6014999747276306,0.9642999768257141,0.029400000348687172,0.7059999704360962,0.4212999939918518,-0.05779354543373749,0.6418326085297945,0.5189974822613888,0.8779659723811708,-0.1531624322880898,0.759708552681774,0.19855802243076148,6.606593406593404,11.06373626373626,5.736752136752138,5.1213675213675245,1.7899877899877907,-0.5396825396825395,2.185592185592185,0.0
392356.067331695,1397,0.04,0.03799999877810478,0.8011999726295471,0.6014999747276306,0.9642999768257141,0.029400000348687172,0.7059999704360962,0.4212999939918518,-0.05779354543373749,0.6418326085297945,0.5189974822613888,0.8779659723811708,-0.1531624322880898,0.759708552681774,0.19855802243076148,6.606593406593404,11.06373626373626,5.764102564102565,5.1213675213675245,1.7948717948717956,-0.5396825396825395,2.1904761904761916,0.0
392356.10677589,1398,0.04,0.03799999877810478,0.8011999726295471,0.6014999747276306,0.9642999768257141,0.029400000348687172,0.7059999704360962,0.4212999939918518,-0.05779354543373749,0.6418326085297945,0.5189974822613888,0.8779659723811708,-0.1531624322880898,0.759708552681774,0.19855802243076148,6.606593406593404,11.06373626373626,5.750427350427351,5.135042735042738,1.7899877899877907,-0.5445665445665444,2.1904761904761916,0.0
392356.146897154,1399,0.04,0.03799999877810478,0.8011999726295471,0.6014999747276306,0.9642999768257141,0.029400000348687172,0.7059999704360962,0.4212999939918518,-0.05779354543373749,0.6418326085297945,0.5189974822613888,0.8779659723811708,-0.1531624322880898,0.759708552681774,0.19855802243076148,6.632967032967031,11.06373626373626,5.750427350427351,5.135042735042738,1.7948717948717956,-0.5445665445665444,2.1904761904761916,0.0
392356.186863083,1400,0.04,0.03799999877810478,0.8011999726295471,0.6014999747276306,0.9642999768257141,0.029400000348687172,0.7059999704360962,0.4212999939918518,-0.05779354543373749,0.6418326085297945,0.5189974822613888,0.8779659723811708,-0.1531624322880898,0.759708552681774,0.19855802243076148,6.632967032967031,11.06373626373626,5.723076923076924,5.135042735042738,1.7899877899877907,-0.5396825396825395,2.1904761904761916,0.0
392356.226828532,1401,0.04,0.03799999877810478,0.8011999726295471,0.6014999747276306,0.9642999768257141,0.029400000348687172,0.7059999704360962,0.4212999939918518,-0.05779354543373749,0.6418326085297945,0.5189974822613888,0.8779659723811708,-0.1531624322880898,0.759708552681774,0.19855802243076148,6.632967032967031,11.06373626373626,5.736752136752138,5.148717948717952,1.7948717948717956,-0.5445665445665444,2.185592185592185,0.0
392356.266822412,1402,0.04,0.03799999877810478,0.8011999726295471,0.6014999747276306,0.9642999768257141,0.029400000348687172,0.7059999704360962,0.4212999939918518,-0.05779354543373749,0.6418326085297945,0.5189974822613888,0.8779659723811708,-0.1531624322880898,0.759708552681774,0.19855802243076148,6.632967032967031,11.037362637362634,5.736752136752138,5.1213675213675245,1.7899877899877907,-0.5396825396825395,2.185592185592185,0.0
392356.306811439,1403,0.04,0.03799999877810478,0.8011999726295471,0.6014999747276306,0.9642999768257141,0.029400000348687172,0.7059999704360962,0.4212999939918518,-0.05779354543373749,0.6418326085297945,0.5189974822613888,0.8779659723811708,-0.1531624322880898,0.759708552681774,0.19855802243076148,6.632967032967031,11.06373626373626,5.750427350427351,5.107692307692311,1.7948717948717956,-0.5445665445665444,2.1904761904761916,0.0
392356.346828404,1404,0.04,0.03799999877810478,0.8011999726295471,0.6014999747276306,0.9642999768257141,0.029400000348687172,0.7059999704360962,0.4212999939918518,-0.05779354543373749,0.6418326085297945,0.5189974822613888,0.8779659723811708,-0.1531624322880898,0.759708552681774,0.19855802243076148,6.632967032967031,11.06373626373626,5.764102564102565,5.135042735042738,1.7899877899877907,-0.5494505494505493,2.1904761904761916,0.0
392356.386948005,1405,0.04,0.03799999877810478,0.8011999726295471,0.6014999747276306,0.9642999768257141,0.029400000348687172,0.7059999704360962,0.4212999939918518,-0.05779354543373749,0.6418326085297945,0.5189974822613888,0.8779659723811708,-0.1531624322880898,0.759708552681774,0.19855802243076148,6.606593406593404,11.06373626373626,5.736752136752138,5.135042735042738,1.7899877899877907,-0.5445665445665444,2.185592185592185,0.0
392356.42683,1406,0.04,0.03799999877810478,0.8011999726295471,0.6014999747276306,0.9642999768257141,0.029400000348687172,0.7059999704360962,0.4212999939918518,-0.05779354543373749,0.6418326085297945,0.5189974822613888,0.8779659723811708,-0.1531624322880898,0.759708552681774,0.19855802243076148,6.606593406593404,11.037362637362634,5.750427350427351,5.135042735042738,1.7899877899877907,-0.5445665445665444,2.1904761904761916,0.0
392356.466812431,1407,0.04,0.03799999877810478,0.8011999726295471,0.6014999747276306,0.9642999768257141,0.029400000348687172,0.7059999704360962,0.4212999939918518,-0.05779354543373749,0.6418326085297945,0.5189974822613888,0.8779659723811708,-0.1531624322880898,0.759708552681774,0.19855802243076148,6.632967032967031,11.037362637362634,5.750427350427351,5.135042735042738,1.7899877899877907,-0.5445665445665444,2.1904761904761916,0.0
392356.506813466,1408,0.04,0.03799999877810478,0.8011999726295471,0.6014999747276306,0.9642999768257141,0.029400000348687172,0.7059999704360962,0.4212999939918518,-0.05779354543373749,0.6418326085297945,0.5189974822613888,0.8779659723811708,-0.1531624322880898,0.759708552681774,0.19855802243076148,6.632967032967031,11.06373626373626,5.750427350427351,5.1213675213675245,1.7899877899877907,-0.5445665445665444,2.185592185592185,0.0
392356.546868883,1409,0.04,0.03799999877810478,0.8011999726295471,0.6014999747276306,0.9642999768257141,0.029400000348687172,0.7059999704360962,0.4212999939918518,-0.05779354543373749,0.6418326085297945,0.5189974822613888,0.8779659723811708,-0.1531624322880898,0.759708552681774,0.19855802243076148,6.632967032967031,11.037362637362634,5.723076923076924,5.1213675213675245,1.7851037851037859,-0.5396825396825395,2.185592185592185,0.0
392356.586831797,1410,0.04,0.03799999877810478,0.8011999726295471,0.6014999747276306,0.9642999768257141,0.029400000348687172,0.7059999704360962,0.4212999939918518,-0.05779354543373749,0.6418326085297945,0.5189974822613888,0.8779659723811708,-0.1531624322880898,0.759708552681774,0.19855802243076148,6.606593406593404,11.037362637362634,5.736752136752138,5.135042735042738,1.7899877899877907,-0.5445665445665444,2.1904761904761916,0.0
392356.62688142,1411,0.04,0.03799999877810478,0.8011999726295471,0.6014999747276306,0.9642999768257141,0.029400000348687172,0.7059999704360962,0.4212999939918518,-0.05779354543373749,0.6418326085297945,0.5189974822613888,0.8779659723811708,-0.1531624322880898,0.759708552681774,0.19855802243076148,6.606593406593404,11.06373626373626,5.750427350427351,5.1213675213675245,1.7899877899877907,-0.5445665445665444,2.185592185592185,0.0
392356.666826305,1412,0.04,0.03799999877810478,0.8011999726295471,0.6014999747276306,0.9642999768257141,0.029400000348687172,0.7059999704360962,0.4212999939918518,-0.05779354543373749,0.6418326085297945,0.5189974822613888,0.8779659723811708,-0.1531624322880898,0.759708552681774,0.19855802243076148,6.632967032967031,11.06373626373626,5.723076923076924,5.148717948717952,1.7899877899877907,-0.5445665445665444,2.185592185592185,0.0
392356.706805698,1413,0.04,0.03799999877810478,0.8011999726295471,0.6014999747276306,0.9642999768257141,0.029400000348687172,0.7059999704360962,0.4212999939918518,-0.05779354543373749,0.6418326085297945,0.5189974822613888,0.8779659723811708,-0.1531624322880898,0.759708552681774,0.19855802243076148,6.606593406593404,11.037362637362634,5.736752136752138,5.135042735042738,1.7899877899877907,-0.5445665445665444,2.185592185592185,0.0
392356.746773443,1414,0.04,0.03799999877810478,0.8011999726295471,0.6014999747276306,0.9642999768257141,0.029400000348687172,0.7059999704360962,0.4212999939918518,-0.05779354543373749,0.6418326085297945,0.5189974822613888,0.8779659723811708,-0.1531624322880898,0.759708552681774,0.19855802243076148,6.632967032967031,11.06373626373626,5.736752136752138,5.135042735042738,1.7948717948717956,-0.5445665445665444,2.185592185592185,0.0
392356.786832305,1415,0.04,0.03799999877810478,0.8011999726295471,0.6014999747276306,0.9642999768257141,0.029400000348687172,0.7059999704360962,0.4212999939918518,-0.05779354543373749,0.6418326085297945,0.5189974822613888,0.8779659723811708,-0.1531624322880898,0.759708552681774,0.19855802243076148,6.632967032967031,11.06373626373626,5.736752136752138,5.135042735042738,1.7948717948717956,-0.5445665445665444,2.185592185592185,0.0
392356.82683078,1416,0.04,0.03799999877810478,0.8011999726295471,0.6014999747276306,0.9642999768257141,0.029400000348687172,0.7059999704360962,0.4212999939918518,-0.05779354543373749,0.6418326085297945,0.5189974822613888,0.8779659723811708,-0.1531624322880898,0.759708552681774,0.19855802243076148,6.606593406593404,11.06373626373626,5.723076923076924,5.135042735042738,1.7948717948717956,-0.5445665445665444,2.185592185592185,0.0
392356.866795832,1417,0.04,0.03799999877810478,0.8011999726295471,0.6014999747276306,0.9642999768257141,0.029400000348687172,0.7059999704360962,0.4212999939918518,-0.05779354543373749,0.6418326085297945,0.5189974822613888,0.8779659723811708,-0.1531624322880898,0.759708552681774,0.19855802243076148,6.632967032967031,11.06373626373626,5.736752136752138,5.1213675213675245,1.7899877899877907,-0.5445665445665444,2.185592185592185,0.0
392356.90688423,1418,0.04,0.03799999877810478,0.8011999726295471,0.6014999747276306,0.9642999768257141,0.029400000348687172,0.7059999704360962,0.4212999939918518,-0.05779354543373749,0.6418326085297945,0.5189974822613888,0.8779659723811708,-0.1531624322880898,0.759708552681774,0.19855802243076148,6.632967032967031,11.06373626373626,5.736752136752138,5.135042735042738,1.7948717948717956,-0.5445665445665444,2.1904761904761916,0.0
392356.946832083,1419,0.04,0.03799999877810478,0.8011999726295471,0.6014999747276306,0.9642999768257141,0.029400000348687172,0.7059999704360962,0.4212999939918518,-0.05779354543373749,0.6418326085297945,0.5189974822613888,0.8779659723811708,-0.1531624322880898,0.759708552681774,0.19855802243076148,6.632967032967031,11.037362637362634,5.736752136752138,5.135042735042738,1.7899877899877907,-0.5445665445665444,2.1904761904761916,0.0
392356.98683265,1420,0.04,0.03799999877810478,0.8011999726295471,0.6014999747276306,0.9642999768257141,0.029400000348687172,0.7059999704360962,0.4212999939918518,-0.05779354543373749,0.6418326085297945,0.5189974822613888,0.8779659723811708,-0.1531624322880898,0.759708552681774,0.19855802243076148,6.606593406593404,11.037362637362634,5.750427350427351,5.135042735042738,1.7899877899877907,-0.5445665445665444,2.185592185592185,0.0
392357.026821133,1421,0.04,0.03799999877810478,0.8011999726295471,0.6014999747276306,0.9642999768257141,0.029400000348687172,0.7059999704360962,0.4212999939918518,-0.05779354543373749,0.6418326085297945,0.5189974822613888,0.8779659723811708,-0.1531624322880898,0.759708552681774,0.19855802243076148,6.632967032967031,11.037362637362634,5.736752136752138,5.148717948717952,1.7948717948717956,-0.5396825396825395,2.1904761904761916,0.0
392357.066819279,1422,0.04,0.03799999877810478,0.8011999726295471,0.6014999747276306,0.9642999768257141,0.029400000348687172,0.7059999704360962,0.4212999939918518,-0.05779354543373749,0.6418326085297945,0.5189974822613888,0.8779659723811708,-0.1531624322880898,0.759708552681774,0.19855802243076148,6.632967032967031,11.037362637362634,5.750427350427351,5.148717948717952,1.7948717948717956,-0.5396825396825395,2.185592185592185,0.0
392357.106927529,1423,0.04,0.03799999877810478,0.8011999726295471,0.6014999747276306,0.9642999768257141,0.029400000348687172,0.7059999704360962,0.4212999939918518,-0.05779354543373749,0.6418326085297945,0.5189974822613888,0.8779659723811708,-0.1531624322880898,0.759708552681774,0.19855802243076148,6.632967032967031,11.037362637362634,5.736752136752138,5.148717948717952,1.7948717948717956,-0.5445665445665444,2.185592185592185,0.0
392357.146925185,1424,0.04,0.03799999877810478,0.8011999726295471,0.6014999747276306,0.9642999768257141,0.029400000348687172,0.7059999704360962,0.4212999939918518,-0.05779354543373749,0.6418326085297945,0.5189974822613888,0.8779659723811708,-0.1531624322880898,0.759708552681774,0.19855802243076148,6.632967032967031,11.037362637362634,5.736752136752138,5.148717948717952,1.7948717948717956,-0.5445665445665444,2.185592185592185,0.0
392357.186832155,1425,0.04,0.03799999877810478,0.8011999726295471,0.6014999747276306,0.9642999768257141,0.029400000348687172,0.7059999704360962,0.4212999939918518,-0.05779354543373749,0.6418326085297945,0.5189974822613888,0.8779659723811708,-0.1531624322880898,0.759708552681774,0.19855802243076148,6.606593406593404,11.06373626373626,5.750427350427351,5.1213675213675245,1.7899877899877907,-0.5445665445665444,2.1904761904761916,0.0
392357.226831574,1426,0.04,0.03799999877810478,0.8011999726295471,0.6014999747276306,0.9642999768257141,0.029400000348687172,0.7059999704360962,0.4212999939918518,-0.05779354543373749,0.6418326085297945,0.5189974822613888,0.8779659723811708,-0.1531624322880898,0.759708552681774,0.19855802243076148,6.606593406593404,11.06373626373626,5.736752136752138,5.135042735042738,1.7948717948717956,-0.5445665445665444,2.185592185592185,0.0
392357.266905508,1427,0.04,0.03799999877810478,0.8011999726295471,0.6014999747276306,0.9642999768257141,0.029400000348687172,0.7059999704360962,0.4212999939918518,-0.05779354543373749,0.6418326085297945,0.5189974822613888,0.8779659723811708,-0.1531624322880898,0.759708552681774,0.19855802243076148,6.606593406593404,11.06373626373626,5.736752136752138,5.1213675213675245,1.7899877899877907,-0.5445665445665444,2.18070818070818,0.0
392357.306794495,1428,0.04,0.03799999877810478,0.8011999726295471,0.6014999747276306,0.9642999768257141,0.029400000348687172,0.7059999704360962,0.4212999939918518,-0.05779354543373749,0.6418326085297945,0.5189974822613888,0.8779659723811708,-0.1531624322880898,0.759708552681774,0.19855802243076148,6.632967032967031,11.06373626373626,5.750427350427351,5.135042735042738,1.7948717948717956,-0.5445665445665444,2.185592185592185,0.0
392357.346854425,1429,0.04,0.03799999877810478,0.8011999726295471,0.6014999747276306,0.9642999768257141,0.029400000348687172,0.7059999704360962,0.4212999939918518,-0.05779354543373749,0.6418326085297945,0.5189974822613888,0.8779659723811708,-0.1531624322880898,0.759708552681774,0.19855802243076148,6.632967032967031,11.06373626373626,5.736752136752138,5.135042735042738,1.7899877899877907,-0.5445665445665444,2.185592185592185,0.0
392357.386827714,1430,0.04,0.03799999877810478,0.8011999726295471,0.6014999747276306,0.9642999768257141,0.029400000348687172,0.7059999704360962,0.4212999939918518,-0.05779354543373749,0.6418326085297945,0.5189974822613888,0.8779659723811708,-0.1531624322880898,0.759708552681774,0.19855802243076148,6.632967032967031,11.037362637362634,5.723076923076924,5.1213675213675245,1.7899877899877907,-0.5445665445665444,2.1904761904761916,0.0
392357.4269226,1431,0.04,0.03799999877810478,0.8011999726295471,0.6014999747276306,0.9642999768257141,0.029400000348687172,0.7059999704360962,0.4212999939918518,-0.05779354543373749,0.6418326085297945,0.5189974822613888,0.8779659723811708,-0.1531624322880898,0.759708552681774,0.19855802243076148,6.632967032967031,11.06373626373626,5.750427350427351,5.1213675213675245,1.7899877899877907,-0.5396825396825395,2.185592185592185,0.0
392357.466823459,1432,0.04,0.03799999877810478,0.8011999726295471,0.6014999747276306,0.9642999768257141,0.029400000348687172,0.7059999704360962,0.4212999939918518,-0.05779354543373749,0.6418326085297945,0.5189974822613888,0.8779659723811708,-0.1531624322880898,0.759708552681774,0.19855802243076148,6.606593406593404,11.06373626373626,5.736752136752138,5.135042735042738,1.7899877899877907,-0.5445665445665444,2.185592185592185,0.0
392357.506830656,1433,0.04,0.03799999877810478,0.8011999726295471,0.6014999747276306,0.9642999768257141,0.029400000348687172,0.7059999704360962,0.4212999939918518,-0.05779354543373749,0.6418326085297945,0.5189974822613888,0.8779659723811708,-0.1531624322880898,0.759708552681774,0.19855802243076148,6.632967032967031,11.06373626373626,5.736752136752138,5.135042735042738,1.7948717948717956,-0.5445665445665444,2.185592185592185,0.0
392357.546828141,1434,0.04,0.03799999877810478,0.8011999726295471,0.6014999747276306,0.9642999768257141,0.029400000348687172,0.7059999704360962,0.4212999939918518,-0.05779354543373749,0.6418326085297945,0.5189974822613888,0.8779659723811708,-0.1531624322880898,0.759708552681774,0.19855802243076148,6.632967032967031,11.06373626373626,5.736752136752138,5.1213675213675245,1.7948717948717956,-0.5445665445665444,2.1904761904761916,0.0
392357.586833847,1435,0.04,0.03799999877810478,0.8011999726295471,0.6014999747276306,0.9642999768257141,0.029400000348687172,0.7059999704360962,0.4212999939918518,-0.05779354543373749,0.6418326085297945,0.5189974822613888,0.8779659723811708,-0.1531624322880898,0.759708552681774,0.19855802243076148,6.606593406593404,11.037362637362634,5.736752136752138,5.148717948717952,1.7899877899877907,-0.5494505494505493,2.1904761904761916,0.0
392357.626834741,1436,0.04,0.03799999877810478,0.8011999726295471,0.6014999747276306,0.9642999768257141,0.029400000348687172,0.7059999704360962,0.4212999939918518,-0.05779354543373749,0.6418326085297945,0.5189974822613888,0.8779659723811708,-0.1531624322880898,0.759708552681774,0.19855802243076148,6.606593406593404,11.06373626373626,5.723076923076924,5.135042735042738,1.7948717948717956,-0.5396825396825395,2.185592185592185,0.0
392357.666828684,1437,0.04,0.03799999877810478,0.8011999726295471,0.6014999747276306,0.9642999768257141,0.029400000348687172,0.7059999704360962,0.4212999939918518,-0.05779354543373749,0.6418326085297945,0.5189974822613888,0.8779659723811708,-0.1531624322880898,0.759708552681774,0.19855802243076148,6.632967032967031,11.037362637362634,5.736752136752138,5.148717948717952,1.7899877899877907,-0.5445665445665444,2.185592185592185,0.0
392357.706829863,1438,0.04,0.03799999877810478,0.8011999726295471,0.6014999747276306,0.9642999768257141,0.029400000348687172,0.7059999704360962,0.4212999939918518,-0.05779354543373749,0.6418326085297945,0.5189974822613888,0.8779659723811708,-0.1531624322880898,0.759708552681774,0.19855802243076148,6.632967032967031,11.037362637362634,5.736752136752138,5.135042735042738,1.7899877899877907,-0.5445665445665444,2.185592185592185,0.0
392357.746934694,1439,0.04,0.03799999877810478,0.8011999726295471,0.6014999747276306,0.9642999768257141,0.029400000348687172,0.7059999704360962,0.4212999939918518,-0.05779354543373749,0.6418326085297945,0.5189974822613888,0.8779659723811708,-0.1531624322880898,0.759708552681774,0.19855802243076148,6.632967032967031,11.06373626373626,5.750427350427351,5.148717948717952,1.7948717948717956,-0.5445665445665444,2.185592185592185,0.0
392357.786863682,1440,0.04,0.03799999877810478,0.8011999726295471,0.6014999747276306,0.9642999768257141,0.029400000348687172,0.7059999704360962,0.4212999939918518,-0.05779354543373749,0.6418326085297945,0.5189974822613888,0.8779659723811708,-0.1531624322880898,0.759708552681774,0.19855802243076148,6.606593406593404,11.06373626373626,5.750427350427351,5.1213675213675245,1.7899877899877907,-0.5445665445665444,2.185592185592185,0.0
392357.826822425,1441,0.04,0.03799999877810478,0.8011999726295471,0.6014999747276306,0.9642999768257141,0.029400000348687172,0.7059999704360962,0.4212999939918518,-0.05779354543373749,0.6418326085297945,0.5189974822613888,0.8779659723811708,-0.1531624322880898,0.759708552681774,0.19855802243076148,6.632967032967031,11.06373626373626,5.736752136752138,5.1213675213675245,1.7948717948717956,-0.5445665445665444,2.1904761904761916,0.0
392357.86681168,1442,0.04,0.03799999877810478,0.8011999726295471,0.6014999747276306,0.9642999768257141,0.029400000348687172,0.7059999704360962,0.4212999939918518,-0.05779354543373749,0.6418326085297945,0.5189974822613888,0.8779659723811708,-0.1531624322880898,0.759708552681774,0.19855802243076148,6.606593406593404,11.06373626373626,5.70940170940171,5.148717948717952,1.7899877899877907,-0.5445665445665444,2.185592185592185,0.0
392357.906843069,1443,0.04,0.03799999877810478,0.8011999726295471,0.6014999747276306,0.9642999768257141,0.029400000348687172,0.7059999704360962,0.4212999939918518,-0.05779354543373749,0.6418326085297945,0.5189974822613888,0.8779659723811708,-0.1531624322880898,0.759708552681774,0.19855802243076148,6.632967032967031,11.037362637362634,5.736752136752138,5.135042735042738,1.7948717948717956,-0.5445665445665444,2.1904761904761916,0.0
392357.946773152,1444,0.04,0.03799999877810478,0.8011999726295471,0.6014999747276306,0.9642999768257141,0.029400000348687172,0.7059999704360962,0.4212999939918518,-0.05779354543373749,0.6418326085297945,0.5189974822613888,0.8779659723811708,-0.1531624322880898,0.759708552681774,0.19855802243076148,6.632967032967031,11.06373626373626,5.736752136752138,5.162393162393165,1.7948717948717956,-0.5396825396825395,2.1904761904761916,0.0
392357.987008281,1445,0.04,0.03799999877810478,0.8011999726295471,0.6014999747276306,0.9642999768257141,0.029400000348687172,0.7059999704360962,0.4212999939918518,-0.05779354543373749,0.6418326085297945,0.5189974822613888,0.8779659723811708,-0.1531624322880898,0.759708552681774,0.19855802243076148,6.632967032967031,11.06373626373626,5.736752136752138,5.1213675213675245,1.7899877899877907,-0.5445665445665444,2.185592185592185,0.0
392358.02679698,1446,0.04,0.03799999877810478,0.8011999726295471,0.6014999747276306,0.9642999768257141,0.029400000348687172,0.7059999704360962,0.4212999939918518,-0.05779354543373749,0.6418326085297945,0.5189974822613888,0.8779659723811708,-0.1531624322880898,0.759708552681774,0.19855802243076148,6.632967032967031,11.037362637362634,5.750427350427351,5.135042735042738,1.7948717948717956,-0.5445665445665444,2.1904761904761916,0.0
392358.066823406,1447,0.04,0.03799999877810478,0.8011999726295471,0.6014999747276306,0.9642999768257141,0.029400000348687172,0.7059999704360962,0.4212999939918518,-0.05779354543373749,0.6418326085297945,0.5189974822613888,0.8779659723811708,-0.1531624322880898,0.759708552681774,0.19855802243076148,6.632967032967031,11.06373626373626,5.723076923076924,5.135042735042738,1.7948717948717956,-0.5396825396825395,2.185592185592185,0.0
392358.106826547,1448,0.04,0.03799999877810478,0.8011999726295471,0.6014999747276306,0.9642999768257141,0.029400000348687172,0.7059999704360962,0.4212999939918518,-0.05779354543373749,0.6418326085297945,0.5189974822613888,0.8779659723811708,-0.1531624322880898,0.759708552681774,0.19855802243076148,6.606593406593404,11.037362637362634,5.723076923076924,5.162393162393165,1.7948717948717956,-0.5445665445665444,2.185592185592185,0.0
392358.146815278,1449,0.04,0.03799999877810478,0.8011999726295471,0.6014999747276306,0.9642999768257141,0.029400000348687172,0.7059999704360962,0.4212999939918518,-0.05779354543373749,0.6418326085297945,0.5189974822613888,0.8779659723811708,-0.1531624322880898,0.759708552681774,0.19855802243076148,6.606593406593404,11.037362637362634,5.736752136752138,5.135042735042738,1.7899877899877907,-0.5445665445665444,2.185592185592185,0.0
392358.186826478,1450,0.04,0.03799999877810478,0.8011999726295471,0.6014999747276306,0.9642999768257141,0.029400000348687172,0.7059999704360962,0.4212999939918518,-0.05779354543373749,0.6418326085297945,0.5189974822613888,0.8779659723811708,-0.1531624322880898,0.759708552681774,0.19855802243076148,6.632967032967031,11.06373626373626,5.750427350427351,5.135042735042738,1.7948717948717956,-0.5396825396825395,2.1953601953601964,0.0
392358.226795162,1451,0.04,0.03799999877810478,0.8011999726295471,0.6014999747276306,0.9642999768257141,0.029400000348687172,0.7059999704360962,0.4212999939918518,-0.05779354543373749,0.6418326085297945,0.5189974822613888,0.8779659723811708,-0.1531624322880898,0.759708552681774,0.19855802243076148,6.632967032967031,11.037362637362634,5.723076923076924,5.1213675213675245,1.7899877899877907,-0.5445665445665444,2.185592185592185,0.0
392358.266824521,1452,0.04,0.03799999877810478,0.8011999726295471,0.6014999747276306,0.9642999768257141,0.029400000348687172,0.7059999704360962,0.4212999939918518,-0.05779354543373749,0.6418326085297945,0.5189974822613888,0.8779659723811708,-0.1531624322880898,0.759708552681774,0.19855802243076148,6.606593406593404,11.037362637362634,5.750427350427351,5.1213675213675245,1.7948717948717956,-0.5494505494505493,2.185592185592185,0.0
392358.306861574,1453,0.04,0.03799999877810478,0.8011999726295471,0.6014999747276306,0.9642999768257141,0.029400000348687172,0.7059999704360962,0.4212999939918518,-0.05779354543373749,0.6418326085297945,0.5189974822613888,0.8779659723811708,-0.1531624322880898,0.759708552681774,0.19855802243076148,6.632967032967031,11.037362637362634,5.736752136752138,5.1213675213675245,1.7948717948717956,-0.5445665445665444,2.1904761904761916,0.0
392358.346836522,1454,0.04,0.03799999877810478,0.8011999726295471,0.6014999747276306,0.9642999768257141,0.029400000348687172,0.7059999704360962,0.4212999939918518,-0.05779354543373749,0.6418326085297945,0.5189974822613888,0.8779659723811708,-0.1531624322880898,0.759708552681774,0.19855802243076148,6.632967032967031,11.037362637362634,5.736752136752138,5.135042735042738,1.7899877899877907,-0.5445665445665444,2.1904761904761916,0.0
392358.386932254,1455,0.04,0.03799999877810478,0.8011999726295471,0.6014999747276306,0.9642999768257141,0.029400000348687172,0.7059999704360962,0.4212999939918518,-0.05779354543373749,0.6418326085297945,0.5189974822613888,0.8779659723811708,-0.1531624322880898,0.759708552681774,0.19855802243076148,6.632967032967031,11.037362637362634,5.736752136752138,5.135042735042738,1.7948717948717956,-0.5445665445665444,2.185592185592185,0.0
392358.426845279,1456,0.04,0.03799999877810478,0.8011999726295471,0.6014999747276306,0.9642999768257141,0.029400000348687172,0.7059999704360962,0.4212999939918518,-0.05779354543373749,0.6418326085297945,0.5189974822613888,0.8779659723811708,-0.1531624322880898,0.759708552681774,0.19855802243076148,6.632967032967031,11.06373626373626,5.750427350427351,5.1213675213675245,1.7899877899877907,-0.5396825396825395,2.1904761904761916,0.0
392358.466826313,1457,0.04,0.03799999877810478,0.8011999726295471,0.6014999747276306,0.9642999768257141,0.029400000348687172,0.7059999704360962,0.4212999939918518,-0.05779354543373749,0.6418326085297945,0.5189974822613888,0.8779659723811708,-0.1531624322880898,0.759708552681774,0.19855802243076148,6.606593406593404,11.037362637362634,5.736752136752138,5.135042735042738,1.7948717948717956,-0.5445665445665444,2.1904761904761916,0.0
392358.506831297,1458,0.04,0.03799999877810478,0.8011999726295471,0.6014999747276306,0.9642999768257141,0.029400000348687172,0.7059999704360962,0.4212999939918518,-0.05779354543373749,0.6418326085297945,0.5189974822613888,0.8779659723811708,-0.1531624322880898,0.759708552681774,0.19855802243076148,6.632967032967031,11.06373626373626,5.736752136752138,5.135042735042738,1.7948717948717956,-0.5445665445665444,2.185592185592185,0.0
392358.546862013,1459,0.04,0.03799999877810478,0.8011999726295471,0.6014999747276306,0.9642999768257141,0.029400000348687172,0.7059999704360962,0.4212999939918518,-0.05779354543373749,0.6418326085297945,0.5189974822613888,0.8779659723811708,-0.1531624322880898,0.759708552681774,0.19855802243076148,6.632967032967031,11.037362637362634,5.750427350427351,5.148717948717952,1.7948717948717956,-0.5445665445665444,2.185592185592185,0.0
392358.586827636,1460,0.04,0.03799999877810478,0.8011999726295471,0.6014999747276306,0.9642999768257141,0.029400000348687172,0.7059999704360962,0.4212999939918518,-0.05779354543373749,0.6418326085297945,0.5189974822613888,0.8779659723811708,-0.1531624322880898,0.759708552681774,0.19855802243076148,6.632967032967031,11.06373626373626,5.736752136752138,5.1213675213675245,1.7899877899877907,-0.5445665445665444,2.1904761904761916,0.0
392358.626821509,1461,0.04,0.03799999877810478,0.8011999726295471,0.6014999747276306,0.9642999768257141,0.029400000348687172,0.7059999704360962,0.4212999939918518,-0.05779354543373749,0.6418326085297945,0.5189974822613888,0.8779659723811708,-0.1531624322880898,0.759708552681774,0.19855802243076148,6.632967032967031,11.037362637362634,5.764102564102565,5.135042735042738,1.7899877899877907,-0.5396825396825395,2.185592185592185,0.0
392358.666885124,1462,0.04,0.03799999877810478,0.8011999726295471,0.6014999747276306,0.9642999768257141,0.029400000348687172,0.7059999704360962,0.4212999939918518,-0.05779354543373749,0.6418326085297945,0.5189974822613888,0.8779659723811708,-0.1531624322880898,0.759708552681774,0.19855802243076148,6.632967032967031,11.06373626373626,5.736752136752138,5.148717948717952,1.7899877899877907,-0.5445665445665444,2.185592185592185,0.0
392358.706830779,1463,0.04,0.03799999877810478,0.8011999726295471,0.6014999747276306,0.9642999768257141,0.029400000348687172,0.7059999704360962,0.4212999939918518,-0.05779354543373749,0.6418326085297945,0.5189974822613888,0.8779659723811708,-0.1531624322880898,0.759708552681774,0.19855802243076148,6.632967032967031,11.037362637362634,5.736752136752138,5.1213675213675245,1.7899877899877907,-0.5445665445665444,2.1904761904761916,0.0
392358.746786342,1464,0.04,0.03799999877810478,0.8011999726295471,0.6014999747276306,0.9642999768257141,0.029400000348687172,0.7059999704360962,0.4212999939918518,-0.05779354543373749,0.6418326085297945,0.5189974822613888,0.8779659723811708,-0.1531624322880898,0.759708552681774,0.19855802243076148,6.632967032967031,11.06373626373626,5.723076923076924,5.135042735042738,1.7948717948717956,-0.5445665445665444,2.185592185592185,0.0
392358.786802849,1465,0.04,0.03799999877810478,0.8011999726295471,0.6014999747276306,0.9642999768257141,0.029400000348687172,0.7059999704360962,0.4212999939918518,-0.05779354543373749,0.6418326085297945,0.5189974822613888,0.8779659723811708,-0.1531624322880898,0.759708552681774,0.19855802243076148,6.632967032967031,11.06373626373626,5.750427350427351,5.135042735042738,1.7948717948717956,-0.5445665445665444,2.1904761904761916,0.0
392358.826820124,1466,0.04,0.03799999877810478,0.8011999726295471,0.6014999747276306,0.9642999768257141,0.029400000348687172,0.7059999704360962,0.4212999939918518,-0.05779354543373749,0.6418326085297945,0.5189974822613888,0.8779659723811708,-0.1531624322880898,0.759708552681774,0.19855802243076148,6.606593406593404,11.06373626373626,5.736752136752138,5.135042735042738,1.7948717948717956,-0.5445665445665444,2.1904761904761916,0.0
392358.866779774,1467,0.04,0.03799999877810478,0.8011999726295471,0.6014999747276306,0.9642999768257141,0.029400000348687172,0.7059999704360962,0.4212999939918518,-0.05779354543373749,0.6418326085297945,0.5189974822613888,0.8779659723811708,-0.1531624322880898,0.759708552681774,0.19855802243076148,6.632967032967031,11.037362637362634,5.736752136752138,5.135042735042738,1.7899877899877907,-0.5445665445665444,2.185592185592185,0.0
392358.906835398,1468,0.04,0.03799999877810478,0.8011999726295471,0.6014999747276306,0.9642999768257141,0.029400000348687172,0.7059999704360962,0.4212999939918518,-0.05779354543373749,0.6418326085297945,0.5189974822613888,0.8779659723811708,-0.1531624322880898,0.759708552681774,0.19855802243076148,6.606593406593404,11.06373626373626,5.723076923076924,5.107692307692311,1.7899877899877907,-0.5445665445665444,2.185592185592185,0.0
392358.946827256,1469,0.04,0.03799999877810478,0.8011999726295471,0.6014999747276306,0.9642999768257141,0.029400000348687172,0.7059999704360962,0.4212999939918518,-0.05779354543373749,0.6418326085297945,0.5189974822613888,0.8779659723811708,-0.1531624322880898,0.759708552681774,0.19855802243076148,6.632967032967031,11.06373626373626,5.750427350427351,5.1213675213675245,1.7899877899877907,-0.5445665445665444,2.185592185592185,0.0
392358.986838002,1470,0.04,0.03799999877810478,0.8011999726295471,0.6014999747276306,0.9642999768257141,0.029400000348687172,0.7059999704360962,0.4212999939918518,-0.05779354543373749,0.6418326085297945,0.5189974822613888,0.8779659723811708,-0.1531624322880898,0.759708552681774,0.19855802243076148,6.632967032967031,11.037362637362634,5.750427350427351,5.135042735042738,1.7899877899877907,-0.5445665445665444,2.185592185592185,0.0
392359.026848384,1471,0.04,0.03799999877810478,0.8011999726295471,0.6014999747276306,0.9642999768257141,0.029400000348687172,0.7059999704360962,0.4212999939918518,-0.05779354543373749,0.6418326085297945,0.5189974822613888,0.8779659723811708,-0.1531624322880898,0.759708552681774,0.19855802243076148,6.632967032967031,11.06373626373626,5.723076923076924,5.1213675213675245,1.7899877899877907,-0.5445665445665444,2.185592185592185,0.0
392359.066833255,1472,0.04,0.03799999877810478,0.8011999726295471,0.6014999747276306,0.9642999768257141,0.029400000348687172,0.7059999704360962,0.4212999939918518,-0.05779354543373749,0.6418326085297945,0.5189974822613888,0.8779659723811708,-0.1531624322880898,0.759708552681774,0.19855802243076148,6.606593406593404,11.06373626373626,5.750427350427351,5.135042735042738,1.7948717948717956,-0.5445665445665444,2.185592185592185,0.0
392359.106912567,1473,0.04,0.03799999877810478,0.8011999726295471,0.6014999747276306,0.9642999768257141,0.029400000348687172,0.7059999704360962,0.4212999939918518,-0.05779354543373749,0.6418326085297945,0.5189974822613888,0.8779659723811708,-0.1531624322880898,0.759708552681774,0.19855802243076148,6.632967032967031,11.06373626373626,5.736752136752138,5.135042735042738,1.7948717948717956,-0.5445665445665444,2.18070818070818,0.0
