t_send,step_idx,publish_dt,cmd_r_aj_1,cmd_r_aj_2,cmd_r_aj_3,cmd_r_aj_4,cmd_r_aj_5,cmd_r_aj_6,cmd_r_aj_7,meas_r_aj_1,meas_r_aj_2,meas_r_aj_3,meas_r_aj_4,meas_r_aj_5,meas_r_aj_6,meas_r_aj_7,eff_r_aj_1,eff_r_aj_2,eff_r_aj_3,eff_r_aj_4,eff_r_aj_5,eff_r_aj_6,eff_r_aj_7,cmd_gripper
588666.995252065,-1,0.08,0.04940108339055449,0.38471808957045717,0.5960555428397054,0.9489204242008089,0.009346150911726525,0.6925688563363099,0.4285877775234628,0.04940108339055449,0.38471808957045717,0.5960555428397054,0.9489204242008089,0.009346150911726525,0.6925688563363099,0.4285877775234628,7.608791208791203,9.349450549450552,3.1794871794871824,9.606837606837601,2.317460317460318,0.1538461538461533,3.2063492063492056,0.0
588667.076069141,-1,0.08,0.045600721853071256,0.3902120585374398,0.5978703534690138,0.954046941742444,0.016030767390713407,0.697045894369572,0.4261585163462591,0.0497825589379719,0.38395513847562235,0.5960555428397054,0.9489204242008089,0.009346150911726525,0.6921873807888925,0.4285877775234628,8.373626373626365,8.294505494505486,2.8102564102564145,8.717948717948715,2.1221001221001217,0.04151404151404137,3.2844932844932835,0.0
588667.155243761,-1,0.08,0.041800360315588016,0.3957060275044224,0.5996851640983222,0.959173459284079,0.02271538386970029,0.7015229324028341,0.42372925516905546,0.0497825589379719,0.38357366292820494,0.5960555428397054,0.9489204242008089,0.009346150911726525,0.6921873807888925,0.4285877775234628,8.136263736263729,8.637362637362642,2.8923076923076962,9.018803418803415,2.18070818070818,0.0659340659340657,3.2551892551892543,0.0
588667.235249051,-1,0.08,0.03799999877810478,0.40119999647140503,0.6014999747276306,0.9642999768257141,0.029400000348687172,0.7059999704360962,0.4212999939918518,0.0497825589379719,0.38395513847562235,0.5960555428397054,0.9489204242008089,0.009346150911726525,0.6921873807888925,0.4285877775234628,7.84615384615384,8.980219780219784,3.015384615384619,9.319658119658115,2.24908424908425,0.11477411477411437,3.23076923076923,0.0
588667.315242387,0,0.08,0.03799999877810478,0.40119999647140503,0.6014999747276306,0.9642999768257141,0.029400000348687172,0.7059999704360962,0.4212999939918518,0.0497825589379719,0.38471808957045717,0.5960555428397054,0.9489204242008089,0.009346150911726525,0.6921873807888925,0.4285877775234628,7.582417582417577,9.323076923076925,3.1658119658119688,9.620512820512815,2.3125763125763132,0.15873015873015817,3.2063492063492056,0.0
588667.395248544,1,0.08,0.03799999877810478,0.40119999647140503,0.6014999747276306,0.9642999768257141,0.029400000348687172,0.7059999704360962,0.4212999939918518,0.0497825589379719,0.38471808957045717,0.5960555428397054,0.9489204242008089,0.009346150911726525,0.6921873807888925,0.4285877775234628,7.582417582417577,9.375824175824178,3.1658119658119688,9.620512820512815,2.3125763125763132,0.15873015873015817,3.2063492063492056,0.0
588667.475249349,2,0.08,0.03799999877810478,0.40119999647140503,0.6014999747276306,0.9642999768257141,0.029400000348687172,0.7059999704360962,0.4212999939918518,0.0497825589379719,0.38471808957045717,0.5960555428397054,0.9489204242008089,0.009346150911726525,0.6921873807888925,0.4285877775234628,7.582417582417577,9.375824175824178,3.1794871794871824,9.634188034188035,2.3125763125763132,0.15873015873015817,3.2063492063492056,0.0
588667.555244331,3,0.08,0.03799999877810478,0.40119999647140503,0.6014999747276306,0.9642999768257141,0.029400000348687172,0.7059999704360962,0.4212999939918518,0.0497825589379719,0.38471808957045717,0.5960555428397054,0.9489204242008089,0.009346150911726525,0.6921873807888925,0.4285877775234628,7.582417582417577,9.375824175824178,3.1794871794871824,9.634188034188035,2.3125763125763132,0.15873015873015817,3.2063492063492056,0.0
588667.635244361,4,0.08,0.03799999877810478,0.40119999647140503,0.6014999747276306,0.9642999768257141,0.029400000348687172,0.7059999704360962,0.4212999939918518,0.0497825589379719,0.38471808957045717,0.5960555428397054,0.9489204242008089,0.009346150911726525,0.6921873807888925,0.4285877775234628,7.582417582417577,9.375824175824178,3.1794871794871824,9.634188034188035,2.3125763125763132,0.1538461538461533,3.2014652014652007,0.0
588667.715254594,5,0.08,0.03799999877810478,0.40119999647140503,0.6014999747276306,0.9642999768257141,0.029400000348687172,0.7059999704360962,0.4212999939918518,0.0497825589379719,0.38471808957045717,0.5960555428397054,0.9489204242008089,0.009346150911726525,0.6925688563363099,0.4285877775234628,7.582417582417577,9.349450549450552,3.152136752136755,9.634188034188035,2.3125763125763132,0.15873015873015817,3.2112332112332105,0.0
588667.795240757,6,0.08,0.03799999877810478,0.40119999647140503,0.6014999747276306,0.9642999768257141,0.029400000348687172,0.7059999704360962,0.4212999939918518,0.0497825589379719,0.38471808957045717,0.5960555428397054,0.9489204242008089,0.009346150911726525,0.6925688563363099,0.4285877775234628,7.582417582417577,9.375824175824178,3.1794871794871824,9.634188034188035,2.317460317460318,0.1538461538461533,3.2112332112332105,0.0
588667.875246334,7,0.08,0.03799999877810478,0.40119999647140503,0.6014999747276306,0.9642999768257141,0.029400000348687172,0.7059999704360962,0.4212999939918518,0.0497825589379719,0.38471808957045717,0.5960555428397054,0.9489204242008089,0.009346150911726525,0.6925688563363099,0.4285877775234628,7.582417582417577,9.349450549450552,3.1658119658119688,9.634188034188035,2.317460317460318,0.1538461538461533,3.2063492063492056,0.0
588667.955238794,8,0.08,0.03799999877810478,0.40119999647140503,0.6014999747276306,0.9642999768257141,0.029400000348687172,0.7059999704360962,0.4212999939918518,0.0497825589379719,0.38471808957045717,0.5960555428397054,0.9489204242008089,0.009346150911726525,0.6925688563363099,0.4285877775234628,7.582417582417577,9.349450549450552,3.1794871794871824,9.620512820512815,2.3125763125763132,0.15873015873015817,3.2112332112332105,0.0
588668.0352467,9,0.08,0.03799999877810478,0.40119999647140503,0.6014999747276306,0.9642999768257141,0.029400000348687172,0.7059999704360962,0.4212999939918518,0.0497825589379719,0.38471808957045717,0.5960555428397054,0.9489204242008089,0.009346150911726525,0.6925688563363099,0.4285877775234628,7.582417582417577,9.375824175824178,3.1794871794871824,9.620512820512815,2.317460317460318,0.15873015873015817,3.2063492063492056,0.0
588668.115333592,10,0.08,0.03799999877810478,0.40119999647140503,0.6014999747276306,0.9642999768257141,0.029400000348687172,0.7059999704360962,0.4212999939918518,0.0497825589379719,0.38471808957045717,0.5960555428397054,0.9489204242008089,0.009346150911726525,0.6925688563363099,0.4285877775234628,7.582417582417577,9.375824175824178,3.152136752136755,9.634188034188035,2.317460317460318,0.15873015873015817,3.2063492063492056,0.0
588668.195249685,11,0.08,0.03799999877810478,0.40119999647140503,0.6014999747276306,0.9642999768257141,0.029400000348687172,0.7059999704360962,0.4212999939918518,0.0497825589379719,0.38471808957045717,0.5960555428397054,0.9489204242008089,0.009346150911726525,0.6925688563363099,0.4285877775234628,7.582417582417577,9.375824175824178,3.1794871794871824,9.620512820512815,2.317460317460318,0.15873015873015817,3.2063492063492056,0.0
588668.275240345,12,0.08,0.03799999877810478,0.40119999647140503,0.6014999747276306,0.9642999768257141,0.029400000348687172,0.7059999704360962,0.4212999939918518,0.0497825589379719,0.38471808957045717,0.5960555428397054,0.9489204242008089,0.009346150911726525,0.6925688563363099,0.4285877775234628,7.582417582417577,9.349450549450552,3.1658119658119688,9.634188034188035,2.3125763125763132,0.15873015873015817,3.2063492063492056,0.0
588668.355240604,13,0.08,0.03799999877810478,0.40119999647140503,0.6014999747276306,0.9642999768257141,0.029400000348687172,0.7059999704360962,0.4212999939918518,0.0497825589379719,0.38471808957045717,0.5960555428397054,0.9489204242008089,0.009346150911726525,0.6925688563363099,0.4285877775234628,7.582417582417577,9.349450549450552,3.1794871794871824,9.634188034188035,2.317460317460318,0.1538461538461533,3.2063492063492056,0.0
588668.435244656,14,0.08,0.03799999877810478,0.40119999647140503,0.6014999747276306,0.9642999768257141,0.029400000348687172,0.7059999704360962,0.4212999939918518,0.0497825589379719,0.38471808957045717,0.5960555428397054,0.9489204242008089,0.009346150911726525,0.6925688563363099,0.4285877775234628,7.582417582417577,9.349450549450552,3.1658119658119688,9.634188034188035,2.317460317460318,0.1538461538461533,3.2112332112332105,0.0
588668.51524186,15,0.08,0.03799999877810478,0.40119999647140503,0.6014999747276306,0.9642999768257141,0.029400000348687172,0.7059999704360962,0.4212999939918518,0.0497825589379719,0.38471808957045717,0.5960555428397054,0.9489204242008089,0.009346150911726525,0.6925688563363099,0.4285877775234628,7.582417582417577,9.349450549450552,3.1794871794871824,9.634188034188035,2.3125763125763132,0.15873015873015817,3.2063492063492056,0.0
588668.595246012,16,0.08,0.03799999877810478,0.40119999647140503,0.6014999747276306,0.9642999768257141,0.029400000348687172,0.7059999704360962,0.4212999939918518,0.0497825589379719,0.38471808957045717,0.5960555428397054,0.9489204242008089,0.009346150911726525,0.6925688563363099,0.4285877775234628,7.582417582417577,9.375824175824178,3.1658119658119688,9.620512820512815,2.317460317460318,0.15873015873015817,3.2063492063492056,0.0
588668.675244806,17,0.08,0.03799999877810478,0.40119999647140503,0.6014999747276306,0.9642999768257141,0.029400000348687172,0.7059999704360962,0.4212999939918518,0.0497825589379719,0.38471808957045717,0.5960555428397054,0.9489204242008089,0.009346150911726525,0.6925688563363099,0.4285877775234628,7.582417582417577,9.375824175824178,3.1658119658119688,9.620512820512815,2.317460317460318,0.1538461538461533,3.2063492063492056,0.0
588668.755241843,18,0.08,0.03799999877810478,0.40119999647140503,0.6014999747276306,0.9642999768257141,0.029400000348687172,0.7059999704360962,0.4212999939918518,0.0497825589379719,0.38471808957045717,0.5960555428397054,0.9489204242008089,0.009346150911726525,0.6925688563363099,0.4285877775234628,7.582417582417577,9.349450549450552,3.1658119658119688,9.64786324786325,2.317460317460318,0.15873015873015817,3.2063492063492056,0.0
588668.835244443,19,0.08,0.03799999877810478,0.40119999647140503,0.6014999747276306,0.9642999768257141,0.029400000348687172,0.7059999704360962,0.4212999939918518,0.0497825589379719,0.38471808957045717,0.5960555428397054,0.9489204242008089,0.009346150911726525,0.6925688563363099,0.4285877775234628,7.582417582417577,9.375824175824178,3.1794871794871824,9.634188034188035,2.317460317460318,0.15873015873015817,3.2063492063492056,0.0
588668.915246707,20,0.08,0.03799999877810478,0.40119999647140503,0.6014999747276306,0.9642999768257141,0.029400000348687172,0.7059999704360962,0.4212999939918518,0.0497825589379719,0.38471808957045717,0.5960555428397054,0.9489204242008089,0.009346150911726525,0.6925688563363099,0.4285877775234628,7.582417582417577,9.375824175824178,3.1794871794871824,9.634188034188035,2.317460317460318,0.1538461538461533,3.2112332112332105,0.0
588668.995246427,21,0.08,0.03799999877810478,0.40119999647140503,0.6014999747276306,0.9642999768257141,0.029400000348687172,0.7059999704360962,0.4212999939918518,0.0497825589379719,0.38471808957045717,0.5960555428397054,0.9489204242008089,0.009346150911726525,0.6925688563363099,0.4285877775234628,7.5560439560439505,9.349450549450552,3.1794871794871824,9.634188034188035,2.317460317460318,0.1538461538461533,3.2063492063492056,0.0
588669.075244485,22,0.08,0.03799999877810478,0.40119999647140503,0.6014999747276306,0.9642999768257141,0.029400000348687172,0.7059999704360962,0.4212999939918518,0.0497825589379719,0.38471808957045717,0.5960555428397054,0.9489204242008089,0.009346150911726525,0.6925688563363099,0.4285877775234628,7.582417582417577,9.349450549450552,3.1794871794871824,9.620512820512815,2.317460317460318,0.15873015873015817,3.2063492063492056,0.0
588669.15524827,23,0.08,0.03799999877810478,0.40119999647140503,0.6014999747276306,0.9642999768257141,0.029400000348687172,0.7059999704360962,0.4212999939918518,0.0497825589379719,0.38471808957045717,0.5960555428397054,0.9489204242008089,0.009346150911726525,0.6925688563363099,0.4285877775234628,7.582417582417577,9.375824175824178,3.1658119658119688,9.64786324786325,2.3125763125763132,0.15873015873015817,3.2112332112332105,0.0
588669.235240973,24,0.08,0.03799999877810478,0.40119999647140503,0.6014999747276306,0.9642999768257141,0.029400000348687172,0.7059999704360962,0.4212999939918518,0.0497825589379719,0.38471808957045717,0.5960555428397054,0.9489204242008089,0.009346150911726525,0.6925688563363099,0.4285877775234628,7.582417582417577,9.375824175824178,3.1658119658119688,9.620512820512815,2.317460317460318,0.1538461538461533,3.2063492063492056,0.0
588669.315242164,25,0.08,0.03799999877810478,0.40119999647140503,0.6014999747276306,0.9642999768257141,0.029400000348687172,0.7059999704360962,0.4212999939918518,0.0497825589379719,0.38471808957045717,0.5960555428397054,0.9489204242008089,0.009346150911726525,0.6925688563363099,0.4285877775234628,7.582417582417577,9.375824175824178,3.1794871794871824,9.620512820512815,2.317460317460318,0.15873015873015817,3.2014652014652007,0.0
588669.395249884,26,0.08,0.03799999877810478,0.40119999647140503,0.6014999747276306,0.9642999768257141,0.029400000348687172,0.7059999704360962,0.4212999939918518,0.0497825589379719,0.38471808957045717,0.5960555428397054,0.9489204242008089,0.009346150911726525,0.6925688563363099,0.4285877775234628,7.582417582417577,9.349450549450552,3.1794871794871824,9.64786324786325,2.317460317460318,0.1538461538461533,3.2063492063492056,0.0
588669.475244288,27,0.08,0.03799999877810478,0.40119999647140503,0.6014999747276306,0.9642999768257141,0.029400000348687172,0.7059999704360962,0.4212999939918518,0.0497825589379719,0.38471808957045717,0.5960555428397054,0.9489204242008089,0.009346150911726525,0.6925688563363099,0.4285877775234628,7.582417582417577,9.349450549450552,3.1794871794871824,9.620512820512815,2.317460317460318,0.15873015873015817,3.2112332112332105,0.0
588669.555246337,28,0.08,0.03799999877810478,0.40119999647140503,0.6014999747276306,0.9642999768257141,0.029400000348687172,0.7059999704360962,0.4212999939918518,0.0497825589379719,0.38471808957045717,0.5960555428397054,0.9489204242008089,0.009346150911726525,0.6925688563363099,0.4285877775234628,7.582417582417577,9.375824175824178,3.1658119658119688,9.634188034188035,2.317460317460318,0.15873015873015817,3.2063492063492056,0.0
588669.635245313,29,0.08,0.03799999877810478,0.40119999647140503,0.6014999747276306,0.9642999768257141,0.029400000348687172,0.7059999704360962,0.4212999939918518,0.0497825589379719,0.38471808957045717,0.5960555428397054,0.9489204242008089,0.009346150911726525,0.6925688563363099,0.4285877775234628,7.582417582417577,9.375824175824178,3.1658119658119688,9.64786324786325,2.317460317460318,0.15873015873015817,3.2112332112332105,0.0
588669.715249257,30,0.08,0.03799999877810478,0.40119999647140503,0.6014999747276306,0.9642999768257141,0.029400000348687172,0.7059999704360962,0.4212999939918518,0.0497825589379719,0.38471808957045717,0.5960555428397054,0.9489204242008089,0.009346150911726525,0.6925688563363099,0.4285877775234628,7.582417582417577,9.349450549450552,3.1658119658119688,9.620512820512815,2.317460317460318,0.15873015873015817,3.2063492063492056,0.0
588669.795245205,31,0.08,0.03799999877810478,0.40119999647140503,0.6014999747276306,0.9642999768257141,0.029400000348687172,0.7059999704360962,0.4212999939918518,0.0497825589379719,0.38471808957045717,0.5960555428397054,0.9489204242008089,0.009346150911726525,0.6925688563363099,0.4285877775234628,7.582417582417577,9.349450549450552,3.1658119658119688,9.620512820512815,2.317460317460318,0.1538461538461533,3.2112332112332105,0.0
588669.875241201,32,0.08,0.03799999877810478,0.40119999647140503,0.6014999747276306,0.9642999768257141,0.029400000348687172,0.7059999704360962,0.4212999939918518,0.0497825589379719,0.38471808957045717,0.5960555428397054,0.9489204242008089,0.009346150911726525,0.6925688563363099,0.4285877775234628,7.582417582417577,9.375824175824178,3.1794871794871824,9.64786324786325,2.317460317460318,0.15873015873015817,3.2063492063492056,0.0
588669.955245732,33,0.08,0.03799999877810478,0.40119999647140503,0.6014999747276306,0.9642999768257141,0.029400000348687172,0.7059999704360962,0.4212999939918518,0.0497825589379719,0.38471808957045717,0.5960555428397054,0.9489204242008089,0.009346150911726525,0.6925688563363099,0.4285877775234628,7.582417582417577,9.375824175824178,3.1794871794871824,9.634188034188035,2.317460317460318,0.1538461538461533,3.2063492063492056,0.0
588670.035244785,34,0.08,0.03799999877810478,0.40119999647140503,0.6014999747276306,0.9642999768257141,0.029400000348687172,0.7059999704360962,0.4212999939918518,0.0497825589379719,0.38471808957045717,0.5960555428397054,0.9489204242008089,0.009346150911726525,0.6925688563363099,0.4285877775234628,7.582417582417577,9.375824175824178,3.1658119658119688,9.634188034188035,2.3125763125763132,0.1538461538461533,3.2063492063492056,0.0
588670.115250039,35,0.08,0.03799999877810478,0.40119999647140503,0.6014999747276306,0.9642999768257141,0.029400000348687172,0.7059999704360962,0.4212999939918518,0.0497825589379719,0.38471808957045717,0.5960555428397054,0.9489204242008089,0.009346150911726525,0.6925688563363099,0.4285877775234628,7.582417582417577,9.349450549450552,3.1794871794871824,9.634188034188035,2.317460317460318,0.14896214896214843,3.2063492063492056,0.0
588670.195245812,36,0.08,0.03799999877810478,0.40119999647140503,0.6014999747276306,0.9642999768257141,0.029400000348687172,0.7059999704360962,0.4212999939918518,0.0497825589379719,0.38471808957045717,0.5960555428397054,0.9489204242008089,0.009346150911726525,0.6925688563363099,0.4285877775234628,7.582417582417577,9.375824175824178,3.1658119658119688,9.64786324786325,2.317460317460318,0.1538461538461533,3.2112332112332105,0.0
588670.275240842,37,0.08,0.03799999877810478,0.40119999647140503,0.6014999747276306,0.9642999768257141,0.029400000348687172,0.7059999704360962,0.4212999939918518,0.0497825589379719,0.38471808957045717,0.5960555428397054,0.9489204242008089,0.009346150911726525,0.6925688563363099,0.4285877775234628,7.582417582417577,9.375824175824178,3.1794871794871824,9.606837606837601,2.317460317460318,0.1538461538461533,3.2014652014652007,0.0
588670.355240743,38,0.08,0.03799999877810478,0.40119999647140503,0.6014999747276306,0.9642999768257141,0.029400000348687172,0.7059999704360962,0.4212999939918518,0.0497825589379719,0.38471808957045717,0.5960555428397054,0.9489204242008089,0.009346150911726525,0.6925688563363099,0.4285877775234628,7.582417582417577,9.375824175824178,3.1658119658119688,9.620512820512815,2.3125763125763132,0.15873015873015817,3.2112332112332105,0.0
588670.435256985,39,0.08,0.03799999877810478,0.40119999647140503,0.6014999747276306,0.9642999768257141,0.029400000348687172,0.7059999704360962,0.4212999939918518,0.0497825589379719,0.38471808957045717,0.5960555428397054,0.9489204242008089,0.009346150911726525,0.6925688563363099,0.4285877775234628,7.582417582417577,9.349450549450552,3.1794871794871824,9.64786324786325,2.317460317460318,0.1538461538461533,3.2063492063492056,0.0
588670.515241727,40,0.08,0.03799999877810478,0.40119999647140503,0.6014999747276306,0.9642999768257141,0.029400000348687172,0.7059999704360962,0.4212999939918518,0.0497825589379719,0.38471808957045717,0.5960555428397054,0.9489204242008089,0.009346150911726525,0.6925688563363099,0.4285877775234628,7.582417582417577,9.375824175824178,3.1658119658119688,9.634188034188035,2.317460317460318,0.1538461538461533,3.2063492063492056,0.0
588670.59527286,41,0.08,0.03799999877810478,0.40119999647140503,0.6014999747276306,0.9642999768257141,0.029400000348687172,0.7059999704360962,0.4212999939918518,0.0497825589379719,0.38471808957045717,0.5960555428397054,0.9489204242008089,0.009346150911726525,0.6925688563363099,0.4285877775234628,7.582417582417577,9.349450549450552,3.1658119658119688,9.620512820512815,2.317460317460318,0.15873015873015817,3.2063492063492056,0.0
588670.675246215,42,0.08,0.03799999877810478,0.40119999647140503,0.6014999747276306,0.9642999768257141,0.029400000348687172,0.7059999704360962,0.4212999939918518,0.0497825589379719,0.38471808957045717,0.5960555428397054,0.9489204242008089,0.009346150911726525,0.6925688563363099,0.4285877775234628,7.582417582417577,9.375824175824178,3.1794871794871824,9.64786324786325,2.317460317460318,0.15873015873015817,3.2112332112332105,0.0
588670.755240206,43,0.08,0.03799999877810478,0.40119999647140503,0.6014999747276306,0.9642999768257141,0.029400000348687172,0.7059999704360962,0.4212999939918518,0.0497825589379719,0.38471808957045717,0.5960555428397054,0.9489204242008089,0.009346150911726525,0.6925688563363099,0.4285877775234628,7.582417582417577,9.349450549450552,3.1794871794871824,9.634188034188035,2.317460317460318,0.1538461538461533,3.2063492063492056,0.0
588670.835244873,44,0.08,0.03799999877810478,0.40119999647140503,0.6014999747276306,0.9642999768257141,0.029400000348687172,0.7059999704360962,0.4212999939918518,0.0497825589379719,0.38471808957045717,0.5960555428397054,0.9489204242008089,0.009346150911726525,0.6925688563363099,0.4285877775234628,7.582417582417577,9.349450549450552,3.1658119658119688,9.634188034188035,2.3125763125763132,0.1538461538461533,3.2063492063492056,0.0
588670.915240187,45,0.08,0.03799999877810478,0.40119999647140503,0.6014999747276306,0.9642999768257141,0.029400000348687172,0.7059999704360962,0.4212999939918518,0.0497825589379719,0.38471808957045717,0.5960555428397054,0.9489204242008089,0.009346150911726525,0.6925688563363099,0.4285877775234628,7.582417582417577,9.349450549450552,3.1658119658119688,9.64786324786325,2.317460317460318,0.1538461538461533,3.2063492063492056,0.0
588670.995209057,46,0.08,0.03799999877810478,0.40119999647140503,0.6014999747276306,0.9642999768257141,0.029400000348687172,0.7059999704360962,0.4212999939918518,0.0497825589379719,0.38471808957045717,0.5960555428397054,0.9489204242008089,0.009346150911726525,0.6925688563363099,0.4285877775234628,7.582417582417577,9.375824175824178,3.1658119658119688,9.620512820512815,2.317460317460318,0.1538461538461533,3.2063492063492056,0.0
588671.07524736,47,0.08,0.03799999877810478,0.40119999647140503,0.6014999747276306,0.9642999768257141,0.029400000348687172,0.7059999704360962,0.4212999939918518,0.0497825589379719,0.38471808957045717,0.5960555428397054,0.9489204242008089,0.009346150911726525,0.6925688563363099,0.4285877775234628,7.582417582417577,9.349450549450552,3.1794871794871824,9.634188034188035,2.317460317460318,0.1538461538461533,3.2063492063492056,0.0
588671.155239788,48,0.08,0.03799999877810478,0.40119999647140503,0.6014999747276306,0.9642999768257141,0.029400000348687172,0.7059999704360962,0.4212999939918518,0.0497825589379719,0.38471808957045717,0.5960555428397054,0.9489204242008089,0.009346150911726525,0.6925688563363099,0.4285877775234628,7.582417582417577,9.375824175824178,3.152136752136755,9.634188034188035,2.3125763125763132,0.1538461538461533,3.2063492063492056,0.0
588671.235245632,49,0.08,0.03799999877810478,0.40119999647140503,0.6014999747276306,0.9642999768257141,0.029400000348687172,0.7059999704360962,0.4212999939918518,0.0497825589379719,0.38471808957045717,0.5960555428397054,0.9489204242008089,0.009346150911726525,0.6925688563363099,0.4285877775234628,7.582417582417577,9.349450549450552,3.1794871794871824,9.634188034188035,2.3125763125763132,0.1538461538461533,3.2063492063492056,0.0
588671.315252902,50,0.08,0.03799999877810478,0.40119999647140503,0.6014999747276306,0.9642999768257141,0.029400000348687172,0.7059999704360962,0.4212999939918518,0.0497825589379719,0.38471808957045717,0.5960555428397054,0.9489204242008089,0.009346150911726525,0.6925688563363099,0.4285877775234628,7.582417582417577,9.375824175824178,3.1658119658119688,9.620512820512815,2.317460317460318,0.14896214896214843,3.2063492063492056,0.0
588671.395241475,51,0.08,0.03799999877810478,0.40119999647140503,0.6014999747276306,0.9642999768257141,0.029400000348687172,0.7059999704360962,0.4212999939918518,0.0497825589379719,0.38471808957045717,0.5960555428397054,0.9489204242008089,0.009346150911726525,0.6925688563363099,0.4285877775234628,7.582417582417577,9.349450549450552,3.1658119658119688,9.620512820512815,2.317460317460318,0.1538461538461533,3.2063492063492056,0.0
588671.47524849,52,0.08,0.03799999877810478,0.40119999647140503,0.6014999747276306,0.9642999768257141,0.029400000348687172,0.7059999704360962,0.4212999939918518,0.0497825589379719,0.38471808957045717,0.5960555428397054,0.9489204242008089,0.009346150911726525,0.6925688563363099,0.4285877775234628,7.582417582417577,9.375824175824178,3.1658119658119688,9.634188034188035,2.317460317460318,0.1538461538461533,3.2112332112332105,0.0
588671.555244874,53,0.08,0.03799999877810478,0.40119999647140503,0.6014999747276306,0.9642999768257141,0.029400000348687172,0.7059999704360962,0.4212999939918518,0.0497825589379719,0.38471808957045717,0.5960555428397054,0.9489204242008089,0.009346150911726525,0.6925688563363099,0.4285877775234628,7.582417582417577,9.375824175824178,3.1658119658119688,9.634188034188035,2.317460317460318,0.1538461538461533,3.2063492063492056,0.0
588671.635246351,54,0.08,0.03799999877810478,0.40119999647140503,0.6014999747276306,0.9642999768257141,0.029400000348687172,0.7059999704360962,0.4212999939918518,0.0497825589379719,0.38471808957045717,0.5960555428397054,0.9489204242008089,0.009346150911726525,0.6925688563363099,0.4285877775234628,7.582417582417577,9.349450549450552,3.1658119658119688,9.64786324786325,2.317460317460318,0.1538461538461533,3.2063492063492056,0.0
588671.715242917,55,0.08,0.03799999877810478,0.40119999647140503,0.6014999747276306,0.9642999768257141,0.029400000348687172,0.7059999704360962,0.4212999939918518,0.0497825589379719,0.38471808957045717,0.5960555428397054,0.9489204242008089,0.009346150911726525,0.6925688563363099,0.4285877775234628,7.582417582417577,9.375824175824178,3.1658119658119688,9.634188034188035,2.317460317460318,0.14896214896214843,3.2063492063492056,0.0
588671.795249491,56,0.08,0.03799999877810478,0.40119999647140503,0.6014999747276306,0.9642999768257141,0.029400000348687172,0.7059999704360962,0.4212999939918518,0.0497825589379719,0.38471808957045717,0.5960555428397054,0.9489204242008089,0.009346150911726525,0.6925688563363099,0.4285877775234628,7.582417582417577,9.375824175824178,3.1794871794871824,9.634188034188035,2.317460317460318,0.1538461538461533,3.2063492063492056,0.0
588671.875249192,57,0.08,0.03799999877810478,0.40119999647140503,0.6014999747276306,0.9642999768257141,0.029400000348687172,0.7059999704360962,0.4212999939918518,0.0497825589379719,0.38471808957045717,0.5960555428397054,0.9489204242008089,0.009346150911726525,0.6925688563363099,0.4285877775234628,7.582417582417577,9.375824175824178,3.1658119658119688,9.634188034188035,2.317460317460318,0.1538461538461533,3.2112332112332105,0.0
588671.955259997,58,0.08,0.03799999877810478,0.40119999647140503,0.6014999747276306,0.9642999768257141,0.029400000348687172,0.7059999704360962,0.4212999939918518,0.0497825589379719,0.38471808957045717,0.5960555428397054,0.9489204242008089,0.009346150911726525,0.6925688563363099,0.4285877775234628,7.582417582417577,9.375824175824178,3.1658119658119688,9.634188034188035,2.317460317460318,0.1538461538461533,3.2063492063492056,0.0
588672.035219299,59,0.08,0.03799999877810478,0.40119999647140503,0.6014999747276306,0.9642999768257141,0.029400000348687172,0.7059999704360962,0.4212999939918518,0.0497825589379719,0.38471808957045717,0.5960555428397054,0.9489204242008089,0.009346150911726525,0.6925688563363099,0.4285877775234628,7.582417582417577,9.349450549450552,3.1794871794871824,9.620512820512815,2.317460317460318,0.14896214896214843,3.2112332112332105,0.0
588672.115255943,60,0.08,0.03799999877810478,0.40119999647140503,0.6014999747276306,0.9642999768257141,0.029400000348687172,0.7059999704360962,0.4212999939918518,0.0497825589379719,0.38471808957045717,0.5960555428397054,0.9489204242008089,0.009346150911726525,0.6925688563363099,0.4285877775234628,7.582417582417577,9.375824175824178,3.152136752136755,9.634188034188035,2.317460317460318,0.1538461538461533,3.2112332112332105,0.0
588672.195251937,61,0.08,0.03799999877810478,0.40119999647140503,0.6014999747276306,0.9642999768257141,0.029400000348687172,0.7059999704360962,0.4212999939918518,0.0497825589379719,0.38471808957045717,0.5960555428397054,0.9489204242008089,0.009346150911726525,0.6925688563363099,0.4285877775234628,7.582417582417577,9.349450549450552,3.1658119658119688,9.634188034188035,2.317460317460318,0.1538461538461533,3.2063492063492056,0.0
588672.275244037,62,0.08,0.03799999877810478,0.40119999647140503,0.6014999747276306,0.9642999768257141,0.029400000348687172,0.7059999704360962,0.4212999939918518,0.0497825589379719,0.38471808957045717,0.5960555428397054,0.9489204242008089,0.009346150911726525,0.6925688563363099,0.4285877775234628,7.582417582417577,9.349450549450552,3.1794871794871824,9.634188034188035,2.322344322344323,0.15873015873015817,3.2063492063492056,0.0
588672.355242328,63,0.08,0.03799999877810478,0.40119999647140503,0.6014999747276306,0.9642999768257141,0.029400000348687172,0.7059999704360962,0.4212999939918518,0.0497825589379719,0.38471808957045717,0.5960555428397054,0.9489204242008089,0.009346150911726525,0.6925688563363099,0.4285877775234628,7.582417582417577,9.349450549450552,3.1794871794871824,9.634188034188035,2.3125763125763132,0.1538461538461533,3.2063492063492056,0.0
588672.435249087,64,0.08,0.03799999877810478,0.40119999647140503,0.6014999747276306,0.9642999768257141,0.029400000348687172,0.7059999704360962,0.4212999939918518,0.0497825589379719,0.38471808957045717,0.5960555428397054,0.9489204242008089,0.009346150911726525,0.6925688563363099,0.4285877775234628,7.582417582417577,9.349450549450552,3.1658119658119688,9.634188034188035,2.317460317460318,0.1538461538461533,3.2063492063492056,0.0
588672.515247304,65,0.08,0.03799999877810478,0.40119999647140503,0.6014999747276306,0.9642999768257141,0.029400000348687172,0.7059999704360962,0.4212999939918518,0.0497825589379719,0.38471808957045717,0.5960555428397054,0.9489204242008089,0.009346150911726525,0.6925688563363099,0.4285877775234628,7.582417582417577,9.349450549450552,3.1658119658119688,9.64786324786325,2.317460317460318,0.14896214896214843,3.2014652014652007,0.0
588672.595409927,66,0.08,0.03799999877810478,0.40119999647140503,0.6014999747276306,0.9642999768257141,0.029400000348687172,0.7059999704360962,0.4212999939918518,0.0497825589379719,0.38471808957045717,0.5960555428397054,0.9489204242008089,0.009346150911726525,0.6925688563363099,0.4285877775234628,7.582417582417577,9.349450549450552,3.1658119658119688,9.634188034188035,2.317460317460318,0.1538461538461533,3.2063492063492056,0.0
588672.675241128,67,0.08,0.03799999877810478,0.40119999647140503,0.6014999747276306,0.9642999768257141,0.029400000348687172,0.7059999704360962,0.4212999939918518,0.0497825589379719,0.38471808957045717,0.5960555428397054,0.9489204242008089,0.009346150911726525,0.6925688563363099,0.4285877775234628,7.582417582417577,9.349450549450552,3.1658119658119688,9.620512820512815,2.317460317460318,0.15873015873015817,3.2063492063492056,0.0
588672.755239691,68,0.08,0.03799999877810478,0.40119999647140503,0.6014999747276306,0.9642999768257141,0.029400000348687172,0.7059999704360962,0.4212999939918518,0.0497825589379719,0.38471808957045717,0.5960555428397054,0.9489204242008089,0.009346150911726525,0.6925688563363099,0.4285877775234628,7.582417582417577,9.349450549450552,3.1794871794871824,9.634188034188035,2.317460317460318,0.1538461538461533,3.2063492063492056,0.0
588672.835246263,69,0.08,0.03799999877810478,0.40119999647140503,0.6014999747276306,0.9642999768257141,0.029400000348687172,0.7059999704360962,0.4212999939918518,0.0497825589379719,0.38471808957045717,0.5960555428397054,0.9489204242008089,0.009346150911726525,0.6925688563363099,0.4285877775234628,7.582417582417577,9.375824175824178,3.1658119658119688,9.634188034188035,2.317460317460318,0.1538461538461533,3.2063492063492056,0.0
588672.915241674,70,0.08,0.03799999877810478,0.40119999647140503,0.6014999747276306,0.9642999768257141,0.029400000348687172,0.7059999704360962,0.4212999939918518,0.0497825589379719,0.38471808957045717,0.5960555428397054,0.9489204242008089,0.009727626459143934,0.6925688563363099,0.4285877775234628,7.582417582417577,9.375824175824178,3.1794871794871824,9.634188034188035,2.3125763125763132,0.15873015873015817,3.2112332112332105,0.0
588672.995240777,71,0.08,0.03799999877810478,0.40119999647140503,0.6014999747276306,0.9642999768257141,0.029400000348687172,0.7059999704360962,0.4212999939918518,0.0497825589379719,0.38471808957045717,0.5960555428397054,0.9489204242008089,0.009727626459143934,0.6925688563363099,0.4285877775234628,7.582417582417577,9.349450549450552,3.1658119658119688,9.64786324786325,2.3125763125763132,0.1538461538461533,3.2112332112332105,0.0
588673.075246335,72,0.08,0.03799999877810478,0.40119999647140503,0.6014999747276306,0.9642999768257141,0.029400000348687172,0.7059999704360962,0.4212999939918518,0.0497825589379719,0.38471808957045717,0.5960555428397054,0.9489204242008089,0.009727626459143934,0.6925688563363099,0.4285877775234628,7.582417582417577,9.375824175824178,3.1658119658119688,9.620512820512815,2.3125763125763132,0.15873015873015817,3.2063492063492056,0.0
588673.155241162,73,0.08,0.03799999877810478,0.40119999647140503,0.6014999747276306,0.9642999768257141,0.029400000348687172,0.7059999704360962,0.4212999939918518,0.0497825589379719,0.38471808957045717,0.5960555428397054,0.9489204242008089,0.009727626459143934,0.6925688563363099,0.4285877775234628,7.582417582417577,9.375824175824178,3.1794871794871824,9.620512820512815,2.3125763125763132,0.1538461538461533,3.2112332112332105,0.0
588673.235245539,74,0.08,0.03799999877810478,0.40119999647140503,0.6014999747276306,0.9642999768257141,0.029400000348687172,0.7059999704360962,0.4212999939918518,0.0497825589379719,0.38471808957045717,0.5960555428397054,0.9489204242008089,0.009727626459143934,0.6925688563363099,0.4285877775234628,7.582417582417577,9.349450549450552,3.1794871794871824,9.634188034188035,2.3125763125763132,0.1538461538461533,3.2063492063492056,0.0
588673.315240802,75,0.08,0.03799999877810478,0.40119999647140503,0.6014999747276306,0.9642999768257141,0.029400000348687172,0.7059999704360962,0.4212999939918518,0.0497825589379719,0.38471808957045717,0.5960555428397054,0.9489204242008089,0.009727626459143934,0.6925688563363099,0.4285877775234628,7.582417582417577,9.349450549450552,3.1658119658119688,9.634188034188035,2.3125763125763132,0.1538461538461533,3.2063492063492056,0.0
588673.395245293,76,0.08,0.03799999877810478,0.40119999647140503,0.6014999747276306,0.9642999768257141,0.029400000348687172,0.7059999704360962,0.4212999939918518,0.0497825589379719,0.38471808957045717,0.5960555428397054,0.9489204242008089,0.009727626459143934,0.6925688563363099,0.4285877775234628,7.582417582417577,9.375824175824178,3.1658119658119688,9.634188034188035,2.3125763125763132,0.1538461538461533,3.2063492063492056,0.0
588673.475246474,77,0.08,0.03799999877810478,0.40119999647140503,0.6014999747276306,0.9642999768257141,0.029400000348687172,0.7059999704360962,0.4212999939918518,0.0497825589379719,0.38471808957045717,0.5960555428397054,0.9489204242008089,0.009727626459143934,0.6925688563363099,0.4285877775234628,7.582417582417577,9.375824175824178,3.1794871794871824,9.620512820512815,2.3076923076923084,0.1538461538461533,3.2063492063492056,0.0
588673.555240684,78,0.08,0.03799999877810478,0.40119999647140503,0.6014999747276306,0.9642999768257141,0.029400000348687172,0.7059999704360962,0.4212999939918518,0.0497825589379719,0.38471808957045717,0.5960555428397054,0.9489204242008089,0.009727626459143934,0.6925688563363099,0.4285877775234628,7.582417582417577,9.375824175824178,3.1658119658119688,9.634188034188035,2.3125763125763132,0.1538461538461533,3.2063492063492056,0.0
588673.635246203,79,0.08,0.03799999877810478,0.40119999647140503,0.6014999747276306,0.9642999768257141,0.029400000348687172,0.7059999704360962,0.4212999939918518,0.0497825589379719,0.38471808957045717,0.5960555428397054,0.9489204242008089,0.009727626459143934,0.6925688563363099,0.4285877775234628,7.582417582417577,9.349450549450552,3.1794871794871824,9.634188034188035,2.3076923076923084,0.1538461538461533,3.2014652014652007,0.0
588673.715300227,80,0.08,0.03799999877810478,0.40119999647140503,0.6014999747276306,0.9642999768257141,0.029400000348687172,0.7059999704360962,0.4212999939918518,0.0497825589379719,0.38471808957045717,0.5960555428397054,0.9489204242008089,0.009727626459143934,0.6925688563363099,0.4285877775234628,7.582417582417577,9.375824175824178,3.1658119658119688,9.634188034188035,2.3125763125763132,0.1538461538461533,3.2063492063492056,0.0
588673.795249775,81,0.08,0.03799999877810478,0.40119999647140503,0.6014999747276306,0.9642999768257141,0.029400000348687172,0.7059999704360962,0.4212999939918518,0.0497825589379719,0.38471808957045717,0.5960555428397054,0.9489204242008089,0.009727626459143934,0.6925688563363099,0.4285877775234628,7.582417582417577,9.375824175824178,3.1794871794871824,9.634188034188035,2.3125763125763132,0.1538461538461533,3.2063492063492056,0.0
588673.875250004,82,0.08,0.03799999877810478,0.40119999647140503,0.6014999747276306,0.9642999768257141,0.029400000348687172,0.7059999704360962,0.4212999939918518,0.0497825589379719,0.38471808957045717,0.5960555428397054,0.9489204242008089,0.009727626459143934,0.6925688563363099,0.4285877775234628,7.582417582417577,9.349450549450552,3.1658119658119688,9.634188034188035,2.3076923076923084,0.1538461538461533,3.2063492063492056,0.0
588673.955251358,83,0.08,0.03799999877810478,0.40119999647140503,0.6014999747276306,0.9642999768257141,0.029400000348687172,0.7059999704360962,0.4212999939918518,0.0497825589379719,0.38471808957045717,0.5960555428397054,0.9489204242008089,0.009727626459143934,0.6925688563363099,0.4285877775234628,7.582417582417577,9.375824175824178,3.1658119658119688,9.620512820512815,2.3125763125763132,0.1538461538461533,3.2063492063492056,0.0
588674.035249849,84,0.08,0.03799999877810478,0.40119999647140503,0.6014999747276306,0.9642999768257141,0.029400000348687172,0.7059999704360962,0.4212999939918518,0.0497825589379719,0.38471808957045717,0.5960555428397054,0.9489204242008089,0.009727626459143934,0.6925688563363099,0.4285877775234628,7.582417582417577,9.375824175824178,3.1658119658119688,9.634188034188035,2.3125763125763132,0.1538461538461533,3.2063492063492056,0.0
588674.115248333,85,0.08,0.03799999877810478,0.40119999647140503,0.6014999747276306,0.9642999768257141,0.029400000348687172,0.7059999704360962,0.4212999939918518,0.0497825589379719,0.38471808957045717,0.5960555428397054,0.9489204242008089,0.009727626459143934,0.6925688563363099,0.4285877775234628,7.582417582417577,9.349450549450552,3.1658119658119688,9.634188034188035,2.3125763125763132,0.1538461538461533,3.2112332112332105,0.0
588674.195246953,86,0.08,0.03799999877810478,0.40119999647140503,0.6014999747276306,0.9642999768257141,0.029400000348687172,0.7059999704360962,0.4212999939918518,0.0497825589379719,0.38471808957045717,0.5960555428397054,0.9489204242008089,0.009727626459143934,0.6925688563363099,0.4285877775234628,7.582417582417577,9.349450549450552,3.1658119658119688,9.634188034188035,2.3076923076923084,0.15873015873015817,3.2063492063492056,0.0
588674.275257298,87,0.08,0.03799999877810478,0.40119999647140503,0.6014999747276306,0.9642999768257141,0.029400000348687172,0.7059999704360962,0.4212999939918518,0.0497825589379719,0.38471808957045717,0.5960555428397054,0.9489204242008089,0.009727626459143934,0.6925688563363099,0.4285877775234628,7.582417582417577,9.349450549450552,3.1658119658119688,9.634188034188035,2.3125763125763132,0.1538461538461533,3.2063492063492056,0.0
588674.355251321,88,0.08,0.03799999877810478,0.40119999647140503,0.6014999747276306,0.9642999768257141,0.029400000348687172,0.7059999704360962,0.4212999939918518,0.0497825589379719,0.38471808957045717,0.5960555428397054,0.9489204242008089,0.009727626459143934,0.6925688563363099,0.4285877775234628,7.582417582417577,9.349450549450552,3.193162393162396,9.634188034188035,2.3125763125763132,0.15873015873015817,3.2063492063492056,0.0
588674.435249323,89,0.08,0.03799999877810478,0.40119999647140503,0.6014999747276306,0.9642999768257141,0.029400000348687172,0.7059999704360962,0.4212999939918518,0.0497825589379719,0.38471808957045717,0.5960555428397054,0.9489204242008089,0.009727626459143934,0.6925688563363099,0.4285877775234628,7.582417582417577,9.349450549450552,3.1794871794871824,9.634188034188035,2.3125763125763132,0.1538461538461533,3.2063492063492056,0.0
588674.515254566,90,0.08,0.03799999877810478,0.40119999647140503,0.6014999747276306,0.9642999768257141,0.029400000348687172,0.7059999704360962,0.4212999939918518,0.0497825589379719,0.38471808957045717,0.5960555428397054,0.9489204242008089,0.009727626459143934,0.6925688563363099,0.4285877775234628,7.582417582417577,9.349450549450552,3.1794871794871824,9.634188034188035,2.3125763125763132,0.1538461538461533,3.2063492063492056,0.0
588674.595245406,91,0.08,0.03799999877810478,0.40119999647140503,0.6014999747276306,0.9642999768257141,0.029400000348687172,0.7059999704360962,0.4212999939918518,0.0497825589379719,0.38471808957045717,0.5960555428397054,0.9489204242008089,0.009727626459143934,0.6925688563363099,0.4285877775234628,7.582417582417577,9.375824175824178,3.1794871794871824,9.634188034188035,2.3125763125763132,0.15873015873015817,3.2014652014652007,0.0
588674.675214645,92,0.08,0.03799999877810478,0.40119999647140503,0.6014999747276306,0.9642999768257141,0.029400000348687172,0.7059999704360962,0.4212999939918518,0.0497825589379719,0.38471808957045717,0.5960555428397054,0.9489204242008089,0.009727626459143934,0.6925688563363099,0.4285877775234628,7.582417582417577,9.349450549450552,3.1794871794871824,9.634188034188035,2.3125763125763132,0.15873015873015817,3.2063492063492056,0.0
588674.755283366,93,0.08,0.03799999877810478,0.40119999647140503,0.6014999747276306,0.9642999768257141,0.029400000348687172,0.7059999704360962,0.4212999939918518,0.0497825589379719,0.38471808957045717,0.5960555428397054,0.9489204242008089,0.009727626459143934,0.6925688563363099,0.4285877775234628,7.582417582417577,9.349450549450552,3.1658119658119688,9.661538461538463,2.3125763125763132,0.15873015873015817,3.2014652014652007,0.0
588674.835241346,94,0.08,0.03799999877810478,0.40119999647140503,0.6014999747276306,0.9642999768257141,0.029400000348687172,0.7059999704360962,0.4212999939918518,0.0497825589379719,0.38471808957045717,0.5960555428397054,0.9489204242008089,0.009727626459143934,0.6925688563363099,0.4285877775234628,7.582417582417577,9.349450549450552,3.1658119658119688,9.620512820512815,2.3125763125763132,0.1538461538461533,3.2063492063492056,0.0
588674.915240281,95,0.08,0.03799999877810478,0.40119999647140503,0.6014999747276306,0.9642999768257141,0.029400000348687172,0.7059999704360962,0.4212999939918518,0.0497825589379719,0.38471808957045717,0.5960555428397054,0.9489204242008089,0.009727626459143934,0.6925688563363099,0.4285877775234628,7.582417582417577,9.349450549450552,3.1658119658119688,9.634188034188035,2.3076923076923084,0.15873015873015817,3.2063492063492056,0.0
588674.995250047,96,0.08,0.03799999877810478,0.40119999647140503,0.6014999747276306,0.9642999768257141,0.029400000348687172,0.7059999704360962,0.4212999939918518,0.0497825589379719,0.38471808957045717,0.5960555428397054,0.9489204242008089,0.009727626459143934,0.6925688563363099,0.4285877775234628,7.582417582417577,9.349450549450552,3.1658119658119688,9.634188034188035,2.3125763125763132,0.1538461538461533,3.2014652014652007,0.0
588675.075239493,97,0.08,0.03799999877810478,0.40119999647140503,0.6014999747276306,0.9642999768257141,0.029400000348687172,0.7059999704360962,0.4212999939918518,0.0497825589379719,0.38471808957045717,0.5960555428397054,0.9489204242008089,0.009727626459143934,0.6925688563363099,0.4285877775234628,7.582417582417577,9.375824175824178,3.1794871794871824,9.634188034188035,2.3125763125763132,0.15873015873015817,3.2063492063492056,0.0
588675.15524562,98,0.08,0.03799999877810478,0.40119999647140503,0.6014999747276306,0.9642999768257141,0.029400000348687172,0.7059999704360962,0.4212999939918518,0.0497825589379719,0.38471808957045717,0.5960555428397054,0.9489204242008089,0.009727626459143934,0.6925688563363099,0.4285877775234628,7.582417582417577,9.349450549450552,3.1794871794871824,9.620512820512815,2.3125763125763132,0.15873015873015817,3.2063492063492056,0.0
588675.235245396,99,0.08,0.03799999877810478,0.40119999647140503,0.6014999747276306,0.9642999768257141,0.029400000348687172,0.7059999704360962,0.4212999939918518,0.0497825589379719,0.38471808957045717,0.5960555428397054,0.9489204242008089,0.009727626459143934,0.6925688563363099,0.4285877775234628,7.582417582417577,9.349450549450552,3.1794871794871824,9.620512820512815,2.3125763125763132,0.15873015873015817,3.2063492063492056,0.0
588675.315241085,100,0.08,0.03799999877810478,0.40119999647140503,0.6014999747276306,0.9642999768257141,0.029400000348687172,0.7059999704360962,0.4212999939918518,0.0497825589379719,0.38471808957045717,0.5960555428397054,0.9489204242008089,0.009727626459143934,0.6925688563363099,0.4285877775234628,7.582417582417577,9.349450549450552,3.1794871794871824,9.620512820512815,2.3125763125763132,0.1538461538461533,3.2014652014652007,0.0
588675.395241314,101,0.08,0.03799999877810478,0.40119999647140503,0.6014999747276306,0.9642999768257141,0.029400000348687172,0.7059999704360962,0.4212999939918518,0.0497825589379719,0.38471808957045717,0.5960555428397054,0.9489204242008089,0.009727626459143934,0.6925688563363099,0.4285877775234628,7.582417582417577,9.349450549450552,3.1384615384615415,9.634188034188035,2.3076923076923084,0.15873015873015817,3.2112332112332105,0.0
588675.475251409,102,0.08,0.03799999877810478,0.40119999647140503,0.6014999747276306,0.9642999768257141,0.029400000348687172,0.7059999704360962,0.4212999939918518,0.0497825589379719,0.38471808957045717,0.5960555428397054,0.9489204242008089,0.009727626459143934,0.6925688563363099,0.4285877775234628,7.582417582417577,9.349450549450552,3.1794871794871824,9.634188034188035,2.3125763125763132,0.15873015873015817,3.2063492063492056,0.0
588675.555244794,103,0.08,0.03799999877810478,0.40119999647140503,0.6014999747276306,0.9642999768257141,0.029400000348687172,0.7059999704360962,0.4212999939918518,0.0497825589379719,0.38471808957045717,0.5960555428397054,0.9489204242008089,0.009727626459143934,0.6925688563363099,0.4285877775234628,7.582417582417577,9.349450549450552,3.1794871794871824,9.620512820512815,2.3125763125763132,0.14896214896214843,3.2063492063492056,0.0
588675.635244494,104,0.08,0.03799999877810478,0.40119999647140503,0.6014999747276306,0.9642999768257141,0.029400000348687172,0.7059999704360962,0.4212999939918518,0.0497825589379719,0.38471808957045717,0.5960555428397054,0.9489204242008089,0.009727626459143934,0.6925688563363099,0.4285877775234628,7.582417582417577,9.349450549450552,3.1794871794871824,9.620512820512815,2.3125763125763132,0.1538461538461533,3.2014652014652007,0.0
588675.71526803,105,0.08,0.03799999877810478,0.40119999647140503,0.6014999747276306,0.9642999768257141,0.029400000348687172,0.7059999704360962,0.4212999939918518,0.0497825589379719,0.38471808957045717,0.5960555428397054,0.9489204242008089,0.009727626459143934,0.6925688563363099,0.4285877775234628,7.582417582417577,9.375824175824178,3.1794871794871824,9.634188034188035,2.3125763125763132,0.1538461538461533,3.2063492063492056,0.0
588675.795246173,106,0.08,0.03799999877810478,0.40119999647140503,0.6014999747276306,0.9642999768257141,0.029400000348687172,0.7059999704360962,0.4212999939918518,0.0497825589379719,0.38471808957045717,0.5960555428397054,0.9489204242008089,0.009727626459143934,0.6925688563363099,0.4285877775234628,7.582417582417577,9.375824175824178,3.1794871794871824,9.634188034188035,2.3125763125763132,0.1538461538461533,3.2014652014652007,0.0
588675.875241005,107,0.08,0.03799999877810478,0.40119999647140503,0.6014999747276306,0.9642999768257141,0.029400000348687172,0.7059999704360962,0.4212999939918518,0.0497825589379719,0.38471808957045717,0.5960555428397054,0.9489204242008089,0.009727626459143934,0.6925688563363099,0.4285877775234628,7.582417582417577,9.375824175824178,3.1794871794871824,9.620512820512815,2.3125763125763132,0.15873015873015817,3.2014652014652007,0.0
588675.955247439,108,0.08,0.03799999877810478,0.40119999647140503,0.6014999747276306,0.9642999768257141,0.029400000348687172,0.7059999704360962,0.4212999939918518,0.0497825589379719,0.38471808957045717,0.5960555428397054,0.9489204242008089,0.009727626459143934,0.6925688563363099,0.4285877775234628,7.582417582417577,9.375824175824178,3.1658119658119688,9.634188034188035,2.3125763125763132,0.1538461538461533,3.2063492063492056,0.0
588676.035244978,109,0.08,0.03799999877810478,0.40119999647140503,0.6014999747276306,0.9642999768257141,0.029400000348687172,0.7059999704360962,0.4212999939918518,0.0497825589379719,0.38471808957045717,0.5960555428397054,0.9489204242008089,0.009727626459143934,0.6925688563363099,0.4285877775234628,7.582417582417577,9.375824175824178,3.1658119658119688,9.620512820512815,2.3125763125763132,0.1538461538461533,3.2063492063492056,0.0
588676.115245823,110,0.08,0.03799999877810478,0.40119999647140503,0.6014999747276306,0.9642999768257141,0.029400000348687172,0.7059999704360962,0.4212999939918518,0.0497825589379719,0.38471808957045717,0.5960555428397054,0.9489204242008089,0.009727626459143934,0.6925688563363099,0.4285877775234628,7.582417582417577,9.349450549450552,3.1794871794871824,9.634188034188035,2.3125763125763132,0.1538461538461533,3.2014652014652007,0.0
588676.195247291,111,0.08,0.03799999877810478,0.40119999647140503,0.6014999747276306,0.9642999768257141,0.029400000348687172,0.7059999704360962,0.4212999939918518,0.0497825589379719,0.38471808957045717,0.5960555428397054,0.9489204242008089,0.009727626459143934,0.6925688563363099,0.4285877775234628,7.582417582417577,9.375824175824178,3.1794871794871824,9.634188034188035,2.3125763125763132,0.15873015873015817,3.2063492063492056,0.0
588676.275241135,112,0.08,0.03799999877810478,0.40119999647140503,0.6014999747276306,0.9642999768257141,0.029400000348687172,0.7059999704360962,0.4212999939918518,0.0497825589379719,0.38471808957045717,0.5960555428397054,0.9489204242008089,0.009727626459143934,0.6925688563363099,0.4285877775234628,7.582417582417577,9.349450549450552,3.1794871794871824,9.634188034188035,2.3125763125763132,0.1538461538461533,3.2063492063492056,0.0
588676.355240849,113,0.08,0.03799999877810478,0.40119999647140503,0.6014999747276306,0.9642999768257141,0.029400000348687172,0.7059999704360962,0.4212999939918518,0.0497825589379719,0.38471808957045717,0.5960555428397054,0.9489204242008089,0.009727626459143934,0.6925688563363099,0.4285877775234628,7.582417582417577,9.375824175824178,3.1658119658119688,9.634188034188035,2.3125763125763132,0.15873015873015817,3.2063492063492056,0.0
588676.435248628,114,0.08,0.03799999877810478,0.40119999647140503,0.6014999747276306,0.9642999768257141,0.029400000348687172,0.7059999704360962,0.4212999939918518,0.0497825589379719,0.38471808957045717,0.5960555428397054,0.9489204242008089,0.009727626459143934,0.6925688563363099,0.4285877775234628,7.582417582417577,9.349450549450552,3.1658119658119688,9.64786324786325,2.3125763125763132,0.16361416361416303,3.2063492063492056,0.0
588676.515435746,115,0.08,0.03799999877810478,0.40119999647140503,0.6014999747276306,0.9642999768257141,0.029400000348687172,0.7059999704360962,0.4212999939918518,0.0497825589379719,0.38471808957045717,0.5960555428397054,0.9489204242008089,0.009727626459143934,0.6925688563363099,0.4285877775234628,7.582417582417577,9.349450549450552,3.1658119658119688,9.634188034188035,2.3125763125763132,0.1538461538461533,3.2063492063492056,0.0
588676.595241827,116,0.08,0.03799999877810478,0.40119999647140503,0.6014999747276306,0.9642999768257141,0.029400000348687172,0.7059999704360962,0.4212999939918518,0.0497825589379719,0.38471808957045717,0.5960555428397054,0.9489204242008089,0.009727626459143934,0.6925688563363099,0.4285877775234628,7.582417582417577,9.375824175824178,3.1658119658119688,9.620512820512815,2.3125763125763132,0.1538461538461533,3.2063492063492056,0.0
588676.675241023,117,0.08,0.03799999877810478,0.40119999647140503,0.6014999747276306,0.9642999768257141,0.029400000348687172,0.7059999704360962,0.4212999939918518,0.0497825589379719,0.38471808957045717,0.5960555428397054,0.9489204242008089,0.009727626459143934,0.6925688563363099,0.4285877775234628,7.582417582417577,9.349450549450552,3.1658119658119688,9.634188034188035,2.3125763125763132,0.1538461538461533,3.2063492063492056,0.0
588676.755247064,118,0.08,0.03799999877810478,0.40119999647140503,0.6014999747276306,0.9642999768257141,0.029400000348687172,0.7059999704360962,0.4212999939918518,0.0497825589379719,0.38471808957045717,0.5960555428397054,0.9489204242008089,0.009727626459143934,0.6925688563363099,0.4285877775234628,7.582417582417577,9.375824175824178,3.1794871794871824,9.620512820512815,2.3125763125763132,0.1538461538461533,3.2014652014652007,0.0
588676.835241022,119,0.08,0.03799999877810478,0.40119999647140503,0.6014999747276306,0.9642999768257141,0.029400000348687172,0.7059999704360962,0.4212999939918518,0.0497825589379719,0.38471808957045717,0.5960555428397054,0.9489204242008089,0.009727626459143934,0.6925688563363099,0.4285877775234628,7.582417582417577,9.349450549450552,3.1658119658119688,9.634188034188035,2.3076923076923084,0.15873015873015817,3.2063492063492056,0.0
588676.91526789,120,0.08,0.03799999877810478,0.40119999647140503,0.6014999747276306,0.9642999768257141,0.029400000348687172,0.7059999704360962,0.4212999939918518,0.0497825589379719,0.38471808957045717,0.5960555428397054,0.9489204242008089,0.009727626459143934,0.6925688563363099,0.4285877775234628,7.582417582417577,9.349450549450552,3.1794871794871824,9.64786324786325,2.3125763125763132,0.1538461538461533,3.2063492063492056,0.0
588676.995241649,121,0.08,0.03799999877810478,0.40119999647140503,0.6014999747276306,0.9642999768257141,0.029400000348687172,0.7059999704360962,0.4212999939918518,0.04940108339055449,0.38471808957045717,0.5960555428397054,0.9489204242008089,0.009727626459143934,0.6925688563363099,0.4285877775234628,7.582417582417577,9.349450549450552,3.1658119658119688,9.620512820512815,2.3125763125763132,0.1538461538461533,3.2014652014652007,0.0
588677.075245694,122,0.08,0.03799999877810478,0.40119999647140503,0.6014999747276306,0.9642999768257141,0.029400000348687172,0.7059999704360962,0.4212999939918518,0.04940108339055449,0.38471808957045717,0.5960555428397054,0.9489204242008089,0.009727626459143934,0.6925688563363099,0.4285877775234628,7.582417582417577,9.349450549450552,3.1794871794871824,9.620512820512815,2.3125763125763132,0.1538461538461533,3.2063492063492056,0.0
588677.155253302,123,0.08,0.03799999877810478,0.40119999647140503,0.6014999747276306,0.9642999768257141,0.029400000348687172,0.7059999704360962,0.4212999939918518,0.04940108339055449,0.38471808957045717,0.5960555428397054,0.9489204242008089,0.009727626459143934,0.6925688563363099,0.4285877775234628,7.582417582417577,9.349450549450552,3.1794871794871824,9.620512820512815,2.3076923076923084,0.1538461538461533,3.2014652014652007,0.0
588677.235236231,124,0.08,0.03799999877810478,0.40119999647140503,0.6014999747276306,0.9642999768257141,0.029400000348687172,0.7059999704360962,0.4212999939918518,0.04940108339055449,0.38471808957045717,0.5960555428397054,0.9489204242008089,0.009727626459143934,0.6925688563363099,0.4285877775234628,7.582417582417577,9.349450549450552,3.1658119658119688,9.606837606837601,2.3125763125763132,0.15873015873015817,3.2063492063492056,0.0
588677.315240467,125,0.08,0.03799999877810478,0.40119999647140503,0.6014999747276306,0.9642999768257141,0.029400000348687172,0.7059999704360962,0.4212999939918518,0.04940108339055449,0.38471808957045717,0.5960555428397054,0.9489204242008089,0.009727626459143934,0.6925688563363099,0.4285877775234628,7.582417582417577,9.375824175824178,3.152136752136755,9.606837606837601,2.3125763125763132,0.1538461538461533,3.2063492063492056,0.0
588677.395264998,126,0.08,0.03799999877810478,0.40119999647140503,0.6014999747276306,0.9642999768257141,0.029400000348687172,0.7059999704360962,0.4212999939918518,0.04940108339055449,0.38471808957045717,0.5960555428397054,0.9489204242008089,0.009727626459143934,0.6925688563363099,0.4285877775234628,7.582417582417577,9.349450549450552,3.1794871794871824,9.620512820512815,2.3076923076923084,0.1538461538461533,3.2063492063492056,0.0
588677.475239471,127,0.08,0.03799999877810478,0.40119999647140503,0.6014999747276306,0.9642999768257141,0.029400000348687172,0.7059999704360962,0.4212999939918518,0.04940108339055449,0.38471808957045717,0.5960555428397054,0.9489204242008089,0.009727626459143934,0.6925688563363099,0.4285877775234628,7.582417582417577,9.349450549450552,3.1658119658119688,9.606837606837601,2.3125763125763132,0.1538461538461533,3.2063492063492056,0.0
588677.555256639,128,0.08,0.03799999877810478,0.40119999647140503,0.6014999747276306,0.9642999768257141,0.029400000348687172,0.7059999704360962,0.4212999939918518,0.04940108339055449,0.38471808957045717,0.5960555428397054,0.9489204242008089,0.009727626459143934,0.6925688563363099,0.4285877775234628,7.582417582417577,9.349450549450552,3.1658119658119688,9.606837606837601,2.3076923076923084,0.1538461538461533,3.2014652014652007,0.0
588677.63531527,129,0.08,0.03799999877810478,0.40119999647140503,0.6014999747276306,0.9642999768257141,0.029400000348687172,0.7059999704360962,0.4212999939918518,0.04940108339055449,0.38471808957045717,0.5960555428397054,0.9489204242008089,0.009727626459143934,0.6925688563363099,0.4285877775234628,7.582417582417577,9.375824175824178,3.152136752136755,9.620512820512815,2.3125763125763132,0.15873015873015817,3.2063492063492056,0.0
588677.715253345,130,0.08,0.03799999877810478,0.40119999647140503,0.6014999747276306,0.9642999768257141,0.029400000348687172,0.7059999704360962,0.4212999939918518,0.04940108339055449,0.38471808957045717,0.5960555428397054,0.9489204242008089,0.009727626459143934,0.6925688563363099,0.4285877775234628,7.582417582417577,9.349450549450552,3.1658119658119688,9.620512820512815,2.3125763125763132,0.15873015873015817,3.2063492063492056,0.0
588677.795377006,131,0.08,0.03799999877810478,0.40119999647140503,0.6014999747276306,0.9642999768257141,0.029400000348687172,0.7059999704360962,0.4212999939918518,0.04940108339055449,0.38471808957045717,0.5960555428397054,0.9489204242008089,0.009727626459143934,0.6921873807888925,0.4285877775234628,7.582417582417577,9.349450549450552,3.1658119658119688,9.620512820512815,2.3125763125763132,0.15873015873015817,3.2063492063492056,0.0
588677.875899249,132,0.08,0.03799999877810478,0.40119999647140503,0.6014999747276306,0.9642999768257141,0.029400000348687172,0.7059999704360962,0.4212999939918518,0.04940108339055449,0.38471808957045717,0.5960555428397054,0.9489204242008089,0.009727626459143934,0.6921873807888925,0.4285877775234628,7.582417582417577,9.375824175824178,3.1794871794871824,9.64786324786325,2.3125763125763132,0.15873015873015817,3.2063492063492056,0.0
588677.955250578,133,0.08,0.03799999877810478,0.40119999647140503,0.6014999747276306,0.9642999768257141,0.029400000348687172,0.7059999704360962,0.4212999939918518,0.04940108339055449,0.38471808957045717,0.5960555428397054,0.9489204242008089,0.009727626459143934,0.6921873807888925,0.4285877775234628,7.582417582417577,9.349450549450552,3.1658119658119688,9.64786324786325,2.3125763125763132,0.15873015873015817,3.2063492063492056,0.0
588678.035255332,134,0.08,0.03799999877810478,0.40119999647140503,0.6014999747276306,0.9642999768257141,0.029400000348687172,0.7059999704360962,0.4212999939918518,0.04940108339055449,0.38471808957045717,0.5960555428397054,0.9489204242008089,0.009727626459143934,0.6921873807888925,0.4285877775234628,7.582417582417577,9.349450549450552,3.1658119658119688,9.64786324786325,2.3125763125763132,0.15873015873015817,3.2063492063492056,0.0
588678.115263725,135,0.08,0.03799999877810478,0.40119999647140503,0.6014999747276306,0.9642999768257141,0.029400000348687172,0.7059999704360962,0.4212999939918518,0.04940108339055449,0.38471808957045717,0.5960555428397054,0.9489204242008089,0.009727626459143934,0.6921873807888925,0.4285877775234628,7.582417582417577,9.375824175824178,3.1658119658119688,9.634188034188035,2.3125763125763132,0.1538461538461533,3.2063492063492056,0.0
588678.19524609,136,0.08,0.03799999877810478,0.40119999647140503,0.6014999747276306,0.9642999768257141,0.029400000348687172,0.7059999704360962,0.4212999939918518,0.04940108339055449,0.38471808957045717,0.5960555428397054,0.9489204242008089,0.009727626459143934,0.6921873807888925,0.4285877775234628,7.582417582417577,9.349450549450552,3.1794871794871824,9.634188034188035,2.3125763125763132,0.15873015873015817,3.2063492063492056,0.0
588678.275242607,137,0.08,0.03799999877810478,0.40119999647140503,0.6014999747276306,0.9642999768257141,0.029400000348687172,0.7059999704360962,0.4212999939918518,0.04940108339055449,0.38471808957045717,0.5960555428397054,0.9489204242008089,0.009727626459143934,0.6921873807888925,0.4285877775234628,7.582417582417577,9.349450549450552,3.1794871794871824,9.620512820512815,2.3076923076923084,0.15873015873015817,3.2063492063492056,0.0
588678.355246552,138,0.08,0.03799999877810478,0.40119999647140503,0.6014999747276306,0.9642999768257141,0.029400000348687172,0.7059999704360962,0.4212999939918518,0.04940108339055449,0.38471808957045717,0.5960555428397054,0.9489204242008089,0.009727626459143934,0.6921873807888925,0.4285877775234628,7.582417582417577,9.375824175824178,3.1794871794871824,9.64786324786325,2.3125763125763132,0.1538461538461533,3.2063492063492056,0.0
588678.435623984,139,0.08,0.03799999877810478,0.40119999647140503,0.6014999747276306,0.9642999768257141,0.029400000348687172,0.7059999704360962,0.4212999939918518,0.04940108339055449,0.38471808957045717,0.5960555428397054,0.9489204242008089,0.009727626459143934,0.6921873807888925,0.4285877775234628,7.582417582417577,9.349450549450552,3.1658119658119688,9.64786324786325,2.3076923076923084,0.15873015873015817,3.2063492063492056,0.0
588678.515214268,140,0.08,0.03799999877810478,0.40119999647140503,0.6014999747276306,0.9642999768257141,0.029400000348687172,0.7059999704360962,0.4212999939918518,0.04940108339055449,0.38471808957045717,0.5960555428397054,0.9489204242008089,0.009727626459143934,0.6921873807888925,0.4285877775234628,7.582417582417577,9.375824175824178,3.1658119658119688,9.620512820512815,2.3076923076923084,0.1538461538461533,3.2063492063492056,0.0
588678.595252066,141,0.08,0.03799999877810478,0.40119999647140503,0.6014999747276306,0.9642999768257141,0.029400000348687172,0.7059999704360962,0.4212999939918518,0.04940108339055449,0.38471808957045717,0.5960555428397054,0.9489204242008089,0.009727626459143934,0.6921873807888925,0.4285877775234628,7.582417582417577,9.375824175824178,3.1794871794871824,9.620512820512815,2.3125763125763132,0.15873015873015817,3.2063492063492056,0.0
588678.675271673,142,0.08,0.03799999877810478,0.40119999647140503,0.6014999747276306,0.9642999768257141,0.029400000348687172,0.7059999704360962,0.4212999939918518,0.04940108339055449,0.38471808957045717,0.5960555428397054,0.9489204242008089,0.009727626459143934,0.6921873807888925,0.4285877775234628,7.582417582417577,9.375824175824178,3.1794871794871824,9.634188034188035,2.3076923076923084,0.1538461538461533,3.2112332112332105,0.0
588678.75523952,143,0.08,0.03799999877810478,0.40119999647140503,0.6014999747276306,0.9642999768257141,0.029400000348687172,0.7059999704360962,0.4212999939918518,0.04940108339055449,0.38471808957045717,0.5960555428397054,0.9489204242008089,0.009727626459143934,0.6921873807888925,0.4285877775234628,7.582417582417577,9.375824175824178,3.1658119658119688,9.620512820512815,2.3125763125763132,0.15873015873015817,3.2063492063492056,0.0
588678.835249715,144,0.08,0.03799999877810478,0.40119999647140503,0.6014999747276306,0.9642999768257141,0.029400000348687172,0.7059999704360962,0.4212999939918518,0.04940108339055449,0.38471808957045717,0.5960555428397054,0.9489204242008089,0.009727626459143934,0.6921873807888925,0.4285877775234628,7.582417582417577,9.349450549450552,3.1658119658119688,9.634188034188035,2.3125763125763132,0.1538461538461533,3.2063492063492056,0.0
588678.915240166,145,0.08,0.03799999877810478,0.40119999647140503,0.6014999747276306,0.9642999768257141,0.029400000348687172,0.7059999704360962,0.4212999939918518,0.04940108339055449,0.38471808957045717,0.5960555428397054,0.9489204242008089,0.009727626459143934,0.6921873807888925,0.4285877775234628,7.582417582417577,9.349450549450552,3.1794871794871824,9.634188034188035,2.3125763125763132,0.1538461538461533,3.2063492063492056,0.0
588678.995240961,146,0.08,0.03799999877810478,0.40119999647140503,0.6014999747276306,0.9642999768257141,0.029400000348687172,0.7059999704360962,0.4212999939918518,0.04940108339055449,0.38471808957045717,0.5960555428397054,0.9489204242008089,0.009727626459143934,0.6921873807888925,0.4285877775234628,7.582417582417577,9.375824175824178,3.1794871794871824,9.634188034188035,2.3125763125763132,0.15873015873015817,3.2112332112332105,0.0
588679.075247564,147,0.08,0.03799999877810478,0.40119999647140503,0.6014999747276306,0.9642999768257141,0.029400000348687172,0.7059999704360962,0.4212999939918518,0.04940108339055449,0.38471808957045717,0.5960555428397054,0.9489204242008089,0.009727626459143934,0.6921873807888925,0.4285877775234628,7.582417582417577,9.375824175824178,3.1658119658119688,9.64786324786325,2.3125763125763132,0.15873015873015817,3.2063492063492056,0.0
588679.155216798,148,0.08,0.03799999877810478,0.40119999647140503,0.6014999747276306,0.9642999768257141,0.029400000348687172,0.7059999704360962,0.4212999939918518,0.04940108339055449,0.38471808957045717,0.5960555428397054,0.9489204242008089,0.009727626459143934,0.6921873807888925,0.4285877775234628,7.582417582417577,9.349450549450552,3.1658119658119688,9.634188034188035,2.3125763125763132,0.15873015873015817,3.2063492063492056,0.0
588679.235239942,149,0.08,0.03799999877810478,0.40119999647140503,0.6014999747276306,0.9642999768257141,0.029400000348687172,0.7059999704360962,0.4212999939918518,0.04940108339055449,0.38471808957045717,0.5960555428397054,0.9489204242008089,0.009727626459143934,0.6921873807888925,0.4285877775234628,7.582417582417577,9.349450549450552,3.1658119658119688,9.634188034188035,2.3125763125763132,0.15873015873015817,3.2063492063492056,0.0
588679.315241693,150,0.08,0.03799999877810478,0.40119999647140503,0.6014999747276306,0.9642999768257141,0.029400000348687172,0.7059999704360962,0.4212999939918518,0.04940108339055449,0.38471808957045717,0.5960555428397054,0.9489204242008089,0.009727626459143934,0.6921873807888925,0.4285877775234628,7.582417582417577,9.349450549450552,3.1794871794871824,9.634188034188035,2.3076923076923084,0.15873015873015817,3.2063492063492056,0.0
588679.39524564,151,0.08,0.03799999877810478,0.40119999647140503,0.6014999747276306,0.9642999768257141,0.029400000348687172,0.7059999704360962,0.4212999939918518,0.04940108339055449,0.38471808957045717,0.5960555428397054,0.9489204242008089,0.009727626459143934,0.6921873807888925,0.4285877775234628,7.582417582417577,9.375824175824178,3.1794871794871824,9.634188034188035,2.3125763125763132,0.15873015873015817,3.2112332112332105,0.0
588679.475241827,152,0.08,0.03799999877810478,0.40119999647140503,0.6014999747276306,0.9642999768257141,0.029400000348687172,0.7059999704360962,0.4212999939918518,0.04940108339055449,0.38471808957045717,0.5960555428397054,0.9489204242008089,0.009727626459143934,0.6921873807888925,0.4285877775234628,7.582417582417577,9.349450549450552,3.1794871794871824,9.634188034188035,2.3125763125763132,0.15873015873015817,3.2063492063492056,0.0
588679.555244024,153,0.08,0.03799999877810478,0.40119999647140503,0.6014999747276306,0.9642999768257141,0.029400000348687172,0.7059999704360962,0.4212999939918518,0.04940108339055449,0.38471808957045717,0.5960555428397054,0.9489204242008089,0.009727626459143934,0.6921873807888925,0.4285877775234628,7.582417582417577,9.349450549450552,3.1794871794871824,9.620512820512815,2.3125763125763132,0.15873015873015817,3.2014652014652007,0.0
588679.635248675,154,0.08,0.03799999877810478,0.40119999647140503,0.6014999747276306,0.9642999768257141,0.029400000348687172,0.7059999704360962,0.4212999939918518,0.04940108339055449,0.38471808957045717,0.5960555428397054,0.9489204242008089,0.009727626459143934,0.6921873807888925,0.4285877775234628,7.582417582417577,9.375824175824178,3.1794871794871824,9.634188034188035,2.3125763125763132,0.15873015873015817,3.2063492063492056,0.0
588679.715244151,155,0.08,0.03799999877810478,0.40119999647140503,0.6014999747276306,0.9642999768257141,0.029400000348687172,0.7059999704360962,0.4212999939918518,0.04940108339055449,0.38471808957045717,0.5960555428397054,0.9489204242008089,0.009727626459143934,0.6921873807888925,0.4285877775234628,7.582417582417577,9.375824175824178,3.1658119658119688,9.620512820512815,2.3125763125763132,0.15873015873015817,3.2063492063492056,0.0
588679.795277995,156,0.08,0.03799999877810478,0.40119999647140503,0.6014999747276306,0.9642999768257141,0.029400000348687172,0.7059999704360962,0.4212999939918518,0.04940108339055449,0.38471808957045717,0.5960555428397054,0.9489204242008089,0.009727626459143934,0.6921873807888925,0.4285877775234628,7.582417582417577,9.375824175824178,3.1658119658119688,9.634188034188035,2.3125763125763132,0.15873015873015817,3.2063492063492056,0.0
588679.875301766,157,0.08,0.03799999877810478,0.40119999647140503,0.6014999747276306,0.9642999768257141,0.029400000348687172,0.7059999704360962,0.4212999939918518,0.04940108339055449,0.38471808957045717,0.5960555428397054,0.9489204242008089,0.009727626459143934,0.6921873807888925,0.4285877775234628,7.582417582417577,9.375824175824178,3.1658119658119688,9.620512820512815,2.3125763125763132,0.1538461538461533,3.2063492063492056,0.0
588679.955240961,158,0.08,0.03799999877810478,0.40119999647140503,0.6014999747276306,0.9642999768257141,0.029400000348687172,0.7059999704360962,0.4212999939918518,0.04940108339055449,0.38471808957045717,0.5960555428397054,0.9489204242008089,0.009727626459143934,0.6921873807888925,0.4285877775234628,7.582417582417577,9.349450549450552,3.1658119658119688,9.620512820512815,2.3125763125763132,0.1538461538461533,3.2063492063492056,0.0
588680.035246314,159,0.08,0.03799999877810478,0.40119999647140503,0.6014999747276306,0.9642999768257141,0.029400000348687172,0.7059999704360962,0.4212999939918518,0.04940108339055449,0.38471808957045717,0.5960555428397054,0.9489204242008089,0.009727626459143934,0.6921873807888925,0.4285877775234628,7.582417582417577,9.349450549450552,3.1794871794871824,9.64786324786325,2.3125763125763132,0.15873015873015817,3.2063492063492056,0.0
588680.115246376,160,0.08,0.03799999877810478,0.40119999647140503,0.6014999747276306,0.9642999768257141,0.029400000348687172,0.7059999704360962,0.4212999939918518,0.04940108339055449,0.38471808957045717,0.5960555428397054,0.9489204242008089,0.009727626459143934,0.6921873807888925,0.4285877775234628,7.582417582417577,9.349450549450552,3.1794871794871824,9.634188034188035,2.3125763125763132,0.15873015873015817,3.2063492063492056,0.0
588680.195243807,161,0.08,0.03799999877810478,0.40119999647140503,0.6014999747276306,0.9642999768257141,0.029400000348687172,0.7059999704360962,0.4212999939918518,0.04940108339055449,0.38471808957045717,0.5960555428397054,0.9489204242008089,0.009727626459143934,0.6921873807888925,0.4285877775234628,7.582417582417577,9.375824175824178,3.152136752136755,9.64786324786325,2.3125763125763132,0.15873015873015817,3.2063492063492056,0.0
588680.27521933,162,0.08,0.03799999877810478,0.40119999647140503,0.6014999747276306,0.9642999768257141,0.029400000348687172,0.7059999704360962,0.4212999939918518,0.04940108339055449,0.38471808957045717,0.5960555428397054,0.9489204242008089,0.009727626459143934,0.6921873807888925,0.4285877775234628,7.582417582417577,9.349450549450552,3.1658119658119688,9.634188034188035,2.3125763125763132,0.15873015873015817,3.2063492063492056,0.0
588680.35524075,163,0.08,0.03799999877810478,0.40119999647140503,0.6014999747276306,0.9642999768257141,0.029400000348687172,0.7059999704360962,0.4212999939918518,0.04940108339055449,0.38471808957045717,0.5960555428397054,0.9489204242008089,0.009727626459143934,0.6921873807888925,0.4285877775234628,7.582417582417577,9.349450549450552,3.1794871794871824,9.634188034188035,2.3125763125763132,0.1538461538461533,3.2063492063492056,0.0
588680.435241858,164,0.08,0.03799999877810478,0.40119999647140503,0.6014999747276306,0.9642999768257141,0.029400000348687172,0.7059999704360962,0.4212999939918518,0.04940108339055449,0.38471808957045717,0.5960555428397054,0.9489204242008089,0.009727626459143934,0.6925688563363099,0.4285877775234628,7.582417582417577,9.375824175824178,3.1658119658119688,9.620512820512815,2.3076923076923084,0.15873015873015817,3.2063492063492056,0.0
588680.515246411,165,0.08,0.03799999877810478,0.40119999647140503,0.6014999747276306,0.9642999768257141,0.029400000348687172,0.7059999704360962,0.4212999939918518,0.04940108339055449,0.38471808957045717,0.5960555428397054,0.9489204242008089,0.009727626459143934,0.6925688563363099,0.4285877775234628,7.582417582417577,9.349450549450552,3.1794871794871824,9.620512820512815,2.3125763125763132,0.15873015873015817,3.2112332112332105,0.0
588680.595241102,166,0.08,0.03799999877810478,0.40119999647140503,0.6014999747276306,0.9642999768257141,0.029400000348687172,0.7059999704360962,0.4212999939918518,0.04940108339055449,0.38471808957045717,0.5960555428397054,0.9489204242008089,0.009727626459143934,0.6925688563363099,0.4285877775234628,7.582417582417577,9.375824175824178,3.1658119658119688,9.606837606837601,2.3125763125763132,0.15873015873015817,3.2063492063492056,0.0
588680.675248413,167,0.08,0.03799999877810478,0.40119999647140503,0.6014999747276306,0.9642999768257141,0.029400000348687172,0.7059999704360962,0.4212999939918518,0.04940108339055449,0.38471808957045717,0.5960555428397054,0.9489204242008089,0.009727626459143934,0.6925688563363099,0.4285877775234628,7.582417582417577,9.375824175824178,3.1658119658119688,9.620512820512815,2.3125763125763132,0.1538461538461533,3.2063492063492056,0.0
588680.755245678,168,0.08,0.03799999877810478,0.40119999647140503,0.6014999747276306,0.9642999768257141,0.029400000348687172,0.7059999704360962,0.4212999939918518,0.04940108339055449,0.38471808957045717,0.5960555428397054,0.9489204242008089,0.009727626459143934,0.6921873807888925,0.4285877775234628,7.582417582417577,9.349450549450552,3.1658119658119688,9.634188034188035,2.3076923076923084,0.15873015873015817,3.2063492063492056,0.0
588680.835252404,169,0.08,0.03799999877810478,0.40119999647140503,0.6014999747276306,0.9642999768257141,0.029400000348687172,0.7059999704360962,0.4212999939918518,0.04940108339055449,0.38471808957045717,0.5960555428397054,0.9489204242008089,0.009727626459143934,0.6921873807888925,0.4285877775234628,7.582417582417577,9.349450549450552,3.1658119658119688,9.634188034188035,2.3125763125763132,0.15873015873015817,3.2063492063492056,0.0
588680.915240779,170,0.08,0.03799999877810478,0.40119999647140503,0.6014999747276306,0.9642999768257141,0.029400000348687172,0.7059999704360962,0.4212999939918518,0.04940108339055449,0.38471808957045717,0.5960555428397054,0.9489204242008089,0.009727626459143934,0.6921873807888925,0.4285877775234628,7.582417582417577,9.349450549450552,3.1658119658119688,9.634188034188035,2.3076923076923084,0.15873015873015817,3.2112332112332105,0.0
588680.995247567,171,0.08,0.03799999877810478,0.40119999647140503,0.6014999747276306,0.9642999768257141,0.029400000348687172,0.7059999704360962,0.4212999939918518,0.04940108339055449,0.38471808957045717,0.5960555428397054,0.9489204242008089,0.009727626459143934,0.6921873807888925,0.4285877775234628,7.582417582417577,9.375824175824178,3.1794871794871824,9.634188034188035,2.3125763125763132,0.15873015873015817,3.2014652014652007,0.0
588681.075283807,172,0.08,0.03799999877810478,0.40119999647140503,0.6014999747276306,0.9642999768257141,0.029400000348687172,0.7059999704360962,0.4212999939918518,0.04940108339055449,0.38471808957045717,0.5960555428397054,0.9489204242008089,0.009727626459143934,0.6921873807888925,0.4285877775234628,7.582417582417577,9.349450549450552,3.1794871794871824,9.634188034188035,2.3125763125763132,0.1538461538461533,3.2063492063492056,0.0
588681.155248161,173,0.08,0.03799999877810478,0.40119999647140503,0.6014999747276306,0.9642999768257141,0.029400000348687172,0.7059999704360962,0.4212999939918518,0.04940108339055449,0.38471808957045717,0.5960555428397054,0.9489204242008089,0.009727626459143934,0.6921873807888925,0.4285877775234628,7.582417582417577,9.375824175824178,3.1658119658119688,9.661538461538463,2.3125763125763132,0.15873015873015817,3.2063492063492056,0.0
588681.235244258,174,0.08,0.03799999877810478,0.40119999647140503,0.6014999747276306,0.9642999768257141,0.029400000348687172,0.7059999704360962,0.4212999939918518,0.04940108339055449,0.38471808957045717,0.5960555428397054,0.9489204242008089,0.009727626459143934,0.6921873807888925,0.4285877775234628,7.582417582417577,9.375824175824178,3.152136752136755,9.634188034188035,2.3076923076923084,0.15873015873015817,3.2112332112332105,0.0
588681.315251407,175,0.08,0.03799999877810478,0.40119999647140503,0.6014999747276306,0.9642999768257141,0.029400000348687172,0.7059999704360962,0.4212999939918518,0.04940108339055449,0.38471808957045717,0.5960555428397054,0.9489204242008089,0.009727626459143934,0.6921873807888925,0.4285877775234628,7.582417582417577,9.375824175824178,3.152136752136755,9.64786324786325,2.3125763125763132,0.15873015873015817,3.2014652014652007,0.0
588681.395245688,176,0.08,0.03799999877810478,0.40119999647140503,0.6014999747276306,0.9642999768257141,0.029400000348687172,0.7059999704360962,0.4212999939918518,0.04940108339055449,0.38471808957045717,0.5960555428397054,0.9489204242008089,0.009727626459143934,0.6921873807888925,0.4285877775234628,7.582417582417577,9.375824175824178,3.1794871794871824,9.661538461538463,2.3125763125763132,0.16361416361416303,3.2063492063492056,0.0
588681.47524116,177,0.08,0.03799999877810478,0.40119999647140503,0.6014999747276306,0.9642999768257141,0.029400000348687172,0.7059999704360962,0.4212999939918518,0.04940108339055449,0.38471808957045717,0.5960555428397054,0.9489204242008089,0.009727626459143934,0.6921873807888925,0.4285877775234628,7.582417582417577,9.349450549450552,3.1658119658119688,9.64786324786325,2.3125763125763132,0.15873015873015817,3.2063492063492056,0.0
588681.555252147,178,0.08,0.03799999877810478,0.40119999647140503,0.6014999747276306,0.9642999768257141,0.029400000348687172,0.7059999704360962,0.4212999939918518,0.04940108339055449,0.38471808957045717,0.5960555428397054,0.9489204242008089,0.009727626459143934,0.6921873807888925,0.4285877775234628,7.582417582417577,9.349450549450552,3.152136752136755,9.64786324786325,2.3076923076923084,0.15873015873015817,3.2063492063492056,0.0
588681.635245236,179,0.08,0.03799999877810478,0.40119999647140503,0.6014999747276306,0.9642999768257141,0.029400000348687172,0.7059999704360962,0.4212999939918518,0.04940108339055449,0.38471808957045717,0.5960555428397054,0.9489204242008089,0.009727626459143934,0.6921873807888925,0.4285877775234628,7.582417582417577,9.375824175824178,3.1658119658119688,9.64786324786325,2.3125763125763132,0.15873015873015817,3.2063492063492056,0.0
588681.715249493,180,0.08,0.03799999877810478,0.40119999647140503,0.6014999747276306,0.9642999768257141,0.029400000348687172,0.7059999704360962,0.4212999939918518,0.04940108339055449,0.38471808957045717,0.5960555428397054,0.9489204242008089,0.009727626459143934,0.6921873807888925,0.4285877775234628,7.582417582417577,9.349450549450552,3.1794871794871824,9.634188034188035,2.3125763125763132,0.16361416361416303,3.2014652014652007,0.0
588681.795240141,181,0.08,0.03799999877810478,0.40119999647140503,0.6014999747276306,0.9642999768257141,0.029400000348687172,0.7059999704360962,0.4212999939918518,0.04940108339055449,0.38471808957045717,0.5960555428397054,0.9489204242008089,0.009727626459143934,0.6921873807888925,0.4285877775234628,7.582417582417577,9.375824175824178,3.1794871794871824,9.64786324786325,2.3125763125763132,0.16361416361416303,3.2063492063492056,0.0
588681.875243272,182,0.08,0.03799999877810478,0.40119999647140503,0.6014999747276306,0.9642999768257141,0.029400000348687172,0.7059999704360962,0.4212999939918518,0.04940108339055449,0.38471808957045717,0.5960555428397054,0.9489204242008089,0.009727626459143934,0.6921873807888925,0.4285877775234628,7.582417582417577,9.349450549450552,3.1658119658119688,9.634188034188035,2.3125763125763132,0.15873015873015817,3.2063492063492056,0.0
588681.955249794,183,0.08,0.03799999877810478,0.40119999647140503,0.6014999747276306,0.9642999768257141,0.029400000348687172,0.7059999704360962,0.4212999939918518,0.04940108339055449,0.38471808957045717,0.5960555428397054,0.9489204242008089,0.009727626459143934,0.6921873807888925,0.4285877775234628,7.582417582417577,9.349450549450552,3.1794871794871824,9.620512820512815,2.3125763125763132,0.15873015873015817,3.2063492063492056,0.0
588682.035245061,184,0.08,0.03799999877810478,0.40119999647140503,0.6014999747276306,0.9642999768257141,0.029400000348687172,0.7059999704360962,0.4212999939918518,0.04940108339055449,0.38471808957045717,0.5960555428397054,0.9489204242008089,0.009727626459143934,0.6921873807888925,0.4285877775234628,7.582417582417577,9.349450549450552,3.1794871794871824,9.634188034188035,2.3076923076923084,0.15873015873015817,3.2063492063492056,0.0
588682.115262976,185,0.08,0.03799999877810478,0.40119999647140503,0.6014999747276306,0.9642999768257141,0.029400000348687172,0.7059999704360962,0.4212999939918518,0.04940108339055449,0.38471808957045717,0.5960555428397054,0.9489204242008089,0.009727626459143934,0.6921873807888925,0.4285877775234628,7.582417582417577,9.349450549450552,3.152136752136755,9.634188034188035,2.3076923076923084,0.15873015873015817,3.2063492063492056,0.0
588682.195241795,186,0.08,0.03799999877810478,0.40119999647140503,0.6014999747276306,0.9642999768257141,0.029400000348687172,0.7059999704360962,0.4212999939918518,0.04940108339055449,0.38471808957045717,0.5960555428397054,0.9489204242008089,0.009727626459143934,0.6921873807888925,0.4285877775234628,7.582417582417577,9.349450549450552,3.1794871794871824,9.634188034188035,2.3125763125763132,0.15873015873015817,3.2112332112332105,0.0
588682.275266444,187,0.08,0.03799999877810478,0.40119999647140503,0.6014999747276306,0.9642999768257141,0.029400000348687172,0.7059999704360962,0.4212999939918518,0.04940108339055449,0.38471808957045717,0.5960555428397054,0.9489204242008089,0.009727626459143934,0.6921873807888925,0.4285877775234628,7.582417582417577,9.349450549450552,3.1658119658119688,9.620512820512815,2.3125763125763132,0.15873015873015817,3.2063492063492056,0.0
588682.355291102,188,0.08,0.03799999877810478,0.40119999647140503,0.6014999747276306,0.9642999768257141,0.029400000348687172,0.7059999704360962,0.4212999939918518,0.04940108339055449,0.38471808957045717,0.5960555428397054,0.9489204242008089,0.009727626459143934,0.6921873807888925,0.4285877775234628,7.582417582417577,9.349450549450552,3.1658119658119688,9.64786324786325,2.3125763125763132,0.15873015873015817,3.2063492063492056,0.0
588682.435247246,189,0.08,0.03799999877810478,0.40119999647140503,0.6014999747276306,0.9642999768257141,0.029400000348687172,0.7059999704360962,0.4212999939918518,0.04940108339055449,0.38471808957045717,0.5960555428397054,0.9489204242008089,0.009727626459143934,0.6921873807888925,0.4285877775234628,7.582417582417577,9.349450549450552,3.1794871794871824,9.634188034188035,2.3125763125763132,0.15873015873015817,3.2063492063492056,0.0
588682.515261056,190,0.08,0.03799999877810478,0.40119999647140503,0.6014999747276306,0.9642999768257141,0.029400000348687172,0.7059999704360962,0.4212999939918518,0.04940108339055449,0.38471808957045717,0.5960555428397054,0.9489204242008089,0.009727626459143934,0.6921873807888925,0.4285877775234628,7.582417582417577,9.375824175824178,3.1658119658119688,9.620512820512815,2.3125763125763132,0.15873015873015817,3.2112332112332105,0.0
588682.595246623,191,0.08,0.03799999877810478,0.40119999647140503,0.6014999747276306,0.9642999768257141,0.029400000348687172,0.7059999704360962,0.4212999939918518,0.04940108339055449,0.38471808957045717,0.5960555428397054,0.9489204242008089,0.009727626459143934,0.6921873807888925,0.4285877775234628,7.582417582417577,9.375824175824178,3.1658119658119688,9.620512820512815,2.3076923076923084,0.15873015873015817,3.2112332112332105,0.0
588682.675240403,192,0.08,0.03799999877810478,0.40119999647140503,0.6014999747276306,0.9642999768257141,0.029400000348687172,0.7059999704360962,0.4212999939918518,0.04940108339055449,0.38471808957045717,0.5960555428397054,0.9489204242008089,0.009727626459143934,0.6921873807888925,0.4285877775234628,7.582417582417577,9.375824175824178,3.1794871794871824,9.634188034188035,2.3125763125763132,0.16361416361416303,3.2014652014652007,0.0
588682.755245138,193,0.08,0.03799999877810478,0.40119999647140503,0.6014999747276306,0.9642999768257141,0.029400000348687172,0.7059999704360962,0.4212999939918518,0.04940108339055449,0.38471808957045717,0.5960555428397054,0.9489204242008089,0.009727626459143934,0.6921873807888925,0.4285877775234628,7.582417582417577,9.349450549450552,3.1658119658119688,9.634188034188035,2.3125763125763132,0.15873015873015817,3.2014652014652007,0.0
588682.83524013,194,0.08,0.03799999877810478,0.40119999647140503,0.6014999747276306,0.9642999768257141,0.029400000348687172,0.7059999704360962,0.4212999939918518,0.04940108339055449,0.38471808957045717,0.5960555428397054,0.9489204242008089,0.009727626459143934,0.6921873807888925,0.4285877775234628,7.582417582417577,9.349450549450552,3.1658119658119688,9.620512820512815,2.3125763125763132,0.15873015873015817,3.2063492063492056,0.0
588682.915244892,195,0.08,0.03799999877810478,0.40119999647140503,0.6014999747276306,0.9642999768257141,0.029400000348687172,0.7059999704360962,0.4212999939918518,0.04940108339055449,0.38471808957045717,0.5960555428397054,0.9489204242008089,0.009727626459143934,0.6921873807888925,0.4285877775234628,7.582417582417577,9.375824175824178,3.1658119658119688,9.620512820512815,2.3125763125763132,0.15873015873015817,3.2014652014652007,0.0
588682.99524329,196,0.08,0.03799999877810478,0.40119999647140503,0.6014999747276306,0.9642999768257141,0.029400000348687172,0.7059999704360962,0.4212999939918518,0.04940108339055449,0.38471808957045717,0.5960555428397054,0.9489204242008089,0.009727626459143934,0.6921873807888925,0.4285877775234628,7.582417582417577,9.375824175824178,3.1658119658119688,9.634188034188035,2.3076923076923084,0.15873015873015817,3.2063492063492056,0.0
588683.075249529,197,0.08,0.03799999877810478,0.40119999647140503,0.6014999747276306,0.9642999768257141,0.029400000348687172,0.7059999704360962,0.4212999939918518,0.04940108339055449,0.38471808957045717,0.5960555428397054,0.9489204242008089,0.009727626459143934,0.6921873807888925,0.4285877775234628,7.582417582417577,9.349450549450552,3.1794871794871824,9.634188034188035,2.3125763125763132,0.15873015873015817,3.2112332112332105,0.0
588683.155249028,198,0.08,0.03799999877810478,0.40119999647140503,0.6014999747276306,0.9642999768257141,0.029400000348687172,0.7059999704360962,0.4212999939918518,0.04940108339055449,0.38471808957045717,0.5960555428397054,0.9489204242008089,0.009727626459143934,0.6921873807888925,0.4285877775234628,7.608791208791203,9.349450549450552,3.1794871794871824,9.620512820512815,2.3125763125763132,0.16361416361416303,3.2014652014652007,0.0
588683.23524697,199,0.08,0.03799999877810478,0.40119999647140503,0.6014999747276306,0.9642999768257141,0.029400000348687172,0.7059999704360962,0.4212999939918518,0.04940108339055449,0.38471808957045717,0.5960555428397054,0.9489204242008089,0.009727626459143934,0.6918059052414751,0.4285877775234628,7.582417582417577,9.349450549450552,3.1794871794871824,9.64786324786325,2.3076923076923084,0.16361416361416303,3.2063492063492056,0.0
588683.315250212,200,0.08,0.03799999877810478,0.40119999647140503,0.6014999747276306,0.9642999768257141,0.029400000348687172,0.7059999704360962,0.4212999939918518,0.04940108339055449,0.38471808957045717,0.5960555428397054,0.9489204242008089,0.009727626459143934,0.6918059052414751,0.4285877775234628,7.582417582417577,9.349450549450552,3.1658119658119688,9.634188034188035,2.3076923076923084,0.15873015873015817,3.2112332112332105,0.0
588683.395241484,201,0.08,0.03799999877810478,0.40119999647140503,0.6014999747276306,0.9642999768257141,0.029400000348687172,0.7059999704360962,0.4212999939918518,0.04940108339055449,0.38471808957045717,0.5960555428397054,0.9489204242008089,0.009727626459143934,0.6918059052414751,0.4285877775234628,7.582417582417577,9.349450549450552,3.1794871794871824,9.634188034188035,2.3125763125763132,0.15873015873015817,3.2063492063492056,0.0
588683.475380639,202,0.08,0.03799999877810478,0.40119999647140503,0.6014999747276306,0.9642999768257141,0.029400000348687172,0.7059999704360962,0.4212999939918518,0.04940108339055449,0.38471808957045717,0.5960555428397054,0.9489204242008089,0.009727626459143934,0.6918059052414751,0.4285877775234628,7.582417582417577,9.375824175824178,3.1658119658119688,9.634188034188035,2.3125763125763132,0.15873015873015817,3.2112332112332105,0.0
588683.555247264,203,0.08,0.03799999877810478,0.40119999647140503,0.6014999747276306,0.9642999768257141,0.029400000348687172,0.7059999704360962,0.4212999939918518,0.04940108339055449,0.38471808957045717,0.5960555428397054,0.9489204242008089,0.009727626459143934,0.6918059052414751,0.4285877775234628,7.582417582417577,9.375824175824178,3.152136752136755,9.634188034188035,2.3125763125763132,0.16361416361416303,3.2063492063492056,0.0
588683.635241263,204,0.08,0.03799999877810478,0.40119999647140503,0.6014999747276306,0.9642999768257141,0.029400000348687172,0.7059999704360962,0.4212999939918518,0.04940108339055449,0.38471808957045717,0.5960555428397054,0.9489204242008089,0.009727626459143934,0.6921873807888925,0.4285877775234628,7.582417582417577,9.349450549450552,3.1658119658119688,9.620512820512815,2.3125763125763132,0.15873015873015817,3.2063492063492056,0.0
588683.715246696,205,0.08,0.03799999877810478,0.40119999647140503,0.6014999747276306,0.9642999768257141,0.029400000348687172,0.7059999704360962,0.4212999939918518,0.04940108339055449,0.38471808957045717,0.5960555428397054,0.9489204242008089,0.009727626459143934,0.6921873807888925,0.4285877775234628,7.582417582417577,9.375824175824178,3.1658119658119688,9.634188034188035,2.3125763125763132,0.15873015873015817,3.2014652014652007,0.0
588683.795256637,206,0.08,0.03799999877810478,0.40119999647140503,0.6014999747276306,0.9642999768257141,0.029400000348687172,0.7059999704360962,0.4212999939918518,0.04940108339055449,0.38471808957045717,0.5960555428397054,0.9489204242008089,0.009727626459143934,0.6921873807888925,0.4285877775234628,7.582417582417577,9.349450549450552,3.1794871794871824,9.634188034188035,2.3125763125763132,0.16361416361416303,3.2063492063492056,0.0
588683.875247064,207,0.08,0.03799999877810478,0.40119999647140503,0.6014999747276306,0.9642999768257141,0.029400000348687172,0.7059999704360962,0.4212999939918518,0.04940108339055449,0.38471808957045717,0.5960555428397054,0.9489204242008089,0.009727626459143934,0.6921873807888925,0.4285877775234628,7.582417582417577,9.375824175824178,3.1794871794871824,9.620512820512815,2.3125763125763132,0.15873015873015817,3.2112332112332105,0.0
588683.955246773,208,0.08,0.03799999877810478,0.40119999647140503,0.6014999747276306,0.9642999768257141,0.029400000348687172,0.7059999704360962,0.4212999939918518,0.04940108339055449,0.38471808957045717,0.5960555428397054,0.9489204242008089,0.009727626459143934,0.6921873807888925,0.4285877775234628,7.582417582417577,9.349450549450552,3.1658119658119688,9.634188034188035,2.3125763125763132,0.15873015873015817,3.2112332112332105,0.0
588684.035266531,209,0.08,0.03799999877810478,0.40119999647140503,0.6014999747276306,0.9642999768257141,0.029400000348687172,0.7059999704360962,0.4212999939918518,0.04940108339055449,0.38471808957045717,0.5960555428397054,0.9489204242008089,0.009727626459143934,0.6921873807888925,0.4285877775234628,7.582417582417577,9.349450549450552,3.1794871794871824,9.620512820512815,2.3125763125763132,0.16361416361416303,3.2063492063492056,0.0
588684.115254158,210,0.08,0.03799999877810478,0.40119999647140503,0.6014999747276306,0.9642999768257141,0.029400000348687172,0.7059999704360962,0.4212999939918518,0.04940108339055449,0.38471808957045717,0.5960555428397054,0.9489204242008089,0.009727626459143934,0.6921873807888925,0.4285877775234628,7.582417582417577,9.349450549450552,3.1794871794871824,9.620512820512815,2.3125763125763132,0.15873015873015817,3.2014652014652007,0.0
588684.195241058,211,0.08,0.03799999877810478,0.40119999647140503,0.6014999747276306,0.9642999768257141,0.029400000348687172,0.7059999704360962,0.4212999939918518,0.04940108339055449,0.38471808957045717,0.5960555428397054,0.9489204242008089,0.009727626459143934,0.6921873807888925,0.4285877775234628,7.582417582417577,9.349450549450552,3.1794871794871824,9.620512820512815,2.3125763125763132,0.15873015873015817,3.2063492063492056,0.0
588684.275259882,212,0.08,0.03799999877810478,0.40119999647140503,0.6014999747276306,0.9642999768257141,0.029400000348687172,0.7059999704360962,0.4212999939918518,0.04940108339055449,0.38471808957045717,0.5960555428397054,0.9489204242008089,0.009727626459143934,0.6921873807888925,0.4285877775234628,7.582417582417577,9.375824175824178,3.1794871794871824,9.620512820512815,2.3076923076923084,0.16361416361416303,3.2112332112332105,0.0
588684.355249123,213,0.08,0.03799999877810478,0.40119999647140503,0.6014999747276306,0.9642999768257141,0.029400000348687172,0.7059999704360962,0.4212999939918518,0.04940108339055449,0.38471808957045717,0.5960555428397054,0.9489204242008089,0.009727626459143934,0.6921873807888925,0.4285877775234628,7.582417582417577,9.349450549450552,3.1794871794871824,9.634188034188035,2.3125763125763132,0.15873015873015817,3.2063492063492056,0.0
588684.435245432,214,0.08,0.03799999877810478,0.40119999647140503,0.6014999747276306,0.9642999768257141,0.029400000348687172,0.7059999704360962,0.4212999939918518,0.04940108339055449,0.38471808957045717,0.5960555428397054,0.9489204242008089,0.009727626459143934,0.6921873807888925,0.4285877775234628,7.582417582417577,9.349450549450552,3.1794871794871824,9.634188034188035,2.3125763125763132,0.15873015873015817,3.2112332112332105,0.0
588684.515248116,215,0.08,0.03799999877810478,0.40119999647140503,0.6014999747276306,0.9642999768257141,0.029400000348687172,0.7059999704360962,0.4212999939918518,0.04940108339055449,0.38471808957045717,0.5960555428397054,0.9489204242008089,0.009727626459143934,0.6921873807888925,0.4285877775234628,7.582417582417577,9.349450549450552,3.1658119658119688,9.634188034188035,2.3125763125763132,0.16361416361416303,3.2112332112332105,0.0
588684.595246145,216,0.08,0.03799999877810478,0.40119999647140503,0.6014999747276306,0.9642999768257141,0.029400000348687172,0.7059999704360962,0.4212999939918518,0.04940108339055449,0.38471808957045717,0.5960555428397054,0.9489204242008089,0.009727626459143934,0.6918059052414751,0.4285877775234628,7.582417582417577,9.349450549450552,3.1794871794871824,9.64786324786325,2.3125763125763132,0.16361416361416303,3.2112332112332105,0.0
588684.67526411,217,0.08,0.03799999877810478,0.40119999647140503,0.6014999747276306,0.9642999768257141,0.029400000348687172,0.7059999704360962,0.4212999939918518,0.04940108339055449,0.38471808957045717,0.5960555428397054,0.9489204242008089,0.009727626459143934,0.6918059052414751,0.4285877775234628,7.582417582417577,9.349450549450552,3.1658119658119688,9.634188034188035,2.3125763125763132,0.16361416361416303,3.2014652014652007,0.0
588684.755240918,218,0.08,0.03799999877810478,0.40119999647140503,0.6014999747276306,0.9642999768257141,0.029400000348687172,0.7059999704360962,0.4212999939918518,0.04940108339055449,0.38471808957045717,0.5960555428397054,0.9489204242008089,0.009727626459143934,0.6918059052414751,0.4285877775234628,7.582417582417577,9.349450549450552,3.152136752136755,9.620512820512815,2.3125763125763132,0.16361416361416303,3.2014652014652007,0.0
588684.835251835,219,0.08,0.03799999877810478,0.40119999647140503,0.6014999747276306,0.9642999768257141,0.029400000348687172,0.7059999704360962,0.4212999939918518,0.04940108339055449,0.38471808957045717,0.5960555428397054,0.9489204242008089,0.009727626459143934,0.6918059052414751,0.4285877775234628,7.582417582417577,9.349450549450552,3.1658119658119688,9.620512820512815,2.3125763125763132,0.15873015873015817,3.2063492063492056,0.0
588684.915246236,220,0.08,0.03799999877810478,0.40119999647140503,0.6014999747276306,0.9642999768257141,0.029400000348687172,0.7059999704360962,0.4212999939918518,0.04940108339055449,0.38471808957045717,0.5960555428397054,0.9489204242008089,0.009727626459143934,0.6921873807888925,0.4285877775234628,7.582417582417577,9.375824175824178,3.1658119658119688,9.620512820512815,2.3076923076923084,0.15873015873015817,3.2063492063492056,0.0
588684.995250535,221,0.08,0.03799999877810478,0.40119999647140503,0.6014999747276306,0.9642999768257141,0.029400000348687172,0.7059999704360962,0.4212999939918518,0.04940108339055449,0.38471808957045717,0.5960555428397054,0.9489204242008089,0.009727626459143934,0.6921873807888925,0.4285877775234628,7.582417582417577,9.375824175824178,3.1658119658119688,9.620512820512815,2.3125763125763132,0.15873015873015817,3.2112332112332105,0.0
588685.075246355,222,0.08,0.03799999877810478,0.40119999647140503,0.6014999747276306,0.9642999768257141,0.029400000348687172,0.7059999704360962,0.4212999939918518,0.04940108339055449,0.38471808957045717,0.5960555428397054,0.9489204242008089,0.009727626459143934,0.6921873807888925,0.4285877775234628,7.582417582417577,9.349450549450552,3.1794871794871824,9.634188034188035,2.3125763125763132,0.16361416361416303,3.2014652014652007,0.0
588685.155243988,223,0.08,0.03799999877810478,0.40119999647140503,0.6014999747276306,0.9642999768257141,0.029400000348687172,0.7059999704360962,0.4212999939918518,0.04940108339055449,0.38471808957045717,0.5960555428397054,0.9489204242008089,0.009727626459143934,0.6921873807888925,0.4285877775234628,7.582417582417577,9.349450549450552,3.152136752136755,9.64786324786325,2.3125763125763132,0.15873015873015817,3.2063492063492056,0.0
588685.235247573,224,0.08,0.03799999877810478,0.40119999647140503,0.6014999747276306,0.9642999768257141,0.029400000348687172,0.7059999704360962,0.4212999939918518,0.04940108339055449,0.38471808957045717,0.5960555428397054,0.9489204242008089,0.009727626459143934,0.6921873807888925,0.4285877775234628,7.582417582417577,9.349450549450552,3.1658119658119688,9.634188034188035,2.3125763125763132,0.16361416361416303,3.2063492063492056,0.0
588685.315247842,225,0.08,0.03799999877810478,0.40119999647140503,0.6014999747276306,0.9642999768257141,0.029400000348687172,0.7059999704360962,0.4212999939918518,0.04940108339055449,0.38471808957045717,0.5960555428397054,0.9489204242008089,0.009727626459143934,0.6921873807888925,0.4285877775234628,7.582417582417577,9.349450549450552,3.1794871794871824,9.64786324786325,2.3076923076923084,0.15873015873015817,3.2112332112332105,0.0
588685.395280048,226,0.08,0.03799999877810478,0.40119999647140503,0.6014999747276306,0.9642999768257141,0.029400000348687172,0.7059999704360962,0.4212999939918518,0.04940108339055449,0.38471808957045717,0.5960555428397054,0.9489204242008089,0.009727626459143934,0.6921873807888925,0.4285877775234628,7.582417582417577,9.349450549450552,3.1794871794871824,9.64786324786325,2.3125763125763132,0.16361416361416303,3.2063492063492056,0.0
588685.475241108,227,0.08,0.03799999877810478,0.40119999647140503,0.6014999747276306,0.9642999768257141,0.029400000348687172,0.7059999704360962,0.4212999939918518,0.04940108339055449,0.38471808957045717,0.5960555428397054,0.9489204242008089,0.009727626459143934,0.6921873807888925,0.4285877775234628,7.582417582417577,9.349450549450552,3.1658119658119688,9.64786324786325,2.3125763125763132,0.15873015873015817,3.2014652014652007,0.0
588685.555245489,228,0.08,0.03799999877810478,0.40119999647140503,0.6014999747276306,0.9642999768257141,0.029400000348687172,0.7059999704360962,0.4212999939918518,0.04940108339055449,0.38471808957045717,0.5960555428397054,0.9489204242008089,0.009727626459143934,0.6921873807888925,0.4285877775234628,7.582417582417577,9.349450549450552,3.1658119658119688,9.620512820512815,2.3076923076923084,0.1538461538461533,3.2014652014652007,0.0
588685.635245147,229,0.08,0.03799999877810478,0.40119999647140503,0.6014999747276306,0.9642999768257141,0.029400000348687172,0.7059999704360962,0.4212999939918518,0.04940108339055449,0.38471808957045717,0.5960555428397054,0.9489204242008089,0.009727626459143934,0.6921873807888925,0.4285877775234628,7.582417582417577,9.349450549450552,3.1658119658119688,9.634188034188035,2.3125763125763132,0.16361416361416303,3.2014652014652007,0.0
588685.715248769,230,0.08,0.03799999877810478,0.40119999647140503,0.6014999747276306,0.9642999768257141,0.029400000348687172,0.7059999704360962,0.4212999939918518,0.04940108339055449,0.38471808957045717,0.5960555428397054,0.9489204242008089,0.009727626459143934,0.6921873807888925,0.4285877775234628,7.582417582417577,9.375824175824178,3.1794871794871824,9.634188034188035,2.3076923076923084,0.15873015873015817,3.2014652014652007,0.0
588685.795247936,231,0.08,0.03799999877810478,0.40119999647140503,0.6014999747276306,0.9642999768257141,0.029400000348687172,0.7059999704360962,0.4212999939918518,0.04940108339055449,0.38471808957045717,0.5960555428397054,0.9489204242008089,0.009727626459143934,0.6921873807888925,0.4285877775234628,7.582417582417577,9.349450549450552,3.1658119658119688,9.634188034188035,2.3125763125763132,0.15873015873015817,3.2063492063492056,0.0
588685.875240718,232,0.08,0.03799999877810478,0.40119999647140503,0.6014999747276306,0.9642999768257141,0.029400000348687172,0.7059999704360962,0.4212999939918518,0.04940108339055449,0.38471808957045717,0.5960555428397054,0.9489204242008089,0.009727626459143934,0.6921873807888925,0.4285877775234628,7.582417582417577,9.349450549450552,3.1658119658119688,9.64786324786325,2.3125763125763132,0.16361416361416303,3.2014652014652007,0.0
588685.955247761,233,0.08,0.03799999877810478,0.40119999647140503,0.6014999747276306,0.9642999768257141,0.029400000348687172,0.7059999704360962,0.4212999939918518,0.04940108339055449,0.38471808957045717,0.5960555428397054,0.9489204242008089,0.009727626459143934,0.6921873807888925,0.4285877775234628,7.582417582417577,9.375824175824178,3.1658119658119688,9.64786324786325,2.3125763125763132,0.15873015873015817,3.2063492063492056,0.0
588686.035237395,234,0.08,0.03799999877810478,0.40119999647140503,0.6014999747276306,0.9642999768257141,0.029400000348687172,0.7059999704360962,0.4212999939918518,0.04940108339055449,0.38471808957045717,0.5960555428397054,0.9489204242008089,0.009727626459143934,0.6921873807888925,0.4285877775234628,7.582417582417577,9.349450549450552,3.1658119658119688,9.634188034188035,2.3125763125763132,0.1538461538461533,3.2014652014652007,0.0
588686.115240588,235,0.08,0.03799999877810478,0.40119999647140503,0.6014999747276306,0.9642999768257141,0.029400000348687172,0.7059999704360962,0.4212999939918518,0.04940108339055449,0.38471808957045717,0.5960555428397054,0.9489204242008089,0.009727626459143934,0.6921873807888925,0.4285877775234628,7.582417582417577,9.349450549450552,3.1658119658119688,9.620512820512815,2.3076923076923084,0.15873015873015817,3.2063492063492056,0.0
588686.195229506,236,0.08,0.03799999877810478,0.40119999647140503,0.6014999747276306,0.9642999768257141,0.029400000348687172,0.7059999704360962,0.4212999939918518,0.04940108339055449,0.38471808957045717,0.5960555428397054,0.9489204242008089,0.009727626459143934,0.6921873807888925,0.4285877775234628,7.582417582417577,9.349450549450552,3.1658119658119688,9.634188034188035,2.3125763125763132,0.15873015873015817,3.2014652014652007,0.0
588686.275247287,237,0.08,0.03799999877810478,0.40119999647140503,0.6014999747276306,0.9642999768257141,0.029400000348687172,0.7059999704360962,0.4212999939918518,0.04940108339055449,0.38471808957045717,0.5960555428397054,0.9489204242008089,0.009727626459143934,0.6921873807888925,0.4285877775234628,7.582417582417577,9.375824175824178,3.1794871794871824,9.634188034188035,2.3125763125763132,0.16361416361416303,3.2063492063492056,0.0
588686.355247426,238,0.08,0.03799999877810478,0.40119999647140503,0.6014999747276306,0.9642999768257141,0.029400000348687172,0.7059999704360962,0.4212999939918518,0.04940108339055449,0.38471808957045717,0.5960555428397054,0.9489204242008089,0.009727626459143934,0.6921873807888925,0.4285877775234628,7.582417582417577,9.349450549450552,3.1794871794871824,9.634188034188035,2.3125763125763132,0.15873015873015817,3.2112332112332105,0.0
588686.43524071,239,0.08,0.03799999877810478,0.40119999647140503,0.6014999747276306,0.9642999768257141,0.029400000348687172,0.7059999704360962,0.4212999939918518,0.04940108339055449,0.38471808957045717,0.5960555428397054,0.9489204242008089,0.009727626459143934,0.6921873807888925,0.4285877775234628,7.582417582417577,9.349450549450552,3.1794871794871824,9.64786324786325,2.3125763125763132,0.15873015873015817,3.2063492063492056,0.0
588686.515248793,240,0.08,0.03799999877810478,0.40119999647140503,0.6014999747276306,0.9642999768257141,0.029400000348687172,0.7059999704360962,0.4212999939918518,0.04940108339055449,0.38471808957045717,0.5960555428397054,0.9489204242008089,0.009727626459143934,0.6921873807888925,0.4285877775234628,7.582417582417577,9.349450549450552,3.1658119658119688,9.634188034188035,2.3125763125763132,0.15873015873015817,3.2112332112332105,0.0
588686.595241949,241,0.08,0.03799999877810478,0.40119999647140503,0.6014999747276306,0.9642999768257141,0.029400000348687172,0.7059999704360962,0.4212999939918518,0.04940108339055449,0.38471808957045717,0.5960555428397054,0.9489204242008089,0.009727626459143934,0.6918059052414751,0.4285877775234628,7.582417582417577,9.349450549450552,3.1658119658119688,9.634188034188035,2.3125763125763132,0.16361416361416303,3.2063492063492056,0.0
588686.675245363,242,0.08,0.03799999877810478,0.40119999647140503,0.6014999747276306,0.9642999768257141,0.029400000348687172,0.7059999704360962,0.4212999939918518,0.04940108339055449,0.38471808957045717,0.5960555428397054,0.9489204242008089,0.009727626459143934,0.6918059052414751,0.4285877775234628,7.582417582417577,9.375824175824178,3.1794871794871824,9.620512820512815,2.3125763125763132,0.16361416361416303,3.2063492063492056,0.0
588686.755802945,243,0.08,0.03799999877810478,0.40119999647140503,0.6014999747276306,0.9642999768257141,0.029400000348687172,0.7059999704360962,0.4212999939918518,0.04940108339055449,0.38471808957045717,0.5960555428397054,0.9489204242008089,0.009727626459143934,0.6918059052414751,0.4285877775234628,7.582417582417577,9.349450549450552,3.1794871794871824,9.634188034188035,2.3125763125763132,0.15873015873015817,3.2063492063492056,0.0
588686.835250931,244,0.08,0.03799999877810478,0.40119999647140503,0.6014999747276306,0.9642999768257141,0.029400000348687172,0.7059999704360962,0.4212999939918518,0.04940108339055449,0.38471808957045717,0.5960555428397054,0.9489204242008089,0.009727626459143934,0.6918059052414751,0.4285877775234628,7.582417582417577,9.349450549450552,3.1794871794871824,9.620512820512815,2.3125763125763132,0.15873015873015817,3.2014652014652007,0.0
588686.915248307,245,0.08,0.03799999877810478,0.40119999647140503,0.6014999747276306,0.9642999768257141,0.029400000348687172,0.7059999704360962,0.4212999939918518,0.04940108339055449,0.38471808957045717,0.5960555428397054,0.9489204242008089,0.009727626459143934,0.6918059052414751,0.4285877775234628,7.582417582417577,9.349450549450552,3.1658119658119688,9.64786324786325,2.3125763125763132,0.16361416361416303,3.2112332112332105,0.0
588686.995245814,246,0.08,0.03799999877810478,0.40119999647140503,0.6014999747276306,0.9642999768257141,0.029400000348687172,0.7059999704360962,0.4212999939918518,0.04940108339055449,0.38471808957045717,0.5960555428397054,0.9489204242008089,0.009727626459143934,0.6918059052414751,0.4285877775234628,7.582417582417577,9.375824175824178,3.1794871794871824,9.634188034188035,2.3125763125763132,0.15873015873015817,3.2063492063492056,0.0
588687.075373973,247,0.08,0.03799999877810478,0.40119999647140503,0.6014999747276306,0.9642999768257141,0.029400000348687172,0.7059999704360962,0.4212999939918518,0.04940108339055449,0.38471808957045717,0.5960555428397054,0.9489204242008089,0.009727626459143934,0.6918059052414751,0.4285877775234628,7.582417582417577,9.349450549450552,3.1658119658119688,9.620512820512815,2.3125763125763132,0.15873015873015817,3.2014652014652007,0.0
588687.155246198,248,0.08,0.03799999877810478,0.40119999647140503,0.6014999747276306,0.9642999768257141,0.029400000348687172,0.7059999704360962,0.4212999939918518,0.04940108339055449,0.38471808957045717,0.5960555428397054,0.9489204242008089,0.009727626459143934,0.6921873807888925,0.4285877775234628,7.582417582417577,9.349450549450552,3.1658119658119688,9.620512820512815,2.3125763125763132,0.15873015873015817,3.2014652014652007,0.0
588687.235522951,249,0.08,0.03799999877810478,0.40119999647140503,0.6014999747276306,0.9642999768257141,0.029400000348687172,0.7059999704360962,0.4212999939918518,0.04940108339055449,0.38471808957045717,0.5960555428397054,0.9489204242008089,0.009727626459143934,0.6921873807888925,0.4285877775234628,7.582417582417577,9.375824175824178,3.1658119658119688,9.634188034188035,2.3125763125763132,0.15873015873015817,3.2063492063492056,0.0
588687.315255691,250,0.08,0.03799999877810478,0.40119999647140503,0.6014999747276306,0.9642999768257141,0.029400000348687172,0.7059999704360962,0.4212999939918518,0.04940108339055449,0.38471808957045717,0.5960555428397054,0.9489204242008089,0.009727626459143934,0.6921873807888925,0.4285877775234628,7.582417582417577,9.375824175824178,3.1658119658119688,9.634188034188035,2.3125763125763132,0.15873015873015817,3.2063492063492056,0.0
588687.395250321,251,0.08,0.03799999877810478,0.40119999647140503,0.6014999747276306,0.9642999768257141,0.029400000348687172,0.7059999704360962,0.4212999939918518,0.04940108339055449,0.38471808957045717,0.5960555428397054,0.9489204242008089,0.009727626459143934,0.6921873807888925,0.4285877775234628,7.582417582417577,9.349450549450552,3.1794871794871824,9.634188034188035,2.3125763125763132,0.15873015873015817,3.2063492063492056,0.0
588687.475245657,252,0.08,0.03799999877810478,0.40119999647140503,0.6014999747276306,0.9642999768257141,0.029400000348687172,0.7059999704360962,0.4212999939918518,0.04940108339055449,0.38471808957045717,0.5960555428397054,0.9489204242008089,0.009727626459143934,0.6921873807888925,0.4285877775234628,7.582417582417577,9.349450549450552,3.1658119658119688,9.634188034188035,2.3125763125763132,0.15873015873015817,3.2063492063492056,0.0
588687.55524149,253,0.08,0.03799999877810478,0.40119999647140503,0.6014999747276306,0.9642999768257141,0.029400000348687172,0.7059999704360962,0.4212999939918518,0.04940108339055449,0.38471808957045717,0.5960555428397054,0.9489204242008089,0.009727626459143934,0.6921873807888925,0.4285877775234628,7.582417582417577,9.375824175824178,3.1658119658119688,9.620512820512815,2.3076923076923084,0.16361416361416303,3.2112332112332105,0.0
588687.635248876,254,0.08,0.03799999877810478,0.40119999647140503,0.6014999747276306,0.9642999768257141,0.029400000348687172,0.7059999704360962,0.4212999939918518,0.04940108339055449,0.38471808957045717,0.5960555428397054,0.9489204242008089,0.009727626459143934,0.6921873807888925,0.4285877775234628,7.582417582417577,9.375824175824178,3.1794871794871824,9.620512820512815,2.3125763125763132,0.16361416361416303,3.2063492063492056,0.0
588687.715260843,255,0.08,0.03799999877810478,0.40119999647140503,0.6014999747276306,0.9642999768257141,0.029400000348687172,0.7059999704360962,0.4212999939918518,0.04940108339055449,0.38471808957045717,0.5960555428397054,0.9489204242008089,0.009727626459143934,0.6918059052414751,0.4285877775234628,7.582417582417577,9.375824175824178,3.1658119658119688,9.634188034188035,2.3125763125763132,0.15873015873015817,3.2014652014652007,0.0
588687.795240258,256,0.08,0.03799999877810478,0.40119999647140503,0.6014999747276306,0.9642999768257141,0.029400000348687172,0.7059999704360962,0.4212999939918518,0.04940108339055449,0.38471808957045717,0.5960555428397054,0.9489204242008089,0.009727626459143934,0.6918059052414751,0.4285877775234628,7.582417582417577,9.349450549450552,3.1794871794871824,9.634188034188035,2.3125763125763132,0.16361416361416303,3.2014652014652007,0.0
588687.875220732,257,0.08,0.03799999877810478,0.40119999647140503,0.6014999747276306,0.9642999768257141,0.029400000348687172,0.7059999704360962,0.4212999939918518,0.04940108339055449,0.38471808957045717,0.5960555428397054,0.9489204242008089,0.009727626459143934,0.6918059052414751,0.4285877775234628,7.582417582417577,9.349450549450552,3.1794871794871824,9.634188034188035,2.3125763125763132,0.15873015873015817,3.2063492063492056,0.0
588687.95524716,258,0.08,0.03799999877810478,0.40119999647140503,0.6014999747276306,0.9642999768257141,0.029400000348687172,0.7059999704360962,0.4212999939918518,0.04940108339055449,0.38471808957045717,0.5960555428397054,0.9489204242008089,0.009727626459143934,0.6918059052414751,0.4285877775234628,7.582417582417577,9.349450549450552,3.1794871794871824,9.634188034188035,2.3125763125763132,0.15873015873015817,3.2014652014652007,0.0
588688.035247047,259,0.08,0.03799999877810478,0.40119999647140503,0.6014999747276306,0.9642999768257141,0.029400000348687172,0.7059999704360962,0.4212999939918518,0.04940108339055449,0.38471808957045717,0.5960555428397054,0.9489204242008089,0.009727626459143934,0.6918059052414751,0.4285877775234628,7.582417582417577,9.349450549450552,3.1658119658119688,9.620512820512815,2.3125763125763132,0.16361416361416303,3.2063492063492056,0.0
588688.115244985,260,0.08,0.03799999877810478,0.40119999647140503,0.6014999747276306,0.9642999768257141,0.029400000348687172,0.7059999704360962,0.4212999939918518,0.04940108339055449,0.38471808957045717,0.5960555428397054,0.9489204242008089,0.009727626459143934,0.6918059052414751,0.4285877775234628,7.582417582417577,9.349450549450552,3.1794871794871824,9.620512820512815,2.3125763125763132,0.16361416361416303,3.2014652014652007,0.0
588688.195246429,261,0.08,0.03799999877810478,0.40119999647140503,0.6014999747276306,0.9642999768257141,0.029400000348687172,0.7059999704360962,0.4212999939918518,0.04940108339055449,0.38471808957045717,0.5960555428397054,0.9489204242008089,0.009727626459143934,0.6918059052414751,0.4285877775234628,7.582417582417577,9.349450549450552,3.1794871794871824,9.620512820512815,2.3125763125763132,0.15873015873015817,3.2014652014652007,0.0
588688.275242959,262,0.08,0.03799999877810478,0.40119999647140503,0.6014999747276306,0.9642999768257141,0.029400000348687172,0.7059999704360962,0.4212999939918518,0.04940108339055449,0.38471808957045717,0.5960555428397054,0.9489204242008089,0.009727626459143934,0.6918059052414751,0.4285877775234628,7.582417582417577,9.375824175824178,3.1794871794871824,9.634188034188035,2.3076923076923084,0.15873015873015817,3.2063492063492056,0.0
588688.355247809,263,0.08,0.03799999877810478,0.40119999647140503,0.6014999747276306,0.9642999768257141,0.029400000348687172,0.7059999704360962,0.4212999939918518,0.04940108339055449,0.38471808957045717,0.5960555428397054,0.9489204242008089,0.009727626459143934,0.6918059052414751,0.4285877775234628,7.582417582417577,9.349450549450552,3.1658119658119688,9.620512820512815,2.3125763125763132,0.16361416361416303,3.2112332112332105,0.0
588688.435256283,264,0.08,0.03799999877810478,0.40119999647140503,0.6014999747276306,0.9642999768257141,0.029400000348687172,0.7059999704360962,0.4212999939918518,0.04940108339055449,0.38471808957045717,0.5960555428397054,0.9489204242008089,0.009727626459143934,0.6918059052414751,0.4285877775234628,7.582417582417577,9.349450549450552,3.152136752136755,9.634188034188035,2.3125763125763132,0.16361416361416303,3.2063492063492056,0.0
588688.515237285,265,0.08,0.03799999877810478,0.40119999647140503,0.6014999747276306,0.9642999768257141,0.029400000348687172,0.7059999704360962,0.4212999939918518,0.04940108339055449,0.38471808957045717,0.5960555428397054,0.9489204242008089,0.009727626459143934,0.6918059052414751,0.4285877775234628,7.582417582417577,9.349450549450552,3.1794871794871824,9.634188034188035,2.3125763125763132,0.16361416361416303,3.2112332112332105,0.0
588688.59525249,266,0.08,0.03799999877810478,0.40119999647140503,0.6014999747276306,0.9642999768257141,0.029400000348687172,0.7059999704360962,0.4212999939918518,0.04940108339055449,0.38471808957045717,0.5960555428397054,0.9489204242008089,0.009727626459143934,0.6918059052414751,0.4285877775234628,7.582417582417577,9.375824175824178,3.1658119658119688,9.634188034188035,2.3125763125763132,0.16361416361416303,3.2063492063492056,0.0
588688.675246376,267,0.08,0.03799999877810478,0.40119999647140503,0.6014999747276306,0.9642999768257141,0.029400000348687172,0.7059999704360962,0.4212999939918518,0.04940108339055449,0.38471808957045717,0.5960555428397054,0.9489204242008089,0.009727626459143934,0.6918059052414751,0.4285877775234628,7.582417582417577,9.349450549450552,3.152136752136755,9.634188034188035,2.3125763125763132,0.15873015873015817,3.2063492063492056,0.0
588688.755244743,268,0.08,0.03799999877810478,0.40119999647140503,0.6014999747276306,0.9642999768257141,0.029400000348687172,0.7059999704360962,0.4212999939918518,0.04940108339055449,0.38471808957045717,0.5960555428397054,0.9489204242008089,0.009727626459143934,0.6918059052414751,0.4285877775234628,7.582417582417577,9.349450549450552,3.1658119658119688,9.64786324786325,2.3125763125763132,0.16361416361416303,3.2063492063492056,0.0
588688.835244297,269,0.08,0.03799999877810478,0.40119999647140503,0.6014999747276306,0.9642999768257141,0.029400000348687172,0.7059999704360962,0.4212999939918518,0.04940108339055449,0.38471808957045717,0.5960555428397054,0.9489204242008089,0.009727626459143934,0.6918059052414751,0.4285877775234628,7.582417582417577,9.349450549450552,3.1658119658119688,9.634188034188035,2.3125763125763132,0.16361416361416303,3.2063492063492056,0.0
588688.915243972,270,0.08,0.03799999877810478,0.40119999647140503,0.6014999747276306,0.9642999768257141,0.029400000348687172,0.7059999704360962,0.4212999939918518,0.04940108339055449,0.38471808957045717,0.5960555428397054,0.9489204242008089,0.009727626459143934,0.6918059052414751,0.4285877775234628,7.582417582417577,9.375824175824178,3.1794871794871824,9.634188034188035,2.3125763125763132,0.16361416361416303,3.2014652014652007,0.0
588688.995244372,271,0.08,0.03799999877810478,0.40119999647140503,0.6014999747276306,0.9642999768257141,0.029400000348687172,0.7059999704360962,0.4212999939918518,0.04940108339055449,0.38471808957045717,0.5960555428397054,0.9489204242008089,0.009727626459143934,0.6918059052414751,0.4285877775234628,7.582417582417577,9.349450549450552,3.1794871794871824,9.620512820512815,2.3125763125763132,0.16361416361416303,3.2112332112332105,0.0
588689.075246947,272,0.08,0.03799999877810478,0.40119999647140503,0.6014999747276306,0.9642999768257141,0.029400000348687172,0.7059999704360962,0.4212999939918518,0.04940108339055449,0.38471808957045717,0.5960555428397054,0.9489204242008089,0.009727626459143934,0.6918059052414751,0.4285877775234628,7.582417582417577,9.349450549450552,3.1794871794871824,9.634188034188035,2.3125763125763132,0.16361416361416303,3.2063492063492056,0.0
588689.155246693,273,0.08,0.03799999877810478,0.40119999647140503,0.6014999747276306,0.9642999768257141,0.029400000348687172,0.7059999704360962,0.4212999939918518,0.04940108339055449,0.38471808957045717,0.5960555428397054,0.9489204242008089,0.009727626459143934,0.6918059052414751,0.4285877775234628,7.582417582417577,9.349450549450552,3.1658119658119688,9.634188034188035,2.3125763125763132,0.16361416361416303,3.2063492063492056,0.0
588689.235248538,274,0.08,0.03799999877810478,0.40119999647140503,0.6014999747276306,0.9642999768257141,0.029400000348687172,0.7059999704360962,0.4212999939918518,0.04940108339055449,0.38471808957045717,0.5960555428397054,0.9489204242008089,0.009727626459143934,0.6918059052414751,0.4285877775234628,7.582417582417577,9.349450549450552,3.1658119658119688,9.634188034188035,2.3076923076923084,0.16361416361416303,3.2063492063492056,0.0
588689.315244974,275,0.08,0.03799999877810478,0.40119999647140503,0.6014999747276306,0.9642999768257141,0.029400000348687172,0.7059999704360962,0.4212999939918518,0.04940108339055449,0.38471808957045717,0.5960555428397054,0.9489204242008089,0.009727626459143934,0.6918059052414751,0.4285877775234628,7.582417582417577,9.349450549450552,3.1794871794871824,9.620512820512815,2.3125763125763132,0.15873015873015817,3.2063492063492056,0.0
588689.395241115,276,0.08,0.03799999877810478,0.40119999647140503,0.6014999747276306,0.9642999768257141,0.029400000348687172,0.7059999704360962,0.4212999939918518,0.04940108339055449,0.38471808957045717,0.5960555428397054,0.9489204242008089,0.009727626459143934,0.6918059052414751,0.4285877775234628,7.582417582417577,9.349450549450552,3.1658119658119688,9.634188034188035,2.3125763125763132,0.16361416361416303,3.2063492063492056,0.0
588689.475245715,277,0.08,0.03799999877810478,0.40119999647140503,0.6014999747276306,0.9642999768257141,0.029400000348687172,0.7059999704360962,0.4212999939918518,0.04940108339055449,0.38471808957045717,0.5960555428397054,0.9489204242008089,0.009727626459143934,0.6918059052414751,0.4285877775234628,7.582417582417577,9.375824175824178,3.1658119658119688,9.634188034188035,2.3125763125763132,0.15873015873015817,3.2063492063492056,0.0
588689.555244556,278,0.08,0.03799999877810478,0.40119999647140503,0.6014999747276306,0.9642999768257141,0.029400000348687172,0.7059999704360962,0.4212999939918518,0.04940108339055449,0.38471808957045717,0.5960555428397054,0.9489204242008089,0.009727626459143934,0.6918059052414751,0.4285877775234628,7.582417582417577,9.349450549450552,3.1658119658119688,9.64786324786325,2.3125763125763132,0.16361416361416303,3.2014652014652007,0.0
588689.635245346,279,0.08,0.03799999877810478,0.40119999647140503,0.6014999747276306,0.9642999768257141,0.029400000348687172,0.7059999704360962,0.4212999939918518,0.04940108339055449,0.38471808957045717,0.5960555428397054,0.9489204242008089,0.009727626459143934,0.6918059052414751,0.4285877775234628,7.582417582417577,9.349450549450552,3.1794871794871824,9.64786324786325,2.3076923076923084,0.15873015873015817,3.2063492063492056,0.0
588689.71524132,280,0.08,0.03799999877810478,0.40119999647140503,0.6014999747276306,0.9642999768257141,0.029400000348687172,0.7059999704360962,0.4212999939918518,0.04940108339055449,0.38471808957045717,0.5960555428397054,0.9489204242008089,0.009727626459143934,0.6918059052414751,0.4285877775234628,7.582417582417577,9.349450549450552,3.1658119658119688,9.634188034188035,2.3125763125763132,0.16361416361416303,3.2014652014652007,0.0
588689.795244368,281,0.08,0.03799999877810478,0.40119999647140503,0.6014999747276306,0.9642999768257141,0.029400000348687172,0.7059999704360962,0.4212999939918518,0.04940108339055449,0.38471808957045717,0.5960555428397054,0.9489204242008089,0.009727626459143934,0.6918059052414751,0.4285877775234628,7.582417582417577,9.349450549450552,3.1794871794871824,9.620512820512815,2.3125763125763132,0.16361416361416303,3.2014652014652007,0.0
588689.875246808,282,0.08,0.03799999877810478,0.40119999647140503,0.6014999747276306,0.9642999768257141,0.029400000348687172,0.7059999704360962,0.4212999939918518,0.04940108339055449,0.38471808957045717,0.5960555428397054,0.9489204242008089,0.009727626459143934,0.6918059052414751,0.4285877775234628,7.582417582417577,9.349450549450552,3.1658119658119688,9.64786324786325,2.3125763125763132,0.15873015873015817,3.2063492063492056,0.0
588689.955244477,283,0.08,0.03799999877810478,0.40119999647140503,0.6014999747276306,0.9642999768257141,0.029400000348687172,0.7059999704360962,0.4212999939918518,0.04940108339055449,0.38471808957045717,0.5960555428397054,0.9489204242008089,0.009727626459143934,0.6918059052414751,0.4285877775234628,7.582417582417577,9.375824175824178,3.1658119658119688,9.620512820512815,2.3125763125763132,0.16361416361416303,3.196581196581196,0.0
588690.035248745,284,0.08,0.03799999877810478,0.40119999647140503,0.6014999747276306,0.9642999768257141,0.029400000348687172,0.7059999704360962,0.4212999939918518,0.04940108339055449,0.38471808957045717,0.5960555428397054,0.9489204242008089,0.009727626459143934,0.6918059052414751,0.4285877775234628,7.582417582417577,9.349450549450552,3.1794871794871824,9.64786324786325,2.3125763125763132,0.16361416361416303,3.2014652014652007,0.0
588690.11524504,285,0.08,0.03799999877810478,0.40119999647140503,0.6014999747276306,0.9642999768257141,0.029400000348687172,0.7059999704360962,0.4212999939918518,0.04940108339055449,0.38471808957045717,0.5960555428397054,0.9489204242008089,0.009727626459143934,0.6918059052414751,0.4285877775234628,7.582417582417577,9.349450549450552,3.1658119658119688,9.620512820512815,2.3125763125763132,0.15873015873015817,3.2063492063492056,0.0
588690.195267393,286,0.08,0.03799999877810478,0.40119999647140503,0.6014999747276306,0.9642999768257141,0.029400000348687172,0.7059999704360962,0.4212999939918518,0.04940108339055449,0.38471808957045717,0.5960555428397054,0.9489204242008089,0.009727626459143934,0.6918059052414751,0.4285877775234628,7.582417582417577,9.349450549450552,3.152136752136755,9.634188034188035,2.3125763125763132,0.16361416361416303,3.2063492063492056,0.0
588690.275245402,287,0.08,0.03799999877810478,0.40119999647140503,0.6014999747276306,0.9642999768257141,0.029400000348687172,0.7059999704360962,0.4212999939918518,0.04940108339055449,0.38471808957045717,0.5960555428397054,0.9489204242008089,0.009727626459143934,0.6918059052414751,0.4285877775234628,7.582417582417577,9.375824175824178,3.1794871794871824,9.64786324786325,2.3125763125763132,0.15873015873015817,3.2063492063492056,0.0
588690.355243956,288,0.08,0.03799999877810478,0.40119999647140503,0.6014999747276306,0.9642999768257141,0.029400000348687172,0.7059999704360962,0.4212999939918518,0.04940108339055449,0.38471808957045717,0.5960555428397054,0.9489204242008089,0.009727626459143934,0.6918059052414751,0.4285877775234628,7.582417582417577,9.349450549450552,3.1658119658119688,9.634188034188035,2.3076923076923084,0.15873015873015817,3.2063492063492056,0.0
588690.435244001,289,0.08,0.03799999877810478,0.40119999647140503,0.6014999747276306,0.9642999768257141,0.029400000348687172,0.7059999704360962,0.4212999939918518,0.04940108339055449,0.38471808957045717,0.5960555428397054,0.9489204242008089,0.009727626459143934,0.6921873807888925,0.4285877775234628,7.582417582417577,9.349450549450552,3.1794871794871824,9.620512820512815,2.3125763125763132,0.15873015873015817,3.2063492063492056,0.0
588690.51525616,290,0.08,0.03799999877810478,0.40119999647140503,0.6014999747276306,0.9642999768257141,0.029400000348687172,0.7059999704360962,0.4212999939918518,0.04940108339055449,0.38471808957045717,0.5960555428397054,0.9489204242008089,0.009727626459143934,0.6921873807888925,0.4285877775234628,7.582417582417577,9.375824175824178,3.1794871794871824,9.64786324786325,2.317460317460318,0.15873015873015817,3.2112332112332105,0.0
588690.595245266,291,0.08,0.03799999877810478,0.40119999647140503,0.6014999747276306,0.9642999768257141,0.029400000348687172,0.7059999704360962,0.4212999939918518,0.04940108339055449,0.38471808957045717,0.5960555428397054,0.9489204242008089,0.009727626459143934,0.6921873807888925,0.4285877775234628,7.582417582417577,9.375824175824178,3.1658119658119688,9.64786324786325,2.3076923076923084,0.15873015873015817,3.2014652014652007,0.0
588690.675240952,292,0.08,0.03799999877810478,0.40119999647140503,0.6014999747276306,0.9642999768257141,0.029400000348687172,0.7059999704360962,0.4212999939918518,0.04940108339055449,0.38471808957045717,0.5960555428397054,0.9489204242008089,0.009727626459143934,0.6921873807888925,0.4285877775234628,7.582417582417577,9.349450549450552,3.1658119658119688,9.634188034188035,2.3125763125763132,0.15873015873015817,3.2063492063492056,0.0
588690.755245036,293,0.08,0.03799999877810478,0.40119999647140503,0.6014999747276306,0.9642999768257141,0.029400000348687172,0.7059999704360962,0.4212999939918518,0.04940108339055449,0.38471808957045717,0.5960555428397054,0.9489204242008089,0.009727626459143934,0.6921873807888925,0.4285877775234628,7.582417582417577,9.349450549450552,3.193162393162396,9.64786324786325,2.3125763125763132,0.15873015873015817,3.2063492063492056,0.0
588690.835241152,294,0.08,0.03799999877810478,0.40119999647140503,0.6014999747276306,0.9642999768257141,0.029400000348687172,0.7059999704360962,0.4212999939918518,0.04940108339055449,0.38471808957045717,0.5960555428397054,0.9489204242008089,0.009727626459143934,0.6921873807888925,0.4285877775234628,7.582417582417577,9.375824175824178,3.1658119658119688,9.64786324786325,2.3125763125763132,0.15873015873015817,3.2063492063492056,0.0
588690.915243646,295,0.08,0.03799999877810478,0.40119999647140503,0.6014999747276306,0.9642999768257141,0.029400000348687172,0.7059999704360962,0.4212999939918518,0.04940108339055449,0.38471808957045717,0.5960555428397054,0.9489204242008089,0.009727626459143934,0.6921873807888925,0.4285877775234628,7.582417582417577,9.349450549450552,3.1658119658119688,9.634188034188035,2.3125763125763132,0.15873015873015817,3.2014652014652007,0.0
588690.995244097,296,0.08,0.03799999877810478,0.40119999647140503,0.6014999747276306,0.9642999768257141,0.029400000348687172,0.7059999704360962,0.4212999939918518,0.04940108339055449,0.38471808957045717,0.5960555428397054,0.9489204242008089,0.009727626459143934,0.6921873807888925,0.4285877775234628,7.582417582417577,9.349450549450552,3.1658119658119688,9.634188034188035,2.3125763125763132,0.15873015873015817,3.2014652014652007,0.0
588691.075245613,297,0.08,0.03799999877810478,0.40119999647140503,0.6014999747276306,0.9642999768257141,0.029400000348687172,0.7059999704360962,0.4212999939918518,0.04940108339055449,0.38471808957045717,0.5960555428397054,0.9489204242008089,0.009727626459143934,0.6921873807888925,0.4285877775234628,7.582417582417577,9.349450549450552,3.1794871794871824,9.620512820512815,2.3125763125763132,0.16361416361416303,3.2014652014652007,0.0
588691.155246124,298,0.08,0.03799999877810478,0.40119999647140503,0.6014999747276306,0.9642999768257141,0.029400000348687172,0.7059999704360962,0.4212999939918518,0.04940108339055449,0.38471808957045717,0.5960555428397054,0.9489204242008089,0.009727626459143934,0.6921873807888925,0.4285877775234628,7.582417582417577,9.349450549450552,3.1658119658119688,9.620512820512815,2.3125763125763132,0.16361416361416303,3.2014652014652007,0.0
588691.235244734,299,0.08,0.03799999877810478,0.40119999647140503,0.6014999747276306,0.9642999768257141,0.029400000348687172,0.7059999704360962,0.4212999939918518,0.04940108339055449,0.38471808957045717,0.5960555428397054,0.9489204242008089,0.009727626459143934,0.6921873807888925,0.4285877775234628,7.582417582417577,9.349450549450552,3.1658119658119688,9.64786324786325,2.3125763125763132,0.15873015873015817,3.2063492063492056,0.0
588691.315241489,300,0.08,0.03799999877810478,0.40119999647140503,0.6014999747276306,0.9642999768257141,0.029400000348687172,0.7059999704360962,0.4212999939918518,0.04940108339055449,0.38471808957045717,0.5960555428397054,0.9489204242008089,0.009727626459143934,0.6918059052414751,0.4285877775234628,7.582417582417577,9.349450549450552,3.1658119658119688,9.634188034188035,2.3125763125763132,0.16361416361416303,3.2014652014652007,0.0
588691.395247056,301,0.08,0.03799999877810478,0.40119999647140503,0.6014999747276306,0.9642999768257141,0.029400000348687172,0.7059999704360962,0.4212999939918518,0.04940108339055449,0.38471808957045717,0.5960555428397054,0.9489204242008089,0.009727626459143934,0.6918059052414751,0.4285877775234628,7.582417582417577,9.349450549450552,3.1658119658119688,9.634188034188035,2.3125763125763132,0.15873015873015817,3.2063492063492056,0.0
588691.475246429,302,0.08,0.03799999877810478,0.40119999647140503,0.6014999747276306,0.9642999768257141,0.029400000348687172,0.7059999704360962,0.4212999939918518,0.04940108339055449,0.38471808957045717,0.5960555428397054,0.9489204242008089,0.009727626459143934,0.6918059052414751,0.4285877775234628,7.582417582417577,9.349450549450552,3.1658119658119688,9.620512820512815,2.3125763125763132,0.15873015873015817,3.2014652014652007,0.0
588691.555245865,303,0.08,0.03799999877810478,0.40119999647140503,0.6014999747276306,0.9642999768257141,0.029400000348687172,0.7059999704360962,0.4212999939918518,0.04940108339055449,0.38471808957045717,0.5960555428397054,0.9489204242008089,0.009727626459143934,0.6918059052414751,0.4285877775234628,7.582417582417577,9.349450549450552,3.1658119658119688,9.634188034188035,2.3125763125763132,0.15873015873015817,3.2014652014652007,0.0
588691.635246643,304,0.08,0.03799999877810478,0.40119999647140503,0.6014999747276306,0.9642999768257141,0.029400000348687172,0.7059999704360962,0.4212999939918518,0.04940108339055449,0.38471808957045717,0.5960555428397054,0.9489204242008089,0.009727626459143934,0.6918059052414751,0.4285877775234628,7.582417582417577,9.375824175824178,3.1794871794871824,9.634188034188035,2.3125763125763132,0.15873015873015817,3.2014652014652007,0.0
588691.715247856,305,0.08,0.03799999877810478,0.40119999647140503,0.6014999747276306,0.9642999768257141,0.029400000348687172,0.7059999704360962,0.4212999939918518,0.04940108339055449,0.38471808957045717,0.5960555428397054,0.9489204242008089,0.009727626459143934,0.6918059052414751,0.4285877775234628,7.582417582417577,9.375824175824178,3.1794871794871824,9.634188034188035,2.3125763125763132,0.16361416361416303,3.2063492063492056,0.0
588691.795247241,306,0.08,0.03799999877810478,0.40119999647140503,0.6014999747276306,0.9642999768257141,0.029400000348687172,0.7059999704360962,0.4212999939918518,0.04940108339055449,0.38471808957045717,0.5960555428397054,0.9489204242008089,0.009727626459143934,0.6918059052414751,0.4285877775234628,7.582417582417577,9.349450549450552,3.1658119658119688,9.634188034188035,2.3125763125763132,0.16361416361416303,3.2014652014652007,0.0
588691.875240851,307,0.08,0.03799999877810478,0.40119999647140503,0.6014999747276306,0.9642999768257141,0.029400000348687172,0.7059999704360962,0.4212999939918518,0.04940108339055449,0.38471808957045717,0.5960555428397054,0.9489204242008089,0.009727626459143934,0.6918059052414751,0.4285877775234628,7.582417582417577,9.349450549450552,3.1794871794871824,9.620512820512815,2.3076923076923084,0.15873015873015817,3.2063492063492056,0.0
588691.955246011,308,0.08,0.03799999877810478,0.40119999647140503,0.6014999747276306,0.9642999768257141,0.029400000348687172,0.7059999704360962,0.4212999939918518,0.04940108339055449,0.38471808957045717,0.5960555428397054,0.9489204242008089,0.009727626459143934,0.6918059052414751,0.4285877775234628,7.582417582417577,9.349450549450552,3.152136752136755,9.634188034188035,2.3125763125763132,0.15873015873015817,3.2014652014652007,0.0
588692.035240785,309,0.08,0.03799999877810478,0.40119999647140503,0.6014999747276306,0.9642999768257141,0.029400000348687172,0.7059999704360962,0.4212999939918518,0.04940108339055449,0.38471808957045717,0.5960555428397054,0.9489204242008089,0.009727626459143934,0.6918059052414751,0.4285877775234628,7.582417582417577,9.349450549450552,3.1658119658119688,9.620512820512815,2.3076923076923084,0.15873015873015817,3.2014652014652007,0.0
588692.115249125,310,0.08,0.03799999877810478,0.40119999647140503,0.6014999747276306,0.9642999768257141,0.029400000348687172,0.7059999704360962,0.4212999939918518,0.04940108339055449,0.38471808957045717,0.5960555428397054,0.9489204242008089,0.009727626459143934,0.6918059052414751,0.4285877775234628,7.582417582417577,9.349450549450552,3.152136752136755,9.620512820512815,2.3125763125763132,0.15873015873015817,3.2063492063492056,0.0
588692.195249434,311,0.08,0.03799999877810478,0.40119999647140503,0.6014999747276306,0.9642999768257141,0.029400000348687172,0.7059999704360962,0.4212999939918518,0.04940108339055449,0.38471808957045717,0.5960555428397054,0.9489204242008089,0.009727626459143934,0.6918059052414751,0.4285877775234628,7.582417582417577,9.349450549450552,3.1658119658119688,9.606837606837601,2.3125763125763132,0.16361416361416303,3.2063492063492056,0.0
588692.275244031,312,0.08,0.03799999877810478,0.40119999647140503,0.6014999747276306,0.9642999768257141,0.029400000348687172,0.7059999704360962,0.4212999939918518,0.04940108339055449,0.38471808957045717,0.5960555428397054,0.9489204242008089,0.009727626459143934,0.6918059052414751,0.4285877775234628,7.582417582417577,9.349450549450552,3.1794871794871824,9.634188034188035,2.3076923076923084,0.15873015873015817,3.2063492063492056,0.0
588692.355241336,313,0.08,0.03799999877810478,0.40119999647140503,0.6014999747276306,0.9642999768257141,0.029400000348687172,0.7059999704360962,0.4212999939918518,0.04940108339055449,0.38471808957045717,0.5960555428397054,0.9489204242008089,0.009727626459143934,0.6918059052414751,0.4285877775234628,7.582417582417577,9.349450549450552,3.1794871794871824,9.64786324786325,2.3125763125763132,0.15873015873015817,3.2063492063492056,0.0
588692.435240125,314,0.08,0.03799999877810478,0.40119999647140503,0.6014999747276306,0.9642999768257141,0.029400000348687172,0.7059999704360962,0.4212999939918518,0.04940108339055449,0.38471808957045717,0.5960555428397054,0.9489204242008089,0.009727626459143934,0.6918059052414751,0.4285877775234628,7.582417582417577,9.349450549450552,3.1794871794871824,9.634188034188035,2.3125763125763132,0.15873015873015817,3.2063492063492056,0.0
588692.515246124,315,0.08,0.03799999877810478,0.40119999647140503,0.6014999747276306,0.9642999768257141,0.029400000348687172,0.7059999704360962,0.4212999939918518,0.04940108339055449,0.38471808957045717,0.5960555428397054,0.9489204242008089,0.009727626459143934,0.6918059052414751,0.4285877775234628,7.582417582417577,9.349450549450552,3.1658119658119688,9.620512820512815,2.3076923076923084,0.15873015873015817,3.2014652014652007,0.0
588692.595247996,316,0.08,0.03799999877810478,0.40119999647140503,0.6014999747276306,0.9642999768257141,0.029400000348687172,0.7059999704360962,0.4212999939918518,0.04940108339055449,0.38471808957045717,0.5960555428397054,0.9489204242008089,0.009727626459143934,0.6918059052414751,0.4285877775234628,7.582417582417577,9.349450549450552,3.1794871794871824,9.634188034188035,2.3125763125763132,0.15873015873015817,3.2063492063492056,0.0
588692.675246074,317,0.08,0.03799999877810478,0.40119999647140503,0.6014999747276306,0.9642999768257141,0.029400000348687172,0.7059999704360962,0.4212999939918518,0.04940108339055449,0.38471808957045717,0.5960555428397054,0.9489204242008089,0.009727626459143934,0.6918059052414751,0.4285877775234628,7.582417582417577,9.349450549450552,3.1658119658119688,9.620512820512815,2.3125763125763132,0.15873015873015817,3.2014652014652007,0.0
588692.755244923,318,0.08,0.03799999877810478,0.40119999647140503,0.6014999747276306,0.9642999768257141,0.029400000348687172,0.7059999704360962,0.4212999939918518,0.04940108339055449,0.38471808957045717,0.5960555428397054,0.9489204242008089,0.009727626459143934,0.6918059052414751,0.4285877775234628,7.582417582417577,9.349450549450552,3.1794871794871824,9.620512820512815,2.3125763125763132,0.15873015873015817,3.2063492063492056,0.0
588692.835240924,319,0.08,0.03799999877810478,0.40119999647140503,0.6014999747276306,0.9642999768257141,0.029400000348687172,0.7059999704360962,0.4212999939918518,0.04940108339055449,0.38471808957045717,0.5960555428397054,0.9489204242008089,0.009727626459143934,0.6918059052414751,0.4285877775234628,7.582417582417577,9.349450549450552,3.1794871794871824,9.620512820512815,2.3076923076923084,0.15873015873015817,3.2063492063492056,0.0
588692.915242682,320,0.08,0.03799999877810478,0.40119999647140503,0.6014999747276306,0.9642999768257141,0.029400000348687172,0.7059999704360962,0.4212999939918518,0.04940108339055449,0.38471808957045717,0.5960555428397054,0.9489204242008089,0.009727626459143934,0.6918059052414751,0.4285877775234628,7.582417582417577,9.349450549450552,3.1794871794871824,9.64786324786325,2.3125763125763132,0.15873015873015817,3.2014652014652007,0.0
588692.995263108,321,0.08,0.03799999877810478,0.40119999647140503,0.6014999747276306,0.9642999768257141,0.029400000348687172,0.7059999704360962,0.4212999939918518,0.04940108339055449,0.38471808957045717,0.5960555428397054,0.9489204242008089,0.009727626459143934,0.6918059052414751,0.4285877775234628,7.582417582417577,9.349450549450552,3.1794871794871824,9.620512820512815,2.3125763125763132,0.16361416361416303,3.2014652014652007,0.0
588693.075245659,322,0.08,0.03799999877810478,0.40119999647140503,0.6014999747276306,0.9642999768257141,0.029400000348687172,0.7059999704360962,0.4212999939918518,0.04940108339055449,0.38471808957045717,0.5960555428397054,0.9489204242008089,0.009727626459143934,0.6918059052414751,0.4285877775234628,7.582417582417577,9.375824175824178,3.1794871794871824,9.634188034188035,2.3125763125763132,0.15873015873015817,3.2014652014652007,0.0
588693.155288644,323,0.08,0.03799999877810478,0.40119999647140503,0.6014999747276306,0.9642999768257141,0.029400000348687172,0.7059999704360962,0.4212999939918518,0.04940108339055449,0.38471808957045717,0.5960555428397054,0.9489204242008089,0.009727626459143934,0.6918059052414751,0.4285877775234628,7.582417582417577,9.349450549450552,3.1658119658119688,9.620512820512815,2.3125763125763132,0.15873015873015817,3.2063492063492056,0.0
588693.235248796,324,0.08,0.03799999877810478,0.40119999647140503,0.6014999747276306,0.9642999768257141,0.029400000348687172,0.7059999704360962,0.4212999939918518,0.04940108339055449,0.38471808957045717,0.5960555428397054,0.9489204242008089,0.009727626459143934,0.6918059052414751,0.4285877775234628,7.582417582417577,9.349450549450552,3.1658119658119688,9.620512820512815,2.3125763125763132,0.16361416361416303,3.2014652014652007,0.0
588693.315248305,325,0.08,0.03799999877810478,0.40119999647140503,0.6014999747276306,0.9642999768257141,0.029400000348687172,0.7059999704360962,0.4212999939918518,0.04940108339055449,0.38471808957045717,0.5960555428397054,0.9489204242008089,0.009727626459143934,0.6918059052414751,0.4285877775234628,7.582417582417577,9.349450549450552,3.1794871794871824,9.634188034188035,2.3125763125763132,0.15873015873015817,3.2063492063492056,0.0
588693.395241091,326,0.08,0.03799999877810478,0.40119999647140503,0.6014999747276306,0.9642999768257141,0.029400000348687172,0.7059999704360962,0.4212999939918518,0.04940108339055449,0.38471808957045717,0.5960555428397054,0.9489204242008089,0.009727626459143934,0.6918059052414751,0.4289692530708802,7.582417582417577,9.349450549450552,3.1658119658119688,9.620512820512815,2.3125763125763132,0.16361416361416303,3.2063492063492056,0.0
588693.47525025,327,0.08,0.03799999877810478,0.40119999647140503,0.6014999747276306,0.9642999768257141,0.029400000348687172,0.7059999704360962,0.4212999939918518,0.04940108339055449,0.38471808957045717,0.5960555428397054,0.9489204242008089,0.009727626459143934,0.6918059052414751,0.4289692530708802,7.582417582417577,9.349450549450552,3.1658119658119688,9.606837606837601,2.3125763125763132,0.1538461538461533,3.2063492063492056,0.0
588693.555246017,328,0.08,0.03799999877810478,0.40119999647140503,0.6014999747276306,0.9642999768257141,0.029400000348687172,0.7059999704360962,0.4212999939918518,0.04940108339055449,0.38471808957045717,0.5960555428397054,0.9489204242008089,0.009727626459143934,0.6918059052414751,0.4289692530708802,7.582417582417577,9.375824175824178,3.1658119658119688,9.634188034188035,2.3125763125763132,0.15873015873015817,3.2063492063492056,0.0
588693.635253223,329,0.08,0.03799999877810478,0.40119999647140503,0.6014999747276306,0.9642999768257141,0.029400000348687172,0.7059999704360962,0.4212999939918518,0.04940108339055449,0.38471808957045717,0.5960555428397054,0.9489204242008089,0.009727626459143934,0.6918059052414751,0.4289692530708802,7.582417582417577,9.349450549450552,3.1658119658119688,9.620512820512815,2.3125763125763132,0.16361416361416303,3.2063492063492056,0.0
588693.715248191,330,0.08,0.03799999877810478,0.40119999647140503,0.6014999747276306,0.9642999768257141,0.029400000348687172,0.7059999704360962,0.4212999939918518,0.04940108339055449,0.38471808957045717,0.5960555428397054,0.9489204242008089,0.009727626459143934,0.6918059052414751,0.4289692530708802,7.582417582417577,9.375824175824178,3.1658119658119688,9.620512820512815,2.3076923076923084,0.15873015873015817,3.2063492063492056,0.0
588693.79524646,331,0.08,0.03799999877810478,0.40119999647140503,0.6014999747276306,0.9642999768257141,0.029400000348687172,0.7059999704360962,0.4212999939918518,0.04940108339055449,0.38471808957045717,0.5960555428397054,0.9489204242008089,0.009727626459143934,0.6918059052414751,0.4289692530708802,7.582417582417577,9.349450549450552,3.1658119658119688,9.620512820512815,2.3125763125763132,0.16361416361416303,3.2063492063492056,0.0
588693.875240754,332,0.08,0.03799999877810478,0.40119999647140503,0.6014999747276306,0.9642999768257141,0.029400000348687172,0.7059999704360962,0.4212999939918518,0.04940108339055449,0.38471808957045717,0.5960555428397054,0.9489204242008089,0.009727626459143934,0.6921873807888925,0.4289692530708802,7.582417582417577,9.349450549450552,3.1794871794871824,9.634188034188035,2.3125763125763132,0.15873015873015817,3.2063492063492056,0.0
588693.955197694,333,0.08,0.03799999877810478,0.40119999647140503,0.6014999747276306,0.9642999768257141,0.029400000348687172,0.7059999704360962,0.4212999939918518,0.04940108339055449,0.38471808957045717,0.5960555428397054,0.9489204242008089,0.009727626459143934,0.6921873807888925,0.4289692530708802,7.582417582417577,9.375824175824178,3.1658119658119688,9.634188034188035,2.3076923076923084,0.15873015873015817,3.2014652014652007,0.0
588694.035245321,334,0.08,0.03799999877810478,0.40119999647140503,0.6014999747276306,0.9642999768257141,0.029400000348687172,0.7059999704360962,0.4212999939918518,0.04940108339055449,0.38471808957045717,0.5960555428397054,0.9489204242008089,0.009727626459143934,0.6921873807888925,0.4289692530708802,7.582417582417577,9.349450549450552,3.1658119658119688,9.634188034188035,2.3125763125763132,0.15873015873015817,3.2014652014652007,0.0
588694.115247527,335,0.08,0.03799999877810478,0.40119999647140503,0.6014999747276306,0.9642999768257141,0.029400000348687172,0.7059999704360962,0.4212999939918518,0.04940108339055449,0.38471808957045717,0.5960555428397054,0.9489204242008089,0.009727626459143934,0.6921873807888925,0.4289692530708802,7.582417582417577,9.349450549450552,3.1658119658119688,9.620512820512815,2.3125763125763132,0.15873015873015817,3.2014652014652007,0.0
588694.195246308,336,0.08,0.03799999877810478,0.40119999647140503,0.6014999747276306,0.9642999768257141,0.029400000348687172,0.7059999704360962,0.4212999939918518,0.04940108339055449,0.38471808957045717,0.5960555428397054,0.9489204242008089,0.009727626459143934,0.6921873807888925,0.4289692530708802,7.582417582417577,9.349450549450552,3.1658119658119688,9.620512820512815,2.3125763125763132,0.16361416361416303,3.2063492063492056,0.0
588694.275241198,337,0.08,0.03799999877810478,0.40119999647140503,0.6014999747276306,0.9642999768257141,0.029400000348687172,0.7059999704360962,0.4212999939918518,0.04940108339055449,0.38471808957045717,0.5960555428397054,0.9489204242008089,0.009727626459143934,0.6921873807888925,0.4289692530708802,7.582417582417577,9.375824175824178,3.1794871794871824,9.634188034188035,2.3125763125763132,0.16361416361416303,3.2063492063492056,0.0
588694.355249532,338,0.08,0.03799999877810478,0.40119999647140503,0.6014999747276306,0.9642999768257141,0.029400000348687172,0.7059999704360962,0.4212999939918518,0.04940108339055449,0.38471808957045717,0.5960555428397054,0.9493018997482263,0.009727626459143934,0.6921873807888925,0.4289692530708802,7.582417582417577,9.375824175824178,3.1658119658119688,9.634188034188035,2.3125763125763132,0.15873015873015817,3.196581196581196,0.0
588694.435282575,339,0.08,0.03799999877810478,0.40119999647140503,0.6014999747276306,0.9642999768257141,0.029400000348687172,0.7059999704360962,0.4212999939918518,0.04940108339055449,0.38471808957045717,0.5960555428397054,0.9493018997482263,0.009727626459143934,0.6921873807888925,0.4289692530708802,7.582417582417577,9.349450549450552,3.1658119658119688,9.620512820512815,2.3076923076923084,0.16361416361416303,3.2014652014652007,0.0
588694.515238486,340,0.08,0.03799999877810478,0.40119999647140503,0.6014999747276306,0.9642999768257141,0.029400000348687172,0.7059999704360962,0.4212999939918518,0.04940108339055449,0.38471808957045717,0.5960555428397054,0.9493018997482263,0.009727626459143934,0.6921873807888925,0.4289692530708802,7.582417582417577,9.349450549450552,3.1794871794871824,9.634188034188035,2.3125763125763132,0.15873015873015817,3.2063492063492056,0.0
588694.595246441,341,0.08,0.03799999877810478,0.40119999647140503,0.6014999747276306,0.9642999768257141,0.029400000348687172,0.7059999704360962,0.4212999939918518,0.04940108339055449,0.38471808957045717,0.5960555428397054,0.9493018997482263,0.009727626459143934,0.6918059052414751,0.4289692530708802,7.582417582417577,9.349450549450552,3.1658119658119688,9.620512820512815,2.3125763125763132,0.16361416361416303,3.2014652014652007,0.0
588694.675241033,342,0.08,0.03799999877810478,0.40119999647140503,0.6014999747276306,0.9642999768257141,0.029400000348687172,0.7059999704360962,0.4212999939918518,0.04940108339055449,0.38471808957045717,0.5960555428397054,0.9493018997482263,0.009727626459143934,0.6918059052414751,0.4289692530708802,7.582417582417577,9.349450549450552,3.1794871794871824,9.620512820512815,2.3125763125763132,0.16361416361416303,3.2014652014652007,0.0
588694.755245419,343,0.08,0.03799999877810478,0.40119999647140503,0.6014999747276306,0.9642999768257141,0.029400000348687172,0.7059999704360962,0.4212999939918518,0.04940108339055449,0.38471808957045717,0.5960555428397054,0.9493018997482263,0.009727626459143934,0.6918059052414751,0.4289692530708802,7.582417582417577,9.349450549450552,3.1658119658119688,9.620512820512815,2.3125763125763132,0.15873015873015817,3.196581196581196,0.0
588694.835247717,344,0.08,0.03799999877810478,0.40119999647140503,0.6014999747276306,0.9642999768257141,0.029400000348687172,0.7059999704360962,0.4212999939918518,0.04940108339055449,0.38471808957045717,0.5960555428397054,0.9493018997482263,0.009727626459143934,0.6918059052414751,0.4289692530708802,7.582417582417577,9.349450549450552,3.1794871794871824,9.634188034188035,2.3125763125763132,0.15873015873015817,3.2014652014652007,0.0
588694.915244221,345,0.08,0.03799999877810478,0.40119999647140503,0.6014999747276306,0.9642999768257141,0.029400000348687172,0.7059999704360962,0.4212999939918518,0.04940108339055449,0.38471808957045717,0.5960555428397054,0.9493018997482263,0.009727626459143934,0.6918059052414751,0.4289692530708802,7.582417582417577,9.349450549450552,3.1658119658119688,9.634188034188035,2.3125763125763132,0.16361416361416303,3.2063492063492056,0.0
588694.995245271,346,0.08,0.03799999877810478,0.40119999647140503,0.6014999747276306,0.9642999768257141,0.029400000348687172,0.7059999704360962,0.4212999939918518,0.04940108339055449,0.38471808957045717,0.5960555428397054,0.9493018997482263,0.009727626459143934,0.6918059052414751,0.4289692530708802,7.582417582417577,9.349450549450552,3.1794871794871824,9.620512820512815,2.3125763125763132,0.16361416361416303,3.2063492063492056,0.0
588695.075249438,347,0.08,0.03799999877810478,0.40119999647140503,0.6014999747276306,0.9642999768257141,0.029400000348687172,0.7059999704360962,0.4212999939918518,0.04940108339055449,0.38471808957045717,0.5960555428397054,0.9493018997482263,0.009727626459143934,0.6918059052414751,0.4289692530708802,7.582417582417577,9.349450549450552,3.1658119658119688,9.634188034188035,2.3125763125763132,0.16361416361416303,3.2014652014652007,0.0
588695.155267174,348,0.08,0.03799999877810478,0.40119999647140503,0.6014999747276306,0.9642999768257141,0.029400000348687172,0.7059999704360962,0.4212999939918518,0.04940108339055449,0.38471808957045717,0.5960555428397054,0.9493018997482263,0.009727626459143934,0.6918059052414751,0.4289692530708802,7.582417582417577,9.349450549450552,3.1658119658119688,9.634188034188035,2.3125763125763132,0.16361416361416303,3.2063492063492056,0.0
588695.235246434,349,0.08,0.03799999877810478,0.40119999647140503,0.6014999747276306,0.9642999768257141,0.029400000348687172,0.7059999704360962,0.4212999939918518,0.04940108339055449,0.38471808957045717,0.5960555428397054,0.9493018997482263,0.009727626459143934,0.6918059052414751,0.4289692530708802,7.582417582417577,9.349450549450552,3.152136752136755,9.634188034188035,2.3076923076923084,0.16361416361416303,3.2063492063492056,0.0
588695.315247492,350,0.08,0.03799999877810478,0.40119999647140503,0.6014999747276306,0.9642999768257141,0.029400000348687172,0.7059999704360962,0.4212999939918518,0.04940108339055449,0.38471808957045717,0.5960555428397054,0.9493018997482263,0.009727626459143934,0.6918059052414751,0.4289692530708802,7.582417582417577,9.349450549450552,3.1658119658119688,9.606837606837601,2.3125763125763132,0.16361416361416303,3.2063492063492056,0.0
588695.39524061,351,0.08,0.03799999877810478,0.40119999647140503,0.6014999747276306,0.9642999768257141,0.029400000348687172,0.7059999704360962,0.4212999939918518,0.04940108339055449,0.38471808957045717,0.5960555428397054,0.9493018997482263,0.009727626459143934,0.6918059052414751,0.4289692530708802,7.582417582417577,9.349450549450552,3.1658119658119688,9.620512820512815,2.3125763125763132,0.15873015873015817,3.2014652014652007,0.0
588695.475239532,352,0.08,0.03799999877810478,0.40119999647140503,0.6014999747276306,0.9642999768257141,0.029400000348687172,0.7059999704360962,0.4212999939918518,0.04940108339055449,0.38471808957045717,0.5960555428397054,0.9493018997482263,0.009727626459143934,0.6918059052414751,0.4289692530708802,7.582417582417577,9.349450549450552,3.1658119658119688,9.620512820512815,2.3076923076923084,0.16361416361416303,3.2014652014652007,0.0
588695.555238176,353,0.08,0.03799999877810478,0.40119999647140503,0.6014999747276306,0.9642999768257141,0.029400000348687172,0.7059999704360962,0.4212999939918518,0.04940108339055449,0.38471808957045717,0.5960555428397054,0.9493018997482263,0.009727626459143934,0.6918059052414751,0.4289692530708802,7.582417582417577,9.349450549450552,3.1794871794871824,9.634188034188035,2.3076923076923084,0.16361416361416303,3.2014652014652007,0.0
588695.635240257,354,0.08,0.03799999877810478,0.40119999647140503,0.6014999747276306,0.9642999768257141,0.029400000348687172,0.7059999704360962,0.4212999939918518,0.04940108339055449,0.38471808957045717,0.5960555428397054,0.9493018997482263,0.009727626459143934,0.6918059052414751,0.4289692530708802,7.582417582417577,9.375824175824178,3.1658119658119688,9.620512820512815,2.3076923076923084,0.16361416361416303,3.2063492063492056,0.0
588695.715247446,355,0.08,0.03799999877810478,0.40119999647140503,0.6014999747276306,0.9642999768257141,0.029400000348687172,0.7059999704360962,0.4212999939918518,0.04940108339055449,0.38471808957045717,0.5960555428397054,0.9493018997482263,0.009727626459143934,0.6918059052414751,0.4289692530708802,7.582417582417577,9.349450549450552,3.1658119658119688,9.634188034188035,2.3125763125763132,0.16361416361416303,3.196581196581196,0.0
588695.795238859,356,0.08,0.03799999877810478,0.40119999647140503,0.6014999747276306,0.9642999768257141,0.029400000348687172,0.7059999704360962,0.4212999939918518,0.04940108339055449,0.38471808957045717,0.5960555428397054,0.9493018997482263,0.009727626459143934,0.6918059052414751,0.4289692530708802,7.582417582417577,9.375824175824178,3.1658119658119688,9.620512820512815,2.3076923076923084,0.16361416361416303,3.2014652014652007,0.0
588695.876038065,357,0.08,0.03799999877810478,0.40119999647140503,0.6014999747276306,0.9642999768257141,0.029400000348687172,0.7059999704360962,0.4212999939918518,0.04940108339055449,0.38471808957045717,0.5960555428397054,0.9493018997482263,0.009727626459143934,0.6918059052414751,0.4289692530708802,7.582417582417577,9.349450549450552,3.1658119658119688,9.620512820512815,2.3125763125763132,0.15873015873015817,3.2014652014652007,0.0
588695.955258251,358,0.08,0.03799999877810478,0.40119999647140503,0.6014999747276306,0.9642999768257141,0.029400000348687172,0.7059999704360962,0.4212999939918518,0.04940108339055449,0.38471808957045717,0.5960555428397054,0.9493018997482263,0.009727626459143934,0.6918059052414751,0.4289692530708802,7.582417582417577,9.349450549450552,3.1794871794871824,9.634188034188035,2.3076923076923084,0.16361416361416303,3.2014652014652007,0.0
588696.035249169,359,0.08,0.03799999877810478,0.40119999647140503,0.6014999747276306,0.9642999768257141,0.029400000348687172,0.7059999704360962,0.4212999939918518,0.04940108339055449,0.38471808957045717,0.5960555428397054,0.9493018997482263,0.009727626459143934,0.6918059052414751,0.4289692530708802,7.582417582417577,9.349450549450552,3.1658119658119688,9.620512820512815,2.3076923076923084,0.15873015873015817,3.2063492063492056,0.0
588696.115238223,360,0.08,0.03799999877810478,0.40119999647140503,0.6014999747276306,0.9642999768257141,0.029400000348687172,0.7059999704360962,0.4212999939918518,0.04940108339055449,0.38471808957045717,0.5960555428397054,0.9493018997482263,0.010109102006561344,0.6918059052414751,0.4289692530708802,7.582417582417577,9.349450549450552,3.1658119658119688,9.620512820512815,2.3076923076923084,0.16361416361416303,3.2063492063492056,0.0
588696.19524147,361,0.08,0.03799999877810478,0.40119999647140503,0.6014999747276306,0.9642999768257141,0.029400000348687172,0.7059999704360962,0.4212999939918518,0.04940108339055449,0.38471808957045717,0.5960555428397054,0.9493018997482263,0.010109102006561344,0.6918059052414751,0.4289692530708802,7.608791208791203,9.349450549450552,3.1658119658119688,9.606837606837601,2.3125763125763132,0.15873015873015817,3.2014652014652007,0.0
588696.275244227,362,0.08,0.03799999877810478,0.40119999647140503,0.6014999747276306,0.9642999768257141,0.029400000348687172,0.7059999704360962,0.4212999939918518,0.04940108339055449,0.38471808957045717,0.5960555428397054,0.9493018997482263,0.010109102006561344,0.6918059052414751,0.4289692530708802,7.582417582417577,9.349450549450552,3.1794871794871824,9.606837606837601,2.3076923076923084,0.15873015873015817,3.2014652014652007,0.0
588696.355267985,363,0.08,0.03799999877810478,0.40119999647140503,0.6014999747276306,0.9642999768257141,0.029400000348687172,0.7059999704360962,0.4212999939918518,0.04940108339055449,0.38471808957045717,0.5960555428397054,0.9493018997482263,0.010109102006561344,0.6918059052414751,0.4289692530708802,7.582417582417577,9.349450549450552,3.1658119658119688,9.634188034188035,2.3076923076923084,0.16361416361416303,3.2063492063492056,0.0
588696.435258412,364,0.08,0.03799999877810478,0.40119999647140503,0.6014999747276306,0.9642999768257141,0.029400000348687172,0.7059999704360962,0.4212999939918518,0.04940108339055449,0.38471808957045717,0.5960555428397054,0.9493018997482263,0.010109102006561344,0.6918059052414751,0.4289692530708802,7.582417582417577,9.375824175824178,3.1658119658119688,9.620512820512815,2.3076923076923084,0.15873015873015817,3.2014652014652007,0.0
588696.515244545,365,0.08,0.03799999877810478,0.40119999647140503,0.6014999747276306,0.9642999768257141,0.029400000348687172,0.7059999704360962,0.4212999939918518,0.04940108339055449,0.38471808957045717,0.5960555428397054,0.9493018997482263,0.010109102006561344,0.6918059052414751,0.4289692530708802,7.582417582417577,9.349450549450552,3.1794871794871824,9.620512820512815,2.3076923076923084,0.16361416361416303,3.196581196581196,0.0
588696.595241633,366,0.08,0.03799999877810478,0.40119999647140503,0.6014999747276306,0.9642999768257141,0.029400000348687172,0.7059999704360962,0.4212999939918518,0.04940108339055449,0.38471808957045717,0.5960555428397054,0.9493018997482263,0.010109102006561344,0.6918059052414751,0.4289692530708802,7.582417582417577,9.349450549450552,3.1658119658119688,9.620512820512815,2.3125763125763132,0.16361416361416303,3.196581196581196,0.0
588696.675245774,367,0.08,0.03799999877810478,0.40119999647140503,0.6014999747276306,0.9642999768257141,0.029400000348687172,0.7059999704360962,0.4212999939918518,0.04940108339055449,0.38471808957045717,0.5960555428397054,0.9493018997482263,0.010109102006561344,0.6918059052414751,0.4289692530708802,7.582417582417577,9.349450549450552,3.1658119658119688,9.620512820512815,2.3076923076923084,0.16361416361416303,3.2014652014652007,0.0
588696.755244417,368,0.08,0.03799999877810478,0.40119999647140503,0.6014999747276306,0.9642999768257141,0.029400000348687172,0.7059999704360962,0.4212999939918518,0.04940108339055449,0.38471808957045717,0.5960555428397054,0.9493018997482263,0.010109102006561344,0.6918059052414751,0.4289692530708802,7.582417582417577,9.349450549450552,3.1794871794871824,9.634188034188035,2.3028083028083035,0.15873015873015817,3.2014652014652007,0.0
588696.835245906,369,0.08,0.03799999877810478,0.40119999647140503,0.6014999747276306,0.9642999768257141,0.029400000348687172,0.7059999704360962,0.4212999939918518,0.04940108339055449,0.38471808957045717,0.5960555428397054,0.9493018997482263,0.010109102006561344,0.6918059052414751,0.4289692530708802,7.582417582417577,9.349450549450552,3.1658119658119688,9.620512820512815,2.3076923076923084,0.15873015873015817,3.2014652014652007,0.0
588696.915243467,370,0.08,0.03799999877810478,0.40119999647140503,0.6014999747276306,0.9642999768257141,0.029400000348687172,0.7059999704360962,0.4212999939918518,0.04940108339055449,0.38471808957045717,0.5960555428397054,0.9493018997482263,0.010109102006561344,0.6918059052414751,0.4289692530708802,7.582417582417577,9.349450549450552,3.1658119658119688,9.620512820512815,2.3076923076923084,0.16361416361416303,3.2014652014652007,0.0
588696.995260138,371,0.08,0.03799999877810478,0.40119999647140503,0.6014999747276306,0.9642999768257141,0.029400000348687172,0.7059999704360962,0.4212999939918518,0.04940108339055449,0.38471808957045717,0.5960555428397054,0.9493018997482263,0.010490577553978753,0.6918059052414751,0.4289692530708802,7.582417582417577,9.349450549450552,3.1658119658119688,9.634188034188035,2.3028083028083035,0.16361416361416303,3.2063492063492056,0.0
588697.075253681,372,0.08,0.03799999877810478,0.40119999647140503,0.6014999747276306,0.9642999768257141,0.029400000348687172,0.7059999704360962,0.4212999939918518,0.04940108339055449,0.38471808957045717,0.5960555428397054,0.9493018997482263,0.010872053101396162,0.6918059052414751,0.4289692530708802,7.582417582417577,9.349450549450552,3.1658119658119688,9.64786324786325,2.2930402930402938,0.15873015873015817,3.2014652014652007,0.0
588697.155245506,373,0.08,0.03799999877810478,0.40119999647140503,0.6014999747276306,0.9642999768257141,0.029400000348687172,0.7059999704360962,0.4212999939918518,0.04940108339055449,0.38471808957045717,0.5960555428397054,0.9493018997482263,0.010872053101396162,0.6918059052414751,0.4289692530708802,7.582417582417577,9.349450549450552,3.1658119658119688,9.620512820512815,2.2930402930402938,0.15873015873015817,3.2014652014652007,0.0
588697.235245196,374,0.08,0.03799999877810478,0.40119999647140503,0.6014999747276306,0.9642999768257141,0.029400000348687172,0.7059999704360962,0.4212999939918518,0.04940108339055449,0.38471808957045717,0.5960555428397054,0.9493018997482263,0.011253528648813571,0.6918059052414751,0.4289692530708802,7.582417582417577,9.349450549450552,3.1794871794871824,9.620512820512815,2.2979242979242986,0.16361416361416303,3.2014652014652007,0.0
588697.315245964,375,0.08,0.03799999877810478,0.40119999647140503,0.6014999747276306,0.9642999768257141,0.029400000348687172,0.7059999704360962,0.4212999939918518,0.04940108339055449,0.38471808957045717,0.5960555428397054,0.9493018997482263,0.011253528648813571,0.6921873807888925,0.4289692530708802,7.582417582417577,9.349450549450552,3.1794871794871824,9.64786324786325,2.2979242979242986,0.16361416361416303,3.2063492063492056,0.0
588697.39519004,376,0.08,0.03799999877810478,0.40119999647140503,0.6014999747276306,0.9642999768257141,0.029400000348687172,0.7059999704360962,0.4212999939918518,0.04940108339055449,0.38471808957045717,0.5960555428397054,0.9493018997482263,0.011253528648813571,0.6921873807888925,0.4289692530708802,7.582417582417577,9.349450549450552,3.1794871794871824,9.620512820512815,2.2930402930402938,0.16361416361416303,3.196581196581196,0.0
588697.475241631,377,0.08,0.03799999877810478,0.40119999647140503,0.6014999747276306,0.9642999768257141,0.029400000348687172,0.7059999704360962,0.4212999939918518,0.04940108339055449,0.38471808957045717,0.5960555428397054,0.9493018997482263,0.011253528648813571,0.6921873807888925,0.4289692530708802,7.582417582417577,9.323076923076925,3.1658119658119688,9.620512820512815,2.2930402930402938,0.1684981684981679,3.2063492063492056,0.0
588697.555256449,378,0.08,0.03799999877810478,0.40119999647140503,0.6014999747276306,0.9642999768257141,0.029400000348687172,0.7059999704360962,0.4212999939918518,0.04940108339055449,0.38471808957045717,0.5960555428397054,0.9493018997482263,0.011253528648813571,0.6921873807888925,0.4289692530708802,7.582417582417577,9.349450549450552,3.1794871794871824,9.634188034188035,2.2930402930402938,0.16361416361416303,3.2014652014652007,0.0
588697.635241701,379,0.08,0.03799999877810478,0.40119999647140503,0.6014999747276306,0.9642999768257141,0.029400000348687172,0.7059999704360962,0.4212999939918518,0.04940108339055449,0.38471808957045717,0.5960555428397054,0.9493018997482263,0.011253528648813571,0.6921873807888925,0.4289692530708802,7.582417582417577,9.349450549450552,3.1658119658119688,9.634188034188035,2.2930402930402938,0.1684981684981679,3.2014652014652007,0.0
588697.715246134,380,0.08,0.03799999877810478,0.40119999647140503,0.6014999747276306,0.9642999768257141,0.029400000348687172,0.7059999704360962,0.4212999939918518,0.04940108339055449,0.38471808957045717,0.5960555428397054,0.9493018997482263,0.011253528648813571,0.6921873807888925,0.4289692530708802,7.582417582417577,9.349450549450552,3.1794871794871824,9.634188034188035,2.2930402930402938,0.16361416361416303,3.2014652014652007,0.0
588697.795244563,381,0.08,0.03799999877810478,0.40119999647140503,0.6014999747276306,0.9642999768257141,0.029400000348687172,0.7059999704360962,0.4212999939918518,0.04940108339055449,0.38471808957045717,0.5960555428397054,0.9493018997482263,0.01163500419623098,0.6921873807888925,0.4289692530708802,7.582417582417577,9.375824175824178,3.1658119658119688,9.606837606837601,2.288156288156289,0.1684981684981679,3.2014652014652007,0.0
588697.875240964,382,0.08,0.03799999877810478,0.40119999647140503,0.6014999747276306,0.9642999768257141,0.029400000348687172,0.7059999704360962,0.4212999939918518,0.04940108339055449,0.38471808957045717,0.5960555428397054,0.9493018997482263,0.01163500419623098,0.6921873807888925,0.4289692530708802,7.582417582417577,9.349450549450552,3.1658119658119688,9.620512820512815,2.2930402930402938,0.16361416361416303,3.2063492063492056,0.0
588697.955270868,383,0.08,0.03799999877810478,0.40119999647140503,0.6014999747276306,0.9642999768257141,0.029400000348687172,0.7059999704360962,0.4212999939918518,0.04940108339055449,0.38471808957045717,0.5960555428397054,0.9493018997482263,0.01163500419623098,0.6921873807888925,0.4289692530708802,7.582417582417577,9.349450549450552,3.1794871794871824,9.634188034188035,2.2930402930402938,0.16361416361416303,3.2014652014652007,0.0
588698.035249231,384,0.08,0.03799999877810478,0.40119999647140503,0.6014999747276306,0.9642999768257141,0.029400000348687172,0.7059999704360962,0.4212999939918518,0.04940108339055449,0.38471808957045717,0.5960555428397054,0.9493018997482263,0.01163500419623098,0.6921873807888925,0.4289692530708802,7.582417582417577,9.349450549450552,3.1794871794871824,9.634188034188035,2.2930402930402938,0.1684981684981679,3.2014652014652007,0.0
588698.115244869,385,0.08,0.03799999877810478,0.40119999647140503,0.6014999747276306,0.9642999768257141,0.029400000348687172,0.7059999704360962,0.4212999939918518,0.04940108339055449,0.38471808957045717,0.5960555428397054,0.9493018997482263,0.01163500419623098,0.6921873807888925,0.4289692530708802,7.582417582417577,9.349450549450552,3.1658119658119688,9.634188034188035,2.2930402930402938,0.16361416361416303,3.2063492063492056,0.0
588698.195278209,386,0.08,0.03799999877810478,0.40119999647140503,0.6014999747276306,0.9642999768257141,0.029400000348687172,0.7059999704360962,0.4212999939918518,0.04940108339055449,0.38471808957045717,0.5960555428397054,0.9493018997482263,0.01163500419623098,0.6921873807888925,0.4289692530708802,7.582417582417577,9.375824175824178,3.1658119658119688,9.620512820512815,2.288156288156289,0.16361416361416303,3.2014652014652007,0.0
588698.275248671,387,0.08,0.03799999877810478,0.40119999647140503,0.6014999747276306,0.9642999768257141,0.029400000348687172,0.7059999704360962,0.4212999939918518,0.04940108339055449,0.38471808957045717,0.5960555428397054,0.9493018997482263,0.01163500419623098,0.6921873807888925,0.4289692530708802,7.582417582417577,9.349450549450552,3.1658119658119688,9.606837606837601,2.288156288156289,0.16361416361416303,3.196581196581196,0.0
588698.355239341,388,0.08,0.03799999877810478,0.40119999647140503,0.6014999747276306,0.9642999768257141,0.029400000348687172,0.7059999704360962,0.4212999939918518,0.04940108339055449,0.38471808957045717,0.5960555428397054,0.9493018997482263,0.01163500419623098,0.6921873807888925,0.4289692530708802,7.582417582417577,9.349450549450552,3.1794871794871824,9.620512820512815,2.288156288156289,0.16361416361416303,3.2014652014652007,0.0
588698.435248587,389,0.08,0.03799999877810478,0.40119999647140503,0.6014999747276306,0.9642999768257141,0.029400000348687172,0.7059999704360962,0.4212999939918518,0.04940108339055449,0.38471808957045717,0.5960555428397054,0.9493018997482263,0.01163500419623098,0.6921873807888925,0.4289692530708802,7.582417582417577,9.375824175824178,3.1794871794871824,9.620512820512815,2.2930402930402938,0.1684981684981679,3.2014652014652007,0.0
588698.515266696,390,0.08,0.03799999877810478,0.40119999647140503,0.6014999747276306,0.9642999768257141,0.029400000348687172,0.7059999704360962,0.4212999939918518,0.04940108339055449,0.38471808957045717,0.5960555428397054,0.9493018997482263,0.01163500419623098,0.6921873807888925,0.4289692530708802,7.582417582417577,9.349450549450552,3.193162393162396,9.620512820512815,2.2930402930402938,0.1684981684981679,3.2014652014652007,0.0
588698.595244861,391,0.08,0.03799999877810478,0.40119999647140503,0.6014999747276306,0.9642999768257141,0.029400000348687172,0.7059999704360962,0.4212999939918518,0.04940108339055449,0.38471808957045717,0.5960555428397054,0.9493018997482263,0.01163500419623098,0.6921873807888925,0.4289692530708802,7.582417582417577,9.349450549450552,3.152136752136755,9.606837606837601,2.288156288156289,0.16361416361416303,3.2014652014652007,0.0
588698.675255889,392,0.08,0.03799999877810478,0.40119999647140503,0.6014999747276306,0.9642999768257141,0.029400000348687172,0.7059999704360962,0.4212999939918518,0.04940108339055449,0.38471808957045717,0.5960555428397054,0.9493018997482263,0.01201647974364839,0.6921873807888925,0.4289692530708802,7.582417582417577,9.349450549450552,3.1794871794871824,9.620512820512815,2.288156288156289,0.16361416361416303,3.2014652014652007,0.0
588698.75525031,393,0.08,0.03799999877810478,0.40119999647140503,0.6014999747276306,0.9642999768257141,0.029400000348687172,0.7059999704360962,0.4212999939918518,0.04940108339055449,0.38471808957045717,0.5960555428397054,0.9493018997482263,0.01201647974364839,0.6921873807888925,0.4289692530708802,7.582417582417577,9.375824175824178,3.1658119658119688,9.620512820512815,2.288156288156289,0.1684981684981679,3.196581196581196,0.0
588698.835244193,394,0.08,0.03799999877810478,0.40119999647140503,0.6014999747276306,0.9642999768257141,0.029400000348687172,0.7059999704360962,0.4212999939918518,0.04940108339055449,0.38471808957045717,0.5960555428397054,0.9493018997482263,0.01201647974364839,0.6921873807888925,0.4289692530708802,7.582417582417577,9.349450549450552,3.1794871794871824,9.620512820512815,2.2930402930402938,0.16361416361416303,3.196581196581196,0.0
588698.915245443,395,0.08,0.03799999877810478,0.40119999647140503,0.6014999747276306,0.9642999768257141,0.029400000348687172,0.7059999704360962,0.4212999939918518,0.04940108339055449,0.38471808957045717,0.5960555428397054,0.9493018997482263,0.01201647974364839,0.6921873807888925,0.4289692530708802,7.582417582417577,9.349450549450552,3.152136752136755,9.620512820512815,2.288156288156289,0.1684981684981679,3.2014652014652007,0.0
588698.995240972,396,0.08,0.03799999877810478,0.40119999647140503,0.6014999747276306,0.9642999768257141,0.029400000348687172,0.7059999704360962,0.4212999939918518,0.04940108339055449,0.38471808957045717,0.5960555428397054,0.9493018997482263,0.01201647974364839,0.6921873807888925,0.4289692530708802,7.582417582417577,9.349450549450552,3.1658119658119688,9.620512820512815,2.288156288156289,0.1684981684981679,3.2063492063492056,0.0
588699.075246257,397,0.08,0.03799999877810478,0.40119999647140503,0.6014999747276306,0.9642999768257141,0.029400000348687172,0.7059999704360962,0.4212999939918518,0.04940108339055449,0.38471808957045717,0.5960555428397054,0.9493018997482263,0.01201647974364839,0.6921873807888925,0.4289692530708802,7.582417582417577,9.349450549450552,3.1658119658119688,9.634188034188035,2.288156288156289,0.1684981684981679,3.196581196581196,0.0
588699.155349443,398,0.08,0.03799999877810478,0.40119999647140503,0.6014999747276306,0.9642999768257141,0.029400000348687172,0.7059999704360962,0.4212999939918518,0.04940108339055449,0.38471808957045717,0.5960555428397054,0.9493018997482263,0.01201647974364839,0.6921873807888925,0.4289692530708802,7.582417582417577,9.349450549450552,3.1794871794871824,9.620512820512815,2.288156288156289,0.16361416361416303,3.196581196581196,0.0
588699.235355906,399,0.08,0.03799999877810478,0.40119999647140503,0.6014999747276306,0.9642999768257141,0.029400000348687172,0.7059999704360962,0.4212999939918518,0.04940108339055449,0.38471808957045717,0.5960555428397054,0.9493018997482263,0.01201647974364839,0.6921873807888925,0.4289692530708802,7.582417582417577,9.349450549450552,3.1658119658119688,9.620512820512815,2.288156288156289,0.1684981684981679,3.2014652014652007,0.0
588699.31524687,400,0.08,0.03799999877810478,0.40119999647140503,0.6014999747276306,0.9642999768257141,0.029400000348687172,0.7059999704360962,0.4212999939918518,0.04940108339055449,0.38471808957045717,0.5960555428397054,0.9493018997482263,0.01201647974364839,0.6921873807888925,0.4289692530708802,7.582417582417577,9.349450549450552,3.1658119658119688,9.634188034188035,2.288156288156289,0.16361416361416303,3.2014652014652007,0.0
588699.395245192,401,0.08,0.03799999877810478,0.40119999647140503,0.6014999747276306,0.9642999768257141,0.029400000348687172,0.7059999704360962,0.4212999939918518,0.04940108339055449,0.38471808957045717,0.5960555428397054,0.9493018997482263,0.01201647974364839,0.6921873807888925,0.4289692530708802,7.582417582417577,9.349450549450552,3.1658119658119688,9.620512820512815,2.2930402930402938,0.16361416361416303,3.2014652014652007,0.0
588699.475245138,402,0.08,0.03799999877810478,0.40119999647140503,0.6014999747276306,0.9642999768257141,0.029400000348687172,0.7059999704360962,0.4212999939918518,0.04940108339055449,0.38471808957045717,0.5960555428397054,0.9493018997482263,0.01201647974364839,0.6921873807888925,0.4289692530708802,7.582417582417577,9.349450549450552,3.1794871794871824,9.620512820512815,2.288156288156289,0.1684981684981679,3.2014652014652007,0.0
588699.555262804,403,0.08,0.03799999877810478,0.40119999647140503,0.6014999747276306,0.9642999768257141,0.029400000348687172,0.7059999704360962,0.4212999939918518,0.04940108339055449,0.38471808957045717,0.5960555428397054,0.9493018997482263,0.01201647974364839,0.6921873807888925,0.4289692530708802,7.582417582417577,9.375824175824178,3.1794871794871824,9.620512820512815,2.288156288156289,0.16361416361416303,3.2063492063492056,0.0
588699.635248263,404,0.08,0.03799999877810478,0.40119999647140503,0.6014999747276306,0.9642999768257141,0.029400000348687172,0.7059999704360962,0.4212999939918518,0.04940108339055449,0.38471808957045717,0.5960555428397054,0.9493018997482263,0.01201647974364839,0.6921873807888925,0.4289692530708802,7.582417582417577,9.349450549450552,3.1658119658119688,9.620512820512815,2.288156288156289,0.16361416361416303,3.2014652014652007,0.0
588699.71524608,405,0.08,0.03799999877810478,0.40119999647140503,0.6014999747276306,0.9642999768257141,0.029400000348687172,0.7059999704360962,0.4212999939918518,0.04940108339055449,0.38471808957045717,0.5960555428397054,0.9493018997482263,0.01201647974364839,0.6921873807888925,0.4289692530708802,7.582417582417577,9.349450549450552,3.1794871794871824,9.620512820512815,2.288156288156289,0.16361416361416303,3.2014652014652007,0.0
588699.795247806,406,0.08,0.03799999877810478,0.40119999647140503,0.6014999747276306,0.9642999768257141,0.029400000348687172,0.7059999704360962,0.4212999939918518,0.04940108339055449,0.38471808957045717,0.5960555428397054,0.9493018997482263,0.01201647974364839,0.6921873807888925,0.4289692530708802,7.582417582417577,9.349450549450552,3.1794871794871824,9.634188034188035,2.288156288156289,0.1684981684981679,3.2014652014652007,0.0
588699.875244513,407,0.08,0.03799999877810478,0.40119999647140503,0.6014999747276306,0.9642999768257141,0.029400000348687172,0.7059999704360962,0.4212999939918518,0.04940108339055449,0.38471808957045717,0.5960555428397054,0.9493018997482263,0.01201647974364839,0.6921873807888925,0.4289692530708802,7.582417582417577,9.375824175824178,3.1658119658119688,9.634188034188035,2.288156288156289,0.16361416361416303,3.2014652014652007,0.0
588699.955240557,408,0.08,0.03799999877810478,0.40119999647140503,0.6014999747276306,0.9642999768257141,0.029400000348687172,0.7059999704360962,0.4212999939918518,0.04940108339055449,0.38471808957045717,0.5960555428397054,0.9493018997482263,0.01201647974364839,0.6921873807888925,0.4289692530708802,7.582417582417577,9.349450549450552,3.1658119658119688,9.634188034188035,2.288156288156289,0.1684981684981679,3.2014652014652007,0.0
588700.035249802,409,0.08,0.03799999877810478,0.40119999647140503,0.6014999747276306,0.9642999768257141,0.029400000348687172,0.7059999704360962,0.4212999939918518,0.04940108339055449,0.38471808957045717,0.5960555428397054,0.9493018997482263,0.01201647974364839,0.6921873807888925,0.4289692530708802,7.582417582417577,9.349450549450552,3.1794871794871824,9.620512820512815,2.288156288156289,0.1684981684981679,3.196581196581196,0.0
588700.115241774,410,0.08,0.03799999877810478,0.40119999647140503,0.6014999747276306,0.9642999768257141,0.029400000348687172,0.7059999704360962,0.4212999939918518,0.04940108339055449,0.38471808957045717,0.5960555428397054,0.9493018997482263,0.01201647974364839,0.6921873807888925,0.4289692530708802,7.582417582417577,9.375824175824178,3.1658119658119688,9.620512820512815,2.288156288156289,0.1684981684981679,3.196581196581196,0.0
588700.195245114,411,0.08,0.03799999877810478,0.40119999647140503,0.6014999747276306,0.9642999768257141,0.029400000348687172,0.7059999704360962,0.4212999939918518,0.04940108339055449,0.38471808957045717,0.5960555428397054,0.9493018997482263,0.01201647974364839,0.6921873807888925,0.4289692530708802,7.582417582417577,9.349450549450552,3.1658119658119688,9.634188034188035,2.288156288156289,0.15873015873015817,3.2014652014652007,0.0
588700.275241588,412,0.08,0.03799999877810478,0.40119999647140503,0.6014999747276306,0.9642999768257141,0.029400000348687172,0.7059999704360962,0.4212999939918518,0.04940108339055449,0.38471808957045717,0.5960555428397054,0.9493018997482263,0.01201647974364839,0.6921873807888925,0.4289692530708802,7.582417582417577,9.349450549450552,3.152136752136755,9.620512820512815,2.283272283272284,0.16361416361416303,3.2014652014652007,0.0
588700.355245079,413,0.08,0.03799999877810478,0.40119999647140503,0.6014999747276306,0.9642999768257141,0.029400000348687172,0.7059999704360962,0.4212999939918518,0.04940108339055449,0.38471808957045717,0.5960555428397054,0.9493018997482263,0.01201647974364839,0.6921873807888925,0.4289692530708802,7.582417582417577,9.349450549450552,3.1794871794871824,9.634188034188035,2.283272283272284,0.15873015873015817,3.196581196581196,0.0
588700.435240549,414,0.08,0.03799999877810478,0.40119999647140503,0.6014999747276306,0.9642999768257141,0.029400000348687172,0.7059999704360962,0.4212999939918518,0.04940108339055449,0.38471808957045717,0.5960555428397054,0.9493018997482263,0.01201647974364839,0.6921873807888925,0.4289692530708802,7.582417582417577,9.349450549450552,3.1658119658119688,9.620512820512815,2.288156288156289,0.16361416361416303,3.2014652014652007,0.0
588700.515248696,415,0.08,0.03799999877810478,0.40119999647140503,0.6014999747276306,0.9642999768257141,0.029400000348687172,0.7059999704360962,0.4212999939918518,0.04940108339055449,0.38471808957045717,0.5960555428397054,0.9493018997482263,0.01201647974364839,0.6921873807888925,0.4289692530708802,7.582417582417577,9.349450549450552,3.1658119658119688,9.620512820512815,2.288156288156289,0.16361416361416303,3.2014652014652007,0.0
588700.595247967,416,0.08,0.03799999877810478,0.40119999647140503,0.6014999747276306,0.9642999768257141,0.029400000348687172,0.7059999704360962,0.4212999939918518,0.04940108339055449,0.38471808957045717,0.5960555428397054,0.9493018997482263,0.01201647974364839,0.6921873807888925,0.4289692530708802,7.582417582417577,9.349450549450552,3.1794871794871824,9.620512820512815,2.288156288156289,0.1684981684981679,3.196581196581196,0.0
588700.675244538,417,0.08,0.03799999877810478,0.40119999647140503,0.6014999747276306,0.9642999768257141,0.029400000348687172,0.7059999704360962,0.4212999939918518,0.04940108339055449,0.38471808957045717,0.5960555428397054,0.9493018997482263,0.01201647974364839,0.6921873807888925,0.4289692530708802,7.582417582417577,9.349450549450552,3.152136752136755,9.634188034188035,2.283272283272284,0.16361416361416303,3.2014652014652007,0.0
588700.755238333,418,0.08,0.03799999877810478,0.40119999647140503,0.6014999747276306,0.9642999768257141,0.029400000348687172,0.7059999704360962,0.4212999939918518,0.04940108339055449,0.38471808957045717,0.5960555428397054,0.9493018997482263,0.01201647974364839,0.6921873807888925,0.4289692530708802,7.582417582417577,9.375824175824178,3.1658119658119688,9.620512820512815,2.288156288156289,0.16361416361416303,3.2063492063492056,0.0
588700.835245528,419,0.08,0.03799999877810478,0.40119999647140503,0.6014999747276306,0.9642999768257141,0.029400000348687172,0.7059999704360962,0.4212999939918518,0.04940108339055449,0.38471808957045717,0.5960555428397054,0.9493018997482263,0.01201647974364839,0.6921873807888925,0.4289692530708802,7.582417582417577,9.349450549450552,3.1794871794871824,9.620512820512815,2.288156288156289,0.16361416361416303,3.2014652014652007,0.0
588700.915247675,420,0.08,0.03799999877810478,0.40119999647140503,0.6014999747276306,0.9642999768257141,0.029400000348687172,0.7059999704360962,0.4212999939918518,0.04940108339055449,0.38471808957045717,0.5960555428397054,0.9493018997482263,0.01201647974364839,0.6921873807888925,0.4289692530708802,7.582417582417577,9.349450549450552,3.1658119658119688,9.634188034188035,2.283272283272284,0.16361416361416303,3.2014652014652007,0.0
588700.995245364,421,0.08,0.03799999877810478,0.40119999647140503,0.6014999747276306,0.9642999768257141,0.029400000348687172,0.7059999704360962,0.4212999939918518,0.04940108339055449,0.38471808957045717,0.5960555428397054,0.9493018997482263,0.01201647974364839,0.6921873807888925,0.4293507286182976,7.582417582417577,9.349450549450552,3.1794871794871824,9.620512820512815,2.288156288156289,0.16361416361416303,3.2014652014652007,0.0
588701.07524167,422,0.08,0.03799999877810478,0.40119999647140503,0.6014999747276306,0.9642999768257141,0.029400000348687172,0.7059999704360962,0.4212999939918518,0.04940108339055449,0.38471808957045717,0.5960555428397054,0.9493018997482263,0.01201647974364839,0.6921873807888925,0.4293507286182976,7.582417582417577,9.375824175824178,3.1794871794871824,9.620512820512815,2.288156288156289,0.15873015873015817,3.196581196581196,0.0
588701.155240689,423,0.08,0.03799999877810478,0.40119999647140503,0.6014999747276306,0.9642999768257141,0.029400000348687172,0.7059999704360962,0.4212999939918518,0.04940108339055449,0.38471808957045717,0.5960555428397054,0.9493018997482263,0.01201647974364839,0.6921873807888925,0.4293507286182976,7.582417582417577,9.349450549450552,3.1658119658119688,9.620512820512815,2.288156288156289,0.16361416361416303,3.2014652014652007,0.0
588701.235245155,424,0.08,0.03799999877810478,0.40119999647140503,0.6014999747276306,0.9642999768257141,0.029400000348687172,0.7059999704360962,0.4212999939918518,0.04940108339055449,0.38471808957045717,0.5960555428397054,0.9493018997482263,0.01201647974364839,0.6921873807888925,0.4293507286182976,7.582417582417577,9.349450549450552,3.1794871794871824,9.634188034188035,2.288156288156289,0.16361416361416303,3.196581196581196,0.0
588701.315248467,425,0.08,0.03799999877810478,0.40119999647140503,0.6014999747276306,0.9642999768257141,0.029400000348687172,0.7059999704360962,0.4212999939918518,0.04940108339055449,0.38471808957045717,0.5960555428397054,0.9493018997482263,0.01201647974364839,0.6921873807888925,0.4293507286182976,7.582417582417577,9.375824175824178,3.1658119658119688,9.620512820512815,2.283272283272284,0.16361416361416303,3.2014652014652007,0.0
588701.39524608,426,0.08,0.03799999877810478,0.40119999647140503,0.6014999747276306,0.9642999768257141,0.029400000348687172,0.7059999704360962,0.4212999939918518,0.04940108339055449,0.38471808957045717,0.5960555428397054,0.9493018997482263,0.01201647974364839,0.6921873807888925,0.4293507286182976,7.582417582417577,9.349450549450552,3.1794871794871824,9.620512820512815,2.288156288156289,0.16361416361416303,3.2014652014652007,0.0
588701.475248371,427,0.08,0.03799999877810478,0.40119999647140503,0.6014999747276306,0.9642999768257141,0.029400000348687172,0.7059999704360962,0.4212999939918518,0.04940108339055449,0.38471808957045717,0.5960555428397054,0.9493018997482263,0.01201647974364839,0.6921873807888925,0.4293507286182976,7.582417582417577,9.375824175824178,3.1658119658119688,9.634188034188035,2.283272283272284,0.16361416361416303,3.2014652014652007,0.0
588701.555244569,428,0.08,0.03799999877810478,0.40119999647140503,0.6014999747276306,0.9642999768257141,0.029400000348687172,0.7059999704360962,0.4212999939918518,0.04940108339055449,0.38471808957045717,0.5960555428397054,0.9493018997482263,0.01201647974364839,0.6921873807888925,0.4293507286182976,7.582417582417577,9.349450549450552,3.1658119658119688,9.620512820512815,2.283272283272284,0.16361416361416303,3.2014652014652007,0.0
588701.635244879,429,0.08,0.03799999877810478,0.40119999647140503,0.6014999747276306,0.9642999768257141,0.029400000348687172,0.7059999704360962,0.4212999939918518,0.04940108339055449,0.38471808957045717,0.5960555428397054,0.9493018997482263,0.01201647974364839,0.6921873807888925,0.4293507286182976,7.582417582417577,9.349450549450552,3.1794871794871824,9.634188034188035,2.288156288156289,0.16361416361416303,3.196581196581196,0.0
588701.715245045,430,0.08,0.03799999877810478,0.40119999647140503,0.6014999747276306,0.9642999768257141,0.029400000348687172,0.7059999704360962,0.4212999939918518,0.04940108339055449,0.38471808957045717,0.5960555428397054,0.9493018997482263,0.01201647974364839,0.6921873807888925,0.4293507286182976,7.582417582417577,9.349450549450552,3.1794871794871824,9.620512820512815,2.283272283272284,0.16361416361416303,3.2014652014652007,0.0
588701.795258888,431,0.08,0.03799999877810478,0.40119999647140503,0.6014999747276306,0.9642999768257141,0.029400000348687172,0.7059999704360962,0.4212999939918518,0.04940108339055449,0.38471808957045717,0.5960555428397054,0.9493018997482263,0.01201647974364839,0.6921873807888925,0.4293507286182976,7.582417582417577,9.349450549450552,3.1794871794871824,9.620512820512815,2.288156288156289,0.16361416361416303,3.2014652014652007,0.0
588701.875244802,432,0.08,0.03799999877810478,0.40119999647140503,0.6014999747276306,0.9642999768257141,0.029400000348687172,0.7059999704360962,0.4212999939918518,0.04940108339055449,0.38471808957045717,0.5960555428397054,0.9493018997482263,0.01201647974364839,0.6921873807888925,0.4293507286182976,7.582417582417577,9.349450549450552,3.1794871794871824,9.634188034188035,2.283272283272284,0.16361416361416303,3.2014652014652007,0.0
588701.955245501,433,0.08,0.03799999877810478,0.40119999647140503,0.6014999747276306,0.9642999768257141,0.029400000348687172,0.7059999704360962,0.4212999939918518,0.04940108339055449,0.38471808957045717,0.5960555428397054,0.9493018997482263,0.01201647974364839,0.6921873807888925,0.4293507286182976,7.582417582417577,9.375824175824178,3.1794871794871824,9.620512820512815,2.283272283272284,0.16361416361416303,3.196581196581196,0.0
588702.035246708,434,0.08,0.03799999877810478,0.40119999647140503,0.6014999747276306,0.9642999768257141,0.029400000348687172,0.7059999704360962,0.4212999939918518,0.04940108339055449,0.38471808957045717,0.5960555428397054,0.9493018997482263,0.01201647974364839,0.6921873807888925,0.4293507286182976,7.582417582417577,9.349450549450552,3.1658119658119688,9.64786324786325,2.288156288156289,0.16361416361416303,3.2014652014652007,0.0
588702.115243615,435,0.08,0.03799999877810478,0.40119999647140503,0.6014999747276306,0.9642999768257141,0.029400000348687172,0.7059999704360962,0.4212999939918518,0.04940108339055449,0.38471808957045717,0.5960555428397054,0.9493018997482263,0.01201647974364839,0.6921873807888925,0.4293507286182976,7.582417582417577,9.349450549450552,3.1658119658119688,9.620512820512815,2.283272283272284,0.1684981684981679,3.196581196581196,0.0
588702.195253331,436,0.08,0.03799999877810478,0.40119999647140503,0.6014999747276306,0.9642999768257141,0.029400000348687172,0.7059999704360962,0.4212999939918518,0.04940108339055449,0.38471808957045717,0.5960555428397054,0.9493018997482263,0.01201647974364839,0.6921873807888925,0.4293507286182976,7.582417582417577,9.349450549450552,3.1658119658119688,9.620512820512815,2.288156288156289,0.16361416361416303,3.196581196581196,0.0
588702.275245507,437,0.08,0.03799999877810478,0.40119999647140503,0.6014999747276306,0.9642999768257141,0.029400000348687172,0.7059999704360962,0.4212999939918518,0.04940108339055449,0.38471808957045717,0.5960555428397054,0.9493018997482263,0.01201647974364839,0.6921873807888925,0.4293507286182976,7.582417582417577,9.349450549450552,3.1794871794871824,9.620512820512815,2.288156288156289,0.1684981684981679,3.196581196581196,0.0
588702.35524606,438,0.08,0.03799999877810478,0.40119999647140503,0.6014999747276306,0.9642999768257141,0.029400000348687172,0.7059999704360962,0.4212999939918518,0.04940108339055449,0.38471808957045717,0.5960555428397054,0.9493018997482263,0.01201647974364839,0.6921873807888925,0.4293507286182976,7.582417582417577,9.375824175824178,3.1658119658119688,9.620512820512815,2.283272283272284,0.16361416361416303,3.2014652014652007,0.0
588702.43524011,439,0.08,0.03799999877810478,0.40119999647140503,0.6014999747276306,0.9642999768257141,0.029400000348687172,0.7059999704360962,0.4212999939918518,0.04940108339055449,0.38471808957045717,0.5960555428397054,0.9493018997482263,0.01201647974364839,0.6921873807888925,0.4293507286182976,7.582417582417577,9.349450549450552,3.1794871794871824,9.620512820512815,2.283272283272284,0.16361416361416303,3.2014652014652007,0.0
588702.515245077,440,0.08,0.03799999877810478,0.40119999647140503,0.6014999747276306,0.9642999768257141,0.029400000348687172,0.7059999704360962,0.4212999939918518,0.04940108339055449,0.38471808957045717,0.5960555428397054,0.9493018997482263,0.01201647974364839,0.6921873807888925,0.4293507286182976,7.582417582417577,9.349450549450552,3.1794871794871824,9.620512820512815,2.288156288156289,0.16361416361416303,3.2014652014652007,0.0
588702.595245482,441,0.08,0.03799999877810478,0.40119999647140503,0.6014999747276306,0.9642999768257141,0.029400000348687172,0.7059999704360962,0.4212999939918518,0.04940108339055449,0.38471808957045717,0.5960555428397054,0.9493018997482263,0.01201647974364839,0.6921873807888925,0.4293507286182976,7.582417582417577,9.375824175824178,3.1658119658119688,9.620512820512815,2.283272283272284,0.15873015873015817,3.2014652014652007,0.0
588702.675241162,442,0.08,0.03799999877810478,0.40119999647140503,0.6014999747276306,0.9642999768257141,0.029400000348687172,0.7059999704360962,0.4212999939918518,0.04940108339055449,0.38471808957045717,0.5960555428397054,0.9493018997482263,0.01201647974364839,0.6921873807888925,0.4293507286182976,7.582417582417577,9.375824175824178,3.1794871794871824,9.620512820512815,2.283272283272284,0.16361416361416303,3.196581196581196,0.0
588702.755240779,443,0.08,0.03799999877810478,0.40119999647140503,0.6014999747276306,0.9642999768257141,0.029400000348687172,0.7059999704360962,0.4212999939918518,0.04940108339055449,0.38471808957045717,0.5960555428397054,0.9493018997482263,0.01201647974364839,0.6921873807888925,0.4293507286182976,7.582417582417577,9.375824175824178,3.1794871794871824,9.620512820512815,2.288156288156289,0.16361416361416303,3.2014652014652007,0.0
588702.835191616,444,0.08,0.03799999877810478,0.40119999647140503,0.6014999747276306,0.9642999768257141,0.029400000348687172,0.7059999704360962,0.4212999939918518,0.04940108339055449,0.38471808957045717,0.5960555428397054,0.9493018997482263,0.01201647974364839,0.6921873807888925,0.4293507286182976,7.582417582417577,9.349450549450552,3.1658119658119688,9.620512820512815,2.288156288156289,0.16361416361416303,3.196581196581196,0.0
588702.915237576,445,0.08,0.03799999877810478,0.40119999647140503,0.6014999747276306,0.9642999768257141,0.029400000348687172,0.7059999704360962,0.4212999939918518,0.04940108339055449,0.38471808957045717,0.5960555428397054,0.9493018997482263,0.01201647974364839,0.6921873807888925,0.4293507286182976,7.582417582417577,9.349450549450552,3.1658119658119688,9.634188034188035,2.288156288156289,0.1684981684981679,3.2014652014652007,0.0
588702.995245557,446,0.08,0.03799999877810478,0.40119999647140503,0.6014999747276306,0.9642999768257141,0.029400000348687172,0.7059999704360962,0.4212999939918518,0.04940108339055449,0.38471808957045717,0.5960555428397054,0.9493018997482263,0.01201647974364839,0.6921873807888925,0.4293507286182976,7.582417582417577,9.349450549450552,3.152136752136755,9.620512820512815,2.283272283272284,0.1684981684981679,3.2014652014652007,0.0
588703.075251903,447,0.08,0.03799999877810478,0.40119999647140503,0.6014999747276306,0.9642999768257141,0.029400000348687172,0.7059999704360962,0.4212999939918518,0.04940108339055449,0.38471808957045717,0.5960555428397054,0.9493018997482263,0.01201647974364839,0.6921873807888925,0.4293507286182976,7.582417582417577,9.349450549450552,3.1658119658119688,9.620512820512815,2.283272283272284,0.1684981684981679,3.2014652014652007,0.0
588703.155247156,448,0.08,0.03799999877810478,0.40119999647140503,0.6014999747276306,0.9642999768257141,0.029400000348687172,0.7059999704360962,0.4212999939918518,0.04940108339055449,0.38471808957045717,0.5960555428397054,0.9493018997482263,0.01201647974364839,0.6921873807888925,0.4293507286182976,7.582417582417577,9.349450549450552,3.1794871794871824,9.634188034188035,2.288156288156289,0.1684981684981679,3.2014652014652007,0.0
588703.235246756,449,0.08,0.03799999877810478,0.40119999647140503,0.6014999747276306,0.9642999768257141,0.029400000348687172,0.7059999704360962,0.4212999939918518,0.04940108339055449,0.38471808957045717,0.5960555428397054,0.9493018997482263,0.01201647974364839,0.6921873807888925,0.4293507286182976,7.582417582417577,9.375824175824178,3.1658119658119688,9.620512820512815,2.283272283272284,0.16361416361416303,3.2063492063492056,0.0
588703.315250312,450,0.08,0.03799999877810478,0.40119999647140503,0.6014999747276306,0.9642999768257141,0.029400000348687172,0.7059999704360962,0.4212999939918518,0.04940108339055449,0.38471808957045717,0.5960555428397054,0.9493018997482263,0.01201647974364839,0.6921873807888925,0.4293507286182976,7.582417582417577,9.349450549450552,3.1658119658119688,9.634188034188035,2.288156288156289,0.16361416361416303,3.2014652014652007,0.0
588703.395243923,451,0.08,0.03799999877810478,0.40119999647140503,0.6014999747276306,0.9642999768257141,0.029400000348687172,0.7059999704360962,0.4212999939918518,0.04940108339055449,0.38471808957045717,0.5960555428397054,0.9493018997482263,0.01201647974364839,0.6921873807888925,0.4293507286182976,7.582417582417577,9.349450549450552,3.1794871794871824,9.634188034188035,2.283272283272284,0.16361416361416303,3.2014652014652007,0.0
588703.475243188,452,0.08,0.03799999877810478,0.40119999647140503,0.6014999747276306,0.9642999768257141,0.029400000348687172,0.7059999704360962,0.4212999939918518,0.04940108339055449,0.38471808957045717,0.5960555428397054,0.9493018997482263,0.01201647974364839,0.6921873807888925,0.4293507286182976,7.582417582417577,9.349450549450552,3.1658119658119688,9.620512820512815,2.283272283272284,0.16361416361416303,3.196581196581196,0.0
588703.555241815,453,0.08,0.03799999877810478,0.40119999647140503,0.6014999747276306,0.9642999768257141,0.029400000348687172,0.7059999704360962,0.4212999939918518,0.04940108339055449,0.38471808957045717,0.5960555428397054,0.9493018997482263,0.01201647974364839,0.6921873807888925,0.4293507286182976,7.582417582417577,9.349450549450552,3.1794871794871824,9.620512820512815,2.283272283272284,0.16361416361416303,3.196581196581196,0.0
588703.635246922,454,0.08,0.03799999877810478,0.40119999647140503,0.6014999747276306,0.9642999172210693,0.029400000348687172,0.7059999704360962,0.4212999939918518,0.04940108339055449,0.38471808957045717,0.5960555428397054,0.9493018997482263,0.01201647974364839,0.6921873807888925,0.4293507286182976,7.582417582417577,9.349450549450552,3.1794871794871824,9.620512820512815,2.283272283272284,0.16361416361416303,3.2063492063492056,0.0
588703.7152484,455,0.08,0.03799999877810478,0.4035980701446533,0.6014999747276306,0.9692792892456055,0.029400000348687172,0.7059999704360962,0.4212999939918518,0.04940108339055449,0.38471808957045717,0.5960555428397054,0.9493018997482263,0.01201647974364839,0.6921873807888925,0.4293507286182976,7.582417582417577,9.375824175824178,3.1658119658119688,9.634188034188035,2.283272283272284,0.16361416361416303,3.196581196581196,0.0
588703.795241899,456,0.08,0.03799999877810478,0.4059961438179016,0.6014999747276306,0.974258542060852,0.029400000348687172,0.7059999704360962,0.4212999939918518,0.04940108339055449,0.38471808957045717,0.5960555428397054,0.9496833752956437,0.01201647974364839,0.6921873807888925,0.4293507286182976,7.582417582417577,9.50769230769231,3.1794871794871824,9.894017094017094,2.283272283272284,0.16361416361416303,3.196581196581196,0.0
588703.875245277,457,0.08,0.03799999877810478,0.4083942174911499,0.6014999747276306,0.9792379140853882,0.029400000348687172,0.7059999704360962,0.4212999939918518,0.04940108339055449,0.38471808957045717,0.5960555428397054,0.9500648508430611,0.01201647974364839,0.6921873807888925,0.4293507286182976,7.582417582417577,9.665934065934067,3.1794871794871824,10.14017094017094,2.283272283272284,0.16361416361416303,3.2014652014652007,0.0
588703.955240898,458,0.08,0.03799999877810478,0.4107923209667206,0.6014999747276306,0.9842172861099243,0.029400000348687172,0.7059999704360962,0.4212999939918518,0.04901960784313708,0.38471808957045717,0.5960555428397054,0.9576943617914093,0.01201647974364839,0.6921873807888925,0.4289692530708802,7.714285714285708,9.850549450549451,3.1658119658119688,9.948717948717949,2.288156288156289,0.16361416361416303,3.2112332112332105,0.0
588704.035236255,459,0.08,0.03799999877810478,0.4131903648376465,0.6014999747276306,0.9891965389251709,0.029400000348687172,0.7059999704360962,0.4212999939918518,0.04825665674830226,0.38776989394979644,0.5960555428397054,0.963035019455253,0.012779430838483208,0.6929503318837273,0.43125810635538464,7.687912087912082,9.771428571428572,3.2068376068376097,9.98974358974359,2.288156288156289,0.12942612942612897,3.1770451770451764,0.0
588704.115241476,460,0.08,0.03799999877810478,0.4155884385108948,0.6014999747276306,0.994175910949707,0.029400000348687172,0.7059999704360962,0.4212999939918518,0.04901960784313708,0.3931105516136437,0.5960555428397054,0.9699015793087664,0.012779430838483208,0.6967650873579014,0.43240253299763687,7.661538461538456,9.560439560439562,3.234188034188037,9.811965811965813,2.2979242979242986,0.0805860805860803,3.1672771672771667,0.0
588704.195258473,461,0.08,0.03799999877810478,0.41798654198646545,0.6014999747276306,0.9991551637649536,0.029400000348687172,0.7059999704360962,0.4212999939918518,0.04940108339055449,0.3999771114671571,0.5960555428397054,0.9725719081406883,0.013160906385900617,0.6967650873579014,0.4346913862821413,7.582417582417577,9.164835164835168,3.275213675213678,10.03076923076923,2.3028083028083035,0.06105006105006083,3.1428571428571423,0.0
588704.275247182,462,0.08,0.03799999877810478,0.42038461565971375,0.6014999747276306,1.0041345357894897,0.029400000348687172,0.7059999704360962,0.4212999939918518,0.0497825589379719,0.404554818036166,0.5960555428397054,0.9771496147096972,0.01583123521782248,0.696383611810484,0.43583581292439355,7.714285714285708,9.2967032967033,3.3299145299145323,9.770940170940172,2.283272283272284,0.04151404151404137,3.1379731379731375,0.0
588704.355245754,463,0.08,0.03799999877810478,0.42278268933296204,0.6014999747276306,1.0091137886047363,0.029400000348687172,0.7059999704360962,0.4212999939918518,0.04940108339055449,0.4049362935835834,0.5960555428397054,0.979819943541619,0.022697795071335847,0.6956206607156492,0.43583581292439355,7.687912087912082,9.454945054945057,3.3572649572649595,10.18119658119658,2.1562881562881557,0.03174603174603163,3.1330891330891326,0.0
588704.435244798,464,0.08,0.03799999877810478,0.4251807630062103,0.6014999747276306,1.0140931606292725,0.029400000348687172,0.7059999704360962,0.4212999939918518,0.04940108339055449,0.4049362935835834,0.5960555428397054,0.9817273212787061,0.028038452735179575,0.6967650873579014,0.43583581292439355,7.687912087912082,9.63956043956044,3.370940170940173,10.126495726495726,2.1611721611721606,0.026862026862026767,3.1330891330891326,0.0
588704.515247544,465,0.08,0.03799999877810478,0.427578866481781,0.6014999747276306,1.0190725326538086,0.029400000348687172,0.7059999704360962,0.4212999939918518,0.04940108339055449,0.4049362935835834,0.5960555428397054,0.9855420767528802,0.027656977187762166,0.696383611810484,0.43583581292439355,7.687912087912082,9.824175824175825,3.343589743589746,10.48205128205128,2.1709401709401703,0.04151404151404137,3.1330891330891326,0.0
588704.595244836,466,0.08,0.03799999877810478,0.4299769103527069,0.6014999747276306,1.0240519046783447,0.029400000348687172,0.7059999704360962,0.4212999939918518,0.04940108339055449,0.4083695735103401,0.5960555428397054,0.9901197833218891,0.027656977187762166,0.6967650873579014,0.43545433737697614,7.714285714285708,9.745054945054946,3.384615384615387,10.222222222222221,2.18070818070818,0.03174603174603163,3.147741147741147,0.0
588704.675244432,467,0.08,0.03799999877810478,0.4323749840259552,0.6014999747276306,1.0290311574935913,0.029400000348687172,0.7059999704360962,0.4212999939918518,0.04787518120088485,0.41180285343709677,0.5960555428397054,0.9966048676279851,0.028038452735179575,0.6967650873579014,0.43545433737697614,7.793406593406587,9.63956043956044,3.411965811965814,10.29059829059829,2.18070818070818,0.0073260073260073,3.1379731379731375,0.0
588704.755273643,468,0.08,0.03799999877810478,0.4347730875015259,0.6014999747276306,1.0340105295181274,0.029400000348687172,0.7059999704360962,0.4212999939918518,0.047493705653467444,0.4125658045319316,0.5960555428397054,1.0072861829556725,0.028038452735179575,0.6940947585259796,0.43545433737697614,7.925274725274718,9.850549450549451,3.4393162393162413,10.071794871794872,2.185592185592185,0.04639804639804623,3.1379731379731375,0.0
588704.835241339,469,0.08,0.03799999877810478,0.4371711313724518,0.6014999747276306,1.038989782333374,0.029400000348687172,0.7059999704360962,0.4212999939918518,0.047112230106050035,0.4125658045319316,0.5960555428397054,1.015297169451438,0.028038452735179575,0.6937132829785622,0.43545433737697614,7.898901098901092,10.035164835164835,3.452991452991455,9.866666666666667,2.185592185592185,-0.0024420024420024333,3.1282051282051277,0.0
588704.915246249,470,0.08,0.03799999877810478,0.43956923484802246,0.6014999747276306,1.0439691543579102,0.029400000348687172,0.7059999704360962,0.4212999939918518,0.047493705653467444,0.4125658045319316,0.5960555428397054,1.024452582589456,0.028038452735179575,0.6937132829785622,0.43545433737697614,7.925274725274718,10.167032967032966,3.480341880341882,9.552136752136747,2.1953601953601964,-0.0219780219780219,3.1330891330891326,0.0
588704.995244599,471,0.08,0.03799999877810478,0.44196730852127075,0.6014999747276306,1.0489485263824463,0.029400000348687172,0.7059999704360962,0.4212999939918518,0.047112230106050035,0.4137102311741838,0.5960555428397054,1.026359960326543,0.028419928282596985,0.6937132829785622,0.43583581292439355,7.925274725274718,10.167032967032966,3.4666666666666686,9.852991452991454,2.185592185592185,-0.03174603174603163,3.1330891330891326,0.0
588705.075237997,472,0.08,0.03799999877810478,0.44436535239219666,0.6014999747276306,1.0539277791976929,0.029400000348687172,0.7059999704360962,0.4212999939918518,0.047112230106050035,0.4171435111009405,0.5960555428397054,1.0267414358739604,0.028419928282596985,0.6948577096208144,0.43583581292439355,7.925274725274718,10.14065934065934,3.5076923076923094,10.099145299145299,2.185592185592185,-0.0659340659340657,3.123321123321123,0.0
588705.155238541,473,0.08,0.03799999877810478,0.44676345586776733,0.6014999747276306,1.058907151222229,0.029400000348687172,0.7059999704360962,0.4212999939918518,0.047112230106050035,0.4209582665751146,0.5960555428397054,1.0271229114213778,0.028419928282596985,0.6952391851682318,0.43545433737697614,7.925274725274718,10.087912087912088,3.521367521367523,10.372649572649571,2.210012210012211,-0.0659340659340657,3.1330891330891326,0.0
588705.235245563,474,0.08,0.03799999877810478,0.4491615295410156,0.6014999747276306,1.0638864040374756,0.029400000348687172,0.7059999704360962,0.4212999939918518,0.047112230106050035,0.42782482642862796,0.5960555428397054,1.0290302891584648,0.027656977187762166,0.6960021362630666,0.43545433737697614,7.951648351648345,9.665934065934067,3.562393162393164,10.550427350427348,2.2197802197802208,-0.1098901098901095,3.1282051282051277,0.0
588705.315251154,475,0.08,0.03799999877810478,0.4515596330165863,0.6014999747276306,1.0688657760620117,0.029400000348687172,0.7059999704360962,0.4212999939918518,0.047112230106050035,0.43202105745021946,0.5960555428397054,1.0374227512016478,0.028038452735179575,0.6960021362630666,0.43507286182955873,7.951648351648345,9.771428571428572,3.6170940170940185,10.044444444444444,2.2344322344322354,-0.1098901098901095,3.1379731379731375,0.0
588705.395245849,476,0.08,0.03799999877810478,0.4539576768875122,0.6014999747276306,1.0738451480865479,0.029400000348687172,0.7059999704360962,0.4212999939918518,0.047112230106050035,0.4327840085450543,0.5960555428397054,1.046959639887083,0.03070878156710144,0.6929503318837273,0.43583581292439355,7.978021978021971,9.92967032967033,3.630769230769232,9.948717948717949,2.18070818070818,-0.06105006105006083,3.118437118437118,0.0
588705.475238091,477,0.08,0.03799999877810478,0.4563557803630829,0.6014999747276306,1.078824520111084,0.029400000348687172,0.7059999704360962,0.4212999939918518,0.047112230106050035,0.4343099107347239,0.5960555428397054,1.0564965285725183,0.03070878156710144,0.6937132829785622,0.43583581292439355,8.004395604395597,9.982417582417582,3.6581196581196593,9.538461538461533,2.1953601953601964,-0.14896214896214843,3.118437118437118,0.0
588705.555239369,478,0.08,0.03799999877810478,0.4587538540363312,0.6014999747276306,1.0838037729263306,0.029400000348687172,0.7059999704360962,0.4212999939918518,0.047112230106050035,0.4346913862821413,0.5960555428397054,1.0591668574044402,0.032234683756771076,0.6933318074311448,0.43621728847181096,8.004395604395597,10.114285714285714,3.671794871794873,9.88034188034188,2.175824175824175,-0.13431013431013383,3.113553113553113,0.0
588705.635247531,479,0.08,0.03799999877810478,0.4611518979072571,0.6014999747276306,1.0887830257415771,0.029400000348687172,0.7059999704360962,0.4212999939918518,0.047112230106050035,0.4346913862821413,0.5960555428397054,1.059929808499275,0.032234683756771076,0.6929503318837273,0.43583581292439355,8.004395604395597,10.298901098901098,3.6854700854700866,10.208547008547008,2.185592185592185,-0.14407814407814357,3.1086691086691083,0.0
588705.715258914,480,0.08,0.03799999877810478,0.46355000138282776,0.6014999747276306,1.0937623977661133,0.029400000348687172,0.7059999704360962,0.4212999939918518,0.047112230106050035,0.4346913862821413,0.5960555428397054,1.059929808499275,0.03147173266193626,0.6929503318837273,0.43583581292439355,8.030769230769224,10.457142857142856,3.6854700854700866,10.495726495726494,2.185592185592185,-0.14896214896214843,3.113553113553113,0.0
588705.795244303,481,0.08,0.03799999877810478,0.46594807505607605,0.6014999747276306,1.0987417697906494,0.029400000348687172,0.7059999704360962,0.4212999939918518,0.047112230106050035,0.43507286182955873,0.5960555428397054,1.0622186617837794,0.03185320820935367,0.6929503318837273,0.43583581292439355,8.030769230769224,10.589010989010987,3.671794871794873,10.523076923076921,2.185592185592185,-0.14896214896214843,3.1086691086691083,0.0
588705.875245117,482,0.08,0.03799999877810478,0.46834614872932434,0.6014999747276306,1.1037211418151855,0.029400000348687172,0.7059999704360962,0.4212999939918518,0.047112230106050035,0.4369802395666458,0.5960555428397054,1.0641260395208665,0.03185320820935367,0.6929503318837273,0.43583581292439355,8.030769230769224,10.457142857142856,3.671794871794873,10.864957264957262,2.175824175824175,-0.15873015873015994,3.1086691086691083,0.0
588705.95526944,483,0.08,0.03799999877810478,0.47074422240257263,0.6014999747276306,1.1087003946304321,0.029400000348687172,0.7059999704360962,0.4212999939918518,0.047112230106050035,0.4453727016098288,0.5960555428397054,1.0641260395208665,0.03070878156710144,0.6971465629053188,0.43545433737697614,8.05714285714285,9.92967032967033,3.7264957264957275,11.08376068376068,2.205128205128206,-0.24664224664224754,3.113553113553113,0.0
588706.035246636,484,0.08,0.03799999877810478,0.4731422960758209,0.6014999747276306,1.1136797666549683,0.029400000348687172,0.7059999704360962,0.4212999939918518,0.046349279011215216,0.4491874570840029,0.5960555428397054,1.0770962081330584,0.03070878156710144,0.6918059052414751,0.4331654840924717,8.05714285714285,10.272527472527472,3.781196581196582,10.399999999999999,2.210012210012211,-0.11477411477411437,3.1330891330891326,0.0
588706.115238774,485,0.08,0.03799999877810478,0.4755403697490692,0.6014999747276306,1.1186590194702148,0.029400000348687172,0.7059999704360962,0.4212999939918518,0.046730754558632626,0.4491874570840029,0.5960555428397054,1.0908293278400851,0.03147173266193626,0.6891355764095533,0.4335469596398891,8.083516483516476,10.43076923076923,3.8085470085470092,9.757264957264958,2.205128205128206,-0.18803418803418914,3.123321123321123,0.0
588706.195244672,486,0.08,0.03799999877810478,0.4779384434223175,0.6014999747276306,1.123638391494751,0.029400000348687172,0.7059999704360962,0.4212999939918518,0.046730754558632626,0.4491874570840029,0.5960555428397054,1.1045624475471119,0.03147173266193626,0.6940947585259796,0.43621728847181096,8.136263736263729,10.56263736263736,3.8358974358974365,9.429059829059824,2.205128205128206,-0.2857142857142865,3.089133089133089,0.0
588706.275251162,487,0.08,0.03799999877810478,0.4803365468978882,0.6014999747276306,1.128617763519287,0.029400000348687172,0.7059999704360962,0.4212999939918518,0.047112230106050035,0.4495689326314203,0.5960555428397054,1.1099031052109556,0.032234683756771076,0.696383611810484,0.43621728847181096,8.109890109890102,10.64175824175824,3.8358974358974365,9.456410256410251,2.214896214896216,-0.3101343101343108,3.084249084249084,0.0
588706.355246532,488,0.08,0.03799999877810478,0.4827346205711365,0.6014999747276306,1.1335971355438232,0.029400000348687172,0.7059999704360962,0.4212999939918518,0.047112230106050035,0.4514763103685073,0.5960555428397054,1.1110475318532078,0.03147173266193626,0.696383611810484,0.43621728847181096,8.162637362637355,10.694505494505492,3.8358974358974365,9.825641025641026,2.2246642246642256,-0.3101343101343108,3.084249084249084,0.0
588706.435255824,489,0.08,0.03799999877810478,0.4851326644420624,0.6014999747276306,1.1385763883590698,0.029400000348687172,0.7059999704360962,0.4212999939918518,0.047112230106050035,0.4514763103685073,0.5960555428397054,1.1110475318532078,0.03147173266193626,0.6933318074311448,0.43583581292439355,8.136263736263729,10.85274725274725,3.8769230769230774,10.099145299145299,2.2246642246642256,-0.27594627594627674,3.079365079365079,0.0
588706.515254012,490,0.08,0.03799999877810478,0.48753076791763306,0.6014999747276306,1.1435556411743164,0.029400000348687172,0.7059999704360962,0.4212999939918518,0.046730754558632626,0.4514763103685073,0.5960555428397054,1.1144808117799645,0.03147173266193626,0.6929503318837273,0.43583581292439355,8.136263736263729,11.06373626373626,3.84957264957265,10.33162393162393,2.2197802197802208,-0.29059829059829134,3.084249084249084,0.0
588706.595247907,491,0.08,0.03799999877810478,0.48992884159088135,0.6014999747276306,1.1485350131988525,0.029400000348687172,0.7059999704360962,0.4212999939918518,0.046730754558632626,0.45185778591592474,0.5960555428397054,1.1194399938963908,0.03147173266193626,0.6929503318837273,0.43545433737697614,8.136263736263729,11.169230769230765,3.890598290598291,10.222222222222221,2.2197802197802208,-0.3003663003663011,3.084249084249084,0.0
588706.675253042,492,0.08,0.03799999877810478,0.49232691526412964,0.6014999747276306,1.1535143852233887,0.029400000348687172,0.7059999704360962,0.4212999939918518,0.046730754558632626,0.45567254139009883,0.5960555428397054,1.1240177004653997,0.03032730601968403,0.6933318074311448,0.43545433737697614,8.136263736263729,10.747252747252745,3.8632478632478637,9.98974358974359,2.278388278388279,-0.31990231990232054,3.084249084249084,0.0
588706.755248262,493,0.08,0.03799999877810478,0.49472498893737793,0.6014999747276306,1.1584937572479248,0.029400000348687172,0.7059999704360962,0.4212999939918518,0.046730754558632626,0.4659723811703689,0.5960555428397054,1.1259250782024868,0.029564354924849212,0.6940947585259796,0.43545433737697614,8.189010989010981,10.457142857142856,3.9179487179487182,10.399999999999999,2.244200244200245,-0.3540903540903546,3.0695970695970693,0.0
588706.835245873,494,0.08,0.03799999877810478,0.4971230924129486,0.6014999747276306,1.1634730100631714,0.029400000348687172,0.7059999704360962,0.4212999939918518,0.046730754558632626,0.47665369649805633,0.5960555428397054,1.1293583581292435,0.03032730601968403,0.6921873807888925,0.43545433737697614,8.162637362637355,9.92967032967033,4.013675213675214,10.413675213675212,2.24908424908425,-0.3589743589743595,3.0647130647130645,0.0
588706.915243399,495,0.08,0.03799999877810478,0.4995211362838745,0.6014999747276306,1.168452262878418,0.029400000348687172,0.7059999704360962,0.4212999939918518,0.046730754558632626,0.4846646829938219,0.5960555428397054,1.1297398336766609,0.03109025711451885,0.6914244296940577,0.43545433737697614,8.162637362637355,9.824175824175825,4.082051282051282,10.63247863247863,2.2246642246642256,-0.3882783882783887,3.0549450549450547,0.0
588706.995238043,496,0.08,0.03799999877810478,0.5019192099571228,0.6014999747276306,1.173431634902954,0.029400000348687172,0.7059999704360962,0.4212999939918518,0.046730754558632626,0.4842832074464045,0.5960555428397054,1.1396581979095135,0.03032730601968403,0.6895170519569707,0.43507286182955873,8.189010989010981,10.035164835164835,4.123076923076923,10.44102564102564,2.24908424908425,-0.40781440781440814,3.0598290598290596,0.0
588707.075252315,497,0.08,0.03799999877810478,0.5043172836303711,0.6014999747276306,1.1784110069274902,0.029400000348687172,0.7059999704360962,0.4212999939918518,0.046730754558632626,0.4842832074464045,0.5960555428397054,1.1446173800259398,0.03109025711451885,0.6918059052414751,0.43583581292439355,8.162637362637355,10.193406593406593,4.136752136752136,10.017094017094017,2.253968253968255,-0.4420024420024422,3.045177045177045,0.0
588707.155247465,498,0.08,0.03799999877810478,0.5067153573036194,0.6014999747276306,1.1833903789520264,0.029400000348687172,0.7059999704360962,0.4212999939918518,0.046730754558632626,0.4842832074464045,0.5960555428397054,1.1533913176165402,0.03070878156710144,0.6925688563363099,0.43545433737697614,8.215384615384608,10.325274725274724,4.15042735042735,10.071794871794872,2.253968253968255,-0.4566544566544568,3.04029304029304,0.0
588707.235247288,499,0.08,0.03799999877810478,0.5091134309768677,0.6014999747276306,1.188369631767273,0.029400000348687172,0.7059999704360962,0.4212999939918518,0.046730754558632626,0.4846646829938219,0.5960555428397054,1.1598764019226362,0.03070878156710144,0.6914244296940577,0.43545433737697614,8.215384615384608,10.43076923076923,4.136752136752136,10.099145299145299,2.2588522588522597,-0.4566544566544568,3.0354090354090353,0.0
588707.315247625,500,0.08,0.03799999877810478,0.5115115642547607,0.6014999747276306,1.193349003791809,0.029400000348687172,0.7059999704360962,0.4212999939918518,0.046730754558632626,0.4846646829938219,0.5960555428397054,1.164454108491645,0.03109025711451885,0.6925688563363099,0.43583581292439355,8.241758241758234,10.615384615384613,4.1641025641025635,10.099145299145299,2.2588522588522597,-0.4761904761904763,3.0354090354090353,0.0
588707.395249828,501,0.08,0.03799999877810478,0.5139095783233643,0.6014999747276306,1.1983282566070557,0.029400000348687172,0.7059999704360962,0.4212999939918518,0.046730754558632626,0.4846646829938219,0.5960555428397054,1.1686503395132366,0.03070878156710144,0.6925688563363099,0.43583581292439355,8.241758241758234,10.77362637362637,4.15042735042735,9.634188034188035,2.2637362637362646,-0.485958485958486,3.0256410256410255,0.0
588707.475241437,502,0.08,0.03799999877810478,0.5163077116012573,0.6014999747276306,1.2033076286315918,0.029400000348687172,0.7059999704360962,0.4212999939918518,0.046349279011215216,0.48542763408865675,0.5960555428397054,1.1732280460822473,0.03070878156710144,0.6925688563363099,0.43507286182955873,8.26813186813186,10.826373626373623,4.177777777777777,10.003418803418803,2.24908424908425,-0.4908424908424909,3.0305250305250304,0.0
588707.555245013,503,0.08,0.03799999877810478,0.5187057256698608,0.6014999747276306,1.208287000656128,0.029400000348687172,0.7059999704360962,0.4212999939918518,0.046349279011215216,0.48962386511024825,0.5960555428397054,1.176661326009004,0.03070878156710144,0.6929503318837273,0.43507286182955873,8.26813186813186,10.668131868131866,4.177777777777777,10.126495726495726,2.253968253968255,-0.5201465201465201,3.0207570207570207,0.0
588707.635247678,504,0.08,0.03799999877810478,0.5211038589477539,0.6014999747276306,1.213266372680664,0.029400000348687172,0.7059999704360962,0.4212999939918518,0.046349279011215216,0.4907682917525005,0.5960555428397054,1.185053788052187,0.03070878156710144,0.6918059052414751,0.43507286182955873,8.26813186813186,10.799999999999997,4.218803418803418,9.98974358974359,2.2686202686202694,-0.5054945054945055,3.0207570207570207,0.0
588707.715246358,505,0.08,0.03799999877810478,0.5235018730163574,0.6014999747276306,1.218245506286621,0.029400000348687172,0.7059999704360962,0.4212999939918518,0.046349279011215216,0.49877927824826607,0.5960555428397054,1.1873426413366914,0.03070878156710144,0.6925688563363099,0.43507286182955873,8.26813186813186,10.35164835164835,4.232478632478632,9.976068376068376,2.2686202686202694,-0.5543345543345541,3.015873015873016,0.0
588707.795241764,506,0.08,0.03799999877810478,0.5259000062942505,0.6014999747276306,1.2232248783111572,0.029400000348687172,0.7059999704360962,0.4212999939918518,0.046730754558632626,0.5010681315327705,0.5960555428397054,1.1949721522850396,0.03032730601968403,0.6921873807888925,0.43507286182955873,8.26813186813186,10.43076923076923,4.3008547008547,10.058119658119658,2.2735042735042743,-0.559218559218559,3.006105006105006,0.0
588707.875245533,507,0.08,0.03799999877810478,0.5282980799674988,0.6014999747276306,1.2282042503356934,0.029400000348687172,0.7059999704360962,0.4212999939918518,0.046730754558632626,0.5041199359121098,0.5960555428397054,1.1980239566643789,0.03109025711451885,0.6910429541466403,0.43507286182955873,8.241758241758234,10.457142857142856,4.314529914529913,10.044444444444444,2.278388278388279,-0.5787545787545785,3.001221001221001,0.0
588707.955237572,508,0.08,0.03799999877810478,0.5306961536407471,0.6014999747276306,1.2331836223602295,0.029400000348687172,0.7059999704360962,0.4212999939918518,0.046730754558632626,0.5048828870069446,0.5960555428397054,1.2041275654230574,0.03032730601968403,0.6921873807888925,0.43507286182955873,8.26813186813186,10.615384615384613,4.341880341880341,9.935042735042735,2.3028083028083035,-0.6031746031746028,2.9963369963369964,0.0
588708.035245528,509,0.08,0.03799999877810478,0.5330942273139954,0.6014999747276306,1.2381629943847656,0.029400000348687172,0.7059999704360962,0.4212999939918518,0.046730754558632626,0.5056458381017794,0.5960555428397054,1.2075608453498141,0.03070878156710144,0.6918059052414751,0.43507286182955873,8.294505494505486,10.615384615384613,4.341880341880341,9.962393162393163,2.2686202686202694,-0.6129426129426125,2.9914529914529915,0.0
588708.115248367,510,0.08,0.03799999877810478,0.5354923009872437,0.6014999747276306,1.2431422472000122,0.029400000348687172,0.7059999704360962,0.4212999939918518,0.046730754558632626,0.5071717402914491,0.5960555428397054,1.208323796444649,0.03070878156710144,0.6921873807888925,0.43507286182955873,8.294505494505486,10.747252747252745,4.355555555555554,10.276923076923076,2.2686202686202694,-0.6227106227106223,2.9816849816849818,0.0
588708.195246163,511,0.08,0.03799999877810478,0.5378903746604919,0.6014999747276306,1.2481215000152588,0.029400000348687172,0.7059999704360962,0.4212999939918518,0.046730754558632626,0.5075532158388665,0.5960555428397054,1.2094682230869012,0.03070878156710144,0.6918059052414751,0.43507286182955873,8.294505494505486,10.879120879120876,4.355555555555554,10.564102564102562,2.278388278388279,-0.6227106227106223,2.9865689865689866,0.0
588708.27524854,512,0.08,0.03799999877810478,0.5402884483337402,0.6014999747276306,1.253100872039795,0.029400000348687172,0.7059999704360962,0.4212999939918518,0.046730754558632626,0.5121309224078754,0.5960555428397054,1.2098496986343186,0.028801403830014394,0.6921873807888925,0.43507286182955873,8.294505494505486,10.668131868131866,4.382905982905989,10.837606837606835,2.2930402930402938,-0.6373626373626369,2.9816849816849818,0.0
588708.355246537,513,0.08,0.03799999877810478,0.5426865220069885,0.6014999747276306,1.258080244064331,0.029400000348687172,0.7059999704360962,0.4212999939918518,0.046730754558632626,0.5174715800717191,0.5960555428397054,1.2132829785610753,0.029182879377431803,0.6921873807888925,0.43507286182955873,8.294505494505486,10.483516483516482,4.410256410256416,10.413675213675212,2.2979242979242986,-0.6520146520146515,2.976800976800977,0.0
588708.43524711,514,0.08,0.03799999877810478,0.5450845956802368,0.6014999747276306,1.2630596160888672,0.029400000348687172,0.7059999704360962,0.4212999939918518,0.046349279011215216,0.5182345311665539,0.5960555428397054,1.2254901960784323,0.028038452735179575,0.6902800030518055,0.43240253299763687,8.320879120879113,10.747252747252745,4.451282051282057,10.235897435897435,2.3028083028083035,-0.6471306471306466,2.9914529914529915,0.0
588708.515240479,515,0.08,0.03799999877810478,0.5474826693534851,0.6014999747276306,1.2680388689041138,0.029400000348687172,0.7059999704360962,0.4212999939918518,0.046349279011215216,0.5182345311665539,0.5960555428397054,1.2403677424277113,0.027656977187762166,0.6910429541466403,0.43240253299763687,8.320879120879113,10.879120879120876,4.451282051282057,9.593162393162388,2.3125763125763132,-0.7106227106227099,2.9816849816849818,0.0
588708.595240855,516,0.08,0.03799999877810478,0.5498807430267334,0.6014999747276306,1.27301824092865,0.029400000348687172,0.7059999704360962,0.4212999939918518,0.046349279011215216,0.5186160067139713,0.5960555428397054,1.2518120088502336,0.028038452735179575,0.6929503318837273,0.43583581292439355,8.320879120879113,10.931868131868129,4.451282051282057,9.26495726495726,2.3125763125763132,-0.7350427350427342,2.937728937728938,0.0
588708.675240685,517,0.08,0.03799999877810478,0.5522788763046265,0.6014999747276306,1.2779974937438965,0.029400000348687172,0.7059999704360962,0.4212999939918518,0.046349279011215216,0.5251010910200673,0.5960555428397054,1.2544823376821554,0.029564354924849212,0.6929503318837273,0.43621728847181096,8.320879120879113,10.325274725274724,4.492307692307698,9.538461538461533,2.2930402930402938,-0.7545787545787537,2.9133089133089136,0.0
588708.755240639,518,0.08,0.03799999877810478,0.55467689037323,0.6014999747276306,1.2829768657684326,0.029400000348687172,0.7059999704360962,0.4212999939918518,0.046730754558632626,0.5319676508735807,0.5960555428397054,1.2544823376821554,0.029564354924849212,0.6921873807888925,0.43583581292439355,8.320879120879113,10.378021978021977,4.547008547008552,9.784615384615385,2.288156288156289,-0.7594627594627585,2.9133089133089136,0.0
588708.83524033,519,0.08,0.03799999877810478,0.557075023651123,0.6014999747276306,1.2879562377929688,0.029400000348687172,0.7059999704360962,0.4212999939918518,0.046730754558632626,0.5346379797055025,0.5960555428397054,1.2544823376821554,0.029182879377431803,0.6906614785992229,0.43545433737697614,8.320879120879113,10.43076923076923,4.588034188034193,10.071794871794872,2.2979242979242986,-0.7643467643467634,2.9084249084249088,0.0
588708.915240245,520,0.08,0.03799999877810478,0.5594730377197266,0.6014999747276306,1.2929356098175049,0.029400000348687172,0.7059999704360962,0.4212999939918518,0.046730754558632626,0.5346379797055025,0.5960555428397054,1.25677119096666,0.028801403830014394,0.6914244296940577,0.43545433737697614,8.320879120879113,10.589010989010987,4.588034188034193,9.935042735042735,2.3028083028083035,-0.7985347985347993,2.9084249084249088,0.0
588708.995245633,521,0.08,0.03799999877810478,0.5618711709976196,0.6014999747276306,1.297914743423462,0.029400000348687172,0.7059999704360962,0.4212999939918518,0.046349279011215216,0.5346379797055025,0.5960555428397054,1.2621118486305036,0.028038452735179575,0.6921873807888925,0.4346913862821413,8.320879120879113,10.747252747252745,4.588034188034193,9.935042735042735,2.3076923076923084,-0.8034188034188041,2.9084249084249088,0.0
588709.075247345,522,0.08,0.03799999877810478,0.5642691850662231,0.6014999747276306,1.302894115447998,0.029400000348687172,0.7059999704360962,0.4212999939918518,0.046349279011215216,0.5346379797055025,0.5960555428397054,1.2720302128633563,0.027656977187762166,0.6918059052414751,0.4346913862821413,8.347252747252739,10.879120879120876,4.61538461538462,9.921367521367522,2.3125763125763132,-0.808302808302809,2.903540903540904,0.0
588709.155244931,523,0.08,0.03799999877810478,0.5666673183441162,0.6014999747276306,1.3078734874725342,0.029400000348687172,0.7059999704360962,0.4212999939918518,0.046730754558632626,0.5384527351796766,0.5960555428397054,1.2758449683375304,0.028038452735179575,0.6925688563363099,0.43545433737697614,8.320879120879113,10.56263736263736,4.61538461538462,9.976068376068376,2.3467643467643473,-0.8522588522588528,2.8840048840048844,0.0
588709.235241855,524,0.08,0.03799999877810478,0.5690653324127197,0.6014999747276306,1.3128528594970703,0.029400000348687172,0.7059999704360962,0.4212999939918518,0.046730754558632626,0.5415045395590159,0.5960555428397054,1.281948577096209,0.028038452735179575,0.6925688563363099,0.43545433737697614,8.347252747252739,10.589010989010987,4.656410256410261,9.784615384615385,2.3125763125763132,-0.842490842490843,2.8791208791208796,0.0
588709.315239207,525,0.08,0.03799999877810478,0.5714634656906128,0.6014999747276306,1.3178322315216064,0.029400000348687172,0.7059999704360962,0.4212999939918518,0.046349279011215216,0.5460822461280248,0.5960555428397054,1.2834744792858785,0.028419928282596985,0.6921873807888925,0.4346913862821413,8.373626373626365,10.615384615384613,4.683760683760688,9.894017094017094,2.3028083028083035,-0.8717948717948723,2.8742368742368747,0.0
588709.395261711,526,0.08,0.03799999877810478,0.5738615393638611,0.6014999747276306,1.322811484336853,0.029400000348687172,0.7059999704360962,0.4212999939918518,0.046730754558632626,0.5460822461280248,0.5960555428397054,1.2884336614023049,0.028419928282596985,0.6918059052414751,0.4346913862821413,8.347252747252739,10.799999999999997,4.697435897435902,10.044444444444444,2.3076923076923084,-0.881562881562882,2.86935286935287,0.0
588709.475245315,527,0.08,0.03799999877810478,0.5762596130371094,0.6014999747276306,1.3277908563613892,0.029400000348687172,0.7059999704360962,0.4212999939918518,0.046730754558632626,0.5460822461280248,0.5960555428397054,1.2884336614023049,0.028419928282596985,0.6925688563363099,0.4346913862821413,8.347252747252739,10.905494505494502,4.697435897435902,10.33162393162393,2.3076923076923084,-0.8864468864468869,2.864468864468865,0.0
588709.555248501,528,0.08,0.03799999877810478,0.5786576867103577,0.6014999747276306,1.3327701091766357,0.029400000348687172,0.7059999704360962,0.4212999939918518,0.046730754558632626,0.5460822461280248,0.5960555428397054,1.2884336614023049,0.028419928282596985,0.6925688563363099,0.4346913862821413,8.347252747252739,11.090109890109886,4.711111111111116,10.618803418803417,2.3076923076923084,-0.8864468864468869,2.864468864468865,0.0
588709.635264905,529,0.08,0.03799999877810478,0.581055760383606,0.6014999747276306,1.3377494812011719,0.029400000348687172,0.7059999704360962,0.4212999939918518,0.046730754558632626,0.5460822461280248,0.5960555428397054,1.2899595635919745,0.028038452735179575,0.6921873807888925,0.4346913862821413,8.347252747252739,11.248351648351644,4.697435897435902,10.48205128205128,2.3125763125763132,-0.8864468864468869,2.86935286935287,0.0
588709.715246303,530,0.08,0.03799999877810478,0.5834538340568542,0.6014999747276306,1.342728853225708,0.029400000348687172,0.7059999704360962,0.4212999939918518,0.0455863279163804,0.5460822461280248,0.5960555428397054,1.3021667811093316,0.027656977187762166,0.6921873807888925,0.43163958190280205,8.479120879120885,11.406593406593402,4.697435897435902,10.03076923076923,2.3125763125763132,-0.9010989010989015,2.893772893772894,0.0
588709.795244591,531,0.08,0.03799999877810478,0.5858519077301025,0.6014999747276306,1.3477081060409546,0.029400000348687172,0.7059999704360962,0.4212999939918518,0.04367895017929335,0.5495155260547815,0.5960555428397054,1.3178072785534454,0.027656977187762166,0.6929503318837273,0.43202105745021946,8.558241758241763,11.06373626373626,4.711111111111116,9.401709401709397,2.322344322344323,-0.9450549450549453,2.8791208791208796,0.0
588709.875249026,532,0.08,0.03799999877810478,0.5882499814033508,0.6014999747276306,1.3526874780654907,0.029400000348687172,0.7059999704360962,0.4212999939918518,0.042153047989623715,0.5533302815289556,0.5960555428397054,1.3303959716182199,0.028419928282596985,0.6925688563363099,0.4327840085450543,8.637362637362642,10.958241758241755,4.76581196581197,9.11452991452991,2.2930402930402938,-0.9645909645909647,2.8449328449328455,0.0
588709.955249695,533,0.08,0.03799999877810478,0.5906480550765991,0.6014999747276306,1.3576667308807373,0.029400000348687172,0.7059999704360962,0.4212999939918518,0.042153047989623715,0.5655374990463127,0.5960555428397054,1.3330663004501417,0.028038452735179575,0.6937132829785622,0.4331654840924717,8.663736263736268,10.325274725274724,4.834188034188038,9.319658119658115,2.3076923076923084,-1.0134310134310134,2.820512820512821,0.0
588710.035248453,534,0.08,0.03799999877810478,0.5930461287498474,0.6014999747276306,1.3626461029052734,0.029400000348687172,0.7059999704360962,0.4212999939918518,0.042153047989623715,0.5682078278782345,0.5960555428397054,1.3330663004501417,0.03032730601968403,0.6883726253147184,0.4331654840924717,8.663736263736268,10.509890109890108,4.888888888888893,9.538461538461533,2.2735042735042743,-0.9304029304029307,2.8107448107448096,0.0
588710.115241952,535,0.08,0.03799999877810478,0.5954442024230957,0.6014999747276306,1.3676254749298096,0.029400000348687172,0.7059999704360962,0.4212999939918518,0.041771572442206306,0.5678263523308171,0.5960555428397054,1.3330663004501417,0.029564354924849212,0.6837949187457095,0.43240253299763687,8.690109890109895,10.720879120879118,4.9025641025641065,9.852991452991454,2.288156288156289,-0.9450549450549453,2.8156288156288163,0.0
588710.195254429,536,0.08,0.03799999877810478,0.5978423357009888,0.6014999747276306,1.3726048469543457,0.029400000348687172,0.7059999704360962,0.4212999939918518,0.041771572442206306,0.5678263523308171,0.5960555428397054,1.3330663004501417,0.028801403830014394,0.6849393453879618,0.43240253299763687,8.663736263736268,10.879120879120876,4.91623931623932,10.126495726495726,2.283272283272284,-0.9597069597069599,2.8107448107448096,0.0
588710.275250305,537,0.08,0.03799999877810478,0.6002403497695923,0.6014999747276306,1.3775839805603027,0.029400000348687172,0.7059999704360962,0.4212999939918518,0.0413900968947889,0.5678263523308171,0.5960555428397054,1.3395513847562377,0.027656977187762166,0.6845578698405443,0.4301136797131324,8.690109890109895,11.037362637362634,4.91623931623932,10.099145299145299,2.3028083028083035,-0.9499389499389501,2.8791208791208796,0.0
588710.355254015,538,0.08,0.03799999877810478,0.6026384830474854,0.6014999747276306,1.3825633525848389,0.029400000348687172,0.7059999704360962,0.4212999939918518,0.0413900968947889,0.5727855344472434,0.5960555428397054,1.3418402380407422,0.027656977187762166,0.6849393453879618,0.4293507286182976,8.690109890109895,10.536263736263734,4.9025641025641065,10.003418803418803,2.2930402930402938,-0.9841269841269842,2.8351648351648358,0.0
588710.435239216,539,0.08,0.03799999877810478,0.6050364971160889,0.6014999747276306,1.387542724609375,0.029400000348687172,0.7059999704360962,0.4212999939918518,0.04100862134737149,0.5785076676585046,0.5960555428397054,1.352903028915847,0.027275501640344757,0.686083772030214,0.4285877775234628,8.690109890109895,10.589010989010987,4.984615384615388,9.743589743589745,2.2979242979242986,-1.0231990231990231,2.825396825396826,0.0
588710.515246774,540,0.08,0.03799999877810478,0.6074346303939819,0.6014999747276306,1.3925220966339111,0.029400000348687172,0.7059999704360962,0.4212999939918518,0.0413900968947889,0.5827038986800961,0.5960555428397054,1.3590066376745256,0.029564354924849212,0.6845578698405443,0.4301136797131324,8.690109890109895,10.404395604395603,4.998290598290602,9.319658119658115,2.278388278388279,-1.028083028083028,2.79120879120879,0.0
588710.595342402,541,0.08,0.03799999877810478,0.6098326444625854,0.6014999747276306,1.3975014686584473,0.029400000348687172,0.7059999704360962,0.4212999939918518,0.0413900968947889,0.5830853742275135,0.5960555428397054,1.3673990997177086,0.029564354924849212,0.6849393453879618,0.4304951552605498,8.663736263736268,10.615384615384613,5.039316239316243,9.456410256410251,2.2686202686202694,-1.0573870573870572,2.7814407814407804,0.0
588710.675249778,542,0.08,0.03799999877810478,0.6122307777404785,0.6014999747276306,1.4024807214736938,0.029400000348687172,0.7059999704360962,0.4212999939918518,0.0413900968947889,0.5830853742275135,0.5960555428397054,1.3715953307393,0.028038452735179575,0.6853208209353792,0.429732204165715,8.690109890109895,10.77362637362637,5.025641025641029,9.538461538461533,2.2979242979242986,-1.067155067155067,2.7765567765567756,0.0
588710.755191767,543,0.08,0.03799999877810478,0.6146288514137268,0.6014999747276306,1.40746009349823,0.029400000348687172,0.7059999704360962,0.4212999939918518,0.0413900968947889,0.5834668497749309,0.5960555428397054,1.3723582818341349,0.028419928282596985,0.6853208209353792,0.429732204165715,8.690109890109895,10.879120879120876,5.039316239316243,9.72991452991453,2.283272283272284,-1.0720390720390718,2.7765567765567756,0.0
588710.835261281,544,0.08,0.03799999877810478,0.6170269250869751,0.6014999747276306,1.4124393463134766,0.029400000348687172,0.7059999704360962,0.4212999939918518,0.0413900968947889,0.5834668497749309,0.5960555428397054,1.3723582818341349,0.028038452735179575,0.6853208209353792,0.429732204165715,8.663736263736268,11.06373626373626,5.025641025641029,10.03076923076923,2.283272283272284,-1.0769230769230766,2.766788766788766,0.0
588710.915244771,545,0.08,0.03799999877810478,0.6194249987602234,0.6014999747276306,1.4174187183380127,0.029400000348687172,0.7059999704360962,0.4212999939918518,0.0413900968947889,0.5834668497749309,0.5960555428397054,1.3723582818341349,0.028038452735179575,0.6853208209353792,0.429732204165715,8.690109890109895,11.195604395604391,5.025641025641029,10.33162393162393,2.288156288156289,-1.0769230769230766,2.7716727716727707,0.0
588710.995246741,546,0.08,0.03799999877810478,0.6218230724334717,0.6014999747276306,1.4223980903625488,0.029400000348687172,0.7059999704360962,0.4212999939918518,0.0413900968947889,0.5838483253223483,0.5960555428397054,1.3754100862134742,0.027656977187762166,0.6853208209353792,0.4289692530708802,8.690109890109895,11.380219780219775,5.025641025641029,10.194871794871794,2.2979242979242986,-1.0769230769230766,2.79120879120879,0.0
588711.075249918,547,0.08,0.03799999877810478,0.6242210865020752,0.6014999747276306,1.4273773431777954,0.029400000348687172,0.7059999704360962,0.4212999939918518,0.04100862134737149,0.5838483253223483,0.5960555428397054,1.386472877088579,0.027275501640344757,0.6853208209353792,0.42782482642862796,8.716483516483521,11.512087912087907,5.039316239316243,9.935042735042735,2.2930402930402938,-1.0866910866910864,2.7814407814407804,0.0
588711.155246058,548,0.08,0.03799999877810478,0.6266192197799683,0.6014999747276306,1.432356595993042,0.029400000348687172,0.7059999704360962,0.4212999939918518,0.04100862134737149,0.5842298008697657,0.5960555428397054,1.4017318989852754,0.027275501640344757,0.6853208209353792,0.4285877775234628,8.690109890109895,11.617582417582412,5.052991452991456,9.141880341880338,2.2930402930402938,-1.1111111111111107,2.766788766788766,0.0
588711.235247133,549,0.08,0.03799999877810478,0.6290172934532166,0.6014999747276306,1.4373359680175781,0.029400000348687172,0.7059999704360962,0.4212999939918518,0.04100862134737149,0.5865186541542702,0.5960555428397054,1.41432059205005,0.028419928282596985,0.6853208209353792,0.43240253299763687,8.690109890109895,11.406593406593402,5.052991452991456,8.553846153846152,2.2686202686202694,-1.135531135531135,2.6739926739926734,0.0
588711.315266252,550,0.08,0.03799999877810478,0.6314153671264648,0.6014999747276306,1.4423153400421143,0.029400000348687172,0.7059999704360962,0.4212999939918518,0.04100862134737149,0.5987258716716273,0.5960555428397054,1.418135347524224,0.028038452735179575,0.6864652475776314,0.4331654840924717,8.716483516483521,10.509890109890108,5.06666666666667,8.895726495726493,2.2735042735042743,-1.208791208791208,2.649572649572649,0.0
588711.395872256,551,0.08,0.03799999877810478,0.6338134407997131,0.6014999747276306,1.4472947120666504,0.029400000348687172,0.7059999704360962,0.4212999939918518,0.0413900968947889,0.6109330891889844,0.5960555428397054,1.418135347524224,0.028038452735179575,0.686083772030214,0.4327840085450543,8.690109890109895,9.982417582417582,5.176068376068379,9.100854700854697,2.278388278388279,-1.1843711843711837,2.649572649572649,0.0
588711.47537545,552,0.08,0.03799999877810478,0.6362115144729614,0.6014999747276306,1.4522740840911865,0.029400000348687172,0.7059999704360962,0.4212999939918518,0.0413900968947889,0.6162737468528281,0.5960555428397054,1.418135347524224,0.028038452735179575,0.6818875410086225,0.43202105745021946,8.690109890109895,10.087912087912088,5.258119658119661,9.347008547008542,2.2735042735042743,-1.1697191697191691,2.6398046398046393,0.0
588711.55525105,553,0.08,0.03799999877810478,0.6386096477508545,0.6014999747276306,1.457253336906433,0.029400000348687172,0.7059999704360962,0.4212999939918518,0.0413900968947889,0.6162737468528281,0.5960555428397054,1.4211871519035633,0.027656977187762166,0.6822690165560399,0.43202105745021946,8.716483516483521,10.298901098901098,5.271794871794874,9.401709401709397,2.2686202686202694,-1.2185592185592178,2.6251526251526247,0.0
588711.635278061,554,0.08,0.03799999877810478,0.641007661819458,0.6014999747276306,1.4622325897216797,0.029400000348687172,0.7059999704360962,0.4212999939918518,0.0413900968947889,0.6162737468528281,0.5960555428397054,1.422713054093233,0.027656977187762166,0.6826504921034573,0.43202105745021946,8.690109890109895,10.404395604395603,5.285470085470088,9.52478632478632,2.2686202686202694,-1.2185592185592178,2.6251526251526247,0.0
588711.715241258,555,0.08,0.03799999877810478,0.6434057950973511,0.6014999747276306,1.4672119617462158,0.029400000348687172,0.7059999704360962,0.4212999939918518,0.0413900968947889,0.6170366979476629,0.5960555428397054,1.4276722362096592,0.027656977187762166,0.6822690165560399,0.4304951552605498,8.690109890109895,10.536263736263734,5.285470085470088,9.470085470085465,2.2637362637362646,-1.2234432234432226,2.6691086691086685,0.0
588711.795247992,556,0.08,0.03799999877810478,0.6458038091659546,0.6014999747276306,1.472191333770752,0.029400000348687172,0.7059999704360962,0.4212999939918518,0.0413900968947889,0.6170366979476629,0.5960555428397054,1.4337758449683378,0.027656977187762166,0.6822690165560399,0.4285877775234628,8.690109890109895,10.668131868131866,5.285470085470088,9.41538461538461,2.2588522588522597,-1.2429792429792421,2.6349206349206344,0.0
588711.875241474,557,0.08,0.03799999877810478,0.6482019424438477,0.6014999747276306,1.4771705865859985,0.029400000348687172,0.7059999704360962,0.4212999939918518,0.0413900968947889,0.6170366979476629,0.5960555428397054,1.443312733653773,0.027656977187762166,0.6826504921034573,0.4289692530708802,8.690109890109895,10.799999999999997,5.271794871794874,9.128205128205124,2.253968253968255,-1.2527472527472518,2.6300366300366296,0.0
588711.955245034,558,0.08,0.03799999877810478,0.6505999565124512,0.6014999747276306,1.4821499586105347,0.029400000348687172,0.7059999704360962,0.4212999939918518,0.0413900968947889,0.6174181734950803,0.5960555428397054,1.449797817959869,0.027656977187762166,0.6822690165560399,0.4285877775234628,8.690109890109895,10.905494505494502,5.271794871794874,9.046153846153842,2.2588522588522597,-1.2625152625152616,2.6251526251526247,0.0
588712.035244718,559,0.08,0.03799999877810478,0.6529980897903442,0.6014999747276306,1.4871292114257812,0.029400000348687172,0.7059999704360962,0.4212999939918518,0.0413900968947889,0.6185626001373326,0.5960555428397054,1.4524681467917908,0.028038452735179575,0.6822690165560399,0.429732204165715,8.690109890109895,10.905494505494502,5.285470085470088,9.059829059829056,2.24908424908425,-1.2722832722832713,2.6007326007326004,0.0
588712.115241731,560,0.08,0.03799999877810478,0.6553961634635925,0.6014999747276306,1.4921085834503174,0.029400000348687172,0.7059999704360962,0.4212999939918518,0.0413900968947889,0.6231403067063415,0.5960555428397054,1.4547570000762953,0.027275501640344757,0.6834134431982921,0.4285877775234628,8.663736263736268,10.747252747252745,5.312820512820515,9.41538461538461,2.24908424908425,-1.2967032967032956,2.5958485958485955,0.0
588712.195818154,561,0.08,0.03799999877810478,0.6577942371368408,0.6014999747276306,1.4970879554748535,0.029400000348687172,0.7059999704360962,0.4212999939918518,0.0413900968947889,0.6284809643701852,0.5960555428397054,1.4566643778133823,0.027275501640344757,0.6822690165560399,0.4285877775234628,8.663736263736268,10.378021978021977,5.326495726495729,9.606837606837601,2.2588522588522597,-1.2967032967032956,2.6007326007326004,0.0
588712.275283079,562,0.08,0.03799999877810478,0.6601923108100891,0.6014999747276306,1.5020673274993896,0.029400000348687172,0.7059999704360962,0.4212999939918518,0.0413900968947889,0.62924391546502,0.5960555428397054,1.4631494621194783,0.027275501640344757,0.6822690165560399,0.42820630197604537,8.663736263736268,10.720879120879118,5.36752136752137,9.251282051282047,2.2588522588522597,-1.3064713064713054,2.61050061050061,0.0
588712.355243726,563,0.08,0.03799999877810478,0.6625903844833374,0.6014999747276306,1.5070465803146362,0.029400000348687172,0.7059999704360962,0.4212999939918518,0.0413900968947889,0.6303883421072722,0.5960555428397054,1.4719233997100787,0.027656977187762166,0.6822690165560399,0.42744335088121055,8.663736263736268,10.694505494505492,5.353846153846156,8.950427350427347,2.2393162393162402,-1.3357753357753346,2.581196581196581,0.0
588712.43523796,564,0.08,0.03799999877810478,0.6649884581565857,0.6014999747276306,1.5120259523391724,0.029400000348687172,0.7059999704360962,0.4212999939918518,0.0413900968947889,0.6342030975814463,0.5960555428397054,1.4841306172274358,0.027275501640344757,0.6841763942931269,0.42820630197604537,8.663736263736268,10.615384615384613,5.394871794871797,8.594871794871793,2.2393162393162402,-1.3748473748473735,2.5518925518925517,0.0
588712.51524836,565,0.08,0.03799999877810478,0.667386531829834,0.6014999747276306,1.517005205154419,0.029400000348687172,0.7059999704360962,0.4212999939918518,0.0413900968947889,0.6372549019607856,0.5960555428397054,1.489852750438697,0.028801403830014394,0.6826504921034573,0.429732204165715,8.637362637362642,10.483516483516482,5.408547008547011,8.635897435897434,2.214896214896216,-1.3699633699633686,2.507936507936508,0.0
588712.595279845,566,0.08,0.03799999877810478,0.6697846055030823,0.6014999747276306,1.521984577178955,0.029400000348687172,0.7059999704360962,0.4212999939918518,0.0413900968947889,0.6429770351720467,0.5960555428397054,1.4902342259861143,0.027656977187762166,0.6849393453879618,0.4293507286182976,8.637362637362642,10.219780219780219,5.435897435897438,8.827350427350424,2.253968253968255,-1.4481074481074483,2.5128205128205128,0.0
588712.675251129,567,0.08,0.03799999877810478,0.6721826791763306,0.6014999747276306,1.5269639492034912,0.029400000348687172,0.7059999704360962,0.4212999939918518,0.0413900968947889,0.6448844129091338,0.5960555428397054,1.4902342259861143,0.027656977187762166,0.6841763942931269,0.4289692530708802,8.637362637362642,10.378021978021977,5.476923076923079,9.07350427350427,2.2295482295482305,-1.4090354090354094,2.498168498168498,0.0
588712.755251443,568,0.08,0.03799999877810478,0.6745807528495789,0.6014999747276306,1.5319432020187378,0.029400000348687172,0.7059999704360962,0.4212999939918518,0.0413900968947889,0.6452658884565512,0.5960555428397054,1.4921416037232014,0.027656977187762166,0.6837949187457095,0.4289692530708802,8.637362637362642,10.56263736263736,5.463247863247865,8.991452991452988,2.2295482295482305,-1.4285714285714288,2.498168498168498,0.0
588712.835243928,569,0.08,0.03799999877810478,0.6769788265228271,0.6014999747276306,1.536922574043274,0.029400000348687172,0.7059999704360962,0.4212999939918518,0.04100862134737149,0.6452658884565512,0.5960555428397054,1.4990081635767147,0.027275501640344757,0.6845578698405443,0.42782482642862796,8.637362637362642,10.668131868131866,5.476923076923079,9.005128205128202,2.2197802197802208,-1.4383394383394386,2.4932844932844933,0.0
588712.915249394,570,0.08,0.03799999877810478,0.6793769001960754,0.6014999747276306,1.5419018268585205,0.029400000348687172,0.7059999704360962,0.4212999939918518,0.04100862134737149,0.6475547417410557,0.5960555428397054,1.5074006256198977,0.027656977187762166,0.6845578698405443,0.4285877775234628,8.637362637362642,10.536263736263734,5.476923076923079,8.92307692307692,2.2295482295482305,-1.4481074481074483,2.4835164835164836,0.0
588712.995247059,571,0.08,0.03799999877810478,0.6817749738693237,0.6014999747276306,1.5468811988830566,0.029400000348687172,0.7059999704360962,0.4212999939918518,0.04100862134737149,0.6509880216678123,0.5960555428397054,1.512359807736324,0.027656977187762166,0.6853208209353792,0.4289692530708802,8.610989010989016,10.536263736263734,5.504273504273506,8.745299145299143,2.2246642246642256,-1.4822954822954824,2.4590964590964592,0.0
588713.075245332,572,0.08,0.03799999877810478,0.684173047542572,0.6014999747276306,1.5518605709075928,0.029400000348687172,0.7059999704360962,0.4212999939918518,0.0413900968947889,0.654421301594569,0.5960555428397054,1.5165560387579156,0.027275501640344757,0.6853208209353792,0.42820630197604537,8.610989010989016,10.298901098901098,5.504273504273506,8.854700854700852,2.2344322344322354,-1.496947496947497,2.473748473748474,0.0
588713.155245348,573,0.08,0.03799999877810478,0.6865711212158203,0.6014999747276306,1.556839942932129,0.029400000348687172,0.7059999704360962,0.4212999939918518,0.04100862134737149,0.6597619592584127,0.5960555428397054,1.5184634164950026,0.027275501640344757,0.6853208209353792,0.4285877775234628,8.610989010989016,10.087912087912088,5.545299145299147,9.018803418803415,2.2197802197802208,-1.5115995115995116,2.434676434676435,0.0
588713.235238934,574,0.08,0.03799999877810478,0.6889691948890686,0.6014999747276306,1.5618191957473755,0.029400000348687172,0.7059999704360962,0.4212999939918518,0.0413900968947889,0.6624322880903346,0.5960555428397054,1.5215152208743419,0.027656977187762166,0.6845578698405443,0.4285877775234628,8.610989010989016,10.272527472527472,5.5589743589743605,8.96410256410256,2.210012210012211,-1.5067155067155067,2.424908424908425,0.0
588713.315242244,575,0.08,0.03799999877810478,0.6913672685623169,0.6014999747276306,1.5667985677719116,0.029400000348687172,0.7059999704360962,0.4212999939918518,0.0413900968947889,0.6624322880903346,0.5960555428397054,1.522659647516594,0.027656977187762166,0.6845578698405443,0.4285877775234628,8.610989010989016,10.404395604395603,5.5589743589743605,9.210256410256406,2.205128205128206,-1.5262515262515262,2.4102564102564106,0.0
588713.395246972,576,0.08,0.03799999877810478,0.69376540184021,0.6014999747276306,1.5717778205871582,0.029400000348687172,0.7059999704360962,0.4212999939918518,0.04100862134737149,0.6624322880903346,0.5960555428397054,1.5314335851071945,0.026894026092927348,0.6853208209353792,0.4262989242389583,8.610989010989016,10.536263736263734,5.572649572649574,8.950427350427347,2.214896214896216,-1.536019536019536,2.463980463980464,0.0
588713.475253842,577,0.08,0.03799999877810478,0.6961634159088135,0.6014999747276306,1.5767571926116943,0.029400000348687172,0.7059999704360962,0.4212999939918518,0.04100862134737149,0.6654840924696739,0.5960555428397054,1.53944457160296,0.027275501640344757,0.6849393453879618,0.42668039978637573,8.610989010989016,10.298901098901098,5.5589743589743605,8.485470085470084,2.210012210012211,-1.5457875457875456,2.4151404151404154,0.0
588713.555245153,578,0.08,0.03799999877810478,0.6985615491867065,0.6014999747276306,1.5817365646362305,0.029400000348687172,0.7059999704360962,0.4212999939918518,0.04100862134737149,0.6673914702067609,0.5960555428397054,1.552414740215152,0.027275501640344757,0.6849393453879618,0.42744335088121055,8.610989010989016,10.457142857142856,5.613675213675215,8.225641025641025,2.1904761904761916,-1.5799755799755797,2.3809523809523814,0.0
588713.63524851,579,0.08,0.03799999877810478,0.7009595632553101,0.6014999747276306,1.586715817451477,0.029400000348687172,0.7059999704360962,0.4212999939918518,0.0413900968947889,0.6673914702067609,0.5960555428397054,1.5581368734264132,0.028038452735179575,0.6849393453879618,0.4293507286182976,8.58461538461539,10.536263736263734,5.613675213675215,8.047863247863248,2.18070818070818,-1.5897435897435894,2.3418803418803424,0.0
588713.71525207,580,0.08,0.03799999877810478,0.7033576965332031,0.6014999747276306,1.5916951894760132,0.029400000348687172,0.7059999704360962,0.4212999939918518,0.04100862134737149,0.6673914702067609,0.5960555428397054,1.5630960555428395,0.027656977187762166,0.6853208209353792,0.4289692530708802,8.558241758241763,10.64175824175824,5.586324786324788,8.143589743589743,2.18070818070818,-1.604395604395604,2.3321123321123327,0.0
588713.795257103,581,0.08,0.03799999877810478,0.7057557702064514,0.6014999747276306,1.5966744422912598,0.029400000348687172,0.7059999704360962,0.4212999939918518,0.04100862134737149,0.6685358968490132,0.5960555428397054,1.5630960555428395,0.027656977187762166,0.6849393453879618,0.4289692530708802,8.58461538461539,10.64175824175824,5.586324786324788,8.417094017094016,2.18070818070818,-1.604395604395604,2.327228327228328,0.0
588713.875256325,582,0.08,0.03799999877810478,0.7081538438796997,0.6014999747276306,1.601653814315796,0.029400000348687172,0.7059999704360962,0.4212999939918518,0.04100862134737149,0.6769283588921962,0.5960555428397054,1.5630960555428395,0.026894026092927348,0.686083772030214,0.42782482642862796,8.558241758241763,10.193406593406593,5.613675213675215,8.717948717948715,2.185592185592185,-1.6288156288156284,2.3418803418803424,0.0
588713.955246105,583,0.08,0.03799999877810478,0.710551917552948,0.6014999747276306,1.606633186340332,0.029400000348687172,0.7059999704360962,0.4212999939918518,0.04100862134737149,0.6815060654612051,0.5960555428397054,1.5661478599221788,0.027656977187762166,0.6849393453879618,0.42820630197604537,8.558241758241763,10.193406593406593,5.682051282051283,8.635897435897434,2.18070818070818,-1.6336996336996332,2.317460317460318,0.0
588714.035483342,584,0.08,0.03799999877810478,0.7129499912261963,0.6014999747276306,1.6116124391555786,0.029400000348687172,0.7059999704360962,0.4212999939918518,0.04100862134737149,0.6818875410086225,0.5960555428397054,1.57186999313344,0.027656977187762166,0.6849393453879618,0.4285877775234628,8.531868131868137,10.378021978021977,5.682051282051283,8.335042735042734,2.18070818070818,-1.643467643467643,2.3028083028083035,0.0
588714.115246105,585,0.08,0.03799999877810478,0.7153480648994446,0.6014999747276306,1.6165918111801147,0.029400000348687172,0.7059999704360962,0.4212999939918518,0.04100862134737149,0.6815060654612051,0.5960555428397054,1.580262455176623,0.027275501640344757,0.686083772030214,0.42782482642862796,8.558241758241763,10.509890109890108,5.682051282051283,8.307692307692307,2.1660561660561655,-1.6678876678876673,2.288156288156289,0.0
588714.195249696,586,0.08,0.03799999877810478,0.7177461385726929,0.6014999747276306,1.6215710639953613,0.029400000348687172,0.7059999704360962,0.4212999939918518,0.04100862134737149,0.6818875410086225,0.5960555428397054,1.5875104905775537,0.027656977187762166,0.6857022964827966,0.42820630197604537,8.531868131868137,10.589010989010987,5.6683760683760696,8.28034188034188,2.1562881562881557,-1.677655677655677,2.2686202686202694,0.0
588714.275296714,587,0.08,0.03799999877810478,0.7201442122459412,0.6014999747276306,1.6265504360198975,0.029400000348687172,0.7059999704360962,0.4212999939918518,0.04100862134737149,0.6834134431982921,0.5960555428397054,1.5894178683146407,0.027656977187762166,0.6857022964827966,0.4289692530708802,8.531868131868137,10.56263736263736,5.6683760683760696,8.47179487179487,2.1709401709401703,-1.682539682539682,2.2686202686202694,0.0
588714.355248076,588,0.08,0.03799999877810478,0.7225422859191895,0.6014999747276306,1.6315298080444336,0.029400000348687172,0.7059999704360962,0.4212999939918518,0.04100862134737149,0.6837949187457095,0.5960555428397054,1.5894178683146407,0.027275501640344757,0.6857022964827966,0.4285877775234628,8.531868131868137,10.747252747252745,5.682051282051283,8.745299145299143,2.1562881562881557,-1.6923076923076916,2.253968253968255,0.0
588714.435249594,589,0.08,0.03799999877810478,0.7249403595924377,0.6014999747276306,1.6365091800689697,0.029400000348687172,0.7059999704360962,0.4212999939918518,0.04100862134737149,0.6841763942931269,0.5960555428397054,1.5901808194094755,0.027275501640344757,0.6857022964827966,0.4285877775234628,8.531868131868137,10.905494505494502,5.695726495726497,8.882051282051279,2.1611721611721606,-1.6923076923076916,2.24908424908425,0.0
588714.515241554,590,0.08,0.03799999877810478,0.727338433265686,0.6014999747276306,1.6414884328842163,0.029400000348687172,0.7059999704360962,0.4212999939918518,0.04100862134737149,0.6841763942931269,0.5960555428397054,1.5985732814526585,0.027275501640344757,0.6857022964827966,0.4251544975967061,8.50549450549451,11.037362637362634,5.695726495726497,8.62222222222222,2.1562881562881557,-1.6971916971916965,2.317460317460318,0.0
588714.595260033,591,0.08,0.03799999877810478,0.7297365069389343,0.6014999747276306,1.6464678049087524,0.029400000348687172,0.7059999704360962,0.4212999939918518,0.04100862134737149,0.6952391851682318,0.5960555428397054,1.6062027924010067,0.027275501640344757,0.686083772030214,0.4247730220492887,8.50549450549451,9.92967032967033,5.695726495726497,8.143589743589743,2.1562881562881557,-1.7313797313797323,2.278388278388279,0.0
588714.675239502,592,0.08,0.03799999877810478,0.7321345806121826,0.6014999747276306,1.651447057723999,0.029400000348687172,0.7059999704360962,0.4212999939918518,0.04100862134737149,0.7055390249485018,0.5960555428397054,1.6199359121080334,0.027275501640344757,0.686083772030214,0.421339742122532,8.531868131868137,9.586813186813188,5.777777777777779,7.788034188034189,2.1269841269841265,-1.7509157509157518,2.253968253968255,0.0
588714.755243978,593,0.08,0.03799999877810478,0.7345326542854309,0.6014999747276306,1.6564264297485352,0.029400000348687172,0.7059999704360962,0.4212999939918518,0.04100862134737149,0.7139314869916848,0.5960555428397054,1.6302357518883035,0.028038452735179575,0.6834134431982921,0.4221026932173668,8.452747252747258,9.2967032967033,5.846153846153847,7.282051282051285,2.117216117216117,-1.7851037851037859,2.214896214896216,0.0
588714.83524635,594,0.08,0.03799999877810478,0.7369307279586792,0.6014999747276306,1.6614058017730713,0.029400000348687172,0.7059999704360962,0.4212999939918518,0.04100862134737149,0.7143129625391023,0.5960555428397054,1.634431982909895,0.028038452735179575,0.6841763942931269,0.4262989242389583,8.452747252747258,9.50769230769231,5.846153846153847,7.459829059829062,2.0927960927960925,-1.81929181929182,2.112332112332112,0.0
588714.915240803,595,0.08,0.03799999877810478,0.7393288612365723,0.6014999747276306,1.6663850545883179,0.029400000348687172,0.7059999704360962,0.4212999939918518,0.04100862134737149,0.7143129625391023,0.5960555428397054,1.634431982909895,0.028038452735179575,0.6845578698405443,0.42706187533379314,8.426373626373618,9.63956043956044,5.85982905982906,7.692307692307693,2.102564102564102,-1.81929181929182,2.1221001221001217,0.0
588714.995250083,596,0.08,0.03799999877810478,0.7417268753051758,0.6014999747276306,1.671364426612854,0.029400000348687172,0.7059999704360962,0.4212999939918518,0.04100862134737149,0.7143129625391023,0.5960555428397054,1.634431982909895,0.027656977187762166,0.6845578698405443,0.42362859540703646,8.426373626373618,9.797802197802199,5.85982905982906,7.993162393162393,2.102564102564102,-1.814407814407815,2.175824175824175,0.0
588715.075244537,597,0.08,0.03799999877810478,0.7441250085830688,0.6014999747276306,1.6763436794281006,0.029400000348687172,0.7059999704360962,0.4212999939918518,0.04100862134737149,0.7143129625391023,0.5960555428397054,1.636339360646982,0.027656977187762166,0.6845578698405443,0.4221026932173668,8.452747252747258,9.982417582417582,5.846153846153847,8.143589743589743,2.0976800976800973,-1.8241758241758248,2.2002442002442013,0.0
588715.1552385,598,0.08,0.03799999877810478,0.7465230226516724,0.6014999747276306,1.6813230514526367,0.029400000348687172,0.7059999704360962,0.4212999939918518,0.04100862134737149,0.7143129625391023,0.5960555428397054,1.6439688715953302,0.027275501640344757,0.6845578698405443,0.4171435111009405,8.426373626373618,10.114285714285714,5.846153846153847,7.842735042735043,2.102564102564102,-1.8290598290598297,2.2686202686202694,0.0
588715.235236922,599,0.08,0.03799999877810478,0.7489211559295654,0.6014999747276306,1.6863024234771729,0.029400000348687172,0.7059999704360962,0.4212999939918518,0.04100862134737149,0.7150759136339371,0.5960555428397054,1.653124284733348,0.027656977187762166,0.6845578698405443,0.4133287556267664,8.426373626373618,10.193406593406593,5.846153846153847,7.692307692307693,2.0830280830280827,-1.853479853479854,2.2588522588522597,0.0
588715.315238193,600,0.08,0.03799999877810478,0.7513192296028137,0.6014999747276306,1.6912816762924194,0.029400000348687172,0.7059999704360962,0.4212999939918518,0.04100862134737149,0.7150759136339371,0.5960555428397054,1.6603723201342788,0.027656977187762166,0.6849393453879618,0.4133287556267664,8.426373626373618,10.298901098901098,5.846153846153847,7.405128205128207,2.078144078144078,-1.8681318681318686,2.2295482295482305,0.0
588715.395246156,601,0.08,0.03799999877810478,0.753717303276062,0.6014999747276306,1.6962610483169556,0.029400000348687172,0.7059999704360962,0.4212999939918518,0.04100862134737149,0.7169832913710241,0.5960555428397054,1.664187075608453,0.027656977187762166,0.6849393453879618,0.4133287556267664,8.426373626373618,10.193406593406593,5.832478632478633,7.664957264957266,2.0634920634920633,-1.8778998778998783,2.210012210012211,0.0
588715.475245017,602,0.08,0.03799999877810478,0.7561153769493103,0.6014999747276306,1.7012403011322021,0.029400000348687172,0.7059999704360962,0.4212999939918518,0.04100862134737149,0.7211795223926156,0.5960555428397054,1.664187075608453,0.027656977187762166,0.6849393453879618,0.4133287556267664,8.373626373626365,9.982417582417582,5.873504273504274,7.856410256410257,2.068376068376068,-1.892551892551893,2.214896214896216,0.0
588715.555245677,603,0.08,0.03799999877810478,0.7585134506225586,0.6014999747276306,1.7062196731567383,0.029400000348687172,0.7059999704360962,0.4212999939918518,0.04100862134737149,0.7242313267719549,0.5960555428397054,1.6645685511558703,0.027656977187762166,0.6849393453879618,0.4133287556267664,8.373626373626365,9.982417582417582,5.873504273504274,8.061538461538461,2.0634920634920633,-1.8974358974358978,2.1953601953601964,0.0
588715.635248602,604,0.08,0.03799999877810478,0.7609115242958069,0.6014999747276306,1.7111990451812744,0.029400000348687172,0.7059999704360962,0.4212999939918518,0.04100862134737149,0.7326237888151379,0.5960555428397054,1.6683833066300444,0.027275501640344757,0.6853208209353792,0.4049362935835834,8.399999999999991,9.454945054945057,5.9282051282051285,8.075213675213675,2.073260073260073,-1.9120879120879124,2.327228327228328,0.0
588715.715247611,605,0.08,0.03799999877810478,0.7633095979690552,0.6014999747276306,1.716178297996521,0.029400000348687172,0.7059999704360962,0.4212999939918518,0.04100862134737149,0.7379644464789816,0.5960555428397054,1.6794460975051493,0.026894026092927348,0.6853208209353792,0.3957808804455656,8.399999999999991,9.402197802197804,5.982905982905983,7.610256410256412,2.043956043956044,-1.9462759462759465,2.351648351648352,0.0
588715.79524146,606,0.08,0.03799999877810478,0.7657076716423035,0.6014999747276306,1.7211576700210571,0.029400000348687172,0.7059999704360962,0.4212999939918518,0.04100862134737149,0.7398718242160687,0.5960555428397054,1.6874570840009149,0.027275501640344757,0.6849393453879618,0.39845120927748745,8.399999999999991,9.560439560439562,5.982905982905983,7.309401709401712,2.0244200244200243,-1.9706959706959708,2.2930402930402938,0.0
588715.8752457,607,0.08,0.03799999877810478,0.7681057453155518,0.6014999747276306,1.7261370420455933,0.029400000348687172,0.7059999704360962,0.4212999939918518,0.04100862134737149,0.7398718242160687,0.5960555428397054,1.6985198748760197,0.027275501640344757,0.6853208209353792,0.39845120927748745,8.373626373626365,9.613186813186815,5.982905982905983,6.953846153846158,2.0146520146520146,-1.9902319902319903,2.2686202686202694,0.0
588715.95524965,608,0.08,0.03799999877810478,0.7705038189888,0.6014999747276306,1.7311162948608398,0.029400000348687172,0.7059999704360962,0.4212999939918518,0.04100862134737149,0.7402532997634861,0.5960555428397054,1.7027161058976112,0.028038452735179575,0.6853208209353792,0.4011215381094093,8.347252747252739,9.63956043956044,5.969230769230769,6.953846153846158,2.0,-2.0,2.210012210012211,0.0
588716.03524144,609,0.08,0.03799999877810478,0.7729018926620483,0.6014999747276306,1.736095666885376,0.029400000348687172,0.7059999704360962,0.4212999939918518,0.04100862134737149,0.7452124818799124,0.5960555428397054,1.7038605325398635,0.027656977187762166,0.6857022964827966,0.39921416037232227,8.347252747252739,9.50769230769231,5.969230769230769,7.2136752136752165,2.004884004884005,-2.0097680097680097,2.244200244200245,0.0
588716.115250236,610,0.08,0.03799999877810478,0.7752999663352966,0.6014999747276306,1.741075038909912,0.029400000348687172,0.7059999704360962,0.4212999939918518,0.04100862134737149,0.7452124818799124,0.5960555428397054,1.7057679102769505,0.027275501640344757,0.6853208209353792,0.39845120927748745,8.347252747252739,9.665934065934067,5.982905982905983,7.22735042735043,2.0,-2.0146520146520146,2.2344322344322354,0.0
588716.195238137,611,0.08,0.03799999877810478,0.7776980400085449,0.6014999747276306,1.7460542917251587,0.029400000348687172,0.7059999704360962,0.4212999939918518,0.04100862134737149,0.7452124818799124,0.5960555428397054,1.7111085679407942,0.027275501640344757,0.6853208209353792,0.39768825818265263,8.320879120879113,9.797802197802199,5.996581196581197,7.145299145299148,2.0,-2.0244200244200243,2.2246642246642256,0.0
588716.27529785,612,0.08,0.03799999877810478,0.7800961136817932,0.6014999747276306,1.7510336637496948,0.029400000348687172,0.7059999704360962,0.4212999939918518,0.04100862134737149,0.7452124818799124,0.5960555428397054,1.7198825055313947,0.027275501640344757,0.6853208209353792,0.39845120927748745,8.320879120879113,9.92967032967033,5.996581196581197,6.953846153846158,1.9902319902319903,-2.029304029304029,2.210012210012211,0.0
588716.355246011,613,0.08,0.03799999877810478,0.7824941873550415,0.6014999747276306,1.7560129165649414,0.029400000348687172,0.7059999704360962,0.4212999939918518,0.04100862134737149,0.7505531395437561,0.5960555428397054,1.7244602121004036,0.027656977187762166,0.6853208209353792,0.39883268482490486,8.294505494505486,9.454945054945057,5.982905982905983,7.008547008547012,1.9804639804639805,-2.0439560439560447,2.18070818070818,0.0
588716.435265457,614,0.08,0.03799999877810478,0.7848923206329346,0.6014999747276306,1.7609922885894775,0.029400000348687172,0.7059999704360962,0.4212999939918518,0.04100862134737149,0.7562752727550173,0.5960555428397054,1.7282749675745777,0.027656977187762166,0.6857022964827966,0.39883268482490486,8.294505494505486,9.402197802197804,6.023931623931624,6.8444444444444485,1.9755799755799757,-2.063492063492064,2.1709401709401703,0.0
588716.515241558,615,0.08,0.03799999877810478,0.7872903347015381,0.6014999747276306,1.7659716606140137,0.029400000348687172,0.7059999704360962,0.4212999939918518,0.04100862134737149,0.7608529793240262,0.5960555428397054,1.731326771953917,0.027656977187762166,0.6853208209353792,0.39883268482490486,8.26813186813186,9.21758241758242,6.0376068376068375,7.1042735042735075,1.9560439560439562,-2.0781440781440788,2.1318681318681314,0.0
588716.595245289,616,0.08,0.03799999877810478,0.7896884679794312,0.6014999747276306,1.7709509134292603,0.029400000348687172,0.7059999704360962,0.4212999939918518,0.04100862134737149,0.7612344548714436,0.5960555428397054,1.7343785763332562,0.027656977187762166,0.6853208209353792,0.39883268482490486,8.26813186813186,9.42857142857143,6.051282051282051,7.172649572649576,1.965811965811966,-2.0830280830280836,2.1367521367521363,0.0
588716.675271092,617,0.08,0.03799999877810478,0.7920865416526794,0.6014999747276306,1.7759302854537964,0.029400000348687172,0.7059999704360962,0.4212999939918518,0.04100862134737149,0.7612344548714436,0.5960555428397054,1.735141527428091,0.027275501640344757,0.6853208209353792,0.39845120927748745,8.26813186813186,9.560439560439562,6.051282051282051,7.37777777777778,1.960927960927961,-2.0927960927960934,2.1269841269841265,0.0
588716.755246639,618,0.08,0.03799999877810478,0.7944846153259277,0.6014999747276306,1.780909538269043,0.029400000348687172,0.7059999704360962,0.4212999939918518,0.04100862134737149,0.7612344548714436,0.5960555428397054,1.7397192339971,0.027275501640344757,0.6853208209353792,0.39768825818265263,8.26813186813186,9.71868131868132,6.0376068376068375,7.186324786324789,1.9560439560439562,-2.0927960927960934,2.141636141636141,0.0
588716.835243572,619,0.08,0.03799999877810478,0.796882688999176,0.6014999747276306,1.785888910293579,0.029400000348687172,0.7059999704360962,0.4212999939918518,0.04100862134737149,0.761615930418861,0.5960555428397054,1.7477302204928655,0.027275501640344757,0.6853208209353792,0.396162355992983,8.241758241758234,9.797802197802199,6.051282051282051,7.1042735042735075,1.9462759462759465,-2.107448107448108,2.1221001221001217,0.0
588716.915247368,620,0.08,0.03799999877810478,0.7992807626724243,0.6014999747276306,1.7908682823181152,0.029400000348687172,0.7059999704360962,0.4212999939918518,0.04100862134737149,0.7619974059662784,0.5960555428397054,1.7599374380102226,0.027275501640344757,0.6853208209353792,0.3969253070878178,8.215384615384608,9.876923076923077,6.023931623931624,6.666666666666671,1.9365079365079367,-2.112332112332113,2.102564102564102,0.0
588716.995244359,621,0.08,0.03799999877810478,0.8016788363456726,0.6014999747276306,1.7958475351333618,0.029400000348687172,0.7059999704360962,0.4212999939918518,0.04100862134737149,0.7669565880827047,0.5960555428397054,1.7671854734111534,0.027275501640344757,0.6857022964827966,0.39845120927748745,8.189010989010981,9.375824175824178,6.023931623931624,6.447863247863253,1.9169719169719173,-2.1318681318681323,2.0586080586080584,0.0
588717.075240612,622,0.08,0.03799999877810478,0.8040769100189209,0.6014999747276306,1.800826907157898,0.029400000348687172,0.7059999704360962,0.4212999939918518,0.04100862134737149,0.7780193789578096,0.5960555428397054,1.7748149843595016,0.027275501640344757,0.6857022964827966,0.39845120927748745,8.136263736263729,8.690109890109895,6.051282051282051,6.105982905982906,1.9218559218559221,-2.1611721611721615,2.043956043956044,0.0
588717.155248571,623,0.08,0.03799999877810478,0.8064749836921692,0.6014999747276306,1.805806279182434,0.029400000348687172,0.7059999704360962,0.4212999939918518,0.04100862134737149,0.7814526588845663,0.5960555428397054,1.7782482642862583,0.028038452735179575,0.6853208209353792,0.3995956359197397,8.109890109890102,8.901098901098905,6.105982905982906,6.078632478632478,1.887667887667888,-2.170940170940171,1.9755799755799757,0.0
588717.235246724,624,0.08,0.03799999877810478,0.8088730573654175,0.6014999747276306,1.8107855319976807,0.029400000348687172,0.7059999704360962,0.4212999939918518,0.04100862134737149,0.7810711833371489,0.5960555428397054,1.7801556420233453,0.028038452735179575,0.6857022964827966,0.39921416037232227,8.136263736263729,9.059340659340663,6.105982905982906,6.393162393162399,1.887667887667888,-2.2002442002442004,1.9804639804639805,0.0
588717.315866495,625,0.08,0.03799999877810478,0.8112711310386658,0.6014999747276306,1.8157649040222168,0.029400000348687172,0.7059999704360962,0.4212999939918518,0.04100862134737149,0.7810711833371489,0.5960555428397054,1.7801556420233453,0.027656977187762166,0.686083772030214,0.39883268482490486,8.136263736263729,9.191208791208794,6.105982905982906,6.707692307692312,1.887667887667888,-2.1953601953601956,1.9804639804639805,0.0
588717.395241272,626,0.08,0.03799999877810478,0.8136692047119141,0.6014999747276306,1.820744276046753,0.029400000348687172,0.7059999704360962,0.4212999939918518,0.04100862134737149,0.7814526588845663,0.5960555428397054,1.7801556420233453,0.027656977187762166,0.686083772030214,0.39883268482490486,8.136263736263729,9.402197802197804,6.105982905982906,6.981196581196585,1.892551892551893,-2.1953601953601956,1.9853479853479854,0.0
588717.475248079,627,0.08,0.03799999877810478,0.8160672783851624,0.6014999747276306,1.8257235288619995,0.029400000348687172,0.7059999704360962,0.4212999939918518,0.04100862134737149,0.7814526588845663,0.5960555428397054,1.7839703974975194,0.027275501640344757,0.686083772030214,0.39768825818265263,8.136263736263729,9.534065934065936,6.092307692307692,6.762393162393167,1.8974358974358978,-2.1953601953601956,2.0,0.0
588717.555240765,628,0.08,0.03799999877810478,0.8184653520584106,0.6014999747276306,1.8307029008865356,0.029400000348687172,0.7059999704360962,0.4212999939918518,0.04100862134737149,0.7818341344319837,0.5960555428397054,1.7935072861829546,0.027275501640344757,0.686083772030214,0.3953994048981482,8.109890109890102,9.534065934065936,6.078632478632478,6.611965811965817,1.8778998778998783,-2.21001221001221,1.9951159951159951,0.0
588717.635246409,629,0.08,0.03799999877810478,0.8208634257316589,0.6014999747276306,1.8356821537017822,0.029400000348687172,0.7059999704360962,0.4212999939918518,0.04100862134737149,0.7864118410009926,0.5960555428397054,1.8053330281528943,0.027275501640344757,0.686083772030214,0.3973067826352352,8.083516483516476,9.2967032967033,6.092307692307692,6.092307692307692,1.8681318681318686,-2.2246642246642248,1.9316239316239319,0.0
588717.715246138,630,0.08,0.03799999877810478,0.8232614994049072,0.6014999747276306,1.8406615257263184,0.029400000348687172,0.7059999704360962,0.4212999939918518,0.04100862134737149,0.79709315632868,0.5960555428397054,1.8121995880064077,0.027275501640344757,0.686083772030214,0.39883268482490486,8.030769230769224,8.373626373626365,6.092307692307692,5.996581196581197,1.8485958485958491,-2.249084249084249,1.887667887667888,0.0
588717.795266725,631,0.08,0.03799999877810478,0.8256595730781555,0.6014999747276306,1.8456408977508545,0.029400000348687172,0.7059999704360962,0.4212999939918518,0.04100862134737149,0.8001449607080193,0.5960555428397054,1.8160143434805818,0.028038452735179575,0.6853208209353792,0.4003585870145745,8.004395604395597,8.690109890109895,6.147008547008554,5.955555555555556,1.8388278388278394,-2.244200244200244,1.8485958485958491,0.0
588717.875251719,632,0.08,0.03799999877810478,0.8280576467514038,0.6014999747276306,1.850620150566101,0.029400000348687172,0.7059999704360962,0.4212999939918518,0.04100862134737149,0.8001449607080193,0.5960555428397054,1.8163958190279992,0.027656977187762166,0.6857022964827966,0.39845120927748745,8.004395604395597,8.848351648351652,6.13333333333334,6.242735042735049,1.8485958485958491,-2.2783882783882783,1.8681318681318686,0.0
588717.955241896,633,0.08,0.03799999877810478,0.8304557800292969,0.6014999747276306,1.8555995225906372,0.029400000348687172,0.7059999704360962,0.4212999939918518,0.04100862134737149,0.8001449607080193,0.5960555428397054,1.8186846723125036,0.027275501640344757,0.686083772030214,0.39806973373007004,8.030769230769224,9.032967032967036,6.13333333333334,6.174358974358981,1.8437118437118443,-2.2735042735042734,1.8681318681318686,0.0
588718.03524513,634,0.08,0.03799999877810478,0.8328537940979004,0.6014999747276306,1.8605787754058838,0.029400000348687172,0.7059999704360962,0.4212999939918518,0.04100862134737149,0.8001449607080193,0.5960555428397054,1.8251697566185996,0.027656977187762166,0.6857022964827966,0.3973067826352352,8.004395604395597,9.164835164835168,6.13333333333334,6.256410256410263,1.8290598290598297,-2.2783882783882783,1.8583638583638589,0.0
588718.11524959,635,0.08,0.03799999877810478,0.8352519273757935,0.6014999747276306,1.86555814743042,0.029400000348687172,0.7059999704360962,0.4212999939918518,0.04100862134737149,0.8001449607080193,0.5960555428397054,1.8339436942092,0.027275501640344757,0.686083772030214,0.3973067826352352,7.978021978021971,9.270329670329673,6.105982905982906,5.996581196581197,1.8290598290598297,-2.283272283272283,1.853479853479854,0.0
588718.195246366,636,0.08,0.03799999877810478,0.8376500010490417,0.6014999747276306,1.870537519454956,0.029400000348687172,0.7059999704360962,0.4212999939918518,0.04100862134737149,0.8005264362554367,0.5960555428397054,1.840428778515296,0.027656977187762166,0.686083772030214,0.39921416037232227,7.978021978021971,9.323076923076925,6.105982905982906,5.4495726495726515,1.8095238095238102,-2.293040293040293,1.814407814407815,0.0
588718.275247517,637,0.08,0.03799999877810478,0.84004807472229,0.6014999747276306,1.8755167722702026,0.029400000348687172,0.7059999704360962,0.4212999939918518,0.04100862134737149,0.8024338139925238,0.5960555428397054,1.8457694361791397,0.027656977187762166,0.686083772030214,0.3995956359197397,7.925274725274718,9.138461538461542,6.064957264957265,5.805128205128206,1.7948717948717956,-2.3028083028083026,1.7606837606837615,0.0
588718.355247515,638,0.08,0.03799999877810478,0.8424461483955383,0.6014999747276306,1.8804961442947388,0.029400000348687172,0.7059999704360962,0.4212999939918518,0.04100862134737149,0.8131151293202112,0.5960555428397054,1.8476768139162267,0.027275501640344757,0.6887541008621358,0.39883268482490486,7.925274725274718,8.373626373626365,6.105982905982906,5.941880341880342,1.8095238095238102,-2.390720390720391,1.7851037851037859,0.0
588718.435250952,639,0.08,0.03799999877810478,0.8448442220687866,0.6014999747276306,1.885475516319275,0.029400000348687172,0.7059999704360962,0.4212999939918518,0.04100862134737149,0.8169298847943853,0.5960555428397054,1.8495841916533138,0.027656977187762166,0.6887541008621358,0.39883268482490486,7.925274725274718,8.637362637362642,6.147008547008554,6.0376068376068375,1.7948717948717956,-2.356532356532357,1.7557997557997567,0.0
588718.515247656,640,0.08,0.03799999877810478,0.8472422957420349,0.6014999747276306,1.8904547691345215,0.029400000348687172,0.7059999704360962,0.4212999939918518,0.04100862134737149,0.8169298847943853,0.5960555428397054,1.8549248493171575,0.027275501640344757,0.6895170519569707,0.3969253070878178,7.898901098901092,8.7956043956044,6.174358974358981,5.805128205128206,1.7997557997558005,-2.390720390720391,1.7948717948717956,0.0
588718.595249408,641,0.08,0.03799999877810478,0.8496403694152832,0.6014999747276306,1.8954341411590576,0.029400000348687172,0.7059999704360962,0.4212999939918518,0.04100862134737149,0.8169298847943853,0.5960555428397054,1.8621728847180883,0.027275501640344757,0.6921873807888925,0.3957808804455656,7.898901098901092,8.901098901098905,6.147008547008554,5.435897435897438,1.7753357753357761,-2.4151404151404154,1.7606837606837615,0.0
588718.675192683,642,0.08,0.03799999877810478,0.8520384430885315,0.6014999747276306,1.9004135131835938,0.029400000348687172,0.7059999704360962,0.4212999939918518,0.04100862134737149,0.8169298847943853,0.5960555428397054,1.871328297856106,0.027275501640344757,0.6921873807888925,0.396162355992983,7.84615384615384,8.980219780219784,6.13333333333334,5.36752136752137,1.7704517704517713,-2.424908424908425,1.7313797313797323,0.0
588718.755250103,643,0.08,0.03799999877810478,0.8544365167617798,0.6014999747276306,1.9053927659988403,0.029400000348687172,0.7059999704360962,0.4212999939918518,0.04100862134737149,0.8173113603418027,0.5960555428397054,1.877813382162202,0.027275501640344757,0.6921873807888925,0.396162355992983,7.819780219780213,9.085714285714289,6.105982905982906,5.36752136752137,1.7655677655677664,-2.434676434676435,1.7216117216117226,0.0
588718.835246619,644,0.08,0.03799999877810478,0.8568345904350281,0.6014999747276306,1.9103721380233765,0.029400000348687172,0.7059999704360962,0.4212999939918518,0.04100862134737149,0.8173113603418027,0.5960555428397054,1.8793392843518717,0.027656977187762166,0.6925688563363099,0.39845120927748745,7.819780219780213,9.191208791208794,6.078632478632478,5.545299145299147,1.7557997557997567,-2.4395604395604398,1.6923076923076934,0.0
588718.915251156,645,0.08,0.03799999877810478,0.8592326641082764,0.6014999747276306,1.915351390838623,0.029400000348687172,0.7059999704360962,0.4212999939918518,0.04100862134737149,0.8234149691004813,0.5960555428397054,1.8793392843518717,0.027275501640344757,0.6929503318837273,0.39768825818265263,7.84615384615384,8.663736263736268,6.092307692307692,5.791452991452992,1.7606837606837615,-2.4542124542124544,1.6971916971916983,0.0
588718.995271016,646,0.08,0.03799999877810478,0.8616307377815247,0.6014999747276306,1.9203307628631592,0.029400000348687172,0.7059999704360962,0.4212999939918518,0.04062714579995408,0.8356221866178384,0.5960555428397054,1.8808651865415413,0.027275501640344757,0.6933318074311448,0.39501792935073077,7.819780219780213,8.109890109890102,6.160683760683767,5.791452991452992,1.746031746031747,-2.468864468864469,1.6971916971916983,0.0
588719.075246845,647,0.08,0.03799999877810478,0.864028811454773,0.6014999747276306,1.9253101348876953,0.029400000348687172,0.7059999704360962,0.4212999939918518,0.04100862134737149,0.837148088807508,0.5960555428397054,1.8877317463950547,0.027656977187762166,0.6929503318837273,0.3953994048981482,7.793406593406587,8.347252747252739,6.215384615384622,5.545299145299147,1.7362637362637372,-2.4786324786324787,1.6776556776556788,0.0
588719.155866094,648,0.08,0.03799999877810478,0.8664268851280212,0.6014999747276306,1.930289387702942,0.029400000348687172,0.7059999704360962,0.4212999939918518,0.04100862134737149,0.837148088807508,0.5960555428397054,1.8957427328908203,0.027275501640344757,0.6933318074311448,0.39501792935073077,7.767032967032961,8.452747252747258,6.1880341880341945,5.21709401709402,1.7216117216117226,-2.503052503052503,1.6483516483516496,0.0
588719.235406952,649,0.08,0.03799999877810478,0.8688249588012695,0.6014999747276306,1.935268759727478,0.029400000348687172,0.7059999704360962,0.4212999939918518,0.04100862134737149,0.837148088807508,0.5960555428397054,1.9060425726710903,0.027656977187762166,0.6937132829785622,0.3953994048981482,7.7406593406593345,8.50549450549451,6.160683760683767,4.957264957264961,1.7118437118437129,-2.503052503052503,1.6239316239316253,0.0
588719.315242804,650,0.08,0.03799999877810478,0.8712230324745178,0.6014999747276306,1.9402480125427246,0.029400000348687172,0.7059999704360962,0.4212999939918518,0.04100862134737149,0.8413443198290995,0.5960555428397054,1.9125276569771863,0.027656977187762166,0.6937132829785622,0.3957808804455656,7.714285714285708,8.109890109890102,6.147008547008554,4.957264957264961,1.7020757020757031,-2.5177045177045176,1.599511599511601,0.0
588719.395241206,651,0.08,0.03799999877810478,0.8736211061477661,0.6014999747276306,1.9452273845672607,0.029400000348687172,0.7059999704360962,0.4212999939918518,0.04100862134737149,0.8474479285877781,0.5960555428397054,1.914053559166856,0.027656977187762166,0.6940947585259796,0.39806973373007004,7.687912087912082,8.030769230769224,6.160683760683767,5.06666666666667,1.6923076923076934,-2.5323565323565322,1.540903540903539,0.0
588719.475245664,652,0.08,0.03799999877810478,0.8760191798210144,0.6014999747276306,1.9502067565917969,0.029400000348687172,0.7059999704360962,0.4212999939918518,0.04100862134737149,0.8482108796826129,0.5960555428397054,1.9148165102616908,0.027656977187762166,0.6937132829785622,0.39806973373007004,7.687912087912082,8.162637362637355,6.1880341880341945,5.312820512820515,1.6874236874236885,-2.537240537240537,1.540903540903539,0.0
588719.555249652,653,0.08,0.03799999877810478,0.8784172534942627,0.6014999747276306,1.9551860094070435,0.029400000348687172,0.7059999704360962,0.4212999939918518,0.04100862134737149,0.8482108796826129,0.5960555428397054,1.9148165102616908,0.027275501640344757,0.6940947585259796,0.39768825818265263,7.687912087912082,8.320879120879113,6.174358974358981,5.586324786324788,1.6923076923076934,-2.542124542124542,1.540903540903539,0.0
588719.635249404,654,0.08,0.03799999877810478,0.8808153867721558,0.6014999747276306,1.9601653814315796,0.029400000348687172,0.7059999704360962,0.4212999939918518,0.04100862134737149,0.8482108796826129,0.5960555428397054,1.9213015945677867,0.027275501640344757,0.6940947585259796,0.39463645380331336,7.661538461538456,8.50549450549451,6.1880341880341945,5.21709401709402,1.6923076923076934,-2.542124542124542,1.6043956043956058,0.0
588719.715240884,655,0.08,0.03799999877810478,0.883213460445404,0.6014999747276306,1.9651447534561157,0.029400000348687172,0.7059999704360962,0.4212999939918518,0.04100862134737149,0.8493553063248651,0.5960555428397054,1.9300755321583871,0.027275501640344757,0.6940947585259796,0.3923476005188089,7.635164835164829,8.399999999999991,6.160683760683767,4.847863247863252,1.667887667887669,-2.5518925518925517,1.5702075702075717,0.0
588719.795246026,656,0.08,0.03799999877810478,0.8856115341186523,0.6014999747276306,1.9701240062713623,0.029400000348687172,0.7059999704360962,0.4212999939918518,0.04100862134737149,0.8504997329671173,0.5960555428397054,1.9419012741283268,0.027275501640344757,0.6940947585259796,0.3931105516136437,7.635164835164829,8.50549450549451,6.147008547008554,4.46495726495727,1.6483516483516496,-2.5665445665445663,1.5311355311355292,0.0
588719.875240149,657,0.08,0.03799999877810478,0.8880096077919006,0.6014999747276306,1.9751033782958984,0.029400000348687172,0.7059999704360962,0.4212999939918518,0.04100862134737149,0.8508812085145347,0.5960555428397054,1.947623407339588,0.027656977187762166,0.6940947585259796,0.396162355992983,7.582417582417577,8.58461538461539,6.092307692307692,4.642735042735048,1.6385836385836399,-2.571428571428571,1.4529914529914514,0.0
588719.955245691,658,0.08,0.03799999877810478,0.8904076814651489,0.6014999747276306,1.9800827503204346,0.029400000348687172,0.7059999704360962,0.4212999939918518,0.04062714579995408,0.8581292439154655,0.5960555428397054,1.9483863584344228,0.027656977187762166,0.6940947585259796,0.39845120927748745,7.5560439560439505,8.004395604395597,6.119658119658119,4.847863247863252,1.6434676434676447,-2.576312576312576,1.4481074481074465,0.0
588720.035248563,659,0.08,0.03799999877810478,0.8928057551383972,0.6014999747276306,1.9850620031356812,0.029400000348687172,0.7059999704360962,0.4212999939918518,0.04062714579995408,0.8672846570534833,0.5960555428397054,1.9483863584344228,0.027656977187762166,0.6940947585259796,0.3969253070878178,7.582417582417577,7.608791208791203,6.160683760683767,5.06666666666667,1.633699633699635,-2.5958485958485955,1.4481074481074465,0.0
588720.115245616,660,0.08,0.03799999877810478,0.8952038288116455,0.6014999747276306,1.9900413751602173,0.029400000348687172,0.7059999704360962,0.4212999939918518,0.04062714579995408,0.8703364614328226,0.5960555428397054,1.9502937361715098,0.027656977187762166,0.6940947585259796,0.396162355992983,7.5560439560439505,7.7406593406593345,6.215384615384622,5.0119658119658155,1.6239316239316253,-2.6056166056166052,1.4432234432234416,0.0
588720.195252961,661,0.08,0.03799999877810478,0.8976019024848938,0.6014999747276306,1.9950206279754639,0.029400000348687172,0.7059999704360962,0.4212999939918518,0.04062714579995408,0.8703364614328226,0.5960555428397054,1.9590676737621138,0.027275501640344757,0.6940947585259796,0.3923476005188089,7.529670329670324,7.872527472527466,6.201709401709408,4.875213675213679,1.6190476190476204,-2.61050061050061,1.4578754578754562,0.0
588720.275247718,662,0.08,0.03799999877810478,0.8999999761581421,0.6014999747276306,2.0,0.029400000348687172,0.7059999704360962,0.4212999939918518,0.04062714579995408,0.8726253147173271,0.5960555428397054,1.9682230869001316,0.027275501640344757,0.6940947585259796,0.39349202716106113,7.529670329670324,7.687912087912082,6.1880341880341945,4.547008547008552,1.6141636141636155,-2.62026862026862,1.4383394383394368,0.0
588720.355241013,663,0.08,0.03799999877810478,0.8999999761581421,0.6014999747276306,2.0,0.029400000348687172,0.7059999704360962,0.4212999939918518,0.04062714579995408,0.877203021286336,0.5960555428397054,1.9754711223010624,0.027656977187762166,0.6940947585259796,0.39463645380331336,7.450549450549445,7.582417582417577,6.174358974358981,4.095726495726495,1.5799755799755815,-2.6398046398046393,1.3797313797313784,0.0
588720.435251398,664,0.08,0.03799999877810478,0.8999999761581421,0.6014999747276306,2.0,0.029400000348687172,0.7059999704360962,0.4212999939918518,0.04062714579995408,0.8775844968337534,0.5960555428397054,1.9800488288700713,0.027656977187762166,0.6940947585259796,0.3973067826352352,7.424175824175819,7.503296703296698,6.13333333333334,4.041025641025641,1.5702075702075717,-2.649572649572649,1.3113553113553102,0.0
588720.51524741,665,0.08,0.03799999877810478,0.8999999761581421,0.6014999747276306,2.0,0.029400000348687172,0.7059999704360962,0.4212999939918518,0.04062714579995408,0.8775844968337534,0.5960555428397054,1.9800488288700713,0.027656977187762166,0.6940947585259796,0.39883268482490486,7.397802197802193,7.476923076923072,6.160683760683767,4.0,1.5750915750915766,-2.6398046398046393,1.3113553113553102,0.0
588720.595246709,666,0.08,0.03799999877810478,0.8999999761581421,0.6014999747276306,2.0,0.029400000348687172,0.7059999704360962,0.4212999939918518,0.04062714579995408,0.8775844968337534,0.5960555428397054,1.9800488288700713,0.027656977187762166,0.6940947585259796,0.3957808804455656,7.424175824175819,7.476923076923072,6.147008547008554,3.9863247863247864,1.5750915750915766,-2.6398046398046393,1.355311355311354,0.0
588720.675272194,667,0.08,0.03799999877810478,0.8999999761581421,0.6014999747276306,2.0,0.029400000348687172,0.7059999704360962,0.4212999939918518,0.04062714579995408,0.8775844968337534,0.5960555428397054,1.9800488288700713,0.027656977187762166,0.6940947585259796,0.3953994048981482,7.424175824175819,7.503296703296698,6.160683760683767,4.013675213675214,1.5702075702075717,-2.649572649572649,1.3504273504273492,0.0
588720.755273756,668,0.08,0.03799999877810478,0.8999999761581421,0.6014999747276306,2.0,0.029400000348687172,0.7059999704360962,0.4212999939918518,0.04062714579995408,0.8775844968337534,0.5960555428397054,1.9800488288700713,0.027656977187762166,0.6940947585259796,0.3953994048981482,7.424175824175819,7.503296703296698,6.147008547008554,4.013675213675214,1.5702075702075717,-2.644688644688644,1.3455433455433443,0.0
588720.835246504,669,0.08,0.03799999877810478,0.8999999761581421,0.6014999747276306,2.0,0.029400000348687172,0.7059999704360962,0.4212999939918518,0.04062714579995408,0.8775844968337534,0.5960555428397054,1.9800488288700713,0.027656977187762166,0.6940947585259796,0.3953994048981482,7.424175824175819,7.503296703296698,6.147008547008554,4.013675213675214,1.5702075702075717,-2.6398046398046393,1.3455433455433443,0.0
588720.915282025,670,0.08,0.03799999877810478,0.8999999761581421,0.6014999747276306,2.0,0.029400000348687172,0.7059999704360962,0.4212999939918518,0.04062714579995408,0.8775844968337534,0.5960555428397054,1.9800488288700713,0.027656977187762166,0.6940947585259796,0.3953994048981482,7.424175824175819,7.503296703296698,6.160683760683767,4.013675213675214,1.5750915750915766,-2.644688644688644,1.3455433455433443,0.0
588720.995241354,671,0.08,0.03799999877810478,0.8999999761581421,0.6014999747276306,2.0,0.029400000348687172,0.7059999704360962,0.4212999939918518,0.04062714579995408,0.8775844968337534,0.5960555428397054,1.9800488288700713,0.027656977187762166,0.6940947585259796,0.3953994048981482,7.424175824175819,7.476923076923072,6.13333333333334,4.013675213675214,1.5702075702075717,-2.644688644688644,1.3455433455433443,0.0
588721.075241125,672,0.08,0.03799999877810478,0.8999999761581421,0.6014999747276306,2.0,0.029400000348687172,0.7059999704360962,0.4212999939918518,0.04062714579995408,0.8775844968337534,0.5960555428397054,1.9800488288700713,0.027656977187762166,0.6940947585259796,0.3953994048981482,7.424175824175819,7.503296703296698,6.160683760683767,4.027350427350427,1.5750915750915766,-2.644688644688644,1.3455433455433443,0.0
588721.155244264,673,0.08,0.03799999877810478,0.8999999761581421,0.6014999747276306,2.0,0.029400000348687172,0.7059999704360962,0.4212999939918518,0.04062714579995408,0.8775844968337534,0.5960555428397054,1.9800488288700713,0.027656977187762166,0.6940947585259796,0.3953994048981482,7.424175824175819,7.503296703296698,6.147008547008554,4.0,1.5750915750915766,-2.649572649572649,1.3455433455433443,0.0
588721.23525128,674,0.08,0.03799999877810478,0.8999999761581421,0.6014999747276306,2.0,0.029400000348687172,0.7059999704360962,0.4212999939918518,0.04062714579995408,0.8775844968337534,0.5960555428397054,1.9800488288700713,0.027656977187762166,0.6940947585259796,0.3953994048981482,7.424175824175819,7.476923076923072,6.160683760683767,4.0,1.5702075702075717,-2.649572649572649,1.3455433455433443,0.0
588721.315288663,675,0.08,0.03799999877810478,0.8999999761581421,0.6014999747276306,2.0,0.029400000348687172,0.7059999704360962,0.4212999939918518,0.04062714579995408,0.8775844968337534,0.5960555428397054,1.9800488288700713,0.027656977187762166,0.6940947585259796,0.3953994048981482,7.424175824175819,7.503296703296698,6.147008547008554,4.0,1.5750915750915766,-2.6398046398046393,1.3504273504273492,0.0
588721.395302003,676,0.08,0.03799999877810478,0.8999999761581421,0.6014999747276306,2.0,0.029400000348687172,0.7059999704360962,0.4212999939918518,0.04062714579995408,0.8775844968337534,0.5960555428397054,1.9800488288700713,0.027656977187762166,0.6940947585259796,0.3953994048981482,7.424175824175819,7.503296703296698,6.160683760683767,4.013675213675214,1.5702075702075717,-2.649572649572649,1.3504273504273492,0.0
588721.475249217,677,0.08,0.03799999877810478,0.8999999761581421,0.6014999747276306,2.0,0.029400000348687172,0.7059999704360962,0.4212999939918518,0.04062714579995408,0.8775844968337534,0.5960555428397054,1.9800488288700713,0.027656977187762166,0.6940947585259796,0.3953994048981482,7.424175824175819,7.503296703296698,6.160683760683767,4.013675213675214,1.5702075702075717,-2.644688644688644,1.3504273504273492,0.0
588721.555249833,678,0.08,0.03799999877810478,0.8999999761581421,0.6014999747276306,2.0,0.029400000348687172,0.7059999704360962,0.4212999939918518,0.04062714579995408,0.8775844968337534,0.5960555428397054,1.9800488288700713,0.027656977187762166,0.6940947585259796,0.3953994048981482,7.424175824175819,7.476923076923072,6.147008547008554,4.013675213675214,1.5702075702075717,-2.644688644688644,1.3455433455433443,0.0
588721.63525472,679,0.08,0.03799999877810478,0.8999999761581421,0.6014999747276306,2.0,0.029400000348687172,0.7059999704360962,0.4212999939918518,0.04062714579995408,0.8775844968337534,0.5960555428397054,1.9800488288700713,0.027656977187762166,0.6940947585259796,0.3953994048981482,7.424175824175819,7.503296703296698,6.147008547008554,4.013675213675214,1.5702075702075717,-2.6398046398046393,1.3455433455433443,0.0
588721.715969729,680,0.08,0.03799999877810478,0.8999999761581421,0.6014999747276306,2.0,0.029400000348687172,0.7059999704360962,0.4212999939918518,0.04062714579995408,0.8775844968337534,0.5960555428397054,1.9800488288700713,0.027656977187762166,0.6940947585259796,0.3953994048981482,7.424175824175819,7.476923076923072,6.147008547008554,4.013675213675214,1.5750915750915766,-2.644688644688644,1.3455433455433443,0.0
588721.795260537,681,0.08,0.03799999877810478,0.8999999761581421,0.6014999747276306,2.0,0.029400000348687172,0.7059999704360962,0.4212999939918518,0.04062714579995408,0.8775844968337534,0.5960555428397054,1.9800488288700713,0.027656977187762166,0.6940947585259796,0.3953994048981482,7.424175824175819,7.476923076923072,6.147008547008554,4.0,1.5702075702075717,-2.644688644688644,1.3455433455433443,0.0
588721.876026237,682,0.08,0.03799999877810478,0.8999999761581421,0.6014999747276306,2.0,0.029400000348687172,0.7059999704360962,0.4212999939918518,0.04062714579995408,0.8775844968337534,0.5960555428397054,1.9800488288700713,0.027656977187762166,0.6940947585259796,0.3953994048981482,7.450549450549445,7.503296703296698,6.147008547008554,4.013675213675214,1.5702075702075717,-2.649572649572649,1.3455433455433443,0.0
588721.956082545,683,0.08,0.03799999877810478,0.8999999761581421,0.6014999747276306,2.0,0.029400000348687172,0.7059999704360962,0.4212999939918518,0.04062714579995408,0.8775844968337534,0.5960555428397054,1.9800488288700713,0.027656977187762166,0.6940947585259796,0.3953994048981482,7.450549450549445,7.503296703296698,6.147008547008554,4.0,1.5702075702075717,-2.644688644688644,1.3455433455433443,0.0
588722.035249399,684,0.08,0.03799999877810478,0.8999999761581421,0.6014999747276306,2.0,0.029400000348687172,0.7059999704360962,0.4212999939918518,0.04062714579995408,0.8775844968337534,0.5960555428397054,1.9800488288700713,0.027656977187762166,0.6940947585259796,0.3953994048981482,7.424175824175819,7.503296703296698,6.160683760683767,4.027350427350427,1.5702075702075717,-2.649572649572649,1.3455433455433443,0.0
588722.116062241,685,0.08,0.03799999877810478,0.8999999761581421,0.6014999747276306,2.0,0.029400000348687172,0.7059999704360962,0.4212999939918518,0.04062714579995408,0.8775844968337534,0.5960555428397054,1.9800488288700713,0.027656977187762166,0.6940947585259796,0.3953994048981482,7.424175824175819,7.503296703296698,6.160683760683767,4.013675213675214,1.5702075702075717,-2.644688644688644,1.3455433455433443,0.0
588722.19528282,686,0.08,0.03799999877810478,0.8999999761581421,0.6014999747276306,2.0,0.029400000348687172,0.7059999704360962,0.4212999939918518,0.04062714579995408,0.8775844968337534,0.5960555428397054,1.9800488288700713,0.027656977187762166,0.6940947585259796,0.3953994048981482,7.424175824175819,7.503296703296698,6.160683760683767,4.013675213675214,1.5702075702075717,-2.644688644688644,1.3455433455433443,0.0
588722.2752408,687,0.08,0.03799999877810478,0.8999999761581421,0.6014999747276306,2.0,0.029400000348687172,0.7059999704360962,0.4212999939918518,0.04062714579995408,0.8775844968337534,0.5960555428397054,1.9800488288700713,0.027656977187762166,0.6940947585259796,0.3953994048981482,7.424175824175819,7.476923076923072,6.147008547008554,4.0,1.5750915750915766,-2.649572649572649,1.3455433455433443,0.0
588722.355255279,688,0.08,0.03799999877810478,0.8999999761581421,0.6014999747276306,2.0,0.029400000348687172,0.7059999704360962,0.4212999939918518,0.04062714579995408,0.8775844968337534,0.5960555428397054,1.9800488288700713,0.027656977187762166,0.6940947585259796,0.3953994048981482,7.424175824175819,7.503296703296698,6.147008547008554,4.0,1.5750915750915766,-2.644688644688644,1.3455433455433443,0.0
588722.435333831,689,0.08,0.03799999877810478,0.8999999761581421,0.6014999747276306,2.0,0.029400000348687172,0.7059999704360962,0.4212999939918518,0.04062714579995408,0.8775844968337534,0.5960555428397054,1.9800488288700713,0.027656977187762166,0.6940947585259796,0.3953994048981482,7.424175824175819,7.503296703296698,6.147008547008554,4.027350427350427,1.5702075702075717,-2.644688644688644,1.3504273504273492,0.0
588722.515245848,690,0.08,0.03799999877810478,0.8999999761581421,0.6014999747276306,2.0,0.029400000348687172,0.7059999704360962,0.4212999939918518,0.04062714579995408,0.8775844968337534,0.5960555428397054,1.9800488288700713,0.027656977187762166,0.6940947585259796,0.3953994048981482,7.424175824175819,7.476923076923072,6.160683760683767,4.0,1.5702075702075717,-2.649572649572649,1.3406593406593394,0.0
588722.595241235,691,0.08,0.03799999877810478,0.8999999761581421,0.6014999747276306,2.0,0.029400000348687172,0.7059999704360962,0.4212999939918518,0.04062714579995408,0.8775844968337534,0.5960555428397054,1.9800488288700713,0.027656977187762166,0.6940947585259796,0.3953994048981482,7.450549450549445,7.503296703296698,6.147008547008554,4.027350427350427,1.5702075702075717,-2.644688644688644,1.3455433455433443,0.0
588722.675240904,692,0.08,0.03799999877810478,0.8999999761581421,0.6014999747276306,2.0,0.029400000348687172,0.7059999704360962,0.4212999939918518,0.04062714579995408,0.8775844968337534,0.5960555428397054,1.9800488288700713,0.027656977187762166,0.6940947585259796,0.3953994048981482,7.424175824175819,7.503296703296698,6.160683760683767,4.027350427350427,1.5750915750915766,-2.644688644688644,1.3406593406593394,0.0
588722.757761779,693,0.08,0.03773239254951477,0.8999999761581421,0.5972640514373779,2.0,0.029192958027124405,0.7010281682014465,0.41833311319351196,0.04062714579995408,0.8775844968337534,0.5960555428397054,1.9800488288700713,0.027656977187762166,0.6940947585259796,0.3953994048981482,7.424175824175819,7.503296703296698,6.160683760683767,4.013675213675214,1.5702075702075717,-2.649572649572649,1.3455433455433443,0.0
588722.835256719,694,0.08,0.03746478632092476,0.8999999761581421,0.5930281281471252,2.0,0.028985915705561638,0.6960563063621521,0.41536617279052734,0.04062714579995408,0.8775844968337534,0.5960555428397054,1.9800488288700713,0.027656977187762166,0.6940947585259796,0.3953994048981482,7.397802197802193,7.503296703296698,5.85982905982906,4.013675213675214,1.5750915750915766,-2.6935286935286937,1.32112332112332,0.0
588722.915499321,695,0.08,0.037197183817625046,0.8999999761581421,0.5887922644615173,2.0,0.02877887338399887,0.6910845041275024,0.4123992919921875,0.04062714579995408,0.8775844968337534,0.5960555428397054,1.9800488288700713,0.027656977187762166,0.6940947585259796,0.3953994048981482,7.371428571428567,7.503296703296698,5.5589743589743605,4.0,1.5702075702075717,-2.7423687423687424,1.2918192918192908,0.0
588722.995247797,696,0.08,0.036929573863744736,0.8999999761581421,0.5845562815666199,2.0,0.028571831062436104,0.686112642288208,0.40943238139152527,0.04062714579995408,0.8775844968337534,0.5960555428397054,1.9800488288700713,0.027656977187762166,0.6940947585259796,0.3953994048981482,7.371428571428567,7.476923076923072,5.258119658119661,4.0,1.5653235653235669,-2.786324786324786,1.2576312576312567,0.0
588723.075247931,697,0.08,0.03666197136044502,0.8999999761581421,0.580320417881012,2.0,0.028364788740873337,0.6811408400535583,0.4064655005931854,0.04062714579995408,0.8775844968337534,0.595674067292288,1.9800488288700713,0.027656977187762166,0.6940947585259796,0.39501792935073077,7.34505494505494,7.503296703296698,4.957264957264961,4.013675213675214,1.5653235653235669,-2.8400488400488397,1.2332112332112324,0.0
588723.155240027,698,0.08,0.03639436513185501,0.8999999761581421,0.5760844945907593,2.0,0.02815774828195572,0.6761689782142639,0.4034985899925232,0.04062714579995408,0.8775844968337534,0.595674067292288,1.9800488288700713,0.027656977187762166,0.6937132829785622,0.39425497825589595,7.318681318681314,7.503296703296698,4.670085470085475,4.013675213675214,1.5604395604395584,-2.8840048840048835,1.2185592185592178,0.0
588723.235244568,699,0.08,0.036126758903265,0.8999999761581421,0.5718485713005066,2.0,0.027950704097747803,0.6711971759796143,0.40053167939186096,0.04062714579995408,0.8775844968337534,0.595674067292288,1.9800488288700713,0.027656977187762166,0.6933318074311448,0.3923476005188089,7.292307692307688,7.476923076923072,4.369230769230768,4.0,1.5555555555555536,-2.932844932844932,1.213675213675213,0.0
588723.31524177,700,0.08,0.03585915267467499,0.8999999761581421,0.5676126480102539,2.0,0.027743663638830185,0.6662253141403198,0.3975647985935211,0.04062714579995408,0.8775844968337534,0.595674067292288,1.9800488288700713,0.027656977187762166,0.6933318074311448,0.3912031738765567,7.318681318681314,7.503296703296698,4.109401709401709,4.013675213675214,1.5555555555555536,-2.9865689865689866,1.1892551892551886,0.0
588723.395446731,701,0.08,0.035591546446084976,0.8999999761581421,0.5633767247200012,2.0,0.02753661945462227,0.6612534523010254,0.3945978879928589,0.04062714579995408,0.8775844968337534,0.5952925917448706,1.9800488288700713,0.027656977187762166,0.6929503318837273,0.3912031738765567,7.265934065934061,7.503296703296698,3.8632478632478637,4.027350427350427,1.5506715506715487,-3.0256410256410255,1.1599511599511594,0.0
588723.475240078,702,0.08,0.03532394394278526,0.8999999761581421,0.5591408014297485,2.0,0.0273295771330595,0.6562816500663757,0.39163097739219666,0.04062714579995408,0.8775844968337534,0.5907148851758617,1.9800488288700713,0.027656977187762166,0.6910429541466403,0.3912031738765567,7.239560439560435,7.476923076923072,4.095726495726495,4.027350427350427,1.540903540903539,-3.015873015873016,1.1306471306471302,0.0
588723.555248507,703,0.08,0.03505633771419525,0.8999999761581421,0.5549049377441406,2.0,0.027122536674141884,0.6513098478317261,0.3886640965938568,0.04062714579995408,0.8775844968337534,0.5830853742275135,1.9800488288700713,0.027656977187762166,0.6799801632715354,0.38853284504463126,7.265934065934061,7.476923076923072,4.068376068376068,4.041025641025641,1.5457875457875438,-2.903540903540903,1.14041514041514,0.0
588723.635250275,704,0.08,0.03478873148560524,0.8999999761581421,0.5506690144538879,2.0,0.026915492489933968,0.6463379859924316,0.3856971859931946,0.04062714579995408,0.8775844968337534,0.5804150453955916,1.9800488288700713,0.027656977187762166,0.6734950789654395,0.38738841840237903,7.265934065934061,7.424175824175819,4.205128205128204,4.082051282051282,1.5360195360195341,-2.9279609279609273,1.1208791208791204,0.0
588723.715256038,705,0.08,0.03452112525701523,0.8999999761581421,0.5464330911636353,2.0,0.02670845203101635,0.641366183757782,0.38273027539253235,0.04062714579995408,0.8775844968337534,0.5762188143740001,1.9800488288700713,0.027656977187762166,0.6635767147325868,0.38471808957045717,7.265934065934061,7.450549450549445,4.068376068376068,4.109401709401709,1.5311355311355292,-2.869352869352869,1.1452991452991448,0.0
588723.795250376,706,0.08,0.03425351902842522,0.8999999761581421,0.5421971678733826,2.0,0.026501407846808434,0.6363943219184875,0.3797633647918701,0.04062714579995408,0.8775844968337534,0.570496681162739,1.9800488288700713,0.027656977187762166,0.6624322880903346,0.38395513847562235,7.239560439560435,7.397802197802193,3.9863247863247864,4.136752136752136,1.5213675213675195,-2.9670329670329663,1.0915750915750912,0.0
588723.875258933,707,0.08,0.033985916525125504,0.8999999761581421,0.5379612445831299,2.0,0.026294367387890816,0.6314225196838379,0.3767964839935303,0.04062714579995408,0.8775844968337534,0.5678263523308171,1.9800488288700713,0.027275501640344757,0.662813763637752,0.38319218738078753,7.265934065934061,7.397802197802193,3.958974358974359,4.1641025641025635,1.5213675213675195,-3.0256410256410255,1.0818070818070815,0.0
588723.955252126,708,0.08,0.033718306571245193,0.8999999761581421,0.5337253212928772,2.0,0.0260873232036829,0.6264506578445435,0.37382957339286804,0.04062714579995408,0.8775844968337534,0.5666819256885649,1.9800488288700713,0.027275501640344757,0.6620508125429172,0.38319218738078753,7.239560439560435,7.397802197802193,3.8632478632478637,4.15042735042735,1.5262515262515244,-3.0549450549450547,1.0525030525030523,0.0
588724.035241061,709,0.08,0.03345070406794548,0.8999999761581421,0.5294893980026245,2.0,0.02588028274476528,0.6214788556098938,0.3708626627922058,0.04062714579995408,0.8775844968337534,0.5586709391927993,1.9800488288700713,0.027275501640344757,0.6479362172884731,0.3824292362859527,7.239560439560435,7.397802197802193,4.3008547008547,4.1641025641025635,1.5213675213675195,-2.8205128205128203,1.0378510378510377,0.0
588724.115243222,710,0.08,0.03318309783935547,0.8999999761581421,0.5252535343170166,2.0,0.025673240423202515,0.6165070533752441,0.36789578199386597,0.04062714579995408,0.8779659723811708,0.5502784771496163,1.9800488288700713,0.027275501640344757,0.6403067063401249,0.37975890745403085,7.265934065934061,7.397802197802193,4.341880341880341,4.205128205128204,1.506715506715505,-2.9279609279609273,1.028083028083028,0.0
588724.195241501,711,0.08,0.03291549161076546,0.8999999761581421,0.5210175514221191,2.0,0.0254661962389946,0.6115351915359497,0.36492887139320374,0.037956816968032214,0.8775844968337534,0.5495155260547815,1.9800488288700713,0.027275501640344757,0.6391622796978726,0.37899595635919603,7.476923076923072,7.371428571428567,4.314529914529913,4.232478632478632,1.506715506715505,-2.9621489621489614,1.0183150183150182,0.0
588724.275244457,712,0.08,0.032647885382175446,0.8999999761581421,0.5167816877365112,2.0,0.02525915578007698,0.6065633893013,0.3619619607925415,0.037575341420614805,0.8775844968337534,0.5483710994125293,1.9800488288700713,0.027275501640344757,0.6368734264133682,0.3732738231479349,7.450549450549445,7.34505494505494,3.9863247863247864,4.259829059829059,1.5018315018315,-2.9670329670329663,1.0915750915750912,0.0
588724.355249854,713,0.08,0.032380279153585434,0.8999999761581421,0.5125457644462585,2.0,0.025052111595869064,0.6015915274620056,0.3589950501918793,0.037575341420614805,0.8779659723811708,0.5407415884641811,1.9800488288700713,0.027656977187762166,0.6246662088960111,0.3610666056305778,7.503296703296698,7.371428571428567,4.46495726495727,4.2735042735042725,1.4822954822954806,-2.8205128205128203,1.2185592185592178,0.0
588724.435310123,714,0.08,0.03211267665028572,0.8999999761581421,0.5083098411560059,2.0,0.024845071136951447,0.5966196656227112,0.35602816939353943,0.037193865873197396,0.8779659723811708,0.5361638818951722,1.9800488288700713,0.026894026092927348,0.6181811245899151,0.345426108186464,7.608791208791203,7.371428571428567,4.3008547008547,4.369230769230768,1.4725274725274708,-2.932844932844932,1.3064713064713054,0.0
588724.515245947,715,0.08,0.03184507042169571,0.8999999761581421,0.5040739178657532,2.0,0.02463802881538868,0.5916478633880615,0.3530612587928772,0.03566796368352776,0.8779659723811708,0.5361638818951722,1.9800488288700713,0.026894026092927348,0.6181811245899151,0.34275577935454216,7.635164835164829,7.397802197802193,4.0547008547008545,4.396581196581202,1.4383394383394368,-2.9963369963369964,1.3162393162393151,0.0
588724.595247137,716,0.08,0.0315774641931057,0.8999999761581421,0.4998379945755005,2.0,0.024430986493825912,0.5866760015487671,0.35009434819221497,0.03566796368352776,0.8779659723811708,0.5350194552529199,1.9800488288700713,0.027275501640344757,0.6158922713054107,0.3450446326390466,7.608791208791203,7.397802197802193,3.822222222222223,4.396581196581202,1.428571428571427,-3.010989010989011,1.2234432234432226,0.0
588724.675243249,717,0.08,0.031309857964515686,0.8999999761581421,0.4956021010875702,2.0,0.024223944172263145,0.5817041993141174,0.3471274673938751,0.03566796368352776,0.8779659723811708,0.5300602731364936,1.9800488288700713,0.027275501640344757,0.6097886625467321,0.34618905928129884,7.635164835164829,7.371428571428567,4.3008547008547,4.396581196581202,1.428571428571427,-2.9181929181929176,1.1990231990231983,0.0
588724.755252711,718,0.08,0.031042251735925674,0.8999999761581421,0.4913661777973175,2.0,0.02401690185070038,0.576732337474823,0.3441605567932129,0.03566796368352776,0.8779659723811708,0.5182345311665539,1.9800488288700713,0.027275501640344757,0.5949111161974532,0.34313725490195957,7.608791208791203,7.34505494505494,4.656410256410261,4.46495726495727,1.428571428571427,-2.8791208791208787,1.2234432234432226,0.0
588724.83524611,719,0.08,0.030774647369980812,0.8999999761581421,0.4871302545070648,2.0,0.02380985952913761,0.5717605352401733,0.34119364619255066,0.03566796368352776,0.8779659723811708,0.5155642023346321,1.9800488288700713,0.027275501640344757,0.5949111161974532,0.34313725490195957,7.635164835164829,7.318681318681314,4.355555555555554,4.478632478632484,1.4188034188034173,-2.9523809523809517,1.1892551892551886,0.0
588724.915245089,720,0.08,0.03050704300403595,0.8999999761581421,0.4828943610191345,2.0,0.023602817207574844,0.5667887330055237,0.3382267653942108,0.03566796368352776,0.8779659723811708,0.5155642023346321,1.9800488288700713,0.027275501640344757,0.5918593118181139,0.34237430380712475,7.635164835164829,7.318681318681314,4.0547008547008545,4.478632478632484,1.4139194139194124,-2.908424908424908,1.1697191697191691,0.0
588724.995248977,721,0.08,0.03023943491280079,0.8999999761581421,0.47865843772888184,2.0,0.023395774886012077,0.5618168711662292,0.3352598547935486,0.03566796368352776,0.8779659723811708,0.511749446860458,1.9800488288700713,0.027275501640344757,0.5819409475852613,0.34161135271228993,7.608791208791203,7.318681318681314,4.259829059829059,4.492307692307698,1.4041514041514027,-2.83028083028083,1.1501831501831496,0.0
588725.07524205,722,0.08,0.029971830546855927,0.8999999761581421,0.47442251443862915,2.0,0.02318873256444931,0.5568450689315796,0.33229297399520874,0.03566796368352776,0.8779659723811708,0.5029755092698576,1.9800488288700713,0.027275501640344757,0.572404058899826,0.33817807278553325,7.608791208791203,7.34505494505494,4.355555555555554,4.519658119658125,1.394383394383393,-2.8498168498168495,1.1648351648351642,0.0
588725.155248245,723,0.08,0.029704224318265915,0.8999999761581421,0.47018659114837646,2.0,0.022981690242886543,0.5518732070922852,0.3293260335922241,0.03566796368352776,0.8779659723811708,0.49763485160601384,1.9800488288700713,0.027275501640344757,0.572404058899826,0.337033646143281,7.608791208791203,7.292307692307688,4.588034188034193,4.547008547008552,1.3846153846153832,-2.9181929181929176,1.14041514041514,0.0
588725.235241276,724,0.08,0.029436618089675903,0.8999999761581421,0.46595069766044617,2.0,0.022774647921323776,0.5469014048576355,0.3263591527938843,0.03566796368352776,0.8779659723811708,0.4919127183947527,1.9800488288700713,0.027275501640344757,0.5708781567101564,0.33360036621652434,7.635164835164829,7.265934065934061,4.724786324786329,4.574358974358979,1.394383394383393,-2.9230769230769225,1.1599511599511594,0.0
588725.31525405,725,0.08,0.02916901372373104,0.8999999761581421,0.4617147743701935,2.0,0.02256760746240616,0.5419296026229858,0.32339227199554443,0.03566796368352776,0.8779659723811708,0.488479438467996,1.9800488288700713,0.027275501640344757,0.5682078278782345,0.33016708628976765,7.608791208791203,7.239560439560435,4.656410256410261,4.588034188034193,1.3846153846153832,-2.9670329670329663,1.2039072039072032,0.0
588725.395250001,726,0.08,0.02890140749514103,0.8999999761581421,0.4574788510799408,2.0,0.022360563278198242,0.5369577407836914,0.3204253315925598,0.03566796368352776,0.8779659723811708,0.486572060730909,1.9800488288700713,0.027275501640344757,0.5647745479514779,0.3282597085526806,7.608791208791203,7.239560439560435,4.382905982905989,4.61538461538462,1.3699633699633686,-2.9816849816849818,1.1697191697191691,0.0
588725.475244155,727,0.08,0.028633803129196167,0.8999999761581421,0.4532429575920105,2.0,0.022153522819280624,0.531985878944397,0.31745845079421997,0.03566796368352776,0.8779659723811708,0.4842832074464045,1.9800488288700713,0.027275501640344757,0.560196841382469,0.32673380636301097,7.635164835164829,7.239560439560435,4.341880341880341,4.629059829059834,1.3650793650793638,-2.942612942612942,1.1550671550671545,0.0
588725.555240756,728,0.08,0.028366195037961006,0.8999999761581421,0.4490070044994354,2.0,0.021946478635072708,0.5270140767097473,0.31449154019355774,0.03566796368352776,0.8779659723811708,0.47665369649805633,1.9800488288700713,0.027275501640344757,0.5518043793392859,0.3236820019836717,7.608791208791203,7.239560439560435,4.5333333333333385,4.656410256410261,1.355311355311354,-2.8449328449328446,1.1892551892551886,0.0
588725.635240474,729,0.08,0.028098590672016144,0.8999999761581421,0.4447711110115051,2.0,0.02173943631350994,0.5220422148704529,0.3115246593952179,0.03566796368352776,0.8779659723811708,0.4709315632867952,1.9800488288700713,0.027275501640344757,0.5491340505073641,0.31338216220340165,7.608791208791203,7.186813186813183,4.601709401709407,4.697435897435902,1.3455433455433443,-2.9816849816849818,1.3015873015873005,0.0
588725.715241357,730,0.08,0.027830984443426132,0.8999999761581421,0.44053518772125244,2.0,0.021532393991947174,0.5170703530311584,0.3085577189922333,0.03566796368352776,0.8779659723811708,0.4705500877393778,1.9800488288700713,0.026894026092927348,0.5495155260547815,0.30155642023346196,7.635164835164829,7.213186813186809,4.410256410256416,4.738461538461543,1.3308913308913297,-3.05006105006105,1.3650793650793638,0.0
588725.795236168,731,0.08,0.02756338007748127,0.8999999761581421,0.43629926443099976,2.0,0.021325351670384407,0.5120985507965088,0.30559083819389343,0.03566796368352776,0.8779659723811708,0.46978713664454297,1.9800488288700713,0.026894026092927348,0.5399786373693463,0.2981231403067053,7.661538461538456,7.239560439560435,4.1641025641025635,4.76581196581197,1.3015873015873005,-2.9621489621489614,1.355311355311354,0.0
588725.875614604,732,0.08,0.027295773848891258,0.8999999761581421,0.43206337094306946,2.0,0.02111831121146679,0.5071267485618591,0.3026239573955536,0.03566796368352776,0.8779659723811708,0.46978713664454297,1.9800488288700713,0.027275501640344757,0.5323491264209981,0.30041199359120974,7.635164835164829,7.265934065934061,3.890598290598291,4.779487179487184,1.282051282051281,-2.9523809523809517,1.2771672771672762,0.0
588725.955238669,733,0.08,0.027028167620301247,0.8999999761581421,0.4278274476528168,2.0,0.020911267027258873,0.5021548867225647,0.29965701699256897,0.03566796368352776,0.8779659723811708,0.4659723811703689,1.9800488288700713,0.027275501640344757,0.5281528953994066,0.30041199359120974,7.635164835164829,7.239560439560435,4.2735042735042725,4.779487179487184,1.2771672771672762,-2.898656898656898,1.2625152625152616,0.0
588726.035240372,734,0.08,0.026760563254356384,0.8999999761581421,0.4235915243625641,2.0,0.020704226568341255,0.49718308448791504,0.2966901361942291,0.03566796368352776,0.8779659723811708,0.45300221255817696,1.9800488288700713,0.027275501640344757,0.5144197756923798,0.2988860914015401,7.608791208791203,7.213186813186809,4.738461538461543,4.806837606837611,1.2771672771672762,-2.874236874236874,1.2771672771672762,0.0
588726.115244035,735,0.08,0.026492955163121223,0.8999999761581421,0.4193556010723114,2.0,0.02049718238413334,0.4922112226486206,0.2937232255935669,0.03566796368352776,0.8779659723811708,0.44499122606241137,1.9800488288700713,0.027275501640344757,0.5144197756923798,0.3000305180437923,7.635164835164829,7.186813186813183,4.711111111111116,4.847863247863252,1.2673992673992664,-2.937728937728937,1.2283272283272275,0.0
588726.195239742,736,0.08,0.02622535079717636,0.8999999761581421,0.4151197075843811,2.0,0.02029014192521572,0.48723942041397095,0.29075634479522705,0.03566796368352776,0.8779659723811708,0.44384679942015914,1.9800488288700713,0.026894026092927348,0.5144197756923798,0.2954528114747834,7.608791208791203,7.160439560439556,4.574358974358979,4.861538461538466,1.2722832722832713,-2.9914529914529915,1.2527472527472518,0.0
588726.275241346,737,0.08,0.0259577464312315,0.8999999761581421,0.4108837842941284,2.0,0.020083099603652954,0.4822675883769989,0.2877894341945648,0.03566796368352776,0.8779659723811708,0.44384679942015914,1.9800488288700713,0.026894026092927348,0.5125123979552928,0.2943083848325312,7.635164835164829,7.13406593406593,4.287179487179486,4.861538461538466,1.2625152625152616,-2.9963369963369964,1.247863247863247,0.0
588726.355244821,738,0.08,0.025690140202641487,0.8999999761581421,0.40664786100387573,2.0,0.019876055419445038,0.47729575634002686,0.2848225235939026,0.03566796368352776,0.8779659723811708,0.44384679942015914,1.9800488288700713,0.026894026092927348,0.5113679713130406,0.2943083848325312,7.608791208791203,7.160439560439556,4.0,4.888888888888893,1.2527472527472518,-3.0647130647130645,1.1990231990231983,0.0
588726.435244944,739,0.08,0.025422533974051476,0.8999999761581421,0.40241196751594543,2.0,0.01966901496052742,0.4723239243030548,0.28185564279556274,0.03566796368352776,0.8779659723811708,0.4369802395666458,1.9800488288700713,0.026894026092927348,0.5045014114595272,0.2939269092851138,7.582417582417577,7.160439560439556,4.1641025641025635,4.888888888888893,1.2527472527472518,-2.9279609279609273,1.1794871794871788,0.0
588726.515242466,740,0.08,0.025154927745461464,0.8999999761581421,0.39817601442337036,2.0,0.019461970776319504,0.4673520624637604,0.2788887321949005,0.03566796368352776,0.8779659723811708,0.42401007095445387,1.9800488288700713,0.026894026092927348,0.488479438467996,0.29278248264286155,7.608791208791203,7.160439560439556,4.752136752136757,4.91623931623932,1.2429792429792421,-2.864468864468864,1.174603174603174,0.0
588726.595236063,741,0.08,0.0248873233795166,0.8999999761581421,0.39394012093544006,2.0,0.019254930317401886,0.4623802602291107,0.2759218215942383,0.03566796368352776,0.8779659723811708,0.4221026932173668,1.9800488288700713,0.026894026092927348,0.488479438467996,0.2908751049057745,7.608791208791203,7.0813186813186775,4.656410256410261,4.970940170940175,1.2332112332112324,-2.976800976800977,1.1697191697191691,0.0
588726.675245905,742,0.08,0.02461971901357174,0.8999999761581421,0.38970422744750977,2.0,0.01904788799583912,0.45740845799446106,0.27295494079589844,0.03528648813611035,0.8779659723811708,0.4221026932173668,1.9800488288700713,0.026894026092927348,0.486572060730909,0.28439002059967855,7.582417582417577,7.107692307692304,4.396581196581202,4.984615384615388,1.2234432234432226,-2.9572649572649565,1.2527472527472518,0.0
588726.755238248,743,0.08,0.02435211092233658,0.8999999761581421,0.3854682743549347,2.0,0.018840845674276352,0.4524365961551666,0.2699880301952362,0.03528648813611035,0.8779659723811708,0.4205767910276972,1.9800488288700713,0.026894026092927348,0.4793240253299782,0.2733272297245737,7.608791208791203,7.13406593406593,4.287179487179486,4.998290598290602,1.1990231990231983,-2.9133089133089127,1.3650793650793638,0.0
588726.83524181,744,0.08,0.024084506556391716,0.8999999761581421,0.3812323808670044,2.0,0.018633803352713585,0.44746479392051697,0.267021119594574,0.03528648813611035,0.8779659723811708,0.41447318226901864,1.9800488288700713,0.026894026092927348,0.46940566109712556,0.26035706111238177,7.608791208791203,7.160439560439556,4.601709401709407,5.052991452991456,1.1648351648351642,-2.864468864468864,1.4432234432234416,0.0
588726.915248866,745,0.08,0.023816900327801704,0.8999999761581421,0.3769964575767517,2.0,0.018426761031150818,0.44249293208122253,0.26405420899391174,0.03528648813611035,0.8779659723811708,0.404554818036166,1.9800488288700713,0.026894026092927348,0.46025024795910774,0.25501640344853804,7.635164835164829,7.13406593406593,4.7931623931623974,5.107692307692311,1.135531135531135,-2.8937728937728933,1.4578754578754562,0.0
588726.995244152,746,0.08,0.023549295961856842,0.8999999761581421,0.3727605640888214,2.0,0.01821971870958805,0.4375211000442505,0.2610873281955719,0.032234683756771076,0.8779659723811708,0.4041733424887486,1.9804303044174887,0.027275501640344757,0.46025024795910774,0.2573052567330425,7.898901098901092,7.160439560439556,4.505982905982911,5.094017094017097,1.1111111111111107,-2.942612942612942,1.3797313797313784,0.0
588727.075250452,747,0.08,0.02328168973326683,0.8999999761581421,0.3685246407985687,2.0,0.018012676388025284,0.43254929780960083,0.25812041759490967,0.02994583047226662,0.8779659723811708,0.4041733424887486,1.9804303044174887,0.027275501640344757,0.4583428702220207,0.25616083009079027,8.004395604395597,7.107692307692304,4.232478632478632,5.1213675213675245,1.1257631257631253,-2.9523809523809517,1.3894993894993881,0.0
588727.155248155,748,0.08,0.02301408350467682,0.8999999761581421,0.36428871750831604,2.0,0.017805634066462517,0.4275774359703064,0.25515350699424744,0.026894026092927348,0.8779659723811708,0.40226596475166154,1.9804303044174887,0.026894026092927348,0.4514763103685073,0.2542534523537032,8.215384615384608,7.13406593406593,4.492307692307698,5.162393162393165,1.1159951159951156,-2.8840048840048835,1.3748473748473735,0.0
588727.235203684,749,0.08,0.022746479138731956,0.8999999761581421,0.36005282402038574,2.0,0.01759859174489975,0.42260563373565674,0.2521866261959076,0.024986648355840302,0.8779659723811708,0.3892957961394661,1.9804303044174887,0.026894026092927348,0.4346913862821413,0.2538719768062858,8.373626373626365,7.107692307692304,4.779487179487184,5.203418803418806,1.1111111111111107,-2.761904761904762,1.3748473748473735,0.0
588727.315252696,750,0.08,0.022478871047496796,0.8999999761581421,0.35581687092781067,2.0,0.017391549423336983,0.4176337718963623,0.24921970069408417,0.024223697261005483,0.8779659723811708,0.3866254673075442,1.9804303044174887,0.026894026092927348,0.4369802395666458,0.253109025711451,8.347252747252739,7.054945054945051,4.588034188034193,5.2307692307692335,1.0964590964590961,-2.9230769230769225,1.3504273504273492,0.0
588727.395241387,751,0.08,0.022211266681551933,0.8999999761581421,0.35158097743988037,2.0,0.017184507101774216,0.41266196966171265,0.24625281989574432,0.024223697261005483,0.8779659723811708,0.3866254673075442,1.9804303044174887,0.026894026092927348,0.43621728847181096,0.2527275501640336,8.347252747252739,7.054945054945051,4.369230769230768,5.2307692307692335,1.101343101343101,-2.9279609279609273,1.3308913308913297,0.0
588727.475239871,752,0.08,0.02194366045296192,0.8999999761581421,0.3473450243473053,2.0,0.01697746478021145,0.4076901078224182,0.2432858943939209,0.024223697261005483,0.8779659723811708,0.3850995651178746,1.9804303044174887,0.026894026092927348,0.4293507286182976,0.2523460746166162,8.320879120879113,7.0813186813186775,4.2735042735042725,5.244444444444447,1.0915750915750912,-2.8888888888888884,1.3113553113553102,0.0
588727.555245384,753,0.08,0.02167605608701706,0.8999999761581421,0.343109130859375,2.0,0.01677042245864868,0.40271827578544617,0.24031901359558105,0.024223697261005483,0.8779659723811708,0.37556267643243935,1.9804303044174887,0.026894026092927348,0.4175249866483579,0.2500572213321117,8.347252747252739,7.028571428571425,4.61538461538462,5.271794871794874,1.0818070818070815,-2.8058608058608057,1.3113553113553102,0.0
588727.635241358,754,0.08,0.021408449858427048,0.8999999761581421,0.3388732373714447,2.0,0.016563380137085915,0.3977464735507965,0.23735211789608002,0.024223697261005483,0.8779659723811708,0.368696116578926,1.9804303044174887,0.026894026092927348,0.4171435111009405,0.2489127946898595,8.320879120879113,7.028571428571425,4.861538461538466,5.299145299145302,1.0720390720390718,-2.8888888888888884,1.286935286935286,0.0
588727.715241391,755,0.08,0.021140843629837036,0.8999999761581421,0.334637314081192,2.0,0.016356337815523148,0.3927746117115021,0.23438520729541779,0.024223697261005483,0.8779659723811708,0.36259250782024743,1.9804303044174887,0.026894026092927348,0.41485465781643605,0.2485313191424421,8.294505494505486,6.975824175824172,4.957264957264961,5.326495726495729,1.062271062271062,-2.8888888888888884,1.282051282051281,0.0
588727.795237734,756,0.08,0.020873239263892174,0.8999999761581421,0.33040139079093933,2.0,0.01614929549396038,0.3878028094768524,0.23141831159591675,0.024223697261005483,0.8779659723811708,0.35915922789349075,1.9804303044174887,0.026894026092927348,0.4098954757000097,0.24814984359502468,8.320879120879113,6.975824175824172,4.76581196581197,5.3401709401709425,1.0573870573870572,-2.8937728937728933,1.2576312576312567,0.0
588727.875249597,757,0.08,0.020605633035302162,0.8999999761581421,0.32616546750068665,2.0,0.015942253172397614,0.382830947637558,0.22845140099525452,0.024223697261005483,0.8779659723811708,0.35877775234607334,1.9804303044174887,0.026894026092927348,0.40722514686808786,0.24776836804760727,8.320879120879113,6.949450549450546,4.5333333333333385,5.36752136752137,1.0573870573870572,-2.9133089133089127,1.2332112332112324,0.0
588727.955256097,758,0.08,0.02033802680671215,0.8999999761581421,0.32192957401275635,2.0,0.015735210850834846,0.3778591454029083,0.22548450529575348,0.024223697261005483,0.8779659723811708,0.35839627679865593,1.9804303044174887,0.026894026092927348,0.40264744029907895,0.24433508812085059,8.294505494505486,6.975824175824172,4.3008547008547,5.353846153846156,1.0525030525030523,-2.9230769230769225,1.2576312576312567,0.0
588728.035240449,759,0.08,0.020070422440767288,0.8999999761581421,0.31769365072250366,2.0,0.015528169460594654,0.3728873133659363,0.22251760959625244,0.024223697261005483,0.8779659723811708,0.3526741435873948,1.9804303044174887,0.026894026092927348,0.3969253070878178,0.23899443045700686,8.26813186813186,7.002197802197799,4.4239316239316295,5.381196581196583,1.0329670329670328,-2.8498168498168495,1.2967032967032956,0.0
588728.115238494,760,0.08,0.019802816212177277,0.8999999761581421,0.313457727432251,2.0,0.015321126207709312,0.36791548132896423,0.2195506989955902,0.024223697261005483,0.8779659723811708,0.34161135271228993,1.9804303044174887,0.026894026092927348,0.3850995651178746,0.22335393301289308,8.320879120879113,6.975824175824172,5.094017094017097,5.435897435897438,1.0036630036630036,-2.796092796092796,1.467643467643466,0.0
588728.195417399,761,0.08,0.019535211846232414,0.8999999761581421,0.3092218339443207,2.0,0.01511408481746912,0.3629436492919922,0.21658380329608917,0.022697795071335847,0.8779659723811708,0.337033646143281,1.9804303044174887,0.02613107499809253,0.3850995651178746,0.2119096665903708,8.769230769230774,6.975824175824172,5.1213675213675245,5.504273504273506,0.9743589743589745,-2.9181929181929176,1.5164835164835146,0.0
588728.27524041,762,0.08,0.019267603754997253,0.8999999761581421,0.3049858808517456,2.0,0.014907041564583778,0.35797178745269775,0.21361689269542694,0.019264515144579164,0.8779659723811708,0.337033646143281,1.9804303044174887,0.02613107499809253,0.38319218738078753,0.2119096665903708,8.663736263736268,6.975824175824172,4.711111111111116,5.545299145299147,0.9597069597069599,-2.947496947496947,1.4969474969474952,0.0
588728.355246583,763,0.08,0.01899999938905239,0.8999999761581421,0.3007499873638153,2.0,0.014700000174343586,0.3529999852180481,0.2106499969959259,0.019264515144579164,0.8779659723811708,0.3332188906691069,1.9804303044174887,0.02651255054550994,0.3809033340962831,0.2122911421377882,8.663736263736268,6.975824175824172,4.9025641025641065,5.545299145299147,0.9499389499389501,-2.903540903540903,1.467643467643466,0.0
588728.435258612,764,0.08,0.01873239316046238,0.8999999761581421,0.2965140640735626,2.0,0.014492957852780819,0.34802815318107605,0.20768308639526367,0.019264515144579164,0.8779659723811708,0.32520790417334133,1.9804303044174887,0.02651255054550994,0.3690775921263434,0.2115281910429534,8.610989010989016,6.949450549450546,4.998290598290602,5.572649572649574,0.9499389499389501,-2.874236874236874,1.4578754578754562,0.0
588728.515251972,765,0.08,0.018464786931872368,0.8999999761581421,0.29227814078330994,2.0,0.014285915531218052,0.343056321144104,0.20471619069576263,0.019264515144579164,0.8779659723811708,0.3240634775310891,1.9804303044174887,0.02613107499809253,0.3690775921263434,0.2115281910429534,8.637362637362642,6.92307692307692,4.724786324786329,5.586324786324788,0.9304029304029289,-2.947496947496947,1.428571428571427,0.0
588728.595241474,766,0.08,0.018197182565927505,0.8999999761581421,0.28804224729537964,2.0,0.01407887414097786,0.33808448910713196,0.2017492949962616,0.019264515144579164,0.8779659723811708,0.3236820019836717,1.9804303044174887,0.02613107499809253,0.36221103227283,0.2115281910429534,8.610989010989016,6.92307692307692,4.46495726495727,5.600000000000001,0.925518925518924,-2.8791208791208787,1.3992673992673978,0.0
588728.675314485,767,0.08,0.017929576337337494,0.8999999761581421,0.28380632400512695,2.0,0.013871831819415092,0.3331126570701599,0.19878239929676056,0.019264515144579164,0.8779659723811708,0.32139314869916724,1.9804303044174887,0.02613107499809253,0.3526741435873948,0.21038376440070117,8.610989010989016,6.949450549450546,4.328205128205127,5.600000000000001,0.9157509157509143,-2.800976800976801,1.3797313797313784,0.0
588728.755240906,768,0.08,0.01766197197139263,0.8999999761581421,0.27957040071487427,2.0,0.01366478856652975,0.32814082503318787,0.19581548869609833,0.019264515144579164,0.8779659723811708,0.3160524910353235,1.9804303044174887,0.02651255054550994,0.34733348592355107,0.2077134355687793,8.58461538461539,6.92307692307692,4.738461538461543,5.613675213675215,0.8913308913308899,-2.859584859584859,1.3797313797313784,0.0
588728.835240555,769,0.08,0.01739436574280262,0.8999999761581421,0.27533450722694397,2.0,0.013457746244966984,0.3231689929962158,0.1928485929965973,0.019264515144579164,0.8779659723811708,0.3068970778973057,1.9804303044174887,0.02613107499809253,0.34313725490195957,0.2038986800946052,8.58461538461539,6.92307692307692,4.738461538461543,5.6683760683760696,0.8864468864468851,-2.874236874236874,1.4090354090354076,0.0
588728.915239872,770,0.08,0.01712675951421261,0.8999999761581421,0.2710985839366913,2.0,0.013250703923404217,0.3181971609592438,0.18988168239593506,0.019264515144579164,0.8779659723811708,0.2996490424963749,1.9804303044174887,0.02613107499809253,0.3412298771648725,0.2035172045471878,8.610989010989016,6.870329670329667,4.929914529914534,5.695726495726497,0.8717948717948705,-2.859584859584859,1.3797313797313784,0.0
588728.995245874,771,0.08,0.016859153285622597,0.8999999761581421,0.2668626606464386,2.0,0.01304366160184145,0.31322532892227173,0.18691478669643402,0.019264515144579164,0.8779659723811708,0.2996490424963749,1.9804303044174887,0.02613107499809253,0.3404669260700377,0.20199130235751817,8.58461538461539,6.843956043956041,4.752136752136757,5.70940170940171,0.8766788766788753,-2.937728937728937,1.3748473748473735,0.0
588729.075241644,772,0.08,0.016591548919677734,0.8999999761581421,0.2626267671585083,2.0,0.012836620211601257,0.30825352668762207,0.18394789099693298,0.019264515144579164,0.8779659723811708,0.2992675669489575,1.9804303044174887,0.02613107499809253,0.3393224994277855,0.1997024490730137,8.558241758241763,6.843956043956041,4.574358974358979,5.70940170940171,0.8669108669108656,-2.9816849816849818,1.3894993894993881,0.0
588729.155257686,773,0.08,0.016323942691087723,0.8999999761581421,0.2583908438682556,2.0,0.01262957789003849,0.30328169465065,0.18098098039627075,0.019264515144579164,0.8779659723811708,0.29201953154802673,1.9804303044174887,0.02613107499809253,0.33054856183718506,0.19741359578850926,8.558241758241763,6.843956043956041,4.738461538461543,5.723076923076924,0.852258852258851,-2.898656898656898,1.3894993894993881,0.0
588729.235867537,774,0.08,0.01605633832514286,0.8999999761581421,0.25415492057800293,2.0,0.012422535568475723,0.2983098328113556,0.17801408469676971,0.019264515144579164,0.8779659723811708,0.28820477607385264,1.9804303044174887,0.02613107499809253,0.32597085526817615,0.1955062180514222,8.558241758241763,6.843956043956041,4.574358974358979,5.750427350427351,0.8327228327228315,-2.9230769230769225,1.360195360195359,0.0
588729.315243133,775,0.08,0.01578873209655285,0.8999999761581421,0.24991899728775024,2.0,0.012215493246912956,0.29333800077438354,0.17504717409610748,0.019264515144579164,0.8779659723811708,0.286678873884183,1.9804303044174887,0.02613107499809253,0.32101167315174983,0.1947432669565874,8.558241758241763,6.817582417582415,4.547008547008552,5.750427350427351,0.8327228327228315,-2.8498168498168495,1.3504273504273492,0.0
588729.395240397,776,0.08,0.015521125867962837,0.8999999761581421,0.24568308889865875,2.0,0.01200845092535019,0.2883661687374115,0.17208027839660645,0.019264515144579164,0.8783474479285882,0.278286411841,1.9804303044174887,0.02613107499809253,0.3027008468757142,0.18902113374532625,8.531868131868137,6.817582417582415,4.888888888888893,5.791452991452992,0.8083028083028072,-2.6642246642246645,1.4481074481074465,0.0
588729.475246636,777,0.08,0.015253521502017975,0.8999999761581421,0.24144718050956726,2.0,0.011801408603787422,0.28339436650276184,0.1691133826971054,0.019264515144579164,0.8779659723811708,0.27523460746166073,1.9804303044174887,0.02613107499809253,0.29659723811703564,0.17338063630121248,8.558241758241763,6.843956043956041,4.697435897435902,5.846153846153847,0.7594627594627585,-2.791208791208791,1.5604395604395584,0.0
588729.555251505,778,0.08,0.014985915273427963,0.8999999761581421,0.23721125721931458,2.0,0.011594366282224655,0.2784225344657898,0.16614648699760437,0.018883039597161755,0.8779659723811708,0.27523460746166073,1.9804303044174887,0.024223697261005483,0.29621576256961824,0.16308079652094243,8.58461538461539,6.870329670329667,4.4239316239316295,5.887179487179488,0.778998778998778,-2.825396825396825,1.6239316239316253,0.0
588729.635254897,779,0.08,0.014718309044837952,0.8999999761581421,0.23297534883022308,2.0,0.011387323960661888,0.27345070242881775,0.16317957639694214,0.018883039597161755,0.8779659723811708,0.27523460746166073,1.9804303044174887,0.023460746166170665,0.295071335927366,0.16346227206835984,8.58461538461539,6.870329670329667,4.123076923076923,5.900854700854701,0.7350427350427342,-2.8840048840048835,1.5653235653235669,0.0
588729.715245636,780,0.08,0.014450703747570515,0.8999999761581421,0.2287394255399704,2.0,0.011180281639099121,0.2684788703918457,0.1602126657962799,0.019264515144579164,0.8779659723811708,0.26760509651331255,1.9804303044174887,0.023460746166170665,0.29354543373769637,0.16422522316319466,8.558241758241763,6.870329670329667,4.683760683760688,5.900854700854701,0.7350427350427342,-2.874236874236874,1.5311355311355292,0.0
588729.795252282,781,0.08,0.014183097518980503,0.8999999761581421,0.2245035022497177,2.0,0.010973239317536354,0.26350703835487366,0.15724577009677887,0.018883039597161755,0.8779659723811708,0.2534905012588684,1.9804303044174887,0.023079270618753256,0.2824826428625915,0.1623178454261076,8.558241758241763,6.817582417582415,5.203418803418806,5.9282051282051285,0.7301587301587293,-2.8400488400488397,1.540903540903539,0.0
588729.875263524,782,0.08,0.013915492221713066,0.8999999761581421,0.22026759386062622,2.0,0.010766196995973587,0.2585351765155792,0.15427885949611664,0.018883039597161755,0.8779659723811708,0.24319066147859836,1.9804303044174887,0.023079270618753256,0.2817196917677567,0.1623178454261076,8.558241758241763,6.764835164835162,5.422222222222224,5.982905982905983,0.7155067155067147,-2.8840048840048835,1.5115995115995098,0.0
588729.955253003,783,0.08,0.013647886924445629,0.8999999761581421,0.21603168547153473,2.0,0.010559155605733395,0.25356337428092957,0.1513119786977768,0.018883039597161755,0.8779659723811708,0.24280918593118095,1.9804303044174887,0.023079270618753256,0.2813382162203393,0.16269932097352502,8.558241758241763,6.71208791208791,5.244444444444447,5.996581196581197,0.7203907203907196,-2.9230769230769225,1.4871794871794854,0.0
588730.035243898,784,0.08,0.013380281627178192,0.8999999761581421,0.21179576218128204,2.0,0.010352113284170628,0.24859154224395752,0.14834506809711456,0.018883039597161755,0.8779659723811708,0.24280918593118095,1.9804303044174887,0.023079270618753256,0.2702754253452344,0.16002899214160315,8.558241758241763,6.71208791208791,4.970940170940175,5.996581196581197,0.7106227106227099,-2.8205128205128203,1.4969474969474952,0.0
588730.115248295,785,0.08,0.01311267539858818,0.8999999761581421,0.20755985379219055,2.0,0.01014507096260786,0.24361971020698547,0.14537817239761353,0.018883039597161755,0.8779659723811708,0.24280918593118095,1.9804303044174887,0.023079270618753256,0.261501487754634,0.16002899214160315,8.531868131868137,6.764835164835162,4.697435897435902,6.01025641025641,0.6813186813186807,-2.786324786324786,1.4578754578754562,0.0
588730.195262624,786,0.08,0.012845070101320744,0.8999999761581421,0.20332393050193787,2.0,0.009938027709722519,0.23864787817001343,0.1424112617969513,0.018883039597161755,0.8779659723811708,0.24242771038376354,1.9804303044174887,0.023079270618753256,0.2584496833752947,0.16002899214160315,8.50549450549451,6.764835164835162,4.478632478632484,6.01025641025641,0.6715506715506709,-2.825396825396825,1.428571428571427,0.0
588730.275244958,787,0.08,0.012577463872730732,0.8999999761581421,0.19908800721168518,2.0,0.009730985388159752,0.2336760312318802,0.13944436609745026,0.018883039597161755,0.8779659723811708,0.2409018081940939,1.9804303044174887,0.023079270618753256,0.2569237811856251,0.15926604104676834,8.50549450549451,6.764835164835162,4.259829059829059,6.023931623931624,0.6666666666666661,-2.869352869352869,1.3992673992673978,0.0
588730.355240293,788,0.08,0.01230985950678587,0.8999999761581421,0.19485211372375488,2.0,0.00952394399791956,0.22870422899723053,0.13647747039794922,0.018883039597161755,0.8783474479285882,0.23174639505607608,1.9804303044174887,0.023079270618753256,0.24738689250018986,0.15926604104676834,8.452747252747258,6.791208791208788,4.888888888888893,6.023931623931624,0.6568986568986563,-2.713064713064713,1.3797313797313784,0.0
588730.435250334,789,0.08,0.012042253278195858,0.8999999761581421,0.1906161904335022,2.0,0.009316901676356792,0.22373239696025848,0.133510559797287,0.018883039597161755,0.8779659723811708,0.22297245746547567,1.9804303044174887,0.023079270618753256,0.2409018081940939,0.15545128557259424,8.479120879120885,6.71208791208791,4.91623931623932,6.051282051282051,0.6373626373626369,-2.8058608058608057,1.4139194139194124,0.0
588730.515248429,790,0.08,0.011774647980928421,0.8999999761581421,0.1863802820444107,2.0,0.009109859354794025,0.21876055002212524,0.13054366409778595,0.018501564049744346,0.8779659723811708,0.2153429465171275,1.9804303044174887,0.023079270618753256,0.24280918593118095,0.15125505455100274,8.479120879120885,6.685714285714283,5.271794871794874,6.119658119658119,0.632478632478632,-2.864468864468864,1.4529914529914514,0.0
588730.595245335,791,0.08,0.01150704175233841,0.8999999761581421,0.18214435875415802,2.0,0.008902817033231258,0.2137887179851532,0.12757675349712372,0.018501564049744346,0.8779659723811708,0.2119096665903708,1.9804303044174887,0.023079270618753256,0.24242771038376354,0.1409552147707327,8.479120879120885,6.685714285714283,5.271794871794874,6.13333333333334,0.6080586080586077,-2.9181929181929176,1.5555555555555536,0.0
588730.675249675,792,0.08,0.011239435523748398,0.8999999761581421,0.17790843546390533,2.0,0.008695774711668491,0.20881688594818115,0.12460985034704208,0.018501564049744346,0.8779659723811708,0.21000228885328376,1.9804303044174887,0.023079270618753256,0.24242771038376354,0.12760357061112337,8.479120879120885,6.685714285714283,4.91623931623932,6.1880341880341945,0.5836385836385833,-2.971916971916972,1.667887667887669,0.0
588730.755247453,793,0.08,0.01097183022648096,0.8999999761581421,0.17367251217365265,2.0,0.008488732390105724,0.2038450539112091,0.12164294719696045,0.018501564049744346,0.8779659723811708,0.21000228885328376,1.9804303044174887,0.022697795071335847,0.24204623483634613,0.12149996185244483,8.479120879120885,6.71208791208791,4.642735042735048,6.1880341880341945,0.5641025641025639,-3.010989010989011,1.6776556776556788,0.0
588730.83526798,794,0.08,0.010704224929213524,0.8999999761581421,0.16943661868572235,2.0,0.008281690068542957,0.19887323677539825,0.11867605894804001,0.018501564049744346,0.8779659723811708,0.2080949111161967,1.9804303044174887,0.022316319523918438,0.23174639505607608,0.12226291294727964,8.479120879120885,6.685714285714283,4.560683760683766,6.201709401709408,0.5445665445665444,-2.874236874236874,1.6288156288156301,0.0
588730.915252461,795,0.08,0.010436619631946087,0.8999999761581421,0.16520069539546967,2.0,0.00807464774698019,0.1939014047384262,0.11570915579795837,0.018883039597161755,0.8783474479285882,0.20504310673685744,1.9804303044174887,0.022316319523918438,0.2203021286335538,0.12226291294727964,8.452747252747258,6.71208791208791,4.697435897435902,6.201709401709408,0.5299145299145298,-2.8058608058608057,1.6043956043956058,0.0
588730.995246001,796,0.08,0.010169013403356075,0.8999999761581421,0.16096478700637817,2.0,0.007867605425417423,0.18892957270145416,0.11274225264787674,0.018883039597161755,0.8779659723811708,0.19321736476691775,1.9804303044174887,0.022316319523918438,0.19855802243076148,0.11844815747310555,8.426373626373618,6.71208791208791,5.21709401709402,6.229059829059835,0.49572649572649574,-2.678876678876679,1.6483516483516496,0.0
588731.075252959,797,0.08,0.009901408106088638,0.8999999761581421,0.1567288637161255,2.0,0.007660563103854656,0.18395774066448212,0.1097753494977951,0.018501564049744346,0.8779659723811708,0.18902113374532625,1.9804303044174887,0.022316319523918438,0.1993209735255963,0.11921110856794037,8.452747252747258,6.659340659340657,5.052991452991456,6.28376068376069,0.4761904761904763,-2.7814407814407813,1.5897435897435912,0.0
588731.155255456,798,0.08,0.009633801877498627,0.8999999761581421,0.1524929404258728,2.0,0.007453520782291889,0.17898589372634888,0.10680844634771347,0.018501564049744346,0.8779659723811708,0.18062867170214325,1.9804303044174887,0.022316319523918438,0.19665064469367444,0.11882963302052296,8.426373626373618,6.659340659340657,5.285470085470088,6.311111111111117,0.4713064713064714,-2.7472527472527473,1.5750915750915766,0.0
588731.235239409,799,0.08,0.00936619658023119,0.8999999761581421,0.1482570320367813,2.0,0.0072464789263904095,0.17401407659053802,0.10384154319763184,0.018120088502326936,0.8779659723811708,0.17757686732280398,1.9804303044174887,0.02117189288166621,0.1951247425040048,0.11844815747310555,8.452747252747258,6.606593406593404,5.135042735042738,6.324786324786331,0.485958485958486,-2.8156288156288154,1.5506715506715487,0.0
588731.31524482,800,0.08,0.009098591282963753,0.8999999761581421,0.14402112364768982,2.0,0.00703943707048893,0.16904224455356598,0.1008746474981308,0.017357137407492118,0.8779659723811708,0.17719539177538657,1.9804303044174887,0.0207904173342488,0.19436179140916998,0.11844815747310555,8.663736263736268,6.606593406593404,4.91623931623932,6.324786324786331,0.48107448107448114,-2.8449328449328446,1.5213675213675195,0.0
588731.395245025,801,0.08,0.008830985985696316,0.8999999761581421,0.13978520035743713,2.0,0.006832394283264875,0.16407041251659393,0.09790774434804916,0.01583123521782248,0.8779659723811708,0.17719539177538657,1.9804303044174887,0.02040894178683139,0.1905470359349959,0.11730373083085333,8.610989010989016,6.632967032967031,4.656410256410261,6.352136752136758,0.4713064713064714,-2.869352869352869,1.5311355311355292,0.0
588731.475247179,802,0.08,0.008563379757106304,0.8999999761581421,0.13554929196834564,2.0,0.006625351961702108,0.1590985804796219,0.09494084119796753,0.01583123521782248,0.8779659723811708,0.17566948958571693,1.9804303044174887,0.02040894178683139,0.18902113374532625,0.11348897535667923,8.58461538461539,6.632967032967031,4.560683760683766,6.338461538461544,0.46642246642246654,-2.869352869352869,1.5213675213675195,0.0
588731.555248018,803,0.08,0.008295774459838867,0.8999999761581421,0.13131338357925415,2.0,0.006418310105800629,0.15412676334381104,0.09197394549846649,0.013923857480735435,0.8783474479285882,0.16308079652094243,1.9804303044174887,0.020027466239413982,0.16803997863736875,0.11348897535667923,8.716483516483521,6.606593406593404,5.080341880341884,6.393162393162399,0.45177045177045194,-2.6007326007326004,1.5018315018315,0.0
588731.635245032,804,0.08,0.00802816916257143,0.8999999761581421,0.12707746028900146,2.0,0.006211267784237862,0.1491549164056778,0.08900704234838486,0.012779430838483208,0.8779659723811708,0.16079194323643797,1.9804303044174887,0.020027466239413982,0.16803997863736875,0.11081864652475737,8.7956043956044,6.580219780219778,5.176068376068379,6.4068376068376125,0.4175824175824179,-2.7814407814407813,1.5018315018315,0.0
588731.715254904,805,0.08,0.007760562933981419,0.8999999761581421,0.12284154444932938,2.0,0.006004225462675095,0.14418308436870575,0.08604013919830322,0.010490577553978753,0.8783474479285882,0.1577401388570987,1.9804303044174887,0.020027466239413982,0.16460669871061206,0.10700389105058328,8.901098901098905,6.553846153846152,4.847863247863252,6.420512820512826,0.40781440781440814,-2.791208791208791,1.5799755799755815,0.0
588731.795253137,806,0.08,0.007492957636713982,0.8999999761581421,0.11860562860965729,2.0,0.005797183141112328,0.1392112672328949,0.08307324349880219,0.010109102006561344,0.8783474479285882,0.15545128557259424,1.9804303044174887,0.020027466239413982,0.16384374761577725,0.095559624628061,8.927472527472531,6.580219780219778,4.642735042735048,6.461538461538467,0.3882783882783887,-2.8205128205128203,1.6825396825396837,0.0
588731.875249153,807,0.08,0.007225351873785257,0.8999999761581421,0.1143697127699852,2.0,0.0055901408195495605,0.13423943519592285,0.08010633289813995,0.010109102006561344,0.8783474479285882,0.1489662012664983,1.9804303044174887,0.020027466239413982,0.15278095674067238,0.08411535820553873,8.927472527472531,6.632967032967031,5.0119658119658155,6.502564102564108,0.3589743589743595,-2.6739926739926743,1.7606837606837615,0.0
588731.955246573,808,0.08,0.006957746110856533,0.8999999761581421,0.11013379693031311,2.0,0.0053830984979867935,0.1292675882577896,0.07713942974805832,0.009727626459143934,0.8779659723811708,0.14438849469748938,1.9804303044174887,0.019645990691996573,0.14591439688715901,0.07839322499427759,8.953846153846158,6.580219780219778,4.943589743589747,6.543589743589749,0.30525030525030417,-2.761904761904762,1.7655677655677664,0.0
588732.035248328,809,0.08,0.006690140813589096,0.8999999761581421,0.10589788109064102,2.0,0.005176056642085314,0.12429577112197876,0.07417253404855728,0.008201724269474298,0.8779659723811708,0.14438849469748938,1.9804303044174887,0.019645990691996573,0.14629587243457642,0.07839322499427759,9.032967032967036,6.632967032967031,4.656410256410261,6.557264957264962,0.29548229548229443,-2.8058608058608057,1.741147741147742,0.0
588732.115248678,810,0.08,0.006422535050660372,0.8999999761581421,0.10166196525096893,2.0,0.0049690138548612595,0.11932393908500671,0.07120563089847565,0.008201724269474298,0.8779659723811708,0.14438849469748938,1.9804303044174887,0.019264515144579164,0.14362554360265456,0.07763027389944277,9.032967032967036,6.606593406593404,4.369230769230768,6.557264957264962,0.29548229548229443,-2.796092796092796,1.7167277167277177,0.0
588732.195256318,811,0.08,0.006154929753392935,0.8999999761581421,0.09742605686187744,2.0,0.00476197199895978,0.11435211449861526,0.06823873519897461,0.008201724269474298,0.8783474479285882,0.1371404592965586,1.9804303044174887,0.019264515144579164,0.13027389944304524,0.07763027389944277,9.00659340659341,6.580219780219778,4.888888888888893,6.570940170940176,0.2857142857142847,-2.6251526251526247,1.6874236874236885,0.0
588732.275247249,812,0.08,0.0058873239904642105,0.8999999761581421,0.09319014102220535,2.0,0.004554929677397013,0.10938027501106262,0.06527183204889297,0.008201724269474298,0.8783474479285882,0.12722209506370596,1.9804303044174887,0.019264515144579164,0.11844815747310555,0.07686732280460795,9.00659340659341,6.553846153846152,5.039316239316243,6.611965811965817,0.25152625152625063,-2.6593406593406597,1.672771672771674,0.0
588732.355245858,813,0.08,0.005619717761874199,0.8999999761581421,0.08895421773195267,2.0,0.004347887355834246,0.10440844297409058,0.06230492517352104,0.008201724269474298,0.8783474479285882,0.11921110856794037,1.9804303044174887,0.018501564049744346,0.11844815747310555,0.07686732280460795,8.980219780219784,6.527472527472526,5.422222222222224,6.639316239316244,0.25152625152625063,-2.7032967032967035,1.6483516483516496,0.0
588732.435247318,814,0.08,0.005352112464606762,0.8999999761581421,0.08471830934286118,2.0,0.004140845034271479,0.09943661838769913,0.059338029474020004,0.007820248722056888,0.8779659723811708,0.1161593041886011,1.9804303044174887,0.011253528648813571,0.11768520637827073,0.07686732280460795,8.980219780219784,6.501098901098899,5.162393162393165,6.652991452991458,0.3980463980463984,-2.7472527472527473,1.6239316239316253,0.0
588732.515241427,815,0.08,0.005084506701678038,0.8999999761581421,0.08048239350318909,2.0,0.003933802712708712,0.09446478635072708,0.05637112632393837,0.007820248722056888,0.8779659723811708,0.112344548714427,1.9804303044174887,0.00705729762722207,0.11425192645151405,0.07610437170977313,8.953846153846158,6.501098901098899,5.107692307692311,6.680341880341885,0.3687423687423692,-2.757020757020757,1.599511599511601,0.0
588732.595246043,816,0.08,0.004816900938749313,0.8999999761581421,0.0762464702129364,2.0,0.0037267603911459446,0.08949294686317444,0.053404223173856735,0.007820248722056888,0.8779659723811708,0.1119630731670096,1.9804303044174887,0.004768444342717615,0.11425192645151405,0.07305256733043386,8.953846153846158,6.474725274725273,4.847863247863252,6.666666666666671,0.36385836385836434,-2.83028083028083,1.5897435897435912,0.0
588732.675241738,817,0.08,0.004549295641481876,0.8999999761581421,0.07201056182384491,2.0,0.003519718535244465,0.08452112227678299,0.0504373237490654,0.007820248722056888,0.8779659723811708,0.11043717097733996,1.9804303044174887,0.004768444342717615,0.11387045090409664,0.07114518959334681,8.953846153846158,6.501098901098899,4.656410256410261,6.694017094017099,0.3589743589743595,-2.869352869352869,1.5848595848595863,0.0
588732.755246685,818,0.08,0.004281689878553152,0.8999999761581421,0.06777464598417282,2.0,0.003312675980851054,0.07954929023981094,0.047470420598983765,0.007820248722056888,0.8779659723811708,0.10967421988250514,1.9804303044174887,0.004768444342717615,0.11272602426184442,0.07000076295109459,8.927472527472531,6.474725274725273,4.5333333333333385,6.694017094017099,0.3443223443223449,-2.9133089133089127,1.5653235653235669,0.0
588732.835246763,819,0.08,0.004014084581285715,0.8999999761581421,0.06353873014450073,2.0,0.003105633892118931,0.0745774582028389,0.04450352117419243,0.007820248722056888,0.8783474479285882,0.09822995345998287,1.9804303044174887,0.004386968795300206,0.09708552681773064,0.06885633630884236,8.901098901098905,6.474725274725273,5.176068376068379,6.694017094017099,0.3443223443223449,-2.5909645909645906,1.5506715506715487,0.0
588732.915249882,820,0.08,0.003746478818356991,0.8999999761581421,0.059302814304828644,2.0,0.002898591570556164,0.06960563361644745,0.04153662174940109,0.007820248722056888,0.8779659723811708,0.09021896696421727,1.9804303044174887,0.004386968795300206,0.08793011367971282,0.06885633630884236,8.901098901098905,6.448351648351647,5.176068376068379,6.748717948717953,0.3003663003662993,-2.7472527472527473,1.5262515262515244,0.0
588732.995239167,821,0.08,0.0034788730554282665,0.8999999761581421,0.055066898465156555,2.0,0.0026915492489933968,0.0646337941288948,0.03856971487402916,0.007820248722056888,0.8779659723811708,0.09021896696421727,1.9804303044174887,0.004386968795300206,0.08754863813229541,0.06809338521400754,8.874725274725279,6.4219780219780205,4.929914529914534,6.762393162393167,0.3003663003662993,-2.786324786324786,1.5262515262515244,0.0
588733.075241691,822,0.08,0.003211267525330186,0.8999999761581421,0.05083098262548447,2.0,0.0024845069274306297,0.05966196954250336,0.035602815449237823,0.007820248722056888,0.8779659723811708,0.09021896696421727,1.9804303044174887,0.004386968795300206,0.08335240711070391,0.06504158083466827,8.874725274725279,6.448351648351647,4.629059829059834,6.762393162393167,0.29059829059828957,-2.757020757020757,1.5311355311355292,0.0
588733.155247174,823,0.08,0.0029436619952321053,0.8999999761581421,0.046595070511102676,2.0,0.0022774648386985064,0.05469013750553131,0.03263591602444649,0.008201724269474298,0.8783474479285882,0.08525978484779095,1.9804303044174887,0.004386968795300206,0.07381551842526868,0.06008239871824195,8.848351648351652,6.4219780219780205,4.752136752136757,6.748717948717953,0.26617826617826523,-2.6398046398046393,1.5653235653235669,0.0
588733.235246197,824,0.08,0.002676056232303381,0.8999999761581421,0.04235915467143059,2.0,0.0020704225171357393,0.049718309193849564,0.029669014737010002,0.008201724269474298,0.8783474479285882,0.07724879835202536,1.9804303044174887,0.004386968795300206,0.06351567864499863,0.04596780346379781,8.874725274725279,6.448351648351647,4.875213675213679,6.803418803418808,0.2271062271062263,-2.688644688644689,1.746031746031747,0.0
588733.315247493,825,0.08,0.0024084504693746567,0.8999999761581421,0.0381232351064682,2.0,0.0018633801955729723,0.04474647343158722,0.026702111586928368,0.004386968795300206,0.8783474479285882,0.07686732280460795,1.9804303044174887,0.0040054932478827965,0.06389715419241604,0.03566796368352776,9.243956043956047,6.4219780219780205,4.711111111111116,6.830769230769235,0.1831501831501825,-2.7326007326007327,1.7753357753357761,0.0
588733.395246007,826,0.08,0.002140844939276576,0.8999999761581421,0.03388732299208641,2.0,0.001656337990425527,0.03977464511990547,0.023735210299491882,0.002861066605630569,0.8783474479285882,0.07686732280460795,1.9804303044174887,0.0036240177004653873,0.06275272755016381,0.032616159304188486,9.191208791208794,6.474725274725273,4.437606837606843,6.885470085470089,0.1684981684981679,-2.7814407814407813,1.7655677655677664,0.0
588733.475249277,827,0.08,0.0018732394091784954,0.8999999761581421,0.029651407152414322,2.0,0.001449295785278082,0.034802816808223724,0.020768310874700546,0.002861066605630569,0.8783474479285882,0.07343404287785127,1.9804303044174887,0.002861066605630569,0.061226825360494175,0.032997634851605895,9.164835164835168,6.474725274725273,4.779487179487184,6.858119658119662,0.1684981684981679,-2.7716727716727716,1.7313797313797323,0.0
588733.555246219,828,0.08,0.001605633762665093,0.8999999761581421,0.025415491312742233,2.0,0.0012422534637153149,0.02983098477125168,0.017801407724618912,0.002861066605630569,0.8783474479285882,0.05893797207598972,1.9804303044174887,0.0024795910582131597,0.0413900968947889,0.032997634851605895,9.164835164835168,6.448351648351647,5.285470085470088,6.899145299145303,0.1538461538461533,-2.61050061050061,1.7118437118437129,0.0
588733.635268236,829,0.08,0.0013380281161516905,0.8999999761581421,0.021179577335715294,2.0,0.0010352112585678697,0.024859154596924782,0.014834507368505001,0.002861066605630569,0.8783474479285882,0.05092698558022413,1.9804303044174887,0.000953688868543523,0.04100862134737149,0.032616159304188486,9.164835164835168,6.395604395604394,5.258119658119661,6.92649572649573,0.14407814407814357,-2.7081807081807083,1.6971916971916983,0.0
588733.715250497,830,0.08,0.001070422469638288,0.8999999761581421,0.016943661496043205,2.0,0.0008281689952127635,0.019887322559952736,0.011867605149745941,0.0024795910582131597,0.8779659723811708,0.046349279011215216,1.9804303044174887,0.0005722133211261138,0.04100862134737149,0.032616159304188486,9.164835164835168,6.395604395604394,5.36752136752137,6.953846153846158,0.14407814407814357,-2.717948717948718,1.667887667887669,0.0
588733.79525075,831,0.08,0.0008028168813325465,0.8999999761581421,0.012707745656371117,2.0,0.0006211267318576574,0.01491549238562584,0.008900703862309456,0.0024795910582131597,0.8783474479285882,0.046349279011215216,1.9804303044174887,0.0005722133211261138,0.03910124361028444,0.032616159304188486,9.138461538461542,6.342857142857142,5.094017094017097,6.981196581196585,0.14407814407814357,-2.7667887667887667,1.6434676434676447,0.0
588733.875266293,832,0.08,0.000535211234819144,0.8999999761581421,0.008471830748021603,2.0,0.0004140844976063818,0.009943661279976368,0.005933802574872971,0.0024795910582131597,0.8783474479285882,0.04520485236896299,1.9804303044174887,0.0005722133211261138,0.03376058594644071,0.032234683756771076,9.112087912087915,6.369230769230768,4.875213675213679,6.967521367521371,0.13431013431013383,-2.7423687423687424,1.6190476190476204,0.0
588733.955247169,833,0.08,0.000267605617409572,0.8999999761581421,0.004235915374010801,2.0,0.0002070422488031909,0.004971830639988184,0.0029669012874364853,0.0024795910582131597,0.8783474479285882,0.04444190127412817,1.9804303044174887,0.0005722133211261138,0.03032730601968403,0.03185320820935367,9.085714285714289,6.342857142857142,4.642735042735048,6.967521367521371,0.11965811965811923,-2.727716727716728,1.594627594627596,0.0
588734.035246113,834,0.08,0.0,0.8999999761581421,0.0,2.0,0.0,0.0,0.0,0.0024795910582131597,0.8783474479285882,0.03871976806286703,1.9804303044174887,0.0005722133211261138,0.019264515144579164,0.02994583047226662,9.112087912087915,6.316483516483515,4.820512820512825,6.981196581196585,0.1098901098901095,-2.5518925518925517,1.599511599511601,0.0
588734.115250801,835,0.08,0.0,0.8999999761581421,0.0,2.0,0.0,0.0,0.0,0.002861066605630569,0.8783474479285882,0.029182879377431803,1.9804303044174887,0.0005722133211261138,0.005912870984969842,0.02613107499809253,9.059340659340663,6.342857142857142,5.1213675213675245,7.022222222222226,0.07081807081807057,-2.6056166056166052,1.6288156288156301,0.0
588734.195205156,836,0.08,0.0,0.8999999761581421,0.0,2.0,0.0,0.0,0.0,0.0024795910582131597,0.8783474479285882,0.02651255054550994,1.9804303044174887,0.0005722133211261138,0.005912870984969842,0.023460746166170665,9.085714285714289,6.316483516483515,5.312820512820515,7.022222222222226,0.0512820512820511,-2.6300366300366296,1.6483516483516496,0.0
588734.275245894,837,0.08,0.0,0.8999999761581421,0.0,2.0,0.0,0.0,0.0,0.0024795910582131597,0.8783474479285882,0.02651255054550994,1.9804303044174887,0.0005722133211261138,0.0040054932478827965,0.023079270618753256,9.085714285714289,6.316483516483515,5.312820512820515,7.035897435897439,0.04639804639804623,-2.5567765567765566,1.6532356532356545,0.0
588734.355258694,838,0.08,0.0,0.8999999761581421,0.0,2.0,0.0,0.0,0.0,0.0024795910582131597,0.8783474479285882,0.02651255054550994,1.9804303044174887,0.0005722133211261138,0.0001907377737087046,0.023079270618753256,9.085714285714289,6.316483516483515,5.3401709401709425,7.035897435897439,0.04151404151404137,-2.5616605616605614,1.6532356532356545,0.0
588734.435246892,839,0.08,0.0,0.8999999761581421,0.0,2.0,0.0,0.0,0.0,0.0024795910582131597,0.8783474479285882,0.02651255054550994,1.9804303044174887,0.0001907377737087046,0.0001907377737087046,0.022316319523918438,9.085714285714289,6.316483516483515,5.299145299145302,7.049572649572653,0.03174603174603163,-2.5567765567765566,1.6581196581196593,0.0
588734.515249268,840,0.08,0.0,0.8999999761581421,0.0,2.0,0.0,0.0,0.0,0.0024795910582131597,0.8783474479285882,0.02651255054550994,1.9804303044174887,0.0001907377737087046,0.0001907377737087046,0.022316319523918438,9.085714285714289,6.316483516483515,5.326495726495729,7.035897435897439,0.03174603174603163,-2.5616605616605614,1.6532356532356545,0.0
588734.595246123,841,0.08,0.0,0.8999999761581421,0.0,2.0,0.0,0.0,0.0,0.0024795910582131597,0.8783474479285882,0.02651255054550994,1.9804303044174887,0.0001907377737087046,0.0001907377737087046,0.02193484397650103,9.059340659340663,6.316483516483515,5.299145299145302,7.049572649572653,0.03174603174603163,-2.571428571428571,1.6630036630036642,0.0
588734.675237704,842,0.08,0.0,0.8999999761581421,0.0,2.0,0.0,0.0,0.0,0.0024795910582131597,0.8783474479285882,0.02651255054550994,1.9804303044174887,0.0001907377737087046,0.0001907377737087046,0.02193484397650103,9.085714285714289,6.316483516483515,5.326495726495729,7.035897435897439,0.03174603174603163,-2.5616605616605614,1.6581196581196593,0.0
588734.755247664,843,0.08,0.0,0.8999999761581421,0.0,2.0,0.0,0.0,0.0,0.0024795910582131597,0.8783474479285882,0.02651255054550994,1.9804303044174887,0.0001907377737087046,0.0001907377737087046,0.02193484397650103,9.085714285714289,6.290109890109889,5.312820512820515,7.049572649572653,0.03174603174603163,-2.5665445665445663,1.6630036630036642,0.0
588734.835246695,844,0.08,0.0,0.8999999761581421,0.0,2.0,0.0,0.0,0.0,0.0024795910582131597,0.8783474479285882,0.02651255054550994,1.9804303044174887,0.0001907377737087046,0.0001907377737087046,0.02193484397650103,9.085714285714289,6.316483516483515,5.299145299145302,7.049572649572653,0.03174603174603163,-2.5567765567765566,1.6630036630036642,0.0
588734.915240957,845,0.08,0.0,0.8999999761581421,0.0,2.0,0.0,0.0,0.0,0.0024795910582131597,0.8783474479285882,0.02651255054550994,1.9804303044174887,0.0001907377737087046,0.0001907377737087046,0.02193484397650103,9.059340659340663,6.316483516483515,5.312820512820515,7.035897435897439,0.03174603174603163,-2.5616605616605614,1.6630036630036642,0.0
588734.995245241,846,0.08,0.0,0.8999999761581421,0.0,2.0,0.0,0.0,0.0,0.0024795910582131597,0.8783474479285882,0.02651255054550994,1.9804303044174887,0.0001907377737087046,0.0001907377737087046,0.02155336842908362,9.085714285714289,6.316483516483515,5.312820512820515,7.049572649572653,0.0366300366300365,-2.5665445665445663,1.667887667887669,0.0
588735.075254709,847,0.08,0.0,0.8999999761581421,0.0,2.0,0.0,0.0,0.0,0.0024795910582131597,0.8783474479285882,0.02651255054550994,1.9804303044174887,0.0001907377737087046,0.0001907377737087046,0.02155336842908362,9.085714285714289,6.342857142857142,5.312820512820515,7.035897435897439,0.03174603174603163,-2.5665445665445663,1.667887667887669,0.0
588735.155240164,848,0.08,0.0,0.8999999761581421,0.0,2.0,0.0,0.0,0.0,0.0024795910582131597,0.8783474479285882,0.02651255054550994,1.9804303044174887,0.0001907377737087046,0.0001907377737087046,0.02155336842908362,9.085714285714289,6.342857142857142,5.326495726495729,7.035897435897439,0.0366300366300365,-2.5616605616605614,1.6630036630036642,0.0
588735.235246619,849,0.08,0.0,0.8999999761581421,0.0,2.0,0.0,0.0,0.0,0.0024795910582131597,0.8783474479285882,0.02651255054550994,1.9804303044174887,0.0001907377737087046,0.0001907377737087046,0.02155336842908362,9.085714285714289,6.342857142857142,5.312820512820515,7.049572649572653,0.03174603174603163,-2.5616605616605614,1.6630036630036642,0.0
588735.315248425,850,0.08,0.0,0.8999999761581421,0.0,2.0,0.0,0.0,0.0,0.0024795910582131597,0.8783474479285882,0.02651255054550994,1.9804303044174887,0.0001907377737087046,0.0001907377737087046,0.02155336842908362,9.085714285714289,6.342857142857142,5.299145299145302,7.035897435897439,0.03174603174603163,-2.5665445665445663,1.6581196581196593,0.0
588735.395281816,851,0.08,0.0,0.8999999761581421,0.0,2.0,0.0,0.0,0.0,0.0024795910582131597,0.8783474479285882,0.02651255054550994,1.9804303044174887,0.0001907377737087046,0.0001907377737087046,0.02155336842908362,9.085714285714289,6.342857142857142,5.312820512820515,7.063247863247867,0.03174603174603163,-2.5665445665445663,1.667887667887669,0.0
588735.475246236,852,0.08,0.0,0.8999999761581421,0.0,2.0,0.0,0.0,0.0,0.0024795910582131597,0.8783474479285882,0.02651255054550994,1.9804303044174887,0.0001907377737087046,0.0001907377737087046,0.02155336842908362,9.085714285714289,6.342857142857142,5.299145299145302,7.049572649572653,0.03174603174603163,-2.5665445665445663,1.667887667887669,0.0
588735.555245198,853,0.08,0.0,0.8999999761581421,0.0,2.0,0.0,0.0,0.0,0.0024795910582131597,0.8783474479285882,0.02651255054550994,1.9804303044174887,0.0001907377737087046,0.0001907377737087046,0.02155336842908362,9.085714285714289,6.342857142857142,5.299145299145302,7.049572649572653,0.03174603174603163,-2.5665445665445663,1.667887667887669,0.0
588735.635241422,854,0.08,0.0,0.8999999761581421,0.0,2.0,0.0,0.0,0.0,0.0024795910582131597,0.8783474479285882,0.02651255054550994,1.9804303044174887,0.0001907377737087046,0.0001907377737087046,0.02155336842908362,9.085714285714289,6.316483516483515,5.312820512820515,7.049572649572653,0.0366300366300365,-2.5665445665445663,1.6630036630036642,0.0
588735.71524642,855,0.08,0.0,0.8999999761581421,0.0,2.0,0.0,0.0,0.0,0.0024795910582131597,0.8783474479285882,0.02651255054550994,1.9804303044174887,0.0001907377737087046,0.0001907377737087046,0.02155336842908362,9.085714285714289,6.342857142857142,5.299145299145302,7.049572649572653,0.03174603174603163,-2.5665445665445663,1.6630036630036642,0.0
588735.795249089,856,0.08,0.0,0.8999999761581421,0.0,2.0,0.0,0.0,0.0,0.0024795910582131597,0.8783474479285882,0.02651255054550994,1.9804303044174887,0.0001907377737087046,0.0001907377737087046,0.02155336842908362,9.059340659340663,6.342857142857142,5.3401709401709425,7.049572649572653,0.0366300366300365,-2.5665445665445663,1.667887667887669,0.0
588735.875243722,857,0.08,0.0,0.8999999761581421,0.0,2.0,0.0,0.0,0.0,0.0024795910582131597,0.8783474479285882,0.02651255054550994,1.9804303044174887,0.0001907377737087046,0.0001907377737087046,0.02155336842908362,9.085714285714289,6.316483516483515,5.326495726495729,7.049572649572653,0.0366300366300365,-2.5665445665445663,1.672771672771674,0.0
588735.955249444,858,0.08,0.0,0.8999999761581421,0.0,2.0,0.0,0.0,0.0,0.0024795910582131597,0.8783474479285882,0.02651255054550994,1.9804303044174887,0.0001907377737087046,0.0001907377737087046,0.02155336842908362,9.085714285714289,6.342857142857142,5.299145299145302,7.049572649572653,0.0366300366300365,-2.5665445665445663,1.6630036630036642,0.0
588736.035248006,859,0.08,0.0,0.8999999761581421,0.0,2.0,0.0,0.0,0.0,0.0024795910582131597,0.8783474479285882,0.02651255054550994,1.9804303044174887,0.0001907377737087046,0.0001907377737087046,0.02155336842908362,9.059340659340663,6.342857142857142,5.312820512820515,7.022222222222226,0.03174603174603163,-2.5665445665445663,1.6630036630036642,0.0
588736.115244745,860,0.08,0.0,0.8999999761581421,0.0,2.0,0.0,0.0,0.0,0.0024795910582131597,0.8783474479285882,0.02651255054550994,1.9804303044174887,0.0001907377737087046,0.0001907377737087046,0.02155336842908362,9.085714285714289,6.316483516483515,5.312820512820515,7.035897435897439,0.03174603174603163,-2.5665445665445663,1.6581196581196593,0.0
588736.195240738,861,0.08,0.0,0.8999999761581421,0.0,2.0,0.0,0.0,0.0,0.0024795910582131597,0.8783474479285882,0.02651255054550994,1.9804303044174887,0.0001907377737087046,0.0001907377737087046,0.02155336842908362,9.059340659340663,6.342857142857142,5.326495726495729,7.049572649572653,0.03174603174603163,-2.5665445665445663,1.6630036630036642,0.0
588736.275265071,862,0.08,0.0,0.8999999761581421,0.0,2.0,0.0,0.0,0.0,0.0024795910582131597,0.8783474479285882,0.02651255054550994,1.9804303044174887,0.0001907377737087046,0.0001907377737087046,0.02155336842908362,9.085714285714289,6.342857142857142,5.312820512820515,7.049572649572653,0.03174603174603163,-2.5616605616605614,1.6630036630036642,0.0
588736.355247172,863,0.08,0.0,0.8999999761581421,0.0,2.0,0.0,0.0,0.0,0.0024795910582131597,0.8783474479285882,0.02651255054550994,1.9804303044174887,0.0001907377737087046,0.0001907377737087046,0.02155336842908362,9.085714285714289,6.342857142857142,5.312820512820515,7.049572649572653,0.03174603174603163,-2.5665445665445663,1.6630036630036642,0.0
588736.435241648,864,0.08,0.0,0.8999999761581421,0.0,2.0,0.0,0.0,0.0,0.0024795910582131597,0.8783474479285882,0.02651255054550994,1.9804303044174887,0.0001907377737087046,0.0001907377737087046,0.02155336842908362,9.085714285714289,6.342857142857142,5.299145299145302,7.035897435897439,0.026862026862026767,-2.5665445665445663,1.6630036630036642,0.0
588736.515248245,865,0.08,0.0,0.8999999761581421,0.0,1.9950000047683716,0.0,0.0,0.0,0.0024795910582131597,0.8783474479285882,0.02651255054550994,1.9804303044174887,0.0001907377737087046,0.0001907377737087046,0.02155336842908362,9.085714285714289,6.342857142857142,5.312820512820515,7.035897435897439,0.03174603174603163,-2.5616605616605614,1.667887667887669,0.0
588736.59524894,866,0.08,0.0,0.8999999761581421,0.0,1.9900000095367432,0.0,0.0,0.0,0.0024795910582131597,0.8783474479285882,0.02651255054550994,1.9804303044174887,0.0001907377737087046,0.0001907377737087046,0.02155336842908362,9.085714285714289,6.342857142857142,5.326495726495729,6.7350427350427395,0.03174603174603163,-2.5616605616605614,1.667887667887669,0.0
588736.675242454,867,0.08,0.0,0.8999999761581421,0.0,1.9850000143051147,0.0,0.0,0.0,0.0024795910582131597,0.8783474479285882,0.02651255054550994,1.9804303044174887,0.0001907377737087046,0.0001907377737087046,0.02155336842908362,9.085714285714289,6.342857142857142,5.299145299145302,6.43418803418804,0.03174603174603163,-2.5567765567765566,1.6630036630036642,0.0
588736.75525248,868,0.08,0.0,0.8999999761581421,0.0,1.9800000190734863,0.0,0.0,0.0,0.0024795910582131597,0.8783474479285882,0.02651255054550994,1.9804303044174887,0.0001907377737087046,0.0001907377737087046,0.02155336842908362,9.085714285714289,6.342857142857142,5.326495726495729,6.119658119658119,0.0366300366300365,-2.5616605616605614,1.6581196581196593,0.0
588736.835238637,869,0.08,0.0,0.8999999761581421,0.0,1.975000023841858,0.0,0.0,0.0,0.0024795910582131597,0.8783474479285882,0.02651255054550994,1.9804303044174887,0.0001907377737087046,0.0001907377737087046,0.02155336842908362,9.085714285714289,6.342857142857142,5.312820512820515,5.832478632478633,0.03174603174603163,-2.5665445665445663,1.667887667887669,0.0
588736.915243973,870,0.08,0.0,0.8999999761581421,0.0,1.9700000286102295,0.0,0.0,0.0,0.0024795910582131597,0.8783474479285882,0.02651255054550994,1.9804303044174887,0.0001907377737087046,0.0001907377737087046,0.02155336842908362,9.085714285714289,6.316483516483515,5.299145299145302,5.545299145299147,0.0366300366300365,-2.5665445665445663,1.6630036630036642,0.0
588736.99524742,871,0.08,0.0,0.8999999761581421,0.0,1.965000033378601,0.0,0.0,0.0,0.0024795910582131597,0.8783474479285882,0.02651255054550994,1.9800488288700713,0.0001907377737087046,0.0001907377737087046,0.02155336842908362,9.085714285714289,6.342857142857142,5.312820512820515,5.271794871794874,0.03174603174603163,-2.5616605616605614,1.6630036630036642,0.0
588737.075246362,872,0.08,0.0,0.8999999761581421,0.0,1.9600000381469727,0.0,0.0,0.0,0.0024795910582131597,0.8783474479285882,0.02651255054550994,1.9800488288700713,0.0001907377737087046,0.0001907377737087046,0.02155336842908362,9.085714285714289,6.342857142857142,5.299145299145302,4.984615384615388,0.03174603174603163,-2.5665445665445663,1.6630036630036642,0.0
588737.155248834,873,0.08,0.0,0.8999999761581421,0.0,1.9550000429153442,0.0,0.0,0.0,0.0024795910582131597,0.8783474479285882,0.02651255054550994,1.9792858777752365,0.0001907377737087046,0.0001907377737087046,0.02155336842908362,9.085714285714289,6.342857142857142,5.312820512820515,4.697435897435902,0.0366300366300365,-2.5616605616605614,1.667887667887669,0.0
588737.235240358,874,0.08,0.0,0.8999999761581421,0.0,1.9500000476837158,0.0,0.0,0.0,0.0024795910582131597,0.8783474479285882,0.02651255054550994,1.978904402227819,0.0001907377737087046,0.0001907377737087046,0.02155336842908362,9.085714285714289,6.342857142857142,5.312820512820515,4.437606837606843,0.03174603174603163,-2.5665445665445663,1.6630036630036642,0.0
588737.315245271,875,0.08,0.0,0.8999999761581421,0.0,1.9450000524520874,0.0,0.0,0.0,0.0024795910582131597,0.8783474479285882,0.02651255054550994,1.9773785000381494,0.0001907377737087046,0.0001907377737087046,0.02155336842908362,9.085714285714289,6.342857142857142,5.312820512820515,4.259829059829059,0.03174603174603163,-2.5665445665445663,1.6630036630036642,0.0
588737.395248041,876,0.08,0.0,0.8999999761581421,0.0,1.940000057220459,0.0,0.0,0.0,0.0024795910582131597,0.8783474479285882,0.02651255054550994,1.975089646753645,0.0001907377737087046,0.0001907377737087046,0.02155336842908362,9.112087912087915,6.342857142857142,5.3401709401709425,4.109401709401709,0.0366300366300365,-2.5616605616605614,1.6630036630036642,0.0
588737.475246299,877,0.08,0.0,0.8999999761581421,0.0,1.934999942779541,0.0,0.0,0.0,0.0024795910582131597,0.8783474479285882,0.02651255054550994,1.9682230869001316,-0.0001907377737087046,0.0001907377737087046,0.022316319523918438,9.112087912087915,6.369230769230768,5.326495726495729,4.3008547008547,0.0366300366300365,-2.5665445665445663,1.6532356532356545,0.0
588737.555241955,878,0.08,0.0,0.8999999761581421,0.0,1.9299999475479126,0.0,0.0,0.0,0.0024795910582131597,0.8783474479285882,0.02651255054550994,1.9609750514992008,-0.0001907377737087046,0.0001907377737087046,0.0207904173342488,9.164835164835168,6.4219780219780205,5.36752136752137,4.588034188034193,0.04639804639804623,-2.5665445665445663,1.6874236874236885,0.0
588737.635241817,879,0.08,0.0,0.8999999761581421,0.0,1.9249999523162842,0.0,0.0,0.0,0.0024795910582131597,0.8783474479285882,0.02651255054550994,1.9525825894560143,-0.000953688868543523,0.0001907377737087046,0.020027466239413982,9.191208791208794,6.501098901098899,5.381196581196583,4.505982905982911,0.0512820512820511,-2.5665445665445663,1.706959706959708,0.0
588737.715242787,880,0.08,0.0,0.8999999761581421,0.0,1.9199999570846558,0.0,0.0,0.0,0.0024795910582131597,0.8783474479285882,0.02651255054550994,1.9502937361715098,-0.0036240177004653873,0.0001907377737087046,0.014305333028152845,9.21758241758242,6.553846153846152,5.394871794871797,4.560683760683766,0.06105006105006083,-2.571428571428571,1.7606837606837615,0.0
588737.795245294,881,0.08,0.0,0.8999999761581421,0.0,1.9149999618530273,0.0,0.0,0.0,0.0024795910582131597,0.8783474479285882,0.02651255054550994,1.9460975051499183,-0.0040054932478827965,0.0001907377737087046,0.014686808575570254,9.21758241758242,6.580219780219778,5.408547008547011,4.396581196581202,0.06105006105006083,-2.571428571428571,1.7655677655677664,0.0
588737.875252719,882,0.08,0.0,0.8999999761581421,0.0,1.909999966621399,0.0,0.0,0.0,0.0024795910582131597,0.8783474479285882,0.02651255054550994,1.9419012741283268,-0.004386968795300206,0.0001907377737087046,0.013542381933318026,9.21758241758242,6.606593406593404,5.422222222222224,4.314529914529913,0.06105006105006083,-2.571428571428571,1.7655677655677664,0.0
588737.955246522,883,0.08,0.0,0.8999999761581421,0.0,1.9049999713897705,0.0,0.0,0.0,0.0024795910582131597,0.8783474479285882,0.02651255054550994,1.939230945296405,-0.005149919890135024,0.0001907377737087046,0.013542381933318026,9.243956043956047,6.632967032967031,5.4495726495726515,4.314529914529913,0.07081807081807057,-2.576312576312576,1.7753357753357761,0.0
588738.035250294,884,0.08,0.0,0.8999999761581421,0.0,1.899999976158142,0.0,0.0,0.0,0.0024795910582131597,0.8783474479285882,0.02651255054550994,1.9312199588006393,-0.005531395437552433,0.0001907377737087046,0.014305333028152845,9.270329670329673,6.659340659340657,5.4495726495726515,4.451282051282057,0.07081807081807057,-2.576312576312576,1.7655677655677664,0.0
588738.115241208,885,0.08,0.0,0.8999999761581421,0.0,1.8949999809265137,0.0,0.0,0.0,0.0024795910582131597,0.8783474479285882,0.02651255054550994,1.9251163500419608,-0.005912870984969842,0.0001907377737087046,0.009727626459143934,9.2967032967033,6.71208791208791,5.4495726495726515,4.806837606837611,0.07570207570207543,-2.571428571428571,1.81929181929182,0.0
588738.195284578,886,0.08,0.0,0.8999999761581421,0.0,1.8899999856948853,0.0,0.0,0.0,0.0024795910582131597,0.8783474479285882,0.02651255054550994,1.91786831464103,-0.005912870984969842,0.0001907377737087046,0.009727626459143934,9.323076923076925,6.791208791208788,5.476923076923079,4.711111111111116,0.0659340659340657,-2.576312576312576,1.8241758241758248,0.0
588738.275244452,887,0.08,0.0,0.8999999761581421,0.0,1.8849999904632568,0.0,0.0,0.0,0.0024795910582131597,0.8783474479285882,0.02651255054550994,1.9106202792400993,-0.006294346532387252,0.0001907377737087046,0.004386968795300206,9.349450549450552,6.843956043956041,5.504273504273506,4.929914529914534,0.056166056166055967,-2.571428571428571,1.9169719169719173,0.0
588738.355248796,888,0.08,0.0,0.8999999761581421,0.0,1.8799999952316284,0.0,0.0,0.0,0.0024795910582131597,0.8783474479285882,0.02651255054550994,1.9090943770504296,-0.006294346532387252,0.0001907377737087046,-0.0040054932478827965,9.349450549450552,6.8967032967032935,5.531623931623933,4.724786324786329,0.04151404151404137,-2.571428571428571,2.034188034188034,0.0
588738.43524808,889,0.08,0.0,0.8999999761581421,0.0,1.875,0.0,0.0,0.0,0.0024795910582131597,0.8783474479285882,0.02651255054550994,1.902990768291751,-0.006294346532387252,0.0001907377737087046,-0.004768444342717615,9.402197802197804,6.92307692307692,5.5589743589743605,4.834188034188038,0.026862026862026767,-2.581196581196581,1.965811965811966,0.0
588738.515243629,890,0.08,0.0,0.8999999761581421,0.0,1.8700000047683716,0.0,0.0,0.0,0.0024795910582131597,0.8783474479285882,0.02651255054550994,1.8987945372701596,-0.006294346532387252,0.0001907377737087046,-0.005149919890135024,9.402197802197804,6.975824175824172,5.5589743589743605,4.629059829059834,0.03174603174603163,-2.571428571428571,2.0,0.0
588738.595258458,891,0.08,0.0,0.8999999761581421,0.0,1.8650000095367432,0.0,0.0,0.0,0.0024795910582131597,0.8783474479285882,0.02651255054550994,1.896505683985655,-0.006294346532387252,0.0001907377737087046,-0.006294346532387252,9.402197802197804,7.002197802197799,5.572649572649574,4.505982905982911,0.0366300366300365,-2.571428571428571,2.0097680097680097,0.0
588738.675242813,892,0.08,0.0,0.8999999761581421,0.0,1.8600000143051147,0.0,0.0,0.0,0.0024795910582131597,0.8783474479285882,0.02651255054550994,1.896505683985655,-0.006294346532387252,0.0001907377737087046,-0.005531395437552433,9.42857142857143,7.028571428571425,5.572649572649574,4.218803418803418,0.03174603174603163,-2.576312576312576,2.0,0.0
588738.755241247,893,0.08,0.0,0.8999999761581421,0.0,1.8550000190734863,0.0,0.0,0.0,0.0024795910582131597,0.8783474479285882,0.02651255054550994,1.8942168307011507,-0.006294346532387252,0.0001907377737087046,-0.005149919890135024,9.402197802197804,7.002197802197799,5.586324786324788,4.191452991452991,0.026862026862026767,-2.571428571428571,1.9902319902319903,0.0
588738.835241906,894,0.08,0.0,0.8999999761581421,0.0,1.850000023841858,0.0,0.0,0.0,0.0024795910582131597,0.8783474479285882,0.02651255054550994,1.886205844205385,-0.006294346532387252,0.0001907377737087046,-0.004386968795300206,9.42857142857143,7.054945054945051,5.600000000000001,4.369230769230768,0.03174603174603163,-2.576312576312576,2.0,0.0
588738.915496687,895,0.08,0.0,0.8999999761581421,0.0,1.8450000286102295,0.0,0.0,0.0,0.0024795910582131597,0.8783474479285882,0.02651255054550994,1.8751430533302802,-0.006675822079804661,0.0001907377737087046,-0.005149919890135024,9.454945054945057,7.107692307692304,5.613675213675215,4.7931623931623974,0.03174603174603163,-2.576312576312576,2.0097680097680097,0.0
588738.995243848,896,0.08,0.0,0.8999999761581421,0.0,1.840000033378601,0.0,0.0,0.0,0.0024795910582131597,0.8783474479285882,0.02651255054550994,1.8652246890974276,-0.006675822079804661,0.0001907377737087046,-0.006294346532387252,9.50769230769231,7.213186813186809,5.627350427350429,4.9025641025641065,0.03174603174603163,-2.576312576312576,2.034188034188034,0.0
588739.075266869,897,0.08,0.0,0.8999999761581421,0.0,1.8350000381469727,0.0,0.0,0.0,0.0024795910582131597,0.8783474479285882,0.02651255054550994,1.862935835812923,-0.006675822079804661,0.0001907377737087046,-0.01163500419623098,9.50769230769231,7.265934065934061,5.613675213675215,4.820512820512825,0.026862026862026767,-2.576312576312576,2.0879120879120876,0.0
588739.15524481,898,0.08,0.0,0.8999999761581421,0.0,1.8300000429153442,0.0,0.0,0.0,0.0024795910582131597,0.8783474479285882,0.02651255054550994,1.8617914091706709,-0.006675822079804661,0.0001907377737087046,-0.009727626459143934,9.50769230769231,7.292307692307688,5.6683760683760696,4.560683760683766,0.017094017094017033,-2.576312576312576,2.0634920634920633,0.0
588739.23524709,899,0.08,0.0,0.8999999761581421,0.0,1.8250000476837158,0.0,0.0,0.0,0.0024795910582131597,0.8783474479285882,0.02651255054550994,1.8614099336232535,-0.006675822079804661,0.0001907377737087046,-0.008201724269474298,9.534065934065936,7.292307692307688,5.654700854700856,4.314529914529913,0.026862026862026767,-2.576312576312576,2.0537240537240535,0.0
588739.315249667,900,0.08,0.0,0.8999999761581421,0.0,1.8200000524520874,0.0,0.0,0.0,0.0024795910582131597,0.8783474479285882,0.02651255054550994,1.8537804226749053,-0.006675822079804661,0.0001907377737087046,-0.003242542153047978,9.50769230769231,7.318681318681314,5.6683760683760696,4.519658119658125,0.026862026862026767,-2.576312576312576,1.9755799755799757,0.0
588739.395248407,901,0.08,0.0,0.8999999761581421,0.0,1.815000057220459,0.0,0.0,0.0,0.0024795910582131597,0.8783474479285882,0.02651255054550994,1.8457694361791397,-0.006675822079804661,0.0001907377737087046,-0.004768444342717615,9.560439560439562,7.371428571428567,5.682051282051283,4.820512820512825,0.0366300366300365,-2.571428571428571,2.0195360195360195,0.0
588739.475252537,902,0.08,0.0,0.8999999761581421,0.0,1.809999942779541,0.0,0.0,0.0,0.0024795910582131597,0.8783474479285882,0.02651255054550994,1.8350881208514522,-0.006675822079804661,0.0001907377737087046,-0.005531395437552433,9.586813186813188,7.424175824175819,5.682051282051283,5.203418803418806,0.03174603174603163,-2.576312576312576,2.034188034188034,0.0
588739.555245372,903,0.08,0.0,0.8999999761581421,0.0,1.8049999475479126,0.0,0.0,0.0,0.0024795910582131597,0.8783474479285882,0.02651255054550994,1.830128938735026,-0.006675822079804661,0.0001907377737087046,-0.008583199816891707,9.586813186813188,7.503296703296698,5.695726495726497,5.025641025641029,0.03174603174603163,-2.5665445665445663,2.0879120879120876,0.0
588739.635247009,904,0.08,0.0,0.8999999761581421,0.0,1.7999999523162842,0.0,0.0,0.0,0.0024795910582131597,0.8783474479285882,0.02651255054550994,1.830128938735026,-0.006675822079804661,0.0001907377737087046,-0.008583199816891707,9.613186813186815,7.503296703296698,5.723076923076924,4.752136752136757,0.0219780219780219,-2.576312576312576,2.078144078144078,0.0
588739.715294143,905,0.08,0.0,0.8999999761581421,0.0,1.7949999570846558,0.0,0.0,0.0,0.0024795910582131597,0.8783474479285882,0.02651255054550994,1.830128938735026,-0.006675822079804661,0.0001907377737087046,-0.005531395437552433,9.613186813186815,7.529670329670324,5.736752136752138,4.451282051282057,0.026862026862026767,-2.571428571428571,2.0244200244200243,0.0
588739.795251183,906,0.08,0.0,0.8999999761581421,0.0,1.7899999618530273,0.0,0.0,0.0,0.0024795910582131597,0.8783474479285882,0.02651255054550994,1.8278400854505215,-0.006675822079804661,0.0001907377737087046,-0.004768444342717615,9.586813186813188,7.529670329670324,5.70940170940171,4.355555555555554,0.0366300366300365,-2.571428571428571,2.039072039072039,0.0
588739.875271024,907,0.08,0.0,0.8999999761581421,0.0,1.784999966621399,0.0,0.0,0.0,0.0024795910582131597,0.8783474479285882,0.02651255054550994,1.8202105745021733,-0.006675822079804661,0.0001907377737087046,-0.0040054932478827965,9.63956043956044,7.5560439560439505,5.695726495726497,4.478632478632484,0.03174603174603163,-2.571428571428571,2.039072039072039,0.0
588739.955258033,908,0.08,0.0,0.8999999761581421,0.0,1.7799999713897705,0.0,0.0,0.0,0.0024795910582131597,0.8783474479285882,0.02651255054550994,1.8118181124589903,-0.006675822079804661,0.0001907377737087046,-0.005912870984969842,9.63956043956044,7.608791208791203,5.736752136752138,4.834188034188038,0.03174603174603163,-2.576312576312576,2.0586080586080584,0.0
588740.03524914,909,0.08,0.0,0.8999999761581421,0.0,1.774999976158142,0.0,0.0,0.0,0.0024795910582131597,0.8783474479285882,0.02651255054550994,1.804188601510642,-0.006675822079804661,0.0001907377737087046,-0.006675822079804661,9.665934065934067,7.687912087912082,5.764102564102565,5.052991452991456,0.03174603174603163,-2.576312576312576,2.068376068376068,0.0
588740.115248159,910,0.08,0.0,0.8999999761581421,0.0,1.7699999809265137,0.0,0.0,0.0,0.0024795910582131597,0.8783474479285882,0.02651255054550994,1.798466468299381,-0.006675822079804661,0.0001907377737087046,-0.006675822079804661,9.665934065934067,7.7406593406593345,5.750427350427351,4.970940170940175,0.03174603174603163,-2.571428571428571,2.078144078144078,0.0
588740.195252129,911,0.08,0.0,0.8999999761581421,0.0,1.7649999856948853,0.0,0.0,0.0,0.0024795910582131597,0.8783474479285882,0.02651255054550994,1.7980849927519635,-0.006675822079804661,0.0001907377737087046,-0.006675822079804661,9.692307692307693,7.767032967032961,5.777777777777779,4.61538461538462,0.03174603174603163,-2.571428571428571,2.073260073260073,0.0
588740.27524614,912,0.08,0.0,0.8999999761581421,0.0,1.7599999904632568,0.0,0.0,0.0,0.0024795910582131597,0.8783474479285882,0.02651255054550994,1.7977035172045461,-0.006675822079804661,0.0001907377737087046,-0.005149919890135024,9.692307692307693,7.767032967032961,5.764102564102565,4.341880341880341,0.026862026862026767,-2.576312576312576,2.0488400488400487,0.0
588740.355244643,913,0.08,0.0,0.8999999761581421,0.0,1.7549999952316284,0.0,0.0,0.0,0.0024795910582131597,0.8783474479285882,0.02651255054550994,1.795796139467459,-0.006675822079804661,0.0001907377737087046,-0.004386968795300206,9.665934065934067,7.767032967032961,5.777777777777779,4.1641025641025635,0.04151404151404137,-2.576312576312576,2.0537240537240535,0.0
588740.435244424,914,0.08,0.0,0.8999999761581421,0.0,1.75,0.0,0.0,0.0,0.0024795910582131597,0.8783474479285882,0.02651255054550994,1.788166628519111,-0.006675822079804661,0.0001907377737087046,-0.003242542153047978,9.692307692307693,7.793406593406587,5.791452991452992,4.492307692307698,0.04151404151404137,-2.571428571428571,2.034188034188034,0.0
588740.515238088,915,0.08,0.0,0.8999999761581421,0.0,1.7450000047683716,0.0,0.0,0.0,0.0024795910582131597,0.8783474479285882,0.02651255054550994,1.7774853131914234,-0.006675822079804661,-0.0001907377737087046,-0.004386968795300206,9.692307692307693,7.872527472527466,5.805128205128206,4.91623931623932,0.0366300366300365,-2.5665445665445663,2.0537240537240535,0.0
588740.595246697,916,0.08,0.0,0.8999999761581421,0.0,1.7400000095367432,0.0,0.0,0.0,0.0024795910582131597,0.8783474479285882,0.02651255054550994,1.7652780956740663,-0.006675822079804661,-0.0001907377737087046,-0.005531395437552433,9.745054945054946,7.978021978021971,5.8188034188034194,5.135042735042738,0.0366300366300365,-2.571428571428571,2.078144078144078,0.0
588740.675209228,917,0.08,0.0,0.8999999761581421,0.0,1.7350000143051147,0.0,0.0,0.0,0.0024795910582131597,0.8783474479285882,0.02651255054550994,1.7626077668421445,-0.006675822079804661,-0.0001907377737087046,-0.010872053101396162,9.771428571428572,8.05714285714285,5.846153846153847,4.984615384615388,0.03174603174603163,-2.5665445665445663,2.1660561660561655,0.0
588740.755247174,918,0.08,0.0,0.8999999761581421,0.0,1.7300000190734863,0.0,0.0,0.0,0.0024795910582131597,0.8783474479285882,0.02651255054550994,1.762226291294727,-0.006675822079804661,-0.0001907377737087046,-0.008583199816891707,9.745054945054946,8.05714285714285,5.832478632478633,4.697435897435902,0.017094017094017033,-2.5616605616605614,2.078144078144078,0.0
588740.835250154,919,0.08,0.0,0.8999999761581421,0.0,1.725000023841858,0.0,0.0,0.0,0.0024795910582131597,0.8783474479285882,0.02651255054550994,1.762226291294727,-0.006675822079804661,-0.0001907377737087046,-0.004386968795300206,9.745054945054946,8.05714285714285,5.832478632478633,4.410256410256416,0.03174603174603163,-2.5665445665445663,2.068376068376068,0.0
588740.915305684,920,0.08,0.0,0.8999999761581421,0.0,1.7200000286102295,0.0,0.0,0.0,0.0024795910582131597,0.8783474479285882,0.02651255054550994,1.7591744869153878,-0.006675822079804661,-0.0001907377737087046,-0.004386968795300206,9.745054945054946,8.05714285714285,5.832478632478633,4.574358974358979,0.0366300366300365,-2.5616605616605614,2.068376068376068,0.0
588740.995239933,921,0.08,0.0,0.8999999761581421,0.0,1.715000033378601,0.0,0.0,0.0,0.0024795910582131597,0.8783474479285882,0.02651255054550994,1.7504005493247874,-0.006675822079804661,-0.0001907377737087046,-0.004768444342717615,9.771428571428572,8.109890109890102,5.832478632478633,4.574358974358979,0.0366300366300365,-2.5665445665445663,2.0927960927960925,0.0
588741.075237762,922,0.08,0.0,0.8999999761581421,0.0,1.7100000381469727,0.0,0.0,0.0,0.0024795910582131597,0.8783474479285882,0.02651255054550994,1.7431525139238566,-0.006675822079804661,-0.0001907377737087046,-0.007820248722056888,9.771428571428572,8.162637362637355,5.846153846153847,4.9025641025641065,0.026862026862026767,-2.5665445665445663,2.0927960927960925,0.0
588741.155240113,923,0.08,0.0,0.8999999761581421,0.0,1.7050000429153442,0.0,0.0,0.0,0.0024795910582131597,0.8783474479285882,0.02651255054550994,1.7389562829022651,-0.006675822079804661,-0.0001907377737087046,-0.007438773174639479,9.797802197802199,8.215384615384608,5.846153846153847,4.642735042735048,0.026862026862026767,-2.5616605616605614,2.107448107448107,0.0
588741.2352462,924,0.08,0.0,0.8999999761581421,0.0,1.7000000476837158,0.0,0.0,0.0,0.0024795910582131597,0.8783474479285882,0.02651255054550994,1.7339971007858388,-0.006675822079804661,-0.0001907377737087046,-0.006294346532387252,9.797802197802199,8.241758241758234,5.85982905982906,4.752136752136757,0.026862026862026767,-2.5665445665445663,2.073260073260073,0.0
588741.315249568,925,0.08,0.0,0.8999999761581421,0.0,1.6950000524520874,0.0,0.0,0.0,0.002861066605630569,0.8783474479285882,0.02651255054550994,1.7309452964064995,-0.006675822079804661,-0.0001907377737087046,-0.0040054932478827965,9.797802197802199,8.26813186813186,5.873504273504274,4.601709401709407,0.0366300366300365,-2.5665445665445663,2.078144078144078,0.0
588741.395247471,926,0.08,0.0,0.8999999761581421,0.0,1.690000057220459,0.0,0.0,0.0,0.002861066605630569,0.8783474479285882,0.02651255054550994,1.7263675898374906,-0.006675822079804661,-0.0001907377737087046,-0.004768444342717615,9.797802197802199,8.320879120879113,5.887179487179488,4.601709401709407,0.03174603174603163,-2.5616605616605614,2.078144078144078,0.0
588741.475291137,927,0.08,0.0,0.8999999761581421,0.0,1.684999942779541,0.0,0.0,0.0,0.002861066605630569,0.8783474479285882,0.02651255054550994,1.7191195544365598,-0.006675822079804661,-0.0001907377737087046,-0.0040054932478827965,9.824175824175825,8.347252747252739,5.900854700854701,4.588034188034193,0.0366300366300365,-2.5665445665445663,2.0879120879120876,0.0
588741.555239601,928,0.08,0.0,0.8999999761581421,0.0,1.6799999475479126,0.0,0.0,0.0,0.0024795910582131597,0.8783474479285882,0.02651255054550994,1.7160677500572206,-0.006675822079804661,-0.0001907377737087046,-0.005912870984969842,9.824175824175825,8.399999999999991,5.873504273504274,4.76581196581197,0.0366300366300365,-2.5665445665445663,2.112332112332112,0.0
588741.63524086,929,0.08,0.0,0.8999999761581421,0.0,1.6749999523162842,0.0,0.0,0.0,0.002861066605630569,0.8783474479285882,0.02651255054550994,1.708056763561455,-0.006675822079804661,-0.0005722133211261138,-0.0013351644159609322,9.824175824175825,8.452747252747258,5.900854700854701,4.61538461538462,0.03174603174603163,-2.5616605616605614,2.039072039072039,0.0
588741.715245677,930,0.08,0.0,0.8999999761581421,0.0,1.6699999570846558,0.0,0.0,0.0,0.002861066605630569,0.8783474479285882,0.02651255054550994,1.705386434729533,-0.006675822079804661,-0.0005722133211261138,-0.003242542153047978,9.824175824175825,8.479120879120885,5.900854700854701,4.697435897435902,0.04151404151404137,-2.5665445665445663,2.102564102564102,0.0
588741.795293183,931,0.08,0.0,0.8999999761581421,0.0,1.6649999618530273,0.0,0.0,0.0,0.002861066605630569,0.8783474479285882,0.02651255054550994,1.6973754482337675,-0.006675822079804661,-0.0005722133211261138,-0.003242542153047978,9.850549450549451,8.50549450549451,5.900854700854701,4.779487179487184,0.0366300366300365,-2.5665445665445663,2.073260073260073,0.0
588741.87525051,932,0.08,0.0,0.8999999761581421,0.0,1.659999966621399,0.0,0.0,0.0,0.002861066605630569,0.8783474479285882,0.02651255054550994,1.6927977416647586,-0.006675822079804661,-0.0005722133211261138,-0.004768444342717615,9.850549450549451,8.558241758241763,5.914529914529915,4.91623931623932,0.0366300366300365,-2.5616605616605614,2.102564102564102,0.0
588741.955248378,933,0.08,0.0,0.8999999761581421,0.0,1.6549999713897705,0.0,0.0,0.0,0.002861066605630569,0.8783474479285882,0.02651255054550994,1.6859311818112452,-0.006675822079804661,-0.0005722133211261138,-0.004386968795300206,9.850549450549451,8.637362637362642,5.914529914529915,4.820512820512825,0.03174603174603163,-2.5616605616605614,2.107448107448107,0.0
588742.035249339,934,0.08,0.0,0.8999999761581421,0.0,1.649999976158142,0.0,0.0,0.0,0.002861066605630569,0.8783474479285882,0.02651255054550994,1.6821164263370711,-0.006675822079804661,-0.0005722133211261138,-0.005531395437552433,9.876923076923077,8.637362637362642,5.914529914529915,4.943589743589747,0.03174603174603163,-2.5616605616605614,2.107448107448107,0.0
588742.115240983,935,0.08,0.0,0.8999999761581421,0.0,1.6449999809265137,0.0,0.0,0.0,0.002861066605630569,0.8783474479285882,0.02651255054550994,1.6779201953154796,-0.006675822079804661,-0.0005722133211261138,-0.0040054932478827965,9.876923076923077,8.690109890109895,5.914529914529915,4.738461538461543,0.0366300366300365,-2.5665445665445663,2.102564102564102,0.0
588742.195404788,936,0.08,0.0,0.8999999761581421,0.0,1.6399999856948853,0.0,0.0,0.0,0.002861066605630569,0.8783474479285882,0.02651255054550994,1.674486915388723,-0.006675822079804661,-0.0005722133211261138,-0.004386968795300206,9.876923076923077,8.716483516483521,5.9282051282051285,4.683760683760688,0.0366300366300365,-2.5616605616605614,2.0976800976800973,0.0
588742.275245583,937,0.08,0.0,0.8999999761581421,0.0,1.6349999904632568,0.0,0.0,0.0,0.002861066605630569,0.8783474479285882,0.02651255054550994,1.6710536354619663,-0.006675822079804661,-0.0005722133211261138,-0.004768444342717615,9.876923076923077,8.742857142857147,5.9282051282051285,4.588034188034193,0.03174603174603163,-2.5665445665445663,2.102564102564102,0.0
588742.355291131,938,0.08,0.0,0.8999999761581421,0.0,1.6299999952316284,0.0,0.0,0.0,0.002861066605630569,0.8783474479285882,0.02651255054550994,1.6672388799877922,-0.006675822079804661,-0.0005722133211261138,-0.0040054932478827965,9.876923076923077,8.769230769230774,5.914529914529915,4.61538461538462,0.03174603174603163,-2.5616605616605614,2.0830280830280827,0.0
588742.435239213,939,0.08,0.0,0.8999999761581421,0.0,1.625,0.0,0.0,0.0,0.002861066605630569,0.8783474479285882,0.02651255054550994,1.6626611734187833,-0.006675822079804661,-0.0005722133211261138,-0.0040054932478827965,9.876923076923077,8.7956043956044,5.9282051282051285,4.519658119658125,0.04151404151404137,-2.5616605616605614,2.0976800976800973,0.0
588742.515244735,940,0.08,0.0,0.8999999761581421,0.0,1.6200000047683716,0.0,0.0,0.0,0.002861066605630569,0.8783474479285882,0.02651255054550994,1.655031662470435,-0.006675822079804661,-0.0005722133211261138,-0.0040054932478827965,9.903296703296704,8.848351648351652,5.941880341880342,4.76581196581197,0.03174603174603163,-2.5616605616605614,2.0879120879120876,0.0
588742.595251626,941,0.08,0.0,0.8999999761581421,0.0,1.6150000095367432,0.0,0.0,0.0,0.002861066605630569,0.8783474479285882,0.02651255054550994,1.6500724803540088,-0.006675822079804661,-0.0005722133211261138,-0.005149919890135024,9.92967032967033,8.901098901098905,5.941880341880342,4.656410256410261,0.04151404151404137,-2.5518925518925517,2.117216117216117,0.0
588742.675242847,942,0.08,0.0,0.8999999761581421,0.0,1.6100000143051147,0.0,0.0,0.0,0.0024795910582131597,0.8783474479285882,0.02651255054550994,1.6439688715953302,-0.006675822079804661,-0.0005722133211261138,-0.0036240177004653873,9.903296703296704,8.953846153846158,5.941880341880342,4.820512820512825,0.0366300366300365,-2.5567765567765566,2.068376068376068,0.0
588742.755248372,943,0.08,0.0,0.8999999761581421,0.0,1.6050000190734863,0.0,0.0,0.0,0.002861066605630569,0.8783474479285882,0.02651255054550994,1.640917067215991,-0.006675822079804661,-0.0005722133211261138,-0.002861066605630569,9.903296703296704,8.980219780219784,5.941880341880342,4.601709401709407,0.0366300366300365,-2.5567765567765566,2.102564102564102,0.0
588742.835223891,944,0.08,0.0,0.8999999761581421,0.0,1.600000023841858,0.0,0.0,0.0,0.002861066605630569,0.8783474479285882,0.02651255054550994,1.6348134584573124,-0.006675822079804661,-0.0005722133211261138,-0.004386968795300206,9.903296703296704,9.00659340659341,5.955555555555556,4.834188034188038,0.0366300366300365,-2.5567765567765566,2.0976800976800973,0.0
588742.915228502,945,0.08,0.0,0.8999999761581421,0.0,1.5950000286102295,0.0,0.0,0.0,0.002861066605630569,0.8783474479285882,0.02651255054550994,1.6283283741512165,-0.006675822079804661,-0.0005722133211261138,-0.0040054932478827965,9.903296703296704,9.085714285714289,5.955555555555556,4.9025641025641065,0.0366300366300365,-2.5518925518925517,2.107448107448107,0.0
588742.995246998,946,0.08,0.0,0.8999999761581421,0.0,1.590000033378601,0.0,0.0,0.0,0.002861066605630569,0.8783474479285882,0.02651255054550994,1.6206988632028683,-0.006675822079804661,-0.0005722133211261138,-0.0040054932478827965,9.903296703296704,9.112087912087915,5.955555555555556,5.06666666666667,0.0366300366300365,-2.5567765567765566,2.0976800976800973,0.0
588743.075249298,947,0.08,0.0,0.8999999761581421,0.0,1.5850000381469727,0.0,0.0,0.0,0.002861066605630569,0.8783474479285882,0.02651255054550994,1.6187914854657812,-0.006675822079804661,-0.000953688868543523,-0.004768444342717615,9.903296703296704,9.164835164835168,5.969230769230769,4.76581196581197,0.0366300366300365,-2.5518925518925517,2.117216117216117,0.0
588743.155207724,948,0.08,0.0,0.8999999761581421,0.0,1.5800000429153442,0.0,0.0,0.0,0.002861066605630569,0.8783474479285882,0.02651255054550994,1.6168841077286942,-0.006675822079804661,-0.000953688868543523,-0.0040054932478827965,9.903296703296704,9.164835164835168,5.941880341880342,4.5333333333333385,0.0366300366300365,-2.5518925518925517,2.102564102564102,0.0
588743.235246138,949,0.08,0.0,0.8999999761581421,0.0,1.5750000476837158,0.0,0.0,0.0,0.002861066605630569,0.8783474479285882,0.02651255054550994,1.6168841077286942,-0.006675822079804661,-0.000953688868543523,-0.0036240177004653873,9.903296703296704,9.191208791208794,5.955555555555556,4.3008547008547,0.0366300366300365,-2.5518925518925517,2.112332112332112,0.0
588743.315241255,950,0.08,0.0,0.8999999761581421,0.0,1.5700000524520874,0.0,0.0,0.0,0.002861066605630569,0.8783474479285882,0.02651255054550994,1.6103990234225982,-0.006675822079804661,-0.000953688868543523,-0.0013351644159609322,9.903296703296704,9.191208791208794,5.9282051282051285,4.642735042735048,0.0366300366300365,-2.5567765567765566,2.043956043956044,0.0
588743.395244862,951,0.08,0.0,0.8999999761581421,0.0,1.565000057220459,0.0,0.0,0.0,0.002861066605630569,0.8783474479285882,0.02651255054550994,1.6031509880216674,-0.006675822079804661,-0.000953688868543523,0.000953688868543523,9.956043956043956,9.270329670329673,5.969230769230769,4.683760683760688,0.04639804639804623,-2.5567765567765566,2.068376068376068,0.0
588743.475241319,952,0.08,0.0,0.8999999761581421,0.0,1.559999942779541,0.0,0.0,0.0,0.002861066605630569,0.8779659723811708,0.02651255054550994,1.5928511482413974,-0.006675822079804661,-0.000953688868543523,-0.0017166399633783413,9.92967032967033,9.323076923076925,5.955555555555556,4.875213675213679,0.04639804639804623,-2.5567765567765566,2.0927960927960925,0.0
588743.555241359,953,0.08,0.0,0.8999999761581421,0.0,1.5549999475479126,0.0,0.0,0.0,0.002861066605630569,0.8779659723811708,0.02651255054550994,1.590562294956893,-0.006675822079804661,-0.000953688868543523,-0.004386968795300206,9.92967032967033,9.375824175824178,5.955555555555556,4.943589743589747,0.0366300366300365,-2.5518925518925517,2.117216117216117,0.0
588743.635245721,954,0.08,0.0,0.8999999761581421,0.0,1.5499999523162842,0.0,0.0,0.0,0.002861066605630569,0.8779659723811708,0.02651255054550994,1.5848401617456318,-0.006675822079804661,-0.000953688868543523,-0.0040054932478827965,9.92967032967033,9.42857142857143,5.955555555555556,4.683760683760688,0.0366300366300365,-2.5518925518925517,2.112332112332112,0.0
588743.715246132,955,0.08,0.0,0.8999999761581421,0.0,1.5449999570846558,0.0,0.0,0.0,0.002861066605630569,0.8779659723811708,0.02651255054550994,1.5829327840085448,-0.006675822079804661,-0.000953688868543523,-0.004386968795300206,9.92967032967033,9.454945054945057,5.941880341880342,4.601709401709407,0.0366300366300365,-2.5567765567765566,2.117216117216117,0.0
588743.795250504,956,0.08,0.0,0.8999999761581421,0.0,1.5399999618530273,0.0,0.0,0.0,0.002861066605630569,0.8779659723811708,0.02651255054550994,1.5810254062714577,-0.006675822079804661,-0.000953688868543523,-0.0040054932478827965,9.92967032967033,9.481318681318683,5.955555555555556,4.355555555555554,0.03174603174603163,-2.5567765567765566,2.112332112332112,0.0
588743.875265444,957,0.08,0.0,0.8999999761581421,0.0,1.534999966621399,0.0,0.0,0.0,0.002861066605630569,0.8779659723811708,0.02651255054550994,1.573777370870527,-0.006675822079804661,-0.000953688868543523,-0.0001907377737087046,9.92967032967033,9.481318681318683,5.955555555555556,4.642735042735048,0.0366300366300365,-2.5518925518925517,2.034188034188034,0.0
588743.955221202,958,0.08,0.0,0.8999999761581421,0.0,1.5299999713897705,0.0,0.0,0.0,0.002861066605630569,0.8779659723811708,0.02651255054550994,1.5699626153963528,-0.006675822079804661,-0.000953688868543523,-0.0017166399633783413,9.92967032967033,9.534065934065936,5.955555555555556,4.642735042735048,0.0512820512820511,-2.5518925518925517,2.0976800976800973,0.0
588744.035244442,959,0.08,0.0,0.8999999761581421,0.0,1.524999976158142,0.0,0.0,0.0,0.002861066605630569,0.8779659723811708,0.02651255054550994,1.558899824521248,-0.006675822079804661,-0.0017166399633783413,-0.0005722133211261138,9.92967032967033,9.586813186813188,5.941880341880342,4.834188034188038,0.04151404151404137,-2.542124542124542,2.0830280830280827,0.0
588744.115240916,960,0.08,0.0,0.8999999761581421,0.0,1.5199999809265137,0.0,0.0,0.0,0.002861066605630569,0.8779659723811708,0.02651255054550994,1.5527962157625694,-0.006675822079804661,-0.0017166399633783413,-0.0017166399633783413,9.92967032967033,9.63956043956044,5.955555555555556,4.984615384615388,0.04151404151404137,-2.542124542124542,2.0927960927960925,0.0
588744.195244583,961,0.08,0.0,0.8999999761581421,0.0,1.5149999856948853,0.0,0.0,0.0,0.002861066605630569,0.8779659723811708,0.02651255054550994,1.5470740825513083,-0.006675822079804661,-0.0017166399633783413,-0.0040054932478827965,9.92967032967033,9.71868131868132,5.955555555555556,4.9025641025641065,0.0366300366300365,-2.542124542124542,2.117216117216117,0.0
588744.275245781,962,0.08,0.0,0.8999999761581421,0.0,1.5099999904632568,0.0,0.0,0.0,0.002861066605630569,0.8779659723811708,0.02651255054550994,1.5398260471503775,-0.006675822079804661,-0.0017166399633783413,-0.0036240177004653873,9.92967032967033,9.771428571428572,5.941880341880342,4.888888888888893,0.03174603174603163,-2.542124542124542,2.117216117216117,0.0
588744.355565287,963,0.08,0.0,0.8999999761581421,0.0,1.5049999952316284,0.0,0.0,0.0,0.002861066605630569,0.8779659723811708,0.02651255054550994,1.5390630960555427,-0.006675822079804661,-0.0017166399633783413,-0.0040054932478827965,9.903296703296704,9.797802197802199,5.955555555555556,4.820512820512825,0.03174603174603163,-2.537240537240537,2.1221001221001217,0.0
588744.435290739,964,0.08,0.0,0.8999999761581421,0.0,1.5,0.0,0.0,0.0,0.002861066605630569,0.8779659723811708,0.02651255054550994,1.5363927672236208,-0.006675822079804661,-0.0017166399633783413,-0.0040054932478827965,9.903296703296704,9.824175824175825,5.955555555555556,4.61538461538462,0.03174603174603163,-2.542124542124542,2.112332112332112,0.0
588744.515968193,965,0.08,0.0,0.8999999761581421,0.0,1.4950000047683716,0.0,0.0,0.0,0.002861066605630569,0.8779659723811708,0.02651255054550994,1.533722438391699,-0.006675822079804661,-0.0017166399633783413,-0.002861066605630569,9.903296703296704,9.824175824175825,5.969230769230769,4.642735042735048,0.04151404151404137,-2.537240537240537,2.0879120879120876,0.0
588744.596022658,966,0.08,0.0,0.8999999761581421,0.0,1.4900000095367432,0.0,0.0,0.0,0.002861066605630569,0.8779659723811708,0.02651255054550994,1.527237354085603,-0.006675822079804661,-0.0017166399633783413,-0.0005722133211261138,9.903296703296704,9.876923076923077,5.941880341880342,4.505982905982911,0.04639804639804623,-2.537240537240537,2.0927960927960925,0.0
588744.676759822,967,0.08,0.0,0.8999999761581421,0.0,1.4850000143051147,0.0,0.0,0.0,0.002861066605630569,0.8779659723811708,0.02651255054550994,1.5230411230640115,-0.006675822079804661,-0.0017166399633783413,-0.004768444342717615,9.903296703296704,9.903296703296704,5.955555555555556,4.861538461538466,0.0366300366300365,-2.537240537240537,2.112332112332112,0.0
588744.756728217,968,0.08,0.0,0.8999999761581421,0.0,1.4800000190734863,0.0,0.0,0.0,0.002861066605630569,0.8779659723811708,0.02651255054550994,1.5177004654001678,-0.006675822079804661,-0.0020981155107957505,-0.0036240177004653873,9.903296703296704,9.956043956043956,5.941880341880342,4.492307692307698,0.0366300366300365,-2.542124542124542,2.102564102564102,0.0
588744.835263022,969,0.08,0.0,0.8999999761581421,0.0,1.475000023841858,0.0,0.0,0.0,0.002861066605630569,0.8779659723811708,0.02651255054550994,1.5138857099259937,-0.00705729762722207,-0.0020981155107957505,-0.004386968795300206,9.903296703296704,9.982417582417582,5.941880341880342,4.560683760683766,0.03174603174603163,-2.537240537240537,2.117216117216117,0.0
588744.915263644,970,0.08,0.0,0.8999999761581421,0.0,1.4700000286102295,0.0,0.0,0.0,0.002861066605630569,0.8779659723811708,0.02651255054550994,1.5070191500724803,-0.00705729762722207,-0.0024795910582131597,-0.0005722133211261138,9.903296703296704,10.035164835164835,5.955555555555556,4.61538461538462,0.0366300366300365,-2.5323565323565322,2.068376068376068,0.0
588744.995904728,971,0.08,0.0,0.8999999761581421,0.0,1.465000033378601,0.0,0.0,0.0,0.002861066605630569,0.8779659723811708,0.02651255054550994,1.5035858701457236,-0.00705729762722207,-0.0024795910582131597,-0.003242542153047978,9.903296703296704,10.061538461538461,5.941880341880342,4.5333333333333385,0.04639804639804623,-2.537240537240537,2.112332112332112,0.0
588745.0752461,972,0.08,0.0,0.8999999761581421,0.0,1.4600000381469727,0.0,0.0,0.0,0.002861066605630569,0.8779659723811708,0.02651255054550994,1.495574883649958,-0.00705729762722207,-0.0024795910582131597,-0.0005722133211261138,9.903296703296704,10.114285714285714,5.941880341880342,4.806837606837611,0.0366300366300365,-2.5274725274725274,2.0488400488400487,0.0
588745.155239719,973,0.08,0.0,0.8999999761581421,0.0,1.4550000429153442,0.0,0.0,0.0,0.002861066605630569,0.8779659723811708,0.02651255054550994,1.4925230792706188,-0.00705729762722207,-0.0024795910582131597,-0.0017166399633783413,9.876923076923077,10.14065934065934,5.9282051282051285,4.601709401709407,0.04639804639804623,-2.5274725274725274,2.0879120879120876,0.0
588745.235247346,974,0.08,0.0,0.8999999761581421,0.0,1.4500000476837158,0.0,0.0,0.0,0.002861066605630569,0.8779659723811708,0.02651255054550994,1.485275043869688,-0.00705729762722207,-0.0024795910582131597,-0.0013351644159609322,9.876923076923077,10.193406593406593,5.914529914529915,4.683760683760688,0.04151404151404137,-2.5323565323565322,2.068376068376068,0.0
588745.315244313,975,0.08,0.0,0.8999999761581421,0.0,1.4450000524520874,0.0,0.0,0.0,0.002861066605630569,0.8779659723811708,0.02651255054550994,1.4810788128480965,-0.00705729762722207,-0.002861066605630569,-0.0017166399633783413,9.876923076923077,10.246153846153845,5.9282051282051285,4.670085470085475,0.04151404151404137,-2.5323565323565322,2.0879120879120876,0.0
588745.395262651,976,0.08,0.0,0.8999999761581421,0.0,1.440000057220459,0.0,0.0,0.0,0.002861066605630569,0.8779659723811708,0.02651255054550994,1.473067826352331,-0.00705729762722207,-0.002861066605630569,-0.000953688868543523,9.876923076923077,10.272527472527472,5.900854700854701,4.861538461538466,0.04151404151404137,-2.5323565323565322,2.073260073260073,0.0
588745.475247261,977,0.08,0.0,0.8999999761581421,0.0,1.434999942779541,0.0,0.0,0.0,0.002861066605630569,0.8779659723811708,0.02651255054550994,1.4700160219729916,-0.00705729762722207,-0.002861066605630569,-0.0040054932478827965,9.876923076923077,10.325274725274724,5.914529914529915,4.76581196581197,0.0366300366300365,-2.5274725274725274,2.1269841269841265,0.0
588745.555247827,978,0.08,0.0,0.8999999761581421,0.0,1.4299999475479126,0.0,0.0,0.0,0.002861066605630569,0.8779659723811708,0.02651255054550994,1.4631494621194783,-0.00705729762722207,-0.002861066605630569,-0.0017166399633783413,9.850549450549451,10.378021978021977,5.900854700854701,4.847863247863252,0.03174603174603163,-2.5274725274725274,2.0537240537240535,0.0
588745.635207359,979,0.08,0.0,0.8999999761581421,0.0,1.4249999523162842,0.0,0.0,0.0,0.002861066605630569,0.8779659723811708,0.02651255054550994,1.4597161821927216,-0.00705729762722207,-0.002861066605630569,-0.0024795910582131597,9.850549450549451,10.43076923076923,5.900854700854701,4.806837606837611,0.04151404151404137,-2.5323565323565322,2.0976800976800973,0.0
588745.71527476,980,0.08,0.0,0.8999999761581421,0.0,1.4199999570846558,0.0,0.0,0.0,0.002861066605630569,0.8779659723811708,0.02651255054550994,1.45551995117113,-0.00705729762722207,-0.002861066605630569,-0.003242542153047978,9.850549450549451,10.457142857142856,5.900854700854701,4.683760683760688,0.04151404151404137,-2.5274725274725274,2.078144078144078,0.0
588745.795247499,981,0.08,0.0,0.8999999761581421,0.0,1.4149999618530273,0.0,0.0,0.0,0.002861066605630569,0.8779659723811708,0.02651255054550994,1.4520866712443734,-0.00705729762722207,-0.002861066605630569,-0.003242542153047978,9.850549450549451,10.483516483516482,5.873504273504274,4.629059829059834,0.0366300366300365,-2.5323565323565322,2.0976800976800973,0.0
588745.875241564,982,0.08,0.0,0.8999999761581421,0.0,1.409999966621399,0.0,0.0,0.0,0.002861066605630569,0.8779659723811708,0.02651255054550994,1.4486533913176167,-0.00705729762722207,-0.002861066605630569,-0.0040054932478827965,9.850549450549451,10.509890109890108,5.900854700854701,4.437606837606843,0.0366300366300365,-2.5274725274725274,2.1221001221001217,0.0
588745.955285472,983,0.08,0.0,0.8999999761581421,0.0,1.4049999713897705,0.0,0.0,0.0,0.002861066605630569,0.8779659723811708,0.02651255054550994,1.4463645380331123,-0.00705729762722207,-0.002861066605630569,-0.0040054932478827965,9.850549450549451,10.509890109890108,5.887179487179488,4.369230769230768,0.03174603174603163,-2.5225885225885225,2.0976800976800973,0.0
588746.035827809,984,0.08,0.0,0.8999999761581421,0.0,1.399999976158142,0.0,0.0,0.0,0.002861066605630569,0.8779659723811708,0.02651255054550994,1.4406424048218511,-0.00705729762722207,-0.003242542153047978,0.002861066605630569,9.824175824175825,10.56263736263736,5.900854700854701,4.382905982905989,0.0366300366300365,-2.5274725274725274,1.9902319902319903,0.0
588746.115249674,985,0.08,0.0,0.8999999761581421,0.0,1.3949999809265137,0.0,0.0,0.0,0.002861066605630569,0.8779659723811708,0.02651255054550994,1.4356832227054248,-0.00705729762722207,-0.003242542153047978,0.002861066605630569,9.824175824175825,10.589010989010987,5.900854700854701,4.505982905982911,0.0512820512820511,-2.5274725274725274,2.039072039072039,0.0
588746.195254363,986,0.08,0.0,0.8999999761581421,0.0,1.3899999856948853,0.0,0.0,0.0,0.002861066605630569,0.8779659723811708,0.02651255054550994,1.4272907606622418,-0.00705729762722207,-0.003242542153047978,0.0036240177004653873,9.824175824175825,10.64175824175824,5.873504273504274,4.492307692307698,0.0512820512820511,-2.5225885225885225,2.039072039072039,0.0
588746.275248386,987,0.08,0.0,0.8999999761581421,0.0,1.3849999904632568,0.0,0.0,0.0,0.002861066605630569,0.8779659723811708,0.02651255054550994,1.4234760051880677,-0.00705729762722207,-0.003242542153047978,0.0024795910582131597,9.797802197802199,10.694505494505492,5.85982905982906,4.656410256410261,0.056166056166055967,-2.5274725274725274,2.039072039072039,0.0
588746.355245805,988,0.08,0.0,0.8999999761581421,0.0,1.3799999952316284,0.0,0.0,0.0,0.002861066605630569,0.8779659723811708,0.02651255054550994,1.4154650186923021,-0.00705729762722207,-0.003242542153047978,0.0040054932478827965,9.797802197802199,10.747252747252745,5.85982905982906,4.601709401709407,0.0512820512820511,-2.5225885225885225,2.0097680097680097,0.0
588746.435237466,989,0.08,0.0,0.8999999761581421,0.0,1.375,0.0,0.0,0.0,0.002861066605630569,0.8779659723811708,0.02651255054550994,1.4127946898603803,-0.00705729762722207,-0.003242542153047978,0.0024795910582131597,9.797802197802199,10.77362637362637,5.873504273504274,4.779487179487184,0.0512820512820511,-2.5274725274725274,2.034188034188034,0.0
588746.51524131,990,0.08,0.0,0.8999999761581421,0.0,1.3700000047683716,0.0,0.0,0.0,0.002861066605630569,0.8779659723811708,0.02651255054550994,1.4055466544594495,-0.00705729762722207,-0.003242542153047978,0.0036240177004653873,9.771428571428572,10.826373626373623,5.8188034188034194,4.519658119658125,0.0512820512820511,-2.5225885225885225,2.0244200244200243,0.0
588746.595244356,991,0.08,0.0,0.8999999761581421,0.0,1.3650000095367432,0.0,0.0,0.0,0.002861066605630569,0.8779659723811708,0.02651255054550994,1.4017318989852754,-0.00705729762722207,-0.003242542153047978,0.002861066605630569,9.771428571428572,10.85274725274725,5.846153846153847,4.7931623931623974,0.0512820512820511,-2.5177045177045176,2.0244200244200243,0.0
588746.675252724,992,0.08,0.0,0.8999999761581421,0.0,1.3600000143051147,0.0,0.0,0.0,0.002861066605630569,0.8779659723811708,0.02651255054550994,1.3944838635843446,-0.00705729762722207,-0.003242542153047978,0.005912870984969842,9.771428571428572,10.905494505494502,5.846153846153847,4.61538461538462,0.0512820512820511,-2.5274725274725274,1.965811965811966,0.0
588746.755247062,993,0.08,0.0,0.8999999761581421,0.0,1.3550000190734863,0.0,0.0,0.0,0.002861066605630569,0.8779659723811708,0.02651255054550994,1.3902876325627531,-0.00705729762722207,-0.003242542153047978,0.005912870984969842,9.745054945054946,10.931868131868129,5.832478632478633,4.752136752136757,0.056166056166055967,-2.5225885225885225,1.9902319902319903,0.0
588746.835249222,994,0.08,0.0,0.8999999761581421,0.0,1.350000023841858,0.0,0.0,0.0,0.002861066605630569,0.8779659723811708,0.02651255054550994,1.3849469748989094,-0.00705729762722207,-0.003242542153047978,0.010490577553978753,9.745054945054946,10.958241758241755,5.8188034188034194,4.779487179487184,0.06105006105006083,-2.5225885225885225,1.887667887667888,0.0
588746.915241895,995,0.08,0.0,0.8999999761581421,0.0,1.3450000286102295,0.0,0.0,0.0,0.002861066605630569,0.8779659723811708,0.02651255054550994,1.3807507438773179,-0.00705729762722207,-0.003242542153047978,0.011253528648813571,9.71868131868132,10.984615384615381,5.8188034188034194,4.601709401709407,0.07570207570207543,-2.5225885225885225,1.9413919413919416,0.0
588746.995245227,996,0.08,0.0,0.8999999761581421,0.0,1.340000033378601,0.0,0.0,0.0,0.002861066605630569,0.8779659723811708,0.02651255054550994,1.376173037308309,-0.00705729762722207,-0.003242542153047978,0.011253528648813571,9.745054945054946,11.037362637362634,5.805128205128206,4.629059829059834,0.07081807081807057,-2.5225885225885225,1.9365079365079367,0.0
588747.075248505,997,0.08,0.0,0.8999999761581421,0.0,1.3350000381469727,0.0,0.0,0.0,0.002861066605630569,0.8779659723811708,0.02651255054550994,1.3735027084763871,-0.00705729762722207,-0.003242542153047978,0.011253528648813571,9.71868131868132,11.037362637362634,5.8188034188034194,4.437606837606843,0.07570207570207543,-2.5177045177045176,1.9365079365079367,0.0
588747.15525404,998,0.08,0.0,0.8999999761581421,0.0,1.3300000429153442,0.0,0.0,0.0,0.002861066605630569,0.8779659723811708,0.02651255054550994,1.3700694285496304,-0.00705729762722207,-0.003242542153047978,0.011253528648813571,9.71868131868132,11.090109890109886,5.791452991452992,4.3008547008547,0.07570207570207543,-2.5274725274725274,1.9316239316239319,0.0
588747.235245574,999,0.08,0.0,0.8999999761581421,0.0,1.3250000476837158,0.0,0.0,0.0,0.002861066605630569,0.8779659723811708,0.02651255054550994,1.3673990997177086,-0.00705729762722207,-0.003242542153047978,0.01163500419623098,9.71868131868132,11.090109890109886,5.777777777777779,4.287179487179486,0.07081807081807057,-2.5225885225885225,1.926739926739927,0.0
588747.315244597,1000,0.08,0.0,0.8999999761581421,0.0,1.3200000524520874,0.0,0.0,0.0,0.002861066605630569,0.8779659723811708,0.02651255054550994,1.359388113221943,-0.00705729762722207,-0.003242542153047978,0.018883039597161755,9.692307692307693,11.142857142857139,5.777777777777779,4.328205128205127,0.07570207570207543,-2.5225885225885225,1.7997557997558005,0.0
588747.395248412,1001,0.08,0.0,0.8999999761581421,0.0,1.315000057220459,0.0,0.0,0.0,0.002861066605630569,0.8779659723811708,0.02651255054550994,1.3540474555580992,-0.00705729762722207,-0.003242542153047978,0.018501564049744346,9.665934065934067,11.169230769230765,5.777777777777779,4.629059829059834,0.09035409035409003,-2.5177045177045176,1.8583638583638589,0.0
588747.475243826,1002,0.08,0.0,0.8999999761581421,0.0,1.309999942779541,0.0,0.0,0.0,0.002861066605630569,0.8779659723811708,0.02651255054550994,1.3467994201571685,-0.00705729762722207,-0.0036240177004653873,0.018883039597161755,9.665934065934067,11.248351648351644,5.764102564102565,4.519658119658125,0.09035409035409003,-2.5177045177045176,1.8485958485958491,0.0
588747.555247736,1003,0.08,0.0,0.8999999761581421,0.0,1.3049999475479126,0.0,0.0,0.0,0.002861066605630569,0.8779659723811708,0.02651255054550994,1.34069581139849,-0.00705729762722207,-0.0036240177004653873,0.018883039597161755,9.63956043956044,11.248351648351644,5.764102564102565,4.697435897435902,0.08547008547008517,-2.5177045177045176,1.8485958485958491,0.0
588747.635245045,1004,0.08,0.0,0.8999999761581421,0.0,1.2999999523162842,0.0,0.0,0.0,0.002861066605630569,0.8779659723811708,0.02651255054550994,1.3372625314717332,-0.00705729762722207,-0.0036240177004653873,0.018883039597161755,9.63956043956044,11.327472527472523,5.764102564102565,4.437606837606843,0.09035409035409003,-2.5177045177045176,1.853479853479854,0.0
588747.715251859,1005,0.08,0.0,0.8999999761581421,0.0,1.2949999570846558,0.0,0.0,0.0,0.002861066605630569,0.8779659723811708,0.02651255054550994,1.331540398260472,-0.00705729762722207,-0.0036240177004653873,0.018883039597161755,9.613186813186815,11.327472527472523,5.750427350427351,4.683760683760688,0.09035409035409003,-2.5177045177045176,1.8339438339438345,0.0
588747.795211389,1006,0.08,0.0,0.8999999761581421,0.0,1.2899999618530273,0.0,0.0,0.0,0.002861066605630569,0.8779659723811708,0.02651255054550994,1.3254367895017936,-0.00705729762722207,-0.0036240177004653873,0.024605172808422893,9.63956043956044,11.380219780219775,5.750427350427351,4.574358974358979,0.09035409035409003,-2.5177045177045176,1.7753357753357761,0.0
588747.87587753,1007,0.08,0.0,0.8999999761581421,0.0,1.284999966621399,0.0,0.0,0.0,0.002861066605630569,0.8779659723811708,0.02651255054550994,1.3208590829327846,-0.00705729762722207,-0.0036240177004653873,0.024605172808422893,9.613186813186815,11.432967032967028,5.695726495726497,4.806837606837611,0.10500610500610463,-2.5177045177045176,1.7851037851037859,0.0
588747.955255399,1008,0.08,0.0,0.8999999761581421,0.0,1.2799999713897705,0.0,0.0,0.0,0.002861066605630569,0.8779659723811708,0.02651255054550994,1.314755474174106,-0.00705729762722207,-0.0036240177004653873,0.02574959945067512,9.586813186813188,11.459340659340654,5.723076923076924,4.519658119658125,0.10500610500610463,-2.5177045177045176,1.780219780219781,0.0
588748.035249336,1009,0.08,0.0,0.8999999761581421,0.0,1.274999976158142,0.0,0.0,0.0,0.002861066605630569,0.8779659723811708,0.02651255054550994,1.3105592431525146,-0.00705729762722207,-0.0036240177004653873,0.02536812390325771,9.560439560439562,11.48571428571428,5.723076923076924,4.697435897435902,0.1098901098901095,-2.5177045177045176,1.7753357753357761,0.0
588748.115248646,1010,0.08,0.0,0.8999999761581421,0.0,1.2699999809265137,0.0,0.0,0.0,0.002861066605630569,0.8779659723811708,0.02651255054550994,1.3048371099412535,-0.00705729762722207,-0.0036240177004653873,0.02536812390325771,9.586813186813188,11.538461538461533,5.695726495726497,4.574358974358979,0.11477411477411437,-2.5177045177045176,1.780219780219781,0.0
588748.195232061,1011,0.08,0.0,0.8999999761581421,0.0,1.2649999856948853,0.0,0.0,0.0,0.002861066605630569,0.8779659723811708,0.02651255054550994,1.302548256656749,-0.00705729762722207,-0.0036240177004653873,0.02536812390325771,9.560439560439562,11.56483516483516,5.682051282051283,4.328205128205127,0.10012210012209977,-2.5177045177045176,1.7753357753357761,0.0
588748.275247202,1012,0.08,0.0,0.8999999761581421,0.0,1.2599999904632568,0.0,0.0,0.0,0.002861066605630569,0.8779659723811708,0.02651255054550994,1.302548256656749,-0.00705729762722207,-0.0036240177004653873,0.02536812390325771,9.534065934065936,11.56483516483516,5.682051282051283,4.095726495726495,0.1098901098901095,-2.5128205128205128,1.7704517704517713,0.0
588748.355242039,1013,0.08,0.0,0.8999999761581421,0.0,1.2549999952316284,0.0,0.0,0.0,0.002861066605630569,0.8779659723811708,0.02651255054550994,1.3010223544670794,-0.00705729762722207,-0.0036240177004653873,0.02613107499809253,9.534065934065936,11.591208791208786,5.682051282051283,3.958974358974359,0.10500610500610463,-2.5177045177045176,1.7606837606837615,0.0
588748.435237974,1014,0.08,0.0,0.8999999761581421,0.0,1.25,0.0,0.0,0.0,0.002861066605630569,0.8779659723811708,0.02651255054550994,1.294155794613566,-0.00705729762722207,-0.0036240177004653873,0.027275501640344757,9.560439560439562,11.617582417582412,5.682051282051283,4.136752136752136,0.1098901098901095,-2.5177045177045176,1.7313797313797323,0.0
588748.515248643,1015,0.08,0.0,0.8999999761581421,0.0,1.2450000047683716,0.0,0.0,0.0,0.002861066605630569,0.8779659723811708,0.02651255054550994,1.2880521858548875,-0.00705729762722207,-0.0036240177004653873,0.02651255054550994,9.50769230769231,11.670329670329664,5.654700854700856,4.369230769230768,0.11477411477411437,-2.5177045177045176,1.7606837606837615,0.0
588748.595242495,1016,0.08,0.0,0.8999999761581421,0.0,1.2400000095367432,0.0,0.0,0.0,0.002861066605630569,0.8779659723811708,0.02651255054550994,1.2758449683375304,-0.00705729762722207,-0.0036240177004653873,0.02651255054550994,9.50769230769231,11.723076923076917,5.641025641025642,4.547008547008552,0.10500610500610463,-2.5177045177045176,1.7557997557997567,0.0
588748.675253184,1017,0.08,0.0,0.8999999761581421,0.0,1.2350000143051147,0.0,0.0,0.0,0.002861066605630569,0.8779659723811708,0.02651255054550994,1.2685969329365996,-0.00705729762722207,-0.0036240177004653873,0.02613107499809253,9.481318681318683,11.77582417582417,5.613675213675215,4.711111111111116,0.10500610500610463,-2.5128205128205128,1.7606837606837615,0.0
588748.755245873,1018,0.08,0.0,0.8999999761581421,0.0,1.2300000190734863,0.0,0.0,0.0,0.002861066605630569,0.8779659723811708,0.02651255054550994,1.2628747997253384,-0.00705729762722207,-0.0036240177004653873,0.02613107499809253,9.454945054945057,11.881318681318689,5.600000000000001,4.629059829059834,0.1098901098901095,-2.5177045177045176,1.7557997557997567,0.0
588748.835255556,1019,0.08,0.0,0.8999999761581421,0.0,1.225000023841858,0.0,0.0,0.0,0.002861066605630569,0.8779659723811708,0.02651255054550994,1.2590600442511644,-0.00705729762722207,-0.0036240177004653873,0.02613107499809253,9.454945054945057,11.881318681318689,5.586324786324788,4.478632478632484,0.1098901098901095,-2.5177045177045176,1.746031746031747,0.0
588748.915260336,1020,0.08,0.0,0.8999999761581421,0.0,1.2200000286102295,0.0,0.0,0.0,0.002861066605630569,0.8779659723811708,0.02651255054550994,1.2579156176089121,-0.00705729762722207,-0.0036240177004653873,0.02574959945067512,9.42857142857143,11.907692307692315,5.586324786324788,4.3008547008547,0.10500610500610463,-2.5177045177045176,1.746031746031747,0.0
588748.995245852,1021,0.08,0.0,0.8999999761581421,0.0,1.215000033378601,0.0,0.0,0.0,0.002861066605630569,0.8779659723811708,0.02651255054550994,1.2571526665140773,-0.00705729762722207,-0.0036240177004653873,0.02613107499809253,9.42857142857143,11.934065934065941,5.586324786324788,4.0547008547008545,0.10500610500610463,-2.5128205128205128,1.7362637362637372,0.0
588749.075245817,1022,0.08,0.0,0.8999999761581421,0.0,1.2100000381469727,0.0,0.0,0.0,0.002861066605630569,0.8779659723811708,0.02651255054550994,1.2510490577553988,-0.00705729762722207,-0.0036240177004653873,0.028801403830014394,9.42857142857143,11.907692307692315,5.572649572649574,4.246153846153845,0.1098901098901095,-2.5177045177045176,1.6776556776556788,0.0
588749.155249146,1023,0.08,0.0,0.8999999761581421,0.0,1.2050000429153442,0.0,0.0,0.0,0.002861066605630569,0.8779659723811708,0.02651255054550994,1.2422751201647984,-0.00705729762722207,-0.0036240177004653873,0.03147173266193626,9.375824175824178,11.960439560439568,5.572649572649574,4.505982905982911,0.11965811965811923,-2.5177045177045176,1.6874236874236885,0.0
588749.235248029,1024,0.08,0.0,0.8999999761581421,0.0,1.2000000476837158,0.0,0.0,0.0,0.002861066605630569,0.8779659723811708,0.02651255054550994,1.230830853742276,-0.00705729762722207,-0.0036240177004653873,0.03147173266193626,9.375824175824178,12.039560439560447,5.51794871794872,4.76581196581197,0.12942612942612897,-2.5128205128205128,1.6825396825396837,0.0
588749.315241509,1025,0.08,0.0,0.8999999761581421,0.0,1.1950000524520874,0.0,0.0,0.0,0.002861066605630569,0.8779659723811708,0.02651255054550994,1.2262531471732672,-0.00705729762722207,-0.0036240177004653873,0.029564354924849212,9.349450549450552,12.118681318681325,5.531623931623933,4.697435897435902,0.11965811965811923,-2.507936507936508,1.706959706959708,0.0
588749.395247046,1026,0.08,0.0,0.8999999761581421,0.0,1.190000057220459,0.0,0.0,0.0,0.002861066605630569,0.8779659723811708,0.02651255054550994,1.2262531471732672,-0.00705729762722207,-0.0036240177004653873,0.028038452735179575,9.323076923076925,12.118681318681325,5.490598290598292,4.341880341880341,0.1098901098901095,-2.5128205128205128,1.706959706959708,0.0
588749.475341377,1027,0.08,0.0,0.8999999761581421,0.0,1.184999942779541,0.0,0.0,0.0,0.002861066605630569,0.8779659723811708,0.02651255054550994,1.2262531471732672,-0.00705729762722207,-0.0036240177004653873,0.029564354924849212,9.2967032967033,12.118681318681325,5.504273504273506,4.027350427350427,0.11477411477411437,-2.5128205128205128,1.6825396825396837,0.0
588749.555250786,1028,0.08,0.0,0.8999999761581421,0.0,1.1799999475479126,0.0,0.0,0.0,0.002861066605630569,0.8779659723811708,0.02651255054550994,1.225108720531015,-0.00705729762722207,-0.0036240177004653873,0.02994583047226662,9.2967032967033,12.118681318681325,5.51794871794872,3.8769230769230774,0.11477411477411437,-2.507936507936508,1.6923076923076934,0.0
588749.635285857,1029,0.08,0.0,0.8999999761581421,0.0,1.1749999523162842,0.0,0.0,0.0,0.002861066605630569,0.8779659723811708,0.02651255054550994,1.2193865873197538,-0.00705729762722207,-0.0036240177004653873,0.03032730601968403,9.2967032967033,12.171428571428578,5.504273504273506,4.041025641025641,0.11477411477411437,-2.507936507936508,1.6776556776556788,0.0
588749.715244698,1030,0.08,0.0,0.8999999761581421,0.0,1.1699999570846558,0.0,0.0,0.0,0.002861066605630569,0.8779659723811708,0.02651255054550994,1.2113756008239882,-0.00705729762722207,-0.0036240177004653873,0.032616159304188486,9.2967032967033,12.22417582417583,5.463247863247865,4.1641025641025635,0.11965811965811923,-2.5128205128205128,1.6581196581196593,0.0
588749.795263392,1031,0.08,0.0,0.8999999761581421,0.0,1.1649999618530273,0.0,0.0,0.0,0.002861066605630569,0.8779659723811708,0.02651255054550994,1.2003128099488833,-0.00705729762722207,-0.0036240177004653873,0.032616159304188486,9.270329670329673,12.276923076923083,5.4495726495726515,4.396581196581202,0.1245421245421241,-2.5128205128205128,1.6630036630036642,0.0
588749.87524143,1032,0.08,0.0,0.8999999761581421,0.0,1.159999966621399,0.0,0.0,0.0,0.002861066605630569,0.8779659723811708,0.02651255054550994,1.1942092011902048,-0.00705729762722207,-0.0036240177004653873,0.032234683756771076,9.243956043956047,12.356043956043962,5.422222222222224,4.574358974358979,0.1245421245421241,-2.5128205128205128,1.6483516483516496,0.0
588749.955250312,1033,0.08,0.0,0.8999999761581421,0.0,1.1549999713897705,0.0,0.0,0.0,0.002861066605630569,0.8779659723811708,0.02651255054550994,1.1903944457160307,-0.00705729762722207,-0.0036240177004653873,0.03109025711451885,9.191208791208794,12.382417582417588,5.408547008547011,4.259829059829059,0.1245421245421241,-2.507936507936508,1.6581196581196593,0.0
588750.035392616,1034,0.08,0.0,0.8999999761581421,0.0,1.149999976158142,0.0,0.0,0.0,0.002861066605630569,0.8779659723811708,0.02651255054550994,1.1896314946211959,-0.00705729762722207,-0.0036240177004653873,0.03070878156710144,9.21758241758242,12.408791208791214,5.394871794871797,4.0547008547008545,0.11965811965811923,-2.5177045177045176,1.6630036630036642,0.0
588750.115248322,1035,0.08,0.0,0.8999999761581421,0.0,1.1449999809265137,0.0,0.0,0.0,0.002861066605630569,0.8779659723811708,0.02651255054550994,1.1892500190737785,-0.00705729762722207,-0.0036240177004653873,0.03070878156710144,9.191208791208794,12.408791208791214,5.408547008547011,3.822222222222223,0.11965811965811923,-2.5128205128205128,1.6581196581196593,0.0
588750.195249363,1036,0.08,0.0,0.8999999761581421,0.0,1.1399999856948853,0.0,0.0,0.0,0.002861066605630569,0.8779659723811708,0.02651255054550994,1.1816205081254303,-0.00705729762722207,-0.0036240177004653873,0.03376058594644071,9.164835164835168,12.43516483516484,5.394871794871797,4.095726495726495,0.11965811965811923,-2.5128205128205128,1.6043956043956058,0.0
588750.275246084,1037,0.08,0.0,0.8999999761581421,0.0,1.1349999904632568,0.0,0.0,0.0,0.003242542153047978,0.8779659723811708,0.02651255054550994,1.174753948271917,-0.00705729762722207,-0.0036240177004653873,0.033379110399023304,9.138461538461542,12.487912087912093,5.36752136752137,4.341880341880341,0.1245421245421241,-2.5128205128205128,1.6288156288156301,0.0
588750.355248372,1038,0.08,0.0,0.8999999761581421,0.0,1.1299999952316284,0.0,0.0,0.0,0.003242542153047978,0.8779659723811708,0.02651255054550994,1.1621652552071406,-0.00705729762722207,-0.0036240177004653873,0.033379110399023304,9.112087912087915,12.540659340659346,5.3401709401709425,4.629059829059834,0.12942612942612897,-2.5128205128205128,1.6239316239316253,0.0
588750.435245906,1039,0.08,0.0,0.8999999761581421,0.0,1.125,0.0,0.0,0.0,0.002861066605630569,0.8779659723811708,0.02651255054550994,1.156061646448462,-0.00705729762722207,-0.0036240177004653873,0.032234683756771076,9.085714285714289,12.619780219780225,5.299145299145302,4.519658119658125,0.12942612942612897,-2.507936507936508,1.6288156288156301,0.0
588750.51525069,1040,0.08,0.0,0.8999999761581421,0.0,1.1200000047683716,0.0,0.0,0.0,0.002861066605630569,0.8779659723811708,0.02651255054550994,1.1549172198062099,-0.00705729762722207,-0.0036240177004653873,0.032234683756771076,9.032967032967036,12.672527472527477,5.285470085470088,4.2735042735042725,0.1245421245421241,-2.507936507936508,1.6239316239316253,0.0
588750.595241136,1041,0.08,0.0,0.8999999761581421,0.0,1.1150000095367432,0.0,0.0,0.0,0.002861066605630569,0.8779659723811708,0.02651255054550994,1.1549172198062099,-0.00705729762722207,-0.0036240177004653873,0.032997634851605895,9.032967032967036,12.672527472527477,5.299145299145302,3.9726495726495727,0.1245421245421241,-2.5128205128205128,1.6043956043956058,0.0
588750.6752415,1042,0.08,0.0,0.8999999761581421,0.0,1.1100000143051147,0.0,0.0,0.0,0.002861066605630569,0.8779659723811708,0.02651255054550994,1.154154268711375,-0.00705729762722207,-0.0036240177004653873,0.033379110399023304,9.032967032967036,12.672527472527477,5.299145299145302,3.822222222222223,0.12942612942612897,-2.507936507936508,1.6141636141636155,0.0
588750.7552535,1043,0.08,0.0,0.8999999761581421,0.0,1.1050000190734863,0.0,0.0,0.0,0.003242542153047978,0.8779659723811708,0.02651255054550994,1.1461432822156095,-0.00705729762722207,-0.0036240177004653873,0.033379110399023304,9.032967032967036,12.672527472527477,5.299145299145302,3.8769230769230774,0.12942612942612897,-2.507936507936508,1.6092796092796107,0.0
588750.835247308,1044,0.08,0.0,0.8999999761581421,0.0,1.100000023841858,0.0,0.0,0.0,0.002861066605630569,0.8779659723811708,0.02651255054550994,1.1415655756466005,-0.00705729762722207,-0.0036240177004653873,0.032997634851605895,9.032967032967036,12.698901098901104,5.271794871794874,4.246153846153845,0.1245421245421241,-2.507936507936508,1.6092796092796107,0.0
588750.916069269,1045,0.08,0.0,0.8999999761581421,0.0,1.0950000286102295,0.0,0.0,0.0,0.003242542153047978,0.8779659723811708,0.02651255054550994,1.133554589150835,-0.00705729762722207,-0.0036240177004653873,0.032997634851605895,8.980219780219784,12.778021978021982,5.244444444444447,3.958974358974359,0.11965811965811923,-2.5128205128205128,1.6043956043956058,0.0
588750.9952464,1046,0.08,0.0,0.8999999761581421,0.0,1.090000033378601,0.0,0.0,0.0,0.002861066605630569,0.8779659723811708,0.02651255054550994,1.1285954070344086,-0.00705729762722207,-0.0036240177004653873,0.032997634851605895,8.953846153846158,12.804395604395609,5.244444444444447,4.287179487179486,0.11965811965811923,-2.5128205128205128,1.599511599511601,0.0
588751.075249947,1047,0.08,0.0,0.8999999761581421,0.0,1.0850000381469727,0.0,0.0,0.0,0.003242542153047978,0.8779659723811708,0.02651255054550994,1.1243991760128171,-0.00705729762722207,-0.0040054932478827965,0.032997634851605895,8.927472527472531,12.857142857142861,5.21709401709402,3.9452991452991455,0.1245421245421241,-2.507936507936508,1.594627594627596,0.0
588751.155211472,1048,0.08,0.0,0.8999999761581421,0.0,1.0800000429153442,0.0,0.0,0.0,0.003242542153047978,0.8779659723811708,0.02651255054550994,1.1198214694438082,-0.00705729762722207,-0.0040054932478827965,0.032997634851605895,8.927472527472531,12.883516483516487,5.21709401709402,4.0547008547008545,0.11477411477411437,-2.507936507936508,1.5897435897435912,0.0
588751.235244221,1049,0.08,0.0,0.8999999761581421,0.0,1.0750000476837158,0.0,0.0,0.0,0.003242542153047978,0.8779659723811708,0.02651255054550994,1.1137178606851297,-0.00705729762722207,-0.0040054932478827965,0.032997634851605895,8.874725274725279,12.93626373626374,5.162393162393165,3.8769230769230774,0.11965811965811923,-2.507936507936508,1.5848595848595863,0.0
588751.315250616,1050,0.08,0.0,0.8999999761581421,0.0,1.0700000524520874,0.0,0.0,0.0,0.003242542153047978,0.8779659723811708,0.02651255054550994,1.1076142519264511,-0.00705729762722207,-0.0040054932478827965,0.032997634851605895,8.874725274725279,12.93626373626374,5.176068376068379,4.287179487179486,0.11965811965811923,-2.5128205128205128,1.5848595848595863,0.0
588751.39525608,1051,0.08,0.0,0.8999999761581421,0.0,1.065000057220459,0.0,0.0,0.0,0.003242542153047978,0.8779659723811708,0.02651255054550994,1.1007476920729378,-0.00705729762722207,-0.0040054932478827965,0.032997634851605895,8.821978021978026,13.015384615384619,5.135042735042738,4.0547008547008545,0.1245421245421241,-2.5128205128205128,1.5750915750915766,0.0
588751.475254546,1052,0.08,0.0,0.8999999761581421,0.0,1.059999942779541,0.0,0.0,0.0,0.002861066605630569,0.8779659723811708,0.02651255054550994,1.0946440833142592,-0.00705729762722207,-0.0040054932478827965,0.032997634851605895,8.821978021978026,13.041758241758245,5.1213675213675245,4.355555555555554,0.1245421245421241,-2.5128205128205128,1.5702075702075717,0.0
588751.555240028,1053,0.08,0.0,0.8999999761581421,0.0,1.0549999475479126,0.0,0.0,0.0,0.003242542153047978,0.8779659723811708,0.02651255054550994,1.0912108033875025,-0.00705729762722207,-0.0040054932478827965,0.033379110399023304,8.769230769230774,13.120879120879124,5.06666666666667,4.041025641025641,0.11965811965811923,-2.503052503052503,1.5604395604395584,0.0
588751.635241473,1054,0.08,0.0,0.8999999761581421,0.0,1.0499999523162842,0.0,0.0,0.0,0.003242542153047978,0.8779659723811708,0.02651255054550994,1.0858701457236588,-0.00705729762722207,-0.0040054932478827965,0.032997634851605895,8.769230769230774,13.120879120879124,5.080341880341884,4.2735042735042725,0.1245421245421241,-2.507936507936508,1.5653235653235669,0.0
588751.715241334,1055,0.08,0.0,0.8999999761581421,0.0,1.0449999570846558,0.0,0.0,0.0,0.003242542153047978,0.8779659723811708,0.02651255054550994,1.08129243915465,-0.00705729762722207,-0.0040054932478827965,0.033379110399023304,8.742857142857147,13.173626373626377,5.052991452991456,4.068376068376068,0.1245421245421241,-2.503052503052503,1.5555555555555536,0.0
588751.795240367,1056,0.08,0.0,0.8999999761581421,0.0,1.0399999618530273,0.0,0.0,0.0,0.003242542153047978,0.8779659723811708,0.02651255054550994,1.0770962081330584,-0.00705729762722207,-0.0040054932478827965,0.032997634851605895,8.716483516483521,13.200000000000003,5.039316239316243,4.0,0.1245421245421241,-2.503052503052503,1.5555555555555536,0.0
588751.875248012,1057,0.08,0.0,0.8999999761581421,0.0,1.034999966621399,0.0,0.0,0.0,0.003242542153047978,0.8779659723811708,0.02651255054550994,1.0744258793011365,-0.00705729762722207,-0.0040054932478827965,0.032997634851605895,8.663736263736268,13.22637362637363,5.025641025641029,3.890598290598291,0.1245421245421241,-2.507936507936508,1.5506715506715487,0.0
588751.955251758,1058,0.08,0.0,0.8999999761581421,0.0,1.0299999713897705,0.0,0.0,0.0,0.003242542153047978,0.8779659723811708,0.02651255054550994,1.070229648279545,-0.00705729762722207,-0.0040054932478827965,0.033379110399023304,8.690109890109895,13.252747252747255,5.0119658119658155,3.781196581196582,0.1245421245421241,-2.503052503052503,1.540903540903539,0.0
588752.035258196,1059,0.08,0.0,0.8999999761581421,0.0,1.024999976158142,0.0,0.0,0.0,0.003242542153047978,0.8779659723811708,0.02651255054550994,1.0656519417105361,-0.00705729762722207,-0.0040054932478827965,0.033379110399023304,8.663736263736268,13.252747252747255,4.984615384615388,3.8769230769230774,0.1245421245421241,-2.503052503052503,1.540903540903539,0.0
588752.115250312,1060,0.08,0.0,0.8999999761581421,0.0,1.0199999809265137,0.0,0.0,0.0,0.003242542153047978,0.8779659723811708,0.02651255054550994,1.0572594796673531,-0.00705729762722207,-0.0040054932478827965,0.033379110399023304,8.637362637362642,13.305494505494508,4.970940170940175,3.84957264957265,0.11965811965811923,-2.503052503052503,1.5360195360195341,0.0
588752.195240938,1061,0.08,0.0,0.8999999761581421,0.0,1.0149999856948853,0.0,0.0,0.0,0.003242542153047978,0.8779659723811708,0.02651255054550994,1.0542076752880138,-0.00705729762722207,-0.0040054932478827965,0.032997634851605895,8.610989010989016,13.35824175824176,4.970940170940175,3.931623931623932,0.11965811965811923,-2.503052503052503,1.5360195360195341,0.0
588752.275250349,1062,0.08,0.0,0.8999999761581421,0.0,1.0099999904632568,0.0,0.0,0.0,0.003242542153047978,0.8779659723811708,0.02651255054550994,1.0473411154345005,-0.00705729762722207,-0.0040054932478827965,0.032997634851605895,8.558241758241763,13.384615384615387,4.943589743589747,3.7675213675213683,0.1245421245421241,-2.503052503052503,1.5262515262515244,0.0
588752.355245121,1063,0.08,0.0,0.8999999761581421,0.0,1.0049999952316284,0.0,0.0,0.0,0.003242542153047978,0.8779659723811708,0.02651255054550994,1.0442893110551612,-0.00705729762722207,-0.0040054932478827965,0.032997634851605895,8.558241758241763,13.410989010989013,4.91623931623932,3.781196581196582,0.1245421245421241,-2.503052503052503,1.5262515262515244,0.0
588752.435252691,1064,0.08,0.0,0.8999999761581421,0.0,1.0,0.0,0.0,0.0,0.003242542153047978,0.8779659723811708,0.02651255054550994,1.0374227512016478,-0.00705729762722207,-0.0040054932478827965,0.033379110399023304,8.531868131868137,13.463736263736266,4.9025641025641065,3.9726495726495727,0.11965811965811923,-2.503052503052503,1.5164835164835146,0.0
588752.515241186,1065,0.08,0.0,0.8999999761581421,0.0,0.9950000047683716,0.0,0.0,0.0,0.003242542153047978,0.8779659723811708,0.02651255054550994,1.0324635690852215,-0.00705729762722207,-0.0040054932478827965,0.033379110399023304,8.479120879120885,13.490109890109892,4.888888888888893,3.8358974358974365,0.1245421245421241,-2.503052503052503,1.5115995115995098,0.0
588752.595240771,1066,0.08,0.0,0.8999999761581421,0.0,0.9900000095367432,0.0,0.0,0.0,0.003242542153047978,0.8779659723811708,0.02651255054550994,1.0233081559472037,-0.00705729762722207,-0.0040054932478827965,0.033379110399023304,8.452747252747258,13.516483516483518,4.861538461538466,3.931623931623932,0.11965811965811923,-2.503052503052503,1.506715506715505,0.0
588752.67525575,1067,0.08,0.0,0.8999999761581421,0.0,0.9850000143051147,0.0,0.0,0.0,0.003242542153047978,0.8779659723811708,0.02651255054550994,1.0214007782101167,-0.00705729762722207,-0.0040054932478827965,0.033379110399023304,8.452747252747258,13.56923076923077,4.834188034188038,3.890598290598291,0.1245421245421241,-2.503052503052503,1.5018315018315,0.0
588752.75524201,1068,0.08,0.0,0.8999999761581421,0.0,0.9800000190734863,0.0,0.0,0.0,0.0036240177004653873,0.8779659723811708,0.02651255054550994,1.0137712672617685,-0.00705729762722207,-0.0040054932478827965,0.033379110399023304,8.347252747252739,13.595604395604397,4.806837606837611,3.931623931623932,0.1245421245421241,-2.503052503052503,1.4871794871794854,0.0
588752.835240346,1069,0.08,0.0,0.8999999761581421,0.0,0.9750000238418579,0.0,0.0,0.0,0.003242542153047978,0.8779659723811708,0.02651255054550994,1.0122453650720988,-0.00705729762722207,-0.0040054932478827965,0.033379110399023304,8.373626373626365,13.64835164835165,4.76581196581197,3.8085470085470092,0.11965811965811923,-2.503052503052503,1.4920634920634903,0.0
588752.915244869,1070,0.08,0.0,0.8999999761581421,0.0,0.9700000286102295,0.0,0.0,0.0,0.003242542153047978,0.8779659723811708,0.02651255054550994,1.0084306095979247,-0.00705729762722207,-0.0040054932478827965,0.033379110399023304,8.347252747252739,13.64835164835165,4.779487179487184,3.6991452991453,0.1245421245421241,-2.507936507936508,1.4871794871794854,0.0
588752.995248306,1071,0.08,0.0,0.8999999761581421,0.0,0.9649999737739563,0.0,0.0,0.0,0.0040054932478827965,0.8779659723811708,0.02651255054550994,1.0023270008392462,-0.006675822079804661,-0.0040054932478827965,0.03414206149385812,8.162637362637355,13.674725274725276,4.752136752136757,3.6854700854700866,0.1245421245421241,-2.503052503052503,1.4774114774114757,0.0
588753.075241558,1072,0.08,0.0,0.8999999761581421,0.0,0.9599999785423279,0.0,0.0,0.0,0.005149919890135024,0.8775844968337534,0.02651255054550994,0.9996566720073243,-0.006675822079804661,-0.0040054932478827965,0.033379110399023304,8.215384615384608,13.727472527472528,4.738461538461543,3.562393162393164,0.11965811965811923,-2.503052503052503,1.4822954822954806,0.0
588753.155245469,1073,0.08,0.0,0.8999999761581421,0.0,0.9549999833106995,0.0,0.0,0.0,0.005149919890135024,0.8779659723811708,0.02651255054550994,0.9958419165331502,-0.006675822079804661,-0.004768444342717615,0.033379110399023304,8.189010989010981,13.753846153846155,4.724786324786329,3.603418803418805,0.11965811965811923,-2.498168498168498,1.4774114774114757,0.0
588753.235251462,1074,0.08,0.0,0.8999999761581421,0.0,0.949999988079071,0.0,0.0,0.0,0.005531395437552433,0.8779659723811708,0.02651255054550994,0.9905012588693065,-0.006675822079804661,-0.004768444342717615,0.03376058594644071,8.136263736263729,13.780219780219781,4.683760683760688,3.411965811965814,0.1245421245421241,-2.4932844932844933,1.4725274725274708,0.0
588753.315249112,1075,0.08,0.0,0.8999999761581421,0.0,0.9449999928474426,0.0,0.0,0.0,0.005149919890135024,0.8779659723811708,0.02651255054550994,0.984397650110628,-0.006675822079804661,-0.004768444342717615,0.03376058594644071,8.109890109890102,13.806593406593407,4.697435897435902,3.822222222222223,0.1245421245421241,-2.4932844932844933,1.467643467643466,0.0
588753.395245857,1076,0.08,0.0,0.8999999761581421,0.0,0.9399999976158142,0.0,0.0,0.0,0.005149919890135024,0.8779659723811708,0.02651255054550994,0.9775310902571146,-0.006675822079804661,-0.005149919890135024,0.03376058594644071,8.05714285714285,13.85934065934066,4.656410256410261,3.6444444444444457,0.1245421245421241,-2.4932844932844933,1.4578754578754562,0.0
588753.475244064,1077,0.08,0.0,0.8999999761581421,0.0,0.9350000023841858,0.0,0.0,0.0,0.005149919890135024,0.8779659723811708,0.02651255054550994,0.9729533836881057,-0.006675822079804661,-0.005149919890135024,0.032997634851605895,8.05714285714285,13.885714285714286,4.61538461538462,3.822222222222223,0.11965811965811923,-2.4932844932844933,1.4578754578754562,0.0
588753.555245656,1078,0.08,0.0,0.8999999761581421,0.0,0.9300000071525574,0.0,0.0,0.0,0.005531395437552433,0.8779659723811708,0.02651255054550994,0.9679942015716794,-0.006675822079804661,-0.005149919890135024,0.033379110399023304,8.004395604395597,13.912087912087912,4.588034188034193,3.5076923076923094,0.11965811965811923,-2.4932844932844933,1.4432234432234416,0.0
588753.635240936,1079,0.08,0.0,0.8999999761581421,0.0,0.925000011920929,0.0,0.0,0.0,0.005149919890135024,0.8779659723811708,0.02651255054550994,0.9634164950026705,-0.006675822079804661,-0.005149919890135024,0.033379110399023304,7.978021978021971,13.938461538461539,4.588034188034193,3.630769230769232,0.12942612942612897,-2.4932844932844933,1.4481074481074465,0.0
588753.715245956,1080,0.08,0.0,0.8999999761581421,0.0,0.9200000166893005,0.0,0.0,0.0,0.005149919890135024,0.8779659723811708,0.02651255054550994,0.9557869840543223,-0.006675822079804661,-0.005149919890135024,0.033379110399023304,7.951648351648345,13.991208791208791,4.560683760683766,3.6444444444444457,0.1245421245421241,-2.4932844932844933,1.4383394383394368,0.0
588753.795259062,1081,0.08,0.0,0.8999999761581421,0.0,0.9150000214576721,0.0,0.0,0.0,0.005149919890135024,0.8779659723811708,0.02651255054550994,0.9493018997482263,-0.006675822079804661,-0.005149919890135024,0.033379110399023304,7.898901098901092,14.017582417582418,4.5333333333333385,3.958974358974359,0.1245421245421241,-2.498168498168498,1.433455433455432,0.0
588753.875239366,1082,0.08,0.0,0.8999999761581421,0.0,0.9100000262260437,0.0,0.0,0.0,0.005149919890135024,0.8779659723811708,0.02651255054550994,0.9435797665369652,-0.006675822079804661,-0.005149919890135024,0.033379110399023304,7.872527472527466,14.096703296703296,4.505982905982911,3.7675213675213683,0.11965811965811923,-2.4932844932844933,1.4236874236874222,0.0
588753.95526036,1083,0.08,0.0,0.8999999761581421,0.0,0.9049999713897705,0.0,0.0,0.0,0.005149919890135024,0.8779659723811708,0.02651255054550994,0.9393835355153737,-0.006675822079804661,-0.005149919890135024,0.033379110399023304,7.84615384615384,14.096703296703296,4.492307692307698,3.822222222222223,0.11965811965811923,-2.4932844932844933,1.4188034188034173,0.0
588754.035243287,1084,0.08,0.0,0.8999999761581421,0.0,0.8999999761581421,0.0,0.0,0.0,0.005531395437552433,0.8779659723811708,0.02651255054550994,0.935950255588617,-0.006675822079804661,-0.005149919890135024,0.033379110399023304,7.819780219780213,14.123076923076923,4.451282051282057,3.521367521367523,0.11965811965811923,-2.4932844932844933,1.4090354090354076,0.0
588754.115240516,1085,0.08,0.0,0.8999999761581421,0.0,0.8949999809265137,0.0,0.0,0.0,0.005149919890135024,0.8779659723811708,0.02651255054550994,0.9313725490196081,-0.006675822079804661,-0.005149919890135024,0.033379110399023304,7.819780219780213,14.149450549450549,4.451282051282057,3.4666666666666686,0.11965811965811923,-2.4932844932844933,1.4139194139194124,0.0
588754.196115877,1086,0.08,0.0,0.8999999761581421,0.0,0.8899999856948853,0.0,0.0,0.0,0.005149919890135024,0.8779659723811708,0.02651255054550994,0.9283207446402688,-0.006675822079804661,-0.005149919890135024,0.033379110399023304,7.767032967032961,14.175824175824175,4.4239316239316295,3.6170940170940185,0.11477411477411437,-2.4884004884004884,1.4041514041514027,0.0
588754.275253684,1087,0.08,0.0,0.8999999761581421,0.0,0.8849999904632568,0.0,0.0,0.0,0.005149919890135024,0.8779659723811708,0.02651255054550994,0.9237430380712599,-0.006675822079804661,-0.005149919890135024,0.033379110399023304,7.7406593406593345,14.202197802197801,4.396581196581202,3.384615384615387,0.11965811965811923,-2.4884004884004884,1.394383394383393,0.0
588754.355246254,1088,0.08,0.0,0.8999999761581421,0.0,0.8799999952316284,0.0,0.0,0.0,0.005149919890135024,0.8779659723811708,0.02651255054550994,0.919165331502251,-0.006675822079804661,-0.005149919890135024,0.033379110399023304,7.714285714285708,14.228571428571428,4.382905982905989,3.4393162393162413,0.11477411477411437,-2.4884004884004884,1.394383394383393,0.0
588754.435245109,1089,0.08,0.0,0.8999999761581421,0.0,0.875,0.0,0.0,0.0,0.005149919890135024,0.8779659723811708,0.02651255054550994,0.9122987716487376,-0.006675822079804661,-0.005149919890135024,0.033379110399023304,7.714285714285708,14.254945054945054,4.369230769230768,3.452991452991455,0.11477411477411437,-2.4884004884004884,1.394383394383393,0.0
588754.515241306,1090,0.08,0.0,0.8999999761581421,0.0,0.8700000047683716,0.0,0.0,0.0,0.005149919890135024,0.8779659723811708,0.02651255054550994,0.9092469672693984,-0.006675822079804661,-0.005149919890135024,0.033379110399023304,7.661538461538456,14.307692307692307,4.328205128205127,3.3572649572649595,0.11965811965811923,-2.4884004884004884,1.3797313797313784,0.0
588754.595241405,1091,0.08,0.0,0.8999999761581421,0.0,0.8650000095367432,0.0,0.0,0.0,0.005149919890135024,0.8779659723811708,0.02651255054550994,0.9016174563210502,-0.006675822079804661,-0.005149919890135024,0.03376058594644071,7.608791208791203,14.307692307692307,4.3008547008547,3.411965811965814,0.11477411477411437,-2.4884004884004884,1.3699633699633686,0.0
588754.675243308,1092,0.08,0.0,0.8999999761581421,0.0,0.8600000143051147,0.0,0.0,0.0,0.005149919890135024,0.8779659723811708,0.02651255054550994,0.8989471274891283,-0.006675822079804661,-0.005149919890135024,0.03376058594644071,7.582417582417577,14.36043956043956,4.259829059829059,3.261538461538464,0.1245421245421241,-2.4884004884004884,1.3699633699633686,0.0
588754.755241201,1093,0.08,0.0,0.8999999761581421,0.0,0.8550000190734863,0.0,0.0,0.0,0.005149919890135024,0.8779659723811708,0.02651255054550994,0.895895323109789,-0.006675822079804661,-0.005149919890135024,0.032997634851605895,7.5560439560439505,14.386813186813185,4.259829059829059,3.302564102564105,0.11965811965811923,-2.4884004884004884,1.3699633699633686,0.0
588754.835251916,1094,0.08,0.0,0.8999999761581421,0.0,0.8500000238418579,0.0,0.0,0.0,0.005912870984969842,0.8779659723811708,0.02651255054550994,0.8890287632562757,-0.006675822079804661,-0.005149919890135024,0.03452353704127553,7.503296703296698,14.413186813186812,4.232478632478632,3.1384615384615415,0.11965811965811923,-2.4884004884004884,1.3406593406593394,0.0
588754.915261164,1095,0.08,0.0,0.8999999761581421,0.0,0.8450000286102295,0.0,0.0,0.0,0.005531395437552433,0.8779659723811708,0.02651255054550994,0.8836881055924319,-0.006675822079804661,-0.005149919890135024,0.03414206149385812,7.503296703296698,14.439560439560438,4.218803418803418,3.5487179487179503,0.11965811965811923,-2.4884004884004884,1.3504273504273492,0.0
588754.995244521,1096,0.08,0.0,0.8999999761581421,0.0,0.8399999737739563,0.0,0.0,0.0,0.005531395437552433,0.8779659723811708,0.02651255054550994,0.8749141680018315,-0.006675822079804661,-0.005149919890135024,0.03414206149385812,7.450549450549445,14.49230769230769,4.1641025641025635,3.370940170940173,0.1245421245421241,-2.4884004884004884,1.3406593406593394,0.0
588755.075237425,1097,0.08,0.0,0.8999999761581421,0.0,0.8349999785423279,0.0,0.0,0.0,0.005149919890135024,0.8779659723811708,0.02651255054550994,0.8672846570534833,-0.006675822079804661,-0.005149919890135024,0.03376058594644071,7.424175824175819,14.518681318681317,4.15042735042735,3.671794871794873,0.11965811965811923,-2.4884004884004884,1.3308913308913297,0.0
588755.155240763,1098,0.08,0.0,0.8999999761581421,0.0,0.8299999833106995,0.0,0.0,0.0,0.005149919890135024,0.8779659723811708,0.02651255054550994,0.8661402304112311,-0.006675822079804661,-0.005149919890135024,0.03376058594644071,7.371428571428567,14.57142857142857,4.095726495726495,3.275213675213678,0.11965811965811923,-2.4884004884004884,1.3260073260073248,0.0
588755.235242067,1099,0.08,0.0,0.8999999761581421,0.0,0.824999988079071,0.0,0.0,0.0,0.005149919890135024,0.8779659723811708,0.02651255054550994,0.8638513771267267,-0.006675822079804661,-0.005149919890135024,0.032997634851605895,7.34505494505494,14.57142857142857,4.095726495726495,3.0700854700854734,0.11965811965811923,-2.4835164835164836,1.3260073260073248,0.0
588755.315253052,1100,0.08,0.0,0.8999999761581421,0.0,0.8199999928474426,0.0,0.0,0.0,0.005149919890135024,0.8779659723811708,0.02651255054550994,0.8638513771267267,-0.006675822079804661,-0.005149919890135024,0.033379110399023304,7.34505494505494,14.57142857142857,4.095726495726495,2.8102564102564145,0.11965811965811923,-2.4835164835164836,1.3260073260073248,0.0
588755.395249337,1101,0.08,0.0,0.8999999761581421,0.0,0.8149999976158142,0.0,0.0,0.0,0.005912870984969842,0.8779659723811708,0.02651255054550994,0.8562218661783785,-0.006675822079804661,-0.005149919890135024,0.03490501258869294,7.292307692307688,14.597802197802196,4.082051282051282,3.083760683760687,0.11965811965811923,-2.4835164835164836,1.2967032967032956,0.0
588755.475244757,1102,0.08,0.0,0.8999999761581421,0.0,0.8100000023841858,0.0,0.0,0.0,0.005149919890135024,0.8779659723811708,0.02651255054550994,0.8516441596093696,-0.006675822079804661,-0.005149919890135024,0.03414206149385812,7.318681318681314,14.650549450549448,4.041025641025641,3.083760683760687,0.11965811965811923,-2.4835164835164836,1.3113553113553102,0.0
588755.555247418,1103,0.08,0.0,0.8999999761581421,0.0,0.8050000071525574,0.0,0.0,0.0,0.005531395437552433,0.8779659723811708,0.02651255054550994,0.8398184176394299,-0.006675822079804661,-0.005149919890135024,0.033379110399023304,7.239560439560435,14.7032967032967,4.0,3.261538461538464,0.11965811965811923,-2.4884004884004884,1.2967032967032956,0.0
588755.635244342,1104,0.08,0.0,0.8999999761581421,0.0,0.800000011920929,0.0,0.0,0.0,0.005531395437552433,0.8779659723811708,0.02651255054550994,0.8337148088807513,-0.006675822079804661,-0.005149919890135024,0.033379110399023304,7.186813186813183,14.729670329670327,3.9726495726495727,3.384615384615387,0.11477411477411437,-2.4835164835164836,1.2918192918192908,0.0
588755.715248714,1105,0.08,0.0,0.8999999761581421,0.0,0.7950000166893005,0.0,0.0,0.0,0.005531395437552433,0.8779659723811708,0.02651255054550994,0.8321889066910817,-0.006675822079804661,-0.005149919890135024,0.032997634851605895,7.13406593406593,14.756043956043953,3.9452991452991455,3.083760683760687,0.11965811965811923,-2.4884004884004884,1.286935286935286,0.0
588755.795249089,1106,0.08,0.0,0.8999999761581421,0.0,0.7900000214576721,0.0,0.0,0.0,0.005531395437552433,0.8779659723811708,0.02651255054550994,0.8314259555962469,-0.006675822079804661,-0.005149919890135024,0.033379110399023304,7.13406593406593,14.756043956043953,3.9042735042735046,2.7829059829059872,0.11965811965811923,-2.4835164835164836,1.282051282051281,0.0
588755.875253294,1107,0.08,0.0,0.8999999761581421,0.0,0.7850000262260437,0.0,0.0,0.0,0.005531395437552433,0.8779659723811708,0.02651255054550994,0.8314259555962469,-0.006675822079804661,-0.005149919890135024,0.03376058594644071,7.13406593406593,14.78241758241758,3.9179487179487182,2.5094017094017076,0.11965811965811923,-2.4884004884004884,1.282051282051281,0.0
588755.955298862,1108,0.08,0.0,0.8999999761581421,0.0,0.7799999713897705,0.0,0.0,0.0,0.005531395437552433,0.8779659723811708,0.02651255054550994,0.8249408712901509,-0.006675822079804661,-0.005149919890135024,0.03490501258869294,7.0813186813186775,14.78241758241758,3.931623931623932,2.7829059829059872,0.11965811965811923,-2.4884004884004884,1.2576312576312567,0.0
588756.035249197,1109,0.08,0.0,0.8999999761581421,0.0,0.7749999761581421,0.0,0.0,0.0,0.005531395437552433,0.8779659723811708,0.02651255054550994,0.8169298847943853,-0.006675822079804661,-0.005149919890135024,0.03490501258869294,7.0813186813186775,14.808791208791206,3.8769230769230774,3.015384615384619,0.11965811965811923,-2.4835164835164836,1.2527472527472518,0.0
588756.115251021,1110,0.08,0.0,0.8999999761581421,0.0,0.7699999809265137,0.0,0.0,0.0,0.005531395437552433,0.8779659723811708,0.02651255054550994,0.8028152895399412,-0.006675822079804661,-0.005149919890135024,0.03414206149385812,6.975824175824172,14.887912087912085,3.822222222222223,3.3982905982906004,0.1245421245421241,-2.4884004884004884,1.2527472527472518,0.0
588756.195446097,1111,0.08,0.0,0.8999999761581421,0.0,0.7649999856948853,0.0,0.0,0.0,0.005531395437552433,0.8779659723811708,0.02651255054550994,0.7948043030441756,-0.006675822079804661,-0.005149919890135024,0.033379110399023304,6.92307692307692,14.940659340659337,3.7538461538461547,3.5760683760683776,0.11965811965811923,-2.4884004884004884,1.2429792429792421,0.0
588756.275241343,1112,0.08,0.0,0.8999999761581421,0.0,0.7599999904632568,0.0,0.0,0.0,0.005531395437552433,0.8779659723811708,0.02651255054550994,0.7883192187380796,-0.006675822079804661,-0.005149919890135024,0.033379110399023304,6.870329670329667,14.99340659340659,3.712820512820514,3.343589743589746,0.11477411477411437,-2.4835164835164836,1.2283272283272275,0.0
588756.355241231,1113,0.08,0.0,0.8999999761581421,0.0,0.7549999952316284,0.0,0.0,0.0,0.005531395437552433,0.8779659723811708,0.02651255054550994,0.7875562676432448,-0.006675822079804661,-0.005149919890135024,0.033379110399023304,6.817582417582415,15.019780219780216,3.6854700854700866,3.0974358974359006,0.11965811965811923,-2.4884004884004884,1.2283272283272275,0.0
588756.435247768,1114,0.08,0.0,0.8999999761581421,0.0,0.75,0.0,0.0,0.0,0.005531395437552433,0.8779659723811708,0.02651255054550994,0.7875562676432448,-0.006675822079804661,-0.005149919890135024,0.033379110399023304,6.817582417582415,15.019780219780216,3.671794871794873,2.8512820512820554,0.11965811965811923,-2.4884004884004884,1.2234432234432226,0.0
588756.515241589,1115,0.08,0.0,0.8999999761581421,0.0,0.7450000047683716,0.0,0.0,0.0,0.005531395437552433,0.8779659723811708,0.02651255054550994,0.7864118410009926,-0.006675822079804661,-0.005149919890135024,0.03376058594644071,6.817582417582415,15.019780219780216,3.6854700854700866,2.646153846153851,0.11965811965811923,-2.4835164835164836,1.2234432234432226,0.0
588756.595240691,1116,0.08,0.0,0.8999999761581421,0.0,0.7400000095367432,0.0,0.0,0.0,0.005531395437552433,0.8779659723811708,0.02651255054550994,0.7806897077897315,-0.006675822079804661,-0.005149919890135024,0.03414206149385812,6.791208791208788,15.019780219780216,3.6581196581196593,2.90598290598291,0.11477411477411437,-2.4835164835164836,1.208791208791208,0.0
588756.675254335,1117,0.08,0.0,0.8999999761581421,0.0,0.7350000143051147,0.0,0.0,0.0,0.005531395437552433,0.8779659723811708,0.02651255054550994,0.7730601968413833,-0.006675822079804661,-0.005149919890135024,0.03414206149385812,6.738461538461536,15.072527472527469,3.6170940170940185,2.8786324786324826,0.11477411477411437,-2.4835164835164836,1.2039072039072032,0.0
588756.755246613,1118,0.08,0.0,0.8999999761581421,0.0,0.7300000190734863,0.0,0.0,0.0,0.005531395437552433,0.8779659723811708,0.02651255054550994,0.7631418326085306,-0.006675822079804661,-0.005149919890135024,0.03376058594644071,6.685714285714283,15.125274725274721,3.562393162393164,3.042735042735046,0.11477411477411437,-2.4786324786324787,1.1941391941391934,0.0
588756.835248799,1119,0.08,0.0,0.8999999761581421,0.0,0.7250000238418579,0.0,0.0,0.0,0.005531395437552433,0.8779659723811708,0.02651255054550994,0.7581826504921043,-0.006675822079804661,-0.005149919890135024,0.033379110399023304,6.632967032967031,15.151648351648348,3.5487179487179503,3.234188034188037,0.11965811965811923,-2.4835164835164836,1.1892551892551886,0.0
588756.915262883,1120,0.08,0.0,0.8999999761581421,0.0,0.7200000286102295,0.0,0.0,0.0,0.005531395437552433,0.8779659723811708,0.02651255054550994,0.755130846112765,-0.006675822079804661,-0.005149919890135024,0.033379110399023304,6.580219780219778,15.178021978021974,3.494017094017096,2.8786324786324826,0.11965811965811923,-2.4884004884004884,1.1794871794871788,0.0
588756.995241315,1121,0.08,0.0,0.8999999761581421,0.0,0.7149999737739563,0.0,0.0,0.0,0.005531395437552433,0.8779659723811708,0.02651255054550994,0.7528419928282606,-0.006675822079804661,-0.005149919890135024,0.03376058594644071,6.580219780219778,15.204395604395614,3.494017094017096,2.6324786324786373,0.11965811965811923,-2.4786324786324787,1.1794871794871788,0.0
588757.075250927,1122,0.08,0.0,0.8999999761581421,0.0,0.7099999785423279,0.0,0.0,0.0,0.005531395437552433,0.8779659723811708,0.02651255054550994,0.7509346150911735,-0.006675822079804661,-0.005149919890135024,0.03376058594644071,6.580219780219778,15.204395604395614,3.494017094017096,2.536752136752135,0.11477411477411437,-2.4835164835164836,1.1697191697191691,0.0
588757.155246418,1123,0.08,0.0,0.8999999761581421,0.0,0.7049999833106995,0.0,0.0,0.0,0.005531395437552433,0.8779659723811708,0.02651255054550994,0.7452124818799124,-0.006675822079804661,-0.005531395437552433,0.03490501258869294,6.527472527472526,15.23076923076924,3.480341880341882,2.7282051282051327,0.11965811965811923,-2.4786324786324787,1.1452991452991448,0.0
588757.235259628,1124,0.08,0.0,0.8999999761581421,0.0,0.699999988079071,0.0,0.0,0.0,0.005531395437552433,0.8779659723811708,0.02651255054550994,0.7394903486686513,-0.006675822079804661,-0.005912870984969842,0.03490501258869294,6.501098901098899,15.257142857142867,3.4393162393162413,2.605128205128203,0.1245421245421241,-2.4786324786324787,1.1550671550671545,0.0
588757.315247487,1125,0.08,0.0,0.8999999761581421,0.0,0.6949999928474426,0.0,0.0,0.0,0.005531395437552433,0.8779659723811708,0.02651255054550994,0.728046082246129,-0.006675822079804661,-0.008201724269474298,0.03414206149385812,6.4219780219780205,15.30989010989012,3.3982905982906004,2.9470085470085507,0.11965811965811923,-2.4493284493284495,1.14041514041514,0.0
588757.39524781,1126,0.08,0.0,0.8999999761581421,0.0,0.6899999976158142,0.0,0.0,0.0,0.005531395437552433,0.8779659723811708,0.02651255054550994,0.7200350957503634,-0.006675822079804661,-0.010490577553978753,0.03414206149385812,6.369230769230768,15.362637362637372,3.343589743589746,2.9606837606837644,0.11477411477411437,-2.424908424908425,1.1306471306471302,0.0
588757.475265905,1127,0.08,0.0,0.8999999761581421,0.0,0.6850000023841858,0.0,0.0,0.0,0.005149919890135024,0.8779659723811708,0.02651255054550994,0.7181277180132764,-0.006675822079804661,-0.010872053101396162,0.033379110399023304,6.316483516483515,15.389010989010998,3.2888888888888914,2.8786324786324826,0.10500610500610463,-2.4395604395604398,1.1257631257631253,0.0
588757.555243852,1128,0.08,0.0,0.8999999761581421,0.0,0.6800000071525574,0.0,0.0,0.0,0.005531395437552433,0.8779659723811708,0.02651255054550994,0.7135500114442674,-0.006675822079804661,-0.010872053101396162,0.03414206149385812,6.263736263736263,15.415384615384625,3.275213675213678,2.796581196581201,0.10500610500610463,-2.434676434676435,1.0964590964590961,0.0
588757.635243252,1129,0.08,0.0,0.8999999761581421,0.0,0.675000011920929,0.0,0.0,0.0,0.005531395437552433,0.8779659723811708,0.02651255054550994,0.7097352559700933,-0.006675822079804661,-0.010872053101396162,0.03452353704127553,6.2373626373626365,15.415384615384625,3.275213675213678,2.7692307692307736,0.11477411477411437,-2.434676434676435,1.1062271062271058,0.0
588757.715240961,1130,0.08,0.0,0.8999999761581421,0.0,0.6700000166893005,0.0,0.0,0.0,0.005531395437552433,0.8779659723811708,0.02651255054550994,0.7055390249485018,-0.006675822079804661,-0.010872053101396162,0.03376058594644071,6.2373626373626365,15.44175824175825,3.234188034188037,2.7829059829059872,0.10500610500610463,-2.4395604395604398,1.1062271062271058,0.0
588757.795252115,1131,0.08,0.0,0.8999999761581421,0.0,0.6650000214576721,0.0,0.0,0.0,0.005531395437552433,0.8779659723811708,0.02651255054550994,0.6982909895475711,-0.006675822079804661,-0.010872053101396162,0.03376058594644071,6.184615384615384,15.468131868131877,3.2068376068376097,2.6324786324786373,0.1098901098901095,-2.4395604395604398,1.0964590964590961,0.0
588757.875262255,1132,0.08,0.0,0.8999999761581421,0.0,0.6600000262260437,0.0,0.0,0.0,0.005531395437552433,0.8779659723811708,0.02651255054550994,0.6960021362630666,-0.006675822079804661,-0.010872053101396162,0.03376058594644071,6.158241758241758,15.494505494505503,3.1658119658119688,2.5777777777777757,0.1098901098901095,-2.434676434676435,1.0915750915750912,0.0
588757.955332694,1133,0.08,0.0,0.8999999761581421,0.0,0.6549999713897705,0.0,0.0,0.0,0.005531395437552433,0.8779659723811708,0.02651255054550994,0.6925688563363099,-0.006675822079804661,-0.010872053101396162,0.03376058594644071,6.131868131868131,15.52087912087913,3.152136752136755,2.5914529914529894,0.10500610500610463,-2.434676434676435,1.0818070818070815,0.0
588758.035247294,1134,0.08,0.0,0.8999999761581421,0.0,0.6499999761581421,0.0,0.0,0.0,0.005531395437552433,0.8779659723811708,0.02651255054550994,0.687991149767301,-0.006675822079804661,-0.010872053101396162,0.03414206149385812,6.079120879120879,15.547252747252756,3.124786324786328,2.4410256410256395,0.1098901098901095,-2.434676434676435,1.0720390720390718,0.0
588758.115246338,1135,0.08,0.0,0.8999999761581421,0.0,0.6449999809265137,0.0,0.0,0.0,0.005531395437552433,0.8779659723811708,0.02651255054550994,0.6815060654612051,-0.006675822079804661,-0.010872053101396162,0.03414206149385812,6.052747252747253,15.547252747252756,3.0974358974359006,2.673504273504278,0.1098901098901095,-2.434676434676435,1.0720390720390718,0.0
588758.195249107,1136,0.08,0.0,0.8999999761581421,0.0,0.6399999856948853,0.0,0.0,0.0,0.005531395437552433,0.8779659723811708,0.02651255054550994,0.6742580300602743,-0.006675822079804661,-0.010872053101396162,0.03414206149385812,6.0,15.600000000000009,3.0564102564102598,2.495726495726494,0.10500610500610463,-2.434676434676435,1.0525030525030523,0.0
588758.275257658,1137,0.08,0.0,0.8999999761581421,0.0,0.6349999904632568,0.0,0.0,0.0,0.005149919890135024,0.8779659723811708,0.02651255054550994,0.669298847943848,-0.006675822079804661,-0.010872053101396162,0.03376058594644071,5.973626373626374,15.626373626373635,3.015384615384619,2.646153846153851,0.1098901098901095,-2.434676434676435,1.0525030525030523,0.0
588758.355240974,1138,0.08,0.0,0.8999999761581421,0.0,0.6299999952316284,0.0,0.0,0.0,0.005531395437552433,0.8779659723811708,0.02651255054550994,0.6651026169222565,-0.006675822079804661,-0.010872053101396162,0.03414206149385812,5.920879120879121,15.652747252747261,2.9606837606837644,2.427350427350426,0.10500610500610463,-2.434676434676435,1.0378510378510377,0.0
588758.435249614,1139,0.08,0.0,0.8999999761581421,0.0,0.625,0.0,0.0,0.0,0.005531395437552433,0.8779659723811708,0.02651255054550994,0.660906385900665,-0.006675822079804661,-0.010872053101396162,0.03414206149385812,5.868131868131869,15.652747252747261,2.9606837606837644,2.495726495726494,0.1098901098901095,-2.434676434676435,1.0378510378510377,0.0
588758.515240707,1140,0.08,0.0,0.8999999761581421,0.0,0.6200000047683716,0.0,0.0,0.0,0.005531395437552433,0.8779659723811708,0.02651255054550994,0.6540398260471516,-0.006675822079804661,-0.010872053101396162,0.03414206149385812,5.841758241758242,15.705494505494514,2.933333333333337,2.495726495726494,0.10500610500610463,-2.434676434676435,1.0231990231990231,0.0
588758.595249098,1141,0.08,0.0,0.8999999761581421,0.0,0.6150000095367432,0.0,0.0,0.0,0.005531395437552433,0.8779659723811708,0.02651255054550994,0.6486991683833079,-0.006675822079804661,-0.010872053101396162,0.03414206149385812,5.78901098901099,15.705494505494514,2.8923076923076962,2.6598290598290646,0.10500610500610463,-2.4395604395604398,1.0134310134310134,0.0
588758.675259579,1142,0.08,0.0,0.8999999761581421,0.0,0.6100000143051147,0.0,0.0,0.0,0.005531395437552433,0.8779659723811708,0.02651255054550994,0.6418326085297945,-0.006675822079804661,-0.010872053101396162,0.03414206149385812,5.736263736263737,15.758241758241766,2.8512820512820554,2.5094017094017076,0.1098901098901095,-2.4395604395604398,0.9987789987789988,0.0
588758.755954091,1143,0.08,0.0,0.8999999761581421,0.0,0.6050000190734863,0.0,0.0,0.0,0.005531395437552433,0.8779659723811708,0.02651255054550994,0.6372549019607856,-0.006675822079804661,-0.010872053101396162,0.03376058594644071,5.709890109890111,15.758241758241766,2.823931623931628,2.6598290598290646,0.10500610500610463,-2.434676434676435,1.0036630036630036,0.0
588758.835243972,1144,0.08,0.0,0.8999999761581421,0.0,0.6000000238418579,0.0,0.0,0.0,0.005531395437552433,0.8779659723811708,0.02651255054550994,0.6322957198443593,-0.006675822079804661,-0.010872053101396162,0.03414206149385812,5.657142857142858,15.784615384615392,2.7692307692307736,2.4820512820512803,0.10500610500610463,-2.4395604395604398,0.989010989010989,0.0
588758.915251642,1145,0.08,0.0,0.8999999761581421,0.0,0.5950000286102295,0.0,0.0,0.0,0.005531395437552433,0.8779659723811708,0.02651255054550994,0.62924391546502,-0.006675822079804661,-0.010872053101396162,0.03414206149385812,5.604395604395606,15.810989010989019,2.75555555555556,2.3589743589743577,0.10500610500610463,-2.4395604395604398,0.9841269841269842,0.0
588758.995241109,1146,0.08,0.0,0.8999999761581421,0.0,0.5899999737739563,0.0,0.0,0.0,0.005531395437552433,0.8779659723811708,0.02651255054550994,0.6239032578011763,-0.006675822079804661,-0.010872053101396162,0.03376058594644071,5.5780219780219795,15.837362637362645,2.7282051282051327,2.3726495726495713,0.10500610500610463,-2.4395604395604398,0.9792429792429793,0.0
588759.075246389,1147,0.08,0.0,0.8999999761581421,0.0,0.5849999785423279,0.0,0.0,0.0,0.005531395437552433,0.8779659723811708,0.02651255054550994,0.6204699778744196,-0.006675822079804661,-0.010872053101396162,0.03376058594644071,5.551648351648353,15.837362637362645,2.687179487179492,2.317948717948717,0.1098901098901095,-2.434676434676435,0.9694749694749696,0.0
588759.155248047,1148,0.08,0.0,0.8999999761581421,0.0,0.5799999833106995,0.0,0.0,0.0,0.005531395437552433,0.8779659723811708,0.02651255054550994,0.6162737468528281,-0.006675822079804661,-0.010872053101396162,0.03376058594644071,5.498901098901101,15.863736263736271,2.7008547008547055,2.2495726495726487,0.10500610500610463,-2.434676434676435,0.9645909645909647,0.0
588759.235219021,1149,0.08,0.0,0.8999999761581421,0.0,0.574999988079071,0.0,0.0,0.0,0.005531395437552433,0.8779659723811708,0.02651255054550994,0.6094071869993147,-0.006675822079804661,-0.010872053101396162,0.03414206149385812,5.446153846153848,15.890109890109898,2.6324786324786373,2.235897435897435,0.10500610500610463,-2.434676434676435,0.9499389499389501,0.0
588759.315246736,1150,0.08,0.0,0.8999999761581421,0.0,0.5699999928474426,0.0,0.0,0.0,0.005531395437552433,0.8779659723811708,0.02651255054550994,0.6055924315251406,-0.006675822079804661,-0.010872053101396162,0.03414206149385812,5.419780219780222,15.916483516483524,2.6324786324786373,2.2905982905982896,0.1098901098901095,-2.42979242979243,0.9499389499389501,0.0
588759.395256772,1151,0.08,0.0,0.8999999761581421,0.0,0.5649999976158142,0.0,0.0,0.0,0.005531395437552433,0.8779659723811708,0.02651255054550994,0.5979629205767925,-0.006675822079804661,-0.010872053101396162,0.03452353704127553,5.367032967032969,15.94285714285715,2.5777777777777757,2.2905982905982896,0.1098901098901095,-2.434676434676435,0.9304029304029289,0.0
588759.475245331,1152,0.08,0.0,0.8999999761581421,0.0,0.5600000023841858,0.0,0.0,0.0,0.005531395437552433,0.8779659723811708,0.02651255054550994,0.5949111161974532,-0.006675822079804661,-0.010872053101396162,0.03414206149385812,5.340659340659343,15.969230769230776,2.536752136752135,2.235897435897435,0.1098901098901095,-2.42979242979243,0.9304029304029289,0.0
588759.555244613,1153,0.08,0.0,0.8999999761581421,0.0,0.5550000071525574,0.0,0.0,0.0,0.005531395437552433,0.8779659723811708,0.02651255054550994,0.587281605249105,-0.006675822079804661,-0.010872053101396162,0.03414206149385812,5.28791208791209,15.995604395604403,2.5094017094017076,2.208547008547008,0.10500610500610463,-2.42979242979243,0.9157509157509143,0.0
588759.635240539,1154,0.08,0.0,0.8999999761581421,0.0,0.550000011920929,0.0,0.0,0.0,0.005531395437552433,0.8779659723811708,0.02651255054550994,0.5846112764171831,-0.006675822079804661,-0.010872053101396162,0.03414206149385812,5.235164835164838,16.02197802197803,2.4683760683760667,2.058119658119658,0.10500610500610463,-2.42979242979243,0.9157509157509143,0.0
588759.715246257,1155,0.08,0.0,0.8999999761581421,0.0,0.5450000166893005,0.0,0.0,0.0,0.005531395437552433,0.8779659723811708,0.02651255054550994,0.5785076676585046,-0.006675822079804661,-0.010872053101396162,0.03414206149385812,5.182417582417585,16.02197802197803,2.4410256410256395,2.345299145299144,0.10500610500610463,-2.42979242979243,0.8962148962148948,0.0
588759.795264619,1156,0.08,0.0,0.8999999761581421,0.0,0.5400000214576721,0.0,0.0,0.0,0.005912870984969842,0.8779659723811708,0.02651255054550994,0.5743114366369131,-0.006675822079804661,-0.010872053101396162,0.03414206149385812,5.129670329670333,16.048351648351655,2.3999999999999986,2.0034188034188034,0.1098901098901095,-2.42979242979243,0.8913308913308899,0.0
588759.875947955,1157,0.08,0.0,0.8999999761581421,0.0,0.5350000262260437,0.0,0.0,0.0,0.005531395437552433,0.8779659723811708,0.024605172808422893,0.5689707789730694,-0.006675822079804661,-0.010872053101396162,0.03376058594644071,5.1032967032967065,16.07472527472528,2.4683760683760667,2.304273504273503,0.10500610500610463,-2.424908424908425,0.8913308913308899,0.0
588759.955491911,1158,0.08,0.0,0.8999999761581421,0.0,0.5299999713897705,0.0,0.0,0.0,0.005912870984969842,0.8775844968337534,0.024605172808422893,0.5628671702143908,-0.006675822079804661,-0.010872053101396162,0.03414206149385812,5.050549450549447,16.101098901098908,2.4820512820512803,1.9897435897435898,0.10500610500610463,-2.42979242979243,0.8669108669108656,0.0
588760.035245433,1159,0.08,0.0,0.8999999761581421,0.0,0.5249999761581421,0.0,0.0,0.0,0.005531395437552433,0.8779659723811708,0.02155336842908362,0.5579079880979645,-0.006675822079804661,-0.011253528648813571,0.03376058594644071,5.0241758241758205,16.101098901098908,2.687179487179492,2.208547008547008,0.10500610500610463,-2.4200244200244203,0.8669108669108656,0.0
588760.11524524,1160,0.08,0.0,0.8999999761581421,0.0,0.5199999809265137,0.0,0.0,0.0,0.005912870984969842,0.8779659723811708,0.0207904173342488,0.5525673304341208,-0.006675822079804661,-0.01163500419623098,0.03414206149385812,4.945054945054942,16.127472527472534,2.6598290598290646,1.907692307692308,0.1098901098901095,-2.42979242979243,0.8473748473748461,0.0
588760.195303131,1161,0.08,0.0,0.8999999761581421,0.0,0.5149999856948853,0.0,0.0,0.0,0.005531395437552433,0.8775844968337534,0.0207904173342488,0.5495155260547815,-0.006675822079804661,-0.01163500419623098,0.03376058594644071,4.918681318681315,16.15384615384616,2.646153846153851,1.9350427350427353,0.10500610500610463,-2.424908424908425,0.8376068376068364,0.0
588760.275246373,1162,0.08,0.0,0.8999999761581421,0.0,0.5099999904632568,0.0,0.0,0.0,0.005912870984969842,0.8775844968337534,0.0207904173342488,0.5434119172961029,-0.006675822079804661,-0.01163500419623098,0.03414206149385812,4.865934065934063,16.15384615384616,2.605128205128203,1.8393162393162399,0.10500610500610463,-2.424908424908425,0.8327228327228315,0.0
588760.355245226,1163,0.08,0.0,0.8999999761581421,0.0,0.5049999952316284,0.0,0.0,0.0,0.005912870984969842,0.8775844968337534,0.0207904173342488,0.5399786373693463,-0.006675822079804661,-0.01163500419623098,0.03414206149385812,4.839560439560437,16.15384615384616,2.564102564102562,1.907692307692308,0.1098901098901095,-2.424908424908425,0.8229548229548218,0.0
588760.435263519,1164,0.08,0.0,0.8999999761581421,0.0,0.5,0.0,0.0,0.0,0.005912870984969842,0.8775844968337534,0.0207904173342488,0.5342565041580851,-0.006675822079804661,-0.01163500419623098,0.03414206149385812,4.81318681318681,16.206593406593413,2.536752136752135,2.0034188034188034,0.10500610500610463,-2.424908424908425,0.8180708180708169,0.0
588760.515247616,1165,0.08,0.0,0.8999999761581421,0.0,0.4950000047683716,0.0,0.0,0.0,0.005912870984969842,0.8775844968337534,0.0207904173342488,0.5289158464942414,-0.006675822079804661,-0.01163500419623098,0.03414206149385812,4.7340659340659315,16.206593406593413,2.4820512820512803,1.8666666666666671,0.1098901098901095,-2.424908424908425,0.8034188034188023,0.0
588760.595347492,1166,0.08,0.0,0.8999999761581421,0.0,0.49000000953674316,0.0,0.0,0.0,0.005912870984969842,0.8775844968337534,0.0207904173342488,0.522049286640728,-0.006675822079804661,-0.01163500419623098,0.03376058594644071,4.707692307692305,16.23296703296704,2.4683760683760667,1.9623931623931625,0.1098901098901095,-2.424908424908425,0.7985347985347975,0.0
588760.675283525,1167,0.08,0.0,0.8999999761581421,0.0,0.48500001430511475,0.0,0.0,0.0,0.005912870984969842,0.8775844968337534,0.0207904173342488,0.5178530556191365,-0.006675822079804661,-0.01163500419623098,0.03376058594644071,4.654945054945053,16.259340659340666,2.4410256410256395,1.8119658119658126,0.10500610500610463,-2.424908424908425,0.778998778998778,0.0
588760.755250602,1168,0.08,0.0,0.8999999761581421,0.0,0.47999998927116394,0.0,0.0,0.0,0.005912870984969842,0.8775844968337534,0.0207904173342488,0.511749446860458,-0.006675822079804661,-0.01163500419623098,0.03414206149385812,4.6021978021978,16.285714285714292,2.386324786324785,1.907692307692308,0.10500610500610463,-2.424908424908425,0.778998778998778,0.0
588760.835244449,1169,0.08,0.0,0.8999999761581421,0.0,0.4749999940395355,0.0,0.0,0.0,0.005912870984969842,0.8775844968337534,0.0207904173342488,0.5071717402914491,-0.006675822079804661,-0.01163500419623098,0.03414206149385812,4.5494505494505475,16.285714285714292,2.345299145299144,1.8393162393162399,0.10500610500610463,-2.424908424908425,0.7692307692307683,0.0
588760.91524602,1170,0.08,0.0,0.8999999761581421,0.0,0.4699999988079071,0.0,0.0,0.0,0.005531395437552433,0.8775844968337534,0.0207904173342488,0.5022125581750227,-0.006675822079804661,-0.01163500419623098,0.03376058594644071,4.523076923076921,16.312087912087918,2.317948717948717,1.9623931623931625,0.10500610500610463,-2.4200244200244203,0.7643467643467634,0.0
588760.995245362,1171,0.08,0.0,0.8999999761581421,0.0,0.4650000035762787,0.0,0.0,0.0,0.005912870984969842,0.8775844968337534,0.0207904173342488,0.4964904249637616,-0.006675822079804661,-0.01163500419623098,0.03414206149385812,4.470329670329669,16.338461538461544,2.2632478632478623,1.7572649572649581,0.10500610500610463,-2.424908424908425,0.7496947496947488,0.0
588761.075247422,1172,0.08,0.0,0.8999999761581421,0.0,0.46000000834465027,0.0,0.0,0.0,0.005912870984969842,0.8775844968337534,0.0207904173342488,0.4911497672999179,-0.006675822079804661,-0.01163500419623098,0.03376058594644071,4.417582417582416,16.36483516483517,2.2495726495726487,1.9213675213675216,0.10012210012209977,-2.424908424908425,0.7399267399267391,0.0
588761.155237257,1173,0.08,0.0,0.8999999761581421,0.0,0.45500001311302185,0.0,0.0,0.0,0.005912870984969842,0.8775844968337534,0.0207904173342488,0.48504615854123934,-0.006675822079804661,-0.01163500419623098,0.03376058594644071,4.3648351648351635,16.36483516483517,2.208547008547008,1.7299145299145309,0.10500610500610463,-2.424908424908425,0.7301587301587293,0.0
588761.235241232,1174,0.08,0.0,0.8999999761581421,0.0,0.44999998807907104,0.0,0.0,0.0,0.005531395437552433,0.8775844968337534,0.0207904173342488,0.48084992751964784,-0.006675822079804661,-0.01163500419623098,0.03376058594644071,4.338461538461537,16.391208791208797,2.167521367521367,1.8529914529914535,0.10500610500610463,-2.424908424908425,0.7203907203907196,0.0
588761.315310776,1175,0.08,0.0,0.8999999761581421,0.0,0.4449999928474426,0.0,0.0,0.0,0.005531395437552433,0.8775844968337534,0.0207904173342488,0.4758907454032215,-0.006675822079804661,-0.01163500419623098,0.03376058594644071,4.259340659340658,16.417582417582423,2.1401709401709397,1.6615384615384627,0.10500610500610463,-2.42979242979243,0.7106227106227099,0.0
588761.395249882,1176,0.08,0.0,0.8999999761581421,0.0,0.4399999976158142,0.0,0.0,0.0,0.005531395437552433,0.8775844968337534,0.0207904173342488,0.47283894102388224,-0.006675822079804661,-0.01163500419623098,0.03376058594644071,4.259340659340658,16.417582417582423,2.099145299145299,1.579487179487181,0.10500610500610463,-2.4200244200244203,0.7008547008547001,0.0
588761.4752486,1177,0.08,0.0,0.8999999761581421,0.0,0.4350000023841858,0.0,0.0,0.0,0.005531395437552433,0.8775844968337534,0.0207904173342488,0.4678797589074559,-0.006675822079804661,-0.01163500419623098,0.03376058594644071,4.206593406593406,16.44395604395605,2.099145299145299,1.68888888888889,0.10500610500610463,-2.424908424908425,0.6959706959706953,0.0
588761.555240407,1178,0.08,0.0,0.8999999761581421,0.0,0.4300000071525574,0.0,0.0,0.0,0.005912870984969842,0.8775844968337534,0.0207904173342488,0.4625391012436122,-0.006675822079804661,-0.01163500419623098,0.03452353704127553,4.153846153846153,16.44395604395605,2.0444444444444443,1.4974358974358992,0.1098901098901095,-2.424908424908425,0.6813186813186807,0.0
588761.635243292,1179,0.08,0.0,0.8999999761581421,0.0,0.42500001192092896,0.0,0.0,0.0,0.005531395437552433,0.8775844968337534,0.0207904173342488,0.4575799191271859,-0.006675822079804661,-0.01163500419623098,0.03414206149385812,4.101098901098901,16.470329670329676,2.017094017094017,1.68888888888889,0.10500610500610463,-2.424908424908425,0.6764346764346758,0.0
588761.715240662,1180,0.08,0.0,0.8999999761581421,0.0,0.41999998688697815,0.0,0.0,0.0,0.005531395437552433,0.8775844968337534,0.0207904173342488,0.4503318837262551,-0.006675822079804661,-0.01163500419623098,0.03414206149385812,4.048351648351648,16.496703296703302,1.9623931623931625,1.5658119658119674,0.10500610500610463,-2.424908424908425,0.6617826617826612,0.0
588761.795251103,1181,0.08,0.0,0.8999999761581421,0.0,0.41499999165534973,0.0,0.0,0.0,0.005531395437552433,0.8775844968337534,0.0207904173342488,0.4461356527046636,-0.006675822079804661,-0.01163500419623098,0.03414206149385812,4.021978021978022,16.52307692307693,1.9350427350427353,1.68888888888889,0.10500610500610463,-2.424908424908425,0.6568986568986563,0.0
588761.875910009,1182,0.08,0.0,0.8999999761581421,0.0,0.4099999964237213,0.0,0.0,0.0,0.005531395437552433,0.8775844968337534,0.0207904173342488,0.44079499504081987,-0.006675822079804661,-0.01163500419623098,0.03414206149385812,3.942857142857143,16.549450549450555,1.8940170940170944,1.4017094017094038,0.10012210012209977,-2.424908424908425,0.6422466422466417,0.0
588761.95524703,1183,0.08,0.0,0.8999999761581421,0.0,0.4050000011920929,0.0,0.0,0.0,0.005531395437552433,0.8775844968337534,0.0207904173342488,0.4373617151140632,-0.006675822079804661,-0.01163500419623098,0.03376058594644071,3.942857142857143,16.549450549450555,1.8666666666666671,1.4564102564102583,0.10500610500610463,-2.424908424908425,0.6373626373626369,0.0
588762.035245598,1184,0.08,0.0,0.8999999761581421,0.0,0.4000000059604645,0.0,0.0,0.0,0.005912870984969842,0.8775844968337534,0.0207904173342488,0.4301136797131324,-0.006675822079804661,-0.01163500419623098,0.03414206149385812,3.863736263736264,16.57582417582418,1.8256410256410263,1.4837606837606856,0.10500610500610463,-2.424908424908425,0.6227106227106223,0.0
588762.11524671,1185,0.08,0.0,0.8999999761581421,0.0,0.39500001072883606,0.0,0.0,0.0,0.005912870984969842,0.8775844968337534,0.0207904173342488,0.42706187533379314,-0.006675822079804661,-0.01163500419623098,0.03376058594644071,3.8109890109890117,16.57582417582418,1.7846153846153854,1.3333333333333357,0.10500610500610463,-2.424908424908425,0.632478632478632,0.0
588762.195383032,1186,0.08,0.0,0.8999999761581421,0.0,0.38999998569488525,0.0,0.0,0.0,0.005912870984969842,0.8775844968337534,0.0207904173342488,0.41828793774319273,-0.006675822079804661,-0.01163500419623098,0.03376058594644071,3.758241758241759,16.602197802197807,1.7572649572649581,1.5111111111111128,0.10500610500610463,-2.424908424908425,0.6080586080586077,0.0
588762.2752533,1187,0.08,0.0,0.8999999761581421,0.0,0.38499999046325684,0.0,0.0,0.0,0.005531395437552433,0.8775844968337534,0.0207904173342488,0.41561760891127086,-0.006675822079804661,-0.01163500419623098,0.03376058594644071,3.7054945054945065,16.628571428571433,1.68888888888889,1.470085470085472,0.10012210012209977,-2.424908424908425,0.5982905982905979,0.0
588762.355238805,1188,0.08,0.0,0.8999999761581421,0.0,0.3799999952316284,0.0,0.0,0.0,0.005912870984969842,0.8775844968337534,0.0207904173342488,0.4079880979629227,-0.006675822079804661,-0.01163500419623098,0.03414206149385812,3.652747252747254,16.628571428571433,1.6752136752136764,1.4017094017094038,0.10012210012209977,-2.424908424908425,0.5885225885225882,0.0
588762.435339799,1189,0.08,0.0,0.8999999761581421,0.0,0.375,0.0,0.0,0.0,0.005531395437552433,0.8775844968337534,0.0207904173342488,0.4056992446784182,-0.006675822079804661,-0.01163500419623098,0.03376058594644071,3.6263736263736277,16.65494505494506,1.6478632478632491,1.3059829059829084,0.10012210012209977,-2.424908424908425,0.5836385836385833,0.0
588762.515238577,1190,0.08,0.0,0.8999999761581421,0.0,0.3700000047683716,0.0,0.0,0.0,0.005531395437552433,0.8775844968337534,0.0207904173342488,0.4007400625619919,-0.006675822079804661,-0.01163500419623098,0.03376058594644071,3.573626373626375,16.65494505494506,1.6068376068376082,1.3470085470085493,0.10012210012209977,-2.4200244200244203,0.5689865689865687,0.0
588762.595716146,1191,0.08,0.0,0.8999999761581421,0.0,0.36500000953674316,0.0,0.0,0.0,0.005912870984969842,0.8775844968337534,0.020027466239413982,0.3957808804455656,-0.006675822079804661,-0.01163500419623098,0.03376058594644071,3.5208791208791226,16.681318681318686,1.6205128205128219,1.210256410256413,0.10012210012209977,-2.424908424908425,0.5641025641025639,0.0
588762.67525627,1192,0.08,0.0,0.8999999761581421,0.0,0.36000001430511475,0.0,0.0,0.0,0.005531395437552433,0.8775844968337534,0.020027466239413982,0.3915846494239741,-0.006675822079804661,-0.01163500419623098,0.03376058594644071,3.4945054945054963,16.707692307692312,1.579487179487181,1.3333333333333357,0.0952380952380949,-2.4200244200244203,0.5543345543345541,0.0
588762.75524629,1193,0.08,0.0,0.8999999761581421,0.0,0.35499998927116394,0.0,0.0,0.0,0.005912870984969842,0.8775844968337534,0.020027466239413982,0.385481040665292,-0.006675822079804661,-0.01163500419623098,0.03376058594644071,3.4417582417582437,16.707692307692312,1.5521367521367537,1.1829059829059858,0.10012210012209977,-2.424908424908425,0.5396825396825395,0.0
588762.835546671,1194,0.08,0.0,0.8999999761581421,0.0,0.3499999940395355,0.0,0.0,0.0,0.005912870984969842,0.8775844968337534,0.020027466239413982,0.38052185854886567,-0.006675822079804661,-0.01163500419623098,0.03376058594644071,3.389010989010991,16.707692307692312,1.5247863247863265,1.2649572649572676,0.10012210012209977,-2.424908424908425,0.5347985347985347,0.0
588762.915258295,1195,0.08,0.0,0.8999999761581421,0.0,0.3449999988079071,0.0,0.0,0.0,0.005912870984969842,0.8775844968337534,0.020027466239413982,0.3744182497901871,-0.006675822079804661,-0.01163500419623098,0.03376058594644071,3.3362637362637386,16.73406593406594,1.4564102564102583,1.1692307692307722,0.10012210012209977,-2.424908424908425,0.5250305250305249,0.0
588762.99525693,1196,0.08,0.0,0.8999999761581421,0.0,0.3400000035762787,0.0,0.0,0.0,0.005912870984969842,0.8775844968337534,0.020027466239413982,0.3698405432211782,-0.006675822079804661,-0.01163500419623098,0.03376058594644071,3.283516483516486,16.73406593406594,1.429059829059831,1.2376068376068403,0.10500610500610463,-2.424908424908425,0.5152625152625152,0.0
588763.075247559,1197,0.08,0.0,0.8999999761581421,0.0,0.33500000834465027,0.0,0.0,0.0,0.005912870984969842,0.8775844968337534,0.020027466239413982,0.36373693446249966,-0.006675822079804661,-0.01163500419623098,0.03376058594644071,3.25714285714286,16.760439560439565,1.4017094017094038,1.1555555555555586,0.10012210012209977,-2.424908424908425,0.5006105006105006,0.0
588763.155241136,1198,0.08,0.0,0.8999999761581421,0.0,0.33000001311302185,0.0,0.0,0.0,0.005912870984969842,0.8775844968337534,0.020027466239413982,0.35992217898832557,-0.006675822079804661,-0.01163500419623098,0.03376058594644071,3.178021978021981,16.760439560439565,1.3470085470085493,1.0871794871794904,0.0952380952380949,-2.4200244200244203,0.49572649572649574,0.0
588763.235244868,1199,0.08,0.0,0.8999999761581421,0.0,0.32499998807907104,0.0,0.0,0.0,0.005912870984969842,0.8775844968337534,0.020027466239413982,0.3534370946822296,-0.006675822079804661,-0.01163500419623098,0.03376058594644071,3.1516483516483547,16.78681318681319,1.3059829059829084,1.1145299145299177,0.10500610500610463,-2.424908424908425,0.485958485958486,0.0
588763.315258442,1200,0.08,0.0,0.8999999761581421,0.0,0.3199999928474426,0.0,0.0,0.0,0.005912870984969842,0.8775844968337534,0.020027466239413982,0.3488593881132207,-0.006675822079804661,-0.01163500419623098,0.03376058594644071,3.098901098901102,16.78681318681319,1.2649572649572676,1.0735042735042768,0.10012210012209977,-2.424908424908425,0.4761904761904763,0.0
588763.395261315,1201,0.08,0.0,0.8999999761581421,0.0,0.3149999976158142,0.0,0.0,0.0,0.005912870984969842,0.8775844968337534,0.020027466239413982,0.34313725490195957,-0.006675822079804661,-0.01163500419623098,0.03376058594644071,3.0461538461538495,16.813186813186817,1.251282051282054,1.210256410256413,0.10012210012209977,-2.424908424908425,0.46642246642246654,0.0
588763.475249043,1202,0.08,0.0,0.8999999761581421,0.0,0.3100000023841858,0.0,0.0,0.0,0.005912870984969842,0.8775844968337534,0.020027466239413982,0.33855954833295065,-0.006675822079804661,-0.01163500419623098,0.03376058594644071,2.993406593406597,16.839560439560444,1.1965811965811994,1.0598290598290632,0.10012210012209977,-2.424908424908425,0.4566544566544568,0.0
588763.555241403,1203,0.08,0.0,0.8999999761581421,0.0,0.3050000071525574,0.0,0.0,0.0,0.005912870984969842,0.8775844968337534,0.020027466239413982,0.33436331731135915,-0.006675822079804661,-0.01163500419623098,0.03376058594644071,2.9406593406593444,16.839560439560444,1.1555555555555586,1.0735042735042768,0.10012210012209977,-2.4200244200244203,0.4468864468864471,0.0
588763.635241869,1204,0.08,0.0,0.8999999761581421,0.0,0.30000001192092896,0.0,0.0,0.0,0.005912870984969842,0.8775844968337534,0.020027466239413982,0.32940413519493283,-0.006675822079804661,-0.01163500419623098,0.03376058594644071,2.914285714285718,16.839560439560444,1.1145299145299177,0.8273504273504244,0.10012210012209977,-2.424908424908425,0.4322344322344325,0.0
588763.715238265,1205,0.08,0.0,0.8999999761581421,0.0,0.29499998688697815,0.0,0.0,0.0,0.005912870984969842,0.8775844968337534,0.020027466239413982,0.3248264286259239,-0.006675822079804661,-0.01163500419623098,0.03376058594644071,2.8615384615384656,16.86593406593407,1.1145299145299177,0.8957264957264996,0.10012210012209977,-2.4200244200244203,0.4273504273504276,0.0
588763.795240547,1206,0.08,0.0,0.8999999761581421,0.0,0.28999999165534973,0.0,0.0,0.0,0.005912870984969842,0.8775844968337534,0.020027466239413982,0.3191042954146628,-0.006675822079804661,-0.01163500419623098,0.03376058594644071,2.7824175824175867,16.892307692307696,1.0735042735042768,0.9641025641025678,0.10012210012209977,-2.424908424908425,0.412698412698413,0.0
588763.875248539,1207,0.08,0.0,0.8999999761581421,0.0,0.2849999964237213,0.0,0.0,0.0,0.005912870984969842,0.8775844968337534,0.020027466239413982,0.3149080643930713,-0.006675822079804661,-0.01163500419623098,0.03376058594644071,2.7560439560439605,16.892307692307696,1.032478632478636,0.8273504273504244,0.10012210012209977,-2.424908424908425,0.40781440781440814,0.0
588763.955245945,1208,0.08,0.0,0.8999999761581421,0.0,0.2800000011920929,0.0,0.0,0.0,0.005912870984969842,0.8775844968337534,0.020027466239413982,0.3076600289921405,-0.006675822079804661,-0.01163500419623098,0.03376058594644071,2.703296703296708,16.892307692307696,0.9777777777777814,0.9094017094017133,0.10012210012209977,-2.4200244200244203,0.3980463980463984,0.0
588764.035245589,1209,0.08,0.0,0.8999999761581421,0.0,0.2750000059604645,0.0,0.0,0.0,0.005912870984969842,0.8775844968337534,0.020027466239413982,0.3038452735179664,-0.006675822079804661,-0.01163500419623098,0.03376058594644071,2.6505494505494553,16.918681318681323,0.9367521367521405,0.7999999999999972,0.10012210012209977,-2.4200244200244203,0.3833943833943838,0.0
588764.115247435,1210,0.08,0.0,0.8999999761581421,0.0,0.27000001072883606,0.0,0.0,0.0,0.005912870984969842,0.8775844968337534,0.020027466239413982,0.2992675669489575,-0.006675822079804661,-0.01163500419623098,0.033379110399023304,2.624175824175829,16.918681318681323,0.9094017094017133,0.9777777777777814,0.10012210012209977,-2.4151404151404154,0.37851037851037894,0.0
588764.195244922,1211,0.08,0.0,0.8999999761581421,0.0,0.26499998569488525,0.0,0.0,0.0,0.005912870984969842,0.8775844968337534,0.020027466239413982,0.2946898603799486,-0.006675822079804661,-0.01163500419623098,0.03414206149385812,2.5450549450549502,16.94505494505495,0.8547008547008517,0.5811965811965791,0.10012210012209977,-2.4200244200244203,0.3589743589743595,0.0
588764.275255687,1212,0.08,0.0,0.8999999761581421,0.0,0.25999999046325684,0.0,0.0,0.0,0.005912870984969842,0.8775844968337534,0.020027466239413982,0.2904936293583571,-0.006675822079804661,-0.01163500419623098,0.03376058594644071,2.5450549450549502,16.94505494505495,0.8547008547008517,0.7179487179487154,0.10500610500610463,-2.4200244200244203,0.3589743589743595,0.0
588764.35524954,1213,0.08,0.0,0.8999999761581421,0.0,0.2549999952316284,0.0,0.0,0.0,0.006294346532387252,0.8775844968337534,0.020027466239413982,0.2828641184100089,-0.006675822079804661,-0.01163500419623098,0.03452353704127553,2.439560439560445,16.971428571428575,0.7999999999999972,0.6358974358974336,0.10012210012209977,-2.4151404151404154,0.33943833943834,0.0
588764.435249591,1214,0.08,0.0,0.8999999761581421,0.0,0.25,0.0,0.0,0.0,0.005912870984969842,0.8775844968337534,0.020027466239413982,0.27981231403066964,-0.006675822079804661,-0.01163500419623098,0.03376058594644071,2.413186813186819,16.9978021978022,0.7589743589743563,0.7452991452991427,0.10500610500610463,-2.424908424908425,0.3443223443223449,0.0
588764.515243695,1215,0.08,0.0,0.8999999761581421,0.0,0.24500000476837158,0.0,0.0,0.0,0.005912870984969842,0.8775844968337534,0.020027466239413982,0.27141985198748664,-0.006675822079804661,-0.01163500419623098,0.03452353704127553,2.33406593406594,16.971428571428575,0.7179487179487154,0.62222222222222,0.10012210012209977,-2.4200244200244203,0.3150183150183157,0.0
588764.595240937,1216,0.08,0.0,0.8999999761581421,0.0,0.23999999463558197,0.0,0.0,0.0,0.005912870984969842,0.8775844968337534,0.020027466239413982,0.2687495231555648,-0.006675822079804661,-0.01163500419623098,0.03376058594644071,2.3076923076923137,16.971428571428575,0.6905982905982881,0.7042735042735018,0.10012210012209977,-2.4151404151404154,0.3150183150183157,0.0
588764.675241703,1217,0.08,0.0,0.8999999761581421,0.0,0.23499999940395355,0.0,0.0,0.0,0.005912870984969842,0.8775844968337534,0.020027466239413982,0.261501487754634,-0.006675822079804661,-0.01163500419623098,0.03414206149385812,2.228571428571435,16.9978021978022,0.6358974358974336,0.5948717948717928,0.10012210012209977,-2.4200244200244203,0.3003663003662993,0.0
588764.755247996,1218,0.08,0.0,0.8999999761581421,0.0,0.23000000417232513,0.0,0.0,0.0,0.005912870984969842,0.8775844968337534,0.020027466239413982,0.2580682078278773,-0.006675822079804661,-0.01163500419623098,0.03414206149385812,2.2021978021978086,16.9978021978022,0.6085470085470064,0.62222222222222,0.10012210012209977,-2.4200244200244203,0.29548229548229443,0.0
588764.835255694,1219,0.08,0.0,0.8999999761581421,0.0,0.22499999403953552,0.0,0.0,0.0,0.005912870984969842,0.8775844968337534,0.020027466239413982,0.25120164797436395,-0.006675822079804661,-0.01163500419623098,0.03452353704127553,2.149450549450556,17.024175824175828,0.5675213675213655,0.6632478632478609,0.10012210012209977,-2.4200244200244203,0.27594627594627497,0.0
588764.915241078,1220,0.08,0.0,0.8999999761581421,0.0,0.2199999988079071,0.0,0.0,0.0,0.005912870984969842,0.8775844968337534,0.020027466239413982,0.2489127946898595,-0.006675822079804661,-0.01163500419623098,0.03414206149385812,2.0967032967033035,17.024175824175828,0.5264957264957246,0.48547008547008375,0.10012210012209977,-2.4200244200244203,0.26617826617826523,0.0
588764.99525623,1221,0.08,0.0,0.8999999761581421,0.0,0.2150000035762787,0.0,0.0,0.0,0.005912870984969842,0.8775844968337534,0.018120088502326936,0.24319066147859836,-0.006294346532387252,-0.01163500419623098,0.03452353704127553,2.070329670329677,17.024175824175828,0.6085470085470064,0.5538461538461519,0.10012210012209977,-2.4200244200244203,0.2564102564102555,0.0
588765.075246054,1222,0.08,0.0,0.8999999761581421,0.0,0.20999999344348907,0.0,0.0,0.0,0.005912870984969842,0.8775844968337534,0.018120088502326936,0.23785000381475463,-0.006294346532387252,-0.01163500419623098,0.03452353704127553,1.9912087912087983,17.050549450549454,0.5811965811965791,0.403418803418802,0.10012210012209977,-2.4200244200244203,0.24664224664224577,0.0
588765.155243669,1223,0.08,0.0,0.8999999761581421,0.0,0.20499999821186066,0.0,0.0,0.0,0.005912870984969842,0.8775844968337534,0.018120088502326936,0.2321278706034935,-0.006294346532387252,-0.01163500419623098,0.03376058594644071,1.964835164835172,17.050549450549454,0.5538461538461519,0.6085470085470064,0.10012210012209977,-2.4200244200244203,0.2417582417582409,0.0
588765.235321437,1224,0.08,0.0,0.8999999761581421,0.0,0.20000000298023224,0.0,0.0,0.0,0.005912870984969842,0.8775844968337534,0.018120088502326936,0.22716868848706717,-0.006294346532387252,-0.01163500419623098,0.03414206149385812,1.8857142857142932,17.050549450549454,0.48547008547008375,0.4170940170940156,0.10012210012209977,-2.4200244200244203,0.2271062271062263,0.0
588765.315248577,1225,0.08,0.0,0.8999999761581421,0.0,0.19499999284744263,0.0,0.0,0.0,0.005912870984969842,0.8775844968337534,0.018120088502326936,0.22182803082322344,-0.006294346532387252,-0.01163500419623098,0.03376058594644071,1.8329670329670407,17.07692307692308,0.4581196581196565,0.49914529914529737,0.10012210012209977,-2.4151404151404154,0.21733821733821657,0.0
588765.395245629,1226,0.08,0.0,0.8999999761581421,0.0,0.1899999976158142,0.0,0.0,0.0,0.005912870984969842,0.8775844968337534,0.018120088502326936,0.2161058976119623,-0.006294346532387252,-0.01163500419623098,0.03376058594644071,1.780219780219788,17.07692307692308,0.4170940170940156,0.3213675213675202,0.10012210012209977,-2.4200244200244203,0.20268620268620197,0.0
588765.475267041,1227,0.08,0.0,0.8999999761581421,0.0,0.1850000023841858,0.0,0.0,0.0,0.005912870984969842,0.8775844968337534,0.018120088502326936,0.21114671549553599,-0.006294346532387252,-0.01163500419623098,0.033379110399023304,1.7538461538461618,17.07692307692308,0.403418803418802,0.37606837606837473,0.10012210012209977,-2.4200244200244203,0.1978021978021971,0.0
588765.555245631,1228,0.08,0.0,0.8999999761581421,0.0,0.18000000715255737,0.0,0.0,0.0,0.005912870984969842,0.8775844968337534,0.018120088502326936,0.20542458228427485,-0.006294346532387252,-0.01163500419623098,0.03376058594644071,1.6747252747252688,17.103296703296706,0.3487179487179475,0.3076923076923066,0.10012210012209977,-2.4151404151404154,0.18803418803418737,0.0
588765.63524844,1229,0.08,0.0,0.8999999761581421,0.0,0.17499999701976776,0.0,0.0,0.0,0.005912870984969842,0.8775844968337534,0.018120088502326936,0.20160982681010076,-0.006294346532387252,-0.01163500419623098,0.03376058594644071,1.6483516483516425,17.103296703296706,0.3076923076923066,0.38974358974358836,0.10012210012209977,-2.4200244200244203,0.17826617826617763,0.0
588765.71521442,1230,0.08,0.0,0.8999999761581421,0.0,0.17000000178813934,0.0,0.0,0.0,0.005912870984969842,0.8775844968337534,0.018120088502326936,0.1951247425040048,-0.006294346532387252,-0.01163500419623098,0.03376058594644071,1.59560439560439,17.103296703296706,0.2666666666666657,0.3623931623931611,0.10012210012209977,-2.4151404151404154,0.16361416361416303,0.0
588765.795241846,1231,0.08,0.0,0.8999999761581421,0.0,0.16500000655651093,0.0,0.0,0.0,0.005912870984969842,0.8775844968337534,0.018120088502326936,0.1913099870298307,-0.006294346532387252,-0.01163500419623098,0.033379110399023304,1.5428571428571374,17.129670329670333,0.2119658119658112,0.294017094017093,0.0952380952380949,-2.4200244200244203,0.15873015873015817,0.0
588765.875221784,1232,0.08,0.0,0.8999999761581421,0.0,0.1599999964237213,0.0,0.0,0.0,0.005912870984969842,0.8775844968337534,0.018120088502326936,0.18444342717631734,-0.006294346532387252,-0.01163500419623098,0.03376058594644071,1.4901098901098848,17.129670329670333,0.18461538461538396,0.33504273504273385,0.10500610500610463,-2.4200244200244203,0.14896214896214843,0.0
588765.955245193,1233,0.08,0.0,0.8999999761581421,0.0,0.1550000011920929,0.0,0.0,0.0,0.005912870984969842,0.8775844968337534,0.018120088502326936,0.18101014724956066,-0.006294346532387252,-0.01163500419623098,0.03376058594644071,1.4373626373626323,17.129670329670333,0.12991452991452945,0.18461538461538396,0.10012210012209977,-2.4151404151404154,0.1391941391941387,0.0
588766.035244285,1234,0.08,0.0,0.8999999761581421,0.0,0.15000000596046448,0.0,0.0,0.0,0.005912870984969842,0.8775844968337534,0.018120088502326936,0.17681391622796916,-0.006294346532387252,-0.01163500419623098,0.033379110399023304,1.3846153846153797,17.129670329670333,0.1025641025641022,0.2119658119658112,0.10012210012209977,-2.4200244200244203,0.12942612942612897,0.0
588766.115249235,1235,0.08,0.0,0.8999999761581421,0.0,0.14499999582767487,0.0,0.0,0.0,0.005912870984969842,0.8775844968337534,0.018120088502326936,0.17109178301670802,-0.006294346532387252,-0.01163500419623098,0.03376058594644071,1.3318681318681271,17.15604395604396,0.07521367521367495,0.02051282051282044,0.0952380952380949,-2.4200244200244203,0.11477411477411437,0.0
588766.195241623,1236,0.08,0.0,0.8999999761581421,0.0,0.14000000059604645,0.0,0.0,0.0,0.005912870984969842,0.8775844968337534,0.018120088502326936,0.1665140764476991,-0.006294346532387252,-0.01163500419623098,0.033379110399023304,1.3054945054945009,17.15604395604396,0.04786324786324769,0.18461538461538396,0.10012210012209977,-2.4200244200244203,0.10500610500610463,0.0
588766.275245898,1237,0.08,0.0,0.8999999761581421,0.0,0.13500000536441803,0.0,0.0,0.0,0.005912870984969842,0.8775844968337534,0.018120088502326936,0.15964751659418575,-0.006294346532387252,-0.01163500419623098,0.03376058594644071,1.226373626373622,17.15604395604396,-0.006837606837606813,0.04786324786324769,0.10012210012209977,-2.4200244200244203,0.0952380952380949,0.0
588766.355299483,1238,0.08,0.0,0.8999999761581421,0.0,0.12999999523162842,0.0,0.0,0.0,0.005912870984969842,0.8775844968337534,0.018120088502326936,0.15659571221484647,-0.006294346532387252,-0.01163500419623098,0.033379110399023304,1.1999999999999957,17.182417582417585,-0.04786324786324769,0.1025641025641022,0.0952380952380949,-2.4200244200244203,0.08547008547008517,0.0
588766.435632039,1239,0.08,0.0,0.8999999761581421,0.0,0.125,0.0,0.0,0.0,0.005912870984969842,0.8775844968337534,0.018120088502326936,0.14858472571908088,-0.006294346532387252,-0.01163500419623098,0.03414206149385812,1.120879120879117,17.15604395604396,-0.1025641025641022,0.02051282051282044,0.0952380952380949,-2.4151404151404154,0.07081807081807057,0.0
588766.515247628,1240,0.08,0.0,0.8999999761581421,0.0,0.11999999731779099,0.0,0.0,0.0,0.005912870984969842,0.8775844968337534,0.018120088502326936,0.14629587243457642,-0.006294346532387252,-0.01163500419623098,0.033379110399023304,1.0681318681318643,17.20879120879121,-0.14358974358974308,-0.03418803418803407,0.0952380952380949,-2.4200244200244203,0.0659340659340657,0.0
588766.595247829,1241,0.08,0.0,0.8999999761581421,0.0,0.11500000208616257,0.0,0.0,0.0,0.005912870984969842,0.8775844968337534,0.018120088502326936,0.14209964141298492,-0.006294346532387252,-0.01163500419623098,0.032997634851605895,1.041758241758238,17.182417582417585,-0.14358974358974308,0.14358974358974308,0.0952380952380949,-2.4200244200244203,0.06105006105006083,0.0
588766.675253642,1242,0.08,0.0,0.8999999761581421,0.0,0.10999999940395355,0.0,0.0,0.0,0.008583199816891707,0.8775844968337534,0.018120088502326936,0.13599603265430638,-0.006294346532387252,-0.01163500419623098,0.033379110399023304,0.8043956043956015,17.182417582417585,-0.1982905982905976,-0.08888888888888857,0.0952380952380949,-2.424908424908425,0.0512820512820511,0.0
588766.755251551,1243,0.08,0.0,0.8999999761581421,0.0,0.10499999672174454,0.0,0.0,0.0,0.008583199816891707,0.8775844968337534,0.01697566186007471,0.1325627527275497,-0.006294346532387252,-0.01163500419623098,0.032997634851605895,0.7780219780219753,17.182417582417585,0.04786324786324769,-0.12991452991452945,0.0952380952380949,-2.4200244200244203,0.0512820512820511,0.0
588766.835246036,1244,0.08,0.0,0.8999999761581421,0.0,0.10000000149011612,0.0,0.0,0.0,0.008964675364309116,0.8775844968337534,0.01163500419623098,0.12569619287403633,-0.006294346532387252,-0.01163500419623098,0.03376058594644071,0.6989010989010964,17.182417582417585,0.1572649572649567,-0.3213675213675202,0.0952380952380949,-2.4200244200244203,0.0219780219780219,0.0
588766.915286192,1245,0.08,0.0,0.8999999761581421,0.0,0.0949999988079071,0.0,0.0,0.0,0.008583199816891707,0.8775844968337534,0.01163500419623098,0.12149996185244483,-0.006294346532387252,-0.01163500419623098,0.033379110399023304,0.6989010989010964,17.20879120879121,0.12991452991452945,-0.06153846153846132,0.0952380952380949,-2.424908424908425,0.0073260073260073,0.0
588766.99524821,1246,0.08,0.0,0.8999999761581421,0.0,0.09000000357627869,0.0,0.0,0.0,0.008964675364309116,0.8775844968337534,0.01163500419623098,0.11425192645151405,-0.006294346532387252,-0.01163500419623098,0.033379110399023304,0.5934065934065913,17.20879120879121,0.07521367521367495,-0.28034188034187935,0.0952380952380949,-2.4200244200244203,-0.0024420024420024333,0.0
588767.075255754,1247,0.08,0.0,0.8999999761581421,0.0,0.08500000089406967,0.0,0.0,0.0,0.008583199816891707,0.8775844968337534,0.01163500419623098,0.10967421988250514,-0.006294346532387252,-0.01163500419623098,0.032997634851605895,0.567032967032965,17.235164835164838,0.04786324786324769,0.006837606837606813,0.09035409035409003,-2.4200244200244203,-0.017094017094017033,0.0
588767.155246308,1248,0.08,0.0,0.8999999761581421,0.0,0.07999999821186066,0.0,0.0,0.0,0.008583199816891707,0.8775844968337534,0.01163500419623098,0.103952086671244,-0.006294346532387252,-0.01163500419623098,0.033379110399023304,0.4879120879120862,17.235164835164838,-0.006837606837606813,-0.2666666666666657,0.0952380952380949,-2.4151404151404154,-0.026862026862026767,0.0
588767.235239107,1249,0.08,0.0,0.8999999761581421,0.0,0.07500000298023224,0.0,0.0,0.0,0.008583199816891707,0.8775844968337534,0.01163500419623098,0.0997558556496525,-0.006294346532387252,-0.01163500419623098,0.032997634851605895,0.4351648351648336,17.20879120879121,-0.03418803418803407,-0.23931623931623847,0.0952380952380949,-2.4200244200244203,-0.03174603174603163,0.0
588767.315255075,1250,0.08,0.0,0.8999999761581421,0.0,0.07000000029802322,0.0,0.0,0.0,0.008583199816891707,0.8775844968337534,0.01163500419623098,0.09288929579613914,-0.006294346532387252,-0.01163500419623098,0.033379110399023304,0.38241758241758106,17.20879120879121,-0.08888888888888857,-0.28034188034187935,0.0952380952380949,-2.4200244200244203,-0.04639804639804623,0.0
588767.395273178,1251,0.08,0.0,0.8999999761581421,0.0,0.06499999761581421,0.0,0.0,0.0,0.008583199816891707,0.8775844968337534,0.01163500419623098,0.08983749141679986,-0.006294346532387252,-0.01163500419623098,0.033379110399023304,0.3296703296703285,17.20879120879121,-0.12991452991452945,-0.28034188034187935,0.0952380952380949,-2.4200244200244203,-0.056166056166055967,0.0
588767.475247417,1252,0.08,0.0,0.8999999761581421,0.0,0.05999999865889549,0.0,0.0,0.0,0.008583199816891707,0.8775844968337534,0.01163500419623098,0.08258945601586909,-0.006294346532387252,-0.01163500419623098,0.033379110399023304,0.3032967032967022,17.20879120879121,-0.1572649572649567,-0.1982905982905976,0.0952380952380949,-2.4200244200244203,-0.0659340659340657,0.0
588767.555240631,1253,0.08,0.0,0.8999999761581421,0.0,0.054999999701976776,0.0,0.0,0.0,0.008583199816891707,0.8775844968337534,0.01163500419623098,0.08030060273136463,-0.006294346532387252,-0.01163500419623098,0.032997634851605895,0.22417582417582338,17.235164835164838,-0.2119658119658112,-0.4854700854700873,0.09035409035409003,-2.4200244200244203,-0.07570207570207543,0.0
588767.635275273,1254,0.08,0.0,0.8999999761581421,0.0,0.05000000074505806,0.0,0.0,0.0,0.008583199816891707,0.8775844968337534,0.01163500419623098,0.07267109178301645,-0.006294346532387252,-0.01163500419623098,0.032997634851605895,0.22417582417582338,17.235164835164838,-0.22564102564102484,-0.2119658119658112,0.09035409035409003,-2.4200244200244203,-0.08547008547008517,0.0
588767.715247308,1255,0.08,0.0,0.8999999761581421,0.0,0.04500000178813934,0.0,0.0,0.0,0.008583199816891707,0.8775844968337534,0.01163500419623098,0.06809338521400754,-0.006294346532387252,-0.01163500419623098,0.032997634851605895,0.11868131868131826,17.261538461538464,-0.294017094017093,-0.38974358974358836,0.09035409035409003,-2.4200244200244203,-0.10500610500610463,0.0
588767.79524195,1256,0.08,0.0,0.8999999761581421,0.0,0.03999999910593033,0.0,0.0,0.0,0.008583199816891707,0.8775844968337534,0.01163500419623098,0.06504158083466827,-0.006294346532387252,-0.01163500419623098,0.032997634851605895,0.0659340659340657,17.235164835164838,-0.3213675213675202,-0.38974358974358836,0.09035409035409003,-2.4200244200244203,-0.1098901098901095,0.0
588767.875250774,1257,0.08,0.0,0.8999999761581421,0.0,0.03500000014901161,0.0,0.0,0.0,0.008583199816891707,0.8775844968337534,0.01163500419623098,0.05931944762340713,-0.006294346532387252,-0.01163500419623098,0.033379110399023304,0.03956043956043942,17.235164835164838,-0.3623931623931611,-0.6358974358974372,0.09035409035409003,-2.4151404151404154,-0.1245421245421241,0.0
588767.955864214,1258,0.08,0.0,0.8999999761581421,0.0,0.029999999329447746,0.0,0.0,0.0,0.008583199816891707,0.8775844968337534,0.01163500419623098,0.05436026550698081,-0.006294346532387252,-0.01163500419623098,0.032997634851605895,-0.01318681318681314,17.235164835164838,-0.37606837606837473,-0.4854700854700873,0.09035409035409003,-2.4200244200244203,-0.1245421245421241,0.0
588768.03524093,1259,0.08,0.0,0.8999999761581421,0.0,0.02500000037252903,0.0,0.0,0.0,0.008583199816891707,0.8775844968337534,0.01163500419623098,0.04787518120088485,-0.006294346532387252,-0.01163500419623098,0.033379110399023304,-0.0659340659340657,17.235164835164838,-0.43076923076922924,-0.6358974358974372,0.09035409035409003,-2.4200244200244203,-0.14407814407814357,0.0
588768.115251331,1260,0.08,0.0,0.8999999761581421,0.0,0.019999999552965164,0.0,0.0,0.0,0.008583199816891707,0.8775844968337534,0.01163500419623098,0.04367895017929335,-0.006294346532387252,-0.01163500419623098,0.032997634851605895,-0.11868131868131826,17.261538461538464,-0.47179487179487367,-0.45811965811966004,0.09035409035409003,-2.4200244200244203,-0.14896214896214843,0.0
588768.195241266,1261,0.08,0.0,0.8999999761581421,0.0,0.014999999664723873,0.0,0.0,0.0,0.008583199816891707,0.8775844968337534,0.01163500419623098,0.03681239032577999,-0.006294346532387252,-0.01163500419623098,0.033379110399023304,-0.17142857142857082,17.235164835164838,-0.5264957264957282,-0.5811965811965827,0.09035409035409003,-2.4200244200244203,-0.16849816849816968,0.0
588768.275244009,1262,0.08,0.0,0.8999999761581421,0.0,0.009999999776482582,0.0,0.0,0.0,0.008583199816891707,0.8775844968337534,0.01163500419623098,0.033379110399023304,-0.006294346532387252,-0.01163500419623098,0.032997634851605895,-0.22417582417582338,17.261538461538464,-0.5675213675213691,-0.5948717948717963,0.09035409035409003,-2.4200244200244203,-0.1782661782661794,0.0
588768.355247163,1263,0.08,0.0,0.8999999761581421,0.0,0.004999999888241291,0.0,0.0,0.0,0.008583199816891707,0.8775844968337534,0.01163500419623098,0.026894026092927348,-0.006294346532387252,-0.01163500419623098,0.033379110399023304,-0.25054945054944966,17.235164835164838,-0.5948717948717963,-0.6358974358974372,0.09035409035409003,-2.4200244200244203,-0.192918192918194,0.0
588768.43524486,1264,0.08,0.0,0.8999999761581421,0.0,0.0,0.0,0.0,0.0,0.008583199816891707,0.8775844968337534,0.01163500419623098,0.023460746166170665,-0.006294346532387252,-0.01163500419623098,0.033379110399023304,-0.3296703296703285,17.261538461538464,-0.6495726495726508,-0.717948717948719,0.09035409035409003,-2.4151404151404154,-0.192918192918194,0.0
588768.515245942,1265,0.08,0.0,0.8999999761581421,0.0,0.0,0.0,0.0,0.0,0.008583199816891707,0.8775844968337534,0.01163500419623098,0.019645990691996573,-0.006294346532387252,-0.01163500419623098,0.032997634851605895,-0.3560439560439548,17.235164835164838,-0.6769230769230781,-0.6905982905982917,0.0952380952380949,-2.4151404151404154,-0.20268620268620374,0.0
588768.595242647,1266,0.08,0.0,0.8999999761581421,0.0,0.0,0.0,0.0,0.0,0.008583199816891707,0.8775844968337534,0.01163500419623098,0.015449759670405072,-0.006294346532387252,-0.01163500419623098,0.032997634851605895,-0.4351648351648336,17.261538461538464,-0.717948717948719,-0.6632478632478644,0.09035409035409003,-2.4200244200244203,-0.21245421245421348,0.0
588768.675255736,1267,0.08,0.0,0.8999999761581421,0.0,0.0,0.0,0.0,0.0,0.008583199816891707,0.8775844968337534,0.01163500419623098,0.013923857480735435,-0.006294346532387252,-0.01163500419623098,0.03147173266193626,-0.4351648351648336,17.235164835164838,-0.717948717948719,-0.5264957264957282,0.09035409035409003,-2.4151404151404154,-0.19780219780219888,0.0
588768.755241457,1268,0.08,0.0,0.8999999761581421,0.0,0.0,0.0,0.0,0.0,0.008583199816891707,0.8775844968337534,0.01163500419623098,0.013542381933318026,-0.006294346532387252,-0.01163500419623098,0.03070878156710144,-0.4615384615384599,17.235164835164838,-0.7452991452991462,-0.5675213675213691,0.09035409035409003,-2.4200244200244203,-0.19780219780219888,0.0
588768.835262332,1269,0.08,0.0,0.8999999761581421,0.0,0.0,0.0,0.0,0.0,0.008583199816891707,0.8775844968337534,0.007438773174639479,0.013542381933318026,-0.006294346532387252,-0.01163500419623098,0.03070878156710144,-0.4615384615384599,17.261538461538464,-0.37606837606837473,-0.5675213675213691,0.08547008547008517,-2.4200244200244203,-0.20268620268620374,0.0
588768.915240899,1270,0.08,0.0,0.8999999761581421,0.0,0.0,0.0,0.0,0.0,0.008583199816891707,0.8775844968337534,0.00705729762722207,0.013542381933318026,-0.005912870984969842,-0.01163500419623098,0.03070878156710144,-0.4615384615384599,17.235164835164838,-0.43076923076922924,-0.6222222222222236,0.08547008547008517,-2.4151404151404154,-0.21733821733821834,0.0
588768.995241613,1271,0.08,0.0,0.8999999761581421,0.0,0.0,0.0,0.0,0.0,0.008583199816891707,0.8775844968337534,0.00705729762722207,0.013542381933318026,-0.005912870984969842,-0.01163500419623098,0.03032730601968403,-0.4879120879120862,17.235164835164838,-0.4170940170940156,-0.6085470085470099,0.08547008547008517,-2.4200244200244203,-0.21245421245421348,0.0
588769.075259339,1272,0.08,0.0,0.8999999761581421,0.0,0.0,0.0,0.0,0.0,0.008583199816891707,0.8775844968337534,0.00705729762722207,0.013542381933318026,-0.005912870984969842,-0.01163500419623098,0.03032730601968403,-0.4615384615384599,17.235164835164838,-0.43076923076922924,-0.5811965811965827,0.08547008547008517,-2.4200244200244203,-0.2075702075702086,0.0
588769.155241456,1273,0.08,0.0,0.8999999761581421,0.0,0.0,0.0,0.0,0.0,0.008583199816891707,0.8775844968337534,0.00705729762722207,0.013542381933318026,-0.005912870984969842,-0.01163500419623098,0.03032730601968403,-0.4615384615384599,17.235164835164838,-0.4170940170940156,-0.6085470085470099,0.08547008547008517,-2.4200244200244203,-0.2075702075702086,0.0
588769.235249002,1274,0.08,0.0,0.8999999761581421,0.0,0.0,0.0,0.0,0.0,0.008583199816891707,0.8775844968337534,0.00705729762722207,0.013542381933318026,-0.005912870984969842,-0.01163500419623098,0.03032730601968403,-0.4615384615384599,17.261538461538464,-0.43076923076922924,-0.6222222222222236,0.08547008547008517,-2.4200244200244203,-0.2075702075702086,0.0
588769.315244336,1275,0.08,0.0,0.8999999761581421,0.0,0.0,0.0,0.0,0.0,0.008583199816891707,0.8775844968337534,0.00705729762722207,0.013542381933318026,-0.005912870984969842,-0.01163500419623098,0.03032730601968403,-0.4879120879120862,17.235164835164838,-0.43076923076922924,-0.6085470085470099,0.09035409035409003,-2.4200244200244203,-0.21245421245421348,0.0
588769.395240826,1276,0.08,0.0,0.8999999761581421,0.0,0.0,0.0,0.0,0.0,0.008583199816891707,0.8775844968337534,0.00705729762722207,0.013542381933318026,-0.005912870984969842,-0.01163500419623098,0.03032730601968403,-0.4615384615384599,17.261538461538464,-0.4170940170940156,-0.6085470085470099,0.08547008547008517,-2.4200244200244203,-0.2075702075702086,0.0
588769.475238829,1277,0.08,0.0,0.8999999761581421,0.0,0.0,0.0,0.0,0.0,0.008583199816891707,0.8775844968337534,0.00705729762722207,0.013542381933318026,-0.005912870984969842,-0.01163500419623098,0.03032730601968403,-0.4615384615384599,17.235164835164838,-0.4170940170940156,-0.6222222222222236,0.08547008547008517,-2.4200244200244203,-0.21245421245421348,0.0
588769.555244603,1278,0.08,0.0,0.8999999761581421,0.0,0.0,0.0,0.0,0.0,0.008583199816891707,0.8775844968337534,0.00705729762722207,0.013542381933318026,-0.005912870984969842,-0.01163500419623098,0.03032730601968403,-0.4879120879120862,17.235164835164838,-0.4444444444444464,-0.5948717948717963,0.08547008547008517,-2.4200244200244203,-0.21245421245421348,0.0
588769.635245743,1279,0.08,0.0,0.8999999761581421,0.0,0.0,0.0,0.0,0.0,0.008583199816891707,0.8775844968337534,0.00705729762722207,0.013542381933318026,-0.005912870984969842,-0.01163500419623098,0.03032730601968403,-0.4615384615384599,17.261538461538464,-0.43076923076922924,-0.5948717948717963,0.08547008547008517,-2.4200244200244203,-0.21245421245421348,0.0
588769.715246019,1280,0.08,0.0,0.8999999761581421,0.0,0.0,0.0,0.0,0.0,0.008583199816891707,0.8775844968337534,0.00705729762722207,0.013542381933318026,-0.005912870984969842,-0.01163500419623098,0.03032730601968403,-0.4615384615384599,17.235164835164838,-0.43076923076922924,-0.6085470085470099,0.08547008547008517,-2.4200244200244203,-0.21245421245421348,0.0
588769.795239908,1281,0.08,0.0,0.8999999761581421,0.0,0.0,0.0,0.0,0.0,0.008583199816891707,0.8775844968337534,0.00705729762722207,0.013542381933318026,-0.005912870984969842,-0.01163500419623098,0.03032730601968403,-0.4615384615384599,17.261538461538464,-0.43076923076922924,-0.5948717948717963,0.08547008547008517,-2.4200244200244203,-0.21245421245421348,0.0
588769.875259814,1282,0.08,0.0,0.8999999761581421,0.0,0.0,0.0,0.0,0.0,0.008583199816891707,0.8775844968337534,0.00705729762722207,0.013542381933318026,-0.005912870984969842,-0.01163500419623098,0.03032730601968403,-0.4879120879120862,17.235164835164838,-0.43076923076922924,-0.5948717948717963,0.0805860805860803,-2.4200244200244203,-0.21245421245421348,0.0
588769.955249115,1283,0.08,0.0,0.8999999761581421,0.0,0.0,0.0,0.0,0.0,0.008583199816891707,0.8775844968337534,0.00705729762722207,0.013542381933318026,-0.005912870984969842,-0.01163500419623098,0.03032730601968403,-0.4615384615384599,17.235164835164838,-0.43076923076922924,-0.6085470085470099,0.08547008547008517,-2.4200244200244203,-0.2075702075702086,0.0
588770.035246921,1284,0.08,0.0,0.8999999761581421,0.0,0.0,0.0,0.0,0.0,0.008583199816891707,0.8775844968337534,0.00705729762722207,0.013542381933318026,-0.005912870984969842,-0.01163500419623098,0.03032730601968403,-0.4615384615384599,17.261538461538464,-0.4170940170940156,-0.5948717948717963,0.09035409035409003,-2.4151404151404154,-0.2075702075702086,0.0
588770.11525311,1285,0.08,0.0,0.8999999761581421,0.0,0.0,0.0,0.0,0.0,0.008583199816891707,0.8775844968337534,0.00705729762722207,0.013542381933318026,-0.005912870984969842,-0.01163500419623098,0.03032730601968403,-0.4615384615384599,17.235164835164838,-0.4444444444444464,-0.6222222222222236,0.08547008547008517,-2.4200244200244203,-0.21245421245421348,0.0
588770.195256705,1286,0.08,0.0,0.8999999761581421,0.0,0.0,0.0,0.0,0.0,0.008583199816891707,0.8775844968337534,0.00705729762722207,0.013542381933318026,-0.005912870984969842,-0.01163500419623098,0.03032730601968403,-0.4615384615384599,17.235164835164838,-0.43076923076922924,-0.6085470085470099,0.08547008547008517,-2.4200244200244203,-0.2075702075702086,0.0
588770.275393467,1287,0.08,0.0,0.8999999761581421,0.0,0.0,0.0,0.0,0.0,0.008583199816891707,0.8775844968337534,0.00705729762722207,0.013542381933318026,-0.005912870984969842,-0.01163500419623098,0.03032730601968403,-0.4615384615384599,17.235164835164838,-0.43076923076922924,-0.5948717948717963,0.08547008547008517,-2.4200244200244203,-0.21245421245421348,0.0
588770.35524701,1288,0.08,0.0,0.8999999761581421,0.0,0.0,0.0,0.0,0.0,0.008583199816891707,0.8775844968337534,0.00705729762722207,0.013542381933318026,-0.005912870984969842,-0.01163500419623098,0.03032730601968403,-0.4615384615384599,17.235164835164838,-0.4170940170940156,-0.6085470085470099,0.08547008547008517,-2.4200244200244203,-0.2075702075702086,0.0
588770.435242306,1289,0.08,0.0,0.8999999761581421,0.0,0.0,0.0,0.0,0.0,0.008583199816891707,0.8775844968337534,0.00705729762722207,0.013542381933318026,-0.005912870984969842,-0.01163500419623098,0.03032730601968403,-0.4615384615384599,17.235164835164838,-0.43076923076922924,-0.6085470085470099,0.08547008547008517,-2.4200244200244203,-0.21245421245421348,0.0
588770.515247776,1290,0.08,0.0,0.8999999761581421,0.0,0.0,0.0,0.0,0.0,0.008583199816891707,0.8775844968337534,0.00705729762722207,0.013542381933318026,-0.005912870984969842,-0.01163500419623098,0.03032730601968403,-0.4615384615384599,17.235164835164838,-0.43076923076922924,-0.6085470085470099,0.08547008547008517,-2.4151404151404154,-0.2075702075702086,0.0
588770.595240878,1291,0.08,0.0,0.8999999761581421,0.0,0.0,0.0,0.0,0.0,0.008583199816891707,0.8775844968337534,0.00705729762722207,0.013542381933318026,-0.005912870984969842,-0.01163500419623098,0.03032730601968403,-0.4615384615384599,17.235164835164838,-0.43076923076922924,-0.5948717948717963,0.08547008547008517,-2.4200244200244203,-0.21245421245421348,0.0
588770.675256641,1292,0.08,0.0,0.8999999761581421,0.0,0.0,0.0,0.0,0.0,0.008583199816891707,0.8775844968337534,0.00705729762722207,0.013542381933318026,-0.005912870984969842,-0.01163500419623098,0.03032730601968403,-0.4879120879120862,17.235164835164838,-0.43076923076922924,-0.6222222222222236,0.08547008547008517,-2.4200244200244203,-0.21245421245421348,0.0
588770.755238474,1293,0.08,0.0,0.8999999761581421,0.0,0.0,0.0,0.0,0.0,0.008583199816891707,0.8775844968337534,0.00705729762722207,0.013542381933318026,-0.005912870984969842,-0.01163500419623098,0.03032730601968403,-0.4615384615384599,17.235164835164838,-0.43076923076922924,-0.5948717948717963,0.08547008547008517,-2.4151404151404154,-0.21245421245421348,0.0
588770.835247896,1294,0.08,0.0,0.8999999761581421,0.0,0.0,0.0,0.0,0.0,0.008583199816891707,0.8775844968337534,0.00705729762722207,0.013542381933318026,-0.005912870984969842,-0.01163500419623098,0.03032730601968403,-0.4615384615384599,17.235164835164838,-0.43076923076922924,-0.6222222222222236,0.0805860805860803,-2.4151404151404154,-0.21245421245421348,0.0
588770.915258039,1295,0.08,0.0,0.8949999809265137,0.0,0.0,0.0,0.0,0.0,0.008583199816891707,0.8775844968337534,0.00705729762722207,0.013542381933318026,-0.005912870984969842,-0.01163500419623098,0.03032730601968403,-0.4615384615384599,17.235164835164838,-0.4170940170940156,-0.5948717948717963,0.08547008547008517,-2.4200244200244203,-0.21245421245421348,0.0
588770.995246023,1296,0.08,0.0,0.8899999260902405,0.0,0.0,0.0,0.0,0.0,0.008583199816891707,0.8775844968337534,0.00705729762722207,0.013542381933318026,-0.005912870984969842,-0.01163500419623098,0.03032730601968403,-0.4615384615384599,16.892307692307696,-0.43076923076922924,-0.6085470085470099,0.0805860805860803,-2.4200244200244203,-0.2075702075702086,0.0
588771.075245556,1297,0.08,0.0,0.8849999904632568,0.0,0.0,0.0,0.0,0.0,0.008583199816891707,0.8775844968337534,0.00705729762722207,0.013542381933318026,-0.005912870984969842,-0.01163500419623098,0.03032730601968403,-0.4615384615384599,16.57582417582418,-0.43076923076922924,-0.5948717948717963,0.08547008547008517,-2.4200244200244203,-0.2075702075702086,0.0
588771.155241245,1298,0.08,0.0,0.8799999952316284,0.0,0.0,0.0,0.0,0.0,0.008583199816891707,0.877203021286336,0.00705729762722207,0.013542381933318026,-0.005912870984969842,-0.01163500419623098,0.03032730601968403,-0.4615384615384599,16.259340659340666,-0.43076923076922924,-0.6085470085470099,0.0805860805860803,-2.4200244200244203,-0.21245421245421348,0.0
588771.23524019,1299,0.08,0.0,0.8749999403953552,0.0,0.0,0.0,0.0,0.0,0.008583199816891707,0.8760585946440838,0.00705729762722207,0.013542381933318026,-0.005912870984969842,-0.01163500419623098,0.03032730601968403,-0.4615384615384599,16.048351648351655,-0.43076923076922924,-0.5948717948717963,0.08547008547008517,-2.4102564102564106,-0.2075702075702086,0.0
588771.315254509,1300,0.08,0.0,0.8699999451637268,0.0,0.0,0.0,0.0,0.0,0.008583199816891707,0.8745326924544141,0.00705729762722207,0.013542381933318026,-0.005912870984969842,-0.01201647974364839,0.03032730601968403,-0.4615384615384599,15.73186813186814,-0.4170940170940156,-0.5948717948717963,0.08547008547008517,-2.4102564102564106,-0.2075702075702086,0.0
588771.395250896,1301,0.08,0.0,0.8650000095367432,0.0,0.0,0.0,0.0,0.0,0.008583199816891707,0.8741512169069967,0.00705729762722207,0.013542381933318026,-0.005912870984969842,-0.01201647974364839,0.03032730601968403,-0.4615384615384599,15.362637362637372,-0.4444444444444464,-0.6085470085470099,0.08547008547008517,-2.4053724053724057,-0.2075702075702086,0.0
588771.475242348,1302,0.08,0.0,0.85999995470047,0.0,0.0,0.0,0.0,0.0,0.008583199816891707,0.8745326924544141,0.00705729762722207,0.013542381933318026,-0.005912870984969842,-0.01201647974364839,0.03032730601968403,-0.4615384615384599,15.019780219780216,-0.4444444444444464,-0.6085470085470099,0.09035409035409003,-2.4053724053724057,-0.2075702075702086,0.0
588771.555246176,1303,0.08,0.0,0.8549999594688416,0.0,0.0,0.0,0.0,0.0,0.008583199816891707,0.8722438391699097,0.00705729762722207,0.013542381933318026,-0.005912870984969842,-0.012779430838483208,0.03032730601968403,-0.4615384615384599,14.914285714285711,-0.4170940170940156,-0.6085470085470099,0.08547008547008517,-2.3663003663003668,-0.2075702075702086,0.0
588771.635245661,1304,0.08,0.0,0.8499999642372131,0.0,0.0,0.0,0.0,0.0,0.008583199816891707,0.8646143282215615,0.00705729762722207,0.013542381933318026,-0.005912870984969842,-0.023079270618753256,0.03032730601968403,-0.4615384615384599,15.204395604395614,-0.43076923076922924,-0.5811965811965827,0.08547008547008517,-2.253968253968254,-0.2075702075702086,0.0
588771.715245964,1305,0.08,0.0,0.8449999690055847,0.0,0.0,0.0,0.0,0.0,0.008583199816891707,0.8550774395361262,0.00705729762722207,0.013542381933318026,-0.005912870984969842,-0.02536812390325771,0.03032730601968403,-0.4615384615384599,15.257142857142867,-0.43076923076922924,-0.5948717948717963,0.0805860805860803,-2.2637362637362637,-0.2075702075702086,0.0
588771.795249521,1306,0.08,0.0,0.8399999737739563,0.0,0.0,0.0,0.0,0.0,0.008583199816891707,0.8459220263981084,0.00705729762722207,0.013542381933318026,-0.005912870984969842,-0.02536812390325771,0.03032730601968403,-0.4615384615384599,15.494505494505503,-0.43076923076922924,-0.5811965811965827,0.0805860805860803,-2.258852258852259,-0.2075702075702086,0.0
588771.875252515,1307,0.08,0.0,0.8349999785423279,0.0,0.0,0.0,0.0,0.0,0.008583199816891707,0.8375295643549254,0.00705729762722207,0.013542381933318026,-0.005912870984969842,-0.024223697261005483,0.03032730601968403,-0.4615384615384599,15.679120879120887,-0.43076923076922924,-0.6085470085470099,0.0805860805860803,-2.249084249084249,-0.2075702075702086,0.0
588771.955252525,1308,0.08,0.0,0.8299999833106995,0.0,0.0,0.0,0.0,0.0,0.008583199816891707,0.8314259555962469,0.00705729762722207,0.013542381933318026,-0.005912870984969842,-0.024986648355840302,0.03032730601968403,-0.4615384615384599,15.600000000000009,-0.43076923076922924,-0.5948717948717963,0.0805860805860803,-2.214896214896215,-0.2075702075702086,0.0
588772.035279201,1309,0.08,0.0,0.824999988079071,0.0,0.0,0.0,0.0,0.0,0.008583199816891707,0.8295185778591598,0.00705729762722207,0.013542381933318026,-0.005912870984969842,-0.02155336842908362,0.02994583047226662,-0.4615384615384599,15.151648351648348,-0.4170940170940156,-0.5811965811965827,0.0805860805860803,-2.283272283272283,-0.2075702075702086,0.0
588772.115238468,1310,0.08,0.0,0.8199999928474426,0.0,0.0,0.0,0.0,0.0,0.008583199816891707,0.8279926756694902,0.00705729762722207,0.013542381933318026,-0.005912870984969842,-0.019645990691996573,0.02994583047226662,-0.4879120879120862,14.914285714285711,-0.43076923076922924,-0.5948717948717963,0.0805860805860803,-2.2344322344322345,-0.2075702075702086,0.0
588772.195242696,1311,0.08,0.0,0.8149999976158142,0.0,0.0,0.0,0.0,0.0,0.008583199816891707,0.8272297245746554,0.00705729762722207,0.013542381933318026,-0.005912870984969842,-0.019264515144579164,0.02994583047226662,-0.4879120879120862,14.650549450549448,-0.4170940170940156,-0.5811965811965827,0.07570207570207543,-2.253968253968254,-0.2075702075702086,0.0
588772.277171304,1312,0.08,0.0,0.809999942779541,0.0,0.0,0.0,0.0,0.0,0.008583199816891707,0.8245593957427335,0.00705729762722207,0.013542381933318026,-0.005912870984969842,-0.020027466239413982,0.02994583047226662,-0.4615384615384599,14.36043956043956,-0.43076923076922924,-0.5948717948717963,0.0805860805860803,-2.2393162393162394,-0.2075702075702086,0.0
588772.355249762,1313,0.08,0.0,0.8050000071525574,0.0,0.0,0.0,0.0,0.0,0.008583199816891707,0.8188372625314724,0.00705729762722207,0.013542381933318026,-0.005912870984969842,-0.024986648355840302,0.02994583047226662,-0.4615384615384599,14.49230769230769,-0.43076923076922924,-0.6085470085470099,0.0805860805860803,-2.0488400488400496,-0.20268620268620374,0.0
588772.435253701,1314,0.08,0.0,0.800000011920929,0.0,0.0,0.0,0.0,0.0,0.008583199816891707,0.8104448004882894,0.00705729762722207,0.013542381933318026,-0.005912870984969842,-0.03032730601968403,0.02994583047226662,-0.4615384615384599,14.7032967032967,-0.43076923076922924,-0.5675213675213691,0.07570207570207543,-2.1318681318681323,-0.2075702075702086,0.0
588772.515244962,1315,0.08,0.0,0.7949999570846558,0.0,0.0,0.0,0.0,0.0,0.008583199816891707,0.8028152895399412,0.00705729762722207,0.013542381933318026,-0.005912870984969842,-0.02613107499809253,0.02994583047226662,-0.4615384615384599,14.729670329670327,-0.43076923076922924,-0.5948717948717963,0.08547008547008517,-2.1562881562881566,-0.2075702075702086,0.0
588772.595249508,1316,0.08,0.0,0.7899999618530273,0.0,0.0,0.0,0.0,0.0,0.008583199816891707,0.7959487296864278,0.00705729762722207,0.013542381933318026,-0.005912870984969842,-0.02651255054550994,0.02994583047226662,-0.4615384615384599,14.676923076923075,-0.43076923076922924,-0.5948717948717963,0.0805860805860803,-2.136752136752137,-0.19780219780219888,0.0
588772.675242721,1317,0.08,0.0,0.7850000262260437,0.0,0.0,0.0,0.0,0.0,0.008583199816891707,0.7909895475700015,0.00705729762722207,0.013542381933318026,-0.005912870984969842,-0.02574959945067512,0.02994583047226662,-0.4615384615384599,14.597802197802196,-0.43076923076922924,-0.5675213675213691,0.0805860805860803,-2.1172161172161177,-0.20268620268620374,0.0
588772.7552549,1318,0.08,0.0,0.7799999713897705,0.0,0.0,0.0,0.0,0.0,0.008583199816891707,0.78679331654841,0.00705729762722207,0.013542381933318026,-0.005912870984969842,-0.02651255054550994,0.02994583047226662,-0.4615384615384599,14.545054945054943,-0.4444444444444464,-0.5948717948717963,0.0805860805860803,-2.0927960927960934,-0.20268620268620374,0.0
588772.835252987,1319,0.08,0.0,0.7749999761581421,0.0,0.0,0.0,0.0,0.0,0.008583199816891707,0.7833600366216533,0.00705729762722207,0.013542381933318026,-0.005912870984969842,-0.02613107499809253,0.02994583047226662,-0.4615384615384599,14.334065934065933,-0.43076923076922924,-0.5948717948717963,0.0805860805860803,-2.097680097680098,-0.19780219780219888,0.0
588772.915273056,1320,0.08,0.0,0.7699999809265137,0.0,0.0,0.0,0.0,0.0,0.008583199816891707,0.7761120012207225,0.00705729762722207,0.013542381933318026,-0.005912870984969842,-0.029564354924849212,0.02994583047226662,-0.4615384615384599,14.57142857142857,-0.4444444444444464,-0.5811965811965827,0.07570207570207543,-2.0586080586080593,-0.20268620268620374,0.0
588772.995246956,1321,0.08,0.0,0.7649999856948853,0.0,0.0,0.0,0.0,0.0,0.008583199816891707,0.7703898680094614,0.00705729762722207,0.013542381933318026,-0.005912870984969842,-0.02613107499809253,0.02994583047226662,-0.4615384615384599,14.545054945054943,-0.45811965811966004,-0.5948717948717963,0.08547008547008517,-2.0830280830280836,-0.19780219780219888,0.0
588773.075242021,1322,0.08,0.0,0.7599999904632568,0.0,0.0,0.0,0.0,0.0,0.008583199816891707,0.7650492103456177,0.00705729762722207,0.013542381933318026,-0.005912870984969842,-0.02613107499809253,0.02994583047226662,-0.4351648351648336,14.439560439560438,-0.43076923076922924,-0.5948717948717963,0.0805860805860803,-2.0439560439560447,-0.20268620268620374,0.0
588773.155279679,1323,0.08,0.0,0.7549999952316284,0.0,0.0,0.0,0.0,0.0,0.008583199816891707,0.7631418326085306,0.00705729762722207,0.013542381933318026,-0.005912870984969842,-0.023079270618753256,0.02994583047226662,-0.4351648351648336,13.964835164835165,-0.43076923076922924,-0.5948717948717963,0.0805860805860803,-2.1221001221001226,-0.19780219780219888,0.0
588773.235240637,1324,0.08,0.0,0.7499999403953552,0.0,0.0,0.0,0.0,0.0,0.008583199816891707,0.7600900282291914,0.00705729762722207,0.013542381933318026,-0.005912870984969842,-0.026894026092927348,0.02994583047226662,-0.4615384615384599,13.85934065934066,-0.4444444444444464,-0.5811965811965827,0.07570207570207543,-2.0097680097680097,-0.19780219780219888,0.0
588773.315238772,1325,0.08,0.0,0.7450000047683716,0.0,0.0,0.0,0.0,0.0,0.008583199816891707,0.7578011749446869,0.00705729762722207,0.013542381933318026,-0.005912870984969842,-0.02651255054550994,0.02994583047226662,-0.4351648351648336,13.56923076923077,-0.4444444444444464,-0.5948717948717963,0.0805860805860803,-2.03907203907204,-0.20268620268620374,0.0
588773.395245688,1326,0.08,0.0,0.7400000095367432,0.0,0.0,0.0,0.0,0.0,0.008583199816891707,0.7543678950179302,0.00705729762722207,0.013542381933318026,-0.005912870984969842,-0.026894026092927348,0.02994583047226662,-0.4615384615384599,13.595604395604397,-0.4444444444444464,-0.5811965811965827,0.0805860805860803,-1.9853479853479854,-0.20268620268620374,0.0
588773.475247855,1327,0.08,0.0,0.73499995470047,0.0,0.0,0.0,0.0,0.0,0.008583199816891707,0.7497901884489213,0.00705729762722207,0.013542381933318026,-0.005912870984969842,-0.027275501640344757,0.02994583047226662,-0.4351648351648336,13.410989010989013,-0.4444444444444464,-0.6085470085470099,0.07570207570207543,-2.0244200244200243,-0.20268620268620374,0.0
588773.555240618,1328,0.08,0.0,0.7299999594688416,0.0,0.0,0.0,0.0,0.0,0.008583199816891707,0.7425421530479905,0.00705729762722207,0.013542381933318026,-0.005912870984969842,-0.027275501640344757,0.02994583047226662,-0.4351648351648336,13.701098901098902,-0.4444444444444464,-0.5675213675213691,0.07570207570207543,-2.004884004884005,-0.20268620268620374,0.0
588773.635244235,1329,0.08,0.0,0.7250000238418579,0.0,0.0,0.0,0.0,0.0,0.008583199816891707,0.7337682154573901,0.00705729762722207,0.013542381933318026,-0.005912870984969842,-0.026894026092927348,0.02994583047226662,-0.4351648351648336,13.806593406593407,-0.4444444444444464,-0.5811965811965827,0.07570207570207543,-1.9902319902319903,-0.19780219780219888,0.0
588773.715247387,1330,0.08,0.0,0.7199999690055847,0.0,0.0,0.0,0.0,0.0,0.008583199816891707,0.7257572289616245,0.00705729762722207,0.013542381933318026,-0.006294346532387252,-0.02574959945067512,0.02994583047226662,-0.4351648351648336,13.964835164835165,-0.45811965811966004,-0.6085470085470099,0.07570207570207543,-1.9804639804639805,-0.19780219780219888,0.0
588773.795194445,1331,0.08,0.0,0.7149999737739563,0.0,0.0,0.0,0.0,0.0,0.008583199816891707,0.7188906691081112,0.00705729762722207,0.013542381933318026,-0.006294346532387252,-0.02651255054550994,0.02994583047226662,-0.4351648351648336,13.701098901098902,-0.43076923076922924,-0.5811965811965827,0.07570207570207543,-1.9413919413919416,-0.19780219780219888,0.0
588773.875197829,1332,0.08,0.0,0.7099999785423279,0.0,0.0,0.0,0.0,0.0,0.008583199816891707,0.71316853589685,0.00705729762722207,0.013542381933318026,-0.006294346532387252,-0.02613107499809253,0.02994583047226662,-0.4351648351648336,13.56923076923077,-0.4444444444444464,-0.6222222222222236,0.07570207570207543,-1.9365079365079367,-0.19780219780219888,0.0
588773.955241018,1333,0.08,0.0,0.7049999833106995,0.0,0.0,0.0,0.0,0.0,0.008583199816891707,0.7101167315175108,0.00705729762722207,0.013542381933318026,-0.006294346532387252,-0.02536812390325771,0.02994583047226662,-0.4351648351648336,13.410989010989013,-0.45811965811966004,-0.6085470085470099,0.0805860805860803,-1.9218559218559221,-0.19780219780219888,0.0
588774.035238215,1334,0.08,0.0,0.699999988079071,0.0,0.0,0.0,0.0,0.0,0.008583199816891707,0.7089723048752585,0.00705729762722207,0.013542381933318026,-0.006294346532387252,-0.02574959945067512,0.02994583047226662,-0.4351648351648336,13.068131868131871,-0.4444444444444464,-0.5948717948717963,0.07570207570207543,-1.8974358974358978,-0.19780219780219888,0.0
588774.11524549,1335,0.08,0.0,0.6949999928474426,0.0,0.0,0.0,0.0,0.0,0.008583199816891707,0.7085908293278411,0.00705729762722207,0.013542381933318026,-0.006294346532387252,-0.02613107499809253,0.02994583047226662,-0.4351648351648336,12.72527472527473,-0.43076923076922924,-0.5948717948717963,0.07570207570207543,-1.9218559218559221,-0.192918192918194,0.0
588774.195242459,1336,0.08,0.0,0.6899999380111694,0.0,0.0,0.0,0.0,0.0,0.008583199816891707,0.7082093537804237,0.00705729762722207,0.013542381933318026,-0.006294346532387252,-0.02574959945067512,0.02994583047226662,-0.4351648351648336,12.408791208791214,-0.43076923076922924,-0.5948717948717963,0.07570207570207543,-1.9169719169719173,-0.19780219780219888,0.0
588774.275244843,1337,0.08,0.0,0.6850000023841858,0.0,0.0,0.0,0.0,0.0,0.008583199816891707,0.7078278782330063,0.00705729762722207,0.013542381933318026,-0.006294346532387252,-0.02613107499809253,0.02994583047226662,-0.4351648351648336,12.092307692307699,-0.4444444444444464,-0.5811965811965827,0.07570207570207543,-1.9072039072039075,-0.192918192918194,0.0
588774.355248812,1338,0.08,0.0,0.6800000071525574,0.0,0.0,0.0,0.0,0.0,0.008583199816891707,0.7032501716639974,0.00705729762722207,0.013542381933318026,-0.006294346532387252,-0.029564354924849212,0.02994583047226662,-0.4351648351648336,12.250549450549457,-0.4444444444444464,-0.5948717948717963,0.07081807081807057,-1.81929181929182,-0.192918192918194,0.0
588774.435292966,1339,0.08,0.0,0.6749999523162842,0.0,0.0,0.0,0.0,0.0,0.008583199816891707,0.6940947585259796,0.00705729762722207,0.013542381933318026,-0.006294346532387252,-0.037575341420614805,0.02994583047226662,-0.4351648351648336,12.30329670329671,-0.4444444444444464,-0.5948717948717963,0.0805860805860803,-1.7899877899877907,-0.19780219780219888,0.0
588774.515245563,1340,0.08,0.0,0.6699999570846558,0.0,0.0,0.0,0.0,0.0,0.008583199816891707,0.6826504921034573,0.00705729762722207,0.013542381933318026,-0.006294346532387252,-0.03643091477836258,0.02994583047226662,-0.4351648351648336,12.830769230769235,-0.45811965811966004,-0.6085470085470099,0.0805860805860803,-1.7851037851037859,-0.192918192918194,0.0
588774.595240996,1341,0.08,0.0,0.6649999618530273,0.0,0.0,0.0,0.0,0.0,0.008583199816891707,0.6727321278706047,0.00705729762722207,0.013542381933318026,-0.006294346532387252,-0.03414206149385812,0.02994583047226662,-0.4351648351648336,12.93626373626374,-0.43076923076922924,-0.5948717948717963,0.07570207570207543,-1.8778998778998783,-0.19780219780219888,0.0
588774.676378553,1342,0.08,0.0,0.6600000262260437,0.0,0.0,0.0,0.0,0.0,0.008583199816891707,0.6643396658274217,0.00705729762722207,0.013542381933318026,-0.006294346532387252,-0.03414206149385812,0.02994583047226662,-0.4351648351648336,12.857142857142861,-0.4444444444444464,-0.6085470085470099,0.07081807081807057,-1.741147741147742,-0.19780219780219888,0.0
588774.755247574,1343,0.08,0.0,0.6549999713897705,0.0,0.0,0.0,0.0,0.0,0.008583199816891707,0.6589990081635779,0.00705729762722207,0.013542381933318026,-0.006294346532387252,-0.033379110399023304,0.02994583047226662,-0.4351648351648336,12.804395604395609,-0.4444444444444464,-0.5948717948717963,0.07570207570207543,-1.741147741147742,-0.19780219780219888,0.0
588774.835256736,1344,0.08,0.0,0.6499999761581421,0.0,0.0,0.0,0.0,0.0,0.008583199816891707,0.6582360570687431,0.00705729762722207,0.013542381933318026,-0.006294346532387252,-0.032234683756771076,0.02994583047226662,-0.4351648351648336,12.30329670329671,-0.45811965811966004,-0.6085470085470099,0.07570207570207543,-1.741147741147742,-0.192918192918194,0.0
588774.91525296,1345,0.08,0.0,0.6449999809265137,0.0,0.0,0.0,0.0,0.0,0.008583199816891707,0.6586175326161605,0.00705729762722207,0.013542381933318026,-0.006294346532387252,-0.03452353704127553,0.02994583047226662,-0.4351648351648336,11.934065934065941,-0.45811965811966004,-0.6085470085470099,0.07570207570207543,-1.711843711843711,-0.19780219780219888,0.0
588774.995237043,1346,0.08,0.0,0.6399999856948853,0.0,0.0,0.0,0.0,0.0,0.008583199816891707,0.6586175326161605,0.00705729762722207,0.013542381933318026,-0.006294346532387252,-0.03452353704127553,0.02994583047226662,-0.4351648351648336,11.591208791208786,-0.4444444444444464,-0.5948717948717963,0.0805860805860803,-1.7264957264957275,-0.19780219780219888,0.0
588775.075247367,1347,0.08,0.0,0.6349999904632568,0.0,0.0,0.0,0.0,0.0,0.008583199816891707,0.6555657282368212,0.00705729762722207,0.013542381933318026,-0.006294346532387252,-0.03452353704127553,0.02994583047226662,-0.4351648351648336,11.56483516483516,-0.45811965811966004,-0.5948717948717963,0.07570207570207543,-1.6971916971916965,-0.19780219780219888,0.0
588775.155241254,1348,0.08,0.0,0.6299999952316284,0.0,0.0,0.0,0.0,0.0,0.008583199816891707,0.6490806439307253,0.00705729762722207,0.013542381933318026,-0.006294346532387252,-0.03871976806286703,0.02994583047226662,-0.4615384615384599,11.69670329670329,-0.4444444444444464,-0.6085470085470099,0.07570207570207543,-1.6727716727716722,-0.192918192918194,0.0
588775.23524556,1349,0.08,0.0,0.6249999403953552,0.0,0.0,0.0,0.0,0.0,0.008583199816891707,0.6391622796978726,0.00705729762722207,0.013542381933318026,-0.006294346532387252,-0.04100862134737149,0.02994583047226662,-0.4351648351648336,11.907692307692315,-0.45811965811966004,-0.5811965811965827,0.07570207570207543,-1.6581196581196576,-0.192918192918194,0.0
588775.315251527,1350,0.08,0.0,0.6200000047683716,0.0,0.0,0.0,0.0,0.0,0.008583199816891707,0.6296253910124374,0.00705729762722207,0.013542381933318026,-0.006294346532387252,-0.04024567025253667,0.02994583047226662,-0.4615384615384599,12.039560439560447,-0.45811965811966004,-0.5948717948717963,0.07081807081807057,-1.6288156288156284,-0.18803418803418914,0.0
588775.395917917,1351,0.08,0.0,0.6150000095367432,0.0,0.0,0.0,0.0,0.0,0.008583199816891707,0.6219958800640892,0.00705729762722207,0.013542381933318026,-0.006294346532387252,-0.03948271915770185,0.02994583047226662,-0.4351648351648336,12.039560439560447,-0.45811965811966004,-0.5811965811965827,0.07081807081807057,-1.604395604395604,-0.18803418803418914,0.0
588775.475251929,1352,0.08,0.0,0.60999995470047,0.0,0.0,0.0,0.0,0.0,0.008583199816891707,0.6162737468528281,0.00705729762722207,0.013542381933318026,-0.006294346532387252,-0.03833829251544962,0.02994583047226662,-0.4351648351648336,11.934065934065941,-0.4444444444444464,-0.5811965811965827,0.07081807081807057,-1.609279609279609,-0.192918192918194,0.0
588775.555245056,1353,0.08,0.0,0.6049999594688416,0.0,0.0,0.0,0.0,0.0,0.008583199816891707,0.6136034180209062,0.00705729762722207,0.013542381933318026,-0.006294346532387252,-0.03452353704127553,0.02994583047226662,-0.4351648351648336,11.56483516483516,-0.45811965811966004,-0.5948717948717963,0.07570207570207543,-1.6874236874236868,-0.192918192918194,0.0
588775.635244927,1354,0.08,0.0,0.6000000238418579,0.0,0.0,0.0,0.0,0.0,0.008583199816891707,0.6116960402838192,0.00705729762722207,0.013542381933318026,-0.006294346532387252,-0.03452353704127553,0.02994583047226662,-0.4351648351648336,11.353846153846149,-0.45811965811966004,-0.5675213675213691,0.07570207570207543,-1.5750915750915748,-0.18803418803418914,0.0
588775.715245716,1355,0.08,0.0,0.5949999690055847,0.0,0.0,0.0,0.0,0.0,0.008583199816891707,0.610551613641567,0.00705729762722207,0.013542381933318026,-0.006294346532387252,-0.03681239032577999,0.02994583047226662,-0.4615384615384599,11.116483516483513,-0.4444444444444464,-0.5675213675213691,0.07081807081807057,-1.5897435897435894,-0.192918192918194,0.0
588775.795256439,1356,0.08,0.0,0.5899999737739563,0.0,0.0,0.0,0.0,0.0,0.008583199816891707,0.6078812848096451,0.00705729762722207,0.013542381933318026,-0.006294346532387252,-0.03643091477836258,0.02994583047226662,-0.4351648351648336,10.879120879120876,-0.4444444444444464,-0.5401709401709418,0.07570207570207543,-1.604395604395604,-0.192918192918194,0.0
588775.875257015,1357,0.08,0.0,0.5849999785423279,0.0,0.0,0.0,0.0,0.0,0.008583199816891707,0.6010147249561317,0.00705729762722207,0.013542381933318026,-0.006294346532387252,-0.04024567025253667,0.02994583047226662,-0.4351648351648336,11.090109890109886,-0.4444444444444464,-0.5811965811965827,0.07081807081807057,-1.5067155067155067,-0.192918192918194,0.0
588775.956142521,1358,0.08,0.0,0.5799999833106995,0.0,0.0,0.0,0.0,0.0,0.008583199816891707,0.5945296406500358,0.00705729762722207,0.013542381933318026,-0.006294346532387252,-0.04024567025253667,0.02994583047226662,-0.4351648351648336,11.06373626373626,-0.4444444444444464,-0.5675213675213691,0.07081807081807057,-1.5409035409035408,-0.18803418803418914,0.0
588776.035245221,1359,0.08,0.0,0.574999988079071,0.0,0.0,0.0,0.0,0.0,0.008583199816891707,0.587281605249105,0.00705729762722207,0.013542381933318026,-0.006294346532387252,-0.04024567025253667,0.02994583047226662,-0.4351648351648336,11.248351648351644,-0.4444444444444464,-0.5948717948717963,0.07570207570207543,-1.496947496947497,-0.192918192918194,0.0
588776.115240112,1360,0.08,0.0,0.5699999928474426,0.0,0.0,0.0,0.0,0.0,0.008583199816891707,0.580796520943009,0.00705729762722207,0.013542381933318026,-0.006294346532387252,-0.04062714579995408,0.02994583047226662,-0.4351648351648336,10.984615384615381,-0.47179487179487367,-0.5811965811965827,0.0659340659340657,-1.496947496947497,-0.192918192918194,0.0
588776.195252952,1361,0.08,0.0,0.5649999380111694,0.0,0.0,0.0,0.0,0.0,0.008583199816891707,0.5754558632791653,0.00705729762722207,0.013542381933318026,-0.006294346532387252,-0.037575341420614805,0.02994583047226662,-0.4615384615384599,10.879120879120876,-0.4444444444444464,-0.5675213675213691,0.07081807081807057,-1.5018315018315018,-0.192918192918194,0.0
588776.275271435,1362,0.08,0.0,0.5600000023841858,0.0,0.0,0.0,0.0,0.0,0.008583199816891707,0.5750743877317479,0.00705729762722207,0.013542381933318026,-0.006294346532387252,-0.03147173266193626,0.02994583047226662,-0.4351648351648336,10.43076923076923,-0.47179487179487367,-0.5811965811965827,0.07081807081807057,-1.5457875457875456,-0.18803418803418914,0.0
588776.355241214,1363,0.08,0.0,0.5550000071525574,0.0,0.0,0.0,0.0,0.0,0.008583199816891707,0.5750743877317479,0.00705729762722207,0.013542381933318026,-0.006294346532387252,-0.03414206149385812,0.02994583047226662,-0.4351648351648336,10.061538461538461,-0.47179487179487367,-0.5675213675213691,0.07081807081807057,-1.4774114774114775,-0.18315018315018428,0.0
588776.435241398,1364,0.08,0.0,0.5499999523162842,0.0,0.0,0.0,0.0,0.0,0.008583199816891707,0.5754558632791653,0.00705729762722207,0.013542381933318026,-0.006294346532387252,-0.03452353704127553,0.02994583047226662,-0.4351648351648336,9.745054945054946,-0.45811965811966004,-0.5675213675213691,0.07570207570207543,-1.5067155067155067,-0.192918192918194,0.0
588776.515247804,1365,0.08,0.0,0.5449999570846558,0.0,0.0,0.0,0.0,0.0,0.008583199816891707,0.5727855344472434,0.00705729762722207,0.013542381933318026,-0.006294346532387252,-0.03414206149385812,0.02994583047226662,-0.4615384615384599,9.665934065934067,-0.47179487179487367,-0.5811965811965827,0.07081807081807057,-1.492063492063492,-0.18803418803418914,0.0
588776.595271473,1366,0.08,0.0,0.5400000214576721,0.0,0.0,0.0,0.0,0.0,0.008583199816891707,0.5643930724040604,0.00705729762722207,0.013542381933318026,-0.006294346532387252,-0.042915999084458534,0.02994583047226662,-0.4615384615384599,9.876923076923077,-0.45811965811966004,-0.5675213675213691,0.07081807081807057,-1.3894993894993881,-0.18803418803418914,0.0
588776.675254873,1367,0.08,0.0,0.5349999666213989,0.0,0.0,0.0,0.0,0.0,0.008583199816891707,0.5552376592660426,0.00705729762722207,0.013542381933318026,-0.006294346532387252,-0.0413900968947889,0.02994583047226662,-0.4615384615384599,10.167032967032966,-0.47179487179487367,-0.5811965811965827,0.07570207570207543,-1.4334554334554337,-0.18803418803418914,0.0
588776.755249318,1368,0.08,0.0,0.5299999713897705,0.0,0.0,0.0,0.0,0.0,0.008583199816891707,0.5426489662012681,0.00705729762722207,0.013542381933318026,-0.006294346532387252,-0.0413900968947889,0.02994583047226662,-0.4351648351648336,10.509890109890108,-0.4444444444444464,-0.5811965811965827,0.07081807081807057,-1.3992673992673978,-0.18315018315018428,0.0
588776.835251375,1369,0.08,0.0,0.5249999761581421,0.0,0.0,0.0,0.0,0.0,0.008583199816891707,0.5342565041580851,0.00705729762722207,0.013542381933318026,-0.006294346532387252,-0.03414206149385812,0.02994583047226662,-0.4615384615384599,10.35164835164835,-0.47179487179487367,-0.5675213675213691,0.07081807081807057,-1.4481074481074483,-0.18315018315018428,0.0
588776.915251846,1370,0.08,0.0,0.5199999809265137,0.0,0.0,0.0,0.0,0.0,0.008583199816891707,0.5273899443045718,0.00705729762722207,0.013542381933318026,-0.006294346532387252,-0.03414206149385812,0.02994583047226662,-0.4351648351648336,10.43076923076923,-0.47179487179487367,-0.5675213675213691,0.07570207570207543,-1.394383394383393,-0.18803418803418914,0.0
588776.995247177,1371,0.08,0.0,0.5149999856948853,0.0,0.0,0.0,0.0,0.0,0.008583199816891707,0.5239566643778151,0.00705729762722207,0.013542381933318026,-0.006294346532387252,-0.032616159304188486,0.02994583047226662,-0.4351648351648336,10.114285714285714,-0.47179487179487367,-0.5811965811965827,0.07570207570207543,-1.394383394383393,-0.18803418803418914,0.0
588777.075248462,1372,0.08,0.0,0.5099999904632568,0.0,0.0,0.0,0.0,0.0,0.008583199816891707,0.5212863355458932,0.00705729762722207,0.013542381933318026,-0.006294346532387252,-0.03452353704127553,0.02994583047226662,-0.4351648351648336,9.850549450549451,-0.4444444444444464,-0.5675213675213691,0.07570207570207543,-1.360195360195359,-0.18315018315018428,0.0
588777.155249081,1373,0.08,0.0,0.5049999952316284,0.0,0.0,0.0,0.0,0.0,0.008583199816891707,0.5186160067139713,0.00705729762722207,0.013542381933318026,-0.006294346532387252,-0.03414206149385812,0.02994583047226662,-0.40879120879120734,9.692307692307693,-0.4854700854700873,-0.5675213675213691,0.07081807081807057,-1.360195360195359,-0.18803418803418914,0.0
588777.235245448,1374,0.08,0.0,0.5,0.0,0.0,0.0,0.0,0.0,0.008583199816891707,0.5140383001449624,0.00705729762722207,0.013542381933318026,-0.006294346532387252,-0.03528648813611035,0.02994583047226662,-0.40879120879120734,9.534065934065936,-0.47179487179487367,-0.5675213675213691,0.07081807081807057,-1.3455433455433443,-0.18803418803418914,0.0
588777.315252497,1375,0.08,0.0,0.4950000047683716,0.0,0.0,0.0,0.0,0.0,0.008583199816891707,0.5083161669337013,0.00705729762722207,0.013542381933318026,-0.006294346532387252,-0.03452353704127553,0.02994583047226662,-0.40879120879120734,9.534065934065936,-0.4444444444444464,-0.5811965811965827,0.07570207570207543,-1.3308913308913297,-0.192918192918194,0.0
588777.395356772,1376,0.08,0.0,0.4899999797344208,0.0,0.0,0.0,0.0,0.0,0.008583199816891707,0.5029755092698576,0.00705729762722207,0.013542381933318026,-0.006294346532387252,-0.03414206149385812,0.02994583047226662,-0.40879120879120734,9.42857142857143,-0.47179487179487367,-0.5675213675213691,0.0659340659340657,-1.3113553113553102,-0.18803418803418914,0.0
588777.475242006,1377,0.08,0.0,0.48499998450279236,0.0,0.0,0.0,0.0,0.0,0.008583199816891707,0.49801632715343125,0.00705729762722207,0.013542381933318026,-0.006294346532387252,-0.03452353704127553,0.02994583047226662,-0.40879120879120734,9.323076923076925,-0.45811965811966004,-0.5948717948717963,0.0659340659340657,-1.2967032967032956,-0.18803418803418914,0.0
588777.555238735,1378,0.08,0.0,0.48000001907348633,0.0,0.0,0.0,0.0,0.0,0.008583199816891707,0.4961089494163442,0.00705729762722207,0.013542381933318026,-0.006294346532387252,-0.03185320820935367,0.02994583047226662,-0.4351648351648336,9.112087912087915,-0.45811965811966004,-0.5811965811965827,0.07081807081807057,-1.3015873015873005,-0.18803418803418914,0.0
588777.635241009,1379,0.08,0.0,0.4749999940395355,0.0,0.0,0.0,0.0,0.0,0.008583199816891707,0.49458304722667457,0.00705729762722207,0.013542381933318026,-0.006294346532387252,-0.03414206149385812,0.02994583047226662,-0.40879120879120734,8.716483516483521,-0.47179487179487367,-0.5811965811965827,0.06105006105006083,-1.2918192918192908,-0.18315018315018428,0.0
588777.715249725,1380,0.08,0.0,0.4699999988079071,0.0,0.0,0.0,0.0,0.0,0.008583199816891707,0.4919127183947527,0.00705729762722207,0.013542381933318026,-0.006294346532387252,-0.03452353704127553,0.02994583047226662,-0.4351648351648336,8.531868131868137,-0.47179487179487367,-0.6085470085470099,0.0659340659340657,-1.286935286935286,-0.18803418803418914,0.0
588777.795245857,1381,0.08,0.0,0.4649999737739563,0.0,0.0,0.0,0.0,0.0,0.008583199816891707,0.4869535362783264,0.00705729762722207,0.013542381933318026,-0.006294346532387252,-0.037956816968032214,0.02994583047226662,-0.4351648351648336,8.58461538461539,-0.47179487179487367,-0.5811965811965827,0.0659340659340657,-1.1452991452991448,-0.18803418803418914,0.0
588777.875250007,1382,0.08,0.0,0.46000000834465027,0.0,0.0,0.0,0.0,0.0,0.008583199816891707,0.4789425497825608,0.00705729762722207,0.013542381933318026,-0.006294346532387252,-0.0413900968947889,0.02994583047226662,-0.4351648351648336,8.769230769230774,-0.45811965811966004,-0.5675213675213691,0.0659340659340657,-1.1990231990231983,-0.18803418803418914,0.0
588777.955244857,1383,0.08,0.0,0.45500001311302185,0.0,0.0,0.0,0.0,0.0,0.008583199816891707,0.4705500877393778,0.00705729762722207,0.013542381933318026,-0.006294346532387252,-0.04062714579995408,0.02994583047226662,-0.40879120879120734,9.112087912087915,-0.47179487179487367,-0.5675213675213691,0.0659340659340657,-1.1794871794871788,-0.18315018315018428,0.0
588778.035232558,1384,0.08,0.0,0.44999998807907104,0.0,0.0,0.0,0.0,0.0,0.008583199816891707,0.4625391012436122,0.00705729762722207,0.013542381933318026,-0.006294346532387252,-0.03986419470511926,0.02994583047226662,-0.40879120879120734,8.874725274725279,-0.47179487179487367,-0.5675213675213691,0.07081807081807057,-1.1990231990231983,-0.18315018315018428,0.0
588778.115244767,1385,0.08,0.0,0.44499996304512024,0.0,0.0,0.0,0.0,0.0,0.008583199816891707,0.4575799191271859,0.00705729762722207,0.013542381933318026,-0.006294346532387252,-0.033379110399023304,0.02994583047226662,-0.40879120879120734,8.663736263736268,-0.45811965811966004,-0.6085470085470099,0.0659340659340657,-1.247863247863247,-0.18315018315018428,0.0
588778.19524883,1386,0.08,0.0,0.4399999976158142,0.0,0.0,0.0,0.0,0.0,0.008583199816891707,0.45300221255817696,0.00705729762722207,0.013542381933318026,-0.006294346532387252,-0.03490501258869294,0.02994583047226662,-0.4351648351648336,8.50549450549451,-0.45811965811966004,-0.5811965811965827,0.0659340659340657,-1.1550671550671545,-0.1782661782661794,0.0
588778.275245834,1387,0.08,0.0,0.4349999725818634,0.0,0.0,0.0,0.0,0.0,0.008583199816891707,0.44804303044175064,0.00705729762722207,0.013542381933318026,-0.006294346532387252,-0.03566796368352776,0.02994583047226662,-0.4351648351648336,8.426373626373618,-0.47179487179487367,-0.5948717948717963,0.0659340659340657,-1.1257631257631253,-0.18315018315018428,0.0
588778.355245859,1388,0.08,0.0,0.429999977350235,0.0,0.0,0.0,0.0,0.0,0.008583199816891707,0.44346532387274173,0.00705729762722207,0.013542381933318026,-0.006294346532387252,-0.03376058594644071,0.02994583047226662,-0.4351648351648336,8.50549450549451,-0.47179487179487367,-0.5675213675213691,0.0659340659340657,-1.135531135531135,-0.18315018315018428,0.0
588778.435243095,1389,0.08,0.0,0.42499998211860657,0.0,0.0,0.0,0.0,0.0,0.008583199816891707,0.4419394216830721,0.00705729762722207,0.013542381933318026,-0.006294346532387252,-0.032234683756771076,0.02994583047226662,-0.40879120879120734,7.951648351648345,-0.4854700854700873,-0.5811965811965827,0.0659340659340657,-1.1599511599511594,-0.18315018315018428,0.0
588778.515246343,1390,0.08,0.0,0.41999998688697815,0.0,0.0,0.0,0.0,0.0,0.008583199816891707,0.43926909285115023,0.00705729762722207,0.013542381933318026,-0.006294346532387252,-0.03528648813611035,0.02994583047226662,-0.40879120879120734,7.714285714285708,-0.47179487179487367,-0.5675213675213691,0.0659340659340657,-1.1111111111111107,-0.18315018315018428,0.0
588778.595241564,1391,0.08,0.0,0.41499999165534973,0.0,0.0,0.0,0.0,0.0,0.008583199816891707,0.4369802395666458,0.00705729762722207,0.013542381933318026,-0.006294346532387252,-0.03490501258869294,0.02994583047226662,-0.4351648351648336,7.582417582417577,-0.4854700854700873,-0.5811965811965827,0.0659340659340657,-1.0915750915750912,-0.18315018315018428,0.0
588778.676062611,1392,0.08,0.0,0.4099999964237213,0.0,0.0,0.0,0.0,0.0,0.008583199816891707,0.43087663080796723,0.00705729762722207,0.013542381933318026,-0.006294346532387252,-0.03833829251544962,0.02994583047226662,-0.4351648351648336,7.608791208791203,-0.4854700854700873,-0.5811965811965827,0.0659340659340657,-1.0573870573870572,-0.18315018315018428,0.0
588778.755248934,1393,0.08,0.0,0.4049999713897705,0.0,0.0,0.0,0.0,0.0,0.008583199816891707,0.42324711985961905,0.00705729762722207,0.013542381933318026,-0.006294346532387252,-0.03681239032577999,0.02994583047226662,-0.40879120879120734,7.7406593406593345,-0.4854700854700873,-0.5811965811965827,0.07081807081807057,-1.0915750915750912,-0.18315018315018428,0.0
588778.835262065,1394,0.08,0.0,0.4000000059604645,0.0,0.0,0.0,0.0,0.0,0.008583199816891707,0.41447318226901864,0.00705729762722207,0.013542381933318026,-0.006294346532387252,-0.037193865873197396,0.02994583047226662,-0.4351648351648336,7.793406593406587,-0.4854700854700873,-0.5811965811965827,0.0659340659340657,-1.0378510378510377,-0.18315018315018428,0.0
588778.91525072,1395,0.08,0.0,0.39499998092651367,0.0,0.0,0.0,0.0,0.0,0.008583199816891707,0.40722514686808786,0.00705729762722207,0.013542381933318026,-0.006294346532387252,-0.03414206149385812,0.02994583047226662,-0.40879120879120734,7.898901098901092,-0.47179487179487367,-0.5675213675213691,0.0659340659340657,-1.0866910866910864,-0.18315018315018428,0.0
588778.995248002,1396,0.08,0.0,0.38999998569488525,0.0,0.0,0.0,0.0,0.0,0.008583199816891707,0.4015030136568267,0.00705729762722207,0.013542381933318026,-0.006294346532387252,-0.03376058594644071,0.02994583047226662,-0.4351648351648336,7.767032967032961,-0.4854700854700873,-0.5811965811965827,0.0659340659340657,-1.0231990231990231,-0.1782661782661794,0.0
588779.075245638,1397,0.08,0.0,0.38499999046325684,0.0,0.0,0.0,0.0,0.0,0.008583199816891707,0.39845120927748745,0.00705729762722207,0.013542381933318026,-0.006294346532387252,-0.03376058594644071,0.02994583047226662,-0.4351648351648336,7.476923076923072,-0.4854700854700873,-0.5811965811965827,0.07081807081807057,-1.0085470085470085,-0.18315018315018428,0.0
588779.155258203,1398,0.08,0.0,0.3799999952316284,0.0,0.0,0.0,0.0,0.0,0.008583199816891707,0.3953994048981482,0.00705729762722207,0.013542381933318026,-0.006294346532387252,-0.03414206149385812,0.02994583047226662,-0.4351648351648336,7.265934065934061,-0.4854700854700873,-0.5811965811965827,0.07081807081807057,-0.9792429792429793,-0.18315018315018428,0.0
588779.235245907,1399,0.08,0.0,0.3749999701976776,0.0,0.0,0.0,0.0,0.0,0.008583199816891707,0.3927290760662263,0.00705729762722207,0.013542381933318026,-0.006294346532387252,-0.03414206149385812,0.02994583047226662,-0.40879120879120734,7.054945054945051,-0.4854700854700873,-0.5811965811965827,0.06105006105006083,-0.989010989010989,-0.18315018315018428,0.0
588779.315241671,1400,0.08,0.0,0.3700000047683716,0.0,0.0,0.0,0.0,0.0,0.008583199816891707,0.38776989394979644,0.00705729762722207,0.013542381933318026,-0.006294346532387252,-0.03490501258869294,0.02994583047226662,-0.4351648351648336,7.107692307692304,-0.4854700854700873,-0.5948717948717963,0.0659340659340657,-0.9694749694749696,-0.1782661782661794,0.0
588779.395245974,1401,0.08,0.0,0.3649999797344208,0.0,0.0,0.0,0.0,0.0,0.008583199816891707,0.3816662851911179,0.00705729762722207,0.013542381933318026,-0.006294346532387252,-0.03490501258869294,0.02994583047226662,-0.4351648351648336,7.002197802197799,-0.4854700854700873,-0.5675213675213691,0.06105006105006083,-0.9499389499389501,-0.18315018315018428,0.0
588779.475257397,1402,0.08,0.0,0.35999998450279236,0.0,0.0,0.0,0.0,0.0,0.008583199816891707,0.37518120088502194,0.00705729762722207,0.013542381933318026,-0.006294346532387252,-0.03414206149385812,0.02994583047226662,-0.4351648351648336,6.975824175824172,-0.47179487179487367,-0.5948717948717963,0.06105006105006083,-0.9450549450549453,-0.18315018315018428,0.0
588779.555240292,1403,0.08,0.0,0.35499998927116394,0.0,0.0,0.0,0.0,0.0,0.008583199816891707,0.36831464103150857,0.00705729762722207,0.013542381933318026,-0.006294346532387252,-0.03414206149385812,0.02994583047226662,-0.4351648351648336,7.028571428571425,-0.4854700854700873,-0.5811965811965827,0.0659340659340657,-0.9206349206349209,-0.1782661782661794,0.0
588779.635243884,1404,0.08,0.0,0.3499999940395355,0.0,0.0,0.0,0.0,0.0,0.008583199816891707,0.36373693446249966,0.00705729762722207,0.013542381933318026,-0.006294346532387252,-0.03414206149385812,0.02994583047226662,-0.4351648351648336,6.791208791208788,-0.4854700854700873,-0.5675213675213691,0.06105006105006083,-0.9059829059829063,-0.1782661782661794,0.0
588779.715277959,1405,0.08,0.0,0.3449999690055847,0.0,0.0,0.0,0.0,0.0,0.008583199816891707,0.3606851300831604,0.00705729762722207,0.013542381933318026,-0.006294346532387252,-0.03376058594644071,0.02994583047226662,-0.40879120879120734,6.553846153846152,-0.4991452991453009,-0.5811965811965827,0.06105006105006083,-0.8913308913308917,-0.1782661782661794,0.0
588779.79597632,1406,0.08,0.0,0.3400000035762787,0.0,0.0,0.0,0.0,0.0,0.008583199816891707,0.35915922789349075,0.00705729762722207,0.013542381933318026,-0.006294346532387252,-0.03414206149385812,0.02994583047226662,-0.4351648351648336,6.21098901098901,-0.4991452991453009,-0.5811965811965827,0.0659340659340657,-0.881562881562882,-0.1782661782661794,0.0
588779.875257241,1407,0.08,0.0,0.3349999785423279,0.0,0.0,0.0,0.0,0.0,0.008583199816891707,0.35877775234607334,0.00705729762722207,0.013542381933318026,-0.006294346532387252,-0.03414206149385812,0.02994583047226662,-0.4351648351648336,5.894505494505495,-0.4854700854700873,-0.5675213675213691,0.0659340659340657,-0.8766788766788771,-0.1782661782661794,0.0
588779.955246315,1408,0.08,0.0,0.33000001311302185,0.0,0.0,0.0,0.0,0.0,0.008583199816891707,0.3564888990615689,0.00705729762722207,0.013542381933318026,-0.006294346532387252,-0.03528648813611035,0.02994583047226662,-0.40879120879120734,5.78901098901099,-0.4854700854700873,-0.5675213675213691,0.0659340659340657,-0.8229548229548236,-0.17338217338217454,0.0
588780.035245535,1409,0.08,0.0,0.32499998807907104,0.0,0.0,0.0,0.0,0.0,0.008583199816891707,0.3488593881132207,0.00705729762722207,0.013542381933318026,-0.006294346532387252,-0.0413900968947889,0.02994583047226662,-0.4351648351648336,6.131868131868131,-0.4854700854700873,-0.5675213675213691,0.0659340659340657,-0.7692307692307683,-0.1782661782661794,0.0
588780.115248207,1410,0.08,0.0,0.3199999928474426,0.0,0.0,0.0,0.0,0.0,0.008583199816891707,0.3404669260700377,0.00705729762722207,0.013542381933318026,-0.006294346532387252,-0.04062714579995408,0.02994583047226662,-0.40879120879120734,6.263736263736263,-0.4854700854700873,-0.5948717948717963,0.0659340659340657,-0.808302808302809,-0.1782661782661794,0.0
588780.195241732,1411,0.08,0.0,0.3149999976158142,0.0,0.0,0.0,0.0,0.0,0.008583199816891707,0.33016708628976765,0.00705729762722207,0.013542381933318026,-0.006294346532387252,-0.0413900968947889,0.02994583047226662,-0.4351648351648336,6.21098901098901,-0.4991452991453009,-0.5811965811965827,0.06105006105006083,-0.7545787545787537,-0.1782661782661794,0.0
588780.275246728,1412,0.08,0.0,0.3100000023841858,0.0,0.0,0.0,0.0,0.0,0.008583199816891707,0.3240634775310891,0.00705729762722207,0.013542381933318026,-0.006294346532387252,-0.03376058594644071,0.02994583047226662,-0.40879120879120734,6.158241758241758,-0.4991452991453009,-0.5811965811965827,0.06105006105006083,-0.8522588522588528,-0.1782661782661794,0.0
588780.355196851,1413,0.08,0.0,0.304999977350235,0.0,0.0,0.0,0.0,0.0,0.008583199816891707,0.31795986877241056,0.00705729762722207,0.013542381933318026,-0.006294346532387252,-0.03414206149385812,0.02994583047226662,-0.4351648351648336,5.973626373626374,-0.4991452991453009,-0.5811965811965827,0.06105006105006083,-0.7496947496947488,-0.17338217338217454,0.0
588780.435241369,1414,0.08,0.0,0.30000001192092896,0.0,0.0,0.0,0.0,0.0,0.008583199816891707,0.31338216220340165,0.00705729762722207,0.013542381933318026,-0.006294346532387252,-0.03414206149385812,0.02994583047226662,-0.4351648351648336,5.973626373626374,-0.5128205128205146,-0.5948717948717963,0.06105006105006083,-0.7545787545787537,-0.1782661782661794,0.0
588780.515239668,1415,0.08,0.0,0.29499998688697815,0.0,0.0,0.0,0.0,0.0,0.008583199816891707,0.30918593118181015,0.00705729762722207,0.013542381933318026,-0.006294346532387252,-0.03376058594644071,0.02994583047226662,-0.4351648351648336,5.630769230769232,-0.4991452991453009,-0.5948717948717963,0.06105006105006083,-0.7399267399267391,-0.1782661782661794,0.0
588780.595244507,1416,0.08,0.0,0.28999999165534973,0.0,0.0,0.0,0.0,0.0,0.008583199816891707,0.3080415045395579,0.00705729762722207,0.013542381933318026,-0.006294346532387252,-0.032997634851605895,0.02994583047226662,-0.4351648351648336,5.393406593406596,-0.4854700854700873,-0.5948717948717963,0.0659340659340657,-0.7155067155067147,-0.1782661782661794,0.0
588780.675252765,1417,0.08,0.0,0.2849999964237213,0.0,0.0,0.0,0.0,0.0,0.008583199816891707,0.3068970778973057,0.00705729762722207,0.013542381933318026,-0.006294346532387252,-0.03490501258869294,0.02994583047226662,-0.4351648351648336,5.0241758241758205,-0.4991452991453009,-0.5948717948717963,0.06105006105006083,-0.7252747252747245,-0.1782661782661794,0.0
588780.755243494,1418,0.08,0.0,0.2800000011920929,0.0,0.0,0.0,0.0,0.0,0.008583199816891707,0.3038452735179664,0.00705729762722207,0.013542381933318026,-0.006294346532387252,-0.03490501258869294,0.02994583047226662,-0.4351648351648336,4.918681318681315,-0.5128205128205146,-0.5948717948717963,0.06105006105006083,-0.6959706959706953,-0.1782661782661794,0.0
588780.835247403,1419,0.08,0.0,0.2749999761581421,0.0,0.0,0.0,0.0,0.0,0.008583199816891707,0.2985046158541227,0.00705729762722207,0.013542381933318026,-0.006294346532387252,-0.03566796368352776,0.02994583047226662,-0.4351648351648336,4.918681318681315,-0.4991452991453009,-0.5811965811965827,0.06105006105006083,-0.6764346764346758,-0.1782661782661794,0.0
588780.915249391,1420,0.08,0.0,0.27000001072883606,0.0,0.0,0.0,0.0,0.0,0.008583199816891707,0.2904936293583571,0.00705729762722207,0.013542381933318026,-0.006294346532387252,-0.03604943923094517,0.02994583047226662,-0.4351648351648336,5.156043956043959,-0.4854700854700873,-0.5948717948717963,0.06105006105006083,-0.6862026862026855,-0.17338217338217454,0.0
588780.995243269,1421,0.08,0.0,0.26499998569488525,0.0,0.0,0.0,0.0,0.0,0.008583199816891707,0.2821011673151741,0.00705729762722207,0.013542381933318026,-0.006294346532387252,-0.03452353704127553,0.02994583047226662,-0.4351648351648336,5.261538461538464,-0.4991452991453009,-0.5811965811965827,0.0659340659340657,-0.6520146520146515,-0.18315018315018428,0.0
588781.075249551,1422,0.08,0.0,0.25999999046325684,0.0,0.0,0.0,0.0,0.0,0.008583199816891707,0.2744716563668259,0.00705729762722207,0.013542381933318026,-0.006294346532387252,-0.03376058594644071,0.02994583047226662,-0.40879120879120734,5.235164835164838,-0.4854700854700873,-0.5811965811965827,0.056166056166055967,-0.632478632478632,-0.1782661782661794,0.0
588781.155245866,1423,0.08,0.0,0.2549999952316284,0.0,0.0,0.0,0.0,0.0,0.008583199816891707,0.26836804760814736,0.00705729762722207,0.013542381933318026,-0.006294346532387252,-0.03376058594644071,0.02994583047226662,-0.4351648351648336,5.050549450549447,-0.4991452991453009,-0.5675213675213691,0.056166056166055967,-0.6129426129426125,-0.1782661782661794,0.0
588781.235241102,1424,0.08,0.0,0.25,0.0,0.0,0.0,0.0,0.0,0.008583199816891707,0.2649347676813907,0.00705729762722207,0.013542381933318026,-0.006294346532387252,-0.03376058594644071,0.02994583047226662,-0.4351648351648336,4.681318681318679,-0.4854700854700873,-0.5811965811965827,0.056166056166055967,-0.5982905982905979,-0.1782661782661794,0.0
588781.315251105,1425,0.08,0.0,0.2449999898672104,0.0,0.0,0.0,0.0,0.0,0.008583199816891707,0.2626459143968862,0.00705729762722207,0.013542381933318026,-0.006294346532387252,-0.03376058594644071,0.02994583047226662,-0.4351648351648336,4.5494505494505475,-0.4991452991453009,-0.5675213675213691,0.056166056166055967,-0.5445665445665444,-0.1782661782661794,0.0
588781.395246905,1426,0.08,0.0,0.24000000953674316,0.0,0.0,0.0,0.0,0.0,0.008583199816891707,0.2618829633020514,0.00705729762722207,0.013542381933318026,-0.006294346532387252,-0.03414206149385812,0.02994583047226662,-0.4351648351648336,4.18021978021978,-0.4854700854700873,-0.5948717948717963,0.056166056166055967,-0.5836385836385833,-0.1782661782661794,0.0
588781.475244281,1427,0.08,0.0,0.23499999940395355,0.0,0.0,0.0,0.0,0.0,0.008583199816891707,0.25883115892271213,0.00705729762722207,0.013542381933318026,-0.006294346532387252,-0.03452353704127553,0.02994583047226662,-0.4351648351648336,3.942857142857143,-0.4854700854700873,-0.5811965811965827,0.056166056166055967,-0.5885225885225882,-0.1782661782661794,0.0
588781.555246487,1428,0.08,0.0,0.23000000417232513,0.0,0.0,0.0,0.0,0.0,0.008583199816891707,0.2527275501640336,0.00705729762722207,0.013542381933318026,-0.006294346532387252,-0.037575341420614805,0.02994583047226662,-0.4351648351648336,4.18021978021978,-0.4991452991453009,-0.5811965811965827,0.0659340659340657,-0.4761904761904763,-0.1782661782661794,0.0
588781.63524453,1429,0.08,0.0,0.22499999403953552,0.0,0.0,0.0,0.0,0.0,0.008583199816891707,0.24586099031052022,0.00705729762722207,0.013542381933318026,-0.006294346532387252,-0.03643091477836258,0.02994583047226662,-0.4351648351648336,4.048351648351648,-0.4854700854700873,-0.5948717948717963,0.056166056166055967,-0.5396825396825395,-0.1782661782661794,0.0
588781.715246027,1430,0.08,0.0,0.2199999988079071,0.0,0.0,0.0,0.0,0.0,0.008583199816891707,0.23785000381475463,0.00705729762722207,0.013542381933318026,-0.006294346532387252,-0.03376058594644071,0.02994583047226662,-0.40879120879120734,4.417582417582416,-0.5128205128205146,-0.5675213675213691,0.056166056166055967,-0.5250305250305249,-0.1782661782661794,0.0
588781.795250866,1431,0.08,0.0,0.2149999886751175,0.0,0.0,0.0,0.0,0.0,0.008583199816891707,0.23098344396124126,0.00705729762722207,0.013542381933318026,-0.006294346532387252,-0.03414206149385812,0.02994583047226662,-0.4351648351648336,4.0747252747252745,-0.4991452991453009,-0.5675213675213691,0.06105006105006083,-0.5054945054945055,-0.1782661782661794,0.0
588781.875242219,1432,0.08,0.0,0.20999999344348907,0.0,0.0,0.0,0.0,0.0,0.008583199816891707,0.22564278629739754,0.00705729762722207,0.013542381933318026,-0.006294346532387252,-0.033379110399023304,0.02994583047226662,-0.4351648351648336,3.916483516483517,-0.5128205128205146,-0.5675213675213691,0.056166056166055967,-0.48107448107448114,-0.1782661782661794,0.0
588781.955246736,1433,0.08,0.0,0.20499999821186066,0.0,0.0,0.0,0.0,0.0,0.008583199816891707,0.22144655527580603,0.00705729762722207,0.013542381933318026,-0.006294346532387252,-0.03414206149385812,0.02994583047226662,-0.4351648351648336,3.8901098901098905,-0.5264957264957282,-0.5948717948717963,0.06105006105006083,-0.43711843711843734,-0.17338217338217454,0.0
588782.035245173,1434,0.08,0.0,0.20000000298023224,0.0,0.0,0.0,0.0,0.0,0.008583199816891707,0.21877622644388417,0.00705729762722207,0.013542381933318026,-0.006294346532387252,-0.03376058594644071,0.02994583047226662,-0.4351648351648336,3.7054945054945065,-0.5264957264957282,-0.5811965811965827,0.056166056166055967,-0.4566544566544568,-0.17338217338217454,0.0
588782.115248005,1435,0.08,0.0,0.19499999284744263,0.0,0.0,0.0,0.0,0.0,0.008583199816891707,0.21305409323262303,0.00705729762722207,0.013542381933318026,-0.006294346532387252,-0.03528648813611035,0.02994583047226662,-0.4351648351648336,3.5208791208791226,-0.5128205128205146,-0.5811965811965827,0.056166056166055967,-0.4468864468864471,-0.17338217338217454,0.0
588782.195254527,1436,0.08,0.0,0.1899999976158142,0.0,0.0,0.0,0.0,0.0,0.008583199816891707,0.2080949111161967,0.00705729762722207,0.013542381933318026,-0.006294346532387252,-0.033379110399023304,0.02994583047226662,-0.4351648351648336,3.573626373626375,-0.5128205128205146,-0.5811965811965827,0.056166056166055967,-0.42246642246642274,-0.16849816849816968,0.0
588782.275307198,1437,0.08,0.0,0.1850000023841858,0.0,0.0,0.0,0.0,0.0,0.008583199816891707,0.2031357289997704,0.00705729762722207,0.013542381933318026,-0.006294346532387252,-0.03376058594644071,0.02994583047226662,-0.4351648351648336,3.389010989010991,-0.5128205128205146,-0.5675213675213691,0.06105006105006083,-0.3980463980463984,-0.17338217338217454,0.0
588782.355244356,1438,0.08,0.0,0.17999999225139618,0.0,0.0,0.0,0.0,0.0,0.008583199816891707,0.19817654688334407,0.00705729762722207,0.013542381933318026,-0.006294346532387252,-0.03452353704127553,0.02994583047226662,-0.4351648351648336,3.25714285714286,-0.4991452991453009,-0.5675213675213691,0.056166056166055967,-0.3882783882783887,-0.17338217338217454,0.0
588782.435246481,1439,0.08,0.0,0.17499999701976776,0.0,0.0,0.0,0.0,0.0,0.008583199816891707,0.19321736476691775,0.00705729762722207,0.013542381933318026,-0.006294346532387252,-0.03376058594644071,0.02994583047226662,-0.4351648351648336,3.1516483516483547,-0.4991452991453009,-0.5948717948717963,0.056166056166055967,-0.3736263736263741,-0.17338217338217454,0.0
588782.515248589,1440,0.08,0.0,0.17000000178813934,0.0,0.0,0.0,0.0,0.0,0.008583199816891707,0.18825818265049143,0.00705729762722207,0.013542381933318026,-0.006294346532387252,-0.03414206149385812,0.02994583047226662,-0.4351648351648336,3.1516483516483547,-0.5264957264957282,-0.5811965811965827,0.06105006105006083,-0.33455433455433514,-0.17338217338217454,0.0
588782.595242774,1441,0.08,0.0,0.16500000655651093,0.0,0.0,0.0,0.0,0.0,0.008583199816891707,0.18558785381856957,0.00705729762722207,0.013542381933318026,-0.006294346532387252,-0.032997634851605895,0.02994583047226662,-0.4351648351648336,2.914285714285718,-0.5128205128205146,-0.5811965811965827,0.06105006105006083,-0.34920634920634974,-0.17338217338217454,0.0
588782.6752519,1442,0.08,0.0,0.1599999964237213,0.0,0.0,0.0,0.0,0.0,0.008583199816891707,0.17986572060730843,0.00705729762722207,0.013542381933318026,-0.006294346532387252,-0.03643091477836258,0.02994583047226662,-0.4351648351648336,2.7560439560439605,-0.5264957264957282,-0.5811965811965827,0.056166056166055967,-0.31990231990232054,-0.17338217338217454,0.0
588782.755249669,1443,0.08,0.0,0.1550000011920929,0.0,0.0,0.0,0.0,0.0,0.008583199816891707,0.1749065384908821,0.00705729762722207,0.013542381933318026,-0.006294346532387252,-0.03414206149385812,0.02994583047226662,-0.4351648351648336,2.703296703296708,-0.5264957264957282,-0.5675213675213691,0.0512820512820511,-0.33455433455433514,-0.17338217338217454,0.0
588782.835246556,1444,0.08,0.0,0.15000000596046448,0.0,0.0,0.0,0.0,0.0,0.008583199816891707,0.16842145418478616,0.00705729762722207,0.013542381933318026,-0.006294346532387252,-0.03414206149385812,0.02994583047226662,-0.40879120879120734,2.6505494505494553,-0.4991452991453009,-0.5948717948717963,0.06105006105006083,-0.29059829059829134,-0.17338217338217454,0.0
588782.915247915,1445,0.08,0.0,0.14499999582767487,0.0,0.0,0.0,0.0,0.0,0.008583199816891707,0.16308079652094243,0.00705729762722207,0.013542381933318026,-0.006294346532387252,-0.03414206149385812,0.02994583047226662,-0.4351648351648336,2.624175824175829,-0.5264957264957282,-0.5811965811965827,0.0512820512820511,-0.27594627594627674,-0.16849816849816968,0.0
588782.995258521,1446,0.08,0.0,0.14000000059604645,0.0,0.0,0.0,0.0,0.0,0.008583199816891707,0.1577401388570987,0.00705729762722207,0.013542381933318026,-0.006294346532387252,-0.03376058594644071,0.02994583047226662,-0.4351648351648336,2.4923076923076977,-0.5128205128205146,-0.5948717948717963,0.0512820512820511,-0.266178266178267,-0.17338217338217454,0.0
588783.07524444,1447,0.08,0.0,0.13500000536441803,0.0,0.0,0.0,0.0,0.0,0.008583199816891707,0.15201800564583756,0.00705729762722207,0.013542381933318026,-0.006294346532387252,-0.03414206149385812,0.02994583047226662,-0.4351648351648336,2.413186813186819,-0.4991452991453009,-0.5811965811965827,0.0512820512820511,-0.2368742368742378,-0.17338217338217454,0.0
588783.155245113,1448,0.08,0.0,0.12999999523162842,0.0,0.0,0.0,0.0,0.0,0.008583199816891707,0.14744029907682865,0.00705729762722207,0.013542381933318026,-0.006294346532387252,-0.03376058594644071,0.02994583047226662,-0.4351648351648336,2.254945054945061,-0.5128205128205146,-0.5948717948717963,0.056166056166055967,-0.2368742368742378,-0.17338217338217454,0.0
588783.235246026,1449,0.08,0.0,0.125,0.0,0.0,0.0,0.0,0.0,0.008583199816891707,0.14286259250781974,0.00705729762722207,0.013542381933318026,-0.006294346532387252,-0.03376058594644071,0.02994583047226662,-0.4351648351648336,2.0967032967033035,-0.5128205128205146,-0.5948717948717963,0.056166056166055967,-0.20268620268620374,-0.17338217338217454,0.0
588783.315427186,1450,0.08,0.0,0.12000000476837158,0.0,0.0,0.0,0.0,0.0,0.008583199816891707,0.13981078812848047,0.00705729762722207,0.013542381933318026,-0.006294346532387252,-0.033379110399023304,0.02994583047226662,-0.4351648351648336,1.9912087912087983,-0.5264957264957282,-0.5948717948717963,0.056166056166055967,-0.14896214896214843,-0.17338217338217454,0.0
588783.395260125,1451,0.08,0.0,0.11500000208616257,0.0,0.0,0.0,0.0,0.0,0.008583199816891707,0.1367589837491412,0.00705729762722207,0.013542381933318026,-0.006294346532387252,-0.033379110399023304,0.02994583047226662,-0.4351648351648336,1.7010989010989093,-0.5264957264957282,-0.6085470085470099,0.056166056166055967,-0.20268620268620374,-0.17338217338217454,0.0
588783.475248531,1452,0.08,0.0,0.10999999940395355,0.0,0.0,0.0,0.0,0.0,0.008583199816891707,0.13141832608529747,0.00705729762722207,0.013542381933318026,-0.006294346532387252,-0.03452353704127553,0.02994583047226662,-0.40879120879120734,1.6483516483516425,-0.5128205128205146,-0.6085470085470099,0.0512820512820511,-0.16849816849816968,-0.17338217338217454,0.0
588783.555240391,1453,0.08,0.0,0.10499999672174454,0.0,0.0,0.0,0.0,0.0,0.008583199816891707,0.12684061951628856,0.00705729762722207,0.013542381933318026,-0.006294346532387252,-0.03376058594644071,0.02994583047226662,-0.4351648351648336,1.5428571428571374,-0.5128205128205146,-0.5811965811965827,0.056166056166055967,-0.15873015873015994,-0.17338217338217454,0.0
588783.635241466,1454,0.08,0.0,0.10000000149011612,0.0,0.0,0.0,0.0,0.0,0.008583199816891707,0.12073701075761001,0.00705729762722207,0.013542381933318026,-0.006675822079804661,-0.03414206149385812,0.02994583047226662,-0.4351648351648336,1.5428571428571374,-0.5401709401709418,-0.5948717948717963,0.056166056166055967,-0.12942612942612897,-0.16849816849816968,0.0
588783.715246157,1455,0.08,0.0,0.0949999988079071,0.0,0.0,0.0,0.0,0.0,0.008583199816891707,0.11425192645151405,0.00705729762722207,0.013542381933318026,-0.006675822079804661,-0.03376058594644071,0.02994583047226662,-0.4351648351648336,1.5428571428571374,-0.5128205128205146,-0.5948717948717963,0.0512820512820511,-0.12942612942612897,-0.16849816849816968,0.0
588783.795249384,1456,0.08,0.0,0.08999999612569809,0.0,0.0,0.0,0.0,0.0,0.008583199816891707,0.10852979324025291,0.00705729762722207,0.013542381933318026,-0.006675822079804661,-0.032997634851605895,0.02994583047226662,-0.4351648351648336,1.4901098901098848,-0.5264957264957282,-0.5948717948717963,0.056166056166055967,-0.10500610500610463,-0.16849816849816968,0.0
588783.875243605,1457,0.08,0.0,0.08500000089406967,0.0,0.0,0.0,0.0,0.0,0.008583199816891707,0.10280766002899178,0.00705729762722207,0.013542381933318026,-0.006294346532387252,-0.03414206149385812,0.03032730601968403,-0.4351648351648336,1.410989010989006,-0.5128205128205146,-0.6085470085470099,0.0512820512820511,-0.06105006105006083,-0.17338217338217454,0.0
588783.95524036,1458,0.08,0.0,0.07999999821186066,0.0,0.0,0.0,0.0,0.0,0.008583199816891707,0.10128175783932214,0.00705729762722207,0.013542381933318026,-0.006294346532387252,-0.03490501258869294,0.03032730601968403,-0.4351648351648336,0.9362637362637329,-0.5264957264957282,-0.5811965811965827,0.056166056166055967,-0.06105006105006083,-0.17338217338217454,0.0
588784.035245748,1459,0.08,0.0,0.07500000298023224,0.0,0.0,0.0,0.0,0.0,0.008583199816891707,0.10128175783932214,0.00705729762722207,0.013542381933318026,-0.006294346532387252,-0.03490501258869294,0.03032730601968403,-0.40879120879120734,0.5934065934065913,-0.5264957264957282,-0.5811965811965827,0.056166056166055967,-0.056166056166055967,-0.17338217338217454,0.0
588784.115249683,1460,0.08,0.0,0.07000000029802322,0.0,0.0,0.0,0.0,0.0,0.008583199816891707,0.09899290455481768,0.00705729762722207,0.013542381933318026,-0.006294346532387252,-0.037193865873197396,0.03032730601968403,-0.4351648351648336,0.4351648351648336,-0.5264957264957282,-0.5948717948717963,0.0512820512820511,0.017094017094017033,-0.1782661782661794,0.0
588784.195244991,1461,0.08,0.0,0.06499999761581421,0.0,0.0,0.0,0.0,0.0,0.008583199816891707,0.09861142900740028,0.00705729762722207,0.013542381933318026,-0.006294346532387252,-0.037575341420614805,0.03032730601968403,-0.4351648351648336,0.03956043956043942,-0.5264957264957282,-0.5675213675213691,0.0512820512820511,-0.026862026862026767,-0.17338217338217454,0.0
588784.275244687,1462,0.08,0.0,0.06000000238418579,0.0,0.0,0.0,0.0,0.0,0.008583199816891707,0.09784847791256546,0.00705729762722207,0.013542381933318026,-0.006294346532387252,-0.037956816968032214,0.03032730601968403,-0.4351648351648336,-0.25054945054944966,-0.5264957264957282,-0.5811965811965827,0.0512820512820511,-0.0219780219780219,-0.17338217338217454,0.0
588784.35524994,1463,0.08,0.0,0.054999999701976776,0.0,0.0,0.0,0.0,0.0,0.008583199816891707,0.09517814908064359,0.00705729762722207,0.013542381933318026,-0.006294346532387252,-0.04444190127412817,0.03032730601968403,-0.40879120879120734,-0.38241758241758106,-0.5264957264957282,-0.5811965811965827,0.056166056166055967,0.07081807081807057,-0.1782661782661794,0.0
588784.435241996,1464,0.08,0.0,0.05000000074505806,0.0,0.0,0.0,0.0,0.0,0.008583199816891707,0.09365224689097396,0.00705729762722207,0.013542381933318026,-0.006294346532387252,-0.04863813229571967,0.03032730601968403,-0.4351648351648336,-0.7252747252747227,-0.5128205128205146,-0.6085470085470099,0.056166056166055967,0.10012210012209977,-0.17338217338217454,0.0
588784.515398245,1465,0.08,0.0,0.044999998062849045,0.0,0.0,0.0,0.0,0.0,0.008583199816891707,0.09288929579613914,0.00705729762722207,0.013542381933318026,-0.006294346532387252,-0.04940108339055449,0.03032730601968403,-0.4351648351648336,-1.0417582417582452,-0.5128205128205146,-0.5811965811965827,0.04639804639804623,0.0805860805860803,-0.17338217338217454,0.0
588784.5952411,1466,0.08,0.0,0.03999999910593033,0.0,0.0,0.0,0.0,0.0,0.008583199816891707,0.08983749141679986,0.00705729762722207,0.013542381933318026,-0.006294346532387252,-0.05359731441214599,0.03032730601968403,-0.4351648351648336,-1.1472527472527503,-0.5128205128205146,-0.5811965811965827,0.0512820512820511,0.1391941391941387,-0.17338217338217454,0.0
588784.67524734,1467,0.08,0.0,0.03500000014901161,0.0,0.0,0.0,0.0,0.0,0.008583199816891707,0.08487830930037354,0.00705729762722207,0.013542381933318026,-0.006294346532387252,-0.0623712520027464,0.03109025711451885,-0.4351648351648336,-1.1736263736263766,-0.5264957264957282,-0.5948717948717963,0.04639804639804623,0.25152625152625063,-0.192918192918194,0.0
588784.755250368,1468,0.08,0.0,0.030000001192092896,0.0,0.0,0.0,0.0,0.0,0.008201724269474298,0.08182650492103427,0.00705729762722207,0.013542381933318026,-0.005912870984969842,-0.070382238498512,0.032616159304188486,-0.38241758241758106,-1.4373626373626394,-0.5264957264957282,-0.5811965811965827,0.04639804639804623,0.29059829059828957,-0.192918192918194,0.0
588784.835297637,1469,0.08,0.0,0.02500000037252903,0.0,0.0,0.0,0.0,0.0,0.008201724269474298,0.08182650492103427,0.00705729762722207,0.013542381933318026,-0.005912870984969842,-0.070382238498512,0.032616159304188486,-0.40879120879120734,-1.780219780219781,-0.5264957264957282,-0.5811965811965827,0.04639804639804623,0.24664224664224577,-0.192918192918194,0.0
588784.91524976,1470,0.08,0.0,0.019999999552965164,0.0,0.0,0.0,0.0,0.0,0.008201724269474298,0.07991912718394723,0.00705729762722207,0.013542381933318026,-0.005912870984969842,-0.07343404287785127,0.032616159304188486,-0.40879120879120734,-2.0175824175824175,-0.5128205128205146,-0.5811965811965827,0.04151404151404137,0.31990231990232054,-0.192918192918194,0.0
588784.995195153,1471,0.08,0.0,0.015000000596046448,0.0,0.0,0.0,0.0,0.0,0.008201724269474298,0.0791561760891124,0.00705729762722207,0.013542381933318026,-0.005912870984969842,-0.07839322499427759,0.032616159304188486,-0.40879120879120734,-2.360439560439559,-0.5264957264957282,-0.5675213675213691,0.04639804639804623,0.3150183150183157,-0.192918192918194,0.0
588785.075240831,1472,0.08,0.0,0.009999999776482582,0.0,0.0,0.0,0.0,0.0,0.008201724269474298,0.07724879835202536,0.00705729762722207,0.013542381933318026,-0.005912870984969842,-0.08030060273136463,0.032616159304188486,-0.38241758241758106,-2.5714285714285765,-0.5264957264957282,-0.5675213675213691,0.04639804639804623,0.36385836385836434,-0.19780219780219888,0.0
588785.155251711,1473,0.08,0.0,0.004999999888241291,0.0,0.0,0.0,0.0,0.0,0.008201724269474298,0.07572289616235572,0.00705729762722207,0.013542381933318026,-0.005912870984969842,-0.08640421149004318,0.032616159304188486,-0.40879120879120734,-2.8351648351648393,-0.5128205128205146,-0.5675213675213691,0.04639804639804623,0.3882783882783887,-0.19780219780219888,0.0
