# t,q1,q2,q3,q4,q5,q6,q7,m1,m2,m3,m4,m5,m6,m7,px,py,pz,is_policy
1.788368847022750378e+09,-1.401976495981216431e-02,-3.249878585338592529e-01,-8.580693975090980530e-04,5.678888559341430664e-01,-4.652988612651824951e-01,8.886547759175300598e-03,-8.318144679069519043e-01,1.392385748073543539e-02,-2.798123140306714163e-01,1.354238193331802620e-02,5.140383001449624345e-01,-4.613946746013581901e-01,3.624017700465387293e-03,-7.513160906385909499e-01,2.690495836734771440e-01,1.205161586403847018e-01,5.999999999999999778e-01,1.000000000000000000e+00
1.788368847026987553e+09,-1.454653311520814896e-02,-3.243719041347503662e-01,-6.754477508366107941e-04,5.696249604225158691e-01,-4.650473296642303467e-01,8.979962207376956940e-03,-8.335499167442321777e-01,1.392385748073543539e-02,-2.798123140306714163e-01,1.354238193331802620e-02,5.140383001449624345e-01,-4.613946746013581901e-01,3.624017700465387293e-03,-7.513160906385909499e-01,2.690495836734771440e-01,1.205161586403847018e-01,5.999999999999999778e-01,0.000000000000000000e+00
1.788368847072574377e+09,-1.620020158588886261e-02,-3.223840594291687012e-01,-2.925343869719654322e-05,5.751804709434509277e-01,-4.642094373703002930e-01,9.226437658071517944e-03,-8.390771746635437012e-01,1.392385748073543539e-02,-2.798123140306714163e-01,1.354238193331802620e-02,5.140383001449624345e-01,-4.613946746013581901e-01,3.624017700465387293e-03,-7.513160906385909499e-01,2.648004273502477246e-01,1.207403140700350208e-01,5.804578807473672608e-01,1.000000000000000000e+00
1.788368847108433008e+09,-1.732375659048557281e-02,-3.209992647171020508e-01,4.523410752881318331e-04,5.789998769760131836e-01,-4.636113047599792480e-01,9.371946565806865692e-03,-8.428688049316406250e-01,1.392385748073543539e-02,-2.798123140306714163e-01,1.354238193331802620e-02,5.140383001449624345e-01,-4.613946746013581901e-01,3.624017700465387293e-03,-7.516975661860083591e-01,2.648004273502477246e-01,1.207403140700350208e-01,5.804578807473672608e-01,0.000000000000000000e+00
1.788368847156042814e+09,-2.014155313372612000e-02,-3.173870742321014404e-01,1.812126021832227707e-03,5.887220501899719238e-01,-4.620072841644287109e-01,9.664871729910373688e-03,-8.525171875953674316e-01,1.392385748073543539e-02,-2.798123140306714163e-01,1.354238193331802620e-02,5.144197756923798437e-01,-4.613946746013581901e-01,3.624017700465387293e-03,-7.539864194705128142e-01,2.601312828016603129e-01,1.221021063993019684e-01,5.610582773793511002e-01,1.000000000000000000e+00
1.788368847190842628e+09,-2.184463292360305786e-02,-3.151437640190124512e-01,2.719908952713012695e-03,5.946248173713684082e-01,-4.609816074371337891e-01,9.800704196095466614e-03,-8.583656549453735352e-01,1.392385748073543539e-02,-2.798123140306714163e-01,1.354238193331802620e-02,5.155642023346320713e-01,-4.613946746013581901e-01,3.624017700465387293e-03,-7.631418326085306347e-01,2.601312828016603129e-01,1.221021063993019684e-01,5.610582773793511002e-01,0.000000000000000000e+00
1.788368847239576340e+09,-2.584930695593357086e-02,-3.097113072872161865e-01,5.116024054586887360e-03,6.085136532783508301e-01,-4.584016799926757812e-01,9.988536126911640167e-03,-8.721035718917846680e-01,1.392385748073543539e-02,-2.798123140306714163e-01,1.354238193331802620e-02,5.205233844510583907e-01,-4.613946746013581901e-01,4.005493247882796481e-03,-7.688639658197917726e-01,2.554947360122543087e-01,1.247251473846276715e-01,5.417807752107881569e-01,1.000000000000000000e+00
1.788368847270749807e+09,-2.818008698523044586e-02,-3.065035939216613770e-01,6.653969641774892807e-03,6.164997220039367676e-01,-4.568131566047668457e-01,1.002157945185899734e-02,-8.799731731414794922e-01,1.392385748073543539e-02,-2.794308384832540071e-01,1.354238193331802620e-02,5.292973220416588020e-01,-4.613946746013581901e-01,4.005493247882796481e-03,-7.703898680094614093e-01,2.554947360122543087e-01,1.247251473846276715e-01,5.417807752107881569e-01,0.000000000000000000e+00
1.788368847320106506e+09,-3.352057933807373047e-02,-2.990531027317047119e-01,1.051817927509546280e-02,6.344222426414489746e-01,-4.529838562011718750e-01,9.948129765689373016e-03,-8.975672721862792969e-01,1.354238193331802620e-02,-2.790493629358365979e-01,1.354238193331802620e-02,5.403601129167636685e-01,-4.610131990539407809e-01,4.005493247882796481e-03,-7.749675745784703196e-01,2.511901507161881097e-01,1.288035934211563260e-01,5.226800730416003571e-01,1.000000000000000000e+00
1.788368847349937439e+09,-3.653698414564132690e-02,-2.948295772075653076e-01,1.286740507930517197e-02,6.442571878433227539e-01,-4.507356584072113037e-01,9.869260713458061218e-03,-9.071708321571350098e-01,1.354238193331802620e-02,-2.767605096513321428e-01,1.354238193331802620e-02,5.537117570763729901e-01,-4.610131990539407809e-01,4.386968795300205670e-03,-7.890821698329144596e-01,2.511901507161881097e-01,1.288035934211563260e-01,5.226800730416003571e-01,0.000000000000000000e+00
1.788368847393866539e+09,-4.315052554011344910e-02,-2.854576408863067627e-01,1.852761767804622650e-02,6.653772592544555664e-01,-4.454810619354248047e-01,9.593950584530830383e-03,-9.277160167694091797e-01,1.163500419623098026e-02,-2.737087052719928693e-01,1.392385748073543539e-02,5.678263523308171301e-01,-4.606317235065233717e-01,4.386968795300205670e-03,-7.982375829709322801e-01,2.462509256275292324e-01,1.315312678447595751e-01,5.034924768460790068e-01,1.000000000000000000e+00
1.788368847430314779e+09,-4.672116786241531372e-02,-2.803456187248229980e-01,2.186741493642330170e-02,6.765608787536621094e-01,-4.424514472484588623e-01,9.395576082170009613e-03,-9.385547041893005371e-01,1.010910200656134350e-02,-2.676050965133143222e-01,1.392385748073543539e-02,5.815594720378438609e-01,-4.606317235065233717e-01,5.912870984969842425e-03,-8.154039826047156936e-01,2.462509256275292324e-01,1.315312678447595751e-01,5.034924768460790068e-01,0.000000000000000000e+00
1.788368847475042582e+09,-5.433687940239906311e-02,-2.693080306053161621e-01,2.974231541156768799e-02,6.999106407165527344e-01,-4.354516267776489258e-01,8.865609765052795410e-03,-9.610964059829711914e-01,7.438773174639479180e-03,-2.599755855649661385e-01,1.430533302815284458e-02,5.968184939345402285e-01,-4.602502479591059625e-01,6.675822079804660802e-03,-8.318074311436642887e-01,2.516457508877087967e-01,1.310371896980345452e-01,4.842401588766225284e-01,1.000000000000000000e+00
1.788368847510252476e+09,-5.835290625691413879e-02,-2.634121179580688477e-01,3.431136161088943481e-02,7.119825482368469238e-01,-4.314509034156799316e-01,8.546222001314163208e-03,-9.727087020874023438e-01,4.768444342717614859e-03,-2.527275501640353639e-01,2.040894178683139160e-02,6.120775158312365960e-01,-4.598687724116885533e-01,6.675822079804660802e-03,-8.466849774929432471e-01,2.516457508877087967e-01,1.310371896980345452e-01,4.842401588766225284e-01,0.000000000000000000e+00
1.788368847554003954e+09,-6.679727882146835327e-02,-2.508950531482696533e-01,4.480895027518272400e-02,7.366830706596374512e-01,-4.223851263523101807e-01,7.820153608918190002e-03,-9.963796138763427734e-01,-5.722133211261137831e-04,-2.443350881208523617e-01,2.613107499809252943e-02,6.269550621805155544e-01,-4.575799191271840982e-01,7.057297627222069991e-03,-8.623254749370570238e-01,2.631997657593811435e-01,1.341002440818439556e-01,4.682051210473250902e-01,1.000000000000000000e+00
1.788368847590131760e+09,-7.120057940483093262e-02,-2.443026900291442871e-01,5.074699595570564270e-02,7.492223978042602539e-01,-4.173094928264617920e-01,7.438689935952425003e-03,-1.008359551429748535e+00,-5.531395437552433236e-03,-2.367055771725041780e-01,3.376058594644071320e-02,6.433585107194641495e-01,-4.568169680323492798e-01,7.057297627222069991e-03,-8.772030212863359822e-01,2.631997657593811435e-01,1.341002440818439556e-01,4.682051210473250902e-01,0.000000000000000000e+00
1.788368847634526491e+09,-8.057188987731933594e-02,-2.305876463651657104e-01,6.403400003910064697e-02,7.746222615242004395e-01,-4.060046672821044922e-01,6.734220776706933975e-03,-1.032343029975891113e+00,-1.163500419623098026e-02,-2.279316395819037666e-01,4.062714579995407860e-02,6.609063859006649722e-01,-4.530022125581751880e-01,7.057297627222069991e-03,-8.939879453727019865e-01,2.806207257509231168e-01,1.329648977518081976e-01,4.773578798770904408e-01,1.000000000000000000e+00
1.788368847670726299e+09,-8.555807918310165405e-02,-2.235185354948043823e-01,7.136858999729156494e-02,7.874315381050109863e-01,-3.997681140899658203e-01,6.461526732891798019e-03,-1.044261217117309570e+00,-1.735713740749211809e-02,-2.206836041809729920e-01,4.901960784313708075e-02,6.788357366292832040e-01,-4.446097505149921858e-01,7.057297627222069991e-03,-9.126802471961550367e-01,2.806207257509231168e-01,1.329648977518081976e-01,4.773578798770904408e-01,0.000000000000000000e+00
1.788368847716054678e+09,-9.597641229629516602e-02,-2.090501040220260620e-01,8.742273598909378052e-02,8.129728436470031738e-01,-3.860740959644317627e-01,6.240890827029943466e-03,-1.067731618881225586e+00,-2.307927061875325592e-02,-2.119096665903725807e-01,5.817502098115490128e-02,6.975280384527362543e-01,-4.400320439459832755e-01,8.201724269474297557e-03,-9.287022201876862226e-01,2.927159154415130415e-01,1.380775895714760060e-01,4.676490312814712280e-01,1.000000000000000000e+00
1.788368847751073122e+09,-1.012956947088241577e-01,-2.017099410295486450e-01,9.609016031026840210e-02,8.255769014358520508e-01,-3.786271214485168457e-01,6.359948311001062393e-03,-1.079221844673156738e+00,-2.841992828259698456e-02,-2.050431067368592153e-01,6.885633630884235856e-02,7.166018158236067137e-01,-4.304951552605480458e-01,8.201724269474297557e-03,-9.485389486533915004e-01,2.927159154415130415e-01,1.380775895714760060e-01,4.676490312814712280e-01,0.000000000000000000e+00
1.788368847795732737e+09,-1.111944839358329773e-01,-1.870448440313339233e-01,1.145952865481376648e-01,8.499581217765808105e-01,-3.625509142875671387e-01,7.091880310326814651e-03,-1.101671695709228516e+00,-3.414206149385812239e-02,-1.974135957885110315e-01,7.915617608911240666e-02,7.337682154573901272e-01,-4.217212176699476345e-01,8.583199816891706746e-03,-9.676127260242619599e-01,2.768850925119009099e-01,1.340825293291466325e-01,4.560980772502482572e-01,1.000000000000000000e+00
1.788368847832060099e+09,-1.154598519206047058e-01,-1.798223257064819336e-01,1.243180409073829651e-01,8.615843057632446289e-01,-3.539764881134033203e-01,7.771987002342939377e-03,-1.112639904022216797e+00,-4.024567025253666941e-02,-1.897840848401610714e-01,9.212634470130431907e-02,7.501716639963387223e-01,-4.121843289845124048e-01,8.201724269474297557e-03,-9.832532234683757366e-01,2.768850925119009099e-01,1.340825293291466325e-01,4.560980772502482572e-01,0.000000000000000000e+00
1.788368847875769377e+09,-1.224280893802642822e-01,-1.657150536775588989e-01,1.443588584661483765e-01,8.836947083473205566e-01,-3.360689282417297363e-01,9.651282802224159241e-03,-1.134174585342407227e+00,-4.825665674830226237e-02,-1.794842450598910233e-01,1.062409399557484591e-01,7.681010147249569542e-01,-4.041733424887468118e-01,8.964675364309115935e-03,-1.003852903028915833e+00,2.653657231637148728e-01,1.271807343890982156e-01,4.412768304597251001e-01,1.000000000000000000e+00
1.788368847912023067e+09,-1.251309663057327271e-01,-1.588595360517501831e-01,1.545608192682266235e-01,8.942018747329711914e-01,-3.268412351608276367e-01,1.081955991685390472e-02,-1.144772529602050781e+00,-5.397878995956340020e-02,-1.695658808270383844e-01,1.203555352101925990e-01,7.860303654535751861e-01,-3.923476005188071269e-01,9.346150911726525123e-03,-1.019111924925612200e+00,2.653657231637148728e-01,1.271807343890982156e-01,4.412768304597251001e-01,0.000000000000000000e+00
1.788368847956004620e+09,-1.289742290973663330e-01,-1.455404460430145264e-01,1.751235276460647583e-01,9.141036868095397949e-01,-3.080421388149261475e-01,1.362741272896528244e-02,-1.165609955787658691e+00,-5.931944762340712884e-02,-1.592660410467683363e-01,1.352330815594715574e-01,8.047226672770282363e-01,-3.774700541695281686e-01,9.346150911726525123e-03,-1.035896849011978205e+00,2.555442105641231865e-01,1.212962051310657041e-01,4.248783486498922124e-01,1.000000000000000000e+00
1.788368847991797209e+09,-1.301146149635314941e-01,-1.390860229730606079e-01,1.854206621646881104e-01,9.234924912452697754e-01,-2.985288798809051514e-01,1.527341362088918686e-02,-1.175843358039855957e+00,-6.466010528725085749e-02,-1.497291523613331066e-01,1.516365300984201525e-01,8.218890669108116498e-01,-3.629739833676666194e-01,9.727626459143934312e-03,-1.055733577477683482e+00,2.555442105641231865e-01,1.212962051310657041e-01,4.248783486498922124e-01,0.000000000000000000e+00
1.788368848036510706e+09,-1.308328658342361450e-01,-1.265881061553955078e-01,2.059219777584075928e-01,9.410866498947143555e-01,-2.794134914875030518e-01,1.905654557049274445e-02,-1.195878028869628906e+00,-7.000076295109458613e-02,-1.401922636758978769e-01,1.672770275425339292e-01,8.352407110704209714e-01,-3.507667658503095254e-01,9.727626459143934312e-03,-1.069848172732127622e+00,2.493635815156689250e-01,1.175931001256119990e-01,4.062212631892960779e-01,1.000000000000000000e+00
1.788368848072549582e+09,-1.304107457399368286e-01,-1.205557286739349365e-01,2.160812914371490479e-01,9.492734670639038086e-01,-2.698542475700378418e-01,2.119854278862476349e-02,-1.205661773681640625e+00,-7.228961623559904126e-02,-1.321812771801322839e-01,1.825360494392302968e-01,8.493553063248651114e-01,-3.347447928587783395e-01,1.049057755397875269e-02,-1.086633096818493627e+00,2.493635815156689250e-01,1.175931001256119990e-01,4.062212631892960779e-01,0.000000000000000000e+00
1.788368848116810322e+09,-1.280039995908737183e-01,-1.089439615607261658e-01,2.361195683479309082e-01,9.643574953079223633e-01,-2.508440017700195312e-01,2.597946859896183014e-02,-1.224693536758422852e+00,-7.267109178301645045e-02,-1.253147173266189185e-01,1.970321202410918460e-01,8.646143282215614789e-01,-3.217746242465864270e-01,1.087205310139616188e-02,-1.101892118715189994e+00,2.442889970664625654e-01,1.145526783615598010e-01,3.871161741247418075e-01,1.000000000000000000e+00
1.788368848152935505e+09,-1.260193735361099243e-01,-1.033785715699195862e-01,2.459601759910583496e-01,9.712370038032531738e-01,-2.414301782846450806e-01,2.861889265477657318e-02,-1.233922958374023438e+00,-7.228961623559904126e-02,-1.192111085679403715e-01,2.122911421377882135e-01,8.772030212863359822e-01,-3.076600289921422871e-01,1.125352864881357107e-02,-1.118677042801555999e+00,2.442889970664625654e-01,1.145526783615598010e-01,3.871161741247418075e-01,0.000000000000000000e+00
1.788368848206862450e+09,-1.204876080155372620e-01,-9.275888651609420776e-02,2.651999890804290771e-01,9.836128354072570801e-01,-2.228815704584121704e-01,3.437869623303413391e-02,-1.251746177673339844e+00,-7.228961623559904126e-02,-1.131074998092618245e-01,2.264057373922323535e-01,8.852140077821015751e-01,-2.935454337376981471e-01,1.544975967040507214e-02,-1.135843442435339412e+00,2.395749420164860755e-01,1.117282666852243422e-01,3.678859795425653001e-01,1.000000000000000000e+00
1.788368848235220432e+09,-1.169404760003089905e-01,-8.772096782922744751e-02,2.745635807514190674e-01,9.890921115875244141e-01,-2.137810140848159790e-01,3.749668598175048828e-02,-1.260321974754333496e+00,-7.190814068818163207e-02,-1.077668421454180958e-01,2.412832837415113119e-01,8.928435187304497589e-01,-2.786678873884191887e-01,2.117189288166620997e-02,-1.148432135500113915e+00,2.395749420164860755e-01,1.117282666852243422e-01,3.678859795425653001e-01,0.000000000000000000e+00
1.788368848282275915e+09,-1.082837134599685669e-01,-7.823822647333145142e-02,2.926734387874603271e-01,9.985646009445190430e-01,-1.960324048995971680e-01,4.419071599841117859e-02,-1.276737689971923828e+00,-7.190814068818163207e-02,-1.012817578393221396e-01,2.531090257114509967e-01,8.981841763942934875e-01,-2.668421454184795039e-01,2.307927061875325592e-02,-1.157969024185549145e+00,2.372525477555234019e-01,1.130141104084376458e-01,3.480629351039297159e-01,1.000000000000000000e+00
1.788368848315571785e+09,-1.031740829348564148e-01,-7.381467521190643311e-02,3.013774454593658447e-01,1.002536892890930176e+00,-1.874216794967651367e-01,4.776433855295181274e-02,-1.284559130668640137e+00,-7.076371404592940451e-02,-9.594110017547841096e-02,2.660791943236429091e-01,9.046692607003894437e-01,-2.542534523537050006e-01,2.803845273517957537e-02,-1.172465094987410694e+00,2.372525477555234019e-01,1.130141104084376458e-01,3.480629351039297159e-01,0.000000000000000000e+00
1.788368848357642174e+09,-9.139232337474822998e-02,-6.569891422986984253e-02,3.178926110267639160e-01,1.008842468261718750e+00,-1.708837449550628662e-01,5.536123365163803101e-02,-1.299337029457092285e+00,-6.733043411917272181e-02,-9.098191805905209151e-02,2.801937895780870491e-01,9.126802471961550367e-01,-2.405203326466782698e-01,2.918287937743180294e-02,-1.187724116884107062e+00,2.434944173917238663e-01,1.244728825231495306e-01,3.329059035651428244e-01,1.000000000000000000e+00
1.788368848393282652e+09,-8.472019433975219727e-02,-6.204046308994293213e-02,3.256344497203826904e-01,1.011141300201416016e+00,-1.630113571882247925e-01,5.938594043254852295e-02,-1.306265115737915039e+00,-6.351567864499862992e-02,-8.678568703746059043e-02,2.946898603799485983e-01,9.206912336919206297e-01,-2.267872129396515390e-01,2.994583047226662131e-02,-1.198405432211794519e+00,2.434944173917238663e-01,1.244728825231495306e-01,3.329059035651428244e-01,0.000000000000000000e+00
1.788368848438082218e+09,-6.981343775987625122e-02,-5.565335229039192200e-02,3.398056328296661377e-01,1.013874411582946777e+00,-1.482816934585571289e-01,6.789484620094299316e-02,-1.319064855575561523e+00,-5.779354543373749209e-02,-7.953765163652981585e-02,3.072785534447231015e-01,9.271763179980165859e-01,-2.149614709697118542e-01,3.299763485160589482e-02,-1.211375600823986431e+00,2.540319642812228773e-01,1.390859655460200128e-01,3.242215549932403462e-01,1.000000000000000000e+00
1.788368848472743988e+09,-6.157881021499633789e-02,-5.296996235847473145e-02,3.461307883262634277e-01,1.014256238937377930e+00,-1.415064036846160889e-01,7.238358259201049805e-02,-1.324891686439514160e+00,-4.940108339055448994e-02,-7.419699397268608720e-02,3.198672465094976047e-01,9.348058289463647696e-01,-1.993209735255980775e-01,3.643091477836257752e-02,-1.225108720531013162e+00,2.540319642812228773e-01,1.390859655460200128e-01,3.242215549932403462e-01,0.000000000000000000e+00
1.788368848517455101e+09,-4.367673024535179138e-02,-4.869712516665458679e-02,3.570013940334320068e-01,1.012962341308593750e+00,-1.293518543243408203e-01,8.180858939886093140e-02,-1.335268735885620117e+00,-3.757534142061480509e-02,-6.809338521400754018e-02,3.316929884794372896e-01,9.386205844205388615e-01,-1.852063782711521611e-01,3.833829251544962347e-02,-1.238078889143205075e+00,2.690799202608145091e-01,1.504515319345907653e-01,3.175595041450958167e-01,1.000000000000000000e+00
1.788368848552550554e+09,-3.405997902154922485e-02,-4.712856560945510864e-02,3.614569306373596191e-01,1.011273741722106934e+00,-1.240478903055191040e-01,8.673792332410812378e-02,-1.339777708053588867e+00,-2.651255054550993862e-02,-6.275272755016381154e-02,3.423743038071247469e-01,9.397650110627910891e-01,-1.745250629434647038e-01,4.787518120088485318e-02,-1.244563973449301031e+00,2.690799202608145091e-01,1.504515319345907653e-01,3.175595041450958167e-01,0.000000000000000000e+00
1.788368848597026587e+09,-1.376969460397958755e-02,-4.509713873267173767e-02,3.682987093925476074e-01,1.005895853042602539e+00,-1.150990799069404602e-01,9.695119410753250122e-02,-1.347403883934020996e+00,-1.354238193331802620e-02,-6.046387426565935641e-02,3.522926680399773858e-01,9.397650110627910891e-01,-1.623178454261076098e-01,6.008239871824194722e-02,-1.251049057755396987e+00,2.828405996468179029e-01,1.625281894404977667e-01,3.095097807758960262e-01,1.000000000000000000e+00
1.788368848633833647e+09,-3.207865869626402855e-03,-4.460449516773223877e-02,3.706779479980468750e-01,1.002261877059936523e+00,-1.114682629704475403e-01,1.022060438990592957e-01,-1.350530982017517090e+00,1.907377737087045944e-04,-6.046387426565935641e-02,3.599221789883255695e-01,9.397650110627910891e-01,-1.501106279087505158e-01,6.618600747692049424e-02,-1.262493324177919263e+00,2.828405996468179029e-01,1.625281894404977667e-01,3.095097807758960262e-01,0.000000000000000000e+00
1.788368848677864790e+09,1.845601014792919159e-02,-4.457695409655570984e-02,3.733530640602111816e-01,9.931805133819580078e-01,-1.059361398220062256e-01,1.129258126020431519e-01,-1.355380535125732422e+00,1.468680857557025377e-02,-6.084534981307676560e-02,3.641184100099170706e-01,9.397650110627910891e-01,-1.424811169604023320e-01,7.419699397268608720e-02,-1.267452506294345582e+00,2.976034431102153044e-01,1.685004758772464528e-01,2.974105970186067815e-01,1.000000000000000000e+00
1.788368848714004517e+09,2.945408225059509277e-02,-4.501421377062797546e-02,3.736489713191986084e-01,9.877649545669555664e-01,-1.040498390793800354e-01,1.183631271123886108e-01,-1.357095718383789062e+00,2.994583047226662131e-02,-6.084534981307676560e-02,3.664072632944215258e-01,9.397650110627910891e-01,-1.409552147707326952e-01,7.991912718394722503e-02,-1.269359884031432628e+00,2.976034431102153044e-01,1.685004758772464528e-01,2.974105970186067815e-01,0.000000000000000000e+00
1.788368848758136272e+09,5.150615796446800232e-02,-4.672179743647575378e-02,3.721574246883392334e-01,9.752295613288879395e-01,-1.020906120538711548e-01,1.293012350797653198e-01,-1.359051942825317383e+00,4.444190127412817048e-02,-6.084534981307676560e-02,3.664072632944215258e-01,9.397650110627910891e-01,-1.386663614862282401e-01,8.449683375295613530e-02,-1.272793163958189311e+00,3.094984840307249963e-01,1.746541558755654588e-01,2.825566337771789893e-01,1.000000000000000000e+00
1.788368848794107914e+09,6.245362386107444763e-02,-4.795851930975914001e-02,3.703700006008148193e-01,9.681330323219299316e-01,-1.020348519086837769e-01,1.347714662551879883e-01,-1.359276652336120605e+00,5.741206988632008290e-02,-6.084534981307676560e-02,3.664072632944215258e-01,9.397650110627910891e-01,-1.329442282749671023e-01,9.136339360646950070e-02,-1.275844968337528584e+00,3.094984840307249963e-01,1.746541558755654588e-01,2.825566337771789893e-01,0.000000000000000000e+00
1.788368848838346958e+09,8.403236418962478638e-02,-5.114942044019699097e-02,3.647117912769317627e-01,9.524239301681518555e-01,-1.038040220737457275e-01,1.456239372491836548e-01,-1.358095407485961914e+00,7.114518959334681369e-02,-6.122682536049417479e-02,3.664072632944215258e-01,9.393835355153736799e-01,-1.283665217059581920e-01,1.058594644083310499e-01,-1.278133821622033039e+00,3.029079098650088731e-01,1.889251873354462763e-01,2.701912792235364735e-01,1.000000000000000000e+00
1.788368848874276400e+09,9.457597136497497559e-02,-5.307751148939132690e-02,3.608410358428955078e-01,9.438589215278625488e-01,-1.056434363126754761e-01,1.509733200073242188e-01,-1.356628417968750000e+00,8.411535820553872611e-02,-6.122682536049417479e-02,3.664072632944215258e-01,9.363317311360344064e-01,-1.249332417792015093e-01,1.138704509040966428e-01,-1.283474479285876768e+00,3.029079098650088731e-01,1.889251873354462763e-01,2.701912792235364735e-01,0.000000000000000000e+00
1.788368848919718742e+09,1.149930506944656372e-01,-5.752489343285560608e-02,3.510161638259887695e-01,9.253844618797302246e-01,-1.113064959645271301e-01,1.614112257957458496e-01,-1.351867318153381348e+00,9.708552681773063853e-02,-6.122682536049417479e-02,3.664072632944215258e-01,9.279392690928514043e-01,-1.237888151369492817e-01,1.192111085679403715e-01,-1.284237430380711587e+00,2.911167429872525414e-01,1.991589419693795271e-01,2.576917332416476802e-01,1.000000000000000000e+00
1.788368848956840038e+09,1.247549057006835938e-01,-6.001001223921775818e-02,3.450620472431182861e-01,9.155032634735107422e-01,-1.151584908366203308e-01,1.664556562900543213e-01,-1.348515987396240234e+00,1.089112687876703234e-01,-6.122682536049417479e-02,3.664072632944215258e-01,9.142061493858246735e-01,-1.234073395895318725e-01,1.245517662317841001e-01,-1.283474479285876768e+00,2.911167429872525414e-01,1.991589419693795271e-01,2.576917332416476802e-01,0.000000000000000000e+00
1.788368849001468897e+09,1.430757492780685425e-01,-6.537915766239166260e-02,3.311410248279571533e-01,8.945200443267822266e-01,-1.249411031603813171e-01,1.760440468788146973e-01,-1.339709043502807617e+00,1.226443884946970542e-01,-6.160830090791158398e-02,3.629739833676648431e-01,8.993286030365457151e-01,-1.234073395895318725e-01,1.325627527275496931e-01,-1.282711528191041950e+00,2.859893099020436869e-01,2.078743714608639881e-01,2.404362784885654136e-01,1.000000000000000000e+00
1.788368849036848545e+09,1.515086889266967773e-01,-6.820477545261383057e-02,3.232527375221252441e-01,8.834809660911560059e-01,-1.308300197124481201e-01,1.805427968502044678e-01,-1.334224700927734375e+00,1.367589837491411942e-01,-6.160830090791158398e-02,3.557259479667340685e-01,8.852140077821015751e-01,-1.237888151369492817e-01,1.409552147707326952e-01,-1.282330052643624541e+00,2.859893099020436869e-01,2.078743714608639881e-01,2.404362784885654136e-01,0.000000000000000000e+00
1.788368849082096338e+09,1.668120622634887695e-01,-7.378693670034408569e-02,3.061930239200592041e-01,8.605589270591735840e-01,-1.441573202610015869e-01,1.889655441045761108e-01,-1.321250438690185547e+00,1.512550545510027433e-01,-6.351567864499862992e-02,3.461890592812988388e-01,8.707179369802400259e-01,-1.241702906843666909e-01,1.497291523613331066e-01,-1.282330052643624541e+00,2.900841803184908696e-01,1.943843669949361086e-01,2.262499535317011035e-01,1.000000000000000000e+00
1.788368849117741585e+09,1.736824959516525269e-01,-7.645907998085021973e-02,2.972044944763183594e-01,8.487810492515563965e-01,-1.514346301555633545e-01,1.929094493389129639e-01,-1.313866257667541504e+00,1.646066987106120649e-01,-6.504158083466826668e-02,3.339818417639417447e-01,8.539330128938740216e-01,-1.264591439688711461e-01,1.607919432364379730e-01,-1.280041199359120085e+00,2.900841803184908696e-01,1.943843669949361086e-01,2.262499535317011035e-01,0.000000000000000000e+00
1.788368849161505699e+09,1.858608722686767578e-01,-8.141292631626129150e-02,2.786713540554046631e-01,8.248757719993591309e-01,-1.668646186590194702e-01,2.003409117460250854e-01,-1.297584772109985352e+00,1.760509651331343406e-01,-6.885633630884235856e-02,3.202487220569150139e-01,8.363851377126731990e-01,-1.310368505378800563e-01,1.642252231631946557e-01,-1.276226443884945994e+00,3.067851109482352956e-01,1.833819862848583560e-01,2.260870584397742522e-01,1.000000000000000000e+00
1.788368849197489977e+09,1.911687999963760376e-01,-8.365805447101593018e-02,2.692208290100097656e-01,8.128302693367004395e-01,-1.749243736267089844e-01,2.038493454456329346e-01,-1.288773298263549805e+00,1.848249027237347519e-01,-7.152666514076422288e-02,3.057526512550534648e-01,8.188372625314723763e-01,-1.371404592965586033e-01,1.661326009002817017e-01,-1.265163653009841127e+00,3.067851109482352956e-01,1.833819862848583560e-01,2.260870584397742522e-01,0.000000000000000000e+00
1.788368849246268511e+09,2.002221643924713135e-01,-8.764459192752838135e-02,2.501276433467864990e-01,7.887402176856994629e-01,-1.915480345487594604e-01,2.104878276586532593e-01,-1.269995808601379395e+00,1.932173647669177541e-01,-7.534142061493831477e-02,2.924010070954441431e-01,8.020523384451063720e-01,-1.504921034561679249e-01,1.688029297322035660e-01,-1.253719386587318851e+00,3.248637615982886140e-01,1.771065898575618358e-01,2.318992688930871793e-01,1.000000000000000000e+00
1.788368849280565977e+09,2.039676010608673096e-01,-8.937578648328781128e-02,2.405379265546798706e-01,7.767553925514221191e-01,-2.000554502010345459e-01,2.136288732290267944e-01,-1.260095238685607910e+00,1.989394979781788919e-01,-7.839322499427758828e-02,2.782864118410000032e-01,7.852674143587403677e-01,-1.596475165941857455e-01,1.722362096589602487e-01,-1.243038071259631394e+00,3.248637615982886140e-01,1.771065898575618358e-01,2.318992688930871793e-01,0.000000000000000000e+00
1.788368849328346252e+09,2.098959684371948242e-01,-9.230868518352508545e-02,2.214111387729644775e-01,7.530328035354614258e-01,-2.173154205083847046e-01,2.195639163255691528e-01,-1.239410400390625000e+00,2.031357289997703930e-01,-8.335240711070390773e-02,2.660791943236429091e-01,7.688639658197917726e-01,-1.699473563744557936e-01,1.802471961547258417e-01,-1.225490196078430571e+00,3.422996183824552618e-01,1.697286897015176932e-01,2.383457786068372553e-01,1.000000000000000000e+00
1.788368849357964993e+09,2.120788991451263428e-01,-9.350999444723129272e-02,2.119189053773880005e-01,7.413402199745178223e-01,-2.260204553604125977e-01,2.223602682352066040e-01,-1.228679776191711426e+00,2.058060578316922573e-01,-8.525978484779095368e-02,2.512016479743639508e-01,7.516975661860083591e-01,-1.810101472495606600e-01,1.894026092927436622e-01,-1.214045929655908296e+00,3.422996183824552618e-01,1.697286897015176932e-01,2.383457786068372553e-01,0.000000000000000000e+00
1.788368849401520491e+09,2.148822695016860962e-01,-9.541255235671997070e-02,1.931998580694198608e-01,7.183994054794311523e-01,-2.434415668249130249e-01,2.276091724634170532e-01,-1.206580638885498047e+00,2.107652399481185768e-01,-8.602273594262577205e-02,2.374685282673372200e-01,7.372014953841468099e-01,-1.970321202410936223e-01,1.962691691462570276e-01,-1.201838712138551202e+00,3.598274653129323042e-01,1.629255069474565831e-01,2.451642305129968780e-01,1.000000000000000000e+00
1.788368849437821150e+09,2.155027091503143311e-01,-9.612128138542175293e-02,1.840140670537948608e-01,7.071908712387084961e-01,-2.521129548549652100e-01,2.300595045089721680e-01,-1.195263862609863281e+00,2.130540932326230319e-01,-8.602273594262577205e-02,2.203021286335538065e-01,7.211795223926156240e-01,-2.103837644007029439e-01,2.035172045471878022e-01,-1.184290836957350379e+00,3.598274653129323042e-01,1.629255069474565831e-01,2.451642305129968780e-01,0.000000000000000000e+00
1.788368849481260061e+09,2.151810824871063232e-01,-9.709215909242630005e-02,1.661056578159332275e-01,6.853915452957153320e-01,-2.692499756813049316e-01,2.345966994762420654e-01,-1.172221064567565918e+00,2.138170443274578503e-01,-8.602273594262577205e-02,2.061875333791096665e-01,7.043945983062496197e-01,-2.229724574654774472e-01,2.069504844739444849e-01,-1.166361486228732147e+00,3.777861054616762360e-01,1.556736238346167478e-01,2.501539635044134346e-01,1.000000000000000000e+00
1.788368849517712593e+09,2.142390161752700806e-01,-9.736441820859909058e-02,1.574215292930603027e-01,6.748353838920593262e-01,-2.776744365692138672e-01,2.366776317358016968e-01,-1.160543799400329590e+00,2.141985198748752595e-01,-8.564126039520836287e-02,1.935988403143351633e-01,6.857022964827965694e-01,-2.374685282673389963e-01,2.100022888532837584e-01,-1.151102464332035780e+00,3.777861054616762360e-01,1.556736238346167478e-01,2.501539635044134346e-01,0.000000000000000000e+00
1.788368849561217308e+09,2.107923775911331177e-01,-9.751781076192855835e-02,1.407074332237243652e-01,6.544970870018005371e-01,-2.941156327724456787e-01,2.404387295246124268e-01,-1.136992692947387695e+00,2.141985198748752595e-01,-8.602273594262577205e-02,1.806286717021432509e-01,6.692988479438479743e-01,-2.485313191424438628e-01,2.107652399481185768e-01,-1.132791638056000139e+00,3.962419064671987567e-01,1.481133499792302299e-01,2.516458309503055712e-01,1.000000000000000000e+00
1.788368849598078966e+09,2.082878053188323975e-01,-9.742645919322967529e-02,1.327240616083145142e-01,6.447530388832092285e-01,-3.020913302898406982e-01,2.421051412820816040e-01,-1.125165104866027832e+00,2.138170443274578503e-01,-8.602273594262577205e-02,1.665140764476991109e-01,6.536583504997341976e-01,-2.618829633020531844e-01,2.119096665903708043e-01,-1.114099336232547088e+00,3.962419064671987567e-01,1.481133499792302299e-01,2.516458309503055712e-01,0.000000000000000000e+00
1.788368849642680407e+09,2.017161697149276733e-01,-9.700565785169601440e-02,1.176505163311958313e-01,6.262094974517822266e-01,-3.174309432506561279e-01,2.449631392955780029e-01,-1.101518511772155762e+00,2.138170443274578503e-01,-8.602273594262577205e-02,1.539253833829246076e-01,6.391622796978726484e-01,-2.744716563668276876e-01,2.138170443274578503e-01,-1.097314412146181084e+00,4.147090568263476773e-01,1.406924633666850610e-01,2.496723063124219877e-01,1.000000000000000000e+00
1.788368849678273201e+09,1.976491063833236694e-01,-9.667933732271194458e-02,1.106023266911506653e-01,6.174467802047729492e-01,-3.247539997100830078e-01,2.461434751749038696e-01,-1.089746952056884766e+00,2.134355687800404411e-01,-8.602273594262577205e-02,1.413366903181501044e-01,6.246662088960110992e-01,-2.882047760738544184e-01,2.141985198748752595e-01,-1.080910963607232489e+00,4.147090568263476773e-01,1.406924633666850610e-01,2.496723063124219877e-01,0.000000000000000000e+00
1.788368849722583532e+09,1.879524737596511841e-01,-9.580156952142715454e-02,9.761099517345428467e-02,6.010367870330810547e-01,-3.385829031467437744e-01,2.479760497808456421e-01,-1.066435337066650391e+00,2.134355687800404411e-01,-8.602273594262577205e-02,1.298924238956278288e-01,6.116960402838191868e-01,-3.019378957808811492e-01,2.084763866636141216e-01,-1.074807354848553942e+00,4.323031311470243443e-01,1.314120971503628665e-01,2.475930392085000653e-01,1.000000000000000000e+00
1.788368849758514643e+09,1.823229044675827026e-01,-9.524708241224288940e-02,9.171529114246368408e-02,5.934301018714904785e-01,-3.450449109077453613e-01,2.486161291599273682e-01,-1.054947733879089355e+00,2.122911421377882135e-01,-8.449683375295613530e-02,1.214999618524448266e-01,6.055924315251406398e-01,-3.099488822766467422e-01,2.065690089265270757e-01,-1.079766536964980261e+00,4.323031311470243443e-01,1.314120971503628665e-01,2.475930392085000653e-01,0.000000000000000000e+00
1.788368849802317142e+09,1.695012748241424561e-01,-9.389591217041015625e-02,8.126839250326156616e-02,5.795227885246276855e-01,-3.569304645061492920e-01,2.493105530738830566e-01,-1.032451391220092773e+00,2.088578622110315308e-01,-8.220798046845168017e-02,1.165407797360185072e-01,5.991073472190446836e-01,-3.122377355611511973e-01,2.038986800946052114e-01,-1.079385061417562852e+00,4.494457527845060474e-01,1.211133992975482465e-01,2.473335282634999688e-01,1.000000000000000000e+00
1.788368849838906288e+09,1.623092144727706909e-01,-9.308870881795883179e-02,7.677060365676879883e-02,5.732659101486206055e-01,-3.623070120811462402e-01,2.493516355752944946e-01,-1.021499395370483398e+00,2.042801556420226206e-01,-8.030060273136463422e-02,1.100556954299225509e-01,5.907148851758616814e-01,-3.168154421301601076e-01,1.939803158617525725e-01,-1.080529488059815080e+00,4.494457527845060474e-01,1.211133992975482465e-01,2.473335282634999688e-01,0.000000000000000000e+00
1.788368849882426739e+09,1.463625729084014893e-01,-9.119044989347457886e-02,6.937057524919509888e-02,5.622513890266418457e-01,-3.717972934246063232e-01,2.488064318895339966e-01,-1.000330209732055664e+00,1.985580224307614827e-01,-7.801174944686017909e-02,1.035706111238265947e-01,5.815594720378438609e-01,-3.213931486991690178e-01,1.832990005340651152e-01,-1.080910963607232489e+00,4.674737663899868889e-01,1.124945917426175002e-01,2.481742908766475519e-01,1.000000000000000000e+00
1.788368849918738842e+09,1.376080065965652466e-01,-9.008271247148513794e-02,6.652398407459259033e-02,5.575335621833801270e-01,-3.758647143840789795e-01,2.482098340988159180e-01,-9.901667833328247070e-01,1.920729381246655265e-01,-7.610437170977313315e-02,9.784847791256545690e-02,5.727855344472434496e-01,-3.286411841000997924e-01,1.703288319218732028e-01,-1.079766536964980261e+00,4.674737663899868889e-01,1.124945917426175002e-01,2.481742908766475519e-01,0.000000000000000000e+00
1.788368849963069439e+09,1.185363605618476868e-01,-8.754127472639083862e-02,6.265130639076232910e-02,5.497587919235229492e-01,-3.825376629829406738e-01,2.463429123163223267e-01,-9.708038568496704102e-01,1.829175249866477060e-01,-7.419699397268608720e-02,9.136339360646950070e-02,5.632486457618082198e-01,-3.347447928587783395e-01,1.596475165941857455e-01,-1.078622110322728034e+00,4.863269238530024685e-01,1.073835551865584131e-01,2.524679791510065496e-01,1.000000000000000000e+00
1.788368849998752356e+09,1.082192882895469666e-01,-8.609393984079360962e-02,6.167127564549446106e-02,5.467275977134704590e-01,-3.851066827774047852e-01,2.450556308031082153e-01,-9.616430401802062988e-01,1.745250629434647038e-01,-7.190814068818163207e-02,8.640421149004318124e-02,5.548561837186252177e-01,-3.377965972381176130e-01,1.562142366674290628e-01,-1.078622110322728034e+00,4.863269238530024685e-01,1.073835551865584131e-01,2.524679791510065496e-01,0.000000000000000000e+00
1.788368850042847633e+09,8.602263778448104858e-02,-8.285484462976455688e-02,6.170983985066413879e-02,5.424214005470275879e-01,-3.886296749114990234e-01,2.417291998863220215e-01,-9.444362521171569824e-01,1.646066987106120649e-01,-6.923781185625976775e-02,8.220798046845168017e-02,5.491340505073640799e-01,-3.423743038071265232e-01,1.569771877622638812e-01,-1.076333257038223579e+00,5.044596715304209278e-01,1.035457569296479863e-01,2.599829486257503874e-01,1.000000000000000000e+00
1.788368850079695702e+09,7.414551824331283569e-02,-8.105900138616561890e-02,6.275471299886703491e-02,5.411483049392700195e-01,-3.895617723464965820e-01,2.396600246429443359e-01,-9.363989233970642090e-01,1.516365300984201525e-01,-6.733043411917272181e-02,7.877470054169499747e-02,5.445563439383551696e-01,-3.511482413977269346e-01,1.607919432364379730e-01,-1.065651941710536121e+00,5.044596715304209278e-01,1.035457569296479863e-01,2.599829486257503874e-01,0.000000000000000000e+00
1.788368850124312162e+09,4.883369058370590210e-02,-7.716236263513565063e-02,6.686317175626754761e-02,5.403119921684265137e-01,-3.898112177848815918e-01,2.346234172582626343e-01,-9.213923811912536621e-01,1.333257038223845115e-01,-6.656748302433790343e-02,7.495994506752090558e-02,5.418860151064333053e-01,-3.633554589150840286e-01,1.638437476157772466e-01,-1.043907835507743798e+00,5.231332285486275380e-01,1.019807570212422632e-01,2.669721577065030660e-01,1.000000000000000000e+00
1.788368850163630247e+09,3.540588915348052979e-02,-7.508131116628646851e-02,6.991636753082275391e-02,5.407080650329589844e-01,-3.891553580760955811e-01,2.316023260354995728e-01,-9.143752455711364746e-01,1.100556954299225509e-01,-6.694895857175531262e-02,7.419699397268608720e-02,5.380712596322592134e-01,-3.721293965056844399e-01,1.668955519951165201e-01,-1.015678644998855518e+00,5.231332285486275380e-01,1.019807570212422632e-01,2.669721577065030660e-01,0.000000000000000000e+00
1.788368850206245422e+09,7.092432584613561630e-03,-7.075570523738861084e-02,7.777693867683410645e-02,5.429344177246093750e-01,-3.865382075309753418e-01,2.244590073823928833e-01,-9.010582566261291504e-01,8.602273594262577205e-02,-6.694895857175531262e-02,7.419699397268608720e-02,5.357824063477547583e-01,-3.793774319066152145e-01,1.695658808270383844e-01,-9.840161745632105550e-01,5.379268263862010402e-01,1.012271556502377240e-01,2.804102211084133489e-01,1.000000000000000000e+00
1.788368850240424156e+09,-7.711249403655529022e-03,-6.855619698762893677e-02,8.245282620191574097e-02,5.446436405181884766e-01,-3.846980035305023193e-01,2.203235328197479248e-01,-8.946368098258972168e-01,6.275272755016381154e-02,-6.694895857175531262e-02,7.419699397268608720e-02,5.342565041580851215e-01,-3.835736629282067156e-01,1.756694895857169314e-01,-9.496833752956437280e-01,5.379268263862010402e-01,1.012271556502377240e-01,2.804102211084133489e-01,0.000000000000000000e+00
1.788368850285442352e+09,-3.845788910984992981e-02,-6.421761214733123779e-02,9.300091862678527832e-02,5.490266680717468262e-01,-3.802165985107421875e-01,2.108747214078903198e-01,-8.819893598556518555e-01,4.329747463187594292e-02,-6.656748302433790343e-02,7.457846952010349639e-02,5.323491264209980756e-01,-3.850995651178763524e-01,1.768139162279691590e-01,-9.256504158083469491e-01,5.513442737953138106e-01,1.008723507880669168e-01,2.952374332042009830e-01,1.000000000000000000e+00
1.788368850323152304e+09,-5.433243513107299805e-02,-6.211647018790245056e-02,9.877002984285354614e-02,5.516082644462585449e-01,-3.776642978191375732e-01,2.055583745241165161e-01,-8.756744265556335449e-01,2.651255054550993862e-02,-6.618600747692049424e-02,7.724879835202536071e-02,5.304417486839110296e-01,-3.877698939497982167e-01,1.802471961547258417e-01,-8.997100785839631243e-01,5.513442737953138106e-01,1.008723507880669168e-01,2.952374332042009830e-01,0.000000000000000000e+00
1.788368850364434004e+09,-8.694463223218917847e-02,-5.815468356013298035e-02,1.110817119479179382e-01,5.574204325675964355e-01,-3.721016347408294678e-01,1.937389224767684937e-01,-8.629274368286132812e-01,1.010910200656134350e-02,-6.618600747692049424e-02,8.144502937361686179e-02,5.296787975890762112e-01,-3.889143205920504442e-01,1.836804760814825244e-01,-8.787289234760056189e-01,5.606076153808930984e-01,1.006292727517979907e-01,3.129611860725176053e-01,1.000000000000000000e+00
1.788368850400040388e+09,-1.036229208111763000e-01,-5.631644651293754578e-02,1.175442785024642944e-01,5.605813264846801758e-01,-3.691511750221252441e-01,1.872592717409133911e-01,-8.564440011978149414e-01,-5.149919890135024048e-03,-6.618600747692049424e-02,9.021896696421727313e-02,5.289158464942413929e-01,-3.892957961394678534e-01,1.859693293659869795e-01,-8.558403906309610676e-01,5.606076153808930984e-01,1.006292727517979907e-01,3.129611860725176053e-01,0.000000000000000000e+00
1.788368850444632292e+09,-1.376219242811203003e-01,-5.298062413930892944e-02,1.309008151292800903e-01,5.673228502273559570e-01,-3.630303442478179932e-01,1.732367575168609619e-01,-8.431911468505859375e-01,-2.231631952391843754e-02,-6.580453192950308505e-02,9.975585564965250285e-02,5.277714198519891653e-01,-3.892957961394678534e-01,1.874952315556566163e-01,-8.302815289539946519e-01,5.675419729408404113e-01,1.004657821793971395e-01,3.317198628932194748e-01,1.000000000000000000e+00
1.788368850479598761e+09,-1.548979133367538452e-01,-5.148239806294441223e-02,1.377318948507308960e-01,5.708508491516113281e-01,-3.599011600017547607e-01,1.657435894012451172e-01,-8.363974690437316895e-01,-3.986419470511926022e-02,-6.351567864499862992e-02,1.096742198825051418e-01,5.273899443045717561e-01,-3.889143205920504442e-01,1.871137560082392071e-01,-8.077744716563675098e-01,5.675419729408404113e-01,1.004657821793971395e-01,3.317198628932194748e-01,0.000000000000000000e+00
1.788368850524357080e+09,-1.899682581424713135e-01,-4.878416657447814941e-02,1.514899283647537231e-01,5.781567692756652832e-01,-3.536574542522430420e-01,1.499800086021423340e-01,-8.224182128906250000e-01,-5.970092317082453803e-02,-6.084534981307676560e-02,1.188296330205229623e-01,5.270084687571543469e-01,-3.877698939497982167e-01,1.859693293659869795e-01,-7.997634851606019168e-01,5.739912160606063241e-01,1.003732336547960846e-01,3.506512838106452534e-01,1.000000000000000000e+00
1.788368850559405565e+09,-2.077355831861495972e-01,-4.756244271993637085e-02,1.583542823791503906e-01,5.818773508071899414e-01,-3.505855202674865723e-01,1.417911499738693237e-01,-8.152017593383789062e-01,-8.220798046845168017e-02,-5.741206988632008290e-02,1.298924238956278288e-01,5.270084687571543469e-01,-3.866254673075459891e-01,1.829175249866477060e-01,-7.848859388113229585e-01,5.739912160606063241e-01,1.003732336547960846e-01,3.506512838106452534e-01,0.000000000000000000e+00
1.788368850604092360e+09,-2.437817156314849854e-01,-4.538553208112716675e-02,1.717457920312881470e-01,5.893718600273132324e-01,-3.447334766387939453e-01,1.251172572374343872e-01,-8.002559542655944824e-01,-1.077668421454180958e-01,-5.168993667505894507e-02,1.398107881284804677e-01,5.270084687571543469e-01,-3.858625162127111707e-01,1.707103074692906119e-01,-7.738231479362180920e-01,5.766726998892534040e-01,1.089266455589352478e-01,3.685300082974433677e-01,1.000000000000000000e+00
1.788368850641309977e+09,-2.620458304882049561e-01,-4.442087188363075256e-02,1.781944781541824341e-01,5.930750966072082520e-01,-3.419980108737945557e-01,1.167497932910919189e-01,-7.924925088882446289e-01,-1.337071793698019206e-01,-4.749370565346744399e-02,1.508735790035853341e-01,5.270084687571543469e-01,-3.854810406652937615e-01,1.585030899519335179e-01,-7.612344548714435888e-01,5.766726998892534040e-01,1.089266455589352478e-01,3.685300082974433677e-01,0.000000000000000000e+00
1.788368850685531855e+09,-2.990226745605468750e-01,-4.268940538167953491e-02,1.903447359800338745e-01,6.003028750419616699e-01,-3.370490074157714844e-01,1.003583371639251709e-01,-7.763813138008117676e-01,-1.600289921416031547e-01,-4.482337682154557967e-02,1.619363698786902006e-01,5.270084687571543469e-01,-3.767071030746933502e-01,1.482032501716634698e-01,-7.547493705653476326e-01,5.687516175090201465e-01,1.154305772836155958e-01,3.857042717764475048e-01,1.000000000000000000e+00
1.788368850721306801e+09,-3.176785111427307129e-01,-4.190380498766899109e-02,1.959863901138305664e-01,6.037356257438659668e-01,-3.348628282546997070e-01,9.247583895921707153e-02,-7.680052518844604492e-01,-1.855878538185695703e-01,-4.367895017929335211e-02,1.737621118486298855e-01,5.273899443045717561e-01,-3.702220187685973940e-01,1.359960326543063758e-01,-7.478828107118342672e-01,5.687516175090201465e-01,1.154305772836155958e-01,3.857042717764475048e-01,0.000000000000000000e+00
1.788368850765484571e+09,-3.548959493637084961e-01,-4.063098132610321045e-02,2.062980532646179199e-01,6.098562479019165039e-01,-3.310082554817199707e-01,7.773701846599578857e-02,-7.505998611450195312e-01,-2.107652399481203531e-01,-4.406042572671076130e-02,1.832990005340651152e-01,5.300602731364936204e-01,-3.660257877470058929e-01,1.199740596627751898e-01,-7.337682154573901272e-01,5.519446987553583428e-01,1.236561508201073772e-01,3.927659586856483420e-01,1.000000000000000000e+00
1.788368850801372766e+09,-3.731992840766906738e-01,-4.019004479050636292e-02,2.109278887510299683e-01,6.123210191726684570e-01,-3.293259441852569580e-01,7.104901224374771118e-02,-7.415308356285095215e-01,-2.344167238879997228e-01,-4.406042572671076130e-02,1.909285114824132989e-01,5.319676508735806664e-01,-3.629739833676666194e-01,1.100556954299225509e-01,-7.196536202029459872e-01,5.519446987553583428e-01,1.236561508201073772e-01,3.927659586856483420e-01,0.000000000000000000e+00
1.788368850845310450e+09,-4.084389209747314453e-01,-3.966131806373596191e-02,2.191515415906906128e-01,6.157749295234680176e-01,-3.264131546020507812e-01,5.932512879371643066e-02,-7.227351069450378418e-01,-2.569237811856268650e-01,-4.253452353704112454e-02,1.947432669565873908e-01,5.357824063477547583e-01,-3.698405432211799848e-01,1.062409399557484591e-01,-7.013427939269103462e-01,5.414772759969206373e-01,1.216268914440737786e-01,4.096868087582930529e-01,1.000000000000000000e+00
1.788368850882798910e+09,-4.252775013446807861e-01,-3.953314945101737976e-02,2.228619009256362915e-01,6.168135404586791992e-01,-3.251254260540008545e-01,5.418666452169418335e-02,-7.130926251411437988e-01,-2.729457541771580509e-01,-4.520485236896298886e-02,2.004654001678485287e-01,5.361638818951721674e-01,-3.686961165789277572e-01,9.746700236514804772e-02,-6.742580300602742938e-01,5.414772759969206373e-01,1.216268914440737786e-01,4.096868087582930529e-01,0.000000000000000000e+00
1.788368850927231550e+09,-4.575504660606384277e-01,-3.938751667737960815e-02,2.293696403503417969e-01,6.174463033676147461e-01,-3.228833675384521484e-01,4.588824138045310974e-02,-6.933842897415161133e-01,-2.904936293583588736e-01,-4.634927901121521643e-02,2.092393377584489400e-01,5.365453574425895766e-01,-3.587777523460751183e-01,8.983749141679986394e-02,-6.712062256809350203e-01,5.570420021073141381e-01,1.158749951049951599e-01,4.208517086509445115e-01,1.000000000000000000e+00
1.788368850962527037e+09,-4.729320704936981201e-01,-3.934067115187644958e-02,2.321761399507522583e-01,6.170070171356201172e-01,-3.219108581542968750e-01,4.281546548008918762e-02,-6.833254694938659668e-01,-3.107118333714815606e-01,-4.673075455863262562e-02,2.172503242542145330e-01,5.365453574425895766e-01,-3.553444724193184356e-01,7.495994506752090558e-02,-6.479362172884730597e-01,5.570420021073141381e-01,1.158749951049951599e-01,4.208517086509445115e-01,0.000000000000000000e+00
1.788368851007706642e+09,-5.021327733993530273e-01,-3.931681811809539795e-02,2.371882796287536621e-01,6.150845885276794434e-01,-3.201531469821929932e-01,3.815398737788200378e-02,-6.630858778953552246e-01,-3.328374151216912935e-01,-4.596780346379780724e-02,2.244983596551453076e-01,5.365453574425895766e-01,-3.450446326390483875e-01,6.885633630884235856e-02,-6.300068665598548279e-01,5.424908739014928649e-01,1.185486626726271336e-01,4.343096494174787381e-01,1.000000000000000000e+00
1.788368851043240309e+09,-5.159518718719482422e-01,-3.932126611471176147e-02,2.394441813230514526e-01,6.136823296546936035e-01,-3.193488419055938721e-01,3.643240407109260559e-02,-6.529738903045654297e-01,-3.545815213244836173e-01,-4.367895017929335211e-02,2.298390173189890362e-01,5.365453574425895766e-01,-3.439002059967961600e-01,5.855649652857231047e-02,-6.261921110856807360e-01,5.424908739014928649e-01,1.185486626726271336e-01,4.343096494174787381e-01,0.000000000000000000e+00
1.788368851089257956e+09,-5.420275926589965820e-01,-3.945634886622428894e-02,2.434377521276473999e-01,6.101583242416381836e-01,-3.178938329219818115e-01,3.413855284452438354e-02,-6.329594850540161133e-01,-3.786144808117803962e-01,-4.253452353704112454e-02,2.321278706034934913e-01,5.373083085374243950e-01,-3.393224994277872497e-01,5.168993667505894507e-02,-6.227588311589240533e-01,5.310394896773732443e-01,1.271918152366804944e-01,4.482438416476039467e-01,1.000000000000000000e+00
1.788368851124162674e+09,-5.542842149734497070e-01,-3.958167135715484619e-02,2.451745718717575073e-01,6.080766320228576660e-01,-3.172385096549987793e-01,3.355382755398750305e-02,-6.231077909469604492e-01,-4.056992446784164486e-01,-4.139009689478889698e-02,2.359426260776675832e-01,5.373083085374243950e-01,-3.355077439536131578e-01,5.168993667505894507e-02,-6.078812848096450949e-01,5.310394896773732443e-01,1.271918152366804944e-01,4.482438416476039467e-01,0.000000000000000000e+00
1.788368851167821169e+09,-5.772349834442138672e-01,-3.996464982628822327e-02,2.481499314308166504e-01,6.034377217292785645e-01,-3.160559237003326416e-01,3.346792235970497131e-02,-6.038808226585388184e-01,-4.304951552605480458e-01,-4.139009689478889698e-02,2.367055771725024016e-01,5.376897840848418042e-01,-3.362706950484479762e-01,4.787518120088485318e-02,-5.937666895552009549e-01,5.164456084295357963e-01,1.326230302327510158e-01,4.607945601047472306e-01,1.000000000000000000e+00
1.788368851206621885e+09,-5.879290699958801270e-01,-4.021552205085754395e-02,2.494015395641326904e-01,6.009266376495361328e-01,-3.155195415019989014e-01,3.395213931798934937e-02,-5.945529341697692871e-01,-4.514763103685055512e-01,-4.139009689478889698e-02,2.389944304570068567e-01,5.376897840848418042e-01,-3.328374151216912935e-01,4.749370565346744399e-02,-5.804150453955898570e-01,5.164456084295357963e-01,1.326230302327510158e-01,4.607945601047472306e-01,0.000000000000000000e+00
1.788368851247344732e+09,-6.077547669410705566e-01,-4.069570824503898621e-02,2.512507736682891846e-01,5.957129001617431641e-01,-3.145591914653778076e-01,3.644949197769165039e-02,-5.768177509307861328e-01,-4.694056610971237831e-01,-4.215304798962371535e-02,2.435721370260157670e-01,5.376897840848418042e-01,-3.294041351949346108e-01,4.901960784313708075e-02,-5.727855344472416732e-01,5.271959525058196316e-01,1.284256589968259810e-01,4.771289464400013669e-01,1.000000000000000000e+00
1.788368851284427166e+09,-6.168863773345947266e-01,-4.086388275027275085e-02,2.518396973609924316e-01,5.930582284927368164e-01,-3.141204118728637695e-01,3.855478391051292419e-02,-5.684896707534790039e-01,-4.831387808041505139e-01,-4.406042572671076130e-02,2.439536125734331762e-01,5.376897840848418042e-01,-3.286411841000997924e-01,4.749370565346744399e-02,-5.579079880979627148e-01,5.271959525058196316e-01,1.284256589968259810e-01,4.771289464400013669e-01,0.000000000000000000e+00
1.788368851333795071e+09,-6.335871219635009766e-01,-4.111343249678611755e-02,2.523598372936248779e-01,5.879126191139221191e-01,-3.133025765419006348e-01,4.441436752676963806e-02,-5.531635880470275879e-01,-4.942015716792553803e-01,-4.406042572671076130e-02,2.439536125734331762e-01,5.376897840848418042e-01,-3.252079041733431097e-01,4.863813229571967156e-02,-5.403601129167618922e-01,5.124201353907168466e-01,1.360167535867781441e-01,4.882667429683742455e-01,1.000000000000000000e+00
1.788368851363598108e+09,-6.411562561988830566e-01,-4.118198156356811523e-02,2.523217797279357910e-01,5.854850411415100098e-01,-3.129066228866577148e-01,4.813233762979507446e-02,-5.462188720703125000e-01,-5.029755092698557917e-01,-4.406042572671076130e-02,2.439536125734331762e-01,5.376897840848418042e-01,-3.267338063630127465e-01,4.787518120088485318e-02,-5.254825665674829338e-01,5.124201353907168466e-01,1.360167535867781441e-01,4.882667429683742455e-01,0.000000000000000000e+00
1.788368851407145500e+09,-6.547319889068603516e-01,-4.137254133820533752e-02,2.515036761760711670e-01,5.812362432479858398e-01,-3.121547400951385498e-01,5.731343850493431091e-02,-5.341538190841674805e-01,-5.102235446707865663e-01,-4.406042572671076130e-02,2.443350881208505854e-01,5.373083085374243950e-01,-3.301670862897694292e-01,4.749370565346744399e-02,-5.148012512397954765e-01,4.972455875177044238e-01,1.450041028241936536e-01,4.976986383523562818e-01,1.000000000000000000e+00
1.788368851443136930e+09,-6.607385873794555664e-01,-4.149404913187026978e-02,2.507349550724029541e-01,5.794737339019775391e-01,-3.117878735065460205e-01,6.276825070381164551e-02,-5.290910005569458008e-01,-5.174715800717173408e-01,-4.406042572671076130e-02,2.473868925001898589e-01,5.373083085374243950e-01,-3.286411841000997924e-01,5.016403448538930832e-02,-4.980163271534294722e-01,4.972455875177044238e-01,1.450041028241936536e-01,4.976986383523562818e-01,0.000000000000000000e+00
1.788368851486755371e+09,-6.711893081665039062e-01,-4.204047471284866333e-02,2.483186274766921997e-01,5.769323706626892090e-01,-3.111055791378021240e-01,7.548205554485321045e-02,-5.212244391441345215e-01,-5.247196154726481154e-01,-4.406042572671076130e-02,2.489127946898594956e-01,5.365453574425895766e-01,-3.282597085526823832e-01,5.283436331731117264e-02,-4.900053406576638793e-01,4.819368811549138987e-01,1.549813972745811841e-01,5.058286509567821998e-01,1.000000000000000000e+00
1.788368851523498535e+09,-6.756334304809570312e-01,-4.247127100825309753e-02,2.466864436864852905e-01,5.761846303939819336e-01,-3.107861280441284180e-01,8.269386738538742065e-02,-5.184418559074401855e-01,-5.331120775158311176e-01,-4.406042572671076130e-02,2.489127946898594956e-01,5.350194552529199399e-01,-3.282597085526823832e-01,5.588616769665044615e-02,-4.797055008773938312e-01,4.819368811549138987e-01,1.549813972745811841e-01,5.058286509567821998e-01,0.000000000000000000e+00
1.788368851567002773e+09,-6.829591989517211914e-01,-4.390731826424598694e-02,2.424337565898895264e-01,5.759046673774719238e-01,-3.102543056011199951e-01,9.876250475645065308e-02,-5.153821110725402832e-01,-5.418860151064315289e-01,-4.406042572671076130e-02,2.489127946898594956e-01,5.327306019684154847e-01,-3.278782330052649741e-01,6.160830090791158398e-02,-4.682612344548715555e-01,4.668283761788413200e-01,1.653999396633009655e-01,5.137776793176851431e-01,1.000000000000000000e+00
1.788368851603507519e+09,-6.858407855033874512e-01,-4.491154104471206665e-02,2.398301959037780762e-01,5.763775110244750977e-01,-3.100475668907165527e-01,1.075417250394821167e-01,-5.151002407073974609e-01,-5.510414282444493494e-01,-4.406042572671076130e-02,2.485313191424420864e-01,5.304417486839110296e-01,-3.278782330052649741e-01,6.733043411917272181e-02,-4.671168078126193279e-01,4.668283761788413200e-01,1.653999396633009655e-01,5.137776793176851431e-01,0.000000000000000000e+00
1.788368851648483753e+09,-6.900630593299865723e-01,-4.766483232378959656e-02,2.335978746414184570e-01,5.786018371582031250e-01,-3.098266720771789551e-01,1.263685822486877441e-01,-5.170280933380126953e-01,-5.575265125505453057e-01,-4.406042572671076130e-02,2.485313191424420864e-01,5.300602731364936204e-01,-3.278782330052649741e-01,7.610437170977313315e-02,-4.659723811703671004e-01,4.517506970496132923e-01,1.761757162059585935e-01,5.212974021835061755e-01,1.000000000000000000e+00
1.788368851684485674e+09,-6.914069652557373047e-01,-4.939647018909454346e-02,2.299941182136535645e-01,5.803426504135131836e-01,-3.098234236240386963e-01,1.363108158111572266e-01,-5.191864967346191406e-01,-5.632486457618064435e-01,-4.444190127412817048e-02,2.485313191424420864e-01,5.300602731364936204e-01,-3.278782330052649741e-01,8.373388265812131692e-02,-4.655909056229496912e-01,4.517506970496132923e-01,1.761757162059585935e-01,5.212974021835061755e-01,0.000000000000000000e+00
1.788368851728445530e+09,-6.926317214965820312e-01,-5.360114574432373047e-02,2.218327224254608154e-01,5.850298404693603516e-01,-3.100714087486267090e-01,1.569464206695556641e-01,-5.257332324981689453e-01,-5.678263523308153538e-01,-4.444190127412817048e-02,2.462424658579376313e-01,5.300602731364936204e-01,-3.278782330052649741e-01,9.670405127031322934e-02,-4.644464789806974636e-01,4.366155412244704936e-01,1.869711876055829836e-01,5.286720110143892093e-01,1.000000000000000000e+00
1.788368851764619589e+09,-6.925321221351623535e-01,-5.603034421801567078e-02,2.173126041889190674e-01,5.879418253898620605e-01,-3.103267550468444824e-01,1.675324141979217529e-01,-5.300447344779968262e-01,-5.708781567101546273e-01,-4.444190127412817048e-02,2.420462348363461302e-01,5.300602731364936204e-01,-3.278782330052649741e-01,1.112001220721747785e-01,-4.633020523384452360e-01,4.366155412244704936e-01,1.869711876055829836e-01,5.286720110143892093e-01,0.000000000000000000e+00
1.788368851808289289e+09,-6.909697651863098145e-01,-6.152428686618804932e-02,2.074279338121414185e-01,5.948358774185180664e-01,-3.111484050750732422e-01,1.889860332012176514e-01,-5.405845642089843750e-01,-5.727855344472416732e-01,-4.482337682154557967e-02,2.367055771725024016e-01,5.300602731364936204e-01,-3.278782330052649741e-01,1.234073395895318725e-01,-4.621576256961930085e-01,4.214158139059046015e-01,1.977864934866773727e-01,5.358829366234637570e-01,1.000000000000000000e+00
1.788368851844486237e+09,-6.895258426666259766e-01,-6.453759968280792236e-02,2.020997852087020874e-01,5.987836122512817383e-01,-3.117205500602722168e-01,1.997673511505126953e-01,-5.467410087585449219e-01,-5.731670099946590824e-01,-4.673075455863262562e-02,2.298390173189890362e-01,5.300602731364936204e-01,-3.278782330052649741e-01,1.356145571068889666e-01,-4.621576256961930085e-01,4.214158139059046015e-01,1.977864934866773727e-01,5.358829366234637570e-01,0.000000000000000000e+00
1.788368851888473034e+09,-6.853741407394409180e-01,-7.106296718120574951e-02,1.907068043947219849e-01,6.076136231422424316e-01,-3.132230639457702637e-01,2.212334573268890381e-01,-5.606712698936462402e-01,-5.727855344472416732e-01,-4.940108339055448994e-02,2.225909819180582616e-01,5.300602731364936204e-01,-3.278782330052649741e-01,1.539253833829246076e-01,-4.625391012436104177e-01,4.060530615741734795e-01,2.084636908087580676e-01,5.429528233367882928e-01,1.000000000000000000e+00
1.788368851924395561e+09,-6.826875209808349609e-01,-7.452527433633804321e-02,1.846755892038345337e-01,6.124626994132995605e-01,-3.141552805900573730e-01,2.318521589040756226e-01,-5.683771967887878418e-01,-5.724040588998242640e-01,-5.168993667505894507e-02,2.138170443274578503e-01,5.300602731364936204e-01,-3.282597085526823832e-01,1.691844052796209752e-01,-4.629205767910278269e-01,4.060530615741734795e-01,2.084636908087580676e-01,5.429528233367882928e-01,0.000000000000000000e+00
1.788368851968655825e+09,-6.761515736579895020e-01,-8.181441575288772583e-02,1.719770133495330811e-01,6.229574084281921387e-01,-3.164041340351104736e-01,2.527076900005340576e-01,-5.851234793663024902e-01,-5.708781567101546273e-01,-5.550469214923303696e-02,2.042801556420226206e-01,5.300602731364936204e-01,-3.286411841000997924e-01,1.859693293659869795e-01,-4.728389410238804658e-01,3.904490150130496273e-01,2.191782076550054525e-01,5.494113726839529033e-01,1.000000000000000000e+00
1.788368852004944324e+09,-6.723242402076721191e-01,-8.559639751911163330e-02,1.653393059968948364e-01,6.285701394081115723e-01,-3.177199363708496094e-01,2.628973126411437988e-01,-5.941009521484375000e-01,-5.704966811627372181e-01,-5.931944762340712884e-02,1.955062180514222092e-01,5.300602731364936204e-01,-3.286411841000997924e-01,2.008468757152659379e-01,-4.812314030670634679e-01,3.904490150130496273e-01,2.191782076550054525e-01,5.494113726839529033e-01,0.000000000000000000e+00
1.788368852049406528e+09,-6.636136770248413086e-01,-9.340942651033401489e-02,1.515157222747802734e-01,6.404562592506408691e-01,-3.207462728023529053e-01,2.826915085315704346e-01,-6.131291985511779785e-01,-5.693522545204849905e-01,-6.542305638208567586e-02,1.871137560082392071e-01,5.308232242313284388e-01,-3.294041351949346108e-01,2.153429465171274870e-01,-4.922941939421683344e-01,3.745202031121747099e-01,2.296218453325838404e-01,5.555108303226296007e-01,1.000000000000000000e+00
1.788368852085407019e+09,-6.587538123130798340e-01,-9.740100800991058350e-02,1.443573385477066040e-01,6.466993689537048340e-01,-3.224520683288574219e-01,2.922652959823608398e-01,-6.231239438056945801e-01,-5.670634012359805354e-01,-7.076371404592940451e-02,1.756694895857169314e-01,5.365453574425895766e-01,-3.297856107423520200e-01,2.286945906767368086e-01,-5.064087891966124744e-01,3.745202031121747099e-01,2.296218453325838404e-01,5.555108303226296007e-01,0.000000000000000000e+00
1.788368852129975796e+09,-6.480861902236938477e-01,-1.055459752678871155e-01,1.295614540576934814e-01,6.597175002098083496e-01,-3.262587189674377441e-01,3.106968700885772705e-01,-6.439542174339294434e-01,-5.624856946669716251e-01,-7.724879835202536071e-02,1.649881742580294741e-01,5.449378194857725788e-01,-3.316929884794390659e-01,2.481498435950246773e-01,-5.167086289768825225e-01,3.585449676986913192e-01,2.404024216177221285e-01,5.608560177322626794e-01,1.000000000000000000e+00
1.788368852166382551e+09,-6.423031687736511230e-01,-1.096675917506217957e-01,1.219463422894477844e-01,6.664649844169616699e-01,-3.283537030220031738e-01,3.195375800132751465e-01,-6.547405719757080078e-01,-5.563820859082930781e-01,-8.297093156328649854e-02,1.539253833829246076e-01,5.567635614557122636e-01,-3.347447928587783395e-01,2.615014877546339989e-01,-5.323491264209962992e-01,3.585449676986913192e-01,2.404024216177221285e-01,5.608560177322626794e-01,0.000000000000000000e+00
1.788368852212623835e+09,-6.298968791961669922e-01,-1.180295348167419434e-01,1.062765866518020630e-01,6.803652644157409668e-01,-3.329370319843292236e-01,3.364318609237670898e-01,-6.769464612007141113e-01,-5.495155260547797127e-01,-8.869306477454763638e-02,1.428625925078197412e-01,5.693522545204867669e-01,-3.366521705958653854e-01,2.748531319142433205e-01,-5.518043793392841678e-01,3.426762839443592279e-01,2.516547373965896672e-01,5.655003977250759872e-01,1.000000000000000000e+00
1.788368852247818470e+09,-6.232976317405700684e-01,-1.222451180219650269e-01,9.823889285326004028e-02,6.874926686286926270e-01,-3.354197442531585693e-01,3.444784879684448242e-01,-6.883230209350585938e-01,-5.422674906538489381e-01,-9.288929579613913745e-02,1.321812771801322839e-01,5.796520943007568150e-01,-3.370336461432827946e-01,2.927824826428615523e-01,-5.651560234988934894e-01,3.426762839443592279e-01,2.516547373965896672e-01,5.655003977250759872e-01,0.000000000000000000e+00
1.788368852295029163e+09,-6.093769073486328125e-01,-1.308021247386932373e-01,8.172102272510528564e-02,7.020330429077148438e-01,-3.407867848873138428e-01,3.597613871097564697e-01,-7.115220427513122559e-01,-5.354009308003355727e-01,-9.822995345998286609e-02,1.214999618524448266e-01,5.895704585336094539e-01,-3.381780727855350221e-01,3.019378957808793729e-01,-5.800335698481724478e-01,3.279313530448876302e-01,2.645152349985319118e-01,5.696470366290855569e-01,1.000000000000000000e+00
1.788368852328165531e+09,-6.020795702934265137e-01,-1.351286917924880981e-01,7.324963808059692383e-02,7.094206809997558594e-01,-3.436672687530517578e-01,3.670000135898590088e-01,-7.233052253723144531e-01,-5.266269932097351614e-01,-1.024261844815743672e-01,1.100556954299225509e-01,5.991073472190446836e-01,-3.419928282597091140e-01,3.107118333714797842e-01,-6.006332494087143203e-01,3.279313530448876302e-01,2.645152349985319118e-01,5.696470366290855569e-01,0.000000000000000000e+00
1.788368852371865511e+09,-5.868792533874511719e-01,-1.439466327428817749e-01,5.583347380161285400e-02,7.243688106536865234e-01,-3.498425185680389404e-01,3.806758821010589600e-01,-7.471531629562377930e-01,-5.170901045242999317e-01,-1.062409399557484591e-01,9.822995345998286609e-02,6.082627603570625041e-01,-3.454261081864657967e-01,3.255893797207587426e-01,-6.139848935683236419e-01,3.138778878213865364e-01,2.781856547161614679e-01,5.735992182994658073e-01,1.000000000000000000e+00
1.788368852405522346e+09,-5.790014863014221191e-01,-1.484250277280807495e-01,4.689492657780647278e-02,7.319090366363525391e-01,-3.531336486339569092e-01,3.871193528175354004e-01,-7.591852545738220215e-01,-5.064087891966124744e-01,-1.100556954299225509e-01,8.602273594262577205e-02,6.200885023270021890e-01,-3.496223392080572978e-01,3.385595483329506550e-01,-6.292439154650200095e-01,3.138778878213865364e-01,2.781856547161614679e-01,5.735992182994658073e-01,0.000000000000000000e+00
1.788368852449610472e+09,-5.627579689025878906e-01,-1.576033681631088257e-01,2.851735800504684448e-02,7.470750212669372559e-01,-3.601251840591430664e-01,3.992249965667724609e-01,-7.834049463272094727e-01,-4.949645227740901987e-01,-1.150148775463488704e-01,7.381551842526867802e-02,6.322957198443592830e-01,-3.568703746089880724e-01,3.484779125658032939e-01,-6.483176928358904689e-01,2.997990912091865190e-01,2.918279194125443232e-01,5.775585237822659090e-01,1.000000000000000000e+00
1.788368852485001326e+09,-5.544142723083496094e-01,-1.622900217771530151e-01,1.908588036894798279e-02,7.546845674514770508e-01,-3.638199269771575928e-01,4.048948287963867188e-01,-7.955663800239562988e-01,-4.831387808041505139e-01,-1.199740596627751898e-01,5.970092317082453803e-02,6.445029373617163770e-01,-3.637369344625014378e-01,3.530556191348122042e-01,-6.666285191119261100e-01,2.997990912091865190e-01,2.918279194125443232e-01,5.775585237822659090e-01,0.000000000000000000e+00
1.788368852529504299e+09,-5.373244881629943848e-01,-1.719568669795989990e-01,-2.855529601220041513e-04,7.699220776557922363e-01,-3.715858161449432373e-01,4.154720902442932129e-01,-8.199589252471923828e-01,-4.716945143816282382e-01,-1.260776684214537369e-01,4.558632791638039805e-02,6.551842526894038343e-01,-3.694590676737625756e-01,3.652628366521692982e-01,-6.864652475776313878e-01,2.857073440432614797e-01,3.054557478872403364e-01,5.815214712807710296e-01,1.000000000000000000e+00
1.788368852565427542e+09,-5.285957455635070801e-01,-1.769262999296188354e-01,-1.021437067538499832e-02,7.775375247001647949e-01,-3.756463825702667236e-01,4.203869104385375977e-01,-8.321712017059326172e-01,-4.610131990539407809e-01,-1.321812771801322839e-01,3.185320820935366726e-02,6.658655680170912916e-01,-3.732738231479366675e-01,3.793774319066134382e-01,-7.040131227588322105e-01,2.857073440432614797e-01,3.054557478872403364e-01,5.815214712807710296e-01,0.000000000000000000e+00
1.788368852610071182e+09,-5.107781291007995605e-01,-1.870547384023666382e-01,-3.044627234339714050e-02,7.927756905555725098e-01,-3.840411603450775146e-01,4.294563233852386475e-01,-8.566405177116394043e-01,-4.510948348210881420e-01,-1.390478370336456493e-01,1.659418631265729971e-02,6.754024567025265213e-01,-3.809033340962848513e-01,3.885328450446312587e-01,-7.230869001297026699e-01,2.666258630230552984e-01,3.081205465446476000e-01,5.868876552313071482e-01,1.000000000000000000e+00
1.788368852647121429e+09,-5.017002820968627930e-01,-1.921642869710922241e-01,-4.070954769849777222e-02,8.003977537155151367e-01,-3.883509337902069092e-01,4.336187839508056641e-01,-8.688905239105224609e-01,-4.388876173037310480e-01,-1.459143968871590147e-01,5.722133211261137831e-04,6.872281986724662062e-01,-3.885328450446330351e-01,3.961623559929829952e-01,-7.417792019531557202e-01,2.666258630230552984e-01,3.081205465446476000e-01,5.868876552313071482e-01,0.000000000000000000e+00
1.788368852690631390e+09,-4.832352995872497559e-01,-2.021441906690597534e-01,-6.125216558575630188e-02,8.156968951225280762e-01,-3.970393836498260498e-01,4.412114918231964111e-01,-8.934816718101501465e-01,-4.262989242389565447e-01,-1.527809567406723801e-01,-1.468680857557025377e-02,7.001983672846581186e-01,-3.931105516136419453e-01,4.003585870145744963e-01,-7.562752727550172693e-01,2.523255679592925071e-01,2.947291939570678698e-01,5.909092515517306854e-01,1.000000000000000000e+00
1.788368852726316214e+09,-4.738710224628448486e-01,-2.069169580936431885e-01,-7.145776599645614624e-02,8.233882784843444824e-01,-4.013748466968536377e-01,4.446618854999542236e-01,-9.058308601379394531e-01,-4.144731822690168599e-01,-1.585030899519335179e-01,-3.032730601968403050e-02,7.127870603494326218e-01,-3.988326848249030832e-01,4.076066224155052709e-01,-7.787823300526444115e-01,2.523255679592925071e-01,2.947291939570678698e-01,5.909092515517306854e-01,0.000000000000000000e+00
1.788368852770835638e+09,-4.549454748630523682e-01,-2.157176285982131958e-01,-9.145832061767578125e-02,8.389081358909606934e-01,-4.098607897758483887e-01,4.509074091911315918e-01,-9.307024478912353516e-01,-4.026474402990771750e-01,-1.649881742580294741e-01,-4.367895017929335211e-02,7.238498512245374883e-01,-4.060807202258338577e-01,4.186694132906101373e-01,-7.955672541390104158e-01,2.424179775132916381e-01,2.775805377125749596e-01,5.936955107935324438e-01,1.000000000000000000e+00
1.788368852806497097e+09,-4.454147815704345703e-01,-2.196605652570724487e-01,-1.011870279908180237e-01,8.467543125152587891e-01,-4.139694869518280029e-01,4.537295401096343994e-01,-9.432352185249328613e-01,-3.908216983291374902e-01,-1.695658808270383844e-01,-5.931944762340712884e-02,7.360570687418945823e-01,-4.171435111009387242e-01,4.270618753337931395e-01,-8.161669336995505120e-01,2.424179775132916381e-01,2.775805377125749596e-01,5.936955107935324438e-01,0.000000000000000000e+00
1.788368852850504875e+09,-4.263160526752471924e-01,-2.263515740633010864e-01,-1.198236718773841858e-01,8.626844286918640137e-01,-4.217509925365447998e-01,4.588064551353454590e-01,-9.685661792755126953e-01,-3.789959563591978053e-01,-1.745250629434647038e-01,-7.572289616235572396e-02,7.475013351644168580e-01,-4.221026932173650437e-01,4.308766308079672314e-01,-8.352407110704209714e-01,2.377531592362350232e-01,2.581764533975012821e-01,5.950073729568520209e-01,1.000000000000000000e+00
1.788368852886791229e+09,-4.167856574058532715e-01,-2.290315777063369751e-01,-1.286704391241073608e-01,8.707924485206604004e-01,-4.253824353218078613e-01,4.610880613327026367e-01,-9.813782572746276855e-01,-3.664072632944233021e-01,-1.802471961547258417e-01,-8.983749141679986394e-02,7.589456015869391337e-01,-4.247730220492869080e-01,4.316395819028020497e-01,-8.531700617990392033e-01,2.377531592362350232e-01,2.581764533975012821e-01,5.950073729568520209e-01,0.000000000000000000e+00
1.788368852931167603e+09,-3.978349864482879639e-01,-2.328992336988449097e-01,-1.451746374368667603e-01,8.873682022094726562e-01,-4.319700002670288086e-01,4.651377499103546143e-01,-1.007358312606811523e+00,-3.530556191348139805e-01,-1.855878538185695703e-01,-1.028076600289917764e-01,7.696269169146265909e-01,-4.316395819028002734e-01,4.343099107347239141e-01,-8.726253147173270719e-01,2.339317570313412809e-01,2.385743625976569360e-01,5.960820456805639989e-01,1.000000000000000000e+00
1.788368852967267990e+09,-3.884425759315490723e-01,-2.340518087148666382e-01,-1.527801454067230225e-01,8.958590030670166016e-01,-4.348881840705871582e-01,4.669223427772521973e-01,-1.020536780357360840e+00,-3.389410238803698405e-01,-1.882581826504914346e-01,-1.180666819256881439e-01,7.841229877164881401e-01,-4.396505683985658663e-01,4.388876173037328243e-01,-8.909361409933627129e-01,2.339317570313412809e-01,2.385743625976569360e-01,5.960820456805639989e-01,0.000000000000000000e+00
1.788368853013715267e+09,-3.698412179946899414e-01,-2.347944676876068115e-01,-1.665301173925399780e-01,9.132667779922485352e-01,-4.398705661296844482e-01,4.700011909008026123e-01,-1.047250390052795410e+00,-3.263523308155953373e-01,-1.905470359349958898e-01,-1.314183260852974655e-01,7.967116807812626433e-01,-4.457541771572444134e-01,4.449912260624113713e-01,-9.103913939116505816e-01,2.326808646629212607e-01,2.186343195541785300e-01,5.969930625337873664e-01,1.000000000000000000e+00
1.788368853046997786e+09,-3.606432974338531494e-01,-2.343971729278564453e-01,-1.725920885801315308e-01,9.221926331520080566e-01,-4.418931901454925537e-01,4.712897539138793945e-01,-1.060774087905883789e+00,-3.137636377508208341e-01,-1.928358892195003449e-01,-1.424811169604023320e-01,8.100633249408719649e-01,-4.507133592736707328e-01,4.488059815365854632e-01,-9.294651712825210410e-01,2.326808646629212607e-01,2.186343195541785300e-01,5.969930625337873664e-01,0.000000000000000000e+00
1.788368853091921329e+09,-3.424584865570068359e-01,-2.321060895919799805e-01,-1.827327907085418701e-01,9.404677748680114746e-01,-4.448355734348297119e-01,4.732873439788818359e-01,-1.088103175163269043e+00,-3.019378957808811492e-01,-1.955062180514239856e-01,-1.516365300984201525e-01,8.199816891737246038e-01,-4.591058213168537350e-01,4.530022125581769643e-01,-9.500648508430611372e-01,2.339828150954122998e-01,1.986980871276399219e-01,5.960702615225359491e-01,1.000000000000000000e+00
1.788368853128432035e+09,-3.334805667400360107e-01,-2.302125394344329834e-01,-1.867614835500717163e-01,9.498062133789062500e-01,-4.457207918167114258e-01,4.740046560764312744e-01,-1.101883053779602051e+00,-2.893492027161066460e-01,-1.962691691462588039e-01,-1.611734187838553822e-01,8.329518577859165163e-01,-4.648279545281148728e-01,4.568169680323510562e-01,-9.691386282139315966e-01,2.339828150954122998e-01,1.986980871276399219e-01,5.960702615225359491e-01,0.000000000000000000e+00
1.788368853178110361e+09,-3.156518340110778809e-01,-2.250143736600875854e-01,-1.927355229854583740e-01,9.687101244926452637e-01,-4.463286995887756348e-01,4.749146699905395508e-01,-1.129560351371765137e+00,-2.767605096513321428e-01,-1.970321202410936223e-01,-1.695658808270383844e-01,8.474479285877780654e-01,-4.686427100022889647e-01,4.575799191271858746e-01,-9.882124055848020561e-01,2.396012540626203113e-01,1.827387660541935077e-01,5.854056839666077483e-01,1.000000000000000000e+00
1.788368853214440107e+09,-3.067789971828460693e-01,-2.217371761798858643e-01,-1.946808695793151855e-01,9.782237410545349121e-01,-4.460542798042297363e-01,4.751260280609130859e-01,-1.143414616584777832e+00,-2.634088654917228212e-01,-1.966506446936762131e-01,-1.768139162279691590e-01,8.638513771267266605e-01,-4.690241855497063739e-01,4.625391012436121940e-01,-1.010337987335011789e+00,2.396012540626203113e-01,1.827387660541935077e-01,5.854056839666077483e-01,0.000000000000000000e+00
1.788368853253320456e+09,-2.889157235622406006e-01,-2.138751149177551270e-01,-1.964882463216781616e-01,9.971764683723449707e-01,-4.443707466125488281e-01,4.750961065292358398e-01,-1.171056747436523438e+00,-2.519645990692005455e-01,-1.966506446936762131e-01,-1.810101472495606600e-01,8.772030212863359822e-01,-4.694056610971237831e-01,4.678797589074559227e-01,-1.030556191348134476e+00,2.382141051165675705e-01,1.723038267492864040e-01,5.684001595846790433e-01,1.000000000000000000e+00
1.788368853289147377e+09,-2.798847854137420654e-01,-2.093119323253631592e-01,-1.963502615690231323e-01,1.006558895111083984e+00,-4.429667890071868896e-01,4.749235510826110840e-01,-1.184800505638122559e+00,-2.409018081940956790e-01,-1.947432669565873908e-01,-1.848249027237347519e-01,8.905546654459453038e-01,-4.690241855497063739e-01,4.682612344548733319e-01,-1.053063248645761618e+00,2.382141051165675705e-01,1.723038267492864040e-01,5.684001595846790433e-01,0.000000000000000000e+00
1.788368853336048603e+09,-2.614116072654724121e-01,-1.989772617816925049e-01,-1.939909756183624268e-01,1.024918437004089355e+00,-4.390380382537841797e-01,4.742514789104461670e-01,-1.212017774581909180e+00,-2.298390173189908126e-01,-1.924544136720829357e-01,-1.863508049134043887e-01,9.050507362478068529e-01,-4.690241855497063739e-01,4.713130388342126054e-01,-1.074807354848553942e+00,2.344485086489311310e-01,1.648843237610183310e-01,5.502130416532968749e-01,1.000000000000000000e+00
1.788368853368342638e+09,-2.519212961196899414e-01,-1.932300776243209839e-01,-1.917696595191955566e-01,1.033824801445007324e+00,-4.365118145942687988e-01,4.737515747547149658e-01,-1.225438952445983887e+00,-2.187762264438859461e-01,-1.874952315556566163e-01,-1.863508049134043887e-01,9.203097581445032205e-01,-4.686427100022889647e-01,4.716945143816300146e-01,-1.096932936598763675e+00,2.344485086489311310e-01,1.648843237610183310e-01,5.502130416532968749e-01,0.000000000000000000e+00
1.788368853416327953e+09,-2.322520017623901367e-01,-1.806610375642776489e-01,-1.852436959743499756e-01,1.050841450691223145e+00,-4.303499162197113037e-01,4.723836183547973633e-01,-1.251751899719238281e+00,-2.069504844739462612e-01,-1.794842450598910233e-01,-1.863508049134043887e-01,9.344243533989473605e-01,-4.690241855497063739e-01,4.720759899290474237e-01,-1.116006713969634134e+00,2.320660453964860648e-01,1.583241081366318359e-01,5.314703780268987821e-01,1.000000000000000000e+00
1.788368853449657202e+09,-2.220350801944732666e-01,-1.738746911287307739e-01,-1.809390485286712646e-01,1.058868169784545898e+00,-4.267157018184661865e-01,4.715171456336975098e-01,-1.264576554298400879e+00,-1.955062180514239856e-01,-1.691844052796209752e-01,-1.863508049134043887e-01,9.477759975585566821e-01,-4.678797589074541463e-01,4.716945143816300146e-01,-1.141184100099183141e+00,2.320660453964860648e-01,1.583241081366318359e-01,5.314703780268987821e-01,0.000000000000000000e+00
1.788368853493517160e+09,-2.006874531507492065e-01,-1.594157218933105469e-01,-1.702464222908020020e-01,1.073677420616149902e+00,-4.183581173419952393e-01,4.693793058395385742e-01,-1.289370775222778320e+00,-1.836804760814825244e-01,-1.596475165941857455e-01,-1.859693293659869795e-01,9.584573128862441393e-01,-4.678797589074541463e-01,4.713130388342126054e-01,-1.159876401922636191e+00,2.304046790501122211e-01,1.521807950903899809e-01,5.125099042279924744e-01,1.000000000000000000e+00
1.788368853529920340e+09,-1.895236968994140625e-01,-1.517888754606246948e-01,-1.638584434986114502e-01,1.080356955528259277e+00,-4.136398136615753174e-01,4.681098163127899170e-01,-1.301253914833068848e+00,-1.699473563744557936e-01,-1.493476768139156974e-01,-1.836804760814825244e-01,9.687571526665141874e-01,-4.671168078126193279e-01,4.716945143816300146e-01,-1.180857557030593696e+00,2.304046790501122211e-01,1.521807950903899809e-01,5.125099042279924744e-01,0.000000000000000000e+00
1.788368853573823690e+09,-1.660791188478469849e-01,-1.359035074710845947e-01,-1.489991545677185059e-01,1.091913342475891113e+00,-4.031429588794708252e-01,4.651295542716979980e-01,-1.323747754096984863e+00,-1.546883344777594260e-01,-1.405737392233152860e-01,-1.802471961547258417e-01,9.798199435416190539e-01,-4.652094300755322820e-01,4.716945143816300146e-01,-1.198023956664377110e+00,2.292524473375123772e-01,1.472179360479410892e-01,4.931697286288604376e-01,1.000000000000000000e+00
1.788368853609710932e+09,-1.537866145372390747e-01,-1.277176439762115479e-01,-1.405500620603561401e-01,1.096675395965576172e+00,-3.973815143108367920e-01,4.634270966053009033e-01,-1.334262251853942871e+00,-1.379034103913934217e-01,-1.321812771801322839e-01,-1.726176852063776579e-01,9.920271610589761480e-01,-4.644464789806974636e-01,4.716945143816300146e-01,-1.216334782940412751e+00,2.292524473375123772e-01,1.472179360479410892e-01,4.931697286288604376e-01,0.000000000000000000e+00
1.788368853655694008e+09,-1.281593590974807739e-01,-1.111242026090621948e-01,-1.219347715377807617e-01,1.104116201400756836e+00,-3.850130140781402588e-01,4.596312642097473145e-01,-1.353799939155578613e+00,-1.199740596627751898e-01,-1.237888151369492817e-01,-1.615548943312727914e-01,1.003471427481498424e+00,-4.613946746013581901e-01,4.713130388342126054e-01,-1.234645609216448392e+00,2.290488734280206329e-01,1.427074892075591017e-01,4.736860321889272973e-01,1.000000000000000000e+00
1.788368853690360785e+09,-1.148794889450073242e-01,-1.028043031692504883e-01,-1.118850633502006531e-01,1.106794953346252441e+00,-3.784697353839874268e-01,4.575661420822143555e-01,-1.362816572189331055e+00,-1.028076600289917764e-01,-1.146334019989314612e-01,-1.485847257190808790e-01,1.013771267261768472e+00,-4.549095902952622339e-01,4.713130388342126054e-01,-1.251049057755396987e+00,2.290488734280206329e-01,1.427074892075591017e-01,4.736860321889272973e-01,0.000000000000000000e+00
1.788368853734434605e+09,-8.751003444194793701e-02,-8.630769699811935425e-02,-9.055425226688385010e-02,1.110069155693054199e+00,-3.648084998130798340e-01,4.531366825103759766e-01,-1.379360198974609375e+00,-8.716716258487799962e-02,-1.035706111238265947e-01,-1.352330815594715574e-01,1.020256351567864428e+00,-4.442282749675747766e-01,4.709315632867951962e-01,-1.267071030746928173e+00,2.313542111263805490e-01,1.390174463575421793e-01,4.541650434367774936e-01,1.000000000000000000e+00
1.788368853770650864e+09,-7.347255945205688477e-02,-7.819505780935287476e-02,-7.936131954193115234e-02,1.110664606094360352e+00,-3.577393591403961182e-01,4.507986009120941162e-01,-1.386886596679687500e+00,-7.114518959334681369e-02,-9.288929579613913745e-02,-1.203555352101925990e-01,1.025597009231708157e+00,-4.335469596398873193e-01,4.705500877393777870e-01,-1.280804150453954904e+00,2.313542111263805490e-01,1.390174463575421793e-01,4.541650434367774936e-01,0.000000000000000000e+00
1.788368853816159248e+09,-4.481110349297523499e-02,-6.237754970788955688e-02,-5.611215904355049133e-02,1.109772086143493652e+00,-3.432384133338928223e-01,4.459041357040405273e-01,-1.400469660758972168e+00,-5.512321660181562777e-02,-8.068207827878204341e-02,-1.043335622186614131e-01,1.027504386968795203e+00,-4.190508888380257702e-01,4.674982833600385135e-01,-1.293392843518729407e+00,2.353614295275220647e-01,1.358657545232913599e-01,4.348257301276791109e-01,1.000000000000000000e+00
1.788368853850499868e+09,-3.023898229002952576e-02,-5.472607538104057312e-02,-4.412817209959030151e-02,1.108284235000610352e+00,-3.358481824398040771e-01,4.433712065219879150e-01,-1.406522393226623535e+00,-3.681239032577998671e-02,-7.038223849851199532e-02,-8.640421149004318124e-02,1.030937666895551885e+00,-4.106584267948427680e-01,4.640650034332818308e-01,-1.307125963225756138e+00,2.353614295275220647e-01,1.358657545232913599e-01,4.348257301276791109e-01,0.000000000000000000e+00
1.788368853895563841e+09,-7.561963866464793682e-04,-4.003567621111869812e-02,-1.960307918488979340e-02,1.103225111961364746e+00,-3.208902776241302490e-01,4.381594955921173096e-01,-1.417181015014648438e+00,-1.812008850232693646e-02,-5.970092317082453803e-02,-6.923781185625976775e-02,1.031700617990386704e+00,-4.003585870145727199e-01,4.621576256961947848e-01,-1.318570229648278413e+00,2.416397329389025905e-01,1.331163681518327813e-01,4.160368030466804479e-01,1.000000000000000000e+00
1.788368853930841446e+09,1.408182363957166672e-02,-3.304143995046615601e-02,-7.139910478144884109e-03,1.099653840065002441e+00,-3.133670389652252197e-01,4.355059862136840820e-01,-1.421792984008789062e+00,1.716639963378341349e-03,-4.978255893797189913e-02,-5.092698558022412669e-02,1.031700617990386704e+00,-3.854810406652937615e-01,4.552910658426814194e-01,-1.324673838406956961e+00,2.416397329389025905e-01,1.331163681518327813e-01,4.160368030466804479e-01,0.000000000000000000e+00
1.788368853975359440e+09,4.376100376248359680e-02,-1.982675679028034210e-02,1.802832074463367462e-02,1.090427994728088379e+00,-2.983361780643463135e-01,4.301332533359527588e-01,-1.429611563682556152e+00,2.307927061875325592e-02,-4.024567025253666941e-02,-3.299763485160589482e-02,1.031700617990386704e+00,-3.744182497901888951e-01,4.499504081788376908e-01,-1.331158922713052917e+00,2.502669946650815658e-01,1.305980099390767479e-01,3.981698439595763306e-01,1.000000000000000000e+00
1.788368854012716770e+09,5.849232152104377747e-02,-1.365484669804573059e-02,3.063469380140304565e-02,1.084773421287536621e+00,-2.908843755722045898e-01,4.274459183216094971e-01,-1.432815670967102051e+00,4.482337682154557967e-02,-3.185320820935366726e-02,-1.468680857557025377e-02,1.031700617990386704e+00,-3.625925078202492102e-01,4.446097505149939622e-01,-1.339551384756235919e+00,2.502669946650815658e-01,1.305980099390767479e-01,3.981698439595763306e-01,0.000000000000000000e+00
1.788368854054905653e+09,8.744981139898300171e-02,-2.248128410428762436e-03,5.570377781987190247e-02,1.071380972862243652e+00,-2.762325108051300049e-01,4.221081137657165527e-01,-1.437816143035888672e+00,6.580453192950308505e-02,-2.384222171358807429e-02,3.624017700465387293e-03,1.031319142442969294e+00,-3.526741435873965713e-01,4.388876173037328243e-01,-1.347180895704584103e+00,2.612981549252986757e-01,1.282401027142719696e-01,3.816545850505365101e-01,1.000000000000000000e+00
1.788368854091450691e+09,1.014683917164802551e-01,2.914785873144865036e-03,6.800703704357147217e-02,1.063643097877502441e+00,-2.691229581832885742e-01,4.195068776607513428e-01,-1.439582586288452148e+00,8.602273594262577205e-02,-1.735713740749211809e-02,2.193484397650102835e-02,1.031319142442969294e+00,-3.393224994277872497e-01,4.316395819028020497e-01,-1.353665980010680059e+00,2.612981549252986757e-01,1.282401027142719696e-01,3.816545850505365101e-01,0.000000000000000000e+00
1.788368854138344049e+09,1.281488984823226929e-01,1.211682241410017014e-02,9.188318252563476562e-02,1.046168327331542969e+00,-2.555082738399505615e-01,4.145179390907287598e-01,-1.441641449928283691e+00,1.054779888609136407e-01,-1.049057755397875269e-02,3.910124361028444184e-02,1.030937666895551885e+00,-3.274967574578475649e-01,4.274433508812105487e-01,-1.355191882200349696e+00,2.750954925891949676e-01,1.263426214706089568e-01,3.673007340579151903e-01,1.000000000000000000e+00
1.788368854174415588e+09,1.407294124364852905e-01,1.623661816120147705e-02,1.033776849508285522e-01,1.036709189414978027e+00,-2.490261942148208618e-01,4.121576845645904541e-01,-1.442079901695251465e+00,1.234073395895318725e-01,-4.768444342717614859e-03,5.817502098115490128e-02,1.027504386968795203e+00,-3.179598687724123351e-01,4.255359731441235027e-01,-1.360914015411610833e+00,2.750954925891949676e-01,1.263426214706089568e-01,3.673007340579151903e-01,0.000000000000000000e+00
1.788368854215818405e+09,1.643279343843460083e-01,2.370014972984790802e-02,1.254494786262512207e-01,1.016770482063293457e+00,-2.367150336503982544e-01,4.077127873897552490e-01,-1.441932916641235352e+00,1.394293125810630585e-01,1.716639963378341349e-03,7.534142061493831477e-02,1.019493400473029610e+00,-3.046082246128030135e-01,4.243915465018712752e-01,-1.361295490959028243e+00,2.902028801723672280e-01,1.255914692991847437e-01,3.542162925021140052e-01,1.000000000000000000e+00
1.788368854251724243e+09,1.753459423780441284e-01,2.710162289440631866e-02,1.360238939523696899e-01,1.006470680236816406e+00,-2.308662831783294678e-01,4.056317806243896484e-01,-1.441311597824096680e+00,1.535439078355071985e-01,5.912870984969842425e-03,9.327077134355654664e-02,1.007667658503089925e+00,-2.958342870222026022e-01,4.213397421225320016e-01,-1.361295490959028243e+00,2.902028801723672280e-01,1.255914692991847437e-01,3.542162925021140052e-01,0.000000000000000000e+00
1.788368854302016020e+09,1.958194673061370850e-01,3.332153707742691040e-02,1.562261581420898438e-01,9.853854179382324219e-01,-2.198052555322647095e-01,4.017358422279357910e-01,-1.438919782638549805e+00,1.680399786373687476e-01,1.049057755397875269e-02,1.112001220721747785e-01,9.924086366063935571e-01,-2.813382162203410530e-01,4.194323643854449557e-01,-1.362058442053863061e+00,3.048695268511492640e-01,1.295172519045881543e-01,3.411979321547091160e-01,1.000000000000000000e+00
1.788368854332255125e+09,2.052749842405319214e-01,3.616420552134513855e-02,1.658442765474319458e-01,9.746691584587097168e-01,-2.145983278751373291e-01,3.999178409576416016e-01,-1.437186121940612793e+00,1.829175249866477060e-01,1.468680857557025377e-02,1.272220950637059644e-01,9.760051880674449620e-01,-2.729457541771580509e-01,4.182879377431927281e-01,-1.361676966506445652e+00,3.048695268511492640e-01,1.295172519045881543e-01,3.411979321547091160e-01,0.000000000000000000e+00
1.788368854375905037e+09,2.226235121488571167e-01,4.133804142475128174e-02,1.840839833021163940e-01,9.529537558555603027e-01,-2.048742175102233887e-01,3.965091407299041748e-01,-1.432610750198364258e+00,1.989394979781788919e-01,1.964599069199657322e-02,1.398107881284804677e-01,9.611276417181660037e-01,-2.683680476081491406e-01,4.179064621957753189e-01,-1.362058442053863061e+00,3.191535264565921737e-01,1.363043043220480421e-01,3.289544328691960673e-01,1.000000000000000000e+00
1.788368854411112547e+09,2.305165231227874756e-01,4.367892816662788391e-02,1.926969140768051147e-01,9.419946074485778809e-01,-2.003651559352874756e-01,3.949112296104431152e-01,-1.429783105850219727e+00,2.130540932326230319e-01,2.231631952391843754e-02,1.539253833829246076e-01,9.458686198214696361e-01,-2.592126344701313201e-01,4.167620355535230914e-01,-1.360914015411610833e+00,3.191535264565921737e-01,1.363043043220480421e-01,3.289544328691960673e-01,0.000000000000000000e+00
1.788368854456881762e+09,2.447400540113449097e-01,4.787715896964073181e-02,2.088687717914581299e-01,9.199534058570861816e-01,-1.920958608388900757e-01,3.918939828872680664e-01,-1.423040986061096191e+00,2.267872129396497627e-01,2.346074616617066511e-02,1.691844052796209752e-01,9.287022201876862226e-01,-2.492942702372786812e-01,4.125658045319315903e-01,-1.361295490959028243e+00,3.331847637549696928e-01,1.455476264956619969e-01,3.181061438303016686e-01,1.000000000000000000e+00
1.788368854491152525e+09,2.510705590248107910e-01,4.973943158984184265e-02,2.164162993431091309e-01,9.089134931564331055e-01,-1.883442401885986328e-01,3.904671072959899902e-01,-1.419145584106445312e+00,2.374685282673372200e-01,2.498664835584030186e-02,1.825360494392302968e-01,9.107728694590679908e-01,-2.401388570992608607e-01,4.087510490577574984e-01,-1.360914015411610833e+00,3.331847637549696928e-01,1.455476264956619969e-01,3.181061438303016686e-01,0.000000000000000000e+00
1.788368854536777496e+09,2.621690928936004639e-01,5.299831181764602661e-02,2.304007858037948608e-01,8.869047164916992188e-01,-1.816352754831314087e-01,3.877476155757904053e-01,-1.410349726676940918e+00,2.477683680476072681e-01,2.803845273517957537e-02,1.932173647669177541e-01,8.939879453727019865e-01,-2.328908216983300861e-01,4.015030136568267238e-01,-1.360914015411610833e+00,3.477617421388324859e-01,1.548509085585946521e-01,3.080582264314616348e-01,1.000000000000000000e+00
1.788368854571459055e+09,2.669371068477630615e-01,5.439952760934829712e-02,2.368288934230804443e-01,8.759822845458984375e-01,-1.786823719739913940e-01,3.864490687847137451e-01,-1.405479669570922852e+00,2.561608300907902702e-01,3.147173266193625807e-02,2.035172045471878022e-01,8.775844968337533913e-01,-2.283131151293211758e-01,3.946364538033133584e-01,-1.359769588769358606e+00,3.477617421388324859e-01,1.548509085585946521e-01,3.080582264314616348e-01,0.000000000000000000e+00
1.788368854615953207e+09,2.749106287956237793e-01,5.674860253930091858e-02,2.485139220952987671e-01,8.544228076934814453e-01,-1.736045032739639282e-01,3.839547038078308105e-01,-1.394868731498718262e+00,2.634088654917210448e-01,3.490501258869294077e-02,2.134355687800404411e-01,8.634699015793092514e-01,-2.248798352025644931e-01,3.915846494239740849e-01,-1.359006637674523787e+00,3.614444282639159844e-01,1.674867241954283159e-01,3.007698614848910990e-01,1.000000000000000000e+00
1.788368854652950287e+09,2.781161367893218994e-01,5.769927799701690674e-02,2.537601888179779053e-01,8.438317775726318359e-01,-1.714829951524734497e-01,3.827559649944305420e-01,-1.389163255691528320e+00,2.664606698710603183e-01,3.604943923094516833e-02,2.248798352025627167e-01,8.478294041351954746e-01,-2.187762264438859461e-01,3.908216983291392665e-01,-1.354428931105514877e+00,3.614444282639159844e-01,1.674867241954283159e-01,3.007698614848910990e-01,0.000000000000000000e+00
1.788368854702703953e+09,2.829646766185760498e-01,5.915343388915061951e-02,2.630211114883422852e-01,8.231332898139953613e-01,-1.680957227945327759e-01,3.804420530796051025e-01,-1.377025604248046875e+00,2.691309987029821826e-01,3.719386587319739590e-02,2.363241016250849924e-01,8.310444800488294703e-01,-2.111467154955377623e-01,3.870069428549616219e-01,-1.345273517967497057e+00,3.744980133396085265e-01,1.809803003068936322e-01,2.938758553639372884e-01,1.000000000000000000e+00
1.788368854736191750e+09,2.846076786518096924e-01,5.965864658355712891e-02,2.670261859893798828e-01,8.130655288696289062e-01,-1.668325811624526978e-01,3.793255984783172607e-01,-1.370626807212829590e+00,2.718013275349040470e-01,3.681239032577998671e-02,2.443350881208505854e-01,8.169298847943853303e-01,-2.031357289997721693e-01,3.850995651178745760e-01,-1.338406958113983691e+00,3.744980133396085265e-01,1.809803003068936322e-01,2.938758553639372884e-01,0.000000000000000000e+00
1.788368854780183554e+09,2.863312065601348877e-01,6.022326648235321045e-02,2.737518250942230225e-01,7.935848236083984375e-01,-1.651829481124877930e-01,3.771632313728332520e-01,-1.357237219810485840e+00,2.767605096513303664e-01,3.719386587319739590e-02,2.489127946898594956e-01,8.066300450141152822e-01,-2.004654001678503050e-01,3.843366140230397576e-01,-1.333829251544974781e+00,3.874680715295127920e-01,1.952210154372128470e-01,2.884925828343698484e-01,1.000000000000000000e+00
1.788368854816073179e+09,2.864117324352264404e-01,6.028372421860694885e-02,2.764649987220764160e-01,7.842053771018981934e-01,-1.647972017526626587e-01,3.761169910430908203e-01,-1.350276589393615723e+00,2.794308384832522307e-01,3.681239032577998671e-02,2.546349279011206335e-01,7.925154497596711423e-01,-2.004654001678503050e-01,3.839551384756223484e-01,-1.326199740596626597e+00,3.874680715295127920e-01,1.952210154372128470e-01,2.884925828343698484e-01,0.000000000000000000e+00
1.788368854859753132e+09,2.850102484226226807e-01,5.999158695340156555e-02,2.805812656879425049e-01,7.662535309791564941e-01,-1.648934036493301392e-01,3.740901052951812744e-01,-1.335901260375976562e+00,2.805752651255044583e-01,3.681239032577998671e-02,2.584496833752947254e-01,7.757305256733051380e-01,-1.974135957885110315e-01,3.835736629282049392e-01,-1.312466620889599866e+00,4.016538289241149973e-01,2.089576880622618649e-01,2.916656117238881074e-01,1.000000000000000000e+00
1.788368854895494461e+09,2.835282683372497559e-01,5.964398384094238281e-02,2.819826602935791016e-01,7.577103376388549805e-01,-1.653675138950347900e-01,3.731099963188171387e-01,-1.328516721725463867e+00,2.809567406729218675e-01,3.681239032577998671e-02,2.637903410391384540e-01,7.581826504921043153e-01,-1.955062180514239856e-01,3.820477607385353025e-01,-1.301785305561912409e+00,4.016538289241149973e-01,2.089576880622618649e-01,2.916656117238881074e-01,0.000000000000000000e+00
1.788368854940240383e+09,2.790018022060394287e-01,5.850462615489959717e-02,2.834301888942718506e-01,7.415987253189086914e-01,-1.671880632638931274e-01,3.712142705917358398e-01,-1.313443779945373535e+00,2.817196917677566859e-01,3.681239032577998671e-02,2.679865720607299551e-01,7.440680552376601753e-01,-1.939803158617525725e-01,3.801403830014482566e-01,-1.289959563591972724e+00,4.041872602142393411e-01,2.239208864420652589e-01,3.027025192975998369e-01,1.000000000000000000e+00
1.788368854975030184e+09,2.759573161602020264e-01,5.770068243145942688e-02,2.834686338901519775e-01,7.340633869171142578e-01,-1.685363799333572388e-01,3.702998459339141846e-01,-1.305787205696105957e+00,2.817196917677566859e-01,3.719386587319739590e-02,2.698939497978170010e-01,7.318608377203030813e-01,-1.935988403143351633e-01,3.774700541695263922e-01,-1.277370870527198221e+00,4.041872602142393411e-01,2.239208864420652589e-01,3.027025192975998369e-01,0.000000000000000000e+00
1.788368855019848108e+09,2.683058381080627441e-01,5.569434538483619690e-02,2.822568416595458984e-01,7.200648784637451172e-01,-1.720593273639678955e-01,3.685418069362640381e-01,-1.290270209312438965e+00,2.817196917677566859e-01,3.719386587319739590e-02,2.702754253452344102e-01,7.211795223926156240e-01,-1.935988403143351633e-01,3.759441519798567555e-01,-1.268596932936597810e+00,4.075943298824131200e-01,2.112652312219143180e-01,3.079430073499679898e-01,1.000000000000000000e+00
1.788368855055497646e+09,2.636988461017608643e-01,5.450723320245742798e-02,2.810306847095489502e-01,7.136123180389404297e-01,-1.742177754640579224e-01,3.676994144916534424e-01,-1.282425045967102051e+00,2.798123140306696399e-01,3.681239032577998671e-02,2.702754253452344102e-01,7.112611581597629851e-01,-1.935988403143351633e-01,3.751812008850219371e-01,-1.257152666514075534e+00,4.075943298824131200e-01,2.112652312219143180e-01,3.079430073499679898e-01,0.000000000000000000e+00
1.788368855100480556e+09,2.529223859310150146e-01,5.174150317907333374e-02,2.773068547248840332e-01,7.018538117408752441e-01,-1.793539673089981079e-01,3.660839498043060303e-01,-1.266600966453552246e+00,2.782864118410000032e-01,3.643091477836257752e-02,2.702754253452344102e-01,7.017242694743277553e-01,-1.935988403143351633e-01,3.736552986953523003e-01,-1.248378728923475123e+00,4.001315242797136018e-01,2.137144961953163502e-01,3.111598676443100286e-01,1.000000000000000000e+00
1.788368855136297941e+09,2.467529028654098511e-01,5.015359446406364441e-02,2.748067080974578857e-01,6.965608000755310059e-01,-1.823334097862243652e-01,3.653090298175811768e-01,-1.258635878562927246e+00,2.756160830090781388e-01,3.643091477836257752e-02,2.702754253452344102e-01,6.925688563363099348e-01,-1.935988403143351633e-01,3.728923476005174820e-01,-1.233501182574196164e+00,4.001315242797136018e-01,2.137144961953163502e-01,3.111598676443100286e-01,0.000000000000000000e+00
1.788368855180941582e+09,2.328514307737350464e-01,4.655509442090988159e-02,2.685287892818450928e-01,6.871725320816040039e-01,-1.891227960586547852e-01,3.638128936290740967e-01,-1.242616176605224609e+00,2.706569008926518194e-01,3.643091477836257752e-02,2.702754253452344102e-01,6.837949187457095235e-01,-1.939803158617525725e-01,3.725108720531000728e-01,-1.220912489509421661e+00,3.958519559353589901e-01,2.141556985676288938e-01,3.137418413162231801e-01,1.000000000000000000e+00
1.788368855217308760e+09,2.251194417476654053e-01,4.453772306442260742e-02,2.647578418254852295e-01,6.830794215202331543e-01,-1.929295361042022705e-01,3.630854785442352295e-01,-1.234565019607543945e+00,2.641718165865558632e-01,3.604943923094516833e-02,2.702754253452344102e-01,6.734950789654394754e-01,-1.947432669565873908e-01,3.721293965056826636e-01,-1.210994125276569022e+00,3.958519559353589901e-01,2.141556985676288938e-01,3.137418413162231801e-01,0.000000000000000000e+00
1.788368855264994860e+09,2.080929726362228394e-01,4.010741040110588074e-02,2.560184895992279053e-01,6.760674118995666504e-01,-2.013410925865173340e-01,3.616405129432678223e-01,-1.218343138694763184e+00,2.557793545433728610e-01,3.604943923094516833e-02,2.695124742503995918e-01,6.647211413748390640e-01,-1.955062180514239856e-01,3.698405432211782085e-01,-1.199931334401464156e+00,3.948596881330013186e-01,2.083732640743255760e-01,3.144266033172607444e-01,1.000000000000000000e+00
1.788368855298464298e+09,1.987984925508499146e-01,3.770088776946067810e-02,2.510771155357360840e-01,6.731323599815368652e-01,-2.059327960014343262e-01,3.609089255332946777e-01,-1.210157513618469238e+00,2.447165636682679946e-01,3.604943923094516833e-02,2.676050965133125459e-01,6.578545815213256986e-01,-1.966506446936762131e-01,3.690775921263433901e-01,-1.184672312504767788e+00,3.948596881330013186e-01,2.083732640743255760e-01,3.144266033172607444e-01,0.000000000000000000e+00
1.788368855341227293e+09,1.786470115184783936e-01,3.261909261345863342e-02,2.401506453752517700e-01,6.682996153831481934e-01,-2.158753573894500732e-01,3.593584895133972168e-01,-1.193498015403747559e+00,2.321278706034934913e-01,3.528648813611034996e-02,2.645532921339732724e-01,6.536583504997341976e-01,-1.985580224307632591e-01,3.683146410315085717e-01,-1.172083619439993285e+00,3.937843636423349336e-01,1.981450037658214758e-01,3.077105790376663541e-01,1.000000000000000000e+00
1.788368855376533508e+09,1.677900254726409912e-01,2.996952272951602936e-02,2.342037260532379150e-01,6.663624048233032227e-01,-2.212163805961608887e-01,3.585115671157836914e-01,-1.184977293014526367e+00,2.195391775387189881e-01,3.376058594644071320e-02,2.584496833752947254e-01,6.475547417410556506e-01,-2.038986800946069877e-01,3.667887388418389349e-01,-1.163691157396810283e+00,3.937843636423349336e-01,1.981450037658214758e-01,3.077105790376663541e-01,0.000000000000000000e+00
1.788368855420681000e+09,1.445135474205017090e-01,2.456879056990146637e-02,2.217036187648773193e-01,6.632487177848815918e-01,-2.324059307575225830e-01,3.565357029438018799e-01,-1.167387485504150391e+00,2.058060578316922573e-01,3.185320820935366726e-02,2.500572213321117232e-01,6.452658884565511954e-01,-2.061875333791114429e-01,3.660257877470041166e-01,-1.153391317616540235e+00,4.086127346292325879e-01,1.854526979225313565e-01,3.033488378423047638e-01,1.000000000000000000e+00
1.788368855456635952e+09,1.320940554141998291e-01,2.184807509183883667e-02,2.152579277753829956e-01,6.620090007781982422e-01,-2.381895035505294800e-01,3.553561568260192871e-01,-1.158260703086853027e+00,1.916914625772481173e-01,2.918287937743180294e-02,2.401388570992590843e-01,6.429770351720467403e-01,-2.130540932326248083e-01,3.656443121995867074e-01,-1.138895246814678686e+00,4.086127346292325879e-01,1.854526979225313565e-01,3.033488378423047638e-01,0.000000000000000000e+00
1.788368855500353575e+09,1.056925728917121887e-01,1.637681387364864349e-02,2.023330032825469971e-01,6.599868535995483398e-01,-2.498841881752014160e-01,3.524346947669982910e-01,-1.139194130897521973e+00,1.756694895857169314e-01,2.498664835584030186e-02,2.302204928664064454e-01,6.403067063401248760e-01,-2.244983596551470839e-01,3.652628366521692982e-01,-1.123254749370564909e+00,4.277002036135450491e-01,1.798523123842847848e-01,3.012741789315657170e-01,1.000000000000000000e+00
1.788368855536776543e+09,9.171057492494583130e-02,1.363291125744581223e-02,1.959737390279769897e-01,6.591389775276184082e-01,-2.557206749916076660e-01,3.506163954734802246e-01,-1.129188656806945801e+00,1.588845654993509271e-01,2.040894178683139160e-02,2.210650797283886249e-01,6.357289997711159657e-01,-2.340352483405823136e-01,3.648813611047518890e-01,-1.111810482948042633e+00,4.277002036135450491e-01,1.798523123842847848e-01,3.012741789315657170e-01,0.000000000000000000e+00
1.788368855580862761e+09,6.219013780355453491e-02,8.209389634430408478e-03,1.839566528797149658e-01,6.575441956520080566e-01,-2.670699059963226318e-01,3.459452092647552490e-01,-1.107984662055969238e+00,1.417181658655675136e-01,1.506828412298766295e-02,2.115281910429533951e-01,6.342030975814463289e-01,-2.424277103837653158e-01,3.644998855573344798e-01,-1.096551461051346266e+00,4.454935168816470115e-01,1.713926247651812729e-01,2.978344568017456395e-01,1.000000000000000000e+00
1.788368855616665125e+09,4.671667143702507019e-02,5.558019038289785385e-03,1.784579455852508545e-01,6.566993594169616699e-01,-2.724944055080413818e-01,3.429841995239257812e-01,-1.096716046333312988e+00,1.253147173266189185e-01,1.087205310139616188e-02,2.000839246204311195e-01,6.322957198443592830e-01,-2.527275501640353639e-01,3.614480811779952063e-01,-1.081673914702067307e+00,4.454935168816470115e-01,1.713926247651812729e-01,2.978344568017456395e-01,0.000000000000000000e+00
1.788368855661359549e+09,1.479000411927700043e-02,4.280940047465264797e-04,1.687777191400527954e-01,6.546566486358642578e-01,-2.826766371726989746e-01,3.356501460075378418e-01,-1.072845816612243652e+00,1.070038910505832774e-01,6.675822079804660802e-03,1.905470359349958898e-01,6.300068665598548279e-01,-2.615014877546357752e-01,3.549629968718992501e-01,-1.067940794995040577e+00,4.639903001230698543e-01,1.651655238965336059e-01,2.934649917896983151e-01,1.000000000000000000e+00
1.788368855697519541e+09,-1.474993187002837658e-03,-2.033144934102892876e-03,1.646360158920288086e-01,6.533864736557006836e-01,-2.874204814434051514e-01,3.312634229660034180e-01,-1.060285568237304688e+00,8.869306477454763638e-02,2.479591058213159727e-03,1.825360494392302968e-01,6.277180132753503727e-01,-2.695124742504013682e-01,3.450446326390466112e-01,-1.048485542076752708e+00,4.639903001230698543e-01,1.651655238965336059e-01,2.934649917896983151e-01,0.000000000000000000e+00
1.788368855741199255e+09,-3.419394418597221375e-02,-6.752602290362119675e-03,1.576865613460540771e-01,6.502333283424377441e-01,-2.963036000728607178e-01,3.210425972938537598e-01,-1.033995509147644043e+00,6.809338521400754018e-02,-5.722133211261137831e-04,1.756694895857169314e-01,6.265735866330981452e-01,-2.813382162203410530e-01,3.408484016174551101e-01,-1.033989471274891159e+00,4.836968441107367678e-01,1.644973674132704233e-01,2.901175015393729351e-01,1.000000000000000000e+00
1.788368855777496815e+09,-5.050586909055709839e-02,-9.011031128466129303e-03,1.548383533954620361e-01,6.483254432678222656e-01,-3.004803359508514404e-01,3.152293562889099121e-01,-1.020318865776062012e+00,4.711223010605003481e-02,-2.098115510795750538e-03,1.684214541847861568e-01,6.242847333485936900e-01,-2.889677271686892368e-01,3.389410238803680642e-01,-1.016823071641107745e+00,4.836968441107367678e-01,1.644973674132704233e-01,2.901175015393729351e-01,0.000000000000000000e+00
1.788368855821225643e+09,-8.282231539487838745e-02,-1.338932663202285767e-02,1.502129733562469482e-01,6.439028978347778320e-01,-3.084368109703063965e-01,3.022632002830505371e-01,-9.920501708984375000e-01,2.498664835584030186e-02,-3.242542153047978104e-03,1.623178454261076098e-01,6.212329289692544165e-01,-2.935454337376981471e-01,3.351262684061939723e-01,-9.966048676279850582e-01,5.033840313043618231e-01,1.667146554226152377e-01,2.928558028899885257e-01,1.000000000000000000e+00
1.788368855857258558e+09,-9.874863922595977783e-02,-1.552267931401729584e-02,1.483733355998992920e-01,6.414027214050292969e-01,-3.122566044330596924e-01,2.951507270336151123e-01,-9.775205850601196289e-01,2.479591058213159727e-03,-4.005493247882796481e-03,1.592660410467683363e-01,6.158922713054106879e-01,-3.011749446860463308e-01,3.278782330052631977e-01,-9.779125658045320080e-01,5.033840313043618231e-01,1.667146554226152377e-01,2.928558028899885257e-01,0.000000000000000000e+00
1.788368855901513815e+09,-1.300685405731201172e-01,-1.978952437639236450e-02,1.452490836381912231e-01,6.359204053878784180e-01,-3.198348581790924072e-01,2.798925638198852539e-01,-9.478201866149902344e-01,-1.964599069199657322e-02,-5.912870984969842425e-03,1.592660410467683363e-01,6.132219424734888236e-01,-3.072785534447248779e-01,3.187228198672453772e-01,-9.580758373388267302e-01,5.210233333862445138e-01,1.752121385313576141e-01,2.969359748080240280e-01,1.000000000000000000e+00
1.788368855937393188e+09,-1.454240530729293823e-01,-2.194617502391338348e-02,1.438691467046737671e-01,6.329565048217773438e-01,-3.236476480960845947e-01,2.718237936496734619e-01,-9.327049851417541504e-01,-3.986419470511926022e-02,-8.964675364309115935e-03,1.581216144045161087e-01,6.109330891889843684e-01,-3.118562600137337881e-01,3.084229800869753291e-01,-9.344243533989473605e-01,5.210233333862445138e-01,1.752121385313576141e-01,2.969359748080240280e-01,0.000000000000000000e+00
1.788368855981226921e+09,-1.753966957330703735e-01,-2.603450976312160492e-02,1.414740085601806641e-01,6.266329884529113770e-01,-3.313389122486114502e-01,2.549641430377960205e-01,-9.020889401435852051e-01,-6.084534981307676560e-02,-1.163500419623098026e-02,1.535439078355071985e-01,6.071183337148102765e-01,-3.152895399404904708e-01,2.916380560006093248e-01,-9.145876249332420826e-01,5.377905944928150772e-01,1.643152004658769427e-01,2.965958339825329193e-01,1.000000000000000000e+00
1.788368856017694712e+09,-1.899768114089965820e-01,-2.790460363030433655e-02,1.404474079608917236e-01,6.232836842536926270e-01,-3.352199196815490723e-01,2.462397962808609009e-01,-8.866378664970397949e-01,-8.220798046845168017e-02,-1.430533302815284458e-02,1.512550545510027433e-01,6.013962005035491387e-01,-3.194857709620819719e-01,2.862973983367655961e-01,-8.916990920881975313e-01,5.377905944928150772e-01,1.643152004658769427e-01,2.965958339825329193e-01,0.000000000000000000e+00
1.788368856061584949e+09,-2.183916419744491577e-01,-3.130548447370529175e-02,1.386229991912841797e-01,6.163185238838195801e-01,-3.430876731872558594e-01,2.283596098423004150e-01,-8.555619716644287109e-01,-1.028076600289917764e-01,-1.697566186007470890e-02,1.489662012664982882e-01,5.964370183871228193e-01,-3.290226596475172016e-01,2.771419851987477756e-01,-8.699549858854052076e-01,5.571584933382978111e-01,1.630400007368948412e-01,3.014185261728300480e-01,1.000000000000000000e+00
1.788368856101136923e+09,-2.322379946708679199e-01,-3.283730521798133850e-02,1.377943009138107300e-01,6.127204298973083496e-01,-3.470765352249145508e-01,2.192687243223190308e-01,-8.399720788002014160e-01,-1.226443884946970542e-01,-1.964599069199657322e-02,1.489662012664982882e-01,5.910963607232790906e-01,-3.374151216907002038e-01,2.626459143968862264e-01,-8.459220263981084287e-01,5.571584933382978111e-01,1.630400007368948412e-01,3.014185261728300480e-01,0.000000000000000000e+00
1.788368856143602371e+09,-2.593794465065002441e-01,-3.543692454695701599e-02,1.363622248172760010e-01,6.055022478103637695e-01,-3.550758659839630127e-01,2.009191066026687622e-01,-8.088145852088928223e-01,-1.413366903181501044e-01,-2.384222171358807429e-02,1.478217746242460606e-01,5.853742275120179528e-01,-3.412298771648742957e-01,2.485313191424420864e-01,-8.230334935530638774e-01,5.603498806830450318e-01,1.565450357005485627e-01,3.200633773653825398e-01,1.000000000000000000e+00
1.788368856178728342e+09,-2.727121114730834961e-01,-3.647390753030776978e-02,1.357659697532653809e-01,6.019127368927001953e-01,-3.590627014636993408e-01,1.917206645011901855e-01,-7.932747006416320801e-01,-1.592660410467683363e-01,-2.765697718776216618e-02,1.443884946974893779e-01,5.792706187533394058e-01,-3.450446326390483875e-01,2.355611505302501740e-01,-7.993820096131845077e-01,5.603498806830450318e-01,1.565450357005485627e-01,3.200633773653825398e-01,0.000000000000000000e+00
1.788368856227432966e+09,-2.990882992744445801e-01,-3.800066560506820679e-02,1.348334699869155884e-01,5.949316024780273438e-01,-3.669155836105346680e-01,1.734622716903686523e-01,-7.623769044876098633e-01,-1.760509651331343406e-01,-2.994583047226662131e-02,1.424811169604023320e-01,5.754558632791653139e-01,-3.484779125658050702e-01,2.252613107499801259e-01,-7.768749523155573655e-01,5.560112795557159426e-01,1.553574816377141787e-01,3.395509697155366657e-01,1.000000000000000000e+00
1.788368856261918783e+09,-3.121669292449951172e-01,-3.847910463809967041e-02,1.344969570636749268e-01,5.915511846542358398e-01,-3.707581162452697754e-01,1.644743978977203369e-01,-7.470361590385437012e-01,-1.932173647669177541e-01,-3.070878156710143969e-02,1.424811169604023320e-01,5.685893034256519485e-01,-3.587777523460751183e-01,2.096208133058663492e-01,-7.536049439230954050e-01,5.560112795557159426e-01,1.553574816377141787e-01,3.395509697155366657e-01,0.000000000000000000e+00
1.788368856311811924e+09,-3.382425010204315186e-01,-3.906713426113128662e-02,1.340598911046981812e-01,5.850870609283447266e-01,-3.781486451625823975e-01,1.470182836055755615e-01,-7.166796326637268066e-01,-2.100022888532855347e-01,-3.337911039902330401e-02,1.424811169604023320e-01,5.632486457618082198e-01,-3.656443121995884837e-01,1.993209735255963011e-01,-7.330052643625553088e-01,5.469178161701249152e-01,1.622031054554980978e-01,3.559962230793588533e-01,1.000000000000000000e+00
1.788368856339630842e+09,-3.512445986270904541e-01,-3.922202065587043762e-02,1.339534372091293335e-01,5.819840431213378906e-01,-3.816582560539245605e-01,1.386449187994003296e-01,-7.016829252243041992e-01,-2.264057373922341299e-01,-3.337911039902330401e-02,1.413366903181501044e-01,5.567635614557122636e-01,-3.725108720531018491e-01,1.886396581979088438e-01,-7.082093537804237116e-01,5.469178161701249152e-01,1.622031054554980978e-01,3.559962230793588533e-01,0.000000000000000000e+00
1.788368856384808302e+09,-3.771886229515075684e-01,-3.924343734979629517e-02,1.339510232210159302e-01,5.761507153511047363e-01,-3.881907165050506592e-01,1.229820325970649719e-01,-6.722635030746459961e-01,-2.424277103837653158e-01,-3.337911039902330401e-02,1.405737392233152860e-01,5.525673304341207626e-01,-3.782330052643629870e-01,1.729991607537950671e-01,-6.872281986724662062e-01,5.395728986135829297e-01,1.605828444630675311e-01,3.745280049797592992e-01,1.000000000000000000e+00
1.788368856419361115e+09,-3.900846242904663086e-01,-3.917838633060455322e-02,1.340746879577636719e-01,5.733982324600219727e-01,-3.911777138710021973e-01,1.158015877008438110e-01,-6.578675508499145508e-01,-2.584496833752965017e-01,-3.299763485160589482e-02,1.405737392233152860e-01,5.445563439383551696e-01,-3.885328450446330351e-01,1.596475165941857455e-01,-6.620508125429171997e-01,5.395728986135829297e-01,1.605828444630675311e-01,3.745280049797592992e-01,0.000000000000000000e+00
1.788368856463089943e+09,-4.154213368892669678e-01,-3.929383680224418640e-02,1.345330178737640381e-01,5.682371854782104492e-01,-3.964469432830810547e-01,1.031760424375534058e-01,-6.299847960472106934e-01,-2.744716563668276876e-01,-3.337911039902330401e-02,1.405737392233152860e-01,5.384527351796766226e-01,-3.904402227817200810e-01,1.554512855725942444e-01,-6.414511329823771035e-01,5.294601799314652135e-01,1.640692781894676489e-01,3.914270493529706796e-01,1.000000000000000000e+00
1.788368856499070168e+09,-4.277107715606689453e-01,-3.939332440495491028e-02,1.348028779029846191e-01,5.657603740692138672e-01,-3.986805677413940430e-01,9.793362766504287720e-02,-6.165780425071716309e-01,-2.908751049057762827e-01,-3.337911039902330401e-02,1.405737392233152860e-01,5.331120775158328939e-01,-3.942549782558941729e-01,1.482032501716634698e-01,-6.204699778744195982e-01,5.294601799314652135e-01,1.640692781894676489e-01,3.914270493529706796e-01,0.000000000000000000e+00
1.788368856543380499e+09,-4.511696398258209229e-01,-3.979484364390373230e-02,1.353330016136169434e-01,5.610913634300231934e-01,-4.022185802459716797e-01,9.005454182624816895e-02,-5.912383794784545898e-01,-3.072785534447248779e-01,-3.337911039902330401e-02,1.405737392233152860e-01,5.292973220416588020e-01,-3.984512092774856740e-01,1.379034103913934217e-01,-5.945296406500357733e-01,5.192845604017448657e-01,1.666384053412747479e-01,4.084522175713531378e-01,1.000000000000000000e+00
1.788368856579263210e+09,-4.622123837471008301e-01,-4.008178040385246277e-02,1.356053650379180908e-01,5.588701963424682617e-01,-4.034919142723083496e-01,8.751259744167327881e-02,-5.793606042861938477e-01,-3.244449530785082914e-01,-3.337911039902330401e-02,1.405737392233152860e-01,5.251010910200673010e-01,-4.053177691309990394e-01,1.260776684214537369e-01,-5.697337300679023997e-01,5.192845604017448657e-01,1.666384053412747479e-01,4.084522175713531378e-01,0.000000000000000000e+00
1.788368856624140501e+09,-4.828481376171112061e-01,-4.080522432923316956e-02,1.361462473869323730e-01,5.549293160438537598e-01,-4.050137698650360107e-01,8.534099161624908447e-02,-5.575439929962158203e-01,-3.416113527122917048e-01,-3.337911039902330401e-02,1.405737392233152860e-01,5.209048599984757999e-01,-4.106584267948427680e-01,1.138704509040966428e-01,-5.430304417486837565e-01,5.085164557560888365e-01,1.696550657990006650e-01,4.250337640017375351e-01,1.000000000000000000e+00
1.788368856659572363e+09,-4.924075901508331299e-01,-4.116051271557807922e-02,1.364411115646362305e-01,5.532272458076477051e-01,-4.052743613719940186e-01,8.566861599683761597e-02,-5.476140975952148438e-01,-3.572518501564054816e-01,-3.337911039902330401e-02,1.405737392233152860e-01,5.163271534294668896e-01,-4.140917067215994507e-01,1.070038910505832774e-01,-5.189974822613869776e-01,5.085164557560888365e-01,1.696550657990006650e-01,4.250337640017375351e-01,0.000000000000000000e+00
1.788368856705478430e+09,-5.102100968360900879e-01,-4.186137765645980835e-02,1.370270699262619019e-01,5.507088899612426758e-01,-4.048740565776824951e-01,8.886960148811340332e-02,-5.299361348152160645e-01,-3.717479209582670308e-01,-3.299763485160589482e-02,1.409552147707326952e-01,5.132753490501276161e-01,-4.156176089112690875e-01,1.058594644083310499e-01,-5.014496070801861549e-01,4.979114423619178109e-01,1.738574629743735722e-01,4.414615924915249456e-01,1.000000000000000000e+00
1.788368856739470005e+09,-5.184241533279418945e-01,-4.214700311422348022e-02,1.373312473297119141e-01,5.499003529548645020e-01,-4.042531549930572510e-01,9.163540601730346680e-02,-5.221672058105468750e-01,-3.847180895704589432e-01,-3.337911039902330401e-02,1.409552147707326952e-01,5.098420691233709334e-01,-4.159990844586864966e-01,1.054779888609136407e-01,-4.861905851834897874e-01,4.979114423619178109e-01,1.738574629743735722e-01,4.414615924915249456e-01,0.000000000000000000e+00
1.788368856783989668e+09,-5.337353348731994629e-01,-4.269893839955329895e-02,1.378762423992156982e-01,5.494465827941894531e-01,-4.022928178310394287e-01,9.920689463615417480e-02,-5.088622570037841797e-01,-3.961623559929812188e-01,-3.337911039902330401e-02,1.409552147707326952e-01,5.067902647440316599e-01,-4.163805600061039058e-01,1.058594644083310499e-01,-4.736018921187152841e-01,4.872576741426873359e-01,1.789965546397113416e-01,4.575888042649893794e-01,1.000000000000000000e+00
1.788368856820303202e+09,-5.408065319061279297e-01,-4.293553903698921204e-02,1.381212323904037476e-01,5.497673153877258301e-01,-4.009981751441955566e-01,1.038936898112297058e-01,-5.032659173011779785e-01,-4.076066224155034945e-01,-3.376058594644071320e-02,1.409552147707326952e-01,5.033569848172749772e-01,-4.163805600061039058e-01,1.066224155031658682e-01,-4.575799191271840982e-01,4.872576741426873359e-01,1.789965546397113416e-01,4.575888042649893794e-01,0.000000000000000000e+00
1.788368856863511801e+09,-5.540183186531066895e-01,-4.353989660739898682e-02,1.384542584419250488e-01,5.516666173934936523e-01,-3.978851735591888428e-01,1.147960200905799866e-01,-4.942323863506317139e-01,-4.167620355535213150e-01,-3.376058594644071320e-02,1.409552147707326952e-01,5.025940337224401588e-01,-4.159990844586864966e-01,1.070038910505832774e-01,-4.468986037994966409e-01,4.764140979187982405e-01,1.851724805903138260e-01,4.732180970618302673e-01,1.000000000000000000e+00
1.788368856901228189e+09,-5.601249337196350098e-01,-4.389850795269012451e-02,1.385448276996612549e-01,5.532063245773315430e-01,-3.961044549942016602e-01,1.209041401743888855e-01,-4.907272756099700928e-01,-4.247730220492869080e-01,-3.337911039902330401e-02,1.409552147707326952e-01,5.025940337224401588e-01,-4.159990844586864966e-01,1.077668421454180958e-01,-4.385061417563136388e-01,4.764140979187982405e-01,1.851724805903138260e-01,4.732180970618302673e-01,0.000000000000000000e+00
1.788368856943879366e+09,-5.715153217315673828e-01,-4.496492445468902588e-02,1.384683549404144287e-01,5.575878620147705078e-01,-3.921827673912048340e-01,1.342251598834991455e-01,-4.857813715934753418e-01,-4.331654840924699101e-01,-3.337911039902330401e-02,1.409552147707326952e-01,5.025940337224401588e-01,-4.159990844586864966e-01,1.104371709773399601e-01,-4.320210574502176826e-01,4.651034845964104325e-01,1.921216041306556266e-01,4.881773653692205173e-01,1.000000000000000000e+00
1.788368856979379416e+09,-5.767669081687927246e-01,-4.566855356097221375e-02,1.383082866668701172e-01,5.603832602500915527e-01,-3.900748491287231445e-01,1.413519233465194702e-01,-4.842773377895355225e-01,-4.415579461356529123e-01,-3.376058594644071320e-02,1.409552147707326952e-01,5.025940337224401588e-01,-4.159990844586864966e-01,1.153963530937662796e-01,-4.171435111009387242e-01,4.651034845964104325e-01,1.921216041306556266e-01,4.881773653692205173e-01,0.000000000000000000e+00
1.788368857026110649e+09,-5.864930748939514160e-01,-4.764624685049057007e-02,1.376256793737411499e-01,5.672409534454345703e-01,-3.856506347656250000e-01,1.563773751258850098e-01,-4.832364022731781006e-01,-4.495689326314185053e-01,-3.376058594644071320e-02,1.409552147707326952e-01,5.025940337224401588e-01,-4.156176089112690875e-01,1.180666819256881439e-01,-4.152361333638516783e-01,4.535957835869006693e-01,2.003214730437208879e-01,5.023313389202864743e-01,1.000000000000000000e+00
1.788368857059624910e+09,-5.909368991851806641e-01,-4.891305789351463318e-02,1.371006816625595093e-01,5.712547302246093750e-01,-3.833614885807037354e-01,1.642057746648788452e-01,-4.836319983005523682e-01,-4.564354924849318706e-01,-3.376058594644071320e-02,1.409552147707326952e-01,5.025940337224401588e-01,-4.156176089112690875e-01,1.253147173266189185e-01,-4.129472800793472231e-01,4.535957835869006693e-01,2.003214730437208879e-01,5.023313389202864743e-01,0.000000000000000000e+00
1.788368857104739666e+09,-5.990074276924133301e-01,-5.218824744224548340e-02,1.355634331703186035e-01,5.804516673088073730e-01,-3.787153959274291992e-01,1.803649365901947021e-01,-4.862265884876251221e-01,-4.644464789806974636e-01,-3.376058594644071320e-02,1.409552147707326952e-01,5.025940337224401588e-01,-4.152361333638516783e-01,1.344701304646367390e-01,-4.125658045319298139e-01,4.412482487528311403e-01,2.095521817623975103e-01,5.150723121983522557e-01,1.000000000000000000e+00
1.788368857140916586e+09,-6.025927662849426270e-01,-5.418366938829421997e-02,1.345490068197250366e-01,5.855809450149536133e-01,-3.763830959796905518e-01,1.886364072561264038e-01,-4.883721768856048584e-01,-4.713130388342108290e-01,-3.414206149385812239e-02,1.409552147707326952e-01,5.025940337224401588e-01,-4.152361333638516783e-01,1.482032501716634698e-01,-4.087510490577557221e-01,4.412482487528311403e-01,2.095521817623975103e-01,5.150723121983522557e-01,0.000000000000000000e+00
1.788368857184651375e+09,-6.088395118713378906e-01,-5.902211368083953857e-02,1.319192051887512207e-01,5.968547463417053223e-01,-3.717884719371795654e-01,2.054492086172103882e-01,-4.943384826183319092e-01,-4.770351720454719668e-01,-3.528648813611034996e-02,1.409552147707326952e-01,5.025940337224401588e-01,-4.144731822690168599e-01,1.611734187838553822e-01,-4.087510490577557221e-01,4.284351649286443076e-01,2.196500426077437340e-01,5.266420178671402663e-01,1.000000000000000000e+00
1.788368857222156525e+09,-6.114625334739685059e-01,-6.183772906661033630e-02,1.303039938211441040e-01,6.029437780380249023e-01,-3.695502877235412598e-01,2.139388769865036011e-01,-4.981009662151336670e-01,-4.823758297093156955e-01,-3.795681696803221428e-02,1.405737392233152860e-01,5.025940337224401588e-01,-4.140917067215994507e-01,1.684214541847861568e-01,-4.087510490577557221e-01,4.284351649286443076e-01,2.196500426077437340e-01,5.266420178671402663e-01,0.000000000000000000e+00
1.788368857269736052e+09,-6.156709194183349609e-01,-6.833006441593170166e-02,1.263866126537322998e-01,6.159619688987731934e-01,-3.652755320072174072e-01,2.309762686491012573e-01,-5.071388483047485352e-01,-4.854276340886549690e-01,-4.215304798962371535e-02,1.405737392233152860e-01,5.041199359121097956e-01,-4.125658045319298139e-01,1.752880140382995222e-01,-4.091325246051731312e-01,4.151290698756966990e-01,2.299101057084215194e-01,5.374900102902586685e-01,1.000000000000000000e+00
1.788368857303096056e+09,-6.172258257865905762e-01,-7.196713238954544067e-02,1.240900978446006775e-01,6.228387355804443359e-01,-3.632599115371704102e-01,2.394767701625823975e-01,-5.123544931411743164e-01,-4.880979629205768333e-01,-4.673075455863262562e-02,1.405737392233152860e-01,5.083161669337012967e-01,-4.110399023422601772e-01,1.886396581979088438e-01,-4.091325246051731312e-01,4.151290698756966990e-01,2.299101057084215194e-01,5.374900102902586685e-01,0.000000000000000000e+00
1.788368857344925880e+09,-6.190929412841796875e-01,-7.978351414203643799e-02,1.188547536730766296e-01,6.372549533843994141e-01,-3.595231771469116211e-01,2.563674747943878174e-01,-5.241501331329345703e-01,-4.900053406576638793e-01,-5.054551003280671750e-02,1.398107881284804677e-01,5.148012512397972529e-01,-4.083695735103383129e-01,2.046616311894400297e-01,-4.098954757000079496e-01,3.968200634345476208e-01,2.307287998599938383e-01,5.454968837764667677e-01,1.000000000000000000e+00
1.788368857382310867e+09,-6.193645000457763672e-01,-8.386364579200744629e-02,1.159458681941032410e-01,6.447507143020629883e-01,-3.578135371208190918e-01,2.647242546081542969e-01,-5.306819677352905273e-01,-4.903868162050812884e-01,-5.397878995956340020e-02,1.337071793698019206e-01,5.220492866407280275e-01,-4.072251468680860853e-01,2.176317998016319422e-01,-4.102769512474253588e-01,3.968200634345476208e-01,2.307287998599938383e-01,5.454968837764667677e-01,0.000000000000000000e+00
1.788368857426156998e+09,-6.185604333877563477e-01,-9.224767237901687622e-02,1.095327660441398621e-01,6.602427959442138672e-01,-3.547697365283966064e-01,2.812064290046691895e-01,-5.449384450912475586e-01,-4.907682917524986976e-01,-5.970092317082453803e-02,1.272220950637059644e-01,5.327306019684154847e-01,-4.045548180361642210e-01,2.298390173189890362e-01,-4.194323643854431793e-01,3.793065815658807627e-01,2.342467937847064474e-01,5.544914194277142938e-01,1.000000000000000000e+00
1.788368857460879087e+09,-6.174830794334411621e-01,-9.649074077606201172e-02,1.060458198189735413e-01,6.681991219520568848e-01,-3.534463644027709961e-01,2.893059849739074707e-01,-5.526087284088134766e-01,-4.907682917524986976e-01,-6.656748302433790343e-02,1.245517662317841001e-01,5.472266727702770339e-01,-4.030289158464945842e-01,2.424277103837635394e-01,-4.339284351873047285e-01,3.793065815658807627e-01,2.342467937847064474e-01,5.544914194277142938e-01,0.000000000000000000e+00
1.788368857506289244e+09,-6.140230298042297363e-01,-1.051368117332458496e-01,9.841685742139816284e-02,6.844385862350463867e-01,-3.512696027755737305e-01,3.052016496658325195e-01,-5.689228177070617676e-01,-4.930571450370031528e-01,-7.267109178301645045e-02,1.192111085679403715e-01,5.632486457618082198e-01,-3.976882581826508556e-01,2.546349279011206335e-01,-4.491874570840010961e-01,3.644618216645638120e-01,2.449927460273635116e-01,5.625012642371214344e-01,1.000000000000000000e+00
1.788368857541534185e+09,-6.116543412208557129e-01,-1.095202565193176270e-01,9.427516162395477295e-02,6.926833987236022949e-01,-3.504280149936676025e-01,3.129808306694030762e-01,-5.775094628334045410e-01,-4.961089494163424263e-01,-7.915617608911240666e-02,1.138704509040966428e-01,5.800335698481742241e-01,-3.919661249713897178e-01,2.660791943236429091e-01,-4.655909056229496912e-01,3.644618216645638120e-01,2.449927460273635116e-01,5.625012642371214344e-01,0.000000000000000000e+00
1.788368857585215807e+09,-6.056424379348754883e-01,-1.184245049953460693e-01,8.528199046850204468e-02,7.093285918235778809e-01,-3.492888808250427246e-01,3.281749188899993896e-01,-5.954508781433105469e-01,-4.995422293430991090e-01,-8.640421149004318124e-02,1.089112687876703234e-01,5.930037384603661366e-01,-3.862439917601285799e-01,2.756160830090781388e-01,-4.770351720454719668e-01,3.477764373097546047e-01,2.545844709562518071e-01,5.679415548378917711e-01,1.000000000000000000e+00
1.788368857620833874e+09,-6.020074486732482910e-01,-1.229145973920822144e-01,8.044241368770599365e-02,7.176959514617919922e-01,-3.489955365657806396e-01,3.355729877948760986e-01,-6.047585606575012207e-01,-5.018310826276035641e-01,-8.983749141679986394e-02,1.035706111238265947e-01,6.055924315251406398e-01,-3.850995651178763524e-01,2.882047760738526421e-01,-4.900053406576638793e-01,3.477764373097546047e-01,2.545844709562518071e-01,5.679415548378917711e-01,0.000000000000000000e+00
1.788368857666877985e+09,-5.935155153274536133e-01,-1.320117563009262085e-01,7.001826912164688110e-02,7.344412207603454590e-01,-3.489971756935119629e-01,3.499523401260375977e-01,-6.239640712738037109e-01,-5.018310826276035641e-01,-9.441519798580877421e-02,9.784847791256545690e-02,6.200885023270021890e-01,-3.843366140230415340e-01,3.004119935912097361e-01,-5.083161669336995203e-01,3.318179298693165191e-01,2.658446405995704143e-01,5.722467400693501682e-01,1.000000000000000000e+00
1.788368857701632977e+09,-5.886745452880859375e-01,-1.365980505943298340e-01,6.444071233272552490e-02,7.427906990051269531e-01,-3.492851853370666504e-01,3.569203317165374756e-01,-6.338174939155578613e-01,-5.010681315327687457e-01,-1.001373311970699120e-01,9.098191805905209151e-02,6.330586709391941014e-01,-3.839551384756241248e-01,3.046082246128012372e-01,-5.186160067139695684e-01,3.318179298693165191e-01,2.658446405995704143e-01,5.722467400693501682e-01,0.000000000000000000e+00
1.788368857745476246e+09,-5.778704285621643066e-01,-1.459132879972457886e-01,5.248715728521347046e-02,7.593761086463928223e-01,-3.504686951637268066e-01,3.704026043415069580e-01,-6.539496779441833496e-01,-5.006866559853513365e-01,-1.058594644083310499e-01,8.373388265812131692e-02,6.429770351720467403e-01,-3.820477607385370789e-01,3.168154421301583312e-01,-5.304417486839092533e-01,3.171009293186694000e-01,2.788856219559024963e-01,5.758995061522045322e-01,1.000000000000000000e+00
1.788368857781894922e+09,-5.719308257102966309e-01,-1.506228148937225342e-01,4.612160846590995789e-02,7.675912380218505859e-01,-3.513657152652740479e-01,3.769066035747528076e-01,-6.641909480094909668e-01,-4.980163271534294722e-01,-1.108186465247573693e-01,7.610437170977313315e-02,6.551842526894038343e-01,-3.809033340962848513e-01,3.278782330052631977e-01,-5.468451972228578484e-01,3.171009293186694000e-01,2.788856219559024963e-01,5.758995061522045322e-01,0.000000000000000000e+00
1.788368857825863123e+09,-5.590622425079345703e-01,-1.602300107479095459e-01,3.254901617765426636e-02,7.838174700736999512e-01,-3.537977337837219238e-01,3.894297182559967041e-01,-6.849637627601623535e-01,-4.919127183947509252e-01,-1.165407797360185072e-01,6.809338521400754018e-02,6.673914702067609284e-01,-3.805218585488674421e-01,3.431372549019595652e-01,-5.621042191195542159e-01,3.037058285483605902e-01,2.933603532124033908e-01,5.792241761215923823e-01,1.000000000000000000e+00
1.788368857861508608e+09,-5.521630048751831055e-01,-1.651169210672378540e-01,2.535210177302360535e-02,7.918113470077514648e-01,-3.553302288055419922e-01,3.954402208328247070e-01,-6.954626441001892090e-01,-4.839017318989853322e-01,-1.222629129472796450e-01,5.741206988632008290e-02,6.822690165560398867e-01,-3.805218585488674421e-01,3.488593881132207031e-01,-5.766002899214157651e-01,3.037058285483605902e-01,2.933603532124033908e-01,5.792241761215923823e-01,0.000000000000000000e+00
1.788368857905969143e+09,-5.375187993049621582e-01,-1.751342564821243286e-01,1.009612716734409332e-02,8.075266480445861816e-01,-3.590372204780578613e-01,4.069403409957885742e-01,-7.166424393653869629e-01,-4.728389410238804658e-01,-1.291294728007930104e-01,4.787518120088485318e-02,6.948577096208143900e-01,-3.805218585488674421e-01,3.526741435873947950e-01,-5.945296406500357733e-01,2.901537339320423015e-01,3.076791061246934023e-01,5.825878120333912724e-01,1.000000000000000000e+00
1.788368857942040682e+09,-5.298032164573669434e-01,-1.802489906549453735e-01,2.053567674010992050e-03,8.152370452880859375e-01,-3.612055182456970215e-01,4.124204814434051514e-01,-7.272968888282775879e-01,-4.625391012436104177e-01,-1.356145571068889666e-01,3.795681696803221428e-02,7.074464026855888932e-01,-3.805218585488674421e-01,3.614480811779952063e-01,-6.109330891889843684e-01,2.901537339320423015e-01,3.076791061246934023e-01,5.825878120333912724e-01,0.000000000000000000e+00
1.788368857986362696e+09,-5.136541724205017090e-01,-1.907571256160736084e-01,-1.486213970929384232e-02,8.303518295288085938e-01,-3.661506772041320801e-01,4.228058457374572754e-01,-7.487183213233947754e-01,-4.514763103685055512e-01,-1.417181658655675136e-01,2.613107499809252943e-02,7.181277180132763505e-01,-3.816662851911196697e-01,3.778515297169438014e-01,-6.235217822537588717e-01,2.755096911569890339e-01,3.208069876343149773e-01,5.862224699638912684e-01,1.000000000000000000e+00
1.788368858022626877e+09,-5.052456855773925781e-01,-1.961302310228347778e-01,-2.370969019830226898e-02,8.377508521080017090e-01,-3.689152896404266357e-01,4.276997745037078857e-01,-7.594657540321350098e-01,-4.396505683985658663e-01,-1.478217746242460606e-01,1.392385748073543539e-02,7.276646066987115802e-01,-3.820477607385370789e-01,3.881513694972138495e-01,-6.387808041504552392e-01,2.755096911569890339e-01,3.208069876343149773e-01,5.862224699638912684e-01,0.000000000000000000e+00
1.788368858066351652e+09,-4.878009259700775146e-01,-2.068771570920944214e-01,-4.196737334132194519e-02,8.522944450378417969e-01,-3.749202489852905273e-01,4.368512034416198730e-01,-7.810882329940795898e-01,-4.282063019760435907e-01,-1.539253833829246076e-01,1.335164415960932160e-03,7.379644464789816283e-01,-3.831921873807893064e-01,3.957808804455655860e-01,-6.555657282368212435e-01,2.565165641438851285e-01,3.166792324094362399e-01,5.909365725367664579e-01,1.000000000000000000e+00
1.788368858103814363e+09,-4.787886142730712891e-01,-2.121728360652923584e-01,-5.130628496408462524e-02,8.594539165496826172e-01,-3.781250417232513428e-01,4.411043226718902588e-01,-7.919616103172302246e-01,-4.159990844586864966e-01,-1.611734187838553822e-01,-1.239795529106579863e-02,7.482642862592516764e-01,-3.877698939497982167e-01,4.003585870145744963e-01,-6.708247501335176111e-01,2.565165641438851285e-01,3.166792324094362399e-01,5.909365725367664579e-01,0.000000000000000000e+00
1.788368858148137808e+09,-4.602671861648559570e-01,-2.221900671720504761e-01,-7.005228847265243530e-02,8.736392855644226074e-01,-3.847620189189910889e-01,4.489765763282775879e-01,-8.139131665229797363e-01,-4.034103913939119934e-01,-1.680399786373687476e-01,-2.536812390325771105e-02,7.574196993972694969e-01,-3.904402227817200810e-01,4.076066224155052709e-01,-6.864652475776313878e-01,2.468809374442175741e-01,2.993173458129633202e-01,5.933281393695911676e-01,1.000000000000000000e+00
1.788368858184968233e+09,-4.507973492145538330e-01,-2.268004268407821655e-01,-7.936339080333709717e-02,8.806959986686706543e-01,-3.881427347660064697e-01,4.526093900203704834e-01,-8.249996900558471680e-01,-3.919661249713897178e-01,-1.737621118486298855e-01,-3.948271915770185103e-02,7.692454413672091817e-01,-3.915846494239723086e-01,4.209582665751145925e-01,-7.009613183794929370e-01,2.468809374442175741e-01,2.993173458129633202e-01,5.933281393695911676e-01,0.000000000000000000e+00
1.788368858233861208e+09,-4.315644800662994385e-01,-2.348832786083221436e-01,-9.754420816898345947e-02,8.948351144790649414e-01,-3.948540091514587402e-01,4.593002796173095703e-01,-8.474655151367187500e-01,-3.797589074540326237e-01,-1.802471961547258417e-01,-5.245288776989376345e-02,7.818341344319836850e-01,-3.980697337300682648e-01,4.289692530708801854e-01,-7.185091935606937597e-01,2.407324044263171314e-01,2.803471940933667250e-01,5.948542079995273735e-01,1.000000000000000000e+00
1.788368858266029596e+09,-4.218461513519287109e-01,-2.382744550704956055e-01,-1.063353940844535828e-01,9.019504189491271973e-01,-3.981373608112335205e-01,4.623784124851226807e-01,-8.588518500328063965e-01,-3.679331654840929389e-01,-1.863508049134043887e-01,-6.656748302433790343e-02,7.944228274967581882e-01,-4.015030136568249475e-01,4.312581063553846406e-01,-7.364385442893119915e-01,2.407324044263171314e-01,2.803471940933667250e-01,5.948542079995273735e-01,0.000000000000000000e+00
1.788368858315305471e+09,-4.023356735706329346e-01,-2.435766011476516724e-01,-1.230828240513801575e-01,9.163598418235778809e-01,-4.044095873832702637e-01,4.680428802967071533e-01,-8.819836378097534180e-01,-3.572518501564054816e-01,-1.924544136720829357e-01,-7.953765163652981585e-02,8.043411917296108271e-01,-4.110399023422601772e-01,4.362172884718109600e-01,-7.494087129015039039e-01,2.361144111778313570e-01,2.609214279186398144e-01,5.960003959779043292e-01,1.000000000000000000e+00
1.788368858344396591e+09,-3.925855457782745361e-01,-2.454464286565780640e-01,-1.309831291437149048e-01,9.236845374107360840e-01,-4.073598980903625488e-01,4.706477224826812744e-01,-8.937351107597351074e-01,-3.461890592813006151e-01,-1.974135957885110315e-01,-9.250782024872172826e-02,8.146410315098808752e-01,-4.171435111009387242e-01,4.392690928511502335e-01,-7.692454413672091817e-01,2.361144111778313570e-01,2.609214279186398144e-01,5.960003959779043292e-01,0.000000000000000000e+00
1.788368858388138294e+09,-3.731895983219146729e-01,-2.476235777139663696e-01,-1.457155793905258179e-01,9.386258721351623535e-01,-4.127942323684692383e-01,4.754399657249450684e-01,-9.176300764083862305e-01,-3.343633173113609303e-01,-2.027542534523547602e-01,-1.047150377660788223e-01,8.245593957427335141e-01,-4.198138399328605885e-01,4.449912260624113713e-01,-7.864118410009925952e-01,2.326380969938988685e-01,2.412447722923189153e-01,5.968632187046355453e-01,1.000000000000000000e+00
1.788368858424438715e+09,-3.635710477828979492e-01,-2.479308992624282837e-01,-1.525173932313919067e-01,9.462580680847167969e-01,-4.152530431747436523e-01,4.776403009891510010e-01,-9.297730326652526855e-01,-3.213931486991690178e-01,-2.038986800946069877e-01,-1.192111085679403715e-01,8.356221866178383806e-01,-4.240100709544520896e-01,4.503318837262551000e-01,-8.024338139925237812e-01,2.326380969938988685e-01,2.412447722923189153e-01,5.968632187046355453e-01,0.000000000000000000e+00
1.788368858468145609e+09,-3.445457220077514648e-01,-2.469830513000488281e-01,-1.648110896348953247e-01,9.618865251541137695e-01,-4.195504188537597656e-01,4.816150665283203125e-01,-9.544749259948730469e-01,-3.061341268024726503e-01,-2.042801556420243969e-01,-1.321812771801322839e-01,8.482108796826128838e-01,-4.266803997863739539e-01,4.568169680323510562e-01,-8.222705424582290590e-01,2.297499760024706017e-01,2.214692243240207747e-01,5.976290252679471449e-01,1.000000000000000000e+00
1.788368858503947973e+09,-3.351599276065826416e-01,-2.457278817892074585e-01,-1.701694726943969727e-01,9.699040651321411133e-01,-4.213354289531707764e-01,4.833585321903228760e-01,-9.670431017875671387e-01,-2.912565804531936919e-01,-2.046616311894418061e-01,-1.417181658655675136e-01,8.627069504844744330e-01,-4.316395819028002734e-01,4.602502479591077389e-01,-8.413443198290995184e-01,2.297499760024706017e-01,2.214692243240207747e-01,5.976290252679471449e-01,0.000000000000000000e+00
1.788368858547994375e+09,-3.166986703872680664e-01,-2.416550368070602417e-01,-1.790569126605987549e-01,9.863646030426025391e-01,-4.240363836288452148e-01,4.862937927246093750e-01,-9.926118254661560059e-01,-2.775234607461669611e-01,-2.050431067368592153e-01,-1.501106279087505158e-01,8.737697413595792995e-01,-4.362172884718091836e-01,4.682612344548733319e-01,-8.592736705577177503e-01,2.306792346145829231e-01,2.015045642046679464e-01,5.983698523398996993e-01,1.000000000000000000e+00
1.788368858584256172e+09,-3.076424002647399902e-01,-2.388421148061752319e-01,-1.825279295444488525e-01,9.948092103004455566e-01,-4.249125719070434570e-01,4.874807894229888916e-01,-1.005600810050964355e+00,-2.645532921339750487e-01,-2.046616311894418061e-01,-1.577401388570986995e-01,8.840695811398493476e-01,-4.411764705882355031e-01,4.728389410238822421e-01,-8.787289234760056189e-01,2.306792346145829231e-01,2.015045642046679464e-01,5.983698523398996993e-01,0.000000000000000000e+00
1.788368858630173683e+09,-2.898651659488677979e-01,-2.317605614662170410e-01,-1.874305307865142822e-01,1.012035489082336426e+00,-4.256543219089508057e-01,4.892783463001251221e-01,-1.031912088394165039e+00,-2.515831235217831363e-01,-2.046616311894418061e-01,-1.653696498054468833e-01,8.936064698252845773e-01,-4.438467994201573674e-01,4.747463187609692881e-01,-8.958953231097890324e-01,2.355410439239265241e-01,1.823992321151467477e-01,5.950010104040571735e-01,1.000000000000000000e+00
1.788368858665347099e+09,-2.811426818370819092e-01,-2.275283485651016235e-01,-1.888401657342910767e-01,1.020784854888916016e+00,-4.255023002624511719e-01,4.898934960365295410e-01,-1.045201420783996582e+00,-2.389944304570086331e-01,-2.035172045471895785e-01,-1.718547341115428395e-01,9.042877851529720346e-01,-4.461356527046618226e-01,4.751277943083866973e-01,-9.168764782177465378e-01,2.355410439239265241e-01,1.823992321151467477e-01,5.950010104040571735e-01,0.000000000000000000e+00
1.788368858710063696e+09,-2.638933360576629639e-01,-2.177793383598327637e-01,-1.895761042833328247e-01,1.038357257843017578e+00,-4.241647720336914062e-01,4.905701577663421631e-01,-1.071948051452636719e+00,-2.271686884870689482e-01,-2.016098268101025326e-01,-1.764324406805517498e-01,9.161135271229117194e-01,-4.503318837262533236e-01,4.755092698558041064e-01,-9.328984512092777237e-01,2.424271188307845770e-01,1.702508890136553987e-01,5.806831986904751330e-01,1.000000000000000000e+00
1.788368858745350599e+09,-2.553334832191467285e-01,-2.122948765754699707e-01,-1.889024078845977783e-01,1.047116756439208984e+00,-4.229793548583984375e-01,4.906417727470397949e-01,-1.085364103317260742e+00,-2.157244220645466726e-01,-1.981765468833458499e-01,-1.791027695124736141e-01,9.294651712825210410e-01,-4.507133592736707328e-01,4.758907454032215156e-01,-9.550240329594874567e-01,2.424271188307845770e-01,1.702508890136553987e-01,5.806831986904751330e-01,0.000000000000000000e+00
1.788368858790287256e+09,-2.381100207567214966e-01,-2.001701742410659790e-01,-1.854716688394546509e-01,1.064360857009887695e+00,-4.195824265480041504e-01,4.903613626956939697e-01,-1.112196564674377441e+00,-2.035172045471895785e-01,-1.947432669565873908e-01,-1.791027695124736141e-01,9.435797665369651810e-01,-4.510948348210881420e-01,4.758907454032215156e-01,-9.744792858777753253e-01,2.404613708118724380e-01,1.639351939023858673e-01,5.618086700874178607e-01,1.000000000000000000e+00
1.788368858825293064e+09,-2.293912917375564575e-01,-1.935608386993408203e-01,-1.827146410942077637e-01,1.072773694992065430e+00,-4.173716008663177490e-01,4.900422692298889160e-01,-1.125573039054870605e+00,-1.928358892195003449e-01,-1.882581826504914346e-01,-1.791027695124736141e-01,9.569314106965745026e-01,-4.510948348210881420e-01,4.762722209506389248e-01,-9.969863431754024674e-01,2.404613708118724380e-01,1.639351939023858673e-01,5.618086700874178607e-01,0.000000000000000000e+00
1.788368858869967461e+09,-2.115094065666198730e-01,-1.793449074029922485e-01,-1.751172393560409546e-01,1.088927626609802246e+00,-4.119257330894470215e-01,4.889907538890838623e-01,-1.152133345603942871e+00,-1.829175249866477060e-01,-1.806286717021432509e-01,-1.791027695124736141e-01,9.695201037613490058e-01,-4.507133592736707328e-01,4.762722209506389248e-01,-1.018348973830777382e+00,2.366028725173772163e-01,1.570414856744412335e-01,5.434350809503073476e-01,1.000000000000000000e+00
1.788368858905858994e+09,-2.022898346185684204e-01,-1.717769503593444824e-01,-1.702768802642822266e-01,1.096579313278198242e+00,-4.086903631687164307e-01,4.882528483867645264e-01,-1.165263056755065918e+00,-1.718547341115428395e-01,-1.695658808270383844e-01,-1.791027695124736141e-01,9.828717479209583274e-01,-4.503318837262533236e-01,4.762722209506389248e-01,-1.040093080033569706e+00,2.366028725173772163e-01,1.570414856744412335e-01,5.434350809503073476e-01,0.000000000000000000e+00
1.788368858950057030e+09,-1.830921918153762817e-01,-1.558451056480407715e-01,-1.585128158330917358e-01,1.110735535621643066e+00,-4.012046456336975098e-01,4.862985014915466309e-01,-1.191061258316040039e+00,-1.607919432364379730e-01,-1.581216144045161087e-01,-1.787212939650562049e-01,9.969863431754024674e-01,-4.499504081788359144e-01,4.758907454032215156e-01,-1.059548332951857574e+00,2.339886077615226379e-01,1.502825859233068440e-01,5.247941878939000881e-01,1.000000000000000000e+00
1.788368858985595942e+09,-1.730678826570510864e-01,-1.475336104631423950e-01,-1.515891253948211670e-01,1.117131590843200684e+00,-3.969549238681793213e-01,4.850801825523376465e-01,-1.203657269477844238e+00,-1.478217746242460606e-01,-1.470588235294112422e-01,-1.756694895857169314e-01,1.011482413977264017e+00,-4.499504081788359144e-01,4.762722209506389248e-01,-1.080148012512397671e+00,2.339886077615226379e-01,1.502825859233068440e-01,5.247941878939000881e-01,0.000000000000000000e+00
