# t,q1,q2,q3,q4,q5,q6,q7,a0,a1,a2,a3,a4,a5,a6,a7,a8,a9,a10,a11,a12,a13,a14,a15,a16,a17,a18,a19,a20,syn_close
1.788381221186432838e+09,3.714109212160110474e-02,4.001583158969879150e-01,6.011263132095336914e-01,9.639766216278076172e-01,2.897461131215095520e-02,7.055141329765319824e-01,4.215781092643737793e-01,-1.000000000000000000e+00,-1.000000000000000000e+00,-1.000000000000000000e+00,-1.000000000000000000e+00,1.000000000000000000e+00,-1.000000000000000000e+00,1.000000000000000000e+00,1.000000000000000000e+00,1.000000000000000000e+00,1.000000000000000000e+00,-1.000000000000000000e+00,8.517366051673889160e-01,-8.446628600358963013e-02,-1.000000000000000000e+00,1.000000000000000000e+00,-1.000000000000000000e+00,-7.523528337478637695e-01,1.000000000000000000e+00,1.000000000000000000e+00,1.000000000000000000e+00,1.000000000000000000e+00,0.000000000000000000e+00
1.788381221193438292e+09,3.466999158263206482e-02,3.970333039760589600e-01,5.998429059982299805e-01,9.629939198493957520e-01,2.766062505543231964e-02,7.040793299674987793e-01,4.223864972591400146e-01,7.048457264900207520e-01,-1.000000000000000000e+00,-1.000000000000000000e+00,1.000000000000000000e+00,1.000000000000000000e+00,-1.000000000000000000e+00,1.000000000000000000e+00,1.000000000000000000e+00,1.000000000000000000e+00,1.000000000000000000e+00,-1.000000000000000000e+00,1.000000000000000000e+00,-1.000000000000000000e+00,-1.000000000000000000e+00,1.000000000000000000e+00,-1.000000000000000000e+00,7.842832058668136597e-02,1.000000000000000000e+00,-1.000000000000000000e+00,4.884462952613830566e-01,1.000000000000000000e+00,0.000000000000000000e+00
1.788381221244264841e+09,3.088999353349208832e-02,3.918249607086181641e-01,5.973637104034423828e-01,9.613547921180725098e-01,2.539615705609321594e-02,7.017508149147033691e-01,4.236723482608795166e-01,7.576239109039306641e-01,-1.000000000000000000e+00,-1.000000000000000000e+00,1.000000000000000000e+00,1.000000000000000000e+00,-1.000000000000000000e+00,1.000000000000000000e+00,1.000000000000000000e+00,1.000000000000000000e+00,1.000000000000000000e+00,-1.000000000000000000e+00,1.000000000000000000e+00,-1.000000000000000000e+00,-1.000000000000000000e+00,1.000000000000000000e+00,-1.000000000000000000e+00,4.364449679851531982e-01,1.000000000000000000e+00,-1.000000000000000000e+00,2.508960962295532227e-01,1.000000000000000000e+00,0.000000000000000000e+00
1.788381221294056892e+09,2.623106725513935089e-02,3.845332860946655273e-01,5.934216380119323730e-01,9.591442346572875977e-01,2.212383970618247986e-02,6.985873579978942871e-01,4.254117310047149658e-01,6.205567717552185059e-01,-1.000000000000000000e+00,-4.029436707496643066e-01,1.000000000000000000e+00,1.000000000000000000e+00,-1.000000000000000000e+00,1.000000000000000000e+00,1.000000000000000000e+00,1.000000000000000000e+00,1.000000000000000000e+00,-1.000000000000000000e+00,1.000000000000000000e+00,-1.000000000000000000e+00,-1.000000000000000000e+00,1.000000000000000000e+00,-1.000000000000000000e+00,6.385527849197387695e-01,1.000000000000000000e+00,-1.000000000000000000e+00,3.774520754814147949e-01,1.000000000000000000e+00,0.000000000000000000e+00
1.788381221350858212e+09,2.122666127979755402e-02,3.751582801342010498e-01,5.876902341842651367e-01,9.565209150314331055e-01,1.776092313230037689e-02,6.946343779563903809e-01,4.276179075241088867e-01,5.111167430877685547e-01,-1.000000000000000000e+00,-4.124365746974945068e-01,1.000000000000000000e+00,1.000000000000000000e+00,-1.000000000000000000e+00,1.000000000000000000e+00,1.000000000000000000e+00,1.000000000000000000e+00,1.000000000000000000e+00,-1.000000000000000000e+00,1.000000000000000000e+00,-1.000000000000000000e+00,-1.000000000000000000e+00,1.000000000000000000e+00,-1.000000000000000000e+00,5.664555430412292480e-01,1.000000000000000000e+00,-1.000000000000000000e+00,9.105243682861328125e-01,1.000000000000000000e+00,0.000000000000000000e+00
1.788381221402575254e+09,1.658009178936481476e-02,3.636999428272247314e-01,5.797449350357055664e-01,9.536137580871582031e-01,1.218299847096204758e-02,6.899173855781555176e-01,4.302771091461181641e-01,5.582268238067626953e-01,-1.000000000000000000e+00,-7.420480251312255859e-01,1.000000000000000000e+00,1.000000000000000000e+00,-1.000000000000000000e+00,1.000000000000000000e+00,1.000000000000000000e+00,1.000000000000000000e+00,1.000000000000000000e+00,-1.000000000000000000e+00,1.000000000000000000e+00,-1.000000000000000000e+00,-1.000000000000000000e+00,1.000000000000000000e+00,-1.000000000000000000e+00,3.428792059421539307e-01,1.000000000000000000e+00,-1.000000000000000000e+00,1.000000000000000000e+00,1.000000000000000000e+00,0.000000000000000000e+00
1.788381221444404840e+09,1.309864316135644913e-02,3.502590060234069824e-01,5.691829323768615723e-01,9.504055976867675781e-01,5.271269939839839935e-03,6.844636797904968262e-01,4.332786798477172852e-01,5.177590250968933105e-01,-1.000000000000000000e+00,-1.000000000000000000e+00,1.000000000000000000e+00,1.000000000000000000e+00,-1.000000000000000000e+00,1.000000000000000000e+00,1.000000000000000000e+00,1.000000000000000000e+00,1.000000000000000000e+00,-1.000000000000000000e+00,1.000000000000000000e+00,-1.000000000000000000e+00,-1.000000000000000000e+00,1.000000000000000000e+00,-1.000000000000000000e+00,8.726891130208969116e-02,1.000000000000000000e+00,-1.000000000000000000e+00,1.000000000000000000e+00,1.000000000000000000e+00,0.000000000000000000e+00
1.788381221496375561e+09,1.144397631287574768e-02,3.352507650852203369e-01,5.559782981872558594e-01,9.467770457267761230e-01,-2.929758047685027122e-03,6.783676743507385254e-01,4.364045262336730957e-01,4.710604548454284668e-01,-1.000000000000000000e+00,-1.000000000000000000e+00,1.000000000000000000e+00,1.000000000000000000e+00,-1.000000000000000000e+00,1.000000000000000000e+00,1.000000000000000000e+00,1.000000000000000000e+00,1.000000000000000000e+00,-1.000000000000000000e+00,1.000000000000000000e+00,-1.000000000000000000e+00,-1.000000000000000000e+00,1.000000000000000000e+00,-1.000000000000000000e+00,5.279665440320968628e-02,1.000000000000000000e+00,-1.000000000000000000e+00,1.000000000000000000e+00,1.000000000000000000e+00,0.000000000000000000e+00
1.788381221544939518e+09,1.187264267355203629e-02,3.193316459655761719e-01,5.405728220939636230e-01,9.426532983779907227e-01,-1.218257751315832138e-02,6.717959046363830566e-01,4.394474625587463379e-01,4.693987369537353516e-01,-1.000000000000000000e+00,-1.000000000000000000e+00,1.000000000000000000e+00,1.000000000000000000e+00,-1.000000000000000000e+00,1.000000000000000000e+00,1.000000000000000000e+00,1.000000000000000000e+00,1.000000000000000000e+00,-1.000000000000000000e+00,1.000000000000000000e+00,-1.000000000000000000e+00,-1.000000000000000000e+00,1.000000000000000000e+00,-1.000000000000000000e+00,-1.019907370209693909e-01,1.000000000000000000e+00,-1.000000000000000000e+00,1.000000000000000000e+00,1.000000000000000000e+00,0.000000000000000000e+00
1.788381221595862627e+09,1.432106643915176392e-02,3.030754029750823975e-01,5.234292149543762207e-01,9.380390644073486328e-01,-2.229080162942409515e-02,6.649169325828552246e-01,4.423788189888000488e-01,4.559903144836425781e-01,-1.000000000000000000e+00,-1.000000000000000000e+00,1.000000000000000000e+00,1.000000000000000000e+00,-1.000000000000000000e+00,1.000000000000000000e+00,1.000000000000000000e+00,1.000000000000000000e+00,1.000000000000000000e+00,-1.000000000000000000e+00,1.000000000000000000e+00,-1.000000000000000000e+00,-1.000000000000000000e+00,1.000000000000000000e+00,-1.000000000000000000e+00,-2.548662126064300537e-01,1.000000000000000000e+00,-1.000000000000000000e+00,1.000000000000000000e+00,1.000000000000000000e+00,0.000000000000000000e+00
1.788381221647003651e+09,1.859281398355960846e-02,2.869484424591064453e-01,5.049217939376831055e-01,9.329868555068969727e-01,-3.312911465764045715e-02,6.578873395919799805e-01,4.452874362468719482e-01,4.495376348495483398e-01,-1.000000000000000000e+00,-1.000000000000000000e+00,1.000000000000000000e+00,1.000000000000000000e+00,-1.000000000000000000e+00,1.000000000000000000e+00,1.000000000000000000e+00,1.000000000000000000e+00,1.000000000000000000e+00,-1.000000000000000000e+00,1.000000000000000000e+00,-1.000000000000000000e+00,-1.000000000000000000e+00,1.000000000000000000e+00,-1.000000000000000000e+00,-4.355856478214263916e-01,1.000000000000000000e+00,-1.000000000000000000e+00,1.000000000000000000e+00,1.000000000000000000e+00,0.000000000000000000e+00
1.788381221695196390e+09,2.451902069151401520e-02,2.714037001132965088e-01,4.854576885700225830e-01,9.275742769241333008e-01,-4.454459995031356812e-02,6.508553624153137207e-01,4.482203423976898193e-01,4.949066340923309326e-01,-1.000000000000000000e+00,-1.000000000000000000e+00,1.000000000000000000e+00,1.000000000000000000e+00,-1.000000000000000000e+00,1.000000000000000000e+00,1.000000000000000000e+00,1.000000000000000000e+00,1.000000000000000000e+00,-1.000000000000000000e+00,1.000000000000000000e+00,-1.000000000000000000e+00,-1.000000000000000000e+00,1.000000000000000000e+00,-1.000000000000000000e+00,-5.084481835365295410e-01,1.000000000000000000e+00,-1.000000000000000000e+00,1.000000000000000000e+00,1.000000000000000000e+00,0.000000000000000000e+00
1.788381221745175362e+09,3.188936784863471985e-02,2.568350136280059814e-01,4.654059708118438721e-01,9.218801856040954590e-01,-5.640330165624618530e-02,6.439640522003173828e-01,4.512377679347991943e-01,4.693900048732757568e-01,-1.000000000000000000e+00,-1.000000000000000000e+00,1.000000000000000000e+00,1.000000000000000000e+00,-1.000000000000000000e+00,1.000000000000000000e+00,1.000000000000000000e+00,1.000000000000000000e+00,1.000000000000000000e+00,-1.000000000000000000e+00,1.000000000000000000e+00,-1.000000000000000000e+00,-1.000000000000000000e+00,1.000000000000000000e+00,-1.000000000000000000e+00,-5.950822830200195312e-01,1.000000000000000000e+00,-1.000000000000000000e+00,1.000000000000000000e+00,1.000000000000000000e+00,0.000000000000000000e+00
1.788381221796455622e+09,4.039294645190238953e-02,2.435683757066726685e-01,4.451013207435607910e-01,9.159828424453735352e-01,-6.859213113784790039e-02,6.373602151870727539e-01,4.544337689876556396e-01,4.588842093944549561e-01,-1.000000000000000000e+00,-1.000000000000000000e+00,1.000000000000000000e+00,1.000000000000000000e+00,-1.000000000000000000e+00,1.000000000000000000e+00,1.000000000000000000e+00,1.000000000000000000e+00,1.000000000000000000e+00,-1.000000000000000000e+00,1.000000000000000000e+00,-1.000000000000000000e+00,-1.000000000000000000e+00,1.000000000000000000e+00,-1.000000000000000000e+00,-6.794850230216979980e-01,1.000000000000000000e+00,-1.000000000000000000e+00,1.000000000000000000e+00,1.000000000000000000e+00,0.000000000000000000e+00
1.788381221844883204e+09,5.016602948307991028e-02,2.318214923143386841e-01,4.249654412269592285e-01,9.099305868148803711e-01,-8.096195757389068604e-02,6.308049559593200684e-01,4.577086269855499268e-01,8.189433813095092773e-01,-1.000000000000000000e+00,-1.000000000000000000e+00,6.057618856430053711e-01,1.000000000000000000e+00,-1.000000000000000000e+00,1.000000000000000000e+00,1.000000000000000000e+00,1.000000000000000000e+00,1.000000000000000000e+00,-1.000000000000000000e+00,1.000000000000000000e+00,-1.000000000000000000e+00,-1.000000000000000000e+00,1.000000000000000000e+00,-1.000000000000000000e+00,-1.000000000000000000e+00,1.000000000000000000e+00,-1.000000000000000000e+00,1.000000000000000000e+00,1.000000000000000000e+00,0.000000000000000000e+00
1.788381221895526648e+09,6.132255122065544128e-02,2.216995656490325928e-01,4.055244028568267822e-01,9.037196636199951172e-01,-9.335660934448242188e-02,6.237710714340209961e-01,4.609389007091522217e-01,6.608603000640869141e-01,-1.000000000000000000e+00,-1.000000000000000000e+00,8.886750787496566772e-02,1.000000000000000000e+00,-1.000000000000000000e+00,1.000000000000000000e+00,1.000000000000000000e+00,1.000000000000000000e+00,1.000000000000000000e+00,-1.000000000000000000e+00,1.000000000000000000e+00,-1.000000000000000000e+00,-1.000000000000000000e+00,1.000000000000000000e+00,-1.000000000000000000e+00,-1.000000000000000000e+00,1.000000000000000000e+00,-1.000000000000000000e+00,1.000000000000000000e+00,1.000000000000000000e+00,0.000000000000000000e+00
1.788381221945007563e+09,7.326248288154602051e-02,2.132903784513473511e-01,3.872944712638854980e-01,8.973132371902465820e-01,-1.056847572326660156e-01,6.158587336540222168e-01,4.642570316791534424e-01,5.208953619003295898e-01,-1.000000000000000000e+00,-1.000000000000000000e+00,1.450733989477157593e-01,1.000000000000000000e+00,-1.000000000000000000e+00,1.000000000000000000e+00,1.000000000000000000e+00,1.000000000000000000e+00,1.000000000000000000e+00,-1.000000000000000000e+00,1.000000000000000000e+00,-1.000000000000000000e+00,-1.000000000000000000e+00,1.000000000000000000e+00,-1.000000000000000000e+00,-1.000000000000000000e+00,1.000000000000000000e+00,-1.000000000000000000e+00,1.000000000000000000e+00,1.000000000000000000e+00,0.000000000000000000e+00
1.788381221995936155e+09,8.496709167957305908e-02,2.066904157400131226e-01,3.707838654518127441e-01,8.906608819961547852e-01,-1.178825125098228455e-01,6.067407727241516113e-01,4.679288268089294434e-01,1.747087575495243073e-02,-1.000000000000000000e+00,-1.000000000000000000e+00,-4.921346306800842285e-01,1.000000000000000000e+00,-1.000000000000000000e+00,1.000000000000000000e+00,1.000000000000000000e+00,1.000000000000000000e+00,1.000000000000000000e+00,-1.000000000000000000e+00,1.000000000000000000e+00,-1.000000000000000000e+00,-1.000000000000000000e+00,1.000000000000000000e+00,-1.000000000000000000e+00,-1.000000000000000000e+00,1.000000000000000000e+00,-1.000000000000000000e+00,1.000000000000000000e+00,1.000000000000000000e+00,3.569288134515210490e-03
1.788381222044867516e+09,9.531315416097640991e-02,2.019677162170410156e-01,3.564510643482208252e-01,8.837382793426513672e-01,-1.298663914203643799e-01,5.961766242980957031e-01,4.722253978252410889e-01,1.219989880919456482e-01,-1.000000000000000000e+00,-1.000000000000000000e+00,-1.647950261831283569e-01,1.000000000000000000e+00,-1.000000000000000000e+00,1.000000000000000000e+00,1.000000000000000000e+00,1.000000000000000000e+00,1.000000000000000000e+00,-1.000000000000000000e+00,1.000000000000000000e+00,-1.000000000000000000e+00,-1.000000000000000000e+00,1.000000000000000000e+00,-1.000000000000000000e+00,-1.000000000000000000e+00,1.000000000000000000e+00,-1.000000000000000000e+00,1.000000000000000000e+00,1.000000000000000000e+00,7.138576269030420980e-03
1.788381222095012665e+09,1.039082333445549011e-01,1.990578174591064453e-01,3.445357680320739746e-01,8.765559196472167969e-01,-1.415273249149322510e-01,5.839898586273193359e-01,4.771700203418731689e-01,1.606206297874450684e-01,-1.000000000000000000e+00,-1.000000000000000000e+00,-5.466024875640869141e-01,1.000000000000000000e+00,-1.000000000000000000e+00,1.000000000000000000e+00,1.000000000000000000e+00,1.000000000000000000e+00,1.000000000000000000e+00,-1.000000000000000000e+00,9.074299335479736328e-01,-1.000000000000000000e+00,-1.000000000000000000e+00,1.000000000000000000e+00,-1.000000000000000000e+00,-1.000000000000000000e+00,1.000000000000000000e+00,-1.000000000000000000e+00,1.000000000000000000e+00,1.000000000000000000e+00,1.070786440354563537e-02
1.788381222145290613e+09,1.108880117535591125e-01,1.977769583463668823e-01,3.350867331027984619e-01,8.691325783729553223e-01,-1.527534872293472290e-01,5.700682401657104492e-01,4.826223850250244141e-01,1.332434862852096558e-01,-1.000000000000000000e+00,-1.000000000000000000e+00,-4.954422116279602051e-01,1.000000000000000000e+00,-1.000000000000000000e+00,1.000000000000000000e+00,1.000000000000000000e+00,1.000000000000000000e+00,1.000000000000000000e+00,-1.000000000000000000e+00,7.716206908226013184e-01,-1.000000000000000000e+00,-1.000000000000000000e+00,1.000000000000000000e+00,-1.000000000000000000e+00,-1.000000000000000000e+00,1.000000000000000000e+00,-1.000000000000000000e+00,1.000000000000000000e+00,1.000000000000000000e+00,1.427715253806084196e-02
1.788381222195183039e+09,1.160097420215606689e-01,1.978755891323089600e-01,3.280371129512786865e-01,8.614970445632934570e-01,-1.634658277034759521e-01,5.544853806495666504e-01,4.885727763175964355e-01,-2.562834136188030243e-02,-1.000000000000000000e+00,-1.000000000000000000e+00,-5.248784422874450684e-01,1.000000000000000000e+00,-1.000000000000000000e+00,1.000000000000000000e+00,1.000000000000000000e+00,1.000000000000000000e+00,1.000000000000000000e+00,-1.000000000000000000e+00,5.463326573371887207e-01,-1.000000000000000000e+00,-1.000000000000000000e+00,1.000000000000000000e+00,-1.000000000000000000e+00,-1.000000000000000000e+00,1.000000000000000000e+00,-1.000000000000000000e+00,1.000000000000000000e+00,1.000000000000000000e+00,1.927715253806084467e-02
1.788381222246102333e+09,1.190481334924697876e-01,1.990003734827041626e-01,3.232256174087524414e-01,8.536893725395202637e-01,-1.736151725053787231e-01,5.374124646186828613e-01,4.950284659862518311e-01,-1.186894625425338745e-01,-1.000000000000000000e+00,-1.000000000000000000e+00,-4.951500892639160156e-01,1.000000000000000000e+00,-1.000000000000000000e+00,1.000000000000000000e+00,1.000000000000000000e+00,1.000000000000000000e+00,1.000000000000000000e+00,-1.000000000000000000e+00,2.715922296047210693e-01,-1.000000000000000000e+00,-1.000000000000000000e+00,1.000000000000000000e+00,-1.000000000000000000e+00,-1.000000000000000000e+00,1.000000000000000000e+00,-1.000000000000000000e+00,1.000000000000000000e+00,1.000000000000000000e+00,2.427715253806084564e-02
1.788381222295557976e+09,1.200308799743652344e-01,2.008927166461944580e-01,3.206957876682281494e-01,8.457168936729431152e-01,-1.830813586711883545e-01,5.187880992889404297e-01,5.019201636314392090e-01,-1.064750328660011292e-01,-1.000000000000000000e+00,-1.000000000000000000e+00,-5.792254805564880371e-01,1.000000000000000000e+00,-1.000000000000000000e+00,1.000000000000000000e+00,1.000000000000000000e+00,1.000000000000000000e+00,1.000000000000000000e+00,-1.000000000000000000e+00,-1.177782937884330750e-02,-1.000000000000000000e+00,-1.000000000000000000e+00,1.000000000000000000e+00,-1.000000000000000000e+00,-1.000000000000000000e+00,1.000000000000000000e+00,-1.000000000000000000e+00,2.378042191267013550e-01,1.000000000000000000e+00,2.927715253806085008e-02
1.788381222345366478e+09,1.197252646088600159e-01,2.033435106277465820e-01,3.201536536216735840e-01,8.376009464263916016e-01,-1.918460279703140259e-01,4.987628757953643799e-01,5.091180801391601562e-01,5.813137888908386230e-01,-1.000000000000000000e+00,-1.000000000000000000e+00,5.976968407630920410e-01,1.000000000000000000e+00,-1.000000000000000000e+00,1.000000000000000000e+00,1.000000000000000000e+00,1.000000000000000000e+00,1.000000000000000000e+00,-1.000000000000000000e+00,-6.468005478382110596e-02,-1.000000000000000000e+00,-1.000000000000000000e+00,1.000000000000000000e+00,-1.000000000000000000e+00,-1.000000000000000000e+00,1.000000000000000000e+00,-1.000000000000000000e+00,-6.010193228721618652e-01,1.000000000000000000e+00,3.427715253806085105e-02
1.788381222396502733e+09,1.194950640201568604e-01,2.060251086950302124e-01,3.208980560302734375e-01,8.294127583503723145e-01,-2.000036388635635376e-01,4.777502417564392090e-01,5.163841843605041504e-01,3.755193650722503662e-01,-1.000000000000000000e+00,-1.000000000000000000e+00,-4.265745878219604492e-01,1.000000000000000000e+00,-1.000000000000000000e+00,1.000000000000000000e+00,1.000000000000000000e+00,1.000000000000000000e+00,1.000000000000000000e+00,-1.000000000000000000e+00,-3.619801253080368042e-03,-1.000000000000000000e+00,-1.000000000000000000e+00,1.000000000000000000e+00,-1.000000000000000000e+00,-1.000000000000000000e+00,1.000000000000000000e+00,-1.000000000000000000e+00,2.077519744634628296e-01,1.000000000000000000e+00,3.927715253806084855e-02
1.788381222445768118e+09,1.195882186293601990e-01,2.087117433547973633e-01,3.224124312400817871e-01,8.212373852729797363e-01,-2.076429128646850586e-01,4.561979472637176514e-01,5.238121151924133301e-01,1.448455303907394409e-01,-1.000000000000000000e+00,-1.000000000000000000e+00,2.742547392845153809e-01,1.000000000000000000e+00,-1.000000000000000000e+00,1.000000000000000000e+00,1.000000000000000000e+00,1.000000000000000000e+00,1.000000000000000000e+00,-1.000000000000000000e+00,-2.431094497442245483e-01,-1.000000000000000000e+00,-1.000000000000000000e+00,1.000000000000000000e+00,-1.000000000000000000e+00,-1.000000000000000000e+00,1.000000000000000000e+00,-1.000000000000000000e+00,-3.984064459800720215e-01,1.000000000000000000e+00,4.427715253806085299e-02
1.788381222499957800e+09,1.197141781449317932e-01,2.112454921007156372e-01,3.242754936218261719e-01,8.131495714187622070e-01,-2.148755639791488647e-01,4.345915913581848145e-01,5.316735506057739258e-01,1.532781869173049927e-01,-1.000000000000000000e+00,-1.000000000000000000e+00,-2.297386527061462402e-01,1.000000000000000000e+00,-1.000000000000000000e+00,1.000000000000000000e+00,1.000000000000000000e+00,9.643577933311462402e-01,1.000000000000000000e+00,-1.000000000000000000e+00,-5.010408163070678711e-01,-1.000000000000000000e+00,-1.000000000000000000e+00,1.000000000000000000e+00,-1.000000000000000000e+00,-1.000000000000000000e+00,1.000000000000000000e+00,-1.000000000000000000e+00,-1.000000000000000000e+00,1.000000000000000000e+00,4.713429539520370970e-02
1.788381222550020933e+09,1.205492094159126282e-01,2.133981734514236450e-01,3.259659409523010254e-01,8.052315711975097656e-01,-2.218132764101028442e-01,4.133885502815246582e-01,5.398593544960021973e-01,6.107187867164611816e-01,-1.000000000000000000e+00,-1.000000000000000000e+00,9.039779305458068848e-01,1.000000000000000000e+00,-1.000000000000000000e+00,1.000000000000000000e+00,1.000000000000000000e+00,1.000000000000000000e+00,1.000000000000000000e+00,-1.000000000000000000e+00,4.416162893176078796e-02,-1.000000000000000000e+00,-1.000000000000000000e+00,1.000000000000000000e+00,-1.000000000000000000e+00,-1.000000000000000000e+00,1.000000000000000000e+00,-1.000000000000000000e+00,3.809426724910736084e-02,1.000000000000000000e+00,5.213429539520370720e-02
1.788381222598717213e+09,1.228610873222351074e-01,2.149879485368728638e-01,3.269544243812561035e-01,7.975715398788452148e-01,-2.285855412483215332e-01,3.930804729461669922e-01,5.481929779052734375e-01,4.525585174560546875e-01,-1.000000000000000000e+00,-1.000000000000000000e+00,2.875540219247341156e-02,1.000000000000000000e+00,-1.000000000000000000e+00,1.000000000000000000e+00,1.000000000000000000e+00,1.000000000000000000e+00,1.000000000000000000e+00,-1.000000000000000000e+00,-1.465488225221633911e-01,-1.000000000000000000e+00,-1.000000000000000000e+00,1.000000000000000000e+00,-1.000000000000000000e+00,-1.000000000000000000e+00,1.000000000000000000e+00,-1.000000000000000000e+00,5.359934270381927490e-02,1.000000000000000000e+00,5.713429539520371164e-02
1.788381222651187658e+09,1.265907883644104004e-01,2.159571200609207153e-01,3.269064426422119141e-01,7.902026772499084473e-01,-2.353158593177795410e-01,3.740791976451873779e-01,5.567363500595092773e-01,4.137237966060638428e-01,-1.000000000000000000e+00,-1.000000000000000000e+00,6.190754771232604980e-01,1.000000000000000000e+00,-1.000000000000000000e+00,1.000000000000000000e+00,1.000000000000000000e+00,1.000000000000000000e+00,1.000000000000000000e+00,-1.000000000000000000e+00,-3.309918344020843506e-01,-1.000000000000000000e+00,-1.000000000000000000e+00,1.000000000000000000e+00,-1.000000000000000000e+00,-1.000000000000000000e+00,1.000000000000000000e+00,-1.000000000000000000e+00,-4.616266489028930664e-01,1.000000000000000000e+00,6.213429539520370914e-02
1.788381222697861433e+09,1.313947141170501709e-01,2.162757515907287598e-01,3.257966339588165283e-01,7.830688953399658203e-01,-2.420489490032196045e-01,3.564483821392059326e-01,5.655545592308044434e-01,4.194960892200469971e-01,-1.000000000000000000e+00,-1.000000000000000000e+00,1.052478626370429993e-01,1.000000000000000000e+00,-1.000000000000000000e+00,1.000000000000000000e+00,1.000000000000000000e+00,8.780097365379333496e-01,1.000000000000000000e+00,-1.000000000000000000e+00,-3.973419964313507080e-01,-1.000000000000000000e+00,-1.000000000000000000e+00,1.000000000000000000e+00,-1.000000000000000000e+00,-1.000000000000000000e+00,1.000000000000000000e+00,-1.000000000000000000e+00,-6.632799506187438965e-01,1.000000000000000000e+00,6.499143825234657279e-02
1.788381222747689009e+09,1.375097930431365967e-01,2.160850316286087036e-01,3.235345780849456787e-01,7.761205434799194336e-01,-2.487921416759490967e-01,3.402601778507232666e-01,5.744304656982421875e-01,6.759899854660034180e-01,-1.000000000000000000e+00,-1.000000000000000000e+00,5.171658992767333984e-01,1.000000000000000000e+00,-1.000000000000000000e+00,1.000000000000000000e+00,1.000000000000000000e+00,1.000000000000000000e+00,1.000000000000000000e+00,-1.000000000000000000e+00,8.417345583438873291e-02,-1.000000000000000000e+00,-1.000000000000000000e+00,1.000000000000000000e+00,-1.000000000000000000e+00,-1.000000000000000000e+00,1.000000000000000000e+00,-1.000000000000000000e+00,2.490640729665756226e-01,1.000000000000000000e+00,6.999143825234657723e-02
1.788381222797642469e+09,1.446341872215270996e-01,2.155801206827163696e-01,3.200560808181762695e-01,7.692577242851257324e-01,-2.555744349956512451e-01,3.256256282329559326e-01,5.833921432495117188e-01,4.357213079929351807e-01,-1.000000000000000000e+00,-1.000000000000000000e+00,2.331688404083251953e-01,1.000000000000000000e+00,-1.000000000000000000e+00,1.000000000000000000e+00,1.000000000000000000e+00,1.000000000000000000e+00,1.000000000000000000e+00,-1.000000000000000000e+00,-7.054477930068969727e-02,-1.000000000000000000e+00,-1.000000000000000000e+00,1.000000000000000000e+00,-1.000000000000000000e+00,-1.000000000000000000e+00,1.000000000000000000e+00,-1.000000000000000000e+00,7.977341115474700928e-02,1.000000000000000000e+00,7.499143825234656779e-02
1.788381222847913504e+09,1.520341485738754272e-01,2.148246169090270996e-01,3.154496252536773682e-01,7.623565793037414551e-01,-2.624341249465942383e-01,3.125766813755035400e-01,5.926433205604553223e-01,4.494388997554779053e-01,-1.000000000000000000e+00,-1.000000000000000000e+00,4.498541057109832764e-01,1.000000000000000000e+00,-1.000000000000000000e+00,1.000000000000000000e+00,1.000000000000000000e+00,1.000000000000000000e+00,1.000000000000000000e+00,-1.000000000000000000e+00,-2.342693358659744263e-01,-1.000000000000000000e+00,-1.000000000000000000e+00,1.000000000000000000e+00,-1.000000000000000000e+00,-1.000000000000000000e+00,1.000000000000000000e+00,-1.000000000000000000e+00,-4.554093480110168457e-01,1.000000000000000000e+00,7.999143825234657224e-02
1.788381222898040533e+09,1.596935689449310303e-01,2.138620615005493164e-01,3.098435401916503906e-01,7.553418278694152832e-01,-2.693550586700439453e-01,3.010119497776031494e-01,6.020472645759582520e-01,5.138248205184936523e-01,-1.000000000000000000e+00,-1.000000000000000000e+00,2.923171818256378174e-01,1.000000000000000000e+00,-1.000000000000000000e+00,1.000000000000000000e+00,1.000000000000000000e+00,1.000000000000000000e+00,1.000000000000000000e+00,-1.000000000000000000e+00,2.281547635793685913e-01,-1.000000000000000000e+00,-1.000000000000000000e+00,1.000000000000000000e+00,-1.000000000000000000e+00,-1.000000000000000000e+00,1.000000000000000000e+00,-1.000000000000000000e+00,7.539198994636535645e-01,1.000000000000000000e+00,8.499143825234657668e-02
1.788381222948267698e+09,1.676232516765594482e-01,2.127239406108856201e-01,3.035269081592559814e-01,7.481151223182678223e-01,-2.762541174888610840e-01,2.905938029289245605e-01,6.114223599433898926e-01,5.347421765327453613e-01,-1.000000000000000000e+00,-1.000000000000000000e+00,2.764708697795867920e-01,1.000000000000000000e+00,-1.000000000000000000e+00,1.000000000000000000e+00,1.000000000000000000e+00,1.000000000000000000e+00,1.000000000000000000e+00,-1.000000000000000000e+00,1.453785449266433716e-01,-1.000000000000000000e+00,-1.000000000000000000e+00,1.000000000000000000e+00,-1.000000000000000000e+00,-1.000000000000000000e+00,1.000000000000000000e+00,-1.000000000000000000e+00,7.015978097915649414e-01,1.000000000000000000e+00,8.999143825234656724e-02
1.788381222998547316e+09,1.756453365087509155e-01,2.114721685647964478e-01,2.968019843101501465e-01,7.405790686607360840e-01,-2.830452322959899902e-01,2.810145020484924316e-01,6.206785440444946289e-01,5.307469367980957031e-01,-1.000000000000000000e+00,-1.000000000000000000e+00,1.857836693525314331e-01,1.000000000000000000e+00,-1.000000000000000000e+00,1.000000000000000000e+00,1.000000000000000000e+00,1.000000000000000000e+00,1.000000000000000000e+00,-1.000000000000000000e+00,-9.329155087471008301e-02,-1.000000000000000000e+00,-1.000000000000000000e+00,1.000000000000000000e+00,-1.000000000000000000e+00,-1.000000000000000000e+00,1.000000000000000000e+00,-1.000000000000000000e+00,1.678344458341598511e-01,1.000000000000000000e+00,9.499143825234658556e-02
1.788381223048600912e+09,1.829740256071090698e-01,2.102599889039993286e-01,2.898690700531005859e-01,7.326452136039733887e-01,-2.897046506404876709e-01,2.722353041172027588e-01,6.300546526908874512e-01,-1.920946836471557617e-01,-1.000000000000000000e+00,-1.000000000000000000e+00,3.289234638214111328e-01,1.000000000000000000e+00,-1.000000000000000000e+00,1.000000000000000000e+00,1.000000000000000000e+00,1.000000000000000000e+00,1.000000000000000000e+00,-1.000000000000000000e+00,-1.416498273611068726e-01,-1.000000000000000000e+00,-1.000000000000000000e+00,1.000000000000000000e+00,-1.000000000000000000e+00,-1.000000000000000000e+00,1.000000000000000000e+00,-1.000000000000000000e+00,2.159346789121627808e-01,1.000000000000000000e+00,9.999143825234657612e-02
1.788381223098453283e+09,1.894461363554000854e-01,2.091779708862304688e-01,2.829112708568572998e-01,7.242862582206726074e-01,-2.961854040622711182e-01,2.641225457191467285e-01,6.395420432090759277e-01,4.886516332626342773e-01,-1.000000000000000000e+00,-1.000000000000000000e+00,-5.790755897760391235e-02,1.000000000000000000e+00,-1.000000000000000000e+00,1.000000000000000000e+00,1.000000000000000000e+00,1.000000000000000000e+00,1.000000000000000000e+00,-1.000000000000000000e+00,4.887569546699523926e-01,-1.000000000000000000e+00,-1.000000000000000000e+00,1.000000000000000000e+00,-1.000000000000000000e+00,-9.147460460662841797e-01,1.000000000000000000e+00,-1.000000000000000000e+00,1.000000000000000000e+00,1.000000000000000000e+00,1.049914382523465944e-01
1.788381223148462534e+09,1.949423998594284058e-01,2.083160579204559326e-01,2.760872542858123779e-01,7.155107855796813965e-01,-3.024429380893707275e-01,2.565617263317108154e-01,6.491436362266540527e-01,-1.107758097350597382e-02,-1.000000000000000000e+00,-1.000000000000000000e+00,3.422751426696777344e-01,1.000000000000000000e+00,-1.000000000000000000e+00,1.000000000000000000e+00,1.000000000000000000e+00,1.000000000000000000e+00,1.000000000000000000e+00,-1.000000000000000000e+00,3.358657658100128174e-01,-1.000000000000000000e+00,-1.000000000000000000e+00,1.000000000000000000e+00,-1.000000000000000000e+00,-8.862880468368530273e-01,1.000000000000000000e+00,-1.000000000000000000e+00,1.000000000000000000e+00,1.000000000000000000e+00,1.099914382523465711e-01
1.788381223198532581e+09,1.986556649208068848e-01,2.078211903572082520e-01,2.696505784988403320e-01,7.062982916831970215e-01,-3.084002733230590820e-01,2.494375854730606079e-01,6.591573953628540039e-01,1.976230293512344360e-01,-1.000000000000000000e+00,-1.000000000000000000e+00,2.262499183416366577e-04,1.000000000000000000e+00,-1.000000000000000000e+00,1.000000000000000000e+00,1.000000000000000000e+00,1.000000000000000000e+00,1.000000000000000000e+00,-1.000000000000000000e+00,2.073117196559906006e-01,-1.000000000000000000e+00,-1.000000000000000000e+00,1.000000000000000000e+00,-1.000000000000000000e+00,-9.414426088333129883e-01,1.000000000000000000e+00,-1.000000000000000000e+00,1.000000000000000000e+00,1.000000000000000000e+00,1.149914382523466033e-01
1.788381223252101898e+09,2.010840624570846558e-01,2.076951265335083008e-01,2.636351585388183594e-01,6.967453956604003906e-01,-3.140378594398498535e-01,2.426601648330688477e-01,6.694115400314331055e-01,3.567002117633819580e-01,-1.000000000000000000e+00,-1.000000000000000000e+00,3.877667188644409180e-01,1.000000000000000000e+00,-1.000000000000000000e+00,1.000000000000000000e+00,1.000000000000000000e+00,1.000000000000000000e+00,1.000000000000000000e+00,-1.000000000000000000e+00,7.991359233856201172e-01,-1.000000000000000000e+00,-1.000000000000000000e+00,1.000000000000000000e+00,-1.000000000000000000e+00,-4.559914171695709229e-01,1.000000000000000000e+00,-1.000000000000000000e+00,1.000000000000000000e+00,1.000000000000000000e+00,1.199914382523465800e-01
1.788381223299684048e+09,2.023645639419555664e-01,2.078523486852645874e-01,2.581491768360137939e-01,6.869581937789916992e-01,-3.193278312683105469e-01,2.361246496438980103e-01,6.798915863037109375e-01,9.429081529378890991e-02,-1.000000000000000000e+00,-1.000000000000000000e+00,1.154438778758049011e-01,1.000000000000000000e+00,-1.000000000000000000e+00,1.000000000000000000e+00,1.000000000000000000e+00,1.000000000000000000e+00,1.000000000000000000e+00,-1.000000000000000000e+00,7.583398222923278809e-01,-1.000000000000000000e+00,-1.000000000000000000e+00,1.000000000000000000e+00,-1.000000000000000000e+00,-3.410238325595855713e-01,1.000000000000000000e+00,-1.000000000000000000e+00,1.000000000000000000e+00,1.000000000000000000e+00,1.249914382523466122e-01
1.788381223349628925e+09,2.019489854574203491e-01,2.082940191030502319e-01,2.533577978610992432e-01,6.770113706588745117e-01,-3.242253363132476807e-01,2.297549545764923096e-01,6.908665895462036133e-01,8.810278773307800293e-02,-1.000000000000000000e+00,-1.000000000000000000e+00,4.173805713653564453e-01,1.000000000000000000e+00,-1.000000000000000000e+00,1.000000000000000000e+00,1.000000000000000000e+00,1.000000000000000000e+00,1.000000000000000000e+00,-1.000000000000000000e+00,6.375782489776611328e-01,-1.000000000000000000e+00,-1.000000000000000000e+00,1.000000000000000000e+00,-1.000000000000000000e+00,-3.923765718936920166e-01,1.000000000000000000e+00,-1.000000000000000000e+00,1.000000000000000000e+00,1.000000000000000000e+00,1.299914382523465750e-01
1.788381223400428534e+09,2.007258832454681396e-01,2.089771926403045654e-01,2.491675615310668945e-01,6.670392751693725586e-01,-3.287370502948760986e-01,2.235174924135208130e-01,7.020674943923950195e-01,1.000000000000000000e+00,-1.000000000000000000e+00,-1.000000000000000000e+00,-1.000000000000000000e+00,1.000000000000000000e+00,-1.000000000000000000e+00,1.000000000000000000e+00,1.000000000000000000e+00,1.000000000000000000e+00,1.000000000000000000e+00,-1.000000000000000000e+00,8.318364024162292480e-01,-1.000000000000000000e+00,-1.000000000000000000e+00,1.000000000000000000e+00,-1.000000000000000000e+00,-3.542348146438598633e-01,1.000000000000000000e+00,-1.000000000000000000e+00,1.000000000000000000e+00,1.000000000000000000e+00,1.349914382523466350e-01
1.788381223450737238e+09,1.999495476484298706e-01,2.097906172275543213e-01,2.454184293746948242e-01,6.571900844573974609e-01,-3.329049944877624512e-01,2.173890024423599243e-01,7.130652666091918945e-01,3.807671368122100830e-01,-1.000000000000000000e+00,-1.000000000000000000e+00,4.996405243873596191e-01,1.000000000000000000e+00,-1.000000000000000000e+00,1.000000000000000000e+00,1.000000000000000000e+00,1.000000000000000000e+00,1.000000000000000000e+00,-1.000000000000000000e+00,9.313018918037414551e-01,-1.000000000000000000e+00,-1.000000000000000000e+00,1.000000000000000000e+00,-1.000000000000000000e+00,-9.570989757776260376e-02,1.000000000000000000e+00,-1.000000000000000000e+00,1.000000000000000000e+00,1.000000000000000000e+00,1.399914382523465839e-01
1.788381223504558802e+09,2.003767341375350952e-01,2.106533199548721313e-01,2.419985532760620117e-01,6.475958228111267090e-01,-3.367555141448974609e-01,2.113853842020034790e-01,7.235700488090515137e-01,5.130963325500488281e-01,-1.000000000000000000e+00,-1.000000000000000000e+00,-6.953350305557250977e-01,1.000000000000000000e+00,-1.000000000000000000e+00,1.000000000000000000e+00,1.000000000000000000e+00,1.000000000000000000e+00,1.000000000000000000e+00,-1.000000000000000000e+00,9.677634239196777344e-01,-1.000000000000000000e+00,-1.000000000000000000e+00,1.000000000000000000e+00,-1.000000000000000000e+00,-1.302189379930496216e-02,1.000000000000000000e+00,-1.000000000000000000e+00,1.000000000000000000e+00,1.000000000000000000e+00,1.449914382523466438e-01
1.788381223557516813e+09,2.017188668251037598e-01,2.115996181964874268e-01,2.389202415943145752e-01,6.382690072059631348e-01,-3.402827382087707520e-01,2.055003941059112549e-01,7.337275743484497070e-01,3.840942308306694031e-02,-1.000000000000000000e+00,-1.000000000000000000e+00,7.415804266929626465e-01,1.000000000000000000e+00,-1.000000000000000000e+00,1.000000000000000000e+00,1.000000000000000000e+00,1.000000000000000000e+00,1.000000000000000000e+00,-1.000000000000000000e+00,7.777493596076965332e-01,-1.000000000000000000e+00,-1.000000000000000000e+00,1.000000000000000000e+00,-1.000000000000000000e+00,-1.415269970893859863e-01,1.000000000000000000e+00,-1.000000000000000000e+00,1.000000000000000000e+00,1.000000000000000000e+00,1.499914382523465928e-01
1.788381223605539560e+09,2.039054036140441895e-01,2.126233875751495361e-01,2.361657917499542236e-01,6.292234659194946289e-01,-3.434934318065643311e-01,1.997385770082473755e-01,7.435573339462280273e-01,6.928374767303466797e-01,-1.000000000000000000e+00,-1.000000000000000000e+00,-5.314529538154602051e-01,1.000000000000000000e+00,-1.000000000000000000e+00,1.000000000000000000e+00,1.000000000000000000e+00,1.000000000000000000e+00,1.000000000000000000e+00,-1.000000000000000000e+00,1.000000000000000000e+00,-1.000000000000000000e+00,-1.000000000000000000e+00,1.000000000000000000e+00,-1.000000000000000000e+00,2.577245235443115234e-01,1.000000000000000000e+00,-1.000000000000000000e+00,1.000000000000000000e+00,1.000000000000000000e+00,1.549914382523465972e-01
1.788381223654292107e+09,2.068319320678710938e-01,2.137096524238586426e-01,2.337056547403335571e-01,6.204373836517333984e-01,-3.464069962501525879e-01,1.941067874431610107e-01,7.530763149261474609e-01,6.054077669978141785e-02,-1.000000000000000000e+00,-1.000000000000000000e+00,7.613428235054016113e-01,1.000000000000000000e+00,-1.000000000000000000e+00,1.000000000000000000e+00,1.000000000000000000e+00,1.000000000000000000e+00,1.000000000000000000e+00,-1.000000000000000000e+00,8.474213480949401855e-01,-1.000000000000000000e+00,-1.000000000000000000e+00,1.000000000000000000e+00,-1.000000000000000000e+00,9.432127326726913452e-02,1.000000000000000000e+00,-1.000000000000000000e+00,1.000000000000000000e+00,1.000000000000000000e+00,1.599914382523466294e-01
1.788381223707019091e+09,2.103895545005798340e-01,2.148367762565612793e-01,2.315132617950439453e-01,6.118837594985961914e-01,-3.490406870841979980e-01,1.886162012815475464e-01,7.622902393341064453e-01,6.839873194694519043e-01,-1.000000000000000000e+00,-1.000000000000000000e+00,-7.206392884254455566e-01,1.000000000000000000e+00,-1.000000000000000000e+00,1.000000000000000000e+00,1.000000000000000000e+00,1.000000000000000000e+00,1.000000000000000000e+00,-1.000000000000000000e+00,8.729482293128967285e-01,-1.000000000000000000e+00,-1.000000000000000000e+00,1.000000000000000000e+00,-1.000000000000000000e+00,1.116894111037254333e-01,1.000000000000000000e+00,-1.000000000000000000e+00,1.000000000000000000e+00,1.000000000000000000e+00,1.649914382523466616e-01
1.788381223753935814e+09,2.145833820104598999e-01,2.159646451473236084e-01,2.295395880937576294e-01,6.035337448120117188e-01,-3.514261543750762939e-01,1.832808405160903931e-01,7.711470127105712891e-01,3.558628857135772705e-01,-1.000000000000000000e+00,-1.000000000000000000e+00,6.314252018928527832e-01,1.000000000000000000e+00,-1.000000000000000000e+00,1.000000000000000000e+00,1.000000000000000000e+00,1.000000000000000000e+00,1.000000000000000000e+00,-1.000000000000000000e+00,6.370744705200195312e-01,-1.000000000000000000e+00,-1.000000000000000000e+00,1.000000000000000000e+00,-1.000000000000000000e+00,-1.249813959002494812e-01,1.000000000000000000e+00,-1.000000000000000000e+00,1.000000000000000000e+00,1.000000000000000000e+00,1.699914382523466105e-01
1.788381223804335117e+09,2.193823903799057007e-01,2.170571833848953247e-01,2.277441471815109253e-01,5.953570604324340820e-01,-3.535904586315155029e-01,1.781187057495117188e-01,7.796009778976440430e-01,7.877724170684814453e-01,-1.000000000000000000e+00,-1.000000000000000000e+00,-9.942813515663146973e-01,1.000000000000000000e+00,-1.000000000000000000e+00,1.000000000000000000e+00,1.000000000000000000e+00,1.000000000000000000e+00,1.000000000000000000e+00,-1.000000000000000000e+00,9.506458044052124023e-01,-1.000000000000000000e+00,-1.000000000000000000e+00,1.000000000000000000e+00,-1.000000000000000000e+00,2.579656243324279785e-01,1.000000000000000000e+00,-1.000000000000000000e+00,1.000000000000000000e+00,1.000000000000000000e+00,1.749914382523466150e-01
1.788381223853417635e+09,2.246078997850418091e-01,2.180306017398834229e-01,2.261692583560943604e-01,5.872624516487121582e-01,-3.554611504077911377e-01,1.731848418712615967e-01,7.876712083816528320e-01,-8.013569563627243042e-02,-1.000000000000000000e+00,-1.000000000000000000e+00,8.731402754783630371e-01,7.259935140609741211e-01,-1.000000000000000000e+00,1.000000000000000000e+00,1.000000000000000000e+00,1.000000000000000000e+00,1.000000000000000000e+00,-1.000000000000000000e+00,6.676403284072875977e-01,-1.000000000000000000e+00,-1.000000000000000000e+00,1.000000000000000000e+00,-1.000000000000000000e+00,1.551159620285034180e-01,1.000000000000000000e+00,-1.000000000000000000e+00,1.000000000000000000e+00,1.000000000000000000e+00,1.799914382523466472e-01
1.788381223903668642e+09,2.301199883222579956e-01,2.187467515468597412e-01,2.248962670564651489e-01,5.791531801223754883e-01,-3.568875491619110107e-01,1.686159223318099976e-01,7.953842282295227051e-01,7.491664290428161621e-01,-1.000000000000000000e+00,-1.000000000000000000e+00,-1.000000000000000000e+00,2.673687338829040527e-01,-1.000000000000000000e+00,1.000000000000000000e+00,1.000000000000000000e+00,1.000000000000000000e+00,1.000000000000000000e+00,-1.000000000000000000e+00,7.137061357498168945e-01,-1.000000000000000000e+00,-1.000000000000000000e+00,1.000000000000000000e+00,-1.000000000000000000e+00,3.107205927371978760e-01,1.000000000000000000e+00,-1.000000000000000000e+00,1.000000000000000000e+00,1.000000000000000000e+00,1.849914382523466794e-01
1.788381223954919100e+09,2.357838153839111328e-01,2.190056592226028442e-01,2.243662476539611816e-01,5.708644986152648926e-01,-3.574824333190917969e-01,1.641606241464614868e-01,8.026210069656372070e-01,-1.916155815124511719e-01,-1.000000000000000000e+00,-1.000000000000000000e+00,-3.089687526226043701e-01,5.583682656288146973e-01,-1.000000000000000000e+00,1.000000000000000000e+00,1.000000000000000000e+00,1.000000000000000000e+00,1.000000000000000000e+00,-1.000000000000000000e+00,8.134379982948303223e-01,-1.000000000000000000e+00,-1.000000000000000000e+00,1.000000000000000000e+00,-1.000000000000000000e+00,7.707034349441528320e-01,1.000000000000000000e+00,-1.000000000000000000e+00,1.000000000000000000e+00,1.000000000000000000e+00,1.899914382523466283e-01
1.788381224003607988e+09,2.410106509923934937e-01,2.186836004257202148e-01,2.249968200922012329e-01,5.622121095657348633e-01,-3.568851351737976074e-01,1.596446484327316284e-01,8.095086216926574707e-01,3.961894214153289795e-01,-1.000000000000000000e+00,-1.000000000000000000e+00,-9.600925445556640625e-01,5.096263438463211060e-02,-1.000000000000000000e+00,1.000000000000000000e+00,1.000000000000000000e+00,1.000000000000000000e+00,1.000000000000000000e+00,-1.000000000000000000e+00,8.514111638069152832e-01,-1.000000000000000000e+00,-1.000000000000000000e+00,1.000000000000000000e+00,-1.000000000000000000e+00,1.000000000000000000e+00,1.000000000000000000e+00,-1.000000000000000000e+00,1.000000000000000000e+00,1.000000000000000000e+00,1.949914382523466050e-01
1.788381224053503990e+09,2.452885061502456665e-01,2.177958637475967407e-01,2.269657254219055176e-01,5.530848503112792969e-01,-3.547910749912261963e-01,1.552385985851287842e-01,8.162569403648376465e-01,-2.907938659191131592e-01,-1.000000000000000000e+00,-1.000000000000000000e+00,-8.497469872236251831e-02,4.146414995193481445e-02,-1.000000000000000000e+00,1.000000000000000000e+00,1.000000000000000000e+00,1.000000000000000000e+00,1.000000000000000000e+00,-1.000000000000000000e+00,3.603302538394927979e-01,-1.000000000000000000e+00,-1.000000000000000000e+00,1.000000000000000000e+00,-1.000000000000000000e+00,9.915966391563415527e-01,1.000000000000000000e+00,-1.000000000000000000e+00,1.000000000000000000e+00,1.000000000000000000e+00,1.999914382523466927e-01
1.788381224104297638e+09,2.477152198553085327e-01,2.165024876594543457e-01,2.301204800605773926e-01,5.434459447860717773e-01,-3.512084782123565674e-01,1.513577103614807129e-01,8.234073519706726074e-01,-1.000000000000000000e+00,-1.000000000000000000e+00,-1.000000000000000000e+00,4.554316997528076172e-01,-2.533901929855346680e-01,-1.000000000000000000e+00,1.000000000000000000e+00,1.000000000000000000e+00,1.000000000000000000e+00,1.000000000000000000e+00,-1.000000000000000000e+00,-2.469594925642013550e-01,-1.000000000000000000e+00,-1.000000000000000000e+00,1.000000000000000000e+00,-1.000000000000000000e+00,1.000000000000000000e+00,1.000000000000000000e+00,-1.000000000000000000e+00,1.000000000000000000e+00,1.000000000000000000e+00,2.049914382523466971e-01
1.788381224153925419e+09,2.480586022138595581e-01,2.149013131856918335e-01,2.342507988214492798e-01,5.334351658821105957e-01,-3.464023470878601074e-01,1.480395346879959106e-01,8.311702609062194824e-01,-3.046058714389801025e-01,-1.000000000000000000e+00,-1.000000000000000000e+00,-7.710866928100585938e-01,-1.384994387626647949e-01,-8.871875405311584473e-01,1.000000000000000000e+00,1.000000000000000000e+00,1.000000000000000000e+00,1.000000000000000000e+00,-1.000000000000000000e+00,3.232648074626922607e-01,-1.000000000000000000e+00,-1.000000000000000000e+00,1.000000000000000000e+00,-1.000000000000000000e+00,1.000000000000000000e+00,1.000000000000000000e+00,-1.000000000000000000e+00,1.000000000000000000e+00,1.000000000000000000e+00,2.099914382523466461e-01
1.788381224204103470e+09,2.463186383247375488e-01,2.130763381719589233e-01,2.392161190509796143e-01,5.231443047523498535e-01,-3.405787050724029541e-01,1.452460885047912598e-01,8.395408987998962402e-01,-3.816432654857635498e-01,-1.000000000000000000e+00,-1.000000000000000000e+00,5.631040930747985840e-01,-3.582209348678588867e-01,-5.140303373336791992e-01,1.000000000000000000e+00,1.000000000000000000e+00,1.000000000000000000e+00,1.000000000000000000e+00,-6.632779240608215332e-01,1.112435907125473022e-01,-1.000000000000000000e+00,-1.000000000000000000e+00,1.000000000000000000e+00,-1.000000000000000000e+00,1.000000000000000000e+00,1.000000000000000000e+00,-1.000000000000000000e+00,1.000000000000000000e+00,1.000000000000000000e+00,2.149914382523466228e-01
1.788381224254661560e+09,2.425261586904525757e-01,2.107898443937301636e-01,2.452650517225265503e-01,5.125233530998229980e-01,-3.333196341991424561e-01,1.433721482753753662e-01,8.484143018722534180e-01,-9.605734050273895264e-02,-1.000000000000000000e+00,-1.000000000000000000e+00,-9.565128684043884277e-01,-7.063599824905395508e-01,-4.779432117938995361e-01,1.000000000000000000e+00,1.000000000000000000e+00,1.000000000000000000e+00,1.000000000000000000e+00,-5.076782107353210449e-01,-1.139473021030426025e-01,-1.000000000000000000e+00,-1.000000000000000000e+00,1.000000000000000000e+00,-1.000000000000000000e+00,1.000000000000000000e+00,1.000000000000000000e+00,-1.000000000000000000e+00,1.000000000000000000e+00,1.000000000000000000e+00,2.199914382523467105e-01
1.788381224305198669e+09,2.378509491682052612e-01,2.078248560428619385e-01,2.523744106292724609e-01,5.016039013862609863e-01,-3.244778215885162354e-01,1.427297145128250122e-01,8.571718931198120117e-01,1.000000000000000000e+00,-1.000000000000000000e+00,-1.000000000000000000e+00,2.426083385944366455e-01,3.374890089035034180e-01,2.879083156585693359e-01,1.000000000000000000e+00,1.000000000000000000e+00,1.000000000000000000e+00,1.000000000000000000e+00,6.024016737937927246e-01,7.939713001251220703e-01,-1.000000000000000000e+00,-1.000000000000000000e+00,1.000000000000000000e+00,-1.000000000000000000e+00,1.000000000000000000e+00,1.000000000000000000e+00,-1.000000000000000000e+00,1.000000000000000000e+00,1.000000000000000000e+00,2.249914382523467149e-01
1.788381224354664564e+09,2.328522354364395142e-01,2.042948156595230103e-01,2.602470815181732178e-01,4.904759824275970459e-01,-3.143769800662994385e-01,1.433927267789840698e-01,8.655150532722473145e-01,-7.640098333358764648e-01,-1.000000000000000000e+00,-1.000000000000000000e+00,-3.854708671569824219e-01,-8.131535649299621582e-01,-1.825933605432510376e-01,1.000000000000000000e+00,1.000000000000000000e+00,1.000000000000000000e+00,1.000000000000000000e+00,8.555560708045959473e-01,4.742716848850250244e-01,-1.000000000000000000e+00,-1.000000000000000000e+00,1.000000000000000000e+00,-1.000000000000000000e+00,1.000000000000000000e+00,1.000000000000000000e+00,-1.000000000000000000e+00,1.000000000000000000e+00,1.000000000000000000e+00,2.299914382523466638e-01
1.788381224405717850e+09,2.281207889318466187e-01,2.001003921031951904e-01,2.684974670410156250e-01,4.793319106101989746e-01,-3.032833039760589600e-01,1.455345451831817627e-01,8.733276128768920898e-01,1.707828342914581299e-01,-9.438987374305725098e-01,-1.000000000000000000e+00,7.638273239135742188e-01,-6.682533025741577148e-01,-2.692192196846008301e-01,1.000000000000000000e+00,1.000000000000000000e+00,1.000000000000000000e+00,1.000000000000000000e+00,1.000000000000000000e+00,1.951967626810073853e-01,-1.000000000000000000e+00,-1.000000000000000000e+00,1.000000000000000000e+00,-1.000000000000000000e+00,1.000000000000000000e+00,1.000000000000000000e+00,-1.000000000000000000e+00,1.000000000000000000e+00,1.000000000000000000e+00,2.349914382523466128e-01
1.788381224455094814e+09,2.241399586200714111e-01,1.949763447046279907e-01,2.766070663928985596e-01,4.684633016586303711e-01,-2.915351688861846924e-01,1.493190228939056396e-01,8.808072805404663086e-01,-6.072828769683837891e-01,-7.692312598228454590e-01,-1.000000000000000000e+00,9.280991554260253906e-02,-7.157205939292907715e-01,-1.000000000000000000e+00,1.000000000000000000e+00,1.000000000000000000e+00,1.000000000000000000e+00,1.000000000000000000e+00,6.325399279594421387e-01,-5.886510610580444336e-01,-1.000000000000000000e+00,-1.000000000000000000e+00,1.000000000000000000e+00,-1.000000000000000000e+00,1.000000000000000000e+00,1.000000000000000000e+00,-1.000000000000000000e+00,1.000000000000000000e+00,1.000000000000000000e+00,2.399914382523467560e-01
1.788381224516244650e+09,2.211451232433319092e-01,1.890168786048889160e-01,2.844621837139129639e-01,4.581500589847564697e-01,-2.792461514472961426e-01,1.548120379447937012e-01,8.882153034210205078e-01,4.931252598762512207e-01,-1.000000000000000000e+00,-1.000000000000000000e+00,3.128426373004913330e-01,-6.511570811271667480e-01,-1.000000000000000000e+00,1.000000000000000000e+00,1.000000000000000000e+00,1.000000000000000000e+00,1.000000000000000000e+00,8.067584633827209473e-01,-3.828670680522918701e-01,-1.000000000000000000e+00,-1.000000000000000000e+00,1.000000000000000000e+00,-1.000000000000000000e+00,1.000000000000000000e+00,1.000000000000000000e+00,-1.000000000000000000e+00,1.000000000000000000e+00,1.000000000000000000e+00,2.449914382523467327e-01
1.788381224556523800e+09,2.192292809486389160e-01,1.826739758253097534e-01,2.921823859214782715e-01,4.485139846801757812e-01,-2.664326429367065430e-01,1.620533764362335205e-01,8.956225514411926270e-01,-4.273082017898559570e-01,-1.000000000000000000e+00,-1.000000000000000000e+00,1.928827166557312012e-01,-1.000000000000000000e+00,-1.000000000000000000e+00,1.000000000000000000e+00,1.000000000000000000e+00,1.000000000000000000e+00,1.000000000000000000e+00,3.794295787811279297e-01,-1.000000000000000000e+00,-1.000000000000000000e+00,-1.000000000000000000e+00,1.000000000000000000e+00,-1.000000000000000000e+00,1.000000000000000000e+00,1.000000000000000000e+00,-1.000000000000000000e+00,1.000000000000000000e+00,1.000000000000000000e+00,2.499914382523466816e-01
1.788381224606418610e+09,2.183426618576049805e-01,1.762120574712753296e-01,2.998539209365844727e-01,4.395805895328521729e-01,-2.531117498874664307e-01,1.710349470376968384e-01,9.030121564865112305e-01,4.494543075561523438e-01,-1.000000000000000000e+00,-1.000000000000000000e+00,3.681563735008239746e-01,-1.000000000000000000e+00,-1.000000000000000000e+00,1.000000000000000000e+00,1.000000000000000000e+00,1.000000000000000000e+00,1.000000000000000000e+00,7.236687839031219482e-02,-1.000000000000000000e+00,-1.000000000000000000e+00,-1.000000000000000000e+00,1.049245446920394897e-01,-1.000000000000000000e+00,1.000000000000000000e+00,1.000000000000000000e+00,-1.000000000000000000e+00,1.000000000000000000e+00,1.000000000000000000e+00,2.549914382523466583e-01
1.788381224662857533e+09,2.187308073043823242e-01,1.701452583074569702e-01,3.071551620960235596e-01,4.314810633659362793e-01,-2.398232072591781616e-01,1.814563870429992676e-01,9.102618098258972168e-01,-9.348999708890914917e-02,-1.000000000000000000e+00,-1.000000000000000000e+00,7.793579697608947754e-01,1.000000000000000000e+00,-1.000000000000000000e+00,1.000000000000000000e+00,1.000000000000000000e+00,8.197684884071350098e-01,1.000000000000000000e+00,-4.906305670738220215e-01,-1.000000000000000000e+00,-8.327000141143798828e-01,-1.000000000000000000e+00,-5.047848224639892578e-01,-1.000000000000000000e+00,1.000000000000000000e+00,1.000000000000000000e+00,-1.000000000000000000e+00,1.000000000000000000e+00,5.578950643539428711e-01,2.599914382523467737e-01
1.788381224708465815e+09,2.205308824777603149e-01,1.650959998369216919e-01,3.135746419429779053e-01,4.243813455104827881e-01,-2.274091988801956177e-01,1.926354169845581055e-01,9.172995686531066895e-01,1.824067682027816772e-01,-1.000000000000000000e+00,-1.000000000000000000e+00,3.966299891471862793e-01,6.259039044380187988e-01,-1.000000000000000000e+00,-4.846204817295074463e-02,1.000000000000000000e+00,-6.046786308288574219e-01,1.000000000000000000e+00,-1.000000000000000000e+00,-1.000000000000000000e+00,6.399526000022888184e-01,-1.000000000000000000e+00,-1.000000000000000000e+00,-1.000000000000000000e+00,1.000000000000000000e+00,9.686390161514282227e-01,-1.000000000000000000e+00,9.233148694038391113e-01,-8.284009099006652832e-01,2.625643586770806115e-01
1.788381224756462336e+09,2.234252393245697021e-01,1.613702178001403809e-01,3.186626732349395752e-01,4.183042645454406738e-01,-2.164939045906066895e-01,2.042943835258483887e-01,9.242011308670043945e-01,-1.436291188001632690e-01,-1.000000000000000000e+00,-9.700945615768432617e-01,1.000000000000000000e+00,-1.729227453470230103e-01,-1.000000000000000000e+00,-1.000000000000000000e+00,-1.000000000000000000e+00,-9.548059701919555664e-01,1.000000000000000000e+00,-1.000000000000000000e+00,-1.000000000000000000e+00,1.000000000000000000e+00,-1.000000000000000000e+00,-1.000000000000000000e+00,-1.000000000000000000e+00,6.509506106376647949e-01,-1.000000000000000000e+00,-1.000000000000000000e+00,-5.760814547538757324e-01,-1.000000000000000000e+00,2.597072158199378311e-01
1.788381224806198835e+09,2.267252653837203979e-01,1.590395569801330566e-01,3.222263753414154053e-01,4.132063090801239014e-01,-2.072671502828598022e-01,2.167132198810577393e-01,9.312716126441955566e-01,-3.552575781941413879e-02,-1.000000000000000000e+00,-9.078104496002197266e-01,9.374597668647766113e-01,-4.900594353675842285e-01,-1.000000000000000000e+00,-1.000000000000000000e+00,-1.000000000000000000e+00,-1.000000000000000000e+00,1.000000000000000000e+00,-1.000000000000000000e+00,-1.000000000000000000e+00,1.000000000000000000e+00,-1.000000000000000000e+00,-1.000000000000000000e+00,-1.000000000000000000e+00,2.809389233589172363e-01,-1.000000000000000000e+00,-1.000000000000000000e+00,-1.000000000000000000e+00,-1.000000000000000000e+00,2.547072158199378267e-01
1.788381224856245279e+09,2.312103807926177979e-01,1.579321622848510742e-01,3.240890204906463623e-01,4.091387093067169189e-01,-1.998929530382156372e-01,2.296463400125503540e-01,9.380772113800048828e-01,4.961427748203277588e-01,-1.000000000000000000e+00,-1.000000000000000000e+00,7.106102108955383301e-01,2.289949506521224976e-01,-1.000000000000000000e+00,-1.000000000000000000e+00,-1.000000000000000000e+00,-1.000000000000000000e+00,1.000000000000000000e+00,-1.000000000000000000e+00,-1.000000000000000000e+00,1.000000000000000000e+00,-1.000000000000000000e+00,-1.000000000000000000e+00,-1.000000000000000000e+00,6.757701635360717773e-01,-1.000000000000000000e+00,-1.000000000000000000e+00,-6.225041747093200684e-01,-1.000000000000000000e+00,2.518500729627948798e-01
1.788381224906267643e+09,2.375691980123519897e-01,1.578991711139678955e-01,3.240938484668731689e-01,4.060215055942535400e-01,-1.946282386779785156e-01,2.424164712429046631e-01,9.439973831176757812e-01,4.138797521591186523e-01,-1.000000000000000000e+00,-1.000000000000000000e+00,1.000000000000000000e+00,5.174596309661865234e-01,-1.000000000000000000e+00,-1.000000000000000000e+00,-1.000000000000000000e+00,-1.000000000000000000e+00,1.000000000000000000e+00,-1.000000000000000000e+00,-1.000000000000000000e+00,1.000000000000000000e+00,-1.000000000000000000e+00,-1.000000000000000000e+00,-1.000000000000000000e+00,7.683452367782592773e-01,-1.000000000000000000e+00,-1.000000000000000000e+00,1.295841187238693237e-01,-1.000000000000000000e+00,2.489929301056520161e-01
1.788381224956331730e+09,2.460113465785980225e-01,1.586701422929763794e-01,3.224205970764160156e-01,4.037462770938873291e-01,-1.913921535015106201e-01,2.545161247253417969e-01,9.487333297729492188e-01,7.630547881126403809e-01,-1.000000000000000000e+00,-1.000000000000000000e+00,7.575026154518127441e-01,7.637768983840942383e-01,-1.000000000000000000e+00,-1.000000000000000000e+00,-1.000000000000000000e+00,-1.000000000000000000e+00,1.000000000000000000e+00,-1.000000000000000000e+00,-1.000000000000000000e+00,1.000000000000000000e+00,-1.000000000000000000e+00,-1.000000000000000000e+00,-1.000000000000000000e+00,9.437205791473388672e-01,-3.273622989654541016e-01,-1.000000000000000000e+00,1.000000000000000000e+00,-1.000000000000000000e+00,2.461357872485092357e-01
1.788381225006841183e+09,2.565368413925170898e-01,1.600475460290908813e-01,3.194181621074676514e-01,4.021993279457092285e-01,-1.899223476648330688e-01,2.655197679996490479e-01,9.521650075912475586e-01,7.961862683296203613e-01,-1.000000000000000000e+00,-1.000000000000000000e+00,3.281807601451873779e-01,1.000000000000000000e+00,-8.374633193016052246e-01,-1.000000000000000000e+00,-1.000000000000000000e+00,-1.000000000000000000e+00,1.000000000000000000e+00,-1.000000000000000000e+00,-1.000000000000000000e+00,1.000000000000000000e+00,-1.000000000000000000e+00,-1.000000000000000000e+00,-1.000000000000000000e+00,9.864565134048461914e-01,1.512724608182907104e-01,-1.000000000000000000e+00,7.335371375083923340e-01,-1.000000000000000000e+00,2.432786443913662888e-01
1.788381225056619167e+09,2.689989805221557617e-01,1.621948182582855225e-01,3.150773644447326660e-01,4.012101888656616211e-01,-1.903541088104248047e-01,2.750411331653594971e-01,9.539752602577209473e-01,7.600151896476745605e-01,-1.000000000000000000e+00,-1.000000000000000000e+00,8.657950758934020996e-01,1.000000000000000000e+00,-6.813722103834152222e-02,-1.000000000000000000e+00,-1.000000000000000000e+00,-1.000000000000000000e+00,1.000000000000000000e+00,-1.000000000000000000e+00,-1.000000000000000000e+00,1.000000000000000000e+00,-1.000000000000000000e+00,-4.716854095458984375e-01,-1.000000000000000000e+00,1.000000000000000000e+00,1.000000000000000000e+00,-1.000000000000000000e+00,1.000000000000000000e+00,-1.000000000000000000e+00,2.461357872485092357e-01
1.788381225107585907e+09,2.827921807765960693e-01,1.653506904840469360e-01,3.093083798885345459e-01,4.004611670970916748e-01,-1.928788125514984131e-01,2.828991413116455078e-01,9.538787007331848145e-01,7.471224069595336914e-01,-1.000000000000000000e+00,-1.000000000000000000e+00,8.302364349365234375e-01,1.000000000000000000e+00,4.098693430423736572e-01,4.902063012123107910e-01,-1.000000000000000000e+00,-1.000000000000000000e+00,1.000000000000000000e+00,-7.256285548210144043e-01,-4.827240407466888428e-01,1.000000000000000000e+00,-1.000000000000000000e+00,5.426663756370544434e-01,-1.000000000000000000e+00,1.000000000000000000e+00,1.000000000000000000e+00,-1.000000000000000000e+00,1.000000000000000000e+00,-4.870431721210479736e-01,2.489929301056520716e-01
1.788381225156844139e+09,2.964507341384887695e-01,1.697549074888229370e-01,3.022308647632598877e-01,3.994095325469970703e-01,-1.974605321884155273e-01,2.891256809234619141e-01,9.519339203834533691e-01,-2.132704257965087891e-01,-1.000000000000000000e+00,-1.000000000000000000e+00,6.862097382545471191e-01,1.000000000000000000e+00,5.800288915634155273e-01,1.000000000000000000e+00,-2.053825408220291138e-01,1.363482326269149780e-01,1.000000000000000000e+00,-1.773390769958496094e-01,1.216953843832015991e-01,-7.546328306198120117e-01,-1.000000000000000000e+00,1.000000000000000000e+00,-1.000000000000000000e+00,1.000000000000000000e+00,1.000000000000000000e+00,-1.000000000000000000e+00,1.000000000000000000e+00,1.000000000000000000e+00,2.539929301056519928e-01
1.788381225207204103e+09,3.094067871570587158e-01,1.751535087823867798e-01,2.939421832561492920e-01,3.977645635604858398e-01,-2.039886265993118286e-01,2.936970591545104980e-01,9.480410218238830566e-01,1.000000000000000000e+00,-8.107582926750183105e-01,-9.447236061096191406e-01,2.836071848869323730e-01,1.000000000000000000e+00,6.881260871887207031e-01,1.000000000000000000e+00,-7.691294550895690918e-01,6.096171140670776367e-01,1.000000000000000000e+00,-3.168468773365020752e-01,2.976630926132202148e-01,-1.000000000000000000e+00,-1.000000000000000000e+00,1.000000000000000000e+00,-1.000000000000000000e+00,1.000000000000000000e+00,1.000000000000000000e+00,-1.000000000000000000e+00,5.673197507858276367e-01,1.000000000000000000e+00,2.582786443913663854e-01
1.788381225257179499e+09,3.213150203227996826e-01,1.813816875219345093e-01,2.845085561275482178e-01,3.954359591007232666e-01,-2.123671621084213257e-01,2.966520488262176514e-01,9.421934485435485840e-01,-8.251271843910217285e-01,-1.000000000000000000e+00,-3.185774981975555420e-01,9.090725183486938477e-01,1.000000000000000000e+00,3.955850005149841309e-01,1.000000000000000000e+00,-1.000000000000000000e+00,7.906771898269653320e-01,1.000000000000000000e+00,-9.890695214271545410e-01,-5.113531947135925293e-01,-1.000000000000000000e+00,-1.000000000000000000e+00,4.674785137176513672e-01,-1.000000000000000000e+00,1.000000000000000000e+00,1.000000000000000000e+00,-1.000000000000000000e+00,-8.363006711006164551e-01,1.000000000000000000e+00,2.604215015342235540e-01
1.788381225306999922e+09,3.315314054489135742e-01,1.889776140451431274e-01,2.741745114326477051e-01,3.925044238567352295e-01,-2.224712371826171875e-01,2.979910075664520264e-01,9.347385764122009277e-01,4.150584936141967773e-01,-1.000000000000000000e+00,-1.263996213674545288e-01,3.784382641315460205e-01,1.000000000000000000e+00,2.150470763444900513e-01,1.000000000000000000e+00,-1.000000000000000000e+00,-4.501703679561614990e-01,1.000000000000000000e+00,-1.000000000000000000e+00,-1.000000000000000000e+00,-6.775971651077270508e-01,-1.000000000000000000e+00,-9.082722663879394531e-01,-1.000000000000000000e+00,1.000000000000000000e+00,1.000000000000000000e+00,-1.000000000000000000e+00,-1.000000000000000000e+00,1.258378624916076660e-01,2.625643586770806115e-01
1.788381225357213020e+09,3.399302065372467041e-01,1.980191320180892944e-01,2.634814679622650146e-01,3.891869485378265381e-01,-2.337236702442169189e-01,2.978208959102630615e-01,9.262801408767700195e-01,-1.000000000000000000e+00,-1.000000000000000000e+00,2.600822597742080688e-02,2.052854448556900024e-01,1.000000000000000000e+00,2.874103784561157227e-01,-1.447835415601730347e-01,-1.000000000000000000e+00,-1.000000000000000000e+00,1.000000000000000000e+00,-1.000000000000000000e+00,-1.000000000000000000e+00,6.263361573219299316e-01,-1.000000000000000000e+00,-1.000000000000000000e+00,-1.000000000000000000e+00,1.000000000000000000e+00,4.363824129104614258e-01,-1.000000000000000000e+00,-1.000000000000000000e+00,-1.000000000000000000e+00,2.575643586770806626e-01
1.788381225407472134e+09,3.462456762790679932e-01,2.081862092018127441e-01,2.527424097061157227e-01,3.856036961078643799e-01,-2.456143647432327271e-01,2.966441810131072998e-01,9.175494909286499023e-01,-6.673057079315185547e-01,-1.000000000000000000e+00,-8.442821353673934937e-02,9.259861111640930176e-01,1.000000000000000000e+00,7.238086462020874023e-01,-1.000000000000000000e+00,-1.000000000000000000e+00,-1.000000000000000000e+00,1.000000000000000000e+00,-1.000000000000000000e+00,-1.000000000000000000e+00,1.000000000000000000e+00,-1.000000000000000000e+00,-1.000000000000000000e+00,-1.000000000000000000e+00,1.000000000000000000e+00,-7.863984704017639160e-01,-1.000000000000000000e+00,-1.000000000000000000e+00,-1.000000000000000000e+00,2.525643586770806581e-01
1.788381225459037066e+09,3.504778146743774414e-01,2.191180437803268433e-01,2.421304583549499512e-01,3.817636668682098389e-01,-2.577872276306152344e-01,2.948845922946929932e-01,9.088560938835144043e-01,-3.749470785260200500e-02,-1.000000000000000000e+00,-5.954053997993469238e-01,-4.172408953309059143e-03,6.667614579200744629e-01,7.338446378707885742e-01,-1.000000000000000000e+00,-1.000000000000000000e+00,-1.000000000000000000e+00,1.000000000000000000e+00,-1.000000000000000000e+00,-1.000000000000000000e+00,1.000000000000000000e+00,-1.000000000000000000e+00,-1.000000000000000000e+00,-1.000000000000000000e+00,1.000000000000000000e+00,-1.000000000000000000e+00,-1.000000000000000000e+00,-1.000000000000000000e+00,-1.000000000000000000e+00,2.475643586770805982e-01
1.788381225510843277e+09,3.526266217231750488e-01,2.307799905538558960e-01,2.319202125072479248e-01,3.776943683624267578e-01,-2.699418962001800537e-01,2.926450669765472412e-01,9.001461267471313477e-01,1.587736755609512329e-01,-1.000000000000000000e+00,2.389264851808547974e-02,6.484768986701965332e-01,4.572451114654541016e-01,1.000000000000000000e+00,-1.000000000000000000e+00,-1.000000000000000000e+00,-1.000000000000000000e+00,1.000000000000000000e+00,-1.000000000000000000e+00,-1.000000000000000000e+00,1.000000000000000000e+00,-1.000000000000000000e+00,-1.000000000000000000e+00,-1.000000000000000000e+00,1.000000000000000000e+00,-8.576402068138122559e-01,-1.000000000000000000e+00,-1.000000000000000000e+00,-1.000000000000000000e+00,2.425643586770806215e-01
1.788381225559099913e+09,3.526920974254608154e-01,2.431364804506301880e-01,2.221194803714752197e-01,3.736421465873718262e-01,-2.820114195346832275e-01,2.901364862918853760e-01,8.915740251541137695e-01,-2.524700462818145752e-01,-1.000000000000000000e+00,-3.046121895313262939e-01,8.253380656242370605e-01,8.153663873672485352e-01,1.000000000000000000e+00,-1.000000000000000000e+00,-1.000000000000000000e+00,-1.000000000000000000e+00,1.000000000000000000e+00,-1.000000000000000000e+00,-1.000000000000000000e+00,1.000000000000000000e+00,-1.000000000000000000e+00,-1.000000000000000000e+00,-1.000000000000000000e+00,1.000000000000000000e+00,-6.164528727531433105e-01,-1.000000000000000000e+00,-1.000000000000000000e+00,-1.000000000000000000e+00,2.375643586770806448e-01
1.788381225613875628e+09,3.506742417812347412e-01,2.555589675903320312e-01,2.125663310289382935e-01,3.694867789745330811e-01,-2.940156757831573486e-01,2.874899506568908691e-01,8.829685449600219727e-01,3.230252489447593689e-02,-1.000000000000000000e+00,-7.135617733001708984e-01,7.637813687324523926e-01,9.673840999603271484e-01,1.000000000000000000e+00,-1.000000000000000000e+00,-1.000000000000000000e+00,-1.000000000000000000e+00,1.000000000000000000e+00,-1.000000000000000000e+00,-1.000000000000000000e+00,1.000000000000000000e+00,-1.000000000000000000e+00,-7.510380148887634277e-01,-1.000000000000000000e+00,1.000000000000000000e+00,3.842279314994812012e-01,-1.000000000000000000e+00,-9.176049232482910156e-01,-1.000000000000000000e+00,2.346444131659840004e-01
1.788381225663813353e+09,3.465730547904968262e-01,2.674483060836791992e-01,2.030728012323379517e-01,3.649043738842010498e-01,-3.060554563999176025e-01,2.846563458442687988e-01,8.739245533943176270e-01,-1.428965330123901367e-01,-1.000000000000000000e+00,-7.195479869842529297e-01,1.000000000000000000e+00,1.000000000000000000e+00,1.000000000000000000e+00,-4.767587184906005859e-01,-1.000000000000000000e+00,-1.000000000000000000e+00,1.000000000000000000e+00,-1.000000000000000000e+00,-4.610578715801239014e-01,1.000000000000000000e+00,-1.000000000000000000e+00,2.693204283714294434e-01,-1.000000000000000000e+00,1.000000000000000000e+00,1.000000000000000000e+00,-1.000000000000000000e+00,4.266981780529022217e-02,-2.356746792793273926e-01,2.372712796252965106e-01
1.788381225712505579e+09,3.413691222667694092e-01,2.779279649257659912e-01,1.938684731721878052e-01,3.597600162029266357e-01,-3.177453279495239258e-01,2.816286087036132812e-01,8.638798594474792480e-01,1.000000000000000000e+00,-1.000000000000000000e+00,-1.000000000000000000e+00,1.174544468522071838e-01,4.190850555896759033e-01,1.000000000000000000e+00,9.822011590003967285e-01,-1.000000000000000000e+00,-1.000000000000000000e+00,1.000000000000000000e+00,-1.000000000000000000e+00,-4.597339630126953125e-01,1.000000000000000000e+00,-1.000000000000000000e+00,3.317574858665466309e-01,-1.000000000000000000e+00,1.000000000000000000e+00,1.000000000000000000e+00,-1.000000000000000000e+00,-9.026768207550048828e-01,-2.526204288005828857e-01,2.385390243685010792e-01
1.788381225762562275e+09,3.371458351612091064e-01,2.866924107074737549e-01,1.850020438432693481e-01,3.546158075332641602e-01,-3.288349509239196777e-01,2.789116203784942627e-01,8.525345325469970703e-01,7.419323921203613281e-02,-1.000000000000000000e+00,-4.517172574996948242e-01,8.473951816558837891e-01,5.997525453567504883e-01,7.238814830780029297e-01,1.000000000000000000e+00,-1.000000000000000000e+00,6.966255605220794678e-02,1.000000000000000000e+00,-1.000000000000000000e+00,-7.231338620185852051e-01,5.093212127685546875e-01,-1.000000000000000000e+00,-3.430622518062591553e-01,-1.000000000000000000e+00,1.000000000000000000e+00,1.000000000000000000e+00,-1.000000000000000000e+00,-1.000000000000000000e+00,-4.826516211032867432e-01,2.404430616445250302e-01
1.788381225876854420e+09,3.350058794021606445e-01,2.942191064357757568e-01,1.763982772827148438e-01,3.499585986137390137e-01,-3.393322229385375977e-01,2.768955528736114502e-01,8.404318690299987793e-01,5.106047987937927246e-01,-1.000000000000000000e+00,-6.100376248359680176e-01,2.649377584457397461e-01,-1.125147715210914612e-01,6.565751135349273682e-02,1.000000000000000000e+00,-1.000000000000000000e+00,-1.000000000000000000e+00,1.000000000000000000e+00,-1.000000000000000000e+00,-1.000000000000000000e+00,8.514720797538757324e-01,-1.000000000000000000e+00,-7.490620017051696777e-01,-1.000000000000000000e+00,1.000000000000000000e+00,9.942144751548767090e-01,-1.000000000000000000e+00,-1.000000000000000000e+00,-9.885814785957336426e-01,2.409662914653441512e-01
1.788381225882955313e+09,3.344042897224426270e-01,3.001399040222167969e-01,1.681864857673645020e-01,3.455198705196380615e-01,-3.490436077117919922e-01,2.755182087421417236e-01,8.281329274177551270e-01,-1.145525835454463959e-02,-5.590118765830993652e-01,-1.000000000000000000e+00,1.000000000000000000e+00,-1.000000000000000000e+00,-8.583847284317016602e-01,6.190709471702575684e-01,-1.000000000000000000e+00,-5.045062899589538574e-01,1.000000000000000000e+00,-1.000000000000000000e+00,-1.000000000000000000e+00,1.000000000000000000e+00,-1.000000000000000000e+00,-9.227848052978515625e-01,-1.000000000000000000e+00,1.000000000000000000e+00,3.608707785606384277e-01,-1.000000000000000000e+00,-1.000000000000000000e+00,-1.000000000000000000e+00,2.380022777355675634e-01
1.788381225934062243e+09,3.351611495018005371e-01,3.039773702621459961e-01,1.605401784181594849e-01,3.412679135799407959e-01,-3.576895594596862793e-01,2.749018967151641846e-01,8.160488009452819824e-01,1.000000000000000000e+00,-1.000000000000000000e+00,-1.000000000000000000e+00,3.974683880805969238e-01,-1.000000000000000000e+00,-1.000000000000000000e+00,-5.026801228523254395e-01,-1.000000000000000000e+00,-1.000000000000000000e+00,1.000000000000000000e+00,-1.000000000000000000e+00,-1.000000000000000000e+00,1.000000000000000000e+00,-1.000000000000000000e+00,-6.987727880477905273e-01,-1.000000000000000000e+00,1.000000000000000000e+00,3.029137253761291504e-01,-1.000000000000000000e+00,-1.000000000000000000e+00,-1.000000000000000000e+00,2.340737063069961710e-01
1.788381225984089375e+09,3.371266126632690430e-01,3.057315051555633545e-01,1.540007740259170532e-01,3.371416628360748291e-01,-3.647037148475646973e-01,2.752334475517272949e-01,8.045997023582458496e-01,1.285867094993591309e-01,-1.000000000000000000e+00,-1.000000000000000000e+00,8.756917119026184082e-01,-1.000000000000000000e+00,-1.000000000000000000e+00,-1.000000000000000000e+00,-1.000000000000000000e+00,-1.000000000000000000e+00,1.000000000000000000e+00,-1.000000000000000000e+00,-1.000000000000000000e+00,1.000000000000000000e+00,-1.000000000000000000e+00,-1.000000000000000000e+00,-1.000000000000000000e+00,9.879567623138427734e-01,-2.441291958093643188e-01,-1.000000000000000000e+00,-1.000000000000000000e+00,-1.000000000000000000e+00,2.298225481546882776e-01
1.788381226035516262e+09,3.402036130428314209e-01,3.054023087024688721e-01,1.490045487880706787e-01,3.330838680267333984e-01,-3.696359694004058838e-01,2.765323519706726074e-01,7.940513491630554199e-01,9.993811845779418945e-01,-1.000000000000000000e+00,-1.000000000000000000e+00,2.025635838508605957e-01,-1.000000000000000000e+00,-7.184902429580688477e-01,-1.000000000000000000e+00,-1.000000000000000000e+00,-1.000000000000000000e+00,1.000000000000000000e+00,-1.000000000000000000e+00,-1.000000000000000000e+00,1.000000000000000000e+00,-1.000000000000000000e+00,-7.704816460609436035e-01,-1.000000000000000000e+00,1.000000000000000000e+00,-5.725891515612602234e-02,-1.000000000000000000e+00,-8.653091192245483398e-01,-1.000000000000000000e+00,2.269654052975454417e-01
1.788381226085118294e+09,3.449919521808624268e-01,3.030786216259002686e-01,1.459717601537704468e-01,3.291723728179931641e-01,-3.720657229423522949e-01,2.785716056823730469e-01,7.842433452606201172e-01,5.767292976379394531e-01,-1.000000000000000000e+00,-1.000000000000000000e+00,2.409760653972625732e-01,-9.551946073770523071e-02,8.225589245557785034e-02,-1.000000000000000000e+00,-1.000000000000000000e+00,-1.000000000000000000e+00,1.000000000000000000e+00,-1.000000000000000000e+00,-1.000000000000000000e+00,1.000000000000000000e+00,-1.000000000000000000e+00,-3.228892683982849121e-01,-1.000000000000000000e+00,1.000000000000000000e+00,7.262048721313476562e-01,-1.000000000000000000e+00,1.461662203073501587e-01,-1.000000000000000000e+00,2.298225481546882776e-01
1.788381226134168148e+09,3.513380289077758789e-01,2.990392446517944336e-01,1.452222317457199097e-01,3.252455592155456543e-01,-3.717176914215087891e-01,2.813185453414916992e-01,7.749647498130798340e-01,5.604337453842163086e-01,-1.000000000000000000e+00,-1.000000000000000000e+00,3.297806978225708008e-01,-5.172126889228820801e-01,3.999134600162506104e-01,-3.886609077453613281e-01,-1.000000000000000000e+00,-1.000000000000000000e+00,1.000000000000000000e+00,-1.000000000000000000e+00,-5.993108749389648438e-01,1.000000000000000000e+00,-1.000000000000000000e+00,3.806256651878356934e-01,-1.000000000000000000e+00,1.000000000000000000e+00,1.000000000000000000e+00,-1.000000000000000000e+00,6.372558474540710449e-01,-1.000000000000000000e+00,2.326796910118312522e-01
1.788381226184959650e+09,3.584593534469604492e-01,2.936923801898956299e-01,1.468466371297836304e-01,3.210828304290771484e-01,-3.685918748378753662e-01,2.847895324230194092e-01,7.661545872688293457e-01,4.946116209030151367e-01,-1.000000000000000000e+00,-1.000000000000000000e+00,-1.205033995211124420e-02,-7.482600212097167969e-01,2.787145674228668213e-01,1.000000000000000000e+00,-1.000000000000000000e+00,9.154316186904907227e-01,1.000000000000000000e+00,-7.070242166519165039e-01,-1.268708258867263794e-01,2.354879975318908691e-01,-1.000000000000000000e+00,1.000000000000000000e+00,-1.000000000000000000e+00,1.000000000000000000e+00,1.000000000000000000e+00,-1.000000000000000000e+00,9.555976390838623047e-01,-1.602655649185180664e-01,2.369654052975454783e-01
1.788381226235233545e+09,3.650676906108856201e-01,2.871946096420288086e-01,1.506780982017517090e-01,3.165714740753173828e-01,-3.628537058830261230e-01,2.890352904796600342e-01,7.584130764007568359e-01,-4.466463923454284668e-01,-5.645393133163452148e-01,-1.000000000000000000e+00,8.794308304786682129e-01,-3.841180354356765747e-02,-1.321931630373001099e-01,1.000000000000000000e+00,-1.000000000000000000e+00,1.000000000000000000e+00,1.000000000000000000e+00,-2.023743987083435059e-01,3.483079969882965088e-01,-1.000000000000000000e+00,-1.000000000000000000e+00,1.000000000000000000e+00,-1.000000000000000000e+00,1.000000000000000000e+00,1.000000000000000000e+00,-1.000000000000000000e+00,1.000000000000000000e+00,1.000000000000000000e+00,2.412511195832597599e-01
1.788381226284608603e+09,3.710941374301910400e-01,2.790922522544860840e-01,1.562565565109252930e-01,3.119748234748840332e-01,-3.548880517482757568e-01,2.938818633556365967e-01,7.520589232444763184e-01,8.681729435920715332e-01,-4.694686233997344971e-01,-1.000000000000000000e+00,-5.471045374870300293e-01,-1.000000000000000000e+00,-4.198671877384185791e-01,1.000000000000000000e+00,-1.000000000000000000e+00,1.000000000000000000e+00,1.000000000000000000e+00,3.380614221096038818e-01,7.785301804542541504e-01,-1.000000000000000000e+00,-1.000000000000000000e+00,1.000000000000000000e+00,-1.000000000000000000e+00,1.000000000000000000e+00,1.000000000000000000e+00,-1.000000000000000000e+00,7.133569717407226562e-01,1.000000000000000000e+00,2.455368338689740415e-01
1.788381226334790468e+09,3.765989840030670166e-01,2.697026133537292480e-01,1.633197069168090820e-01,3.075997233390808105e-01,-3.450170755386352539e-01,2.992285192012786865e-01,7.473481893539428711e-01,-1.000000000000000000e+00,-1.000000000000000000e+00,-3.948647081851959229e-01,1.000000000000000000e+00,-8.992371559143066406e-01,-8.114504814147949219e-01,1.000000000000000000e+00,-1.000000000000000000e+00,1.000000000000000000e+00,1.000000000000000000e+00,2.311587184667587280e-01,5.021031573414802551e-02,-1.000000000000000000e+00,-1.000000000000000000e+00,7.603141069412231445e-01,-1.000000000000000000e+00,1.000000000000000000e+00,1.000000000000000000e+00,-1.000000000000000000e+00,-7.199798822402954102e-01,1.000000000000000000e+00,2.498225481546884341e-01
1.788381226385042429e+09,3.819016218185424805e-01,2.599617242813110352e-01,1.719212085008621216e-01,3.037353456020355225e-01,-3.333421945571899414e-01,3.050659894943237305e-01,7.444378733634948730e-01,9.441065788269042969e-01,-8.606761097908020020e-01,-5.355615615844726562e-01,-2.997756898403167725e-01,-1.000000000000000000e+00,-2.165423035621643066e-01,1.000000000000000000e+00,-1.000000000000000000e+00,1.000000000000000000e+00,1.000000000000000000e+00,3.971882462501525879e-01,-4.366897046566009521e-04,-1.000000000000000000e+00,-1.000000000000000000e+00,4.834208488464355469e-01,-1.000000000000000000e+00,1.000000000000000000e+00,1.000000000000000000e+00,-1.000000000000000000e+00,-1.000000000000000000e+00,1.000000000000000000e+00,2.541082624404026324e-01
1.788381226435667038e+09,3.873529732227325439e-01,2.508445084095001221e-01,1.818159669637680054e-01,3.007649183273315430e-01,-3.202977478504180908e-01,3.111813962459564209e-01,7.435114979743957520e-01,-1.000000000000000000e+00,-1.000000000000000000e+00,2.068504542112350464e-01,1.000000000000000000e+00,2.418958395719528198e-01,-1.000000000000000000e+00,1.000000000000000000e+00,-1.000000000000000000e+00,1.000000000000000000e+00,1.000000000000000000e+00,-4.310661256313323975e-01,-1.000000000000000000e+00,-1.000000000000000000e+00,-1.000000000000000000e+00,-1.000000000000000000e+00,-1.000000000000000000e+00,1.000000000000000000e+00,1.000000000000000000e+00,-1.000000000000000000e+00,-1.000000000000000000e+00,-3.913592994213104248e-01,2.583939767261169140e-01
1.788381226485342741e+09,3.914965391159057617e-01,2.429372072219848633e-01,1.926011592149734497e-01,2.983934879302978516e-01,-3.064461052417755127e-01,3.174336254596710205e-01,7.447136044502258301e-01,-3.584589362144470215e-01,-1.000000000000000000e+00,-1.000000000000000000e+00,-2.025972902774810791e-01,-1.000000000000000000e+00,-1.000000000000000000e+00,-1.000000000000000000e+00,-1.000000000000000000e+00,-8.525055050849914551e-01,1.000000000000000000e+00,-1.000000000000000000e+00,-1.000000000000000000e+00,1.000000000000000000e+00,-1.000000000000000000e+00,-1.000000000000000000e+00,-1.000000000000000000e+00,1.000000000000000000e+00,-4.203900098800659180e-01,-1.000000000000000000e+00,-1.000000000000000000e+00,-1.000000000000000000e+00,2.533939767261169651e-01
1.788381226537983179e+09,3.935567736625671387e-01,2.365138828754425049e-01,2.041593790054321289e-01,2.965806722640991211e-01,-2.919277250766754150e-01,3.240627348423004150e-01,7.482865452766418457e-01,-1.249796375632286072e-01,-1.000000000000000000e+00,-2.763628661632537842e-01,1.000000000000000000e+00,-1.000000000000000000e+00,-1.000000000000000000e+00,-1.000000000000000000e+00,-1.000000000000000000e+00,-1.000000000000000000e+00,1.000000000000000000e+00,-1.000000000000000000e+00,-1.000000000000000000e+00,1.000000000000000000e+00,-1.000000000000000000e+00,-1.000000000000000000e+00,-1.000000000000000000e+00,7.652598619461059570e-01,-1.000000000000000000e+00,-1.000000000000000000e+00,-1.000000000000000000e+00,-1.000000000000000000e+00,2.483939767261169884e-01
1.788381226592545986e+09,3.945147991180419922e-01,2.320284396409988403e-01,2.164811491966247559e-01,2.960501909255981445e-01,-2.767276465892791748e-01,3.313656449317932129e-01,7.548565864562988281e-01,8.639929443597793579e-02,-1.000000000000000000e+00,-3.743532001972198486e-01,2.910044789314270020e-01,-6.518546342849731445e-01,-8.259506821632385254e-01,-1.000000000000000000e+00,-1.000000000000000000e+00,-1.000000000000000000e+00,1.000000000000000000e+00,-1.000000000000000000e+00,-1.000000000000000000e+00,1.000000000000000000e+00,-1.000000000000000000e+00,-1.000000000000000000e+00,-1.000000000000000000e+00,9.501025080680847168e-01,-1.000000000000000000e+00,-1.000000000000000000e+00,-1.000000000000000000e+00,-1.000000000000000000e+00,2.433939767261168730e-01
1.788381226640248060e+09,3.949384093284606934e-01,2.295105457305908203e-01,2.290105968713760376e-01,2.964878380298614502e-01,-2.614664137363433838e-01,3.390830159187316895e-01,7.638077735900878906e-01,7.894010096788406372e-02,-1.000000000000000000e+00,-4.858554899692535400e-01,2.620924711227416992e-01,2.662149965763092041e-01,2.257618159055709839e-01,-1.000000000000000000e+00,-1.000000000000000000e+00,-1.000000000000000000e+00,1.000000000000000000e+00,-1.000000000000000000e+00,-1.000000000000000000e+00,1.000000000000000000e+00,-1.000000000000000000e+00,-1.000000000000000000e+00,-1.000000000000000000e+00,1.000000000000000000e+00,-1.000000000000000000e+00,-1.000000000000000000e+00,-6.966164708137512207e-01,-1.000000000000000000e+00,2.405368338689740371e-01
1.788381226688050985e+09,3.938465118408203125e-01,2.284637391567230225e-01,2.409428209066390991e-01,2.967771887779235840e-01,-2.470092773437500000e-01,3.468874394893646240e-01,7.739230394363403320e-01,-2.489525377750396729e-01,-1.000000000000000000e+00,-7.340958118438720703e-01,5.317871570587158203e-01,6.192693710327148438e-01,7.197539806365966797e-01,-1.000000000000000000e+00,-1.000000000000000000e+00,-1.000000000000000000e+00,1.000000000000000000e+00,-1.000000000000000000e+00,-1.000000000000000000e+00,1.000000000000000000e+00,-1.000000000000000000e+00,-1.000000000000000000e+00,-1.000000000000000000e+00,1.000000000000000000e+00,-1.000000000000000000e+00,-1.000000000000000000e+00,3.614718914031982422e-01,-1.000000000000000000e+00,2.376796910118312289e-01
1.788381226736577749e+09,3.906712830066680908e-01,2.281647175550460815e-01,2.519976496696472168e-01,2.965957522392272949e-01,-2.336224019527435303e-01,3.545500338077545166e-01,7.842402458190917969e-01,-2.666505575180053711e-01,-1.000000000000000000e+00,-1.000000000000000000e+00,4.737259447574615479e-01,7.417403459548950195e-01,8.097810745239257812e-01,-1.000000000000000000e+00,-1.000000000000000000e+00,-1.000000000000000000e+00,1.000000000000000000e+00,-8.379579782485961914e-01,-1.000000000000000000e+00,1.000000000000000000e+00,-1.000000000000000000e+00,-1.000000000000000000e+00,-1.000000000000000000e+00,1.000000000000000000e+00,-2.360852807760238647e-01,-1.000000000000000000e+00,1.000000000000000000e+00,-1.000000000000000000e+00,2.348225481546883653e-01
1.788381226786834717e+09,3.855544626712799072e-01,2.286174893379211426e-01,2.613879740238189697e-01,2.960957586765289307e-01,-2.221845835447311401e-01,3.616489171981811523e-01,7.939522862434387207e-01,8.500940799713134766e-01,-1.000000000000000000e+00,-8.110429644584655762e-01,5.613521337509155273e-01,1.000000000000000000e+00,5.274552106857299805e-01,-1.000000000000000000e+00,-1.000000000000000000e+00,-1.000000000000000000e+00,1.000000000000000000e+00,-1.000000000000000000e+00,-1.000000000000000000e+00,1.000000000000000000e+00,-1.000000000000000000e+00,-1.000000000000000000e+00,-1.000000000000000000e+00,1.000000000000000000e+00,-5.256251096725463867e-01,-1.000000000000000000e+00,6.675958037376403809e-01,-1.000000000000000000e+00,2.319654052975454461e-01
1.788381226836593628e+09,3.784960210323333740e-01,2.299477308988571167e-01,2.686146795749664307e-01,2.953213751316070557e-01,-2.132839262485504150e-01,3.678466975688934326e-01,8.027952909469604492e-01,-2.281281948089599609e-01,-1.000000000000000000e+00,-9.015557765960693359e-01,5.325796008110046387e-01,1.000000000000000000e+00,4.315686523914337158e-01,-1.000000000000000000e+00,-1.000000000000000000e+00,-1.000000000000000000e+00,1.000000000000000000e+00,-1.000000000000000000e+00,-1.000000000000000000e+00,1.000000000000000000e+00,-1.000000000000000000e+00,-1.000000000000000000e+00,-1.000000000000000000e+00,1.000000000000000000e+00,-1.224599778652191162e-01,-1.000000000000000000e+00,1.000000000000000000e+00,-1.000000000000000000e+00,2.291082624404025825e-01
1.788381226886375666e+09,3.702016174793243408e-01,2.320060729980468750e-01,2.736788988113403320e-01,2.944217026233673096e-01,-2.069204598665237427e-01,3.729199469089508057e-01,8.105805516242980957e-01,5.220815539360046387e-01,-1.000000000000000000e+00,-1.000000000000000000e+00,6.338323950767517090e-01,1.000000000000000000e+00,7.442494630813598633e-01,-1.000000000000000000e+00,-1.000000000000000000e+00,-1.000000000000000000e+00,1.000000000000000000e+00,-1.000000000000000000e+00,-1.000000000000000000e+00,1.000000000000000000e+00,-1.000000000000000000e+00,-5.314617753028869629e-01,-1.000000000000000000e+00,1.000000000000000000e+00,1.000000000000000000e+00,-1.000000000000000000e+00,1.000000000000000000e+00,-1.000000000000000000e+00,2.319654052975454461e-01
1.788381226936665297e+09,3.624882996082305908e-01,2.347822040319442749e-01,2.763107717037200928e-01,2.938451170921325684e-01,-2.033347785472869873e-01,3.766560852527618408e-01,8.169600963592529297e-01,4.240860939025878906e-01,-1.000000000000000000e+00,-6.188147068023681641e-01,7.582340836524963379e-01,1.000000000000000000e+00,2.765083611011505127e-01,-4.486340880393981934e-01,-1.000000000000000000e+00,-9.338176250457763672e-01,1.000000000000000000e+00,-1.000000000000000000e+00,-9.908161759376525879e-01,1.000000000000000000e+00,-1.000000000000000000e+00,-1.849860101938247681e-01,-1.000000000000000000e+00,1.000000000000000000e+00,1.000000000000000000e+00,-1.000000000000000000e+00,1.000000000000000000e+00,-1.000000000000000000e+00,2.348225481546883653e-01
1.788381226986627340e+09,3.565920591354370117e-01,2.382835298776626587e-01,2.768336236476898193e-01,2.941195964813232422e-01,-2.021135240793228149e-01,3.791960477828979492e-01,8.224377036094665527e-01,2.993423938751220703e-01,-1.000000000000000000e+00,-3.711461722850799561e-01,5.119997859001159668e-01,1.000000000000000000e+00,-7.134506106376647949e-01,-1.000000000000000000e+00,-1.000000000000000000e+00,-1.000000000000000000e+00,1.000000000000000000e+00,-1.000000000000000000e+00,-1.000000000000000000e+00,1.000000000000000000e+00,-1.000000000000000000e+00,-1.000000000000000000e+00,-1.000000000000000000e+00,9.599573612213134766e-01,3.815646469593048096e-01,-1.000000000000000000e+00,-4.081706404685974121e-01,-1.000000000000000000e+00,2.319654052975454461e-01
1.788381227037056208e+09,3.527791798114776611e-01,2.423707395792007446e-01,2.758689820766448975e-01,2.955627739429473877e-01,-2.025415301322937012e-01,3.808272182941436768e-01,8.276544213294982910e-01,3.797573149204254150e-01,-1.000000000000000000e+00,-2.956096827983856201e-01,5.521458983421325684e-01,1.000000000000000000e+00,-6.754212379455566406e-01,-1.000000000000000000e+00,-1.000000000000000000e+00,-1.000000000000000000e+00,1.000000000000000000e+00,-1.000000000000000000e+00,-1.000000000000000000e+00,1.000000000000000000e+00,-1.000000000000000000e+00,-1.000000000000000000e+00,-1.000000000000000000e+00,5.878649950027465820e-01,-4.234766960144042969e-01,-1.000000000000000000e+00,-8.940516114234924316e-01,-1.000000000000000000e+00,2.269654052975454417e-01
1.788381227086975813e+09,3.510496318340301514e-01,2.468267679214477539e-01,2.736755013465881348e-01,2.981243133544921875e-01,-2.043406069278717041e-01,3.814643323421478271e-01,8.326258063316345215e-01,5.082440376281738281e-01,-1.000000000000000000e+00,-6.705586314201354980e-01,2.573894560337066650e-01,1.000000000000000000e+00,-4.792402684688568115e-01,-1.000000000000000000e+00,-1.000000000000000000e+00,-1.000000000000000000e+00,1.000000000000000000e+00,-1.000000000000000000e+00,-1.000000000000000000e+00,1.000000000000000000e+00,-1.000000000000000000e+00,-1.000000000000000000e+00,-1.000000000000000000e+00,4.987810254096984863e-01,-5.610118508338928223e-01,-1.000000000000000000e+00,-6.341583728790283203e-01,-1.000000000000000000e+00,2.219654052975454928e-01
1.788381227137064457e+09,3.514034152030944824e-01,2.514788806438446045e-01,2.704552412033081055e-01,3.016024827957153320e-01,-2.073101103305816650e-01,3.809688091278076172e-01,8.371950984001159668e-01,1.000000000000000000e+00,-1.000000000000000000e+00,-3.845952451229095459e-01,2.166033834218978882e-01,1.000000000000000000e+00,-5.056269764900207520e-01,-1.000000000000000000e+00,-1.000000000000000000e+00,-1.000000000000000000e+00,1.000000000000000000e+00,-1.000000000000000000e+00,-1.000000000000000000e+00,1.000000000000000000e+00,-1.000000000000000000e+00,-1.000000000000000000e+00,-1.000000000000000000e+00,3.964247405529022217e-01,-2.672823667526245117e-01,-1.000000000000000000e+00,-5.076945424079895020e-01,-1.000000000000000000e+00,2.169654052975455161e-01
1.788381227187348366e+09,3.538405299186706543e-01,2.562581002712249756e-01,2.664299607276916504e-01,3.059184253215789795e-01,-2.112017869949340820e-01,3.794956207275390625e-01,8.412733674049377441e-01,1.000000000000000000e+00,-1.000000000000000000e+00,-4.282350838184356689e-01,5.772374272346496582e-01,1.000000000000000000e+00,-1.578904241323471069e-01,-1.000000000000000000e+00,-1.000000000000000000e+00,-1.000000000000000000e+00,1.000000000000000000e+00,-1.000000000000000000e+00,-1.000000000000000000e+00,1.000000000000000000e+00,-1.000000000000000000e+00,-1.000000000000000000e+00,-1.000000000000000000e+00,5.556862354278564453e-01,3.210936486721038818e-01,-1.000000000000000000e+00,2.731370925903320312e-02,-1.000000000000000000e+00,2.141082624404025692e-01
1.788381227239289045e+09,3.583609759807586670e-01,2.610947191715240479e-01,2.616322934627532959e-01,3.108895421028137207e-01,-2.159772515296936035e-01,3.770933151245117188e-01,8.445757627487182617e-01,1.000000000000000000e+00,-1.000000000000000000e+00,-5.372994542121887207e-01,3.984889388084411621e-01,1.000000000000000000e+00,1.645214259624481201e-01,-3.212370276451110840e-01,-1.000000000000000000e+00,-1.000000000000000000e+00,1.000000000000000000e+00,-1.000000000000000000e+00,-1.000000000000000000e+00,1.000000000000000000e+00,-1.000000000000000000e+00,-5.440243482589721680e-01,-1.000000000000000000e+00,9.309500455856323242e-01,1.000000000000000000e+00,-1.000000000000000000e+00,9.036017060279846191e-01,-1.000000000000000000e+00,2.169654052975455161e-01
1.788381227287644625e+09,3.649647533893585205e-01,2.659622430801391602e-01,2.557343244552612305e-01,3.163085281848907471e-01,-2.220138013362884521e-01,3.735392987728118896e-01,8.466593027114868164e-01,-8.615844249725341797e-01,-1.000000000000000000e+00,-7.340163588523864746e-01,9.572592377662658691e-01,1.000000000000000000e+00,2.608859241008758545e-01,1.000000000000000000e+00,-6.419540047645568848e-01,-3.859004080295562744e-01,1.000000000000000000e+00,-1.000000000000000000e+00,-1.000000000000000000e+00,5.189046859741210938e-01,-1.000000000000000000e+00,1.014639437198638916e-01,-1.000000000000000000e+00,1.000000000000000000e+00,1.000000000000000000e+00,-1.000000000000000000e+00,1.000000000000000000e+00,-4.726055562496185303e-01,2.219654052975454650e-01
1.788381227338066339e+09,3.736518621444702148e-01,2.701518237590789795e-01,2.482837587594985962e-01,3.218913674354553223e-01,-2.297466546297073364e-01,3.684154748916625977e-01,8.471212983131408691e-01,1.000000000000000000e+00,-4.886943101882934570e-01,-9.307538866996765137e-01,-2.451660931110382080e-01,1.000000000000000000e+00,-7.398080825805664062e-01,1.000000000000000000e+00,-7.328537106513977051e-01,-6.192108392715454102e-01,1.000000000000000000e+00,-1.000000000000000000e+00,-1.000000000000000000e+00,7.612033933401107788e-02,-1.000000000000000000e+00,-3.060880601406097412e-01,-1.000000000000000000e+00,1.000000000000000000e+00,1.000000000000000000e+00,-1.000000000000000000e+00,-5.384809374809265137e-01,-4.722153246402740479e-01,2.248225481546883286e-01
1.788381227387539387e+09,3.838377296924591064e-01,2.730281054973602295e-01,2.391528785228729248e-01,3.274294435977935791e-01,-2.392400205135345459e-01,3.616670072078704834e-01,8.462750315666198730e-01,-1.737598329782485962e-01,-1.000000000000000000e+00,1.238769069314002991e-01,1.000000000000000000e+00,1.000000000000000000e+00,-1.000000000000000000e+00,1.000000000000000000e+00,-1.000000000000000000e+00,-8.529081344604492188e-01,1.000000000000000000e+00,-1.000000000000000000e+00,-1.000000000000000000e+00,3.757742047309875488e-01,-1.000000000000000000e+00,-1.000000000000000000e+00,-1.000000000000000000e+00,9.179890155792236328e-01,8.083657622337341309e-01,-1.000000000000000000e+00,-1.000000000000000000e+00,-1.000000000000000000e+00,2.198225481546883520e-01
1.788381227438160896e+09,3.946335017681121826e-01,2.749015092849731445e-01,2.289204746484756470e-01,3.324575126171112061e-01,-2.499903887510299683e-01,3.534101247787475586e-01,8.443673849105834961e-01,9.293070435523986816e-01,-1.000000000000000000e+00,-8.888356089591979980e-01,-4.233668744564056396e-01,1.000000000000000000e+00,-4.783295094966888428e-01,1.000000000000000000e+00,-9.314650893211364746e-01,-1.000000000000000000e+00,1.000000000000000000e+00,-1.000000000000000000e+00,-1.000000000000000000e+00,8.588339090347290039e-01,-1.000000000000000000e+00,-1.000000000000000000e+00,-1.000000000000000000e+00,9.438934922218322754e-01,9.455822110176086426e-01,-1.000000000000000000e+00,-1.000000000000000000e+00,-1.000000000000000000e+00,2.208932840690719102e-01
1.788381227488254547e+09,4.046033322811126709e-01,2.761754095554351807e-01,2.184456884860992432e-01,3.362900316715240479e-01,-2.612610161304473877e-01,3.436496257781982422e-01,8.417874574661254883e-01,-6.443269252777099609e-01,-1.000000000000000000e+00,-7.686941623687744141e-01,3.542661964893341064e-01,1.000000000000000000e+00,-4.465256631374359131e-01,7.966709136962890625e-01,-1.000000000000000000e+00,-1.170264780521392822e-01,1.000000000000000000e+00,-1.000000000000000000e+00,-1.000000000000000000e+00,9.025201797485351562e-01,-1.000000000000000000e+00,-1.000000000000000000e+00,-1.000000000000000000e+00,8.045339584350585938e-01,1.620300561189651489e-01,-1.000000000000000000e+00,-1.000000000000000000e+00,-1.000000000000000000e+00,2.173218554976434347e-01
1.788381227540720224e+09,4.131110012531280518e-01,2.769524753093719482e-01,2.083175331354141235e-01,3.386221230030059814e-01,-2.724873125553131104e-01,3.324980735778808594e-01,8.388043045997619629e-01,1.000000000000000000e+00,-1.000000000000000000e+00,-1.000000000000000000e+00,-6.622589826583862305e-01,7.454230785369873047e-01,-4.448181688785552979e-01,7.154921293258666992e-01,-1.000000000000000000e+00,-1.000000000000000000e+00,1.000000000000000000e+00,-1.000000000000000000e+00,-1.000000000000000000e+00,1.000000000000000000e+00,-1.000000000000000000e+00,-1.000000000000000000e+00,-1.000000000000000000e+00,7.024047970771789551e-01,3.077850937843322754e-01,-1.000000000000000000e+00,-1.000000000000000000e+00,-1.000000000000000000e+00,2.123218554976434302e-01
1.788381227596606016e+09,4.200935661792755127e-01,2.773849666118621826e-01,1.987144351005554199e-01,3.394017219543457031e-01,-2.834383547306060791e-01,3.203839659690856934e-01,8.353576064109802246e-01,-5.118102431297302246e-01,-1.000000000000000000e+00,-1.000000000000000000e+00,4.607523679733276367e-01,1.000000000000000000e+00,-2.451561540365219116e-01,5.914149284362792969e-01,-1.000000000000000000e+00,-7.003294825553894043e-01,1.000000000000000000e+00,-1.000000000000000000e+00,-1.000000000000000000e+00,8.963807821273803711e-01,-1.000000000000000000e+00,-1.000000000000000000e+00,-1.000000000000000000e+00,8.407320976257324219e-01,3.391661643981933594e-01,-1.000000000000000000e+00,-1.000000000000000000e+00,-1.000000000000000000e+00,2.087504269262147882e-01
1.788381227643352747e+09,4.249927997589111328e-01,2.778220176696777344e-01,1.895445436239242554e-01,3.387877941131591797e-01,-2.941662669181823730e-01,3.077673316001892090e-01,8.317713141441345215e-01,9.174589067697525024e-02,-1.000000000000000000e+00,-1.000000000000000000e+00,-1.221013143658638000e-01,1.000000000000000000e+00,3.425197303295135498e-01,1.000000000000000000e+00,-1.000000000000000000e+00,-1.000000000000000000e+00,1.000000000000000000e+00,-1.000000000000000000e+00,-1.000000000000000000e+00,4.735277891159057617e-01,-1.000000000000000000e+00,-2.906648814678192139e-01,-1.000000000000000000e+00,1.000000000000000000e+00,1.000000000000000000e+00,-1.000000000000000000e+00,-8.709458112716674805e-01,-5.244747400283813477e-01,2.094647126405005388e-01
1.788381227689364433e+09,4.278087019920349121e-01,2.783950865268707275e-01,1.808588355779647827e-01,3.372184336185455322e-01,-3.045971095561981201e-01,2.948167920112609863e-01,8.280827999114990234e-01,-4.856507182121276855e-01,-1.000000000000000000e+00,-1.000000000000000000e+00,9.816513955593109131e-02,1.000000000000000000e+00,4.810568988323211670e-01,1.000000000000000000e+00,-8.695819973945617676e-01,7.553856074810028076e-02,1.000000000000000000e+00,-1.000000000000000000e+00,-8.935058712959289551e-01,-5.666432380676269531e-01,-1.000000000000000000e+00,2.768253684043884277e-01,-1.000000000000000000e+00,1.000000000000000000e+00,1.000000000000000000e+00,-1.000000000000000000e+00,-5.521494150161743164e-01,2.674422562122344971e-01,2.144647126405005433e-01
1.788381227738065720e+09,4.285412728786468506e-01,2.791268229484558105e-01,1.727384924888610840e-01,3.349895775318145752e-01,-3.146407604217529297e-01,2.815916240215301514e-01,8.242342472076416016e-01,1.389375776052474976e-01,-1.000000000000000000e+00,-1.000000000000000000e+00,-4.689329862594604492e-01,1.000000000000000000e+00,2.379679083824157715e-01,1.000000000000000000e+00,-5.832430720329284668e-01,1.788670867681503296e-01,1.000000000000000000e+00,-1.000000000000000000e+00,-3.954165279865264893e-01,-1.000000000000000000e+00,-1.000000000000000000e+00,1.000000000000000000e+00,-1.000000000000000000e+00,1.000000000000000000e+00,1.000000000000000000e+00,-1.000000000000000000e+00,-3.648722767829895020e-01,1.000000000000000000e+00,2.194647126405005200e-01
1.788381227787911892e+09,4.271904826164245605e-01,2.800300717353820801e-01,1.651942133903503418e-01,3.321624100208282471e-01,-3.242617547512054443e-01,2.681849598884582520e-01,8.203495144844055176e-01,-7.102523446083068848e-01,-1.000000000000000000e+00,-1.000000000000000000e+00,2.183786928653717041e-01,1.000000000000000000e+00,-3.291890770196914673e-02,1.000000000000000000e+00,-1.252612322568893433e-01,1.000000000000000000e+00,1.000000000000000000e+00,-1.000000000000000000e+00,-1.690223813056945801e-01,-1.000000000000000000e+00,-1.000000000000000000e+00,1.000000000000000000e+00,-1.000000000000000000e+00,1.000000000000000000e+00,1.000000000000000000e+00,-1.000000000000000000e+00,-5.611530542373657227e-01,1.000000000000000000e+00,2.244647126405004689e-01
1.788381227838675976e+09,4.237563610076904297e-01,2.809779047966003418e-01,1.584245860576629639e-01,3.287259340286254883e-01,-3.332097530364990234e-01,2.547719180583953857e-01,8.165315985679626465e-01,1.000000000000000000e+00,-1.000000000000000000e+00,-1.000000000000000000e+00,-3.866058588027954102e-01,-3.648729622364044189e-01,-2.515151165425777435e-02,1.000000000000000000e+00,-7.049468755722045898e-01,1.000000000000000000e+00,1.000000000000000000e+00,-1.000000000000000000e+00,5.675944685935974121e-01,-1.000000000000000000e+00,-1.000000000000000000e+00,1.000000000000000000e+00,-1.000000000000000000e+00,1.000000000000000000e+00,1.000000000000000000e+00,-1.000000000000000000e+00,-4.194806814193725586e-01,1.000000000000000000e+00,2.293295837577604968e-01
1.788381227888636112e+09,4.182389080524444580e-01,2.817991077899932861e-01,1.526997834444046021e-01,3.246964812278747559e-01,-3.411464989185333252e-01,2.415616214275360107e-01,8.129878640174865723e-01,-1.000000000000000000e+00,-1.000000000000000000e+00,-1.000000000000000000e+00,5.325849652290344238e-01,-3.487858921289443970e-02,-9.049823880195617676e-01,1.000000000000000000e+00,-1.336892992258071899e-01,1.000000000000000000e+00,1.000000000000000000e+00,-1.000000000000000000e+00,-1.835414767265319824e-01,-1.000000000000000000e+00,-1.000000000000000000e+00,1.000000000000000000e+00,-1.000000000000000000e+00,1.000000000000000000e+00,1.000000000000000000e+00,-1.000000000000000000e+00,-1.000000000000000000e+00,1.000000000000000000e+00,2.320805539213219859e-01
1.788381227939093351e+09,4.107312858104705811e-01,2.820598781108856201e-01,1.487925797700881958e-01,3.201348483562469482e-01,-3.471696972846984863e-01,2.289071232080459595e-01,8.101419210433959961e-01,3.951276838779449463e-01,-1.000000000000000000e+00,-1.000000000000000000e+00,-9.616028666496276855e-01,-5.231091976165771484e-01,-6.946815252304077148e-01,1.000000000000000000e+00,-1.584248691797256470e-01,1.000000000000000000e+00,1.000000000000000000e+00,-1.000000000000000000e+00,-4.178700968623161316e-02,-1.000000000000000000e+00,-1.000000000000000000e+00,1.000000000000000000e+00,-1.000000000000000000e+00,1.000000000000000000e+00,1.000000000000000000e+00,-1.000000000000000000e+00,-1.000000000000000000e+00,1.000000000000000000e+00,2.348315240848834751e-01
1.788381227988980293e+09,4.014756977558135986e-01,2.813960015773773193e-01,1.473799496889114380e-01,3.151639699935913086e-01,-3.504151105880737305e-01,2.173351496458053589e-01,8.084751367568969727e-01,3.826912865042686462e-02,-1.000000000000000000e+00,-1.000000000000000000e+00,8.316350579261779785e-01,-1.000000000000000000e+00,-8.719564676284790039e-01,1.000000000000000000e+00,-9.000988304615020752e-02,7.421564459800720215e-01,1.000000000000000000e+00,-1.000000000000000000e+00,-2.675172984600067139e-01,-1.000000000000000000e+00,-1.000000000000000000e+00,8.216244578361511230e-01,-1.000000000000000000e+00,1.000000000000000000e+00,1.000000000000000000e+00,-1.000000000000000000e+00,-1.000000000000000000e+00,1.000000000000000000e+00,2.376886669420263110e-01
1.788381228038869143e+09,3.918117582798004150e-01,2.796945869922637939e-01,1.483282595872879028e-01,3.101839423179626465e-01,-3.508827388286590576e-01,2.071184068918228149e-01,8.080078959465026855e-01,9.622350335121154785e-01,-1.000000000000000000e+00,-1.000000000000000000e+00,-1.000000000000000000e+00,-1.000000000000000000e+00,-6.568838953971862793e-01,1.000000000000000000e+00,-6.076281890273094177e-03,1.000000000000000000e+00,1.000000000000000000e+00,-9.962787032127380371e-01,2.229695618152618408e-01,-1.000000000000000000e+00,-1.000000000000000000e+00,1.000000000000000000e+00,-1.000000000000000000e+00,1.000000000000000000e+00,1.000000000000000000e+00,-1.000000000000000000e+00,-1.886381357908248901e-01,1.000000000000000000e+00,2.426886669420262876e-01
1.788381228089176416e+09,3.823831379413604736e-01,2.768876254558563232e-01,1.515647619962692261e-01,3.054124414920806885e-01,-3.485726118087768555e-01,1.984512060880661011e-01,8.087844848632812500e-01,-8.251386880874633789e-01,-1.000000000000000000e+00,-1.000000000000000000e+00,2.922277152538299561e-01,-1.000000000000000000e+00,-6.515506505966186523e-01,1.000000000000000000e+00,1.256392747163772583e-01,1.000000000000000000e+00,1.000000000000000000e+00,-1.000000000000000000e+00,-2.630501687526702881e-01,-1.000000000000000000e+00,-1.000000000000000000e+00,1.000000000000000000e+00,-1.000000000000000000e+00,1.000000000000000000e+00,1.000000000000000000e+00,-1.000000000000000000e+00,-3.881585001945495605e-01,1.000000000000000000e+00,2.476886669420263476e-01
1.788381228139446735e+09,3.736404478549957275e-01,2.729518711566925049e-01,1.570288836956024170e-01,3.010056912899017334e-01,-3.434846997261047363e-01,1.915504634380340576e-01,8.107064962387084961e-01,1.000000000000000000e+00,-1.000000000000000000e+00,-1.000000000000000000e+00,-8.980054855346679688e-01,-1.000000000000000000e+00,-4.452194273471832275e-01,1.000000000000000000e+00,4.418426379561424255e-02,1.000000000000000000e+00,1.000000000000000000e+00,-7.639669179916381836e-01,1.280933767557144165e-01,-1.000000000000000000e+00,-1.000000000000000000e+00,1.000000000000000000e+00,-1.000000000000000000e+00,1.000000000000000000e+00,1.000000000000000000e+00,-1.000000000000000000e+00,-5.173396468162536621e-01,1.000000000000000000e+00,2.526886669420262965e-01
1.788381228190129042e+09,3.658514618873596191e-01,2.679408788681030273e-01,1.645066291093826294e-01,2.970398068428039551e-01,-3.357941806316375732e-01,1.867463737726211548e-01,8.135801553726196289e-01,-2.572202086448669434e-01,-1.000000000000000000e+00,-1.000000000000000000e+00,1.000000000000000000e+00,-1.000000000000000000e+00,9.104674309492111206e-02,1.000000000000000000e+00,1.000000000000000000e+00,1.000000000000000000e+00,1.000000000000000000e+00,-5.099444389343261719e-01,-1.126352325081825256e-02,-1.000000000000000000e+00,-1.000000000000000000e+00,1.000000000000000000e+00,-1.000000000000000000e+00,1.000000000000000000e+00,1.000000000000000000e+00,-1.000000000000000000e+00,2.597891092300415039e-01,1.000000000000000000e+00,2.576886669420263010e-01
1.788381228240788698e+09,3.592155277729034424e-01,2.620057761669158936e-01,1.737007498741149902e-01,2.935504913330078125e-01,-3.258165121078491211e-01,1.841526478528976440e-01,8.171728849411010742e-01,1.000000000000000000e+00,-1.000000000000000000e+00,-1.000000000000000000e+00,-1.000000000000000000e+00,-1.000000000000000000e+00,-3.859846889972686768e-01,1.000000000000000000e+00,1.000000000000000000e+00,1.000000000000000000e+00,1.000000000000000000e+00,-4.166486859321594238e-01,1.043907254934310913e-01,-1.000000000000000000e+00,-1.000000000000000000e+00,1.000000000000000000e+00,-1.000000000000000000e+00,1.000000000000000000e+00,1.000000000000000000e+00,-1.000000000000000000e+00,5.279375910758972168e-01,1.000000000000000000e+00,2.626886669420263609e-01
1.788381228290650845e+09,3.537557125091552734e-01,2.553711235523223877e-01,1.841992735862731934e-01,2.905754148960113525e-01,-3.140239417552947998e-01,1.836956739425659180e-01,8.213651776313781738e-01,-1.000000000000000000e+00,-1.000000000000000000e+00,-1.000000000000000000e+00,1.000000000000000000e+00,-1.000000000000000000e+00,-7.779338359832763672e-01,1.000000000000000000e+00,1.000000000000000000e+00,1.000000000000000000e+00,1.000000000000000000e+00,-9.924474358558654785e-01,-7.822270989418029785e-01,-1.000000000000000000e+00,-1.000000000000000000e+00,5.505737066268920898e-01,-1.000000000000000000e+00,1.000000000000000000e+00,1.000000000000000000e+00,-1.000000000000000000e+00,6.605796515941619873e-02,1.000000000000000000e+00,2.676886669420263654e-01
1.788381228340069294e+09,3.493976593017578125e-01,2.481968402862548828e-01,1.956001222133636475e-01,2.881550192832946777e-01,-3.008496463298797607e-01,1.852008551359176636e-01,8.261918425559997559e-01,1.000000000000000000e+00,-1.000000000000000000e+00,-1.000000000000000000e+00,-3.872443139553070068e-01,-1.000000000000000000e+00,-9.334464073181152344e-01,1.000000000000000000e+00,1.000000000000000000e+00,9.020651578903198242e-01,1.000000000000000000e+00,-1.000000000000000000e+00,-7.096977829933166504e-01,-1.000000000000000000e+00,-1.000000000000000000e+00,2.966712415218353271e-01,-1.000000000000000000e+00,1.000000000000000000e+00,1.000000000000000000e+00,-1.000000000000000000e+00,1.017804890871047974e-01,1.000000000000000000e+00,2.726886669420263698e-01
1.788381228390052557e+09,3.465198874473571777e-01,2.405675053596496582e-01,2.075299769639968872e-01,2.863407135009765625e-01,-2.866944372653961182e-01,1.884522289037704468e-01,8.314233422279357910e-01,1.579337865114212036e-01,-1.000000000000000000e+00,-1.000000000000000000e+00,9.763861894607543945e-01,-1.000000000000000000e+00,-7.755381464958190918e-01,1.000000000000000000e+00,1.000000000000000000e+00,9.303035736083984375e-01,1.000000000000000000e+00,-1.000000000000000000e+00,-9.997352957725524902e-01,-1.000000000000000000e+00,-1.000000000000000000e+00,-9.298902004957199097e-03,-1.000000000000000000e+00,1.000000000000000000e+00,1.000000000000000000e+00,-1.000000000000000000e+00,1.000000000000000000e+00,4.496790766716003418e-01,2.776886669420263187e-01
1.788381228441512108e+09,3.451974987983703613e-01,2.326180040836334229e-01,2.197052091360092163e-01,2.851045131683349609e-01,-2.719003260135650635e-01,1.932755708694458008e-01,8.368829488754272461e-01,5.835098028182983398e-01,-1.000000000000000000e+00,-1.000000000000000000e+00,-3.472336828708648682e-01,-1.000000000000000000e+00,-1.000000000000000000e+00,6.762395501136779785e-01,6.282624602317810059e-01,3.646658658981323242e-01,1.000000000000000000e+00,-1.000000000000000000e+00,-1.000000000000000000e+00,-5.230678319931030273e-01,-1.000000000000000000e+00,-3.786671161651611328e-01,-1.000000000000000000e+00,9.933030605316162109e-01,1.000000000000000000e+00,-1.000000000000000000e+00,1.000000000000000000e+00,-7.613562047481536865e-05,2.826886669420263232e-01
1.788381228492586851e+09,3.452689945697784424e-01,2.245607376098632812e-01,2.319529205560684204e-01,2.844483554363250732e-01,-2.566931545734405518e-01,1.995858997106552124e-01,8.426361680030822754e-01,-3.458861112594604492e-01,-1.000000000000000000e+00,-7.871714234352111816e-01,1.000000000000000000e+00,-1.000000000000000000e+00,-1.000000000000000000e+00,-1.000000000000000000e+00,-4.070333242416381836e-01,-3.151966631412506104e-01,1.000000000000000000e+00,-1.000000000000000000e+00,-1.000000000000000000e+00,9.571295380592346191e-01,-1.000000000000000000e+00,-1.000000000000000000e+00,-1.000000000000000000e+00,3.998493254184722900e-01,-2.808836698532104492e-01,-1.000000000000000000e+00,3.051942586898803711e-01,-1.000000000000000000e+00,2.819253058578235493e-01
1.788381228543968678e+09,3.456265032291412354e-01,2.166076004505157471e-01,2.441478371620178223e-01,2.841709852218627930e-01,-2.412382513284683228e-01,2.074768543243408203e-01,8.490133285522460938e-01,1.117101684212684631e-01,-1.000000000000000000e+00,-1.000000000000000000e+00,1.519524455070495605e-01,-1.000000000000000000e+00,-1.000000000000000000e+00,-1.000000000000000000e+00,-3.385595083236694336e-01,-1.000000000000000000e+00,1.000000000000000000e+00,-1.000000000000000000e+00,-1.000000000000000000e+00,1.000000000000000000e+00,-1.000000000000000000e+00,-1.000000000000000000e+00,-1.000000000000000000e+00,5.395352840423583984e-01,-8.284226655960083008e-01,-1.000000000000000000e+00,1.000000000000000000e+00,-1.000000000000000000e+00,2.797824487149663808e-01
1.788381228596260309e+09,3.466510474681854248e-01,2.087777107954025269e-01,2.561376988887786865e-01,2.842822670936584473e-01,-2.256892025470733643e-01,2.169324904680252075e-01,8.557353615760803223e-01,3.136164546012878418e-01,-1.000000000000000000e+00,-8.652039766311645508e-01,5.673558115959167480e-01,-1.000000000000000000e+00,-7.283181548118591309e-01,-1.000000000000000000e+00,-4.391086101531982422e-01,-1.000000000000000000e+00,1.000000000000000000e+00,-1.000000000000000000e+00,-1.000000000000000000e+00,1.000000000000000000e+00,-1.000000000000000000e+00,-1.000000000000000000e+00,-1.000000000000000000e+00,6.761205792427062988e-01,-5.520358681678771973e-01,-1.000000000000000000e+00,1.000000000000000000e+00,-1.000000000000000000e+00,2.776395915721093233e-01
1.788381228645964146e+09,3.494310379028320312e-01,2.011351138353347778e-01,2.674922347068786621e-01,2.842443287372589111e-01,-2.104865014553070068e-01,2.278681695461273193e-01,8.619330525398254395e-01,4.873828887939453125e-01,-1.000000000000000000e+00,-1.000000000000000000e+00,4.175357818603515625e-01,-8.644499778747558594e-01,-1.710415780544281006e-01,-1.000000000000000000e+00,-2.839187681674957275e-01,-1.000000000000000000e+00,1.000000000000000000e+00,-7.118396759033203125e-01,-1.000000000000000000e+00,1.000000000000000000e+00,-1.000000000000000000e+00,-6.200966835021972656e-01,-1.000000000000000000e+00,1.000000000000000000e+00,4.206287562847137451e-01,-1.000000000000000000e+00,1.000000000000000000e+00,-1.000000000000000000e+00,2.754967344292521547e-01
1.788381228692775965e+09,3.529286384582519531e-01,1.941618770360946655e-01,2.776627838611602783e-01,2.837067842483520508e-01,-1.963562518358230591e-01,2.399782836437225342e-01,8.669810891151428223e-01,-2.182952314615249634e-01,-1.000000000000000000e+00,-9.350605010986328125e-01,1.000000000000000000e+00,2.994922101497650146e-01,2.482049018144607544e-01,-1.000000000000000000e+00,-1.025221347808837891e-01,-1.000000000000000000e+00,1.000000000000000000e+00,-3.257211148738861084e-01,-9.891175627708435059e-01,1.000000000000000000e+00,-1.000000000000000000e+00,1.922170966863632202e-01,-1.000000000000000000e+00,1.000000000000000000e+00,1.000000000000000000e+00,-1.000000000000000000e+00,1.000000000000000000e+00,-1.000000000000000000e+00,2.790681630006807135e-01
1.788381228742128611e+09,3.563170135021209717e-01,1.883980929851531982e-01,2.860733866691589355e-01,2.830362915992736816e-01,-1.840682327747344971e-01,2.528193891048431396e-01,8.704577088356018066e-01,4.207837283611297607e-01,-1.000000000000000000e+00,-1.000000000000000000e+00,1.000000000000000000e+00,3.688921332359313965e-01,6.308165788650512695e-01,-9.867292642593383789e-01,-8.919534683227539062e-01,-1.000000000000000000e+00,1.000000000000000000e+00,-1.488799750804901123e-01,-7.031013369560241699e-01,1.000000000000000000e+00,-1.000000000000000000e+00,5.257215499877929688e-01,-1.000000000000000000e+00,1.000000000000000000e+00,1.000000000000000000e+00,-1.000000000000000000e+00,1.000000000000000000e+00,-9.066988825798034668e-01,2.819253058578235493e-01
1.788381228792433500e+09,3.589669167995452881e-01,1.843174397945404053e-01,2.923105657100677490e-01,2.820585668087005615e-01,-1.742288917303085327e-01,2.658657133579254150e-01,8.721347451210021973e-01,-3.392710164189338684e-02,-1.000000000000000000e+00,-1.000000000000000000e+00,8.589875102043151855e-01,3.074545264244079590e-01,4.214637577533721924e-01,-6.262406706809997559e-01,-1.000000000000000000e+00,-4.262362122535705566e-01,1.000000000000000000e+00,-3.060362115502357483e-02,-8.927567005157470703e-01,1.000000000000000000e+00,-1.000000000000000000e+00,2.357133179903030396e-01,-1.000000000000000000e+00,1.000000000000000000e+00,1.000000000000000000e+00,-1.000000000000000000e+00,1.000000000000000000e+00,-9.004470705986022949e-01,2.862110201435377754e-01
1.788381228842681646e+09,3.608398437500000000e-01,1.821301281452178955e-01,2.961684763431549072e-01,2.808560132980346680e-01,-1.671498715877532959e-01,2.786847352981567383e-01,8.720803856849670410e-01,4.679732024669647217e-01,-1.000000000000000000e+00,-9.918534755706787109e-01,1.000000000000000000e+00,2.491514533758163452e-01,6.244019418954849243e-02,-1.000000000000000000e+00,-1.000000000000000000e+00,-8.897435665130615234e-01,1.000000000000000000e+00,-1.869146078824996948e-01,-1.000000000000000000e+00,1.000000000000000000e+00,-1.000000000000000000e+00,-3.982814550399780273e-01,-1.000000000000000000e+00,1.000000000000000000e+00,1.000000000000000000e+00,-1.000000000000000000e+00,1.000000000000000000e+00,-1.000000000000000000e+00,2.890681630006806668e-01
1.788381228892998219e+09,3.625939190387725830e-01,1.818361729383468628e-01,2.977908551692962646e-01,2.798461914062500000e-01,-1.627145558595657349e-01,2.909047305583953857e-01,8.709045648574829102e-01,-1.270676255226135254e-01,-1.000000000000000000e+00,-6.348271369934082031e-01,5.526673197746276855e-01,1.000000000000000000e+00,-7.769199013710021973e-01,-1.000000000000000000e+00,-1.000000000000000000e+00,-8.180855512619018555e-01,1.000000000000000000e+00,-9.637433886528015137e-01,-1.000000000000000000e+00,1.000000000000000000e+00,-1.000000000000000000e+00,-1.000000000000000000e+00,-1.000000000000000000e+00,1.000000000000000000e+00,4.419951513409614563e-02,-1.000000000000000000e+00,-4.203783273696899414e-01,-1.000000000000000000e+00,2.840681630006806624e-01
1.788381228942680836e+09,3.647228479385375977e-01,1.835623085498809814e-01,2.972669303417205811e-01,2.794008255004882812e-01,-1.609229445457458496e-01,3.019341230392456055e-01,8.691340684890747070e-01,7.811019420623779297e-01,-1.000000000000000000e+00,-8.393809795379638672e-01,3.079255223274230957e-01,1.000000000000000000e+00,-3.606026768684387207e-01,-1.000000000000000000e+00,-1.000000000000000000e+00,-1.000000000000000000e+00,1.000000000000000000e+00,-1.000000000000000000e+00,-1.000000000000000000e+00,1.000000000000000000e+00,-1.000000000000000000e+00,-1.000000000000000000e+00,-1.000000000000000000e+00,1.000000000000000000e+00,-7.619088292121887207e-01,-1.000000000000000000e+00,-7.751023173332214355e-01,-1.000000000000000000e+00,2.790681630006807135e-01
1.788381228992730379e+09,3.671240210533142090e-01,1.873085200786590576e-01,2.946928143501281738e-01,2.795886993408203125e-01,-1.617538928985595703e-01,3.112933635711669922e-01,8.670325875282287598e-01,9.647771716117858887e-02,-1.000000000000000000e+00,-7.955785989761352539e-01,4.222910106182098389e-01,1.000000000000000000e+00,-2.146181315183639526e-01,-1.000000000000000000e+00,-1.000000000000000000e+00,-1.000000000000000000e+00,1.000000000000000000e+00,-1.000000000000000000e+00,-1.000000000000000000e+00,1.000000000000000000e+00,-1.000000000000000000e+00,-1.000000000000000000e+00,-1.000000000000000000e+00,1.000000000000000000e+00,-1.000000000000000000e+00,-1.000000000000000000e+00,-6.861803531646728516e-01,-1.000000000000000000e+00,2.740681630006807645e-01
1.788381229042747974e+09,3.698041737079620361e-01,1.928212344646453857e-01,2.904498279094696045e-01,2.799399197101593018e-01,-1.648357063531875610e-01,3.185600042343139648e-01,8.647211790084838867e-01,1.000000000000000000e+00,-1.000000000000000000e+00,-8.714917302131652832e-01,-4.946514964103698730e-01,1.000000000000000000e+00,9.124129265546798706e-02,-1.000000000000000000e+00,-1.000000000000000000e+00,-1.000000000000000000e+00,1.000000000000000000e+00,-1.000000000000000000e+00,-1.000000000000000000e+00,1.000000000000000000e+00,-1.000000000000000000e+00,-1.000000000000000000e+00,-1.000000000000000000e+00,1.000000000000000000e+00,-6.248374581336975098e-01,-1.000000000000000000e+00,-4.818498492240905762e-01,-1.000000000000000000e+00,2.690681630006807601e-01
1.788381229092847347e+09,3.732065856456756592e-01,1.999716311693191528e-01,2.845882773399353027e-01,2.803268432617187500e-01,-1.701034009456634521e-01,3.234331011772155762e-01,8.621944189071655273e-01,1.231345906853675842e-01,-1.000000000000000000e+00,-5.082470178604125977e-01,6.574254631996154785e-01,1.000000000000000000e+00,2.772078216075897217e-01,-1.000000000000000000e+00,-1.000000000000000000e+00,-1.000000000000000000e+00,1.000000000000000000e+00,-1.000000000000000000e+00,-1.000000000000000000e+00,1.000000000000000000e+00,-1.000000000000000000e+00,-1.000000000000000000e+00,-1.000000000000000000e+00,1.000000000000000000e+00,-4.331242442131042480e-01,-1.000000000000000000e+00,2.067956328392028809e-01,-1.000000000000000000e+00,2.662110201435378132e-01
1.788381229143023729e+09,3.770851790904998779e-01,2.082892954349517822e-01,2.773043811321258545e-01,2.806015610694885254e-01,-1.773114949464797974e-01,3.259693086147308350e-01,8.591650128364562988e-01,7.021752595901489258e-01,-1.000000000000000000e+00,-9.484143257141113281e-01,-2.575859613716602325e-02,1.000000000000000000e+00,5.651392936706542969e-01,-1.000000000000000000e+00,-1.000000000000000000e+00,-1.000000000000000000e+00,1.000000000000000000e+00,-1.000000000000000000e+00,-1.000000000000000000e+00,1.000000000000000000e+00,-1.000000000000000000e+00,-7.820451855659484863e-01,-1.000000000000000000e+00,1.000000000000000000e+00,8.892897367477416992e-01,-1.000000000000000000e+00,1.000000000000000000e+00,-1.000000000000000000e+00,2.633538772863949218e-01
1.788381229193138838e+09,3.813332915306091309e-01,2.172407656908035278e-01,2.687972187995910645e-01,2.805800735950469971e-01,-1.861744523048400879e-01,3.263884186744689941e-01,8.552690148353576660e-01,6.528296321630477905e-02,-1.000000000000000000e+00,-3.450804054737091064e-01,1.000000000000000000e+00,1.000000000000000000e+00,1.000000000000000000e+00,-4.720536470413208008e-01,-1.000000000000000000e+00,-1.000000000000000000e+00,1.000000000000000000e+00,-7.187955975532531738e-01,-7.141051888465881348e-01,1.000000000000000000e+00,-1.000000000000000000e+00,1.091585159301757812e-01,-1.000000000000000000e+00,1.000000000000000000e+00,1.000000000000000000e+00,-1.000000000000000000e+00,1.000000000000000000e+00,-1.000000000000000000e+00,2.662110201435377577e-01
1.788381229244601011e+09,3.844980597496032715e-01,2.270043045282363892e-01,2.589926421642303467e-01,2.807551324367523193e-01,-1.967508345842361450e-01,3.252442777156829834e-01,8.510980010032653809e-01,-1.044603064656257629e-01,-1.000000000000000000e+00,-4.969855844974517822e-01,6.697123646736145020e-01,1.000000000000000000e+00,5.550839900970458984e-01,-3.755040764808654785e-01,-1.000000000000000000e+00,-8.197633028030395508e-01,1.000000000000000000e+00,-1.000000000000000000e+00,-1.000000000000000000e+00,1.000000000000000000e+00,-1.000000000000000000e+00,-7.043163776397705078e-01,-1.000000000000000000e+00,1.000000000000000000e+00,1.000000000000000000e+00,-1.000000000000000000e+00,-6.449949741363525391e-02,-1.000000000000000000e+00,2.677411161741988788e-01
1.788381229293604612e+09,3.868463635444641113e-01,2.376625239849090576e-01,2.478107661008834839e-01,2.819624841213226318e-01,-2.090455442667007446e-01,3.229518830776214600e-01,8.473395705223083496e-01,2.542675733566284180e-01,-1.000000000000000000e+00,3.981138020753860474e-02,7.928936481475830078e-01,1.000000000000000000e+00,3.244720399379730225e-01,-9.441614747047424316e-01,-1.000000000000000000e+00,-5.900780558586120605e-01,1.000000000000000000e+00,-1.000000000000000000e+00,-1.000000000000000000e+00,1.000000000000000000e+00,-1.000000000000000000e+00,-1.000000000000000000e+00,-1.000000000000000000e+00,1.000000000000000000e+00,5.841645598411560059e-01,-1.000000000000000000e+00,-1.000000000000000000e+00,-1.000000000000000000e+00,2.641696876027702645e-01
1.788381229343956947e+09,3.883781731128692627e-01,2.489943355321884155e-01,2.355376332998275757e-01,2.839125990867614746e-01,-2.227352410554885864e-01,3.194842040538787842e-01,8.442053794860839844e-01,4.973106458783149719e-02,-1.000000000000000000e+00,-4.541010856628417969e-01,4.095510840415954590e-01,1.000000000000000000e+00,4.560112655162811279e-01,-1.000000000000000000e+00,-1.000000000000000000e+00,-1.000000000000000000e+00,1.000000000000000000e+00,-1.000000000000000000e+00,-1.000000000000000000e+00,1.000000000000000000e+00,-1.000000000000000000e+00,-1.000000000000000000e+00,-1.000000000000000000e+00,1.000000000000000000e+00,1.602395176887512207e-01,-1.000000000000000000e+00,-1.000000000000000000e+00,-1.000000000000000000e+00,2.591696876027702601e-01
1.788381229395480394e+09,3.881959319114685059e-01,2.599014937877655029e-01,2.232067286968231201e-01,2.852232456207275391e-01,-2.367820441722869873e-01,3.143113553524017334e-01,8.410027027130126953e-01,3.749282956123352051e-01,-1.000000000000000000e+00,-1.000000000000000000e+00,-6.842775344848632812e-01,7.960771918296813965e-01,2.847877740859985352e-01,-1.000000000000000000e+00,-1.000000000000000000e+00,-1.000000000000000000e+00,1.000000000000000000e+00,-1.000000000000000000e+00,-1.000000000000000000e+00,1.000000000000000000e+00,-1.000000000000000000e+00,-1.000000000000000000e+00,-1.000000000000000000e+00,1.000000000000000000e+00,2.079990357160568237e-01,-1.000000000000000000e+00,-1.000000000000000000e+00,-1.000000000000000000e+00,2.541696876027703111e-01
1.788381229446938276e+09,3.862996101379394531e-01,2.697426080703735352e-01,2.112950086593627930e-01,2.855731248855590820e-01,-2.505275309085845947e-01,3.080234229564666748e-01,8.379414677619934082e-01,-1.616212576627731323e-01,-1.000000000000000000e+00,-6.143193840980529785e-01,5.828989148139953613e-01,6.165693998336791992e-01,2.176228016614913940e-01,-1.000000000000000000e+00,-1.000000000000000000e+00,-1.000000000000000000e+00,1.000000000000000000e+00,-1.000000000000000000e+00,-1.000000000000000000e+00,1.000000000000000000e+00,-1.000000000000000000e+00,-1.000000000000000000e+00,-1.000000000000000000e+00,1.000000000000000000e+00,7.530160248279571533e-02,-1.000000000000000000e+00,-8.089886307716369629e-01,-1.000000000000000000e+00,2.491696876027702234e-01
1.788381229497506380e+09,3.832271397113800049e-01,2.781122624874114990e-01,2.002115100622177124e-01,2.849955260753631592e-01,-2.633953392505645752e-01,3.012220561504364014e-01,8.352280259132385254e-01,4.747325181961059570e-01,-1.000000000000000000e+00,-1.000000000000000000e+00,-3.737404644489288330e-01,5.827314853668212891e-01,3.367942273616790771e-01,-8.430150747299194336e-01,-1.000000000000000000e+00,-1.000000000000000000e+00,1.000000000000000000e+00,-1.000000000000000000e+00,-8.696128726005554199e-01,1.000000000000000000e+00,-1.000000000000000000e+00,-1.094958186149597168e-01,-1.000000000000000000e+00,1.000000000000000000e+00,1.000000000000000000e+00,-1.000000000000000000e+00,2.015500217676162720e-01,-1.000000000000000000e+00,2.520268304599131981e-01
1.788381229544650555e+09,3.789784610271453857e-01,2.850182354450225830e-01,1.901828050613403320e-01,2.838675379753112793e-01,-2.752077579498291016e-01,2.936113178730010986e-01,8.326053023338317871e-01,-7.837171107530593872e-02,-1.000000000000000000e+00,-6.707364320755004883e-01,6.510754227638244629e-01,1.000000000000000000e+00,7.073067426681518555e-01,2.720662355422973633e-01,-1.000000000000000000e+00,-7.797049283981323242e-01,1.000000000000000000e+00,-1.000000000000000000e+00,-5.961889028549194336e-01,8.592970371246337891e-01,-1.000000000000000000e+00,1.539121568202972412e-01,-1.000000000000000000e+00,1.000000000000000000e+00,1.000000000000000000e+00,-1.000000000000000000e+00,2.030645161867141724e-01,-9.116344451904296875e-01,2.548839733170559785e-01
1.788381229595559835e+09,3.739638626575469971e-01,2.904604971408843994e-01,1.808297038078308105e-01,2.827944457530975342e-01,-2.862617075443267822e-01,2.855650782585144043e-01,8.300350904464721680e-01,1.000000000000000000e+00,-4.846031069755554199e-01,-1.000000000000000000e+00,-8.245279639959335327e-02,-6.689788699150085449e-01,2.203622311353683472e-01,1.000000000000000000e+00,-1.000000000000000000e+00,-1.999510377645492554e-01,1.000000000000000000e+00,-1.000000000000000000e+00,-1.882199048995971680e-01,4.208325147628784180e-01,-1.000000000000000000e+00,7.321721315383911133e-01,-1.000000000000000000e+00,1.000000000000000000e+00,1.000000000000000000e+00,-1.000000000000000000e+00,-7.904080748558044434e-01,-6.742907762527465820e-01,2.570268304599130915e-01
1.788381229649897099e+09,3.702666759490966797e-01,2.939907014369964600e-01,1.721373349428176880e-01,2.820242643356323242e-01,-2.963765859603881836e-01,2.775951921939849854e-01,8.274375200271606445e-01,4.032002687454223633e-01,-8.672232627868652344e-01,-3.215249478816986084e-01,3.657462894916534424e-01,-5.447881668806076050e-02,-2.368810474872589111e-01,1.000000000000000000e+00,-1.000000000000000000e+00,1.000000000000000000e+00,1.000000000000000000e+00,-1.000000000000000000e+00,-3.595704957842826843e-02,-7.059748768806457520e-01,-1.000000000000000000e+00,4.661883115768432617e-01,-1.000000000000000000e+00,1.000000000000000000e+00,1.000000000000000000e+00,-1.000000000000000000e+00,-1.000000000000000000e+00,-1.806160062551498413e-01,2.591696876027703156e-01
1.788381229696310997e+09,3.683127462863922119e-01,2.956088483333587646e-01,1.641477793455123901e-01,2.817075252532958984e-01,-3.054450750350952148e-01,2.700162827968597412e-01,8.250650167465209961e-01,4.256466627120971680e-01,-3.583673238754272461e-01,-7.009536027908325195e-01,-1.039536818861961365e-01,-8.298133611679077148e-01,-3.088567554950714111e-01,1.000000000000000000e+00,-1.000000000000000000e+00,1.000000000000000000e+00,1.000000000000000000e+00,-1.000000000000000000e+00,1.093734055757522583e-03,-1.000000000000000000e+00,-1.000000000000000000e+00,6.427320837974548340e-01,-1.000000000000000000e+00,1.000000000000000000e+00,1.000000000000000000e+00,-1.000000000000000000e+00,-1.000000000000000000e+00,4.174110293388366699e-01,2.613125447456274841e-01
1.788381229745306730e+09,3.676822185516357422e-01,2.951436638832092285e-01,1.572187244892120361e-01,2.818171381950378418e-01,-3.130457401275634766e-01,2.631146311759948730e-01,8.234302997589111328e-01,-2.388472706079483032e-01,-1.000000000000000000e+00,-4.101156890392303467e-01,3.757828474044799805e-01,2.093825191259384155e-01,-4.713226258754730225e-01,1.000000000000000000e+00,-1.000000000000000000e+00,1.000000000000000000e+00,1.000000000000000000e+00,-1.000000000000000000e+00,1.072759926319122314e-01,-1.000000000000000000e+00,-1.000000000000000000e+00,5.389575958251953125e-01,-1.000000000000000000e+00,1.000000000000000000e+00,1.000000000000000000e+00,-1.000000000000000000e+00,-1.000000000000000000e+00,7.555266022682189941e-01,2.634554018884845972e-01
1.788381229795110703e+09,3.686072826385498047e-01,2.927538156509399414e-01,1.521694511175155640e-01,2.821364700794219971e-01,-3.183262050151824951e-01,2.571265101432800293e-01,8.227543830871582031e-01,8.366887569427490234e-01,-1.000000000000000000e+00,-1.000000000000000000e+00,-1.000000000000000000e+00,-7.253696322441101074e-01,-2.736461162567138672e-01,1.000000000000000000e+00,-1.000000000000000000e+00,1.000000000000000000e+00,1.000000000000000000e+00,-1.000000000000000000e+00,7.236503958702087402e-01,-1.000000000000000000e+00,-1.000000000000000000e+00,1.000000000000000000e+00,-1.000000000000000000e+00,1.000000000000000000e+00,1.000000000000000000e+00,-1.000000000000000000e+00,-1.000000000000000000e+00,1.000000000000000000e+00,2.655982590313416547e-01
1.788381229844981909e+09,3.707520663738250732e-01,2.889156341552734375e-01,1.494626849889755249e-01,2.823750972747802734e-01,-3.208289146423339844e-01,2.523717284202575684e-01,8.232666850090026855e-01,-1.000000000000000000e+00,-1.000000000000000000e+00,-8.534481376409530640e-02,1.000000000000000000e+00,-3.021198511123657227e-01,-7.531371116638183594e-01,1.000000000000000000e+00,-1.000000000000000000e+00,1.000000000000000000e+00,1.000000000000000000e+00,-9.238311052322387695e-01,4.895631372928619385e-01,-1.000000000000000000e+00,-1.000000000000000000e+00,1.000000000000000000e+00,-1.000000000000000000e+00,1.000000000000000000e+00,1.000000000000000000e+00,-1.000000000000000000e+00,-1.000000000000000000e+00,1.000000000000000000e+00,2.677411161741988233e-01
1.788381229896692753e+09,3.737250566482543945e-01,2.840870916843414307e-01,1.491596847772598267e-01,2.823527157306671143e-01,-3.205538392066955566e-01,2.489654272794723511e-01,8.249300122261047363e-01,1.000000000000000000e+00,-1.000000000000000000e+00,-1.000000000000000000e+00,-1.000000000000000000e+00,-1.000000000000000000e+00,-5.465499758720397949e-01,1.000000000000000000e+00,-9.663655757904052734e-01,1.000000000000000000e+00,1.000000000000000000e+00,-1.725967675447463989e-01,8.288249969482421875e-01,-1.000000000000000000e+00,-1.000000000000000000e+00,1.000000000000000000e+00,-1.000000000000000000e+00,1.000000000000000000e+00,1.000000000000000000e+00,-1.000000000000000000e+00,-1.000000000000000000e+00,1.000000000000000000e+00,2.727411161741988832e-01
1.788381229945740700e+09,3.769222497940063477e-01,2.786892652511596680e-01,1.512789279222488403e-01,2.821512818336486816e-01,-3.175009787082672119e-01,2.472242116928100586e-01,8.276059031486511230e-01,-1.000000000000000000e+00,-1.000000000000000000e+00,-9.866324812173843384e-02,1.000000000000000000e+00,-3.975441455841064453e-01,-2.926775515079498291e-01,1.000000000000000000e+00,-5.919862985610961914e-01,1.000000000000000000e+00,1.000000000000000000e+00,5.571767091751098633e-01,4.567831158638000488e-01,-1.000000000000000000e+00,-1.000000000000000000e+00,1.000000000000000000e+00,-1.000000000000000000e+00,1.000000000000000000e+00,1.000000000000000000e+00,-1.000000000000000000e+00,-1.000000000000000000e+00,1.000000000000000000e+00,2.777411161741988876e-01
1.788381229995791435e+09,3.799487650394439697e-01,2.727636396884918213e-01,1.557884216308593750e-01,2.819213867187500000e-01,-3.116703331470489502e-01,2.474335283041000366e-01,8.309739828109741211e-01,1.000000000000000000e+00,-8.134153485298156738e-01,-1.000000000000000000e+00,-1.000000000000000000e+00,-1.000000000000000000e+00,1.395172774791717529e-01,1.000000000000000000e+00,-7.945781946182250977e-01,1.000000000000000000e+00,1.000000000000000000e+00,1.000000000000000000e+00,8.479508757591247559e-01,-1.000000000000000000e+00,-1.000000000000000000e+00,1.000000000000000000e+00,-1.000000000000000000e+00,1.000000000000000000e+00,1.000000000000000000e+00,-1.000000000000000000e+00,-1.000000000000000000e+00,1.000000000000000000e+00,2.827411161741988366e-01
1.788381230045659542e+09,3.820810616016387939e-01,2.664381563663482666e-01,1.625012904405593872e-01,2.814401388168334961e-01,-3.032479584217071533e-01,2.496401071548461914e-01,8.348458409309387207e-01,-9.798673391342163086e-01,-1.000000000000000000e+00,-4.237196743488311768e-01,1.000000000000000000e+00,-1.000000000000000000e+00,-5.735574960708618164e-01,1.000000000000000000e+00,-1.000000000000000000e+00,1.000000000000000000e+00,1.000000000000000000e+00,1.000000000000000000e+00,-1.070348322391510010e-01,-1.000000000000000000e+00,-1.000000000000000000e+00,2.827520966529846191e-01,-1.000000000000000000e+00,1.000000000000000000e+00,1.000000000000000000e+00,-1.000000000000000000e+00,-1.000000000000000000e+00,1.000000000000000000e+00,2.870268304599132292e-01
1.788381230096229076e+09,3.832466304302215576e-01,2.600104510784149170e-01,1.710283160209655762e-01,2.807238101959228516e-01,-2.926971614360809326e-01,2.534922361373901367e-01,8.390803933143615723e-01,1.000000000000000000e+00,-1.000000000000000000e+00,-1.000000000000000000e+00,-1.000000000000000000e+00,-1.000000000000000000e+00,-4.983867406845092773e-01,1.000000000000000000e+00,-7.475362420082092285e-01,1.000000000000000000e+00,1.000000000000000000e+00,7.555989623069763184e-01,-4.583748877048492432e-01,-1.000000000000000000e+00,-1.000000000000000000e+00,-1.128782778978347778e-01,-1.000000000000000000e+00,1.000000000000000000e+00,1.000000000000000000e+00,-1.000000000000000000e+00,-1.000000000000000000e+00,1.000000000000000000e+00,2.920268304599131781e-01
1.788381230145843267e+09,3.838278651237487793e-01,2.537544965744018555e-01,1.808632314205169678e-01,2.799935340881347656e-01,-2.806019186973571777e-01,2.587429285049438477e-01,8.436365723609924316e-01,-8.157979249954223633e-01,-1.000000000000000000e+00,-1.418948620557785034e-01,8.569804430007934570e-01,-8.488221168518066406e-01,-6.764261722564697266e-01,1.000000000000000000e+00,-9.921299815177917480e-01,1.000000000000000000e+00,1.000000000000000000e+00,-6.317263841629028320e-01,-1.000000000000000000e+00,-1.000000000000000000e+00,-1.000000000000000000e+00,-1.000000000000000000e+00,-1.000000000000000000e+00,1.000000000000000000e+00,1.000000000000000000e+00,-1.000000000000000000e+00,-1.000000000000000000e+00,-2.920247614383697510e-01,2.941696876027702912e-01
1.788381230195842505e+09,3.840065002441406250e-01,2.477663159370422363e-01,1.916397064924240112e-01,2.793478071689605713e-01,-2.673718631267547607e-01,2.652007937431335449e-01,8.485027551651000977e-01,1.000000000000000000e+00,-1.000000000000000000e+00,-1.000000000000000000e+00,-9.097443222999572754e-01,-1.000000000000000000e+00,-5.805946588516235352e-01,6.141752004623413086e-01,-1.000000000000000000e+00,-1.675290614366531372e-01,1.000000000000000000e+00,-1.000000000000000000e+00,-1.000000000000000000e+00,-1.817558854818344116e-01,-1.000000000000000000e+00,-1.000000000000000000e+00,-1.000000000000000000e+00,1.000000000000000000e+00,2.292940467596054077e-01,-1.000000000000000000e+00,-1.000000000000000000e+00,-8.874881267547607422e-01,2.905982590313417879e-01
1.788381230247137785e+09,3.838361799716949463e-01,2.420666366815567017e-01,2.030060589313507080e-01,2.788119614124298096e-01,-2.533993422985076904e-01,2.726713120937347412e-01,8.535957932472229004e-01,-7.435928583145141602e-01,-1.000000000000000000e+00,-3.095848858356475830e-01,1.000000000000000000e+00,-1.000000000000000000e+00,-8.563283681869506836e-01,-1.000000000000000000e+00,-1.000000000000000000e+00,-9.272829294204711914e-01,1.000000000000000000e+00,-1.000000000000000000e+00,-1.000000000000000000e+00,1.000000000000000000e+00,-1.000000000000000000e+00,-1.000000000000000000e+00,-1.000000000000000000e+00,7.523757815361022949e-01,-1.000000000000000000e+00,-1.000000000000000000e+00,-1.000000000000000000e+00,-1.000000000000000000e+00,2.855982590313418390e-01
1.788381230296609640e+09,3.834042847156524658e-01,2.367273420095443726e-01,2.146167010068893433e-01,2.783206403255462646e-01,-2.390576004981994629e-01,2.811100184917449951e-01,8.586002588272094727e-01,1.000000000000000000e+00,-1.000000000000000000e+00,-8.702081441879272461e-01,-6.979581117630004883e-01,-1.000000000000000000e+00,3.994712829589843750e-01,-1.000000000000000000e+00,-1.000000000000000000e+00,-1.000000000000000000e+00,1.000000000000000000e+00,-4.744887351989746094e-01,-1.000000000000000000e+00,1.000000000000000000e+00,-1.000000000000000000e+00,-1.000000000000000000e+00,-1.000000000000000000e+00,1.000000000000000000e+00,-7.682581543922424316e-01,-1.000000000000000000e+00,3.605439662933349609e-01,-1.000000000000000000e+00,2.828223969819694261e-01
1.788381230346374035e+09,3.830557167530059814e-01,2.321061342954635620e-01,2.261207848787307739e-01,2.777635753154754639e-01,-2.247761934995651245e-01,2.905144691467285156e-01,8.627394437789916992e-01,-1.319192796945571899e-01,-1.000000000000000000e+00,-2.953913509845733643e-01,7.293437123298645020e-01,-4.234908521175384521e-01,8.914126157760620117e-01,-1.000000000000000000e+00,-1.000000000000000000e+00,-1.000000000000000000e+00,1.000000000000000000e+00,-2.204171866178512573e-01,-1.000000000000000000e+00,1.000000000000000000e+00,-1.000000000000000000e+00,-1.000000000000000000e+00,-1.000000000000000000e+00,1.000000000000000000e+00,-3.171412348747253418e-01,-1.000000000000000000e+00,1.000000000000000000e+00,-1.000000000000000000e+00,2.803223969819694239e-01
1.788381230396541834e+09,3.824267089366912842e-01,2.284847348928451538e-01,2.368551790714263916e-01,2.767823338508605957e-01,-2.113356888294219971e-01,3.006498217582702637e-01,8.650720119476318359e-01,5.373662710189819336e-01,-1.000000000000000000e+00,-1.000000000000000000e+00,-1.837552487850189209e-01,-2.903019189834594727e-01,1.000000000000000000e+00,-1.000000000000000000e+00,-8.535692691802978516e-01,-1.000000000000000000e+00,1.000000000000000000e+00,4.846352636814117432e-01,-5.704512000083923340e-01,1.000000000000000000e+00,-1.000000000000000000e+00,4.141772091388702393e-01,-1.000000000000000000e+00,1.000000000000000000e+00,1.000000000000000000e+00,-1.000000000000000000e+00,1.000000000000000000e+00,-1.000000000000000000e+00,2.838938255533979826e-01
1.788381230447045326e+09,3.809291720390319824e-01,2.262687236070632935e-01,2.462868243455886841e-01,2.751230001449584961e-01,-1.994222104549407959e-01,3.111490011215209961e-01,8.651055097579956055e-01,-4.901194572448730469e-01,-1.000000000000000000e+00,-2.787589728832244873e-01,9.737405776977539062e-01,1.000000000000000000e+00,1.000000000000000000e+00,1.284916847944259644e-01,-6.886693835258483887e-01,9.777412414550781250e-01,1.000000000000000000e+00,1.000000000000000000e+00,-2.431788295507431030e-01,1.704388111829757690e-01,-1.000000000000000000e+00,8.824827671051025391e-01,-1.000000000000000000e+00,1.000000000000000000e+00,1.000000000000000000e+00,-1.000000000000000000e+00,1.000000000000000000e+00,-1.935711354017257690e-01,2.888938255533980981e-01
1.788381230497493982e+09,3.792322576045989990e-01,2.257550954818725586e-01,2.538685202598571777e-01,2.731110155582427979e-01,-1.897396892309188843e-01,3.211237490177154541e-01,8.627597093582153320e-01,7.584351897239685059e-01,-1.000000000000000000e+00,-1.000000000000000000e+00,-4.880023598670959473e-01,1.000000000000000000e+00,6.346465945243835449e-01,1.000000000000000000e+00,-1.000000000000000000e+00,6.320028305053710938e-01,1.000000000000000000e+00,6.789694428443908691e-01,-4.197182953357696533e-01,-1.896357387304306030e-01,-1.000000000000000000e+00,6.752964258193969727e-01,-1.000000000000000000e+00,1.000000000000000000e+00,1.000000000000000000e+00,-1.000000000000000000e+00,1.000000000000000000e+00,1.175717115402221680e-01,2.931795398391123797e-01
1.788381230551315308e+09,3.778612017631530762e-01,2.269438356161117554e-01,2.593897581100463867e-01,2.711686193943023682e-01,-1.825576126575469971e-01,3.299243450164794922e-01,8.587230443954467773e-01,-8.973365426063537598e-01,-1.000000000000000000e+00,-1.194171141833066940e-03,1.000000000000000000e+00,1.000000000000000000e+00,-2.582466304302215576e-01,1.000000000000000000e+00,-1.000000000000000000e+00,5.572323203086853027e-01,1.000000000000000000e+00,-4.091413617134094238e-01,-1.000000000000000000e+00,-2.792321443557739258e-01,-1.000000000000000000e+00,-7.673165202140808105e-01,-1.000000000000000000e+00,1.000000000000000000e+00,1.000000000000000000e+00,-1.000000000000000000e+00,4.220537543296813965e-01,-7.096102833747863770e-01,2.917509684105409895e-01
1.788381230601774693e+09,3.772082328796386719e-01,2.295018583536148071e-01,2.632799148559570312e-01,2.697658240795135498e-01,-1.773557960987091064e-01,3.375683426856994629e-01,8.542820811271667480e-01,1.000000000000000000e+00,-1.000000000000000000e+00,-6.137224435806274414e-01,-5.889627933502197266e-01,1.000000000000000000e+00,-4.079134166240692139e-01,1.919386237859725952e-01,-9.329499602317810059e-01,-1.000000000000000000e+00,1.000000000000000000e+00,-1.000000000000000000e+00,-1.000000000000000000e+00,8.248355984687805176e-01,-1.000000000000000000e+00,-7.356385588645935059e-01,-1.000000000000000000e+00,1.000000000000000000e+00,1.000000000000000000e+00,-1.000000000000000000e+00,2.857510447502136230e-01,-9.697244167327880859e-01,2.896081112676837654e-01
1.788381230653031826e+09,3.782437741756439209e-01,2.333264350891113281e-01,2.652861177921295166e-01,2.694518566131591797e-01,-1.743645817041397095e-01,3.437356650829315186e-01,8.499580621719360352e-01,-1.000000000000000000e+00,-1.000000000000000000e+00,6.457774639129638672e-01,1.000000000000000000e+00,7.419150471687316895e-01,4.230993241071701050e-02,-1.000000000000000000e+00,-1.000000000000000000e+00,-1.000000000000000000e+00,1.000000000000000000e+00,-1.000000000000000000e+00,-1.000000000000000000e+00,1.000000000000000000e+00,-1.000000000000000000e+00,-1.000000000000000000e+00,-1.000000000000000000e+00,1.000000000000000000e+00,6.074981093406677246e-01,-1.000000000000000000e+00,6.033728122711181641e-01,-1.000000000000000000e+00,2.867509684105408740e-01
1.788381230699033499e+09,3.809205591678619385e-01,2.382549196481704712e-01,2.648539543151855469e-01,2.699342370033264160e-01,-1.741511374711990356e-01,3.482424020767211914e-01,8.453635573387145996e-01,9.450080990791320801e-01,-1.000000000000000000e+00,-7.923744916915893555e-01,2.344777286052703857e-01,4.485501945018768311e-01,7.226909995079040527e-01,-7.113195657730102539e-01,-1.081367433071136475e-01,-1.000000000000000000e+00,1.000000000000000000e+00,-9.854112267494201660e-01,-7.567234635353088379e-01,1.000000000000000000e+00,-1.000000000000000000e+00,3.478265702724456787e-01,-1.000000000000000000e+00,1.000000000000000000e+00,1.000000000000000000e+00,-1.000000000000000000e+00,1.000000000000000000e+00,-7.287120819091796875e-01,2.903223969819694328e-01
1.788381230749749660e+09,3.842343688011169434e-01,2.438969612121582031e-01,2.619697451591491699e-01,2.705506682395935059e-01,-1.767154783010482788e-01,3.510655760765075684e-01,8.400076031684875488e-01,-4.902464449405670166e-01,-1.000000000000000000e+00,-3.402027189731597900e-01,1.000000000000000000e+00,1.000000000000000000e+00,6.574097275733947754e-01,7.777060270309448242e-01,-1.188748329877853394e-01,-7.066076993942260742e-01,1.000000000000000000e+00,-1.000000000000000000e+00,-7.694495320320129395e-01,3.290730118751525879e-01,-1.000000000000000000e+00,3.009543418884277344e-01,-1.000000000000000000e+00,1.000000000000000000e+00,1.000000000000000000e+00,-1.000000000000000000e+00,1.000000000000000000e+00,-2.810652554035186768e-01,2.938938255533981025e-01
1.788381230799212456e+09,3.876136541366577148e-01,2.499323636293411255e-01,2.568621039390563965e-01,2.710172832012176514e-01,-1.818935722112655640e-01,3.516062796115875244e-01,8.340104818344116211e-01,1.000000000000000000e+00,-1.000000000000000000e+00,-9.573632478713989258e-01,-5.474847555160522461e-01,1.000000000000000000e+00,3.365505021065473557e-03,1.000000000000000000e+00,-8.288501203060150146e-02,2.208274230360984802e-02,1.000000000000000000e+00,-9.296314120292663574e-01,-3.577654659748077393e-01,-4.979459047317504883e-01,-1.000000000000000000e+00,9.314871430397033691e-01,-1.000000000000000000e+00,1.000000000000000000e+00,1.000000000000000000e+00,-1.000000000000000000e+00,1.000000000000000000e+00,4.663452208042144775e-01,2.988938255533980515e-01
1.788381230848509789e+09,3.911611437797546387e-01,2.562437057495117188e-01,2.496562749147415161e-01,2.720028460025787354e-01,-1.895865201950073242e-01,3.494831621646881104e-01,8.284906744956970215e-01,-6.315913200378417969e-01,-1.000000000000000000e+00,2.287345677614212036e-01,1.000000000000000000e+00,1.000000000000000000e+00,-6.265341043472290039e-01,1.000000000000000000e+00,-7.134127616882324219e-01,2.264138013124465942e-01,1.000000000000000000e+00,-1.000000000000000000e+00,-9.588245749473571777e-01,-1.000000000000000000e+00,-1.000000000000000000e+00,-2.280346900224685669e-01,-1.000000000000000000e+00,1.000000000000000000e+00,1.000000000000000000e+00,-1.000000000000000000e+00,-3.554998040199279785e-01,-1.624729633331298828e-01,3.017509684105408874e-01
1.788381230899151325e+09,3.954956233501434326e-01,2.626734972000122070e-01,2.411889433860778809e-01,2.744347751140594482e-01,-1.987624764442443848e-01,3.456254303455352783e-01,8.246045112609863281e-01,9.691674709320068359e-01,-1.000000000000000000e+00,-1.893778741359710693e-01,4.762871563434600830e-02,1.000000000000000000e+00,-7.702793478965759277e-01,1.000000000000000000e+00,-1.000000000000000000e+00,-1.000000000000000000e+00,1.000000000000000000e+00,-1.000000000000000000e+00,-1.000000000000000000e+00,2.742764651775360107e-01,-1.000000000000000000e+00,-1.000000000000000000e+00,-1.000000000000000000e+00,1.000000000000000000e+00,1.000000000000000000e+00,-1.000000000000000000e+00,-1.000000000000000000e+00,-1.000000000000000000e+00,2.967509684105409384e-01
1.788381230949967861e+09,4.004205763339996338e-01,2.688569128513336182e-01,2.320974469184875488e-01,2.785061597824096680e-01,-2.086300551891326904e-01,3.407563865184783936e-01,8.230332732200622559e-01,-8.324245214462280273e-01,-1.000000000000000000e+00,1.889851391315460205e-01,1.000000000000000000e+00,1.000000000000000000e+00,-4.191484451293945312e-01,-5.092258751392364502e-02,-1.000000000000000000e+00,-1.000000000000000000e+00,1.000000000000000000e+00,-1.000000000000000000e+00,-1.000000000000000000e+00,1.000000000000000000e+00,-1.000000000000000000e+00,-1.000000000000000000e+00,-1.000000000000000000e+00,1.000000000000000000e+00,-3.312329575419425964e-02,-1.000000000000000000e+00,-1.000000000000000000e+00,-1.000000000000000000e+00,2.917509684105409895e-01
1.788381231000254631e+09,4.047581851482391357e-01,2.744219303131103516e-01,2.228823751211166382e-01,2.832086980342864990e-01,-2.187300026416778564e-01,3.346561193466186523e-01,8.233980536460876465e-01,1.000000000000000000e+00,-1.000000000000000000e+00,-1.000000000000000000e+00,-1.000000000000000000e+00,6.157687306404113770e-01,-1.102002784609794617e-01,-2.891225814819335938e-01,-1.000000000000000000e+00,-1.000000000000000000e+00,1.000000000000000000e+00,-1.000000000000000000e+00,-1.000000000000000000e+00,1.000000000000000000e+00,-1.000000000000000000e+00,-6.539928317070007324e-01,-1.000000000000000000e+00,1.000000000000000000e+00,2.648719251155853271e-01,-1.000000000000000000e+00,-9.893333315849304199e-01,-1.000000000000000000e+00,2.867509684105408740e-01
1.788381231049514055e+09,4.079179465770721436e-01,2.792513668537139893e-01,2.141235768795013428e-01,2.871991097927093506e-01,-2.285548448562622070e-01,3.270862698554992676e-01,8.241683244705200195e-01,-2.430885136127471924e-01,-1.000000000000000000e+00,-5.917445421218872070e-01,6.194230914115905762e-02,1.000000000000000000e+00,2.942286431789398193e-01,-5.442931652069091797e-01,-1.000000000000000000e+00,-8.329331874847412109e-01,1.000000000000000000e+00,-1.000000000000000000e+00,-1.000000000000000000e+00,1.000000000000000000e+00,-1.000000000000000000e+00,-7.860480546951293945e-01,-1.000000000000000000e+00,1.000000000000000000e+00,4.506886899471282959e-01,-1.000000000000000000e+00,-5.627506375312805176e-01,-1.000000000000000000e+00,2.817509684105408696e-01
1.788381231099598408e+09,4.089943766593933105e-01,2.834376692771911621e-01,2.060312181711196899e-01,2.895386517047882080e-01,-2.379826009273529053e-01,3.179071247577667236e-01,8.244408965110778809e-01,5.993054509162902832e-01,-1.000000000000000000e+00,-1.000000000000000000e+00,-5.911600589752197266e-01,1.000000000000000000e+00,6.172369718551635742e-01,8.059004545211791992e-01,-1.000000000000000000e+00,-8.233039379119873047e-01,1.000000000000000000e+00,-1.000000000000000000e+00,-3.454927504062652588e-01,6.627308130264282227e-01,-1.000000000000000000e+00,7.569230198860168457e-01,-1.000000000000000000e+00,1.000000000000000000e+00,1.000000000000000000e+00,-1.000000000000000000e+00,7.284975051879882812e-01,-4.299887418746948242e-01,2.849652541248265392e-01
1.788381231149623394e+09,4.079874753952026367e-01,2.865405976772308350e-01,1.987231224775314331e-01,2.896091043949127197e-01,-2.468479126691818237e-01,3.072501122951507568e-01,8.235192894935607910e-01,1.544011235237121582e-01,-1.000000000000000000e+00,-1.000000000000000000e+00,4.416861236095428467e-01,9.431945085525512695e-01,7.308200597763061523e-01,1.000000000000000000e+00,-8.981485366821289062e-01,1.000000000000000000e+00,1.000000000000000000e+00,-1.705650836229324341e-01,7.028284668922424316e-01,-1.000000000000000000e+00,-1.000000000000000000e+00,1.000000000000000000e+00,-1.000000000000000000e+00,1.000000000000000000e+00,1.000000000000000000e+00,-1.000000000000000000e+00,1.000000000000000000e+00,1.000000000000000000e+00,2.899652541248266546e-01
1.788381231199908972e+09,4.052352607250213623e-01,2.881108820438385010e-01,1.918424814939498901e-01,2.884068191051483154e-01,-2.552812695503234863e-01,2.959367036819458008e-01,8.219203948974609375e-01,5.254695564508438110e-02,-4.323121905326843262e-01,-1.000000000000000000e+00,-3.860521316528320312e-01,1.998818516731262207e-01,-1.000000000000000000e+00,1.000000000000000000e+00,-5.417104363441467285e-01,1.000000000000000000e+00,1.000000000000000000e+00,-5.115300789475440979e-02,1.000000000000000000e+00,-1.000000000000000000e+00,-1.000000000000000000e+00,1.000000000000000000e+00,-1.000000000000000000e+00,1.000000000000000000e+00,1.000000000000000000e+00,-1.000000000000000000e+00,1.000000000000000000e+00,1.000000000000000000e+00,2.949652541248266036e-01
1.788381231250275612e+09,4.013314843177795410e-01,2.875978350639343262e-01,1.854301095008850098e-01,2.872053682804107666e-01,-2.630564272403717041e-01,2.842682898044586182e-01,8.208653926849365234e-01,-1.326789110898971558e-01,-1.000000000000000000e+00,5.793618410825729370e-02,1.000000000000000000e+00,6.614137887954711914e-01,-1.000000000000000000e+00,1.000000000000000000e+00,2.515785694122314453e-01,1.000000000000000000e+00,1.000000000000000000e+00,-1.654653549194335938e-01,1.000000000000000000e+00,-1.000000000000000000e+00,-1.000000000000000000e+00,1.000000000000000000e+00,-1.000000000000000000e+00,1.000000000000000000e+00,1.000000000000000000e+00,-1.000000000000000000e+00,6.094527244567871094e-01,1.000000000000000000e+00,2.999652541248266080e-01
1.788381231299955368e+09,3.968310356140136719e-01,2.850014567375183105e-01,1.795483380556106567e-01,2.862664759159088135e-01,-2.699984908103942871e-01,2.725408077239990234e-01,8.208195567131042480e-01,1.531292647123336792e-01,-6.370075345039367676e-01,-8.589997291564941406e-01,-3.938360810279846191e-01,-4.910597801208496094e-01,-1.000000000000000000e+00,1.000000000000000000e+00,1.000000000000000000e+00,1.000000000000000000e+00,1.000000000000000000e+00,-3.471680879592895508e-01,1.000000000000000000e+00,-1.000000000000000000e+00,-1.000000000000000000e+00,1.000000000000000000e+00,-1.000000000000000000e+00,1.000000000000000000e+00,1.000000000000000000e+00,-1.000000000000000000e+00,-2.607151865959167480e-01,1.000000000000000000e+00,3.049652541248266124e-01
1.788381231349977970e+09,3.921177983283996582e-01,2.803217470645904541e-01,1.743743270635604858e-01,2.858807444572448730e-01,-2.757708132266998291e-01,2.613053023815155029e-01,8.224426507949829102e-01,-1.000000000000000000e+00,-1.000000000000000000e+00,8.708718419075012207e-01,1.000000000000000000e+00,2.994721531867980957e-01,-1.000000000000000000e+00,1.000000000000000000e+00,1.000000000000000000e+00,1.000000000000000000e+00,1.000000000000000000e+00,-1.948435306549072266e-01,9.077793955802917480e-01,-1.000000000000000000e+00,-1.000000000000000000e+00,1.000000000000000000e+00,-1.000000000000000000e+00,1.000000000000000000e+00,1.000000000000000000e+00,-1.000000000000000000e+00,-1.000000000000000000e+00,1.000000000000000000e+00,3.075728173544816646e-01
1.788381231403105021e+09,3.880845904350280762e-01,2.739765942096710205e-01,1.708323210477828979e-01,2.859564721584320068e-01,-2.794170677661895752e-01,2.509948313236236572e-01,8.262627124786376953e-01,6.194670200347900391e-01,-1.000000000000000000e+00,-1.000000000000000000e+00,-5.168798565864562988e-01,-1.000000000000000000e+00,-1.000000000000000000e+00,1.000000000000000000e+00,1.000000000000000000e+00,1.000000000000000000e+00,1.000000000000000000e+00,3.761615157127380371e-01,8.296303749084472656e-01,-1.000000000000000000e+00,-1.000000000000000000e+00,1.000000000000000000e+00,-1.000000000000000000e+00,1.000000000000000000e+00,1.000000000000000000e+00,-1.000000000000000000e+00,-1.000000000000000000e+00,1.000000000000000000e+00,3.122551705558608282e-01
1.788381231450805664e+09,3.843528032302856445e-01,2.672262191772460938e-01,1.694037765264511108e-01,2.860854268074035645e-01,-2.805825471878051758e-01,2.421153038740158081e-01,8.325805068016052246e-01,-1.000000000000000000e+00,-1.000000000000000000e+00,-3.518806397914886475e-01,8.737465739250183105e-01,1.757788658142089844e-01,-1.000000000000000000e+00,1.000000000000000000e+00,1.000000000000000000e+00,1.000000000000000000e+00,1.000000000000000000e+00,2.598040401935577393e-01,4.020332172513008118e-02,-1.000000000000000000e+00,-1.000000000000000000e+00,8.727161288261413574e-01,-1.000000000000000000e+00,1.000000000000000000e+00,1.000000000000000000e+00,-1.000000000000000000e+00,-1.000000000000000000e+00,9.780448675155639648e-01,3.169375237572399917e-01
1.788381231501135588e+09,3.808852136135101318e-01,2.608063220977783203e-01,1.699845045804977417e-01,2.861285507678985596e-01,-2.794849574565887451e-01,2.348300367593765259e-01,8.408979177474975586e-01,1.000000000000000000e+00,-1.000000000000000000e+00,-1.000000000000000000e+00,-1.000000000000000000e+00,-1.000000000000000000e+00,-4.151606857776641846e-01,1.000000000000000000e+00,6.641185879707336426e-01,1.000000000000000000e+00,1.000000000000000000e+00,7.016177177429199219e-01,3.630221784114837646e-01,-1.000000000000000000e+00,-1.000000000000000000e+00,1.000000000000000000e+00,-1.000000000000000000e+00,1.000000000000000000e+00,1.000000000000000000e+00,-1.000000000000000000e+00,-1.000000000000000000e+00,1.000000000000000000e+00,3.217387742770376202e-01
1.788381231555051327e+09,3.778057694435119629e-01,2.554622292518615723e-01,1.728348731994628906e-01,2.860212922096252441e-01,-2.760058343410491943e-01,2.293237000703811646e-01,8.498739600181579590e-01,8.924143761396408081e-02,-1.000000000000000000e+00,-7.363122701644897461e-01,3.719364702701568604e-01,-8.925487995147705078e-01,-4.859453141689300537e-01,1.000000000000000000e+00,1.000000000000000000e+00,1.000000000000000000e+00,1.000000000000000000e+00,9.891153573989868164e-01,1.714595854282379150e-01,-1.000000000000000000e+00,-1.000000000000000000e+00,1.000000000000000000e+00,-1.000000000000000000e+00,1.000000000000000000e+00,1.000000000000000000e+00,-1.000000000000000000e+00,-1.000000000000000000e+00,1.000000000000000000e+00,3.265400247968351377e-01
1.788381231609348774e+09,3.748266398906707764e-01,2.512079477310180664e-01,1.777162700891494751e-01,2.858362495899200439e-01,-2.703894376754760742e-01,2.257924526929855347e-01,8.586472868919372559e-01,5.212470293045043945e-01,-1.000000000000000000e+00,-1.000000000000000000e+00,-5.731987953186035156e-01,-1.000000000000000000e+00,-6.172224879264831543e-01,1.000000000000000000e+00,1.000000000000000000e+00,1.000000000000000000e+00,1.000000000000000000e+00,9.032726883888244629e-01,5.021270364522933960e-03,-1.000000000000000000e+00,-1.000000000000000000e+00,9.971296191215515137e-01,-1.000000000000000000e+00,1.000000000000000000e+00,1.000000000000000000e+00,-1.000000000000000000e+00,-1.000000000000000000e+00,1.000000000000000000e+00,3.313412753166327662e-01
1.788381231655362606e+09,3.719320595264434814e-01,2.472610324621200562e-01,1.840417832136154175e-01,2.855230867862701416e-01,-2.630706727504730225e-01,2.244375646114349365e-01,8.671203851699829102e-01,-3.114828467369079590e-01,-1.000000000000000000e+00,-5.811297893524169922e-01,8.352776765823364258e-01,-1.000000000000000000e+00,-8.071617484092712402e-01,1.000000000000000000e+00,7.573387026786804199e-01,1.000000000000000000e+00,1.000000000000000000e+00,5.274595618247985840e-01,-6.302942633628845215e-01,-1.000000000000000000e+00,-1.000000000000000000e+00,1.333559677004814148e-02,-1.000000000000000000e+00,1.000000000000000000e+00,1.000000000000000000e+00,-1.000000000000000000e+00,-1.000000000000000000e+00,3.340269029140472412e-01,3.361425258364302837e-01
1.788381231704579353e+09,3.694245517253875732e-01,2.434631139039993286e-01,1.915035098791122437e-01,2.852003574371337891e-01,-2.543587088584899902e-01,2.250112295150756836e-01,8.752608299255371094e-01,1.000000000000000000e+00,-1.000000000000000000e+00,-9.111301302909851074e-01,-1.000000000000000000e+00,-2.113090008497238159e-01,-3.740209639072418213e-01,1.000000000000000000e+00,1.000000000000000000e+00,1.000000000000000000e+00,1.000000000000000000e+00,1.959524452686309814e-01,-7.163701653480529785e-01,-1.000000000000000000e+00,-1.000000000000000000e+00,-2.888948097825050354e-02,-1.000000000000000000e+00,1.000000000000000000e+00,1.000000000000000000e+00,-1.000000000000000000e+00,-3.990699052810668945e-01,3.971567004919052124e-02,3.411425258364302882e-01
1.788381231753329754e+09,3.678096830844879150e-01,2.397455424070358276e-01,1.997462511062622070e-01,2.850328087806701660e-01,-2.446001619100570679e-01,2.272177487611770630e-01,8.829838037490844727e-01,-4.424290060997009277e-01,-1.000000000000000000e+00,-1.366121321916580200e-01,8.944841027259826660e-01,-8.378065824508666992e-01,-5.354833602905273438e-01,7.405701279640197754e-02,9.239941835403442383e-02,5.737588405609130859e-01,1.000000000000000000e+00,-6.178554892539978027e-01,-1.000000000000000000e+00,-2.588494718074798584e-01,-1.000000000000000000e+00,-1.000000000000000000e+00,-1.000000000000000000e+00,1.000000000000000000e+00,3.279943019151687622e-03,-1.000000000000000000e+00,-7.548291087150573730e-01,-1.000000000000000000e+00,3.382853829792874523e-01
1.788381231803791285e+09,3.671516478061676025e-01,2.359479516744613647e-01,2.085208743810653687e-01,2.850219309329986572e-01,-2.340137660503387451e-01,2.309035956859588623e-01,8.902521729469299316e-01,1.000000000000000000e+00,-1.000000000000000000e+00,-1.000000000000000000e+00,-1.000000000000000000e+00,-1.000000000000000000e+00,-7.897769212722778320e-01,-1.000000000000000000e+00,-5.257381200790405273e-01,-1.000000000000000000e+00,1.000000000000000000e+00,-9.545788168907165527e-01,-1.000000000000000000e+00,1.000000000000000000e+00,-1.000000000000000000e+00,-1.000000000000000000e+00,-1.000000000000000000e+00,9.711587429046630859e-01,-1.000000000000000000e+00,-1.000000000000000000e+00,-4.263200163841247559e-01,-1.000000000000000000e+00,3.339996686935731707e-01
1.788381231853737831e+09,3.680679500102996826e-01,2.320485711097717285e-01,2.175599336624145508e-01,2.848370373249053955e-01,-2.228526920080184937e-01,2.360741198062896729e-01,8.968905210494995117e-01,-2.344363480806350708e-01,-1.000000000000000000e+00,3.937664330005645752e-01,1.000000000000000000e+00,-1.000000000000000000e+00,-2.758130729198455811e-01,-1.000000000000000000e+00,-1.000000000000000000e+00,-1.000000000000000000e+00,1.000000000000000000e+00,-7.391514778137207031e-01,-1.000000000000000000e+00,1.000000000000000000e+00,-1.000000000000000000e+00,-1.000000000000000000e+00,-1.000000000000000000e+00,6.343581676483154297e-01,-1.000000000000000000e+00,-1.000000000000000000e+00,-5.493094325065612793e-01,-1.000000000000000000e+00,3.289996686935731662e-01
1.788381231903732777e+09,3.705620467662811279e-01,2.281572371721267700e-01,2.263132184743881226e-01,2.843840718269348145e-01,-2.116708308458328247e-01,2.429358065128326416e-01,9.022488594055175781e-01,1.000000000000000000e+00,-1.000000000000000000e+00,-9.121171236038208008e-01,1.404662281274795532e-01,-9.907216429710388184e-01,1.000000000000000000e+00,-1.000000000000000000e+00,-8.919184207916259766e-01,-1.000000000000000000e+00,1.000000000000000000e+00,4.299127459526062012e-01,-1.000000000000000000e+00,1.000000000000000000e+00,-1.000000000000000000e+00,-9.834924340248107910e-01,-1.000000000000000000e+00,1.000000000000000000e+00,-7.157856822013854980e-01,-1.000000000000000000e+00,1.000000000000000000e+00,-1.000000000000000000e+00,3.261425258364303303e-01
1.788381231962039471e+09,3.735056221485137939e-01,2.245879024267196655e-01,2.342978119850158691e-01,2.835957109928131104e-01,-2.010542750358581543e-01,2.515603601932525635e-01,9.053885340690612793e-01,1.346895545721054077e-01,-1.000000000000000000e+00,-4.906832277774810791e-01,9.669700264930725098e-01,-5.304440855979919434e-01,1.000000000000000000e+00,-1.000000000000000000e+00,-1.000000000000000000e+00,-1.000000000000000000e+00,1.000000000000000000e+00,8.491759896278381348e-01,-1.000000000000000000e+00,1.000000000000000000e+00,-1.000000000000000000e+00,-5.203752517700195312e-01,-1.000000000000000000e+00,1.000000000000000000e+00,1.976044625043869019e-01,-1.000000000000000000e+00,1.000000000000000000e+00,-1.000000000000000000e+00,3.232853829792874945e-01
1.788381232013597488e+09,3.764390647411346436e-01,2.217318564653396606e-01,2.409175187349319458e-01,2.822416126728057861e-01,-1.917199790477752686e-01,2.617284357547760010e-01,9.057873487472534180e-01,4.604489207267761230e-01,-1.000000000000000000e+00,-6.641383767127990723e-01,7.383635044097900391e-01,-3.352751433849334717e-01,1.000000000000000000e+00,-1.000000000000000000e+00,-1.000000000000000000e+00,-1.000000000000000000e+00,1.000000000000000000e+00,1.000000000000000000e+00,-2.052559107542037964e-01,1.000000000000000000e+00,-1.000000000000000000e+00,9.018515348434448242e-01,-1.000000000000000000e+00,1.000000000000000000e+00,1.000000000000000000e+00,-1.000000000000000000e+00,1.000000000000000000e+00,-1.000000000000000000e+00,3.261425258364302748e-01
1.788381232057646036e+09,3.786603510379791260e-01,2.197794616222381592e-01,2.458156794309616089e-01,2.801178395748138428e-01,-1.841797679662704468e-01,2.728212475776672363e-01,9.032577276229858398e-01,-9.097424745559692383e-01,-1.000000000000000000e+00,-8.432445526123046875e-01,1.000000000000000000e+00,-1.979732364416122437e-01,1.000000000000000000e+00,6.366185098886489868e-02,-1.000000000000000000e+00,1.596176773309707642e-01,1.000000000000000000e+00,1.000000000000000000e+00,-1.039255410432815552e-01,2.465203553438186646e-01,-1.000000000000000000e+00,1.000000000000000000e+00,-1.000000000000000000e+00,1.000000000000000000e+00,1.000000000000000000e+00,-1.000000000000000000e+00,1.000000000000000000e+00,-3.572775125503540039e-01,3.304282401221446119e-01
1.788381232106599331e+09,3.799489438533782959e-01,2.187678366899490356e-01,2.487090080976486206e-01,2.772893309593200684e-01,-1.788069307804107666e-01,2.843149304389953613e-01,8.977891206741333008e-01,1.000000000000000000e+00,-8.611360192298889160e-01,-9.815046787261962891e-01,6.896623373031616211e-01,-6.665035337209701538e-02,1.000000000000000000e+00,1.000000000000000000e+00,-7.693616151809692383e-01,3.120070993900299072e-01,1.000000000000000000e+00,1.000000000000000000e+00,5.998576879501342773e-01,-7.107664346694946289e-01,-1.000000000000000000e+00,1.000000000000000000e+00,-1.000000000000000000e+00,1.000000000000000000e+00,1.000000000000000000e+00,-1.000000000000000000e+00,1.000000000000000000e+00,5.137528777122497559e-01,3.354282401221446164e-01
1.788381232157588720e+09,3.805388212203979492e-01,2.185395061969757080e-01,2.491780668497085571e-01,2.741325497627258301e-01,-1.760680675506591797e-01,2.955836057662963867e-01,8.898513317108154297e-01,-5.164725780487060547e-01,-6.904777884483337402e-01,-7.263003587722778320e-01,6.955677866935729980e-01,2.423139512538909912e-01,7.068013399839401245e-02,1.000000000000000000e+00,-2.203365564346313477e-01,1.000000000000000000e+00,1.000000000000000000e+00,1.000000000000000000e+00,3.252311944961547852e-01,-1.000000000000000000e+00,-1.000000000000000000e+00,1.000000000000000000e+00,-1.000000000000000000e+00,1.000000000000000000e+00,1.000000000000000000e+00,-1.000000000000000000e+00,1.000000000000000000e+00,9.201115369796752930e-01,3.404282401221445653e-01
1.788381232206625700e+09,3.813627064228057861e-01,2.185693085193634033e-01,2.478797733783721924e-01,2.712503373622894287e-01,-1.752807497978210449e-01,3.061740696430206299e-01,8.808099627494812012e-01,1.000000000000000000e+00,-6.889725327491760254e-01,-5.656009912490844727e-01,-4.002183675765991211e-01,-1.846898943185806274e-01,-5.706256031990051270e-01,1.000000000000000000e+00,-8.080212771892547607e-02,1.420936435461044312e-01,1.000000000000000000e+00,1.000000000000000000e+00,4.817943647503852844e-02,-1.000000000000000000e+00,-1.000000000000000000e+00,1.000000000000000000e+00,-1.000000000000000000e+00,1.000000000000000000e+00,1.000000000000000000e+00,-1.000000000000000000e+00,1.000000000000000000e+00,7.195630669593811035e-01,3.454282401221445142e-01
1.788381232261298656e+09,3.839787840843200684e-01,2.190656960010528564e-01,2.453518211841583252e-01,2.695145905017852783e-01,-1.758442372083663940e-01,3.162045776844024658e-01,8.721954822540283203e-01,-7.815169095993041992e-01,-1.000000000000000000e+00,3.759189546108245850e-01,1.000000000000000000e+00,7.343661040067672729e-02,-7.845717668533325195e-01,1.000000000000000000e+00,-7.656496763229370117e-01,-3.010524809360504150e-01,1.000000000000000000e+00,5.925511941313743591e-02,-1.000000000000000000e+00,-5.029051899909973145e-01,-1.000000000000000000e+00,-7.464718818664550781e-01,-1.000000000000000000e+00,1.000000000000000000e+00,1.000000000000000000e+00,-1.000000000000000000e+00,-2.892309427261352539e-01,-1.000000000000000000e+00,3.447139544078589024e-01
1.788381232307182550e+09,3.883871138095855713e-01,2.203406095504760742e-01,2.422740310430526733e-01,2.690188288688659668e-01,-1.770156770944595337e-01,3.260977268218994141e-01,8.647623658180236816e-01,1.000000000000000000e+00,-1.000000000000000000e+00,-1.669264882802963257e-01,2.660260796546936035e-01,-6.968307495117187500e-01,-5.458385944366455078e-01,-1.000000000000000000e+00,-1.000000000000000000e+00,-1.000000000000000000e+00,1.000000000000000000e+00,-8.536649942398071289e-01,-1.000000000000000000e+00,1.000000000000000000e+00,-1.000000000000000000e+00,-1.000000000000000000e+00,-1.000000000000000000e+00,1.000000000000000000e+00,-6.856488585472106934e-01,-1.000000000000000000e+00,-6.992009282112121582e-01,-1.000000000000000000e+00,3.397139544078588425e-01
1.788381232356994629e+09,3.943488895893096924e-01,2.222505062818527222e-01,2.398924231529235840e-01,2.697342634201049805e-01,-1.774010211229324341e-01,3.366504609584808350e-01,8.593395948410034180e-01,-4.725493490695953369e-01,-1.000000000000000000e+00,7.822734862565994263e-02,1.000000000000000000e+00,-1.000000000000000000e+00,-5.969653725624084473e-01,-1.000000000000000000e+00,-1.000000000000000000e+00,-1.000000000000000000e+00,4.516279697418212891e-01,-1.000000000000000000e+00,-1.000000000000000000e+00,1.000000000000000000e+00,-1.000000000000000000e+00,-1.000000000000000000e+00,-1.000000000000000000e+00,5.389533638954162598e-01,-1.000000000000000000e+00,-1.000000000000000000e+00,-1.000000000000000000e+00,-1.000000000000000000e+00,3.347139544078588935e-01
1.788381232410044909e+09,4.012963771820068359e-01,2.248190641403198242e-01,2.385858893394470215e-01,2.706893682479858398e-01,-1.767348796129226685e-01,3.474662601947784424e-01,8.556064963340759277e-01,1.000000000000000000e+00,-1.000000000000000000e+00,-8.228929042816162109e-01,-3.628166913986206055e-01,-6.796086579561233521e-02,1.046275869011878967e-01,-1.000000000000000000e+00,-1.000000000000000000e+00,-1.000000000000000000e+00,6.883939504623413086e-01,-1.000000000000000000e+00,-1.000000000000000000e+00,1.000000000000000000e+00,-1.000000000000000000e+00,-1.000000000000000000e+00,-1.000000000000000000e+00,9.398583173751831055e-01,-1.000000000000000000e+00,-1.000000000000000000e+00,-1.204652935266494751e-01,-1.000000000000000000e+00,3.297139544078588891e-01
1.788381232458341599e+09,4.080635607242584229e-01,2.285852581262588501e-01,2.377285361289978027e-01,2.707803249359130859e-01,-1.758653074502944946e-01,3.579561412334442139e-01,8.522150516510009766e-01,7.448889315128326416e-02,-1.000000000000000000e+00,-2.915812730789184570e-01,1.000000000000000000e+00,1.719937324523925781e-01,6.178252696990966797e-01,-1.000000000000000000e+00,-1.000000000000000000e+00,-1.000000000000000000e+00,5.705280303955078125e-01,-1.000000000000000000e+00,-1.000000000000000000e+00,1.000000000000000000e+00,-1.000000000000000000e+00,-1.000000000000000000e+00,-1.000000000000000000e+00,9.189637899398803711e-01,-1.000000000000000000e+00,-1.000000000000000000e+00,5.119687318801879883e-01,-1.000000000000000000e+00,3.254338031054869185e-01
1.788381232507992506e+09,4.132984876632690430e-01,2.336781024932861328e-01,2.364059090614318848e-01,2.701250910758972168e-01,-1.758347600698471069e-01,3.677257895469665527e-01,8.478885293006896973e-01,7.882257699966430664e-01,-1.000000000000000000e+00,-9.423942565917968750e-01,1.034934297204017639e-01,2.725239396095275879e-01,8.175656199455261230e-01,-1.000000000000000000e+00,-8.272797465324401855e-01,-1.000000000000000000e+00,1.000000000000000000e+00,-4.137193560600280762e-01,-1.000000000000000000e+00,1.000000000000000000e+00,-1.000000000000000000e+00,-3.771185874938964844e-01,-1.000000000000000000e+00,1.000000000000000000e+00,2.262270599603652954e-01,-1.000000000000000000e+00,1.000000000000000000e+00,-1.000000000000000000e+00,3.232909459626297499e-01
1.788381232564071894e+09,4.166136980056762695e-01,2.395864874124526978e-01,2.342835366725921631e-01,2.689512968063354492e-01,-1.769755482673645020e-01,3.763531148433685303e-01,8.420977592468261719e-01,-5.293602347373962402e-01,-1.000000000000000000e+00,-3.114704787731170654e-01,1.000000000000000000e+00,7.477225065231323242e-01,1.000000000000000000e+00,-1.000000000000000000e+00,-1.000000000000000000e+00,-1.000000000000000000e+00,1.000000000000000000e+00,1.266364157199859619e-01,-7.388413548469543457e-01,1.000000000000000000e+00,-1.000000000000000000e+00,2.373733371496200562e-01,-1.000000000000000000e+00,1.000000000000000000e+00,1.000000000000000000e+00,-1.000000000000000000e+00,1.000000000000000000e+00,-1.000000000000000000e+00,3.261480888197726968e-01
1.788381232607946634e+09,4.184295535087585449e-01,2.462288886308670044e-01,2.307679057121276855e-01,2.675828635692596436e-01,-1.798506975173950195e-01,3.836154341697692871e-01,8.349112272262573242e-01,3.677527308464050293e-01,-1.000000000000000000e+00,-5.700160264968872070e-01,8.247674107551574707e-01,6.697412729263305664e-01,1.000000000000000000e+00,-9.084407985210418701e-02,-1.000000000000000000e+00,-1.000000000000000000e+00,1.000000000000000000e+00,3.824149072170257568e-01,-5.343280434608459473e-01,1.000000000000000000e+00,-1.000000000000000000e+00,4.017845094203948975e-01,-1.000000000000000000e+00,1.000000000000000000e+00,1.000000000000000000e+00,-1.000000000000000000e+00,8.108859658241271973e-01,-1.000000000000000000e+00,3.290052316769154772e-01
1.788381232658304214e+09,4.187459945678710938e-01,2.530405521392822266e-01,2.251141816377639771e-01,2.662222683429718018e-01,-1.852249205112457275e-01,3.888444900512695312e-01,8.260920643806457520e-01,-1.065726354718208313e-01,-7.555639743804931641e-01,-3.796329796314239502e-01,4.863153100013732910e-01,7.145425677299499512e-01,8.741278052330017090e-01,1.000000000000000000e+00,-1.000000000000000000e+00,4.880482554435729980e-01,1.000000000000000000e+00,5.389323830604553223e-01,-5.740211009979248047e-01,4.932584166526794434e-01,-1.000000000000000000e+00,3.305070996284484863e-01,-1.000000000000000000e+00,1.000000000000000000e+00,1.000000000000000000e+00,-1.000000000000000000e+00,1.151601523160934448e-01,-7.280668020248413086e-01,3.332909459626298698e-01
1.788381232708052874e+09,4.190624654293060303e-01,2.588434517383575439e-01,2.171978056430816650e-01,2.656444311141967773e-01,-1.930121928453445435e-01,3.920120000839233398e-01,8.167140483856201172e-01,6.178939342498779297e-01,-4.165814518928527832e-01,-1.264553219079971313e-01,3.839150071144104004e-01,7.684601545333862305e-01,3.447582125663757324e-01,1.000000000000000000e+00,-1.000000000000000000e+00,2.391368299722671509e-01,1.000000000000000000e+00,2.690786123275756836e-01,-5.296393036842346191e-01,2.304835617542266846e-02,-1.000000000000000000e+00,1.807262152433395386e-01,-1.000000000000000000e+00,1.000000000000000000e+00,1.000000000000000000e+00,-1.000000000000000000e+00,-9.387034773826599121e-01,-6.137103438377380371e-01,3.354338031054869829e-01
1.788381232758371830e+09,4.214622676372528076e-01,2.637234330177307129e-01,2.082019150257110596e-01,2.664393186569213867e-01,-2.019549757242202759e-01,3.933694660663604736e-01,8.074594736099243164e-01,3.769736289978027344e-01,-1.000000000000000000e+00,2.894843220710754395e-01,-1.000000000000000000e+00,2.470491081476211548e-01,-1.309011131525039673e-02,1.123428791761398315e-01,-1.000000000000000000e+00,-2.512526214122772217e-01,1.000000000000000000e+00,-8.888872265815734863e-01,-1.000000000000000000e+00,1.000000000000000000e+00,-1.000000000000000000e+00,-1.000000000000000000e+00,-1.000000000000000000e+00,1.000000000000000000e+00,6.041224598884582520e-01,-1.000000000000000000e+00,-1.000000000000000000e+00,-1.000000000000000000e+00,3.318623745340584241e-01
1.788381232808090925e+09,4.259454011917114258e-01,2.689699530601501465e-01,1.992934644222259521e-01,2.691326141357421875e-01,-2.109101563692092896e-01,3.938257992267608643e-01,7.993618249893188477e-01,-4.954132437705993652e-01,-1.000000000000000000e+00,9.551094174385070801e-01,1.000000000000000000e+00,-5.045447498559951782e-02,2.256730943918228149e-01,-1.000000000000000000e+00,-1.000000000000000000e+00,-1.000000000000000000e+00,1.000000000000000000e+00,-1.000000000000000000e+00,-1.000000000000000000e+00,1.000000000000000000e+00,-1.000000000000000000e+00,-1.000000000000000000e+00,-1.000000000000000000e+00,1.000000000000000000e+00,-1.000000000000000000e+00,-1.000000000000000000e+00,-1.000000000000000000e+00,-1.000000000000000000e+00,3.268623745340583087e-01
1.788381232858538151e+09,4.325118660926818848e-01,2.744559049606323242e-01,1.910466551780700684e-01,2.733268141746520996e-01,-2.192799150943756104e-01,3.935835063457489014e-01,7.922133207321166992e-01,9.677826166152954102e-01,-1.000000000000000000e+00,-7.379516363143920898e-01,-1.000000000000000000e+00,-4.267735183238983154e-01,5.202158093452453613e-01,-1.000000000000000000e+00,-1.000000000000000000e+00,-1.000000000000000000e+00,1.000000000000000000e+00,-1.000000000000000000e+00,-1.000000000000000000e+00,1.000000000000000000e+00,-1.000000000000000000e+00,-1.000000000000000000e+00,-1.000000000000000000e+00,1.000000000000000000e+00,-1.000000000000000000e+00,-1.000000000000000000e+00,-1.000000000000000000e+00,-1.000000000000000000e+00,3.218623745340583597e-01
1.788381232908679724e+09,4.397166669368743896e-01,2.804447114467620850e-01,1.846384257078170776e-01,2.778565883636474609e-01,-2.258629947900772095e-01,3.939292430877685547e-01,7.856137752532958984e-01,-1.000000000000000000e+00,-1.000000000000000000e+00,6.162886619567871094e-01,1.000000000000000000e+00,-6.447943449020385742e-01,1.000000000000000000e+00,-1.000000000000000000e+00,-1.000000000000000000e+00,-1.000000000000000000e+00,5.503163337707519531e-01,-1.000000000000000000e+00,-1.000000000000000000e+00,1.000000000000000000e+00,-1.000000000000000000e+00,-1.000000000000000000e+00,-1.000000000000000000e+00,1.000000000000000000e+00,-1.000000000000000000e+00,-1.000000000000000000e+00,-1.000000000000000000e+00,-1.000000000000000000e+00,3.168623745340583553e-01
1.788381232958419085e+09,4.454764425754547119e-01,2.867324948310852051e-01,1.799333840608596802e-01,2.813862264156341553e-01,-2.307128310203552246e-01,3.955948948860168457e-01,7.790753245353698730e-01,1.712647229433059692e-01,-1.000000000000000000e+00,-1.000000000000000000e+00,2.459990531206130981e-01,-5.055741071701049805e-01,1.000000000000000000e+00,-1.000000000000000000e+00,-1.000000000000000000e+00,-1.000000000000000000e+00,1.000000000000000000e+00,-7.772594690322875977e-02,-1.000000000000000000e+00,1.000000000000000000e+00,-1.000000000000000000e+00,-1.650606542825698853e-01,-1.000000000000000000e+00,1.000000000000000000e+00,3.882885277271270752e-01,-1.000000000000000000e+00,3.604367375373840332e-01,-1.000000000000000000e+00,3.140052316769154639e-01
1.788381233009033442e+09,4.491528868675231934e-01,2.925918698310852051e-01,1.757807433605194092e-01,2.832487821578979492e-01,-2.349635362625122070e-01,3.976774513721466064e-01,7.720096707344055176e-01,-7.747907042503356934e-01,-1.000000000000000000e+00,-3.535382449626922607e-01,1.000000000000000000e+00,1.442937403917312622e-01,1.000000000000000000e+00,-5.159509778022766113e-01,-1.000000000000000000e+00,-1.897032558917999268e-01,1.000000000000000000e+00,8.781228065490722656e-01,-3.387296199798583984e-01,8.933441638946533203e-01,-1.000000000000000000e+00,8.528925776481628418e-01,-1.000000000000000000e+00,1.000000000000000000e+00,1.000000000000000000e+00,-1.000000000000000000e+00,1.000000000000000000e+00,-4.021177887916564941e-01,3.184157986995349021e-01
1.788381233058616400e+09,4.507459998130798340e-01,2.979551851749420166e-01,1.719025075435638428e-01,2.837701439857482910e-01,-2.389051169157028198e-01,3.999240696430206299e-01,7.647817730903625488e-01,4.175401106476783752e-02,-8.962603211402893066e-01,-1.000000000000000000e+00,2.000223100185394287e-01,6.572862714529037476e-02,1.000000000000000000e+00,1.000000000000000000e+00,-7.425931692123413086e-01,1.000000000000000000e+00,1.000000000000000000e+00,1.000000000000000000e+00,6.940938830375671387e-01,-8.054198622703552246e-01,-1.000000000000000000e+00,1.000000000000000000e+00,-1.000000000000000000e+00,1.000000000000000000e+00,1.000000000000000000e+00,-1.000000000000000000e+00,1.000000000000000000e+00,1.000000000000000000e+00,3.234157986995350176e-01
1.788381233109097242e+09,4.502557814121246338e-01,3.026530146598815918e-01,1.682740598917007446e-01,2.832656204700469971e-01,-2.425485402345657349e-01,4.022580683231353760e-01,7.574176788330078125e-01,-1.000000000000000000e+00,-8.130117058753967285e-01,-5.883883237838745117e-01,1.000000000000000000e+00,-3.605120778083801270e-01,1.000000000000000000e+00,1.000000000000000000e+00,-9.683144092559814453e-01,1.000000000000000000e+00,1.000000000000000000e+00,9.621246457099914551e-01,8.319160342216491699e-01,-1.000000000000000000e+00,-1.000000000000000000e+00,1.000000000000000000e+00,-1.000000000000000000e+00,1.000000000000000000e+00,1.000000000000000000e+00,-1.000000000000000000e+00,5.264711976051330566e-01,1.000000000000000000e+00,3.284157986995349665e-01
1.788381233159298658e+09,4.476822316646575928e-01,3.061946928501129150e-01,1.648276001214981079e-01,2.822679877281188965e-01,-2.458429783582687378e-01,4.048869907855987549e-01,7.502803206443786621e-01,-3.175477683544158936e-01,-3.971458077430725098e-01,-4.778127372264862061e-01,5.718689560890197754e-01,-1.000000000000000000e+00,2.161266952753067017e-01,1.000000000000000000e+00,-1.904863864183425903e-01,1.000000000000000000e+00,1.000000000000000000e+00,8.568460941314697266e-01,1.000000000000000000e+00,-1.000000000000000000e+00,-1.000000000000000000e+00,1.000000000000000000e+00,-1.000000000000000000e+00,1.000000000000000000e+00,1.000000000000000000e+00,-1.000000000000000000e+00,-5.449417829513549805e-01,1.000000000000000000e+00,3.334157986995349710e-01
1.788381233209176064e+09,4.430253505706787109e-01,3.082584738731384277e-01,1.616720408201217651e-01,2.810116112232208252e-01,-2.485798746347427368e-01,4.080125987529754639e-01,7.439620494842529297e-01,-1.000000000000000000e+00,-1.000000000000000000e+00,2.075111716985702515e-01,1.000000000000000000e+00,-3.481652140617370605e-01,-1.489555984735488892e-01,1.000000000000000000e+00,5.180097222328186035e-01,1.000000000000000000e+00,1.000000000000000000e+00,1.523279100656509399e-01,6.289556026458740234e-01,-1.000000000000000000e+00,-1.000000000000000000e+00,1.000000000000000000e+00,-1.000000000000000000e+00,1.000000000000000000e+00,1.000000000000000000e+00,-1.000000000000000000e+00,-1.000000000000000000e+00,1.000000000000000000e+00,3.362729415566778068e-01
1.788381233261032343e+09,4.367945194244384766e-01,3.086401522159576416e-01,1.590868979692459106e-01,2.797497212886810303e-01,-2.504138648509979248e-01,4.117296040058135986e-01,7.388978004455566406e-01,1.000000000000000000e+00,-1.865768432617187500e-01,-4.946046769618988037e-01,-3.315329849720001221e-01,-1.000000000000000000e+00,-1.968609839677810669e-01,1.000000000000000000e+00,9.514178037643432617e-01,7.123932838439941406e-01,1.000000000000000000e+00,-3.848276659846305847e-02,4.315563440322875977e-01,-1.000000000000000000e+00,-1.000000000000000000e+00,1.000000000000000000e+00,-1.000000000000000000e+00,1.000000000000000000e+00,1.000000000000000000e+00,-1.000000000000000000e+00,-1.000000000000000000e+00,1.000000000000000000e+00,3.391300844138206427e-01
1.788381233311190605e+09,4.293905496597290039e-01,3.069384992122650146e-01,1.577177047729492188e-01,2.790848910808563232e-01,-2.504877448081970215e-01,4.164322316646575928e-01,7.365168333053588867e-01,-1.000000000000000000e+00,-1.000000000000000000e+00,6.806247830390930176e-01,9.775896072387695312e-01,-3.997608721256256104e-01,-3.924489319324493408e-01,1.000000000000000000e+00,1.000000000000000000e+00,1.000000000000000000e+00,1.000000000000000000e+00,-5.628765821456909180e-01,1.664479076862335205e-01,-1.000000000000000000e+00,-1.000000000000000000e+00,1.000000000000000000e+00,-1.000000000000000000e+00,1.000000000000000000e+00,1.000000000000000000e+00,-1.000000000000000000e+00,-1.000000000000000000e+00,1.000000000000000000e+00,3.419872272709634786e-01
1.788381233361285210e+09,4.212010502815246582e-01,3.033768832683563232e-01,1.583604514598846436e-01,2.792304456233978271e-01,-2.479815185070037842e-01,4.221719205379486084e-01,7.375384569168090820e-01,7.240112423896789551e-01,-1.000000000000000000e+00,-1.000000000000000000e+00,-7.703322172164916992e-01,-1.000000000000000000e+00,-1.022469997406005859e-01,1.000000000000000000e+00,9.363845586776733398e-01,4.675880372524261475e-01,1.000000000000000000e+00,-6.132878065109252930e-01,-8.628807961940765381e-02,-1.000000000000000000e+00,-1.000000000000000000e+00,1.000000000000000000e+00,-1.000000000000000000e+00,1.000000000000000000e+00,1.000000000000000000e+00,-1.000000000000000000e+00,-1.000000000000000000e+00,9.482537508010864258e-01,3.448443701281063700e-01
1.788381233413643837e+09,4.128847718238830566e-01,2.990695536136627197e-01,1.613221168518066406e-01,2.801288068294525146e-01,-2.427675127983093262e-01,4.286897778511047363e-01,7.418844103813171387e-01,-1.000000000000000000e+00,-1.000000000000000000e+00,5.258228778839111328e-01,1.000000000000000000e+00,-1.000000000000000000e+00,-7.882059812545776367e-01,1.000000000000000000e+00,1.411248743534088135e-01,6.716556549072265625e-01,1.000000000000000000e+00,-1.000000000000000000e+00,-1.000000000000000000e+00,-1.000000000000000000e+00,-1.000000000000000000e+00,-6.523758769035339355e-01,-1.000000000000000000e+00,1.000000000000000000e+00,7.585878968238830566e-01,-1.000000000000000000e+00,-1.000000000000000000e+00,-5.275009274482727051e-01,3.419872272709634786e-01
1.788381233465389729e+09,4.053758680820465088e-01,2.947400212287902832e-01,1.667275875806808472e-01,2.819755971431732178e-01,-2.348457276821136475e-01,4.356040656566619873e-01,7.495282888412475586e-01,1.000000000000000000e+00,-1.000000000000000000e+00,-5.985531210899353027e-01,-1.000000000000000000e+00,-1.715614199638366699e-01,-4.318876564502716064e-01,1.000000000000000000e+00,1.000000000000000000e+00,-1.000000000000000000e+00,1.000000000000000000e+00,-1.000000000000000000e+00,-8.066486716270446777e-01,-1.000000000000000000e+00,-1.000000000000000000e+00,4.331775382161140442e-02,-1.000000000000000000e+00,7.975852489471435547e-01,8.292591571807861328e-01,-1.000000000000000000e+00,-4.910673499107360840e-01,-6.836653947830200195e-01,3.434157986995349243e-01
1.788381233511101961e+09,3.987106382846832275e-01,2.909508049488067627e-01,1.736328750848770142e-01,2.849934995174407959e-01,-2.253165245056152344e-01,4.426007568836212158e-01,7.597798705101013184e-01,-1.000000000000000000e+00,-1.000000000000000000e+00,5.908206701278686523e-01,1.000000000000000000e+00,-2.684270143508911133e-01,-2.086370736360549927e-01,1.000000000000000000e+00,1.000000000000000000e+00,-1.000000000000000000e+00,4.665496051311492920e-01,-1.000000000000000000e+00,-1.000000000000000000e+00,-1.000000000000000000e+00,-1.000000000000000000e+00,-1.000000000000000000e+00,-1.000000000000000000e+00,3.363972008228302002e-01,-1.066895574331283569e-02,-1.000000000000000000e+00,-7.002392411231994629e-01,-1.000000000000000000e+00,3.391300844138206427e-01
1.788381233561169863e+09,3.925512433052062988e-01,2.878344357013702393e-01,1.814578473567962646e-01,2.889557480812072754e-01,-2.148439139127731323e-01,4.494564235210418701e-01,7.720252871513366699e-01,1.000000000000000000e+00,-1.000000000000000000e+00,-1.000000000000000000e+00,-9.340934753417968750e-01,-4.580944180488586426e-01,-1.646888554096221924e-01,1.000000000000000000e+00,1.000000000000000000e+00,-1.000000000000000000e+00,5.269733071327209473e-01,-1.000000000000000000e+00,-1.000000000000000000e+00,-7.295432090759277344e-01,-1.000000000000000000e+00,1.068590208888053894e-02,-1.000000000000000000e+00,4.162908792495727539e-01,4.055026769638061523e-01,-1.000000000000000000e+00,2.945495843887329102e-01,-1.000000000000000000e+00,3.348443701281063611e-01
1.788381233611185312e+09,3.864883184432983398e-01,2.857106029987335205e-01,1.894756406545639038e-01,2.937357723712921143e-01,-2.042989283800125122e-01,4.558561146259307861e-01,7.854886054992675781e-01,-7.154770493507385254e-01,-1.000000000000000000e+00,3.887648284435272217e-01,1.000000000000000000e+00,3.942992091178894043e-01,2.609756588935852051e-01,1.000000000000000000e+00,1.000000000000000000e+00,-8.848032951354980469e-01,5.435976386070251465e-01,-1.000000000000000000e+00,-9.719631075859069824e-01,-1.000000000000000000e+00,-1.000000000000000000e+00,9.822100400924682617e-02,-1.000000000000000000e+00,6.888601779937744141e-01,1.000000000000000000e+00,-1.000000000000000000e+00,9.007685780525207520e-01,-6.075004935264587402e-01,3.384157986995349199e-01
1.788381233661483765e+09,3.803524971008300781e-01,2.849580645561218262e-01,1.974317133426666260e-01,2.992935180664062500e-01,-1.941061764955520630e-01,4.613849818706512451e-01,7.996127605438232422e-01,1.000000000000000000e+00,-1.000000000000000000e+00,-1.000000000000000000e+00,-5.804977416992187500e-01,-4.631081968545913696e-02,4.333200752735137939e-01,1.000000000000000000e+00,1.000000000000000000e+00,4.236988127231597900e-01,1.000000000000000000e+00,-1.000000000000000000e+00,-1.283431798219680786e-01,-1.000000000000000000e+00,-1.000000000000000000e+00,1.000000000000000000e+00,-1.000000000000000000e+00,1.000000000000000000e+00,1.000000000000000000e+00,-1.000000000000000000e+00,1.000000000000000000e+00,6.230272650718688965e-01,3.434157986995349243e-01
