# t,q1,q2,q3,q4,q5,q6,q7,a0,a1,a2,a3,a4,a5,a6,a7,a8,a9,a10,a11,a12,a13,a14,a15,a16,a17,a18,a19,a20,syn_close,je0,je1,je2,je3,je4,je5,je6,je7,je8,je9,je10,je11,je12,je13,je14,je15,je16,je17,je18,je19
1.788406396789195299e+09,3.695833310484886169e-02,4.001752436161041260e-01,6.012154817581176758e-01,9.641318917274475098e-01,2.899899333715438843e-02,7.055401802062988281e-01,4.217041730880737305e-01,-1.000000000000000000e+00,-1.000000000000000000e+00,-1.000000000000000000e+00,-1.000000000000000000e+00,1.000000000000000000e+00,-1.000000000000000000e+00,1.000000000000000000e+00,1.000000000000000000e+00,1.000000000000000000e+00,1.000000000000000000e+00,-1.000000000000000000e+00,5.097091794013977051e-01,6.059921979904174805e-01,-1.000000000000000000e+00,1.000000000000000000e+00,-1.000000000000000000e+00,-1.000000000000000000e+00,1.000000000000000000e+00,1.000000000000000000e+00,1.000000000000000000e+00,1.000000000000000000e+00,0.000000000000000000e+00,0.000000000000000000e+00,0.000000000000000000e+00,0.000000000000000000e+00,0.000000000000000000e+00,0.000000000000000000e+00,0.000000000000000000e+00,0.000000000000000000e+00,0.000000000000000000e+00,0.000000000000000000e+00,0.000000000000000000e+00,0.000000000000000000e+00,0.000000000000000000e+00,0.000000000000000000e+00,0.000000000000000000e+00,0.000000000000000000e+00,0.000000000000000000e+00,0.000000000000000000e+00,0.000000000000000000e+00,0.000000000000000000e+00,0.000000000000000000e+00
1.788406396811053753e+09,3.383333235979080200e-02,3.971865177154541016e-01,6.003020405769348145e-01,9.636683464050292969e-01,2.780555747449398041e-02,7.042443156242370605e-01,4.229323565959930420e-01,-1.000000000000000000e+00,-1.000000000000000000e+00,-9.448903799057006836e-01,1.000000000000000000e+00,1.000000000000000000e+00,-1.000000000000000000e+00,1.000000000000000000e+00,1.000000000000000000e+00,1.000000000000000000e+00,1.000000000000000000e+00,-1.000000000000000000e+00,5.917704105377197266e-01,-1.000000000000000000e+00,-1.000000000000000000e+00,1.000000000000000000e+00,-1.000000000000000000e+00,-5.512047410011291504e-01,1.000000000000000000e+00,-1.000000000000000000e+00,1.312031000852584839e-01,1.000000000000000000e+00,0.000000000000000000e+00,7.272205216643039781e-03,-7.908353809147710117e-04,-6.514292447999207696e-03,-2.327105669325772730e-02,-1.890773356327190430e-02,-8.726646259971649472e-03,-8.726646259971649472e-03,0.000000000000000000e+00,-2.472549773658633612e-02,4.363323129985824736e-03,-1.454441043328607956e-02,-8.726646259971649472e-03,-1.890773356327190430e-02,-2.181661564992912195e-02,-2.908882086657215912e-03,0.000000000000000000e+00,0.000000000000000000e+00,-1.454441043328607956e-03,-1.454441043328607956e-03,-5.817764173314431825e-03
1.788406396861124754e+09,2.862499840557575226e-02,3.923303186893463135e-01,5.986536741256713867e-01,9.630997776985168457e-01,2.582146599888801575e-02,7.022606730461120605e-01,4.251006841659545898e-01,-1.000000000000000000e+00,-1.000000000000000000e+00,-7.611133456230163574e-01,1.000000000000000000e+00,1.000000000000000000e+00,-1.000000000000000000e+00,1.000000000000000000e+00,1.000000000000000000e+00,1.000000000000000000e+00,1.000000000000000000e+00,-1.000000000000000000e+00,7.254322171211242676e-01,-1.000000000000000000e+00,-1.000000000000000000e+00,1.000000000000000000e+00,-1.000000000000000000e+00,5.198075622320175171e-02,1.000000000000000000e+00,-1.000000000000000000e+00,5.393508076667785645e-01,1.000000000000000000e+00,0.000000000000000000e+00,7.272205216643039781e-03,-7.908353809147710117e-04,-6.514292447999207696e-03,-2.327105669325772730e-02,-1.890773356327190430e-02,-8.726646259971649472e-03,-8.726646259971649472e-03,0.000000000000000000e+00,-2.472549773658633612e-02,4.363323129985824736e-03,-1.454441043328607956e-02,-8.726646259971649472e-03,-1.890773356327190430e-02,-2.181661564992912195e-02,-2.908882086657215912e-03,0.000000000000000000e+00,0.000000000000000000e+00,-2.908882086657215912e-03,-4.363323129985824736e-03,-2.908882086657215912e-03
1.788406396911235809e+09,2.133333310484886169e-02,3.856310248374938965e-01,5.961588025093078613e-01,9.628003239631652832e-01,2.302395179867744446e-02,6.997354626655578613e-01,4.284628629684448242e-01,-1.000000000000000000e+00,-1.000000000000000000e+00,-4.133687615394592285e-01,1.000000000000000000e+00,1.000000000000000000e+00,-1.000000000000000000e+00,1.000000000000000000e+00,1.000000000000000000e+00,1.000000000000000000e+00,1.000000000000000000e+00,-1.000000000000000000e+00,1.000000000000000000e+00,-1.000000000000000000e+00,-1.000000000000000000e+00,1.000000000000000000e+00,-1.000000000000000000e+00,1.000000000000000000e+00,1.000000000000000000e+00,-1.000000000000000000e+00,1.000000000000000000e+00,1.000000000000000000e+00,0.000000000000000000e+00,7.272205216643039781e-03,-7.908353809147710117e-04,-6.514292447999207696e-03,-2.327105669325772730e-02,-1.890773356327190430e-02,-8.726646259971649472e-03,-8.726646259971649472e-03,0.000000000000000000e+00,-2.472549773658633612e-02,4.363323129985824736e-03,-1.454441043328607956e-02,-8.726646259971649472e-03,-1.890773356327190430e-02,-1.890773356327190430e-02,-2.908882086657215912e-03,0.000000000000000000e+00,0.000000000000000000e+00,-2.908882086657215912e-03,-1.454441043328607956e-03,-5.817764173314431825e-03
1.788406396961426258e+09,1.195833273231983185e-02,3.771268129348754883e-01,5.926511883735656738e-01,9.633499383926391602e-01,1.936959289014339447e-02,6.968646049499511719e-01,4.334197342395782471e-01,-1.000000000000000000e+00,-1.000000000000000000e+00,3.272479772567749023e-01,1.000000000000000000e+00,1.000000000000000000e+00,-1.000000000000000000e+00,1.000000000000000000e+00,1.000000000000000000e+00,1.000000000000000000e+00,1.000000000000000000e+00,-1.000000000000000000e+00,1.000000000000000000e+00,-1.000000000000000000e+00,-1.000000000000000000e+00,1.000000000000000000e+00,-1.000000000000000000e+00,1.000000000000000000e+00,1.000000000000000000e+00,-1.000000000000000000e+00,1.000000000000000000e+00,1.000000000000000000e+00,0.000000000000000000e+00,7.272205216643039781e-03,-7.908353809147710117e-04,-6.514292447999207696e-03,-2.327105669325772730e-02,-1.890773356327190430e-02,-8.726646259971649472e-03,-8.726646259971649472e-03,-2.908882086657215912e-03,-2.472549773658633612e-02,4.363323129985824736e-03,-1.454441043328607956e-02,-8.726646259971649472e-03,-1.890773356327190430e-02,-2.181661564992912195e-02,-2.908882086657215912e-03,0.000000000000000000e+00,1.454441043328607956e-03,-2.908882086657215912e-03,-4.363323129985824736e-03,-5.817764173314431825e-03
1.788406397011276245e+09,6.015292019583284855e-04,3.669840097427368164e-01,5.879206657409667969e-01,9.656254649162292480e-01,1.481669396162033081e-02,6.939503550529479980e-01,4.405442476272583008e-01,-1.000000000000000000e+00,-1.000000000000000000e+00,-1.048171743750572205e-01,1.000000000000000000e+00,1.000000000000000000e+00,-1.000000000000000000e+00,1.000000000000000000e+00,1.000000000000000000e+00,1.000000000000000000e+00,1.000000000000000000e+00,-1.000000000000000000e+00,1.000000000000000000e+00,-1.000000000000000000e+00,-1.000000000000000000e+00,1.000000000000000000e+00,-1.000000000000000000e+00,1.000000000000000000e+00,1.000000000000000000e+00,-1.000000000000000000e+00,1.000000000000000000e+00,1.000000000000000000e+00,0.000000000000000000e+00,7.272205216643039781e-03,-7.908353809147710117e-04,-7.968733491327817386e-03,-2.327105669325772730e-02,-1.890773356327190430e-02,-8.726646259971649472e-03,-8.726646259971649472e-03,0.000000000000000000e+00,-2.327105669325772730e-02,4.363323129985824736e-03,-1.454441043328607956e-02,-8.726646259971649472e-03,-1.890773356327190430e-02,-2.181661564992912195e-02,-2.908882086657215912e-03,0.000000000000000000e+00,1.454441043328607956e-03,-1.454441043328607956e-03,-4.363323129985824736e-03,-5.817764173314431825e-03
1.788406397061359644e+09,-1.255799643695354462e-02,3.554248809814453125e-01,5.818049311637878418e-01,9.696505069732666016e-01,9.331317618489265442e-03,6.912245750427246094e-01,4.498867988586425781e-01,-1.000000000000000000e+00,-1.000000000000000000e+00,-4.818186163902282715e-01,1.000000000000000000e+00,1.000000000000000000e+00,-1.000000000000000000e+00,1.000000000000000000e+00,1.000000000000000000e+00,1.000000000000000000e+00,1.000000000000000000e+00,-1.000000000000000000e+00,1.000000000000000000e+00,-1.000000000000000000e+00,-1.000000000000000000e+00,1.000000000000000000e+00,-1.000000000000000000e+00,1.000000000000000000e+00,1.000000000000000000e+00,-1.000000000000000000e+00,1.000000000000000000e+00,1.000000000000000000e+00,0.000000000000000000e+00,7.272205216643039781e-03,-7.908353809147710117e-04,-3.605410361341987446e-03,-2.327105669325772730e-02,-1.890773356327190430e-02,-8.726646259971649472e-03,-8.726646259971649472e-03,0.000000000000000000e+00,-2.327105669325772730e-02,4.363323129985824736e-03,-1.454441043328607956e-02,-8.726646259971649472e-03,-1.890773356327190430e-02,-2.181661564992912195e-02,-2.908882086657215912e-03,0.000000000000000000e+00,1.454441043328607956e-03,-1.454441043328607956e-03,-1.454441043328607956e-03,-5.817764173314431825e-03
1.788406397111585617e+09,-2.733779326081275940e-02,3.426437675952911377e-01,5.742301344871520996e-01,9.744955897331237793e-01,2.879038220271468163e-03,6.887460947036743164e-01,4.609109163284301758e-01,-1.000000000000000000e+00,-1.000000000000000000e+00,-7.996971607208251953e-01,1.000000000000000000e+00,1.000000000000000000e+00,-1.000000000000000000e+00,1.000000000000000000e+00,1.000000000000000000e+00,1.000000000000000000e+00,1.000000000000000000e+00,-1.000000000000000000e+00,1.000000000000000000e+00,-1.000000000000000000e+00,-1.000000000000000000e+00,1.000000000000000000e+00,-1.000000000000000000e+00,1.000000000000000000e+00,1.000000000000000000e+00,-1.000000000000000000e+00,1.000000000000000000e+00,1.000000000000000000e+00,0.000000000000000000e+00,1.018108730330025656e-02,-7.908353809147710117e-04,-5.059851404670598005e-03,-2.327105669325772730e-02,-1.890773356327190430e-02,-8.726646259971649472e-03,-8.726646259971649472e-03,0.000000000000000000e+00,-2.327105669325772730e-02,4.363323129985824736e-03,-1.308996938995747247e-02,-8.726646259971649472e-03,-1.890773356327190430e-02,-2.181661564992912195e-02,-2.908882086657215912e-03,0.000000000000000000e+00,1.454441043328607956e-03,-1.454441043328607956e-03,-1.454441043328607956e-03,-2.908882086657215912e-03
1.788406397161589622e+09,-4.350544884800910950e-02,3.288933932781219482e-01,5.651853680610656738e-01,9.793615937232971191e-01,-4.555209074169397354e-03,6.865234971046447754e-01,4.731107652187347412e-01,-1.000000000000000000e+00,-1.000000000000000000e+00,-1.000000000000000000e+00,1.000000000000000000e+00,1.000000000000000000e+00,-1.000000000000000000e+00,1.000000000000000000e+00,1.000000000000000000e+00,1.000000000000000000e+00,1.000000000000000000e+00,-1.000000000000000000e+00,1.000000000000000000e+00,-1.000000000000000000e+00,-1.000000000000000000e+00,1.000000000000000000e+00,-1.000000000000000000e+00,1.000000000000000000e+00,1.000000000000000000e+00,-1.000000000000000000e+00,1.000000000000000000e+00,1.000000000000000000e+00,0.000000000000000000e+00,7.272205216643039781e-03,-7.908353809147710117e-04,-5.059851404670598005e-03,-2.327105669325772730e-02,-2.181661564992912195e-02,-8.726646259971649472e-03,-8.726646259971649472e-03,-2.908882086657215912e-03,-2.327105669325772730e-02,4.363323129985824736e-03,-1.308996938995747247e-02,-8.726646259971649472e-03,-1.890773356327190430e-02,-2.181661564992912195e-02,-2.908882086657215912e-03,0.000000000000000000e+00,0.000000000000000000e+00,-1.454441043328607956e-03,-1.454441043328607956e-03,-5.817764173314431825e-03
1.788406397213566065e+09,-6.059764325618743896e-02,3.144521713256835938e-01,5.546244382858276367e-01,9.836350083351135254e-01,-1.299528032541275024e-02,6.845045089721679688e-01,4.860154390335083008e-01,-6.809767484664916992e-01,-1.000000000000000000e+00,-1.000000000000000000e+00,1.000000000000000000e+00,1.000000000000000000e+00,-1.000000000000000000e+00,1.000000000000000000e+00,1.000000000000000000e+00,1.000000000000000000e+00,1.000000000000000000e+00,-1.000000000000000000e+00,1.000000000000000000e+00,-1.000000000000000000e+00,-1.000000000000000000e+00,1.000000000000000000e+00,-1.000000000000000000e+00,1.000000000000000000e+00,1.000000000000000000e+00,-1.000000000000000000e+00,1.000000000000000000e+00,1.000000000000000000e+00,0.000000000000000000e+00,7.272205216643039781e-03,2.118046705742449021e-03,-7.968733491327817386e-03,-2.327105669325772730e-02,-1.890773356327190430e-02,-8.726646259971649472e-03,-8.726646259971649472e-03,0.000000000000000000e+00,-2.327105669325772730e-02,4.363323129985824736e-03,-1.454441043328607956e-02,-8.726646259971649472e-03,-1.890773356327190430e-02,-2.181661564992912195e-02,-2.908882086657215912e-03,0.000000000000000000e+00,2.908882086657215912e-03,-1.454441043328607956e-03,-2.908882086657215912e-03,-5.817764173314431825e-03
1.788406397262344599e+09,-7.793153822422027588e-02,2.996791303157806396e-01,5.424989461898803711e-01,9.870835542678833008e-01,-2.244854718446731567e-02,6.826360225677490234e-01,4.993050396442413330e-01,-6.348066926002502441e-01,-1.000000000000000000e+00,-1.000000000000000000e+00,1.000000000000000000e+00,1.000000000000000000e+00,-1.000000000000000000e+00,1.000000000000000000e+00,1.000000000000000000e+00,1.000000000000000000e+00,1.000000000000000000e+00,-1.000000000000000000e+00,1.000000000000000000e+00,-1.000000000000000000e+00,-1.000000000000000000e+00,1.000000000000000000e+00,-1.000000000000000000e+00,1.000000000000000000e+00,1.000000000000000000e+00,-1.000000000000000000e+00,1.000000000000000000e+00,1.000000000000000000e+00,0.000000000000000000e+00,7.272205216643039781e-03,-7.908353809147710117e-04,-5.059851404670598005e-03,-2.327105669325772730e-02,-1.599885147661468665e-02,-8.726646259971649472e-03,-8.726646259971649472e-03,0.000000000000000000e+00,-3.054326190990077142e-02,7.272205216643039781e-03,-1.308996938995747247e-02,-8.726646259971649472e-03,-1.599885147661468665e-02,-2.181661564992912195e-02,-2.908882086657215912e-03,0.000000000000000000e+00,1.454441043328607956e-03,-2.908882086657215912e-03,-1.454441043328607956e-03,-5.817764173314431825e-03
1.788406397312343121e+09,-9.448160976171493530e-02,2.850292325019836426e-01,5.287362933158874512e-01,9.898765683174133301e-01,-3.290430456399917603e-02,6.808722019195556641e-01,5.127915740013122559e-01,-4.208105206489562988e-01,-1.000000000000000000e+00,-1.000000000000000000e+00,1.000000000000000000e+00,1.000000000000000000e+00,-1.000000000000000000e+00,1.000000000000000000e+00,1.000000000000000000e+00,1.000000000000000000e+00,1.000000000000000000e+00,-1.000000000000000000e+00,1.000000000000000000e+00,-1.000000000000000000e+00,-1.000000000000000000e+00,1.000000000000000000e+00,-1.000000000000000000e+00,1.000000000000000000e+00,1.000000000000000000e+00,-1.000000000000000000e+00,1.000000000000000000e+00,1.000000000000000000e+00,0.000000000000000000e+00,7.272205216643039781e-03,-7.908353809147710117e-04,-6.514292447999207696e-03,-2.327105669325772730e-02,-2.181661564992912195e-02,-8.726646259971649472e-03,-5.817764173314431825e-03,0.000000000000000000e+00,-1.018108730330025656e-02,4.363323129985824736e-03,-1.308996938995747247e-02,-8.726646259971649472e-03,-2.036217460660051312e-02,-2.181661564992912195e-02,-2.908882086657215912e-03,0.000000000000000000e+00,2.908882086657215912e-03,-2.908882086657215912e-03,-1.454441043328607956e-03,-5.817764173314431825e-03
1.788406397363881111e+09,-1.092588603496551514e-01,2.709138989448547363e-01,5.134438872337341309e-01,9.923261404037475586e-01,-4.423860460519790649e-02,6.791468262672424316e-01,5.262923240661621094e-01,-2.669943571090698242e-01,-1.000000000000000000e+00,-1.000000000000000000e+00,1.000000000000000000e+00,1.000000000000000000e+00,-1.000000000000000000e+00,1.000000000000000000e+00,1.000000000000000000e+00,1.000000000000000000e+00,1.000000000000000000e+00,-1.000000000000000000e+00,1.000000000000000000e+00,-1.000000000000000000e+00,-1.000000000000000000e+00,1.000000000000000000e+00,-1.000000000000000000e+00,1.000000000000000000e+00,1.000000000000000000e+00,-1.000000000000000000e+00,1.000000000000000000e+00,1.000000000000000000e+00,5.949908834843597744e-04,7.272205216643039781e-03,-7.908353809147710117e-04,-7.968733491327817386e-03,-2.327105669325772730e-02,-2.181661564992912195e-02,-8.726646259971649472e-03,-8.726646259971649472e-03,0.000000000000000000e+00,-1.163552834662886365e-02,4.363323129985824736e-03,-1.454441043328607956e-02,-8.726646259971649472e-03,-1.745329251994329894e-02,-2.181661564992912195e-02,-2.908882086657215912e-03,0.000000000000000000e+00,2.908882086657215912e-03,-2.908882086657215912e-03,0.000000000000000000e+00,-5.817764173314431825e-03
1.788406397413137674e+09,-1.219527721405029297e-01,2.575396001338958740e-01,4.970496594905853271e-01,9.946847558021545410e-01,-5.617306381464004517e-02,6.774183511734008789e-01,5.396552681922912598e-01,6.382797956466674805e-01,-1.000000000000000000e+00,-1.000000000000000000e+00,1.000000000000000000e+00,1.000000000000000000e+00,-1.000000000000000000e+00,1.000000000000000000e+00,1.000000000000000000e+00,1.000000000000000000e+00,1.000000000000000000e+00,-1.000000000000000000e+00,1.000000000000000000e+00,-1.000000000000000000e+00,-1.000000000000000000e+00,1.000000000000000000e+00,-1.000000000000000000e+00,1.000000000000000000e+00,1.000000000000000000e+00,-1.000000000000000000e+00,1.000000000000000000e+00,1.000000000000000000e+00,3.188060890534027535e-03,7.272205216643039781e-03,-1.088330822656876414e-03,-6.828334297982787890e-03,-2.237857036803118926e-02,-2.181661564992912195e-02,-9.239018404450020233e-03,-7.834159934745107967e-03,8.924863252265398785e-04,-8.726646259971649472e-03,5.305392028836061064e-03,-1.219748306473093270e-02,-7.834159934745107967e-03,-1.745329251994329894e-02,-2.087454675107888388e-02,-2.016395761430676576e-03,8.924863252265398785e-04,1.454441043328607956e-03,-2.908882086657215912e-03,8.924863252265398785e-04,-2.016395761430676576e-03
1.788406397463746309e+09,-1.325633525848388672e-01,2.449545711278915405e-01,4.799359142780303955e-01,9.970809817314147949e-01,-6.847561150789260864e-02,6.756525635719299316e-01,5.527703762054443359e-01,5.123749971389770508e-01,-1.000000000000000000e+00,-1.000000000000000000e+00,1.000000000000000000e+00,1.000000000000000000e+00,-1.000000000000000000e+00,1.000000000000000000e+00,1.000000000000000000e+00,1.000000000000000000e+00,1.000000000000000000e+00,-1.000000000000000000e+00,1.000000000000000000e+00,-1.000000000000000000e+00,-1.000000000000000000e+00,1.000000000000000000e+00,-1.000000000000000000e+00,1.000000000000000000e+00,1.000000000000000000e+00,-1.000000000000000000e+00,1.000000000000000000e+00,1.000000000000000000e+00,7.749313259983371498e-03,7.272205216643039781e-03,-2.384865826181766565e-03,-1.858283451137606509e-03,-1.848896535745668882e-02,-2.181661564992912195e-02,-5.133324226621379521e-03,-3.944554924170607518e-03,1.873209249143824740e-03,-1.163552834662886365e-02,6.502204120007484128e-03,-8.307878054156432254e-03,-3.944554924170607518e-03,-2.036217460660051312e-02,-1.676885257325024664e-02,1.873209249143824740e-03,4.782091335801041086e-03,2.908882086657215912e-03,-2.908882086657215912e-03,4.782091335801041086e-03,1.873209249143824740e-03
1.788406397512518883e+09,-1.410906016826629639e-01,2.331592440605163574e-01,4.624117612838745117e-01,9.995449781417846680e-01,-8.099713176488876343e-02,6.736958026885986328e-01,5.655537843704223633e-01,1.000000000000000000e+00,-1.000000000000000000e+00,-1.000000000000000000e+00,8.760119229555130005e-02,1.000000000000000000e+00,-1.000000000000000000e+00,1.000000000000000000e+00,1.000000000000000000e+00,1.000000000000000000e+00,1.000000000000000000e+00,-1.000000000000000000e+00,1.000000000000000000e+00,-1.000000000000000000e+00,-1.000000000000000000e+00,1.000000000000000000e+00,-1.000000000000000000e+00,1.000000000000000000e+00,1.000000000000000000e+00,-1.000000000000000000e+00,1.000000000000000000e+00,1.000000000000000000e+00,1.390530209887178362e-02,1.018108730330025656e-02,-4.665492010906454809e-03,9.792999010297537277e-03,-8.738204716625456309e-03,-2.036217460660051312e-02,3.543099735002018958e-03,5.806205716660622386e-03,8.715087803317839166e-03,-8.726646259971649472e-03,6.451981821659235304e-03,-2.920440543311025351e-03,2.897323630003406040e-03,8.726646259971649472e-03,-1.245575174161266813e-02,7.260646759989230342e-03,8.715087803317839166e-03,7.272205216643039781e-03,1.599885147661468665e-02,1.307841093330366390e-02,1.016952884664644625e-02
1.788406397562530756e+09,-1.475345194339752197e-01,2.221295982599258423e-01,4.447710216045379639e-01,1.002065896987915039e+00,-9.361410886049270630e-02,6.713312864303588867e-01,5.779315829277038574e-01,1.000000000000000000e+00,-1.000000000000000000e+00,-1.000000000000000000e+00,-8.728899955749511719e-01,1.000000000000000000e+00,-1.000000000000000000e+00,1.000000000000000000e+00,1.000000000000000000e+00,1.000000000000000000e+00,1.000000000000000000e+00,-1.000000000000000000e+00,1.000000000000000000e+00,-1.000000000000000000e+00,-1.000000000000000000e+00,1.000000000000000000e+00,-1.000000000000000000e+00,7.005389928817749023e-01,1.000000000000000000e+00,-1.000000000000000000e+00,7.591270804405212402e-01,1.000000000000000000e+00,2.141255764416106003e-02,1.308996938995747247e-02,-1.210680956033660660e-02,1.141089031486672289e-02,-2.413103544950049272e-03,-2.327105669325772730e-02,2.201672832321366000e-02,9.222424801678815245e-03,1.067686584500742407e-02,-7.272205216643039781e-03,1.619896414989922817e-02,9.222424801678815245e-03,1.067686584500742407e-02,-1.018108730330025656e-02,-2.708769413372677428e-03,9.222424801678815245e-03,9.222424801678815245e-03,5.817764173314431825e-03,1.454441043328607956e-03,1.504018897499324880e-02,4.957785417071681588e-04
1.788406397612451077e+09,-1.518951058387756348e-01,2.119694501161575317e-01,4.273144304752349854e-01,1.004627943038940430e+00,-1.062459424138069153e-01,6.683267951011657715e-01,5.899028182029724121e-01,3.232293426990509033e-01,-1.000000000000000000e+00,-1.000000000000000000e+00,3.987185359001159668e-01,1.000000000000000000e+00,-1.000000000000000000e+00,1.000000000000000000e+00,1.000000000000000000e+00,1.000000000000000000e+00,1.000000000000000000e+00,-1.000000000000000000e+00,1.000000000000000000e+00,-1.000000000000000000e+00,-1.000000000000000000e+00,1.000000000000000000e+00,-1.000000000000000000e+00,3.509453833103179932e-01,1.000000000000000000e+00,-1.000000000000000000e+00,-8.943648934364318848e-01,1.000000000000000000e+00,3.011667979755765570e-02,1.018108730330025656e-02,4.501737273619281325e-03,1.561870947337090643e-02,-1.333307530316385795e-03,-2.327105669325772730e-02,4.814395403349523012e-03,1.902886707628412624e-02,1.030222081631247677e-02,-7.272205216643039781e-03,1.354104166332117248e-02,2.484663124959856154e-02,1.611998498962691206e-02,-1.018108730330025656e-02,2.226768792329282196e-02,2.048330811961273507e-02,2.048330811961273507e-02,2.908882086657215912e-03,0.000000000000000000e+00,1.175666185964108733e-02,1.466554394629830151e-02
1.788406397662519693e+09,-1.541723608970642090e-01,2.027566432952880859e-01,4.103028774261474609e-01,1.007205247879028320e+00,-1.188129261136054993e-01,6.644976139068603516e-01,6.014497876167297363e-01,8.824095726013183594e-01,-1.000000000000000000e+00,-1.000000000000000000e+00,-8.271170854568481445e-01,1.000000000000000000e+00,-1.000000000000000000e+00,1.000000000000000000e+00,1.000000000000000000e+00,1.000000000000000000e+00,1.000000000000000000e+00,-1.000000000000000000e+00,1.000000000000000000e+00,-1.000000000000000000e+00,-1.000000000000000000e+00,1.000000000000000000e+00,-1.000000000000000000e+00,1.213339790701866150e-01,1.000000000000000000e+00,-1.000000000000000000e+00,-1.000000000000000000e+00,1.000000000000000000e+00,3.911667979755763247e-02,1.163552834662886365e-02,-2.759205889736142218e-03,1.630275879076636264e-02,1.754063987309291764e-02,-2.327105669325772730e-02,5.505952756269973450e-03,8.813993613121269902e-03,1.026843465644987352e-02,-7.272205216643039781e-03,1.859592214622744766e-02,1.317731674310709464e-02,1.463175778643569826e-02,-1.163552834662886365e-02,2.150480423288466184e-02,2.481284508973595829e-02,1.172287569977848408e-02,1.454441043328607956e-03,0.000000000000000000e+00,1.172287569977848408e-02,1.463175778643569826e-02
1.788406397712942839e+09,-1.543662697076797485e-01,1.944902837276458740e-01,3.939543664455413818e-01,1.009756088256835938e+00,-1.312133669853210449e-01,6.597242355346679688e-01,6.124967336654663086e-01,5.656239986419677734e-01,-1.000000000000000000e+00,-1.000000000000000000e+00,-6.003761887550354004e-01,1.000000000000000000e+00,-1.000000000000000000e+00,1.000000000000000000e+00,1.000000000000000000e+00,1.000000000000000000e+00,1.000000000000000000e+00,-1.000000000000000000e+00,6.851518750190734863e-01,-1.000000000000000000e+00,-1.000000000000000000e+00,1.000000000000000000e+00,-1.000000000000000000e+00,-5.241134166717529297e-01,1.000000000000000000e+00,-1.000000000000000000e+00,-1.000000000000000000e+00,1.000000000000000000e+00,4.811667979755764046e-02,1.163552834662886365e-02,-5.804764846407499228e-03,1.900834835748025850e-02,2.958619882976431387e-02,-2.472549773658633612e-02,2.702815797291301114e-02,1.649622943980684139e-02,2.667731674310709969e-02,-7.272205216643039781e-03,5.211542322983894401e-03,1.067846526649240610e-02,1.795067048313545022e-02,-1.163552834662886365e-02,2.993704005957022879e-02,2.376843465644987857e-02,1.213290630982101666e-02,4.363323129985824736e-03,-2.908882086657215912e-03,1.504178839647823084e-02,1.940511152646405557e-02
1.788406397765637398e+09,-1.524768471717834473e-01,1.873071938753128052e-01,3.786349296569824219e-01,1.012214303016662598e+00,-1.433426141738891602e-01,6.537419557571411133e-01,6.230144500732421875e-01,4.372820258140563965e-01,-1.000000000000000000e+00,-1.000000000000000000e+00,-5.304726958274841309e-01,1.000000000000000000e+00,-1.000000000000000000e+00,1.000000000000000000e+00,1.000000000000000000e+00,1.000000000000000000e+00,1.000000000000000000e+00,-1.000000000000000000e+00,6.758611798286437988e-01,-1.000000000000000000e+00,-1.000000000000000000e+00,1.000000000000000000e+00,-1.000000000000000000e+00,-6.978237032890319824e-01,1.000000000000000000e+00,-1.000000000000000000e+00,-1.000000000000000000e+00,1.000000000000000000e+00,5.325953694041478392e-02,1.308996938995747247e-02,-1.757697006305070087e-02,1.153285062089393076e-02,3.726843465644988362e-02,-2.472549773658633612e-02,1.509821919299806844e-02,1.836070109317797933e-02,1.399737796319215979e-02,-8.726646259971649472e-03,6.371572933026418972e-03,1.108849587653493868e-02,9.634054833206329854e-03,-1.018108730330025656e-02,2.237042440964110562e-02,1.545181900652076862e-02,1.545181900652076862e-02,1.454441043328607956e-03,-4.363323129985824736e-03,9.634054833206329854e-03,1.836070109317797933e-02
1.788406397813265562e+09,-1.485040932893753052e-01,1.816103458404541016e-01,3.648812174797058105e-01,1.014502525329589844e+00,-1.551042795181274414e-01,6.462075710296630859e-01,6.330523490905761719e-01,-2.116632312536239624e-01,-1.000000000000000000e+00,-1.000000000000000000e+00,3.846137225627899170e-01,1.000000000000000000e+00,-1.000000000000000000e+00,1.000000000000000000e+00,1.000000000000000000e+00,1.000000000000000000e+00,1.000000000000000000e+00,-1.000000000000000000e+00,6.195411086082458496e-01,-1.000000000000000000e+00,-1.000000000000000000e+00,1.000000000000000000e+00,-1.000000000000000000e+00,-7.699522376060485840e-01,1.000000000000000000e+00,-1.000000000000000000e+00,-1.000000000000000000e+00,1.000000000000000000e+00,5.840239408327192044e-02,1.308996938995747247e-02,-4.623677543107255865e-03,2.151064540425087768e-02,3.331514213650658279e-02,-2.472549773658633612e-02,-7.878427066973585011e-03,-3.045883946708623051e-03,1.004408544324885549e-02,-8.726646259971649472e-03,-1.660507332694523275e-02,7.135203356591636112e-03,1.440740857323467503e-02,-1.454441043328607956e-02,-3.515103936987754637e-03,2.313405483320632450e-02,1.149852648657746605e-02,8.726646259971649472e-03,-1.454441043328607956e-03,1.877073170322050497e-02,2.022517274654911379e-02
1.788406397865092516e+09,-1.428249478340148926e-01,1.778472065925598145e-01,3.534294664859771729e-01,1.016471743583679199e+00,-1.663632541894912720e-01,6.366872191429138184e-01,6.427403688430786133e-01,-1.923620849847793579e-01,-1.000000000000000000e+00,-1.000000000000000000e+00,-2.179326713085174561e-01,1.000000000000000000e+00,-1.000000000000000000e+00,1.000000000000000000e+00,1.000000000000000000e+00,1.000000000000000000e+00,1.000000000000000000e+00,-1.000000000000000000e+00,4.479636847972869873e-01,-1.000000000000000000e+00,-1.000000000000000000e+00,1.000000000000000000e+00,-1.000000000000000000e+00,-8.785372972488403320e-01,1.000000000000000000e+00,-1.000000000000000000e+00,-1.000000000000000000e+00,1.000000000000000000e+00,6.354525122612907084e-02,4.363323129985824736e-03,5.420732890178785006e-03,5.308501407692891791e-03,2.936184961656327849e-02,-2.472549773658633612e-02,-1.340178080700193432e-02,8.999675009962772310e-03,1.045411605329137072e-02,-7.272205216643039781e-03,-6.129575590358895404e-03,1.190855709661998128e-02,1.481743918327720066e-02,-1.163552834662886365e-02,-4.675134547030285713e-03,8.999675009962772310e-03,1.336299813994859184e-02,4.363323129985824736e-03,-4.363323129985824736e-03,1.045411605329137072e-02,1.481743918327720066e-02
1.788406397915040970e+09,-1.359707713127136230e-01,1.761673986911773682e-01,3.446072340011596680e-01,1.017989873886108398e+00,-1.770649552345275879e-01,6.251206398010253906e-01,6.521984338760375977e-01,2.791229076683521271e-02,-1.000000000000000000e+00,-1.000000000000000000e+00,8.928812146186828613e-01,1.000000000000000000e+00,-1.000000000000000000e+00,1.000000000000000000e+00,1.000000000000000000e+00,1.000000000000000000e+00,1.000000000000000000e+00,-1.000000000000000000e+00,6.105772256851196289e-01,-1.000000000000000000e+00,-1.000000000000000000e+00,1.000000000000000000e+00,-1.000000000000000000e+00,-1.000000000000000000e+00,1.000000000000000000e+00,-1.000000000000000000e+00,-1.000000000000000000e+00,1.000000000000000000e+00,6.868810836898621430e-02,4.363323129985824736e-03,9.207328901787252811e-04,1.092297306106400877e-02,2.686299813994858648e-02,-2.181661564992912195e-02,-2.926283070415596540e-03,6.830593600336508624e-04,1.377302874999111748e-02,-5.817764173314431825e-03,1.437040059570227762e-03,2.977188022660580413e-02,1.231858770666250866e-02,-1.163552834662886365e-02,-3.056066289365914554e-02,1.522746979331972804e-02,1.231858770666250866e-02,4.363323129985824736e-03,-4.363323129985824736e-03,1.086414666333389810e-02,1.522746979331972804e-02
1.788406397965536833e+09,-1.277070939540863037e-01,1.765069812536239624e-01,3.384351432323455811e-01,1.018927693367004395e+00,-1.871516257524490356e-01,6.115622520446777344e-01,6.612185835838317871e-01,3.654197454452514648e-01,-1.000000000000000000e+00,-1.000000000000000000e+00,-6.628640890121459961e-01,1.000000000000000000e+00,-1.000000000000000000e+00,1.000000000000000000e+00,1.000000000000000000e+00,1.000000000000000000e+00,1.000000000000000000e+00,-1.000000000000000000e+00,5.271635651588439941e-01,-1.000000000000000000e+00,-1.000000000000000000e+00,1.000000000000000000e+00,-1.000000000000000000e+00,-1.000000000000000000e+00,1.000000000000000000e+00,-1.000000000000000000e+00,-1.000000000000000000e+00,1.000000000000000000e+00,7.383096551184335776e-02,4.363323129985824736e-03,-3.579267109821149262e-03,-3.824729892165322324e-03,1.127417727337642547e-02,-2.472549773658633612e-02,-1.717628307041559402e-02,1.272861831670503430e-02,1.563750040336225541e-02,-8.726646259971649472e-03,-6.995195767115341794e-03,1.563750040336225541e-02,1.563750040336225541e-02,-1.018108730330025656e-02,-1.426740098375837984e-02,2.000082353334806107e-02,1.272861831670503430e-02,4.363323129985824736e-03,-5.817764173314431825e-03,1.418305936003364486e-02,1.709194144669084342e-02
1.788406398015496731e+09,-1.184149682521820068e-01,1.788495630025863647e-01,3.349869251251220703e-01,1.019046425819396973e+00,-1.966019570827484131e-01,5.960827469825744629e-01,6.697913408279418945e-01,-1.000000000000000000e+00,-1.000000000000000000e+00,-1.000000000000000000e+00,9.575298428535461426e-01,1.000000000000000000e+00,-1.000000000000000000e+00,1.000000000000000000e+00,1.000000000000000000e+00,1.000000000000000000e+00,1.000000000000000000e+00,-1.000000000000000000e+00,-2.137032523751258850e-02,-1.000000000000000000e+00,-1.000000000000000000e+00,1.000000000000000000e+00,-1.000000000000000000e+00,-1.000000000000000000e+00,1.000000000000000000e+00,-1.000000000000000000e+00,-1.000000000000000000e+00,1.000000000000000000e+00,8.023453412665242090e-02,2.908882086657215912e-03,-6.624826066492506271e-03,1.342527010783462968e-02,3.059194144669083459e-02,-2.181661564992912195e-02,-1.397299055047229906e-02,5.866443710104511482e-03,1.604753101340476024e-02,-8.726646259971649472e-03,-2.124519576711534144e-02,5.866443710104511482e-03,5.866443710104511482e-03,-1.163552834662886365e-02,-3.288072411374420162e-02,1.168420788341895111e-02,1.313864892674753912e-02,1.454441043328607956e-03,-4.363323129985824736e-03,1.168420788341895111e-02,1.604753101340476024e-02
1.788406398065377235e+09,-1.097584068775177002e-01,1.830963045358657837e-01,3.338751196861267090e-01,1.018192291259765625e+00,-2.056101113557815552e-01,5.793542265892028809e-01,6.784304380416870117e-01,-5.640322566032409668e-01,-1.000000000000000000e+00,-1.000000000000000000e+00,5.927202701568603516e-01,1.000000000000000000e+00,-1.000000000000000000e+00,1.000000000000000000e+00,1.000000000000000000e+00,1.000000000000000000e+00,1.000000000000000000e+00,-1.000000000000000000e+00,2.732130885124206543e-01,-1.000000000000000000e+00,-1.000000000000000000e+00,1.000000000000000000e+00,-1.000000000000000000e+00,-1.000000000000000000e+00,1.000000000000000000e+00,-1.000000000000000000e+00,-1.000000000000000000e+00,1.000000000000000000e+00,8.730596269808096888e-02,2.908882086657215912e-03,6.328466453450569233e-03,1.031309550123408678e-02,2.227532579676172464e-02,-2.472549773658633612e-02,-8.726646259971649472e-03,2.518420788341894576e-02,1.209423849346145594e-02,-7.272205216643039781e-03,8.726646259971649472e-03,1.209423849346145594e-02,7.730915363475648547e-03,-1.018108730330025656e-02,-1.745329251994329894e-02,2.518420788341894576e-02,1.354867953679006476e-02,0.000000000000000000e+00,-5.817764173314431825e-03,1.209423849346145594e-02,2.372976684009033693e-02
1.788406398115590096e+09,-1.023178771138191223e-01,1.888693422079086304e-01,3.342815935611724854e-01,1.016341090202331543e+00,-2.143870741128921509e-01,5.621685981750488281e-01,6.873244643211364746e-01,-7.399666309356689453e-02,-1.000000000000000000e+00,-1.000000000000000000e+00,5.588435530662536621e-01,1.000000000000000000e+00,-1.000000000000000000e+00,1.000000000000000000e+00,1.000000000000000000e+00,1.000000000000000000e+00,1.000000000000000000e+00,-1.000000000000000000e+00,3.326375782489776611e-01,-1.000000000000000000e+00,-1.000000000000000000e+00,1.000000000000000000e+00,-1.000000000000000000e+00,-1.000000000000000000e+00,1.000000000000000000e+00,-1.000000000000000000e+00,-1.000000000000000000e+00,1.000000000000000000e+00,9.437739126950957236e-02,8.726646259971649472e-03,-5.443738763192262908e-03,1.447312611127664003e-02,1.977647432014703263e-02,-2.181661564992912195e-02,-7.272205216643039781e-03,5.232063886860954804e-03,1.250426910350398158e-02,-8.726646259971649472e-03,-4.363323129985824736e-03,6.686504930189541944e-03,1.686759223348981152e-02,-1.018108730330025656e-02,-1.890773356327190430e-02,9.595387016846762193e-03,1.250426910350398158e-02,5.817764173314431825e-03,-4.363323129985824736e-03,9.595387016846762193e-03,5.232063886860954804e-03
1.788406398166436195e+09,-9.637021273374557495e-02,1.956763565540313721e-01,3.353648185729980469e-01,1.013580322265625000e+00,-2.230858355760574341e-01,5.452321767807006836e-01,6.966134309768676758e-01,-4.651223123073577881e-01,-1.000000000000000000e+00,-1.000000000000000000e+00,1.000000000000000000e+00,1.000000000000000000e+00,-1.000000000000000000e+00,1.000000000000000000e+00,1.000000000000000000e+00,1.000000000000000000e+00,1.000000000000000000e+00,-1.000000000000000000e+00,3.535042107105255127e-01,-1.000000000000000000e+00,-1.000000000000000000e+00,1.000000000000000000e+00,-1.000000000000000000e+00,-1.000000000000000000e+00,1.000000000000000000e+00,-1.000000000000000000e+00,-1.000000000000000000e+00,1.000000000000000000e+00,1.014488198409381203e-01,4.363323129985824736e-03,7.509553756750997344e-03,4.088746288033069491e-03,1.291429971354650895e-02,-2.181661564992912195e-02,-5.817764173314431825e-03,5.642094496903458760e-03,1.436874075687511951e-02,-7.272205216643039781e-03,0.000000000000000000e+00,2.309538701684675510e-02,5.642094496903458760e-03,-1.163552834662886365e-02,-1.745329251994329894e-02,2.164094597351814628e-02,1.145985867021789839e-02,4.363323129985824736e-03,-4.363323129985824736e-03,1.145985867021789839e-02,1.727762284353234062e-02
1.788406398215894699e+09,-9.190161526203155518e-02,2.029750496149063110e-01,3.364115953445434570e-01,1.009927630424499512e+00,-2.318060845136642456e-01,5.290141105651855469e-01,7.063496112823486328e-01,5.803910493850708008e-01,-8.790603280067443848e-01,-1.000000000000000000e+00,7.425141930580139160e-01,1.000000000000000000e+00,-1.000000000000000000e+00,1.000000000000000000e+00,1.000000000000000000e+00,1.000000000000000000e+00,1.000000000000000000e+00,-1.000000000000000000e+00,6.041972041130065918e-01,-1.000000000000000000e+00,-1.000000000000000000e+00,1.000000000000000000e+00,-1.000000000000000000e+00,-9.747780561447143555e-01,1.000000000000000000e+00,-1.000000000000000000e+00,-1.000000000000000000e+00,1.000000000000000000e+00,1.091958361942047262e-01,4.363323129985824736e-03,3.009553756750937836e-03,1.261210002806140672e-02,1.623321241024623315e-02,-2.181661564992912195e-02,-8.726646259971649472e-03,7.506566150274595825e-03,1.041544823693181521e-02,-8.726646259971649472e-03,0.000000000000000000e+00,1.041544823693181521e-02,8.961007193603206383e-03,-1.163552834662886365e-02,-2.327105669325772730e-02,1.332433032358903632e-02,1.332433032358903632e-02,4.363323129985824736e-03,-4.363323129985824736e-03,1.186988928026042577e-02,1.477877136691764515e-02
1.788406398266291142e+09,-8.776048570871353149e-02,2.097762227058410645e-01,3.365994095802307129e-01,1.005401849746704102e+00,-2.406594455242156982e-01,5.135145187377929688e-01,7.161883115768432617e-01,5.357478260993957520e-01,-3.841312825679779053e-01,-1.000000000000000000e+00,6.750284433364868164e-01,1.000000000000000000e+00,-1.000000000000000000e+00,1.000000000000000000e+00,1.000000000000000000e+00,1.000000000000000000e+00,1.000000000000000000e+00,-1.000000000000000000e+00,6.160878539085388184e-01,-1.000000000000000000e+00,-1.000000000000000000e+00,1.000000000000000000e+00,-1.000000000000000000e+00,-6.482878327369689941e-01,1.000000000000000000e+00,-1.000000000000000000e+00,-1.000000000000000000e+00,1.000000000000000000e+00,1.181958361942047064e-01,4.363323129985824736e-03,-1.490446243248936707e-03,9.499925421460886366e-03,2.973321241024624861e-02,-2.181661564992912195e-02,-2.280362161951089445e-03,2.098832587002705252e-03,1.227991989030297569e-02,-8.726646259971649472e-03,2.082960968034734423e-03,1.227991989030297569e-02,1.809768406361739190e-02,-1.163552834662886365e-02,-1.391589050857995266e-02,2.536988928026044296e-02,1.373436093363156196e-02,1.454441043328607956e-03,-4.363323129985824736e-03,1.227991989030297569e-02,1.955212510694600420e-02
1.788406398316479683e+09,-8.276651054620742798e-02,2.152305543422698975e-01,3.355963826179504395e-01,1.000110030174255371e+00,-2.496067285537719727e-01,4.983738958835601807e-01,7.256490588188171387e-01,1.000000000000000000e+00,-7.817796468734741211e-01,-1.000000000000000000e+00,5.233731269836425781e-01,1.000000000000000000e+00,-1.000000000000000000e+00,1.000000000000000000e+00,1.000000000000000000e+00,1.000000000000000000e+00,1.000000000000000000e+00,-1.000000000000000000e+00,9.598637223243713379e-01,-1.000000000000000000e+00,-1.000000000000000000e+00,1.000000000000000000e+00,-1.000000000000000000e+00,-2.284044325351715088e-01,1.000000000000000000e+00,-1.000000000000000000e+00,-1.000000000000000000e+00,1.000000000000000000e+00,1.271958361942047422e-01,2.908882086657215912e-03,-4.536005199920478681e-03,6.387750814860436270e-03,2.577991989030299289e-02,-2.472549773658633612e-02,1.487851992470612568e-02,1.559883258700272245e-02,1.414439154367411189e-02,-5.817764173314431825e-03,1.342407888137751859e-02,2.287103780364577177e-02,5.417745283702452008e-03,-1.018108730330025656e-02,-4.029213638565779486e-03,9.781068413688281948e-03,9.781068413688281948e-03,1.454441043328607956e-03,-4.363323129985824736e-03,8.326627370359673125e-03,3.963304240373842317e-03
1.788406398366876125e+09,-7.717158645391464233e-02,2.190364748239517212e-01,3.332225680351257324e-01,9.941412806510925293e-01,-2.586511969566345215e-01,4.837062656879425049e-01,7.348374128341674805e-01,-1.000000000000000000e+00,-4.187713265419006348e-01,-1.000000000000000000e+00,1.000000000000000000e+00,1.000000000000000000e+00,-1.000000000000000000e+00,1.000000000000000000e+00,1.000000000000000000e+00,1.000000000000000000e+00,1.000000000000000000e+00,-1.000000000000000000e+00,4.250076115131378174e-01,-1.000000000000000000e+00,-1.000000000000000000e+00,1.000000000000000000e+00,-1.000000000000000000e+00,-1.659832298755645752e-01,1.000000000000000000e+00,-1.000000000000000000e+00,-1.000000000000000000e+00,1.000000000000000000e+00,1.361958361942047224e-01,1.454441043328607956e-03,-1.339932832990627619e-02,9.093340381574357284e-03,3.200771467365993994e-02,-2.327105669325772730e-02,8.766345318105614806e-03,7.282216937073612492e-03,1.455442215371661671e-02,-8.726646259971649472e-03,1.603855053474865372e-02,1.455442215371661671e-02,2.037218632703105547e-02,-1.308996938995747247e-02,1.167522740476282898e-02,2.182662737035966777e-02,1.164554006705944243e-02,4.363323129985824736e-03,-2.908882086657215912e-03,1.019109902373083187e-02,1.891774528370244665e-02
1.788406398417662382e+09,-7.131536304950714111e-02,2.216074019670486450e-01,3.293794691562652588e-01,9.875851273536682129e-01,-2.678304016590118408e-01,4.700536131858825684e-01,7.439792156219482422e-01,4.365757703781127930e-01,-1.000000000000000000e+00,-1.000000000000000000e+00,1.000000000000000000e+00,1.000000000000000000e+00,-1.000000000000000000e+00,1.000000000000000000e+00,1.000000000000000000e+00,1.000000000000000000e+00,1.000000000000000000e+00,-1.000000000000000000e+00,1.000000000000000000e+00,-1.000000000000000000e+00,-1.000000000000000000e+00,1.000000000000000000e+00,-1.000000000000000000e+00,5.986229181289672852e-01,1.000000000000000000e+00,-1.000000000000000000e+00,-7.245594859123229980e-01,1.000000000000000000e+00,1.451958361942047582e-01,8.726646259971649472e-03,-4.809358939948753069e-03,8.890047861631056314e-03,3.241774528370248987e-02,-2.327105669325772730e-02,7.017493841490919995e-03,1.351001172043060292e-02,1.060112963377338180e-02,-8.726646259971649472e-03,4.108611754833699746e-03,9.146688590444772976e-03,-1.034398712855498113e-03,-1.018108730330025656e-02,2.447078636143421373e-02,9.146688590444772976e-03,1.205557067710199236e-02,4.363323129985824736e-03,-4.363323129985824736e-03,1.060112963377338180e-02,1.060112963377338180e-02
1.788406398474168539e+09,-6.554105877876281738e-02,2.236461937427520752e-01,3.243034780025482178e-01,9.804747104644775391e-01,-2.770929336547851562e-01,4.578245580196380615e-01,7.532471418380737305e-01,-9.100664854049682617e-01,-8.837311267852783203e-01,-1.000000000000000000e+00,1.000000000000000000e+00,1.000000000000000000e+00,-9.889971017837524414e-01,1.000000000000000000e+00,1.000000000000000000e+00,1.000000000000000000e+00,1.000000000000000000e+00,-1.000000000000000000e+00,1.000000000000000000e+00,-1.000000000000000000e+00,-1.000000000000000000e+00,1.000000000000000000e+00,-1.000000000000000000e+00,1.000000000000000000e+00,1.000000000000000000e+00,-1.000000000000000000e+00,-1.138910800218582153e-01,1.000000000000000000e+00,1.541958361942047662e-01,7.272205216643039781e-03,5.235051493337287802e-03,1.741340160165943951e-02,1.828336546045893768e-02,-2.472549773658633612e-02,2.272193488481952239e-02,1.537448337380171656e-02,1.101116024381588662e-02,-7.272205216643039781e-03,1.108640653819065874e-02,9.556719200487276064e-03,1.682892441713032539e-02,-1.018108730330025656e-02,2.999414010146256651e-02,1.828336546045893768e-02,8.102278157158665506e-03,2.908882086657215912e-03,-5.817764173314431825e-03,1.101116024381588662e-02,1.246560128714449545e-02
1.788406398516598701e+09,-6.018972769379615784e-02,2.247316986322402954e-01,3.178312182426452637e-01,9.729436635971069336e-01,-2.864720225334167480e-01,4.469293057918548584e-01,7.627944946289062500e-01,6.525990962982177734e-01,-1.314171105623245239e-01,-1.000000000000000000e+00,8.543003201484680176e-01,1.000000000000000000e+00,-1.000000000000000000e+00,1.000000000000000000e+00,1.000000000000000000e+00,1.000000000000000000e+00,1.000000000000000000e+00,-1.000000000000000000e+00,1.000000000000000000e+00,-1.000000000000000000e+00,-1.000000000000000000e+00,1.000000000000000000e+00,-1.000000000000000000e+00,1.000000000000000000e+00,1.000000000000000000e+00,-1.000000000000000000e+00,-2.826305627822875977e-01,1.000000000000000000e+00,1.631958361942047742e-01,2.908882086657215912e-03,-7.193895499912894564e-04,1.866455012504475083e-02,4.341889380708785495e-02,-2.327105669325772730e-02,7.883114018247365518e-03,1.287563189718709221e-02,1.869339607050153271e-02,-7.272205216643039781e-03,1.224643714823319546e-02,8.512308767201262269e-03,1.723895502717292388e-02,-1.018108730330025656e-02,2.242752445153344334e-02,1.723895502717292388e-02,1.433007294051570277e-02,2.908882086657215912e-03,-4.363323129985824736e-03,8.512308767201262269e-03,1.578451398384431159e-02
1.788406398566620111e+09,-5.558499693870544434e-02,2.246227860450744629e-01,3.104531764984130859e-01,9.648606181144714355e-01,-2.957933247089385986e-01,4.367235004901885986e-01,7.725417017936706543e-01,-1.000000000000000000e+00,-1.000000000000000000e+00,-1.000000000000000000e+00,-4.789916425943374634e-02,9.100787043571472168e-01,-4.979197084903717041e-01,1.000000000000000000e+00,1.000000000000000000e+00,1.000000000000000000e+00,1.000000000000000000e+00,-1.000000000000000000e+00,1.000000000000000000e+00,-1.000000000000000000e+00,-1.000000000000000000e+00,1.000000000000000000e+00,-1.000000000000000000e+00,1.000000000000000000e+00,1.000000000000000000e+00,-1.000000000000000000e+00,1.000000000000000000e+00,1.000000000000000000e+00,1.721958361942047822e-01,2.908882086657215912e-03,-3.764948506662646466e-03,-4.464759581704047238e-04,2.201230876720125518e-02,-2.472549773658633612e-02,9.043144628289902232e-03,1.183122146390098647e-02,1.037678042057237592e-02,-8.726646259971649472e-03,9.043144628289902232e-03,8.922339377243765357e-03,1.650134160600715601e-03,-1.163552834662886365e-02,1.486090880160433059e-02,1.619454459388681641e-02,8.922339377243765357e-03,2.908882086657215912e-03,-2.908882086657215912e-03,1.183122146390098647e-02,8.922339377243765357e-03
1.788406398616677523e+09,-5.242110416293144226e-02,2.247082591056823730e-01,3.033279180526733398e-01,9.559047222137451172e-01,-3.047871589660644531e-01,4.270447492599487305e-01,7.824915647506713867e-01,-5.193678662180900574e-03,-9.844987988471984863e-01,-1.000000000000000000e+00,9.236043095588684082e-01,1.000000000000000000e+00,-8.420629501342773438e-01,1.000000000000000000e+00,1.000000000000000000e+00,1.000000000000000000e+00,1.000000000000000000e+00,-1.000000000000000000e+00,1.000000000000000000e+00,-1.000000000000000000e+00,-1.000000000000000000e+00,1.000000000000000000e+00,-1.000000000000000000e+00,1.000000000000000000e+00,1.000000000000000000e+00,-1.000000000000000000e+00,1.000000000000000000e+00,1.000000000000000000e+00,1.811958361942047624e-01,0.000000000000000000e+00,-6.810507463334003475e-03,1.244020091184376911e-02,2.678566250722958994e-02,-2.472549773658633612e-02,5.839852108346597730e-03,3.514605813971875652e-03,7.877928943957706459e-03,-1.018108730330025656e-02,5.839852108346597730e-03,9.332369987286315283e-03,9.332369987286315283e-03,-1.163552834662886365e-02,2.620202671494710478e-02,2.387678042057236882e-02,1.078681103061492584e-02,1.454441043328607956e-03,-5.817764173314431825e-03,1.078681103061492584e-02,1.369569311727214522e-02
1.788406398666760445e+09,-5.021288618445396423e-02,2.250471264123916626e-01,2.965778708457946777e-01,9.462004899978637695e-01,-3.134130239486694336e-01,4.177180826663970947e-01,7.924904227256774902e-01,2.769290842115879059e-02,-6.606101393699645996e-01,-1.000000000000000000e+00,-8.569976091384887695e-01,9.194340109825134277e-01,-7.358366250991821289e-01,1.000000000000000000e+00,1.000000000000000000e+00,1.000000000000000000e+00,1.000000000000000000e+00,-1.000000000000000000e+00,1.000000000000000000e+00,-1.000000000000000000e+00,-1.000000000000000000e+00,1.000000000000000000e+00,-1.000000000000000000e+00,1.000000000000000000e+00,1.000000000000000000e+00,-1.000000000000000000e+00,1.000000000000000000e+00,1.000000000000000000e+00,1.901958361942048259e-01,2.908882086657215912e-03,-1.421938954999128410e-02,7.873585261914645139e-03,2.428681103061496732e-02,-2.472549773658633612e-02,1.427208793503216208e-02,8.287959554000256385e-03,8.287959554000256385e-03,-7.272205216643039781e-03,6.999882718389134444e-03,6.833518510671645826e-03,1.410572372731469515e-02,-1.163552834662886365e-02,1.136320584837494096e-02,1.265128268398608632e-02,9.742400597328865208e-03,5.817764173314431825e-03,-5.817764173314431825e-03,6.833518510671645826e-03,1.556016477064330571e-02
1.788406398717055321e+09,-4.936996847391128540e-02,2.252194881439208984e-01,2.901289463043212891e-01,9.358615279197692871e-01,-3.217212259769439697e-01,4.084345996379852295e-01,8.025875687599182129e-01,-1.000000000000000000e+00,-1.000000000000000000e+00,-1.000000000000000000e+00,1.000000000000000000e+00,1.000000000000000000e+00,2.778297960758209229e-01,1.000000000000000000e+00,1.000000000000000000e+00,1.000000000000000000e+00,1.000000000000000000e+00,-1.000000000000000000e+00,1.000000000000000000e+00,-1.000000000000000000e+00,-1.000000000000000000e+00,1.000000000000000000e+00,-1.000000000000000000e+00,1.000000000000000000e+00,1.000000000000000000e+00,-1.000000000000000000e+00,1.000000000000000000e+00,1.000000000000000000e+00,1.991958361942048061e-01,4.363323129985824736e-03,-2.720538073376725478e-03,1.494249795861442992e-02,2.760572372731468979e-02,-2.181661564992912195e-02,9.614354371760235746e-03,5.789108077385585194e-03,1.451575433735719997e-02,-5.817764173314431825e-03,1.252323645841745513e-02,2.469684164065746868e-02,5.789108077385585194e-03,-1.018108730330025656e-02,2.270432376171772557e-02,2.324240059732885985e-02,1.160687225069997885e-02,5.817764173314431825e-03,-5.817764173314431825e-03,1.015243120737137003e-02,1.597019538068580879e-02
1.788406398767363310e+09,-4.969297721982002258e-02,2.246929854154586792e-01,2.839738130569458008e-01,9.249370098114013672e-01,-3.295021355152130127e-01,3.991401195526123047e-01,8.127165436744689941e-01,4.115423262119293213e-01,8.390348404645919800e-03,-1.000000000000000000e+00,-1.000000000000000000e+00,-1.000000000000000000e+00,-5.719547867774963379e-01,1.000000000000000000e+00,1.000000000000000000e+00,1.000000000000000000e+00,1.000000000000000000e+00,-1.000000000000000000e+00,1.000000000000000000e+00,-1.000000000000000000e+00,-1.000000000000000000e+00,1.000000000000000000e+00,-1.000000000000000000e+00,1.000000000000000000e+00,1.000000000000000000e+00,-1.000000000000000000e+00,1.000000000000000000e+00,1.000000000000000000e+00,2.081958361942047586e-01,2.908882086657215912e-03,7.323872359909500140e-03,2.055696961198560935e-02,2.074354912071418866e-02,-2.181661564992912195e-02,9.319943938474161901e-03,6.199138687428135119e-03,1.347134390407118618e-02,-8.726646259971649472e-03,5.932976785025245725e-04,1.347134390407118618e-02,1.928910807738562494e-02,-1.454441043328607956e-02,1.950103124177443234e-02,2.365243120737140978e-02,6.199138687428135119e-03,2.908882086657215912e-03,-5.817764173314431825e-03,6.199138687428135119e-03,2.074354912071418866e-02
1.788406398817015886e+09,-5.055282637476921082e-02,2.237698286771774292e-01,2.783434092998504639e-01,9.135388731956481934e-01,-3.364971578121185303e-01,3.900425136089324951e-01,8.228886127471923828e-01,-2.215224057435989380e-01,-1.000000000000000000e+00,-1.000000000000000000e+00,1.000000000000000000e+00,8.843314051628112793e-01,-6.276375055313110352e-01,1.000000000000000000e+00,1.000000000000000000e+00,1.000000000000000000e+00,1.000000000000000000e+00,-1.000000000000000000e+00,1.000000000000000000e+00,-1.000000000000000000e+00,-1.000000000000000000e+00,1.000000000000000000e+00,-1.000000000000000000e+00,1.000000000000000000e+00,1.000000000000000000e+00,-1.000000000000000000e+00,1.000000000000000000e+00,1.000000000000000000e+00,2.171958361942047389e-01,0.000000000000000000e+00,2.823872359909440632e-03,1.017258978874201192e-02,2.406246181741395970e-02,-2.181661564992912195e-02,1.629773872183111483e-02,9.518051384127859324e-03,9.518051384127859324e-03,-4.363323129985824736e-03,2.066106185181692395e-02,6.609169297470639075e-03,1.388137451411368926e-02,-1.018108730330025656e-02,3.375103124177441377e-02,1.969913868742812976e-02,1.097249242745646988e-02,4.363323129985824736e-03,-4.363323129985824736e-03,1.679025660077090865e-02,1.969913868742812976e-02
1.788406398867155313e+09,-5.273116752505302429e-02,2.230657637119293213e-01,2.735897600650787354e-01,9.017847180366516113e-01,-3.423923850059509277e-01,3.814709484577178955e-01,8.336269855499267578e-01,-6.211104989051818848e-01,-5.123130679130554199e-01,-1.000000000000000000e+00,-6.580736637115478516e-01,-1.000000000000000000e+00,-1.000000000000000000e+00,1.000000000000000000e+00,1.000000000000000000e+00,1.000000000000000000e+00,1.000000000000000000e+00,-1.000000000000000000e+00,1.000000000000000000e+00,-1.000000000000000000e+00,-1.000000000000000000e+00,1.000000000000000000e+00,-1.000000000000000000e+00,1.000000000000000000e+00,1.000000000000000000e+00,-1.000000000000000000e+00,1.000000000000000000e+00,1.000000000000000000e+00,2.261958361942048301e-01,0.000000000000000000e+00,-4.585009726747839125e-03,7.060415182141537536e-03,3.610802077408534205e-02,-2.181661564992912195e-02,-1.449964231398301329e-03,9.928081994170409250e-03,1.574584616748480465e-02,-7.272205216643039781e-03,1.018556411523057967e-02,2.738137451411368217e-02,2.010916929747063459e-02,-1.308996938995747247e-02,1.018556411523057967e-02,1.720028721081341347e-02,7.019199907513189000e-03,1.454441043328607956e-03,-2.908882086657215912e-03,8.473640950841798691e-03,1.574584616748480465e-02
1.788406398917288303e+09,-5.620004981756210327e-02,2.225211858749389648e-01,2.702625989913940430e-01,8.897473812103271484e-01,-3.465088009834289551e-01,3.737201988697052002e-01,8.452122807502746582e-01,-3.013746142387390137e-01,-1.000000000000000000e+00,-1.000000000000000000e+00,1.000000000000000000e+00,-3.792456984519958496e-01,-1.000000000000000000e+00,1.000000000000000000e+00,1.000000000000000000e+00,1.000000000000000000e+00,1.000000000000000000e+00,-1.000000000000000000e+00,1.000000000000000000e+00,-1.000000000000000000e+00,-1.000000000000000000e+00,1.000000000000000000e+00,-1.000000000000000000e+00,1.000000000000000000e+00,1.000000000000000000e+00,-1.000000000000000000e+00,1.000000000000000000e+00,1.000000000000000000e+00,2.351958361942048104e-01,0.000000000000000000e+00,-6.176127640090493635e-03,1.994709205215566480e-02,2.488252303749901445e-02,-2.036217460660051312e-02,1.134559472527311638e-02,1.179255364754152290e-02,1.033811260421291234e-02,-4.363323129985824736e-03,1.425447681193031321e-02,8.883671560884303514e-03,1.615587677752735457e-02,-1.018108730330025656e-02,2.734444620188780303e-02,2.197364095084179333e-02,1.033811260421291234e-02,0.000000000000000000e+00,-5.817764173314431825e-03,8.883671560884303514e-03,1.324699469087013345e-02
1.788406398967635393e+09,-5.901317670941352844e-02,2.222575545310974121e-01,2.687073051929473877e-01,8.774865865707397461e-01,-3.483377695083618164e-01,3.670950531959533691e-01,8.572041392326354980e-01,1.000000000000000000e+00,-6.250974535942077637e-01,-1.000000000000000000e+00,-6.469633430242538452e-02,-1.000000000000000000e+00,-1.000000000000000000e+00,1.000000000000000000e+00,1.000000000000000000e+00,1.000000000000000000e+00,1.000000000000000000e+00,-1.000000000000000000e+00,1.000000000000000000e+00,-1.000000000000000000e+00,-1.000000000000000000e+00,1.000000000000000000e+00,-1.000000000000000000e+00,1.000000000000000000e+00,1.000000000000000000e+00,-1.000000000000000000e+00,6.300469636917114258e-01,1.000000000000000000e+00,2.441958361942047628e-01,-4.363323129985824736e-03,-1.213056868341925651e-02,1.101715327224076293e-02,3.256475886418457033e-02,-2.472549773658633612e-02,2.705003576860170664e-02,1.365702530091263654e-02,2.529255364754151580e-02,-5.817764173314431825e-03,1.541450742197284993e-02,1.365702530091263654e-02,1.947478947422707704e-02,-1.018108730330025656e-02,2.705003576860170664e-02,2.529255364754151580e-02,1.365702530091263654e-02,2.908882086657215912e-03,-5.817764173314431825e-03,1.511146634424124710e-02,1.947478947422707704e-02
1.788406399017884731e+09,-6.097229570150375366e-02,2.216507047414779663e-01,2.686222493648529053e-01,8.650184273719787598e-01,-3.477284014225006104e-01,3.618813753128051758e-01,8.695596456527709961e-01,-1.000000000000000000e+00,-1.000000000000000000e+00,-1.000000000000000000e+00,6.894162297248840332e-01,-1.000000000000000000e+00,-1.000000000000000000e+00,1.000000000000000000e+00,1.000000000000000000e+00,1.000000000000000000e+00,1.000000000000000000e+00,-1.000000000000000000e+00,1.000000000000000000e+00,-1.000000000000000000e+00,-1.000000000000000000e+00,1.000000000000000000e+00,-1.000000000000000000e+00,1.000000000000000000e+00,1.000000000000000000e+00,-1.000000000000000000e+00,-4.704147577285766602e-04,1.000000000000000000e+00,2.531958361942047708e-01,2.908882086657215912e-03,8.227238365240049358e-04,1.372274283895463624e-02,2.715702530091267802e-02,-2.181661564992912195e-02,6.393450728715138753e-03,9.703732780969403365e-03,1.406705591095523331e-02,-7.272205216643039781e-03,1.948342011867262857e-02,1.406705591095523331e-02,1.843037904094106325e-02,-1.163552834662886365e-02,2.530118429198704652e-02,2.570258425758406573e-02,1.406705591095523331e-02,0.000000000000000000e+00,-2.908882086657215912e-03,9.703732780969403365e-03,1.406705591095523331e-02
1.788406399067825079e+09,-6.219283863902091980e-02,2.199313789606094360e-01,2.694837450981140137e-01,8.524291515350341797e-01,-3.447546958923339844e-01,3.582166135311126709e-01,8.822666406631469727e-01,2.336003333330154419e-01,-4.619209766387939453e-01,-1.000000000000000000e+00,-4.133624434471130371e-01,-1.000000000000000000e+00,-1.000000000000000000e+00,1.000000000000000000e+00,1.000000000000000000e+00,1.000000000000000000e+00,1.000000000000000000e+00,-1.000000000000000000e+00,1.000000000000000000e+00,-1.000000000000000000e+00,-1.000000000000000000e+00,1.000000000000000000e+00,-1.000000000000000000e+00,1.000000000000000000e+00,1.000000000000000000e+00,-1.000000000000000000e+00,-7.468950152397155762e-01,1.000000000000000000e+00,2.621958361942047788e-01,-1.454441043328607956e-03,6.503811139824493097e-03,1.497389136233998053e-02,1.156820443434051701e-02,-2.327105669325772730e-02,9.007922382086308577e-03,7.204881304354686204e-03,1.593152756432634695e-02,-8.726646259971649472e-03,1.337124551207209341e-02,7.204881304354686204e-03,2.320373278096939801e-02,-1.163552834662886365e-02,2.646121490202958323e-02,2.611261486762661566e-02,1.738596860765495578e-02,2.908882086657215912e-03,-5.817764173314431825e-03,2.465817382429800683e-02,1.884040965098356807e-02
1.788406399118088484e+09,-6.210144981741905212e-02,2.172825187444686890e-01,2.715359330177307129e-01,8.397021889686584473e-01,-3.393612504005432129e-01,3.559392690658569336e-01,8.948819041252136230e-01,-2.093503326177597046e-01,-1.000000000000000000e+00,-1.000000000000000000e+00,-2.215606905519962311e-02,-1.000000000000000000e+00,-1.000000000000000000e+00,1.000000000000000000e+00,1.000000000000000000e+00,1.000000000000000000e+00,1.000000000000000000e+00,-1.000000000000000000e+00,1.000000000000000000e+00,-1.000000000000000000e+00,-1.000000000000000000e+00,1.000000000000000000e+00,-1.000000000000000000e+00,1.000000000000000000e+00,1.000000000000000000e+00,-1.000000000000000000e+00,-4.756428599357604980e-01,1.000000000000000000e+00,2.711958361942048423e-01,-1.454441043328607956e-03,2.003811139824433589e-03,1.477059884239672813e-02,3.088596860765495042e-02,-2.327105669325772730e-02,1.744015820877187206e-02,1.488711713104023948e-02,1.052379400105440954e-02,-8.726646259971649472e-03,1.889459925210048435e-02,1.634155817436885177e-02,1.488711713104023948e-02,-1.308996938995747247e-02,1.744015820877187206e-02,2.361376339101189936e-02,1.488711713104023948e-02,1.454441043328607956e-03,-5.817764173314431825e-03,1.488711713104023948e-02,2.797708652099772930e-02
1.788406399168258667e+09,-6.058142706751823425e-02,2.140154391527175903e-01,2.749450802803039551e-01,8.268155455589294434e-01,-3.317478597164154053e-01,3.547688722610473633e-01,9.070425033569335938e-01,1.000000000000000000e+00,4.749711975455284119e-02,-1.000000000000000000e+00,-1.000000000000000000e+00,-1.000000000000000000e+00,-1.000000000000000000e+00,1.000000000000000000e+00,1.000000000000000000e+00,1.000000000000000000e+00,1.000000000000000000e+00,-1.000000000000000000e+00,1.000000000000000000e+00,-1.000000000000000000e+00,-1.000000000000000000e+00,1.000000000000000000e+00,-1.000000000000000000e+00,1.000000000000000000e+00,1.000000000000000000e+00,-1.000000000000000000e+00,-9.534753561019897461e-01,1.000000000000000000e+00,2.801958361942047948e-01,-4.363323129985824736e-03,-1.041747816847108819e-03,7.295101105810354418e-03,1.529714774108283624e-02,-2.181661564992912195e-02,1.714574777548577567e-02,1.384270669775422569e-02,2.402379400105449786e-02,-8.726646259971649472e-03,1.423686568882855628e-02,8.024942524439878863e-03,2.256935295772588557e-02,-1.163552834662886365e-02,1.860018881881438796e-02,2.693267608771171551e-02,1.529714774108283624e-02,1.454441043328607956e-03,-2.908882086657215912e-03,2.547823504438310668e-02,1.820602982774005563e-02
1.788406399218509912e+09,-5.705239623785018921e-02,2.097726613283157349e-01,2.794076800346374512e-01,8.145260214805603027e-01,-3.219635188579559326e-01,3.546275198459625244e-01,9.190238118171691895e-01,-3.003317117691040039e-01,-1.000000000000000000e+00,-4.057307839393615723e-01,3.034024238586425781e-01,-1.571325510740280151e-01,-1.000000000000000000e+00,1.000000000000000000e+00,1.000000000000000000e+00,1.000000000000000000e+00,1.000000000000000000e+00,-1.000000000000000000e+00,1.000000000000000000e+00,-1.000000000000000000e+00,-1.000000000000000000e+00,1.000000000000000000e+00,-1.000000000000000000e+00,1.000000000000000000e+00,1.000000000000000000e+00,-1.000000000000000000e+00,-1.000000000000000000e+00,1.000000000000000000e+00,2.891958361942048028e-01,-4.363323129985824736e-03,-9.905070946832721795e-03,2.018177797582456842e-02,3.316047087106865909e-02,-2.181661564992912195e-02,1.103357316888533245e-02,1.716161939445404183e-02,1.570717835112543301e-02,-5.817764173314431825e-03,-6.019551777435480080e-04,2.443382461109699921e-02,1.279829626446821189e-02,-1.163552834662886365e-02,2.848686568882860537e-02,2.588826565442561151e-02,2.152494252443987177e-02,1.454441043328607956e-03,-4.363323129985824736e-03,2.007050148111126295e-02,3.025158878441144145e-02
1.788406399268650293e+09,-5.304941907525062561e-02,2.052163332700729370e-01,2.852723598480224609e-01,8.030285835266113281e-01,-3.102380037307739258e-01,3.549497127532958984e-01,9.314577579498291016e-01,-9.486581087112426758e-01,-1.000000000000000000e+00,-1.000000000000000000e+00,-2.813451923429965973e-02,3.210700154304504395e-01,-1.000000000000000000e+00,1.000000000000000000e+00,1.000000000000000000e+00,2.526165172457695007e-02,1.000000000000000000e+00,-1.000000000000000000e+00,1.000000000000000000e+00,-1.000000000000000000e+00,-1.000000000000000000e+00,1.000000000000000000e+00,-1.000000000000000000e+00,1.000000000000000000e+00,1.000000000000000000e+00,-1.000000000000000000e+00,-1.000000000000000000e+00,1.000000000000000000e+00,2.981958361942048663e-01,0.000000000000000000e+00,1.593780529781837259e-03,1.125183919590967696e-02,4.084270669775421497e-02,-2.472549773658633612e-02,1.801136795224228537e-02,8.845003744524886774e-03,1.029944478785349560e-02,-1.018108730330025656e-02,1.946580899557089767e-02,2.775273730779681536e-02,2.193497313448237659e-02,-1.454441043328607956e-02,1.510248586558506599e-02,2.629829626446820653e-02,1.466276791783932554e-02,1.454441043328607956e-03,-5.817764173314431825e-03,7.390562701196276216e-03,1.320832687451071671e-02
1.788406399318762064e+09,-4.866249859333038330e-02,2.011321187019348145e-01,2.919996082782745361e-01,7.924771904945373535e-01,-2.978140115737915039e-01,3.548426330089569092e-01,9.441581368446350098e-01,8.058476448059082031e-01,-1.000000000000000000e+00,-3.343083858489990234e-01,2.652911543846130371e-01,7.978213429450988770e-01,-1.000000000000000000e+00,1.000000000000000000e+00,1.000000000000000000e+00,8.441820144653320312e-01,1.000000000000000000e+00,-1.000000000000000000e+00,1.000000000000000000e+00,-1.000000000000000000e+00,-1.000000000000000000e+00,1.000000000000000000e+00,-1.000000000000000000e+00,1.000000000000000000e+00,1.000000000000000000e+00,-1.000000000000000000e+00,-1.000000000000000000e+00,1.000000000000000000e+00,3.071958361942048188e-01,0.000000000000000000e+00,2.911544703096217816e-03,1.541186980595216083e-02,2.816276791783932018e-02,-2.181661564992912195e-02,1.480807543229901643e-02,1.798168061453905148e-02,1.216391644122460924e-02,-1.018108730330025656e-02,1.189919334564179532e-02,1.943612165786766030e-02,1.216391644122460924e-02,-1.454441043328607956e-02,1.626251647562762526e-02,2.670832687451071136e-02,2.089056270119626912e-02,2.908882086657215912e-03,-2.908882086657215912e-03,9.255034354567389862e-03,1.507279852788183036e-02
1.788406399368794918e+09,-4.379798471927642822e-02,1.983121037483215332e-01,2.988411784172058105e-01,7.834292054176330566e-01,-2.856964170932769775e-01,3.547711074352264404e-01,9.572690725326538086e-01,-1.000000000000000000e+00,-1.000000000000000000e+00,-2.618882656097412109e-01,7.490484118461608887e-01,2.453443855047225952e-01,-4.747533500194549561e-01,1.000000000000000000e+00,1.000000000000000000e+00,-8.881187438964843750e-01,1.000000000000000000e+00,-1.000000000000000000e+00,9.278646707534790039e-01,-1.000000000000000000e+00,-1.000000000000000000e+00,1.000000000000000000e+00,-1.000000000000000000e+00,1.000000000000000000e+00,1.000000000000000000e+00,-1.000000000000000000e+00,-1.000000000000000000e+00,1.000000000000000000e+00,3.136244076227762689e-01,0.000000000000000000e+00,7.138190963068002937e-03,9.390813112694445380e-03,3.729944478785348488e-02,-2.181661564992912195e-02,1.596810604234152886e-02,1.548282913792433345e-02,1.548282913792433345e-02,-8.726646259971649472e-03,1.305922395568430948e-02,2.566391644122460389e-02,1.984615226791016512e-02,-1.163552834662886365e-02,1.742254708567014115e-02,2.711835748455321271e-02,1.548282913792433345e-02,2.908882086657215912e-03,-5.817764173314431825e-03,1.693727018125294401e-02,1.693727018125294401e-02
1.788406399420496702e+09,-3.842614591121673584e-02,1.960691809654235840e-01,3.044168651103973389e-01,7.761548757553100586e-01,-2.749034166336059570e-01,3.547018468379974365e-01,9.708080291748046875e-01,5.812180042266845703e-01,8.380447328090667725e-02,-3.351146280765533447e-01,5.995993316173553467e-02,1.000000000000000000e+00,-2.904728055000305176e-01,1.000000000000000000e+00,1.000000000000000000e+00,1.951171606779098511e-01,1.000000000000000000e+00,-1.000000000000000000e+00,1.000000000000000000e+00,-1.000000000000000000e+00,-1.000000000000000000e+00,1.000000000000000000e+00,-1.000000000000000000e+00,1.000000000000000000e+00,1.000000000000000000e+00,-1.000000000000000000e+00,-1.000000000000000000e+00,1.000000000000000000e+00,3.226244076227762769e-01,0.000000000000000000e+00,1.183749919739426112e-03,-9.313627930634209989e-03,-2.380493992061490701e-03,-2.181661564992912195e-02,1.421925456572682364e-02,1.007509557465248971e-02,1.589285974796693021e-02,-7.272205216643039781e-03,1.858257769571265358e-02,2.461950600793859009e-02,2.171062392128136898e-02,-1.163552834662886365e-02,2.149145978236987470e-02,2.752838809459581121e-02,1.880174183462415133e-02,2.908882086657215912e-03,-2.908882086657215912e-03,1.007509557465248971e-02,1.880174183462415133e-02
1.788406399473646641e+09,-3.110557608306407928e-02,1.938013583421707153e-01,3.085354864597320557e-01,7.699030637741088867e-01,-2.655031979084014893e-01,3.542395830154418945e-01,9.833452701568603516e-01,3.326098322868347168e-01,-1.000000000000000000e+00,-5.895165801048278809e-01,-3.012728393077850342e-01,-6.097277402877807617e-01,7.596747875213623047e-01,1.000000000000000000e+00,1.000000000000000000e+00,-1.000000000000000000e+00,1.000000000000000000e+00,-1.000000000000000000e+00,1.000000000000000000e+00,-1.000000000000000000e+00,-1.000000000000000000e+00,1.000000000000000000e+00,-1.000000000000000000e+00,1.000000000000000000e+00,1.000000000000000000e+00,-1.000000000000000000e+00,-1.000000000000000000e+00,1.000000000000000000e+00,3.290529790513477271e-01,-1.454441043328607956e-03,-1.861809036932116079e-03,9.390813112694445380e-03,1.257394705126711407e-02,-1.890773356327190430e-02,1.101596204578355297e-02,1.630289035800952524e-02,1.339400827135230586e-02,-8.726646259971649472e-03,1.101596204578355297e-02,2.502953661798109491e-02,1.775733140133813753e-02,-1.163552834662886365e-02,1.683372621909799347e-02,2.648397766130970374e-02,1.921177244466674636e-02,4.363323129985824736e-03,-5.817764173314431825e-03,9.030685141366475918e-03,2.212065453132396747e-02
1.788406399518883228e+09,-2.177284657955169678e-02,1.927909404039382935e-01,3.124693036079406738e-01,7.642552852630615234e-01,-2.567790448665618896e-01,3.540959954261779785e-01,9.940741658210754395e-01,-1.000000000000000000e+00,-1.000000000000000000e+00,4.362473487854003906e-01,1.000000000000000000e+00,3.013627529144287109e-01,8.921147584915161133e-01,1.000000000000000000e+00,9.343490004539489746e-02,-1.000000000000000000e+00,1.000000000000000000e+00,-1.000000000000000000e+00,8.436220884323120117e-01,-1.000000000000000000e+00,-1.000000000000000000e+00,1.000000000000000000e+00,-1.000000000000000000e+00,1.000000000000000000e+00,1.000000000000000000e+00,-1.000000000000000000e+00,-1.000000000000000000e+00,1.000000000000000000e+00,3.354815504799191772e-01,-1.454441043328607956e-03,-4.907367993603473089e-03,-7.859186887305599431e-03,3.437270181252949364e-03,-1.890773356327190430e-02,1.944819787246916329e-02,1.962180305470925118e-02,1.234959783806620012e-02,-1.018108730330025656e-02,1.944819787246916329e-02,2.253068514136646883e-02,1.671292096805203006e-02,-1.454441043328607956e-02,1.944819787246916329e-02,2.834844931468091106e-02,1.962180305470925118e-02,1.454441043328607956e-03,-5.817764173314431825e-03,1.089515679473758956e-02,1.089515679473758956e-02
1.788406399569451332e+09,-1.092950347810983658e-02,1.938638687133789062e-01,3.156808018684387207e-01,7.605419158935546875e-01,-2.493654638528823853e-01,3.548282980918884277e-01,1.002977728843688965e+00,-7.063084095716476440e-02,-6.640946865081787109e-01,1.000000000000000000e+00,1.000000000000000000e+00,4.807864129543304443e-01,1.000000000000000000e+00,1.000000000000000000e+00,-1.000000000000000000e+00,-1.000000000000000000e+00,1.000000000000000000e+00,-9.738178849220275879e-01,3.553315997123718262e-01,-1.000000000000000000e+00,-1.000000000000000000e+00,2.183235734701156616e-01,-1.000000000000000000e+00,1.000000000000000000e+00,1.000000000000000000e+00,-1.000000000000000000e+00,-1.000000000000000000e+00,1.000000000000000000e+00,3.406244076227761819e-01,-1.454441043328607956e-03,2.228160353025347533e-03,-4.747012280705009690e-03,1.572798527881835717e-03,-1.890773356327190430e-02,2.060822848251167572e-02,1.712295157809453489e-02,3.021292096805202471e-02,-8.726646259971649472e-03,1.188158222254006267e-02,1.712295157809453489e-02,9.850746361451483829e-03,-1.018108730330025656e-02,2.060822848251167572e-02,2.439515679473758247e-02,2.003183366475175253e-02,1.454441043328607956e-03,-5.817764173314431825e-03,9.850746361451483829e-03,2.003183366475175253e-02
1.788406399618835926e+09,-5.877083167433738708e-04,1.968606859445571899e-01,3.175356686115264893e-01,7.589569687843322754e-01,-2.439266294240951538e-01,3.564086854457855225e-01,1.010108232498168945e+00,-7.718849182128906250e-01,-1.000000000000000000e+00,1.000000000000000000e+00,1.000000000000000000e+00,6.745753288269042969e-01,1.000000000000000000e+00,1.634271442890167236e-02,-1.000000000000000000e+00,-1.000000000000000000e+00,1.000000000000000000e+00,-1.000000000000000000e+00,-6.937655210494995117e-01,5.887995362281799316e-01,-1.000000000000000000e+00,-1.000000000000000000e+00,-1.000000000000000000e+00,1.000000000000000000e+00,5.387674570083618164e-01,-1.000000000000000000e+00,-1.000000000000000000e+00,2.739407308399677277e-02,3.343773912695097161e-01,-1.454441043328607956e-03,2.364837223039484293e-03,2.728485455881270779e-03,-2.501717086207564875e-02,-1.745329251994329894e-02,2.758602326586867548e-02,2.480518740478008730e-02,1.753298218813703624e-02,-1.163552834662886365e-02,4.314966572610916089e-03,1.607854114480842742e-02,1.316965905815120630e-02,-1.454441043328607956e-02,3.049490535252589660e-02,4.225847992472341053e-02,2.189630531812286618e-02,4.363323129985824736e-03,-2.908882086657215912e-03,7.351894884836766668e-03,1.753298218813703624e-02
1.788406399669258356e+09,8.265038952231407166e-03,2.016868293285369873e-01,3.178187906742095947e-01,7.591526508331298828e-01,-2.408346086740493774e-01,3.588138222694396973e-01,1.014710187911987305e+00,1.000000000000000000e+00,-1.000000000000000000e+00,1.000000000000000000e+00,1.000000000000000000e+00,2.580627501010894775e-01,1.000000000000000000e+00,-1.000000000000000000e+00,-1.000000000000000000e+00,-1.000000000000000000e+00,8.190007805824279785e-01,-1.000000000000000000e+00,-4.854857027530670166e-01,1.000000000000000000e+00,-1.000000000000000000e+00,-1.000000000000000000e+00,-1.000000000000000000e+00,1.000000000000000000e+00,-5.679256916046142578e-01,-7.160923480987548828e-01,-1.000000000000000000e+00,-1.000000000000000000e+00,3.273059626980810433e-01,-5.817764173314431825e-03,5.410396179710841302e-03,-2.885986197489892602e-03,-1.670055521214649369e-02,-1.454441043328607956e-02,1.476977998123800949e-02,6.941864274794262712e-03,-3.239223028506007292e-03,-7.272205216643039781e-03,1.040645685125217955e-02,8.396305318122873271e-03,-6.148105115163227108e-03,-1.018108730330025656e-02,2.931419041452410987e-02,1.275962844810870321e-02,-3.239223028506007292e-03,5.817764173314431825e-03,-5.817764173314431825e-03,-6.148105115163227108e-03,-9.056987201820448224e-03
1.788406399719251394e+09,1.638291776180267334e-02,2.080805003643035889e-01,3.166521191596984863e-01,7.613909244537353516e-01,-2.397731840610504150e-01,3.622412681579589844e-01,1.016305327415466309e+00,-2.216740511357784271e-02,-1.000000000000000000e+00,1.000000000000000000e+00,1.000000000000000000e+00,-3.640428185462951660e-01,1.000000000000000000e+00,-1.000000000000000000e+00,-1.000000000000000000e+00,-1.000000000000000000e+00,-9.275905489921569824e-01,-1.000000000000000000e+00,-8.038825988769531250e-01,1.000000000000000000e+00,-1.000000000000000000e+00,-1.000000000000000000e+00,-1.000000000000000000e+00,1.000000000000000000e+00,-1.000000000000000000e+00,2.478408068418502808e-01,-1.000000000000000000e+00,-1.000000000000000000e+00,3.202345341266525369e-01,-4.363323129985824736e-03,1.136483722303960331e-02,-5.591575764203766778e-03,-1.711058582218908872e-02,-1.454441043328607956e-02,7.497574764594959300e-03,-8.012576768534340754e-03,-1.092145885519156187e-02,-8.726646259971649472e-03,1.767866206789522887e-02,-1.383034094184878125e-02,-2.255698720182044287e-02,-1.163552834662886365e-02,1.622422102456662005e-02,2.168510534765929251e-03,-1.237589989852017069e-02,5.817764173314431825e-03,-4.363323129985824736e-03,-2.692031033180627281e-02,-8.012576768534340754e-03
1.788406399770355940e+09,2.465694211423397064e-02,2.155079990625381470e-01,3.148050010204315186e-01,7.656801939010620117e-01,-2.395954877138137817e-01,3.667414784431457520e-01,1.015635848045349121e+00,4.409649968147277832e-01,-1.000000000000000000e+00,1.000000000000000000e+00,1.000000000000000000e+00,-6.669719219207763672e-01,1.000000000000000000e+00,-1.000000000000000000e+00,-1.000000000000000000e+00,-1.000000000000000000e+00,-6.047167181968688965e-01,-1.000000000000000000e+00,4.312866181135177612e-02,1.000000000000000000e+00,-1.000000000000000000e+00,-1.000000000000000000e+00,-1.000000000000000000e+00,1.000000000000000000e+00,-7.984088063240051270e-01,-3.496223688125610352e-01,-1.000000000000000000e+00,-1.000000000000000000e+00,3.131631055552239751e-01,-5.817764173314431825e-03,1.441039617971096032e-02,-9.751606374246343453e-03,-2.915614477886047107e-02,-1.454441043328607956e-02,1.186089789458079011e-02,-9.877048421905454401e-03,-1.860369468187711428e-02,-8.726646259971649472e-03,-7.046835668691095109e-03,-3.023922302850599528e-02,-1.714925363854850546e-02,-1.163552834662886365e-02,1.476977998123800949e-02,-8.422607378576845577e-03,-1.714925363854850546e-02,5.817764173314431825e-03,-4.363323129985824736e-03,-9.877048421905454401e-03,-1.860369468187711428e-02
1.788406399819565535e+09,3.415102884173393250e-02,2.236987501382827759e-01,3.125919103622436523e-01,7.719013690948486328e-01,-2.397020012140274048e-01,3.722685277462005615e-01,1.013056993484497070e+00,3.893209993839263916e-01,-1.000000000000000000e+00,1.000000000000000000e+00,1.000000000000000000e+00,-6.383174657821655273e-01,1.000000000000000000e+00,-1.000000000000000000e+00,-1.000000000000000000e+00,-1.000000000000000000e+00,-1.595066040754318237e-01,-1.000000000000000000e+00,9.538137912750244141e-02,1.000000000000000000e+00,-1.000000000000000000e+00,-1.000000000000000000e+00,-1.000000000000000000e+00,1.000000000000000000e+00,-5.883941054344177246e-01,-1.531179398298263550e-01,-1.000000000000000000e+00,-1.000000000000000000e+00,3.060916769837954132e-01,-7.272205216643039781e-03,1.891039617971083595e-02,-2.118384220093194603e-02,-4.120170373553185689e-02,-1.454441043328607956e-02,1.679810591280565422e-03,-1.901372529191961910e-02,-1.028707903194795922e-02,-8.726646259971649472e-03,-7.046835668691095109e-03,-1.755928424859101028e-02,-1.174152007527656805e-02,-1.454441043328607956e-02,2.253695479519553788e-04,-2.919481259521988781e-02,-1.901372529191961910e-02,5.817764173314431825e-03,-5.817764173314431825e-03,-1.174152007527656805e-02,-1.610484320526239799e-02
1.788406399870027781e+09,4.418116435408592224e-02,2.325699031352996826e-01,3.102138340473175049e-01,7.796597480773925781e-01,-2.398652881383895874e-01,3.788006007671356201e-01,1.009018182754516602e+00,-8.831092119216918945e-01,-1.000000000000000000e+00,1.000000000000000000e+00,1.000000000000000000e+00,-2.773219645023345947e-01,1.000000000000000000e+00,-1.000000000000000000e+00,-1.000000000000000000e+00,-1.000000000000000000e+00,6.737436056137084961e-01,-1.000000000000000000e+00,-4.102712273597717285e-01,1.000000000000000000e+00,-1.000000000000000000e+00,-1.000000000000000000e+00,-1.000000000000000000e+00,1.000000000000000000e+00,-2.125468701124191284e-01,6.480765342712402344e-02,-1.000000000000000000e+00,-7.000534534454345703e-01,2.990202484123668514e-01,-7.272205216643039781e-03,3.213704243968255880e-02,-9.345021334359743248e-03,-2.997620599894561949e-02,-1.308996938995747247e-02,7.497574764594959300e-03,-1.215155068531916481e-02,-2.378707903194804407e-02,-1.163552834662886365e-02,-5.592394625362484550e-03,-1.796931485863360531e-02,-1.942375590196221413e-02,-1.454441043328607956e-02,2.253695479519553788e-04,-2.815040216193387401e-02,-1.506043277197638419e-02,4.363323129985824736e-03,-5.817764173314431825e-03,-1.215155068531916481e-02,-1.942375590196221413e-02
1.788406399920103312e+09,5.339648202061653137e-02,2.421553432941436768e-01,3.078584671020507812e-01,7.885919213294982910e-01,-2.400420308113098145e-01,3.862393796443939209e-01,1.004098296165466309e+00,-2.900570034980773926e-01,-1.000000000000000000e+00,1.000000000000000000e+00,1.000000000000000000e+00,-1.385171860456466675e-01,1.000000000000000000e+00,-1.000000000000000000e+00,-1.000000000000000000e+00,-1.000000000000000000e+00,1.000000000000000000e+00,-1.000000000000000000e+00,-1.950346976518630981e-01,1.000000000000000000e+00,-1.000000000000000000e+00,-1.000000000000000000e+00,-1.000000000000000000e+00,1.000000000000000000e+00,-1.374364644289016724e-01,-4.983758926391601562e-01,-1.000000000000000000e+00,-6.668614149093627930e-01,2.919488198409382340e-01,-4.363323129985824736e-03,1.191154470309633770e-02,-1.350505194440232079e-02,-3.765844182563117537e-02,-1.599885147661468665e-02,6.043133721266395579e-03,-8.198258165375931633e-03,-8.198258165375931633e-03,-8.726646259971649472e-03,-9.955717755348314491e-03,-2.710599172864777001e-02,-1.692490442534759151e-02,-1.163552834662886365e-02,1.679810591280565422e-03,-3.001487381530498766e-02,-1.837934546867611013e-02,5.817764173314431825e-03,-5.817764173314431825e-03,-1.401602233869037040e-02,-1.837934546867611013e-02
1.788406399970290899e+09,6.203380972146987915e-02,2.524014711380004883e-01,3.055015504360198975e-01,7.984699010848999023e-01,-2.402533292770385742e-01,3.944134414196014404e-01,9.982985258102416992e-01,2.154722213745117188e-01,-1.000000000000000000e+00,1.000000000000000000e+00,1.000000000000000000e+00,-2.546315789222717285e-01,1.000000000000000000e+00,-1.000000000000000000e+00,-1.000000000000000000e+00,-1.000000000000000000e+00,8.000094294548034668e-01,-1.000000000000000000e+00,-6.044756770133972168e-01,1.000000000000000000e+00,-1.000000000000000000e+00,-1.000000000000000000e+00,-1.000000000000000000e+00,1.000000000000000000e+00,-4.814227223396301270e-01,-3.003938794136047363e-01,-1.000000000000000000e+00,-1.000000000000000000e+00,2.848773912695096722e-01,-2.908882086657215912e-03,1.204822157311047359e-02,-1.621064151111628604e-02,-1.043409261243013163e-02,-1.599885147661468665e-02,3.134251634609175330e-03,-1.006272981874704528e-02,-8.608288775418434721e-03,-8.726646259971649472e-03,-5.592394625362484550e-03,-2.169825816537592628e-02,-1.878937607871870516e-02,-1.163552834662886365e-02,3.134251634609175330e-03,-3.042490442534758616e-02,-1.733493503539009634e-02,5.817764173314431825e-03,-5.817764173314431825e-03,-1.151717086207565410e-02,-1.588049399206148404e-02
1.788406400020009279e+09,7.093887776136398315e-02,2.631589174270629883e-01,3.029523491859436035e-01,8.089745044708251953e-01,-2.406100332736968994e-01,4.031559228897094727e-01,9.911867380142211914e-01,1.718481183052062988e-01,-1.000000000000000000e+00,1.000000000000000000e+00,1.000000000000000000e+00,-9.194607287645339966e-02,1.000000000000000000e+00,-1.000000000000000000e+00,-1.000000000000000000e+00,-1.000000000000000000e+00,1.000000000000000000e+00,-1.000000000000000000e+00,-1.000000000000000000e+00,1.000000000000000000e+00,-1.000000000000000000e+00,-1.000000000000000000e+00,-1.000000000000000000e+00,1.000000000000000000e+00,-1.000000000000000000e+00,2.745566368103027344e-01,-1.000000000000000000e+00,-1.000000000000000000e+00,2.778059626980811103e-01,-2.908882086657215912e-03,1.509378052978183060e-02,-8.735143774529895849e-03,-1.666188739578712205e-02,-1.599885147661468665e-02,3.134251634609175330e-03,-1.338164251544676775e-02,-6.109437298803718427e-03,-8.726646259971649472e-03,-5.592394625362484550e-03,-2.356272981874703992e-02,-1.774496564543259769e-02,-1.163552834662886365e-02,-1.229071495376654610e-03,-3.374381712204731210e-02,-1.919940668876120998e-02,5.817764173314431825e-03,-5.817764173314431825e-03,-1.629052460210398887e-02,-3.083493503539008751e-02
1.788406400069770813e+09,8.066072314977645874e-02,2.741696834564208984e-01,3.000205755233764648e-01,8.196793794631958008e-01,-2.411843240261077881e-01,4.123547077178955078e-01,9.824027419090270996e-01,7.263703346252441406e-01,-1.000000000000000000e+00,1.000000000000000000e+00,1.000000000000000000e+00,-3.300169408321380615e-01,1.000000000000000000e+00,-1.000000000000000000e+00,-1.000000000000000000e+00,-1.000000000000000000e+00,9.704160690307617188e-01,-1.000000000000000000e+00,-1.000000000000000000e+00,1.000000000000000000e+00,-1.000000000000000000e+00,-1.000000000000000000e+00,-1.000000000000000000e+00,9.548681378364562988e-01,-1.000000000000000000e+00,7.477245330810546875e-01,-1.000000000000000000e+00,-1.000000000000000000e+00,2.695256449615574534e-01,-5.817764173314431825e-03,1.232157531313893273e-02,-2.162182064454411592e-02,-1.125415383251523148e-02,-1.308996938995747247e-02,3.134251634609175330e-03,-1.233723208216066201e-02,-5.065026865517611825e-03,-8.726646259971649472e-03,-4.137953582033874859e-03,-1.960943729880371134e-02,-1.670055521214649369e-02,-1.163552834662886365e-02,3.134251634609175330e-03,-2.251831938546093245e-02,-1.815499625547510251e-02,2.908882086657215912e-03,-5.817764173314431825e-03,-1.233723208216066201e-02,-2.106387834213232363e-02
1.788406400120202541e+09,9.096609055995941162e-02,2.853035926818847656e-01,2.966187596321105957e-01,8.302305340766906738e-01,-2.420895695686340332e-01,4.218649268150329590e-01,9.718614816665649414e-01,2.847385108470916748e-01,-1.000000000000000000e+00,1.000000000000000000e+00,1.000000000000000000e+00,1.725935339927673340e-01,1.000000000000000000e+00,-1.000000000000000000e+00,-1.000000000000000000e+00,-1.000000000000000000e+00,5.967952609062194824e-01,-1.000000000000000000e+00,-1.000000000000000000e+00,1.000000000000000000e+00,-1.000000000000000000e+00,-1.000000000000000000e+00,-1.000000000000000000e+00,7.469772100448608398e-01,-1.000000000000000000e+00,1.000000000000000000e+00,-1.000000000000000000e+00,-1.000000000000000000e+00,2.605256449615575010e-01,-5.817764173314431825e-03,1.682157531313880836e-02,-8.328558734643391054e-03,-1.166418444255778140e-02,-1.599885147661468665e-02,-1.016141921524466030e-02,-1.129282164887464822e-02,-6.929498518888818279e-03,-1.163552834662886365e-02,-1.307030130190188141e-02,-2.583723208216074860e-02,-1.711058582218908872e-02,-1.454441043328607956e-02,-4.343655041930220666e-03,-3.020055521214657854e-02,-1.711058582218908872e-02,2.908882086657215912e-03,-5.817764173314431825e-03,-1.565614477886047989e-02,-2.001946790884630983e-02
1.788406400170362949e+09,1.006125211715698242e-01,2.965044677257537842e-01,2.928730249404907227e-01,8.404046893119812012e-01,-2.432844638824462891e-01,4.316425919532775879e-01,9.600317478179931641e-01,-7.075456380844116211e-01,-1.000000000000000000e+00,1.000000000000000000e+00,1.000000000000000000e+00,-2.314698845148086548e-01,1.000000000000000000e+00,-1.000000000000000000e+00,-1.000000000000000000e+00,-1.000000000000000000e+00,5.755780339241027832e-01,-1.000000000000000000e+00,-1.000000000000000000e+00,1.000000000000000000e+00,-1.000000000000000000e+00,-1.000000000000000000e+00,-1.000000000000000000e+00,5.910575985908508301e-01,-1.000000000000000000e+00,4.362446963787078857e-01,-1.000000000000000000e+00,-1.000000000000000000e+00,2.515256449615575485e-01,-1.018108730330025656e-02,2.423045739979608898e-02,-1.685191247467173956e-02,-4.261747696250105244e-02,-1.745329251994329894e-02,-1.132144982528726640e-02,-1.315729330224585381e-02,-5.885088085602804484e-03,-7.272205216643039781e-03,-1.713921399860166006e-02,-1.606617538890307492e-02,-1.752061643223159354e-02,-1.018108730330025656e-02,-1.859365504193027235e-02,-3.206502686551769565e-02,-2.042949851888881119e-02,2.908882086657215912e-03,-4.363323129985824736e-03,-1.024841121558863442e-02,-2.770170373553186224e-02
1.788406400220847130e+09,1.085203438997268677e-01,3.074933886528015137e-01,2.890157401561737061e-01,8.500078320503234863e-01,-2.444230169057846069e-01,4.418022334575653076e-01,9.476391077041625977e-01,-6.660007238388061523e-01,-1.000000000000000000e+00,1.000000000000000000e+00,1.000000000000000000e+00,-4.846137464046478271e-01,1.000000000000000000e+00,-1.000000000000000000e+00,-1.000000000000000000e+00,-1.000000000000000000e+00,6.511224508285522461e-01,-1.000000000000000000e+00,-1.000000000000000000e+00,1.000000000000000000e+00,-1.000000000000000000e+00,-1.000000000000000000e+00,-1.000000000000000000e+00,1.496990621089935303e-01,-1.000000000000000000e+00,3.862381577491760254e-01,-1.000000000000000000e+00,-1.000000000000000000e+00,2.425256449615575682e-01,-1.018108730330025656e-02,2.145825218315300376e-02,-1.373973786807122441e-02,-1.830200983595727665e-02,-1.890773356327190430e-02,-1.248148043532978056e-02,-1.211288286895974807e-02,-6.295118695645307572e-03,-1.163552834662886365e-02,-1.248148043532978056e-02,-1.647620599894557974e-02,-1.793064704227418857e-02,-1.163552834662886365e-02,-2.266256773863005100e-02,-2.520285225891723963e-02,-1.647620599894557974e-02,4.363323129985824736e-03,-5.817764173314431825e-03,-1.356732391228835863e-02,-1.356732391228835863e-02
1.788406400270606756e+09,1.143448352813720703e-01,3.182580769062042236e-01,2.852395176887512207e-01,8.591313958168029785e-01,-2.453963011503219604e-01,4.521734416484832764e-01,9.352589249610900879e-01,-7.093412876129150391e-01,-1.000000000000000000e+00,1.000000000000000000e+00,1.000000000000000000e+00,-9.695900231599807739e-02,1.000000000000000000e+00,-1.000000000000000000e+00,-1.000000000000000000e+00,-7.706801295280456543e-01,1.000000000000000000e+00,-1.000000000000000000e+00,-1.000000000000000000e+00,1.000000000000000000e+00,-1.000000000000000000e+00,-1.000000000000000000e+00,-1.000000000000000000e+00,1.545945107936859131e-01,-1.000000000000000000e+00,5.061837434768676758e-01,-1.000000000000000000e+00,-1.000000000000000000e+00,2.335256449615575602e-01,-4.363323129985824736e-03,4.141636533223821623e-03,-1.499088639145658083e-02,-2.162092253265704422e-02,-1.745329251994329894e-02,-1.364151104537229472e-02,-1.106847243567368744e-02,-5.250708262359247806e-03,-8.726646259971649472e-03,-1.509595208870090355e-02,-1.979511869564534732e-02,-1.688623660898812967e-02,-1.018108730330025656e-02,-1.655039313202951584e-02,-3.143064704227423178e-02,-1.834067765231673849e-02,2.908882086657215912e-03,-5.817764173314431825e-03,-1.252291347900229800e-02,-2.852176495561700720e-02
1.788406400322754622e+09,1.180859953165054321e-01,3.287526369094848633e-01,2.815513610839843750e-01,8.676679134368896484e-01,-2.462392151355743408e-01,4.626193046569824219e-01,9.229771494865417480e-01,-2.803594768047332764e-01,-1.000000000000000000e+00,7.409082055091857910e-01,1.000000000000000000e+00,-7.174921035766601562e-01,1.000000000000000000e+00,-1.000000000000000000e+00,-1.000000000000000000e+00,-1.000000000000000000e+00,1.000000000000000000e+00,-1.000000000000000000e+00,-1.000000000000000000e+00,1.000000000000000000e+00,-1.000000000000000000e+00,-1.000000000000000000e+00,-1.000000000000000000e+00,-2.061683237552642822e-01,-1.000000000000000000e+00,1.988453567028045654e-01,-1.000000000000000000e+00,-1.000000000000000000e+00,2.245256449615575245e-01,-5.817764173314431825e-03,8.641636533223881131e-03,-1.624203491484189216e-02,-1.475874792605649799e-02,-1.599885147661468665e-02,-1.480154165541485399e-02,-5.660738872401797732e-03,-1.293294408904480108e-02,-1.308996938995747247e-02,-1.771042374207207337e-02,-2.311403139234507326e-02,-2.020514930568785214e-02,-1.308996938995747247e-02,-2.934595208870090927e-02,-2.020514930568785214e-02,-1.875070826235924332e-02,2.908882086657215912e-03,-4.363323129985824736e-03,-1.438738513237341164e-02,-2.456847243567368208e-02
1.788406400372974157e+09,1.197438165545463562e-01,3.385889232158660889e-01,2.778278887271881104e-01,8.751188516616821289e-01,-2.468436956405639648e-01,4.732308685779571533e-01,9.105452299118041992e-01,2.306465059518814087e-01,-1.000000000000000000e+00,1.985775381326675415e-01,1.000000000000000000e+00,-6.309314966201782227e-01,1.000000000000000000e+00,-1.000000000000000000e+00,-1.000000000000000000e+00,-1.000000000000000000e+00,1.000000000000000000e+00,-1.000000000000000000e+00,-1.000000000000000000e+00,1.000000000000000000e+00,-1.000000000000000000e+00,-1.000000000000000000e+00,-1.000000000000000000e+00,-6.062530279159545898e-01,-1.000000000000000000e+00,1.480439156293869019e-01,-1.000000000000000000e+00,-1.000000000000000000e+00,2.155256449615575165e-01,-1.454441043328607956e-03,1.459607757655245752e-02,-1.312986030824137007e-02,-4.425759940267125214e-02,-1.308996938995747247e-02,-1.450713122212875759e-02,-1.625185678574457213e-02,-4.616328439115691129e-03,-5.817764173314431825e-03,-7.234926005485707405e-03,-2.643294408904479573e-02,-1.770629782907318095e-02,-1.018108730330025656e-02,-1.305269017880014704e-02,-3.225070826235923449e-02,-1.770629782907318095e-02,5.817764173314431825e-03,-7.272205216643039781e-03,-1.479741574241596157e-02,-2.788738513237340455e-02
1.788406400422707796e+09,1.193183064460754395e-01,3.474050760269165039e-01,2.738847732543945312e-01,8.809989094734191895e-01,-2.471894025802612305e-01,4.839595854282379150e-01,8.974799513816833496e-01,2.774850465357303619e-02,-1.000000000000000000e+00,6.777483224868774414e-01,1.000000000000000000e+00,-2.418895214796066284e-01,1.000000000000000000e+00,-1.000000000000000000e+00,-1.000000000000000000e+00,-1.000000000000000000e+00,1.000000000000000000e+00,-1.000000000000000000e+00,-1.000000000000000000e+00,1.000000000000000000e+00,-1.000000000000000000e+00,-1.000000000000000000e+00,-1.000000000000000000e+00,-1.000000000000000000e+00,-1.000000000000000000e+00,4.005751311779022217e-01,-1.000000000000000000e+00,-1.000000000000000000e+00,2.065256449615575363e-01,-5.817764173314431825e-03,1.764163653322381453e-02,-1.583544987495533879e-02,-3.157766062275631225e-02,-1.454441043328607956e-02,-1.712160287549997426e-02,-1.520744635245851149e-02,-7.935241135815462171e-03,-7.272205216643039781e-03,-6.940515572199703817e-03,-1.811632843911573088e-02,-2.102521052577295199e-02,-1.163552834662886365e-02,-1.130383870218553376e-02,-1.811632843911573088e-02,-1.520744635245851149e-02,4.363323129985824736e-03,-4.363323129985824736e-03,-1.520744635245851149e-02,-2.684297469908739076e-02
1.788406400473794460e+09,1.168094649910926819e-01,3.551071882247924805e-01,2.697035670280456543e-01,8.852385282516479492e-01,-2.472592890262603760e-01,4.946941137313842773e-01,8.837890625000000000e-01,-2.940230071544647217e-01,-1.000000000000000000e+00,3.983177840709686279e-01,1.000000000000000000e+00,-4.356485009193420410e-01,1.000000000000000000e+00,-1.000000000000000000e+00,-1.000000000000000000e+00,-1.000000000000000000e+00,1.000000000000000000e+00,-1.000000000000000000e+00,-1.000000000000000000e+00,1.000000000000000000e+00,-1.000000000000000000e+00,-1.000000000000000000e+00,-1.000000000000000000e+00,-1.000000000000000000e+00,-1.000000000000000000e+00,6.456668376922607422e-01,-1.000000000000000000e+00,-1.000000000000000000e+00,1.975256449615574728e-01,-7.272205216643039781e-03,2.795940070653831627e-02,-1.272327526835481670e-02,-1.744328079951276006e-02,-1.454441043328607956e-02,-1.973607452887109898e-02,-1.416303591917240576e-02,-9.799712789186620920e-03,-8.726646259971649472e-03,-5.191664095584996863e-03,-1.852635904915823570e-02,-1.707191800582962687e-02,-1.018108730330025656e-02,-1.682719244221387786e-02,-2.288968217914406564e-02,-1.707191800582962687e-02,0.000000000000000000e+00,-5.817764173314431825e-03,-1.561747696250101458e-02,-2.288968217914406564e-02
1.788406400520912886e+09,1.122172921895980835e-01,3.617218136787414551e-01,2.653788030147552490e-01,8.879380822181701660e-01,-2.470219135284423828e-01,5.053602457046508789e-01,8.698630332946777344e-01,-3.104250729084014893e-01,-1.000000000000000000e+00,-8.196612447500228882e-02,1.000000000000000000e+00,-4.947417974472045898e-01,1.000000000000000000e+00,-1.000000000000000000e+00,-1.000000000000000000e+00,-1.000000000000000000e+00,1.000000000000000000e+00,-1.000000000000000000e+00,-1.000000000000000000e+00,1.000000000000000000e+00,-1.000000000000000000e+00,-1.000000000000000000e+00,-1.000000000000000000e+00,-1.000000000000000000e+00,-1.000000000000000000e+00,4.447266459465026855e-01,-1.000000000000000000e+00,-1.000000000000000000e+00,1.885256449615574925e-01,-1.454441043328607956e-03,1.209722609993783490e-02,-8.156659618425687527e-03,-1.930775245288391881e-02,-1.308996938995747247e-02,-1.944166409558500258e-02,-1.457306652921500079e-02,-8.755302355900562022e-03,-5.817764173314431825e-03,-1.071501783561338780e-02,-1.311862548588639196e-02,-1.893638965920083073e-02,-1.018108730330025656e-02,-1.944166409558500258e-02,-2.766303591917244550e-02,-1.748194861587222190e-02,2.908882086657215912e-03,-5.817764173314431825e-03,-1.748194861587222190e-02,-2.184527174585805184e-02
1.788406400570860386e+09,1.055417805910110474e-01,3.672286868095397949e-01,2.609161734580993652e-01,8.890396952629089355e-01,-2.465221881866455078e-01,5.158460736274719238e-01,8.558068275451660156e-01,-6.229516267776489258e-01,-1.000000000000000000e+00,-6.181923747062683105e-01,1.000000000000000000e+00,-5.342841148376464844e-01,1.000000000000000000e+00,-1.000000000000000000e+00,-1.000000000000000000e+00,-1.000000000000000000e+00,1.000000000000000000e+00,-1.000000000000000000e+00,-1.000000000000000000e+00,1.000000000000000000e+00,-1.000000000000000000e+00,-1.000000000000000000e+00,-1.000000000000000000e+00,-1.000000000000000000e+00,-1.000000000000000000e+00,6.630340218544006348e-02,-1.000000000000000000e+00,-1.000000000000000000e+00,1.795256449615574845e-01,0.000000000000000000e+00,6.416138796637715913e-03,-1.958889544511131439e-02,-1.680890097626922680e-02,-1.308996938995747247e-02,-1.769281261897034246e-02,-1.643753818258611443e-02,-7.710891922614454552e-03,-8.726646259971649472e-03,-1.478393053231312135e-02,-1.498309713925750561e-02,-1.643753818258611443e-02,-1.308996938995747247e-02,-2.496501783561339005e-02,-1.643753818258611443e-02,-1.352865609592889505e-02,5.817764173314431825e-03,-5.817764173314431825e-03,-1.061977400927167567e-02,-2.516418444255777431e-02
1.788406400620976686e+09,9.678293764591217041e-02,3.715377449989318848e-01,2.563001513481140137e-01,8.884281516075134277e-01,-2.457800805568695068e-01,5.260223746299743652e-01,8.416717052459716797e-01,-1.008390113711357117e-01,-1.000000000000000000e+00,-1.000000000000000000e+00,1.000000000000000000e+00,-1.259022504091262817e-01,3.050276935100555420e-01,-1.000000000000000000e+00,-1.000000000000000000e+00,-1.000000000000000000e+00,1.000000000000000000e+00,-1.000000000000000000e+00,-1.000000000000000000e+00,1.000000000000000000e+00,-1.000000000000000000e+00,-1.000000000000000000e+00,-1.000000000000000000e+00,-1.000000000000000000e+00,-1.000000000000000000e+00,-2.743561267852783203e-01,-1.000000000000000000e+00,-1.000000000000000000e+00,1.705256449615575043e-01,0.000000000000000000e+00,1.091613879663759154e-02,-9.204515621867744718e-03,-1.867337262964038555e-02,-1.308996938995747247e-02,-1.739840218568424607e-02,-1.102980461931422559e-02,-9.575363575985615036e-03,-7.272205216643039781e-03,-1.594396114235563378e-02,-8.120922532657004478e-03,-1.684756879262866436e-02,-1.018108730330025656e-02,-1.885284322901285489e-02,-3.284642026924333019e-02,-1.684756879262866436e-02,5.817764173314431825e-03,-5.817764173314431825e-03,-1.684756879262866436e-02,-2.121089192261444920e-02
1.788406400671546221e+09,8.594076335430145264e-02,3.744907081127166748e-01,2.515230476856231689e-01,8.859878182411193848e-01,-2.447837591171264648e-01,5.357449054718017578e-01,8.275212645530700684e-01,-3.822039961814880371e-01,-1.000000000000000000e+00,-1.000000000000000000e+00,1.000000000000000000e+00,1.295929104089736938e-01,-5.984586477279663086e-01,-1.000000000000000000e+00,-1.000000000000000000e+00,-1.000000000000000000e+00,1.000000000000000000e+00,-1.000000000000000000e+00,-1.000000000000000000e+00,1.000000000000000000e+00,-1.000000000000000000e+00,-1.000000000000000000e+00,-1.000000000000000000e+00,-1.000000000000000000e+00,-1.000000000000000000e+00,-5.257266759872436523e-01,-1.000000000000000000e+00,-1.000000000000000000e+00,1.615256449615574963e-01,-1.454441043328607956e-03,1.396169775330894855e-02,-1.627342831856749480e-02,-2.199228532634010802e-02,-1.599885147661468665e-02,-6.922904449097924337e-03,-1.289427627268538434e-02,-8.530953142699554403e-03,-1.018108730330025656e-02,-1.564955070906958595e-02,-2.452980461931426534e-02,-8.530953142699554403e-03,-1.163552834662886365e-02,-1.419510966574097366e-02,-1.434871731601399490e-02,-1.289427627268538434e-02,2.908882086657215912e-03,-5.817764173314431825e-03,-1.143983522935677552e-02,-2.162092253265704422e-02
1.788406400721117258e+09,7.325058430433273315e-02,3.756920695304870605e-01,2.465969026088714600e-01,8.814659714698791504e-01,-2.433959245681762695e-01,5.447747707366943359e-01,8.133862614631652832e-01,6.877160072326660156e-01,-1.000000000000000000e+00,-1.000000000000000000e+00,8.430729508399963379e-01,3.215693831443786621e-01,-5.085248947143554688e-01,-1.000000000000000000e+00,-1.000000000000000000e+00,-1.000000000000000000e+00,1.000000000000000000e+00,-1.000000000000000000e+00,-1.000000000000000000e+00,1.000000000000000000e+00,-1.000000000000000000e+00,-1.000000000000000000e+00,-1.000000000000000000e+00,-1.000000000000000000e+00,-1.000000000000000000e+00,-8.648871779441833496e-01,-1.000000000000000000e+00,-1.000000000000000000e+00,1.525256449615574605e-01,-1.454441043328607956e-03,1.846169775330900806e-02,-1.897901788528141495e-02,-3.403784428301149384e-02,-1.599885147661468665e-02,-8.082935059140483602e-03,-1.330430688272788917e-02,-8.940983752742104329e-03,-8.726646259971649472e-03,-1.099181714579770472e-02,-1.039542479607071489e-02,-1.766763001271371911e-02,-1.018108730330025656e-02,-1.390069923245492410e-02,-2.057651209937094022e-02,-1.621318896938511028e-02,2.908882086657215912e-03,-5.817764173314431825e-03,-1.184986583939932545e-02,-2.203095314269954905e-02
1.788406400772257805e+09,5.972105637192726135e-02,3.748100996017456055e-01,2.416705042123794556e-01,8.748045563697814941e-01,-2.413707375526428223e-01,5.528554320335388184e-01,7.992287278175354004e-01,5.439286828041076660e-01,-1.000000000000000000e+00,-1.000000000000000000e+00,-1.323348879814147949e-01,2.886567115783691406e-01,-1.000000000000000000e+00,-1.000000000000000000e+00,-1.000000000000000000e+00,-1.000000000000000000e+00,1.000000000000000000e+00,-1.000000000000000000e+00,-1.000000000000000000e+00,1.000000000000000000e+00,-1.000000000000000000e+00,-1.000000000000000000e+00,-1.000000000000000000e+00,-1.000000000000000000e+00,-1.000000000000000000e+00,-1.000000000000000000e+00,-1.000000000000000000e+00,-1.000000000000000000e+00,1.435256449615574526e-01,0.000000000000000000e+00,2.732502088329480383e-02,-2.168460745199533510e-02,-3.444787489305402295e-02,-1.745329251994329894e-02,-7.788524625854434044e-03,-1.371433749277048419e-02,-7.896573319456045431e-03,-8.726646259971649472e-03,-2.524181714579770697e-02,-3.553095314269959226e-02,-1.225989644944187537e-02,-1.163552834662886365e-02,-1.506072984249748337e-02,-1.371433749277048419e-02,-1.225989644944187537e-02,4.363323129985824736e-03,-4.363323129985824736e-03,-1.371433749277048419e-02,-2.389542479607075637e-02
1.788406400821399212e+09,4.705717042088508606e-02,3.718447983264923096e-01,2.369776070117950439e-01,8.662599325180053711e-01,-2.384736239910125732e-01,5.596764683723449707e-01,7.850999236106872559e-01,6.123493909835815430e-01,-1.000000000000000000e+00,-1.000000000000000000e+00,5.860504508018493652e-01,8.181830644607543945e-01,-1.000000000000000000e+00,-1.000000000000000000e+00,-1.000000000000000000e+00,-1.000000000000000000e+00,1.000000000000000000e+00,-1.000000000000000000e+00,-1.000000000000000000e+00,1.000000000000000000e+00,-1.000000000000000000e+00,-1.000000000000000000e+00,-1.000000000000000000e+00,-1.000000000000000000e+00,-1.000000000000000000e+00,-1.000000000000000000e+00,-1.000000000000000000e+00,-1.000000000000000000e+00,1.345256449615575001e-01,2.908882086657215912e-03,8.553964190037104814e-03,-9.845786585423132314e-03,-3.049458237311071518e-02,-1.599885147661468665e-02,-1.185743732255414504e-02,-1.412436810281298902e-02,-9.761044972827159077e-03,-7.272205216643039781e-03,-1.676350019253897150e-03,-1.848769123279881896e-02,-1.994213227612742778e-02,-1.163552834662886365e-02,-1.331187836588275386e-02,-1.848769123279881896e-02,-1.412436810281298902e-02,0.000000000000000000e+00,-5.817764173314431825e-03,-1.412436810281298902e-02,-1.412436810281298902e-02
1.788406400871494770e+09,3.615933284163475037e-02,3.667961657047271729e-01,2.327926903963088989e-01,8.557639122009277344e-01,-2.346201390027999878e-01,5.647754669189453125e-01,7.712509632110595703e-01,1.221654936671257019e-01,-1.000000000000000000e+00,-1.000000000000000000e+00,-1.848842501640319824e-01,7.686084508895874023e-01,-1.000000000000000000e+00,-1.000000000000000000e+00,-1.000000000000000000e+00,-1.000000000000000000e+00,1.000000000000000000e+00,-1.000000000000000000e+00,-1.000000000000000000e+00,1.000000000000000000e+00,-1.000000000000000000e+00,-1.000000000000000000e+00,-1.000000000000000000e+00,-1.000000000000000000e+00,-1.000000000000000000e+00,-1.000000000000000000e+00,-1.000000000000000000e+00,-1.000000000000000000e+00,1.255256449615574643e-01,0.000000000000000000e+00,1.596284627669438544e-02,-1.691469928212285811e-02,-3.817681819979627106e-02,-1.308996938995747247e-02,-1.592635001925387858e-02,-1.598883975618414777e-02,-1.017107558286970900e-02,-1.163552834662886365e-02,-1.447190897592526802e-02,-2.326104497282715372e-02,-1.744328079951276006e-02,-1.454441043328607956e-02,-1.447190897592526802e-02,-1.598883975618414777e-02,-1.162551662619831783e-02,5.817764173314431825e-03,-4.363323129985824736e-03,-1.162551662619831783e-02,-2.180660392949854143e-02
1.788406400921555281e+09,2.672454528510570526e-02,3.598162531852722168e-01,2.294361889362335205e-01,8.431344628334045410e-01,-2.299952507019042969e-01,5.676993727684020996e-01,7.582613825798034668e-01,5.621502920985221863e-02,-1.000000000000000000e+00,-1.000000000000000000e+00,5.402027964591979980e-01,1.000000000000000000e+00,-1.000000000000000000e+00,-1.000000000000000000e+00,-1.000000000000000000e+00,-1.000000000000000000e+00,1.000000000000000000e+00,-1.000000000000000000e+00,-1.000000000000000000e+00,1.000000000000000000e+00,-1.000000000000000000e+00,-1.000000000000000000e+00,-1.000000000000000000e+00,-1.000000000000000000e+00,-1.000000000000000000e+00,-1.000000000000000000e+00,-1.000000000000000000e+00,-1.000000000000000000e+00,1.165256449615574147e-01,2.908882086657215912e-03,1.609952314670852133e-02,-1.962028884883675744e-02,-3.276908463652435793e-02,-1.745329251994329894e-02,-1.563193958596780647e-02,-1.639887036622669769e-02,-1.203554723624086775e-02,-7.272205216643039781e-03,-8.359734369324755415e-03,-1.203554723624086775e-02,-2.076219349621252763e-02,-1.163552834662886365e-02,-1.854082167262502412e-02,-1.930775245288391881e-02,-1.348998827956947831e-02,1.454441043328607956e-03,-5.817764173314431825e-03,-1.348998827956947831e-02,-1.058110619291225893e-02
1.788406400971594810e+09,1.892708614468574524e-02,3.516539037227630615e-01,2.272162586450576782e-01,8.291910290718078613e-01,-2.247653454542160034e-01,5.684880018234252930e-01,7.467971444129943848e-01,3.357420489192008972e-02,-1.000000000000000000e+00,-1.000000000000000000e+00,2.086489200592041016e-01,1.000000000000000000e+00,-1.000000000000000000e+00,-1.000000000000000000e+00,-1.000000000000000000e+00,-1.000000000000000000e+00,1.000000000000000000e+00,-1.000000000000000000e+00,-1.000000000000000000e+00,1.000000000000000000e+00,-1.000000000000000000e+00,-1.000000000000000000e+00,-1.000000000000000000e+00,-1.000000000000000000e+00,-1.000000000000000000e+00,-1.000000000000000000e+00,-1.000000000000000000e+00,-1.000000000000000000e+00,1.075256449615574622e-01,0.000000000000000000e+00,1.478175897339395473e-02,-1.069035006892181915e-02,-1.572582272662358810e-02,-1.745329251994329894e-02,-9.519764979367267843e-03,-2.117222410625505674e-02,-1.099113680295483141e-02,-1.018108730330025656e-02,-1.679197019601029461e-02,-3.717107558286976421e-02,-1.390001888961200568e-02,-1.308996938995747247e-02,-2.551861645598195449e-02,-1.535445993294061451e-02,-1.099113680295483141e-02,1.454441043328607956e-03,-5.817764173314431825e-03,-1.244557784628344196e-02,-2.262666514958366556e-02
1.788406401021852493e+09,1.260240841656923294e-02,3.433137536048889160e-01,2.266894429922103882e-01,8.152501583099365234e-01,-2.189206629991531372e-01,5.673395395278930664e-01,7.379923462867736816e-01,-1.730130761861801147e-01,-1.000000000000000000e+00,-1.000000000000000000e+00,2.363646589219570160e-02,1.000000000000000000e+00,-1.000000000000000000e+00,-4.324212670326232910e-01,-3.299952745437622070e-01,-1.000000000000000000e+00,1.000000000000000000e+00,-1.000000000000000000e+00,-1.000000000000000000e+00,1.000000000000000000e+00,-1.000000000000000000e+00,-1.000000000000000000e+00,-1.000000000000000000e+00,-1.000000000000000000e+00,-1.000000000000000000e+00,-1.000000000000000000e+00,-1.000000000000000000e+00,-1.000000000000000000e+00,9.981135924727177478e-02,-2.908882086657215912e-03,2.219064106005123535e-02,-1.630482172229298296e-02,-3.795246898659523915e-02,-1.454441043328607956e-02,-1.358867767606700139e-02,-2.012781367296899437e-02,-9.946726369668725670e-03,-8.726646259971649472e-03,-1.940644184938144362e-02,-2.158225471629760667e-02,-2.012781367296899437e-02,-1.018108730330025656e-02,-1.940644184938144362e-02,-2.012781367296899437e-02,-1.576449054298316443e-02,1.454441043328607956e-03,-5.817764173314431825e-03,-8.492285326340115112e-03,-2.012781367296899437e-02
1.788406401071841717e+09,7.750513032078742981e-03,3.351449370384216309e-01,2.276176959276199341e-01,8.018874526023864746e-01,-2.126783430576324463e-01,5.644710659980773926e-01,7.316940426826477051e-01,3.981319963932037354e-01,-1.000000000000000000e+00,-1.000000000000000000e+00,-2.596620321273803711e-01,1.000000000000000000e+00,-1.000000000000000000e+00,1.000000000000000000e+00,1.000000000000000000e+00,-1.000000000000000000e+00,1.000000000000000000e+00,-1.000000000000000000e+00,-1.000000000000000000e+00,7.455123662948608398e-01,-1.000000000000000000e+00,-1.000000000000000000e+00,-1.000000000000000000e+00,-1.000000000000000000e+00,-9.226521253585815430e-01,-1.000000000000000000e+00,-1.000000000000000000e+00,-1.000000000000000000e+00,9.209707353298603183e-02,-2.908882086657215912e-03,2.205396419003709946e-02,-2.046485233233549111e-02,-3.545361750998055755e-02,-1.745329251994329894e-02,-1.620314932943812611e-02,-1.472008010969705870e-02,-8.902315936382642486e-03,-1.308996938995747247e-02,-1.620314932943812611e-02,-2.053784428301149920e-02,-1.472008010969705870e-02,-1.308996938995747247e-02,-2.056647245942395605e-02,-1.762896219635427808e-02,-1.181119802303986187e-02,0.000000000000000000e+00,-5.817764173314431825e-03,-1.035675697971125131e-02,-1.617452115302566926e-02
1.788406401121973038e+09,4.981950856745243073e-03,3.270252048969268799e-01,2.290143668651580811e-01,7.893082499504089355e-01,-2.064507156610488892e-01,5.604110956192016602e-01,7.265893816947937012e-01,1.000000000000000000e+00,-6.943368911743164062e-01,-1.000000000000000000e+00,7.681397795677185059e-01,1.000000000000000000e+00,-1.000000000000000000e+00,1.000000000000000000e+00,1.000000000000000000e+00,-1.000000000000000000e+00,1.000000000000000000e+00,-1.000000000000000000e+00,-1.000000000000000000e+00,-7.729859352111816406e-01,-1.000000000000000000e+00,-1.000000000000000000e+00,-1.000000000000000000e+00,-8.279296159744262695e-01,8.866283297538757324e-01,-1.000000000000000000e+00,-1.000000000000000000e+00,-1.000000000000000000e+00,9.466850210441461744e-02,0.000000000000000000e+00,1.028175897339408083e-02,-1.008047250909194226e-02,-2.277367873006560725e-02,-1.599885147661468665e-02,-1.299985680949482074e-02,-9.312346546425168126e-03,-1.803899280639680719e-02,-8.726646259971649472e-03,-1.881762098280926124e-02,-1.076678758975377868e-02,-1.658455176306819490e-02,1.308996938995747247e-02,-1.881762098280926124e-02,-1.803899280639680719e-02,-1.513011071973958607e-02,-5.817764173314431825e-03,1.308996938995747247e-02,-1.076678758975377868e-02,-1.658455176306819490e-02
1.788406401172130108e+09,4.296722356230020523e-03,3.187351226806640625e-01,2.304292023181915283e-01,7.780132293701171875e-01,-2.005601972341537476e-01,5.550480484962463379e-01,7.229402065277099609e-01,-2.111362218856811523e-01,-6.722704768180847168e-01,-1.000000000000000000e+00,-1.373249590396881104e-01,1.000000000000000000e+00,-1.000000000000000000e+00,1.000000000000000000e+00,1.000000000000000000e+00,2.457919865846633911e-01,1.000000000000000000e+00,-1.000000000000000000e+00,-1.000000000000000000e+00,-1.000000000000000000e+00,-1.000000000000000000e+00,-1.000000000000000000e+00,-1.000000000000000000e+00,-7.447120547294616699e-01,1.000000000000000000e+00,-1.000000000000000000e+00,-1.000000000000000000e+00,-1.000000000000000000e+00,9.981135924727173314e-02,2.908882086657215912e-03,8.690641060051240707e-03,-1.569494416246305923e-02,-2.027482725345091871e-02,-1.163552834662886365e-02,-2.143209263618040678e-02,1.145985867021787584e-02,7.096535540232045899e-03,-1.308996938995747247e-02,-6.887682202894318539e-03,1.278771366917628603e-03,1.145985867021787584e-02,-1.454441043328607956e-03,-2.870429785282343355e-02,-1.756696764109814675e-04,7.096535540232045899e-03,-5.817764173314431825e-03,8.726646259971649472e-03,1.000541762688926528e-02,4.187653453574825650e-03
1.788406401222297907e+09,5.694827996194362640e-03,3.102698624134063721e-01,2.317592501640319824e-01,7.682154178619384766e-01,-1.951525658369064331e-01,5.482342243194580078e-01,7.208749651908874512e-01,6.276770830154418945e-01,-8.474094867706298828e-01,-1.000000000000000000e+00,2.619552612304687500e-01,1.000000000000000000e+00,-1.000000000000000000e+00,1.000000000000000000e+00,1.000000000000000000e+00,2.428197711706161499e-01,1.000000000000000000e+00,-1.000000000000000000e+00,-1.000000000000000000e+00,-1.000000000000000000e+00,-1.000000000000000000e+00,-1.000000000000000000e+00,-1.000000000000000000e+00,-8.520731329917907715e-01,9.051507115364074707e-01,-1.000000000000000000e+00,-1.000000000000000000e+00,-1.000000000000000000e+00,1.049542163901288905e-01,0.000000000000000000e+00,4.190641060051181199e-03,5.918378967522767813e-03,-3.865945166793711193e-03,-1.018108730330025656e-02,-1.095659489959406423e-02,1.623321241024620887e-02,2.350541762688925992e-02,-8.726646259971649472e-03,-7.755075962938053893e-04,2.205097658356065110e-02,1.477877136691762260e-02,0.000000000000000000e+00,-1.822880011623710314e-02,1.332433032358901204e-02,1.768765345357482116e-02,-4.363323129985824736e-03,8.726646259971649472e-03,1.186988928026040321e-02,1.623321241024620887e-02
1.788406401274820566e+09,9.032582864165306091e-03,3.022321760654449463e-01,2.330298274755477905e-01,7.603583335876464844e-01,-1.906128823757171631e-01,5.395921468734741211e-01,7.209967970848083496e-01,-8.450381755828857422e-01,-1.000000000000000000e+00,-1.000000000000000000e+00,4.440280199050903320e-01,1.000000000000000000e+00,-1.000000000000000000e+00,1.000000000000000000e+00,1.000000000000000000e+00,-2.277318835258483887e-01,1.000000000000000000e+00,-1.000000000000000000e+00,-1.000000000000000000e+00,-1.000000000000000000e+00,-1.000000000000000000e+00,-1.000000000000000000e+00,-1.000000000000000000e+00,-8.988342285156250000e-01,7.507732510566711426e-01,-1.000000000000000000e+00,-1.000000000000000000e+00,-1.000000000000000000e+00,1.100970735329860478e-01,0.000000000000000000e+00,-1.763799983277395842e-03,2.462282001085137548e-02,1.254293691986351454e-02,-1.308996938995747247e-02,-1.938883072627962945e-02,1.809768406361734680e-02,9.371037803645709471e-03,-1.454441043328607956e-02,-2.375215385626544551e-02,9.371037803645709471e-03,1.373436093363151686e-02,-1.454441043328607956e-03,-2.520659489959405780e-02,1.955212510694595562e-02,1.082547884697432003e-02,-4.363323129985824736e-03,8.726646259971649472e-03,9.371037803645709471e-03,1.664324302028873798e-02
1.788406401326606512e+09,1.430998649448156357e-02,2.950730025768280029e-01,2.343460470438003540e-01,7.546062469482421875e-01,-1.871291995048522949e-01,5.288956165313720703e-01,7.234659194946289062e-01,5.304600000381469727e-01,-1.000000000000000000e+00,-1.000000000000000000e+00,1.337020099163055420e-01,1.000000000000000000e+00,-1.000000000000000000e+00,1.000000000000000000e+00,1.000000000000000000e+00,1.621857136487960815e-01,1.000000000000000000e+00,-1.000000000000000000e+00,-1.000000000000000000e+00,-1.000000000000000000e+00,-1.000000000000000000e+00,-1.000000000000000000e+00,-1.000000000000000000e+00,-9.472008347511291504e-01,1.000000000000000000e+00,-1.000000000000000000e+00,-1.000000000000000000e+00,-4.713021218776702881e-01,1.152399306758432190e-01,1.454441043328607956e-03,-4.809358939948753069e-03,1.278399914427921780e-02,1.149852648657744350e-02,-1.018108730330025656e-02,-1.036777403302190093e-02,2.508863197045185789e-03,8.326627370359626287e-03,-8.726646259971649472e-03,-1.866867297216472652e-04,8.326627370359626287e-03,1.559883258700267561e-02,-1.454441043328607956e-03,-2.491218446630798916e-02,2.141659676031711784e-02,8.326627370359626287e-03,-7.272205216643039781e-03,7.272205216643039781e-03,8.326627370359626287e-03,1.559883258700267561e-02
1.788406401450403929e+09,2.060440741479396820e-02,2.890774309635162354e-01,2.355939149856567383e-01,7.504677176475524902e-01,-1.847721040248870850e-01,5.167194604873657227e-01,7.278255224227905273e-01,-1.000000000000000000e+00,-1.000000000000000000e+00,-1.000000000000000000e+00,7.818197607994079590e-01,1.000000000000000000e+00,-1.000000000000000000e+00,1.000000000000000000e+00,1.000000000000000000e+00,8.215034008026123047e-01,1.000000000000000000e+00,-1.000000000000000000e+00,-1.000000000000000000e+00,-1.000000000000000000e+00,-1.000000000000000000e+00,-1.000000000000000000e+00,-1.000000000000000000e+00,-7.911275625228881836e-01,9.529800415039062500e-01,-1.000000000000000000e+00,-1.000000000000000000e+00,-2.943023145198822021e-01,1.237579029876464815e-01,-1.454441043328607956e-03,-4.946035809962889829e-03,1.258070662433589601e-02,1.627188022660578867e-02,-1.018108730330025656e-02,-1.298224568639304126e-02,1.309998111038805299e-02,1.309998111038805299e-02,-1.163552834662886365e-02,-7.164481513078606832e-03,1.600886319704522553e-02,1.309998111038805299e-02,-1.454441043328607956e-03,-2.752665611967911735e-02,1.746330424037383783e-02,8.736657980402223050e-03,-7.272205216643039781e-03,1.018108730330025656e-02,1.164554006705944243e-02,1.891774528370244665e-02
1.788406401472464800e+09,2.750979550182819366e-02,2.840232849121093750e-01,2.365393340587615967e-01,7.477498650550842285e-01,-1.836468279361724854e-01,5.032142996788024902e-01,7.339099645614624023e-01,1.000000000000000000e+00,-6.283516287803649902e-01,-1.000000000000000000e+00,-1.000000000000000000e+00,1.000000000000000000e+00,-1.000000000000000000e+00,1.000000000000000000e+00,1.000000000000000000e+00,1.000000000000000000e+00,1.000000000000000000e+00,-1.000000000000000000e+00,-1.000000000000000000e+00,-1.000000000000000000e+00,-1.000000000000000000e+00,-8.521412014961242676e-01,-1.000000000000000000e+00,-7.553072571754455566e-01,1.000000000000000000e+00,-1.000000000000000000e+00,-1.000000000000000000e+00,5.155196189880371094e-01,1.317888040237386871e-01,-4.363323129985824736e-03,-1.090047685329165184e-02,1.674073723437840416e-02,1.959079292330552502e-02,-1.454441043328607956e-02,6.432751544125116065e-03,1.641889380708777546e-02,1.932777589374499658e-02,-1.018108730330025656e-02,4.978310500796511578e-03,1.351001172043055608e-02,1.351001172043055608e-02,0.000000000000000000e+00,-8.111658889160960895e-03,2.078221693707360540e-02,2.078221693707360540e-02,-7.272205216643039781e-03,2.908882086657215912e-03,2.078221693707360540e-02,1.496445276375916664e-02
1.788406401522255421e+09,3.451634198427200317e-02,2.796386778354644775e-01,2.370223402976989746e-01,7.460792660713195801e-01,-1.837110221385955811e-01,4.886870682239532471e-01,7.414023280143737793e-01,-1.000000000000000000e+00,-1.000000000000000000e+00,-1.000000000000000000e+00,6.499113440513610840e-01,1.000000000000000000e+00,-1.000000000000000000e+00,1.000000000000000000e+00,1.000000000000000000e+00,5.030054450035095215e-01,1.000000000000000000e+00,-1.000000000000000000e+00,-1.000000000000000000e+00,-1.000000000000000000e+00,-1.000000000000000000e+00,-1.000000000000000000e+00,-1.000000000000000000e+00,-1.000000000000000000e+00,7.191282510757446289e-01,-1.000000000000000000e+00,-1.000000000000000000e+00,2.072886228561401367e-01,1.369316611665958583e-01,0.000000000000000000e+00,-8.560664200054265418e-04,1.799188575776373630e-02,4.472632126993438678e-02,-1.454441043328607956e-02,1.788551010745896216e-02,2.701001172043054899e-02,1.828336546045888911e-02,-8.726646259971649472e-03,2.079439219411617981e-02,3.137333485041637893e-02,1.973780650378750140e-02,0.000000000000000000e+00,4.795540717501487957e-03,1.973780650378750140e-02,1.537448337380166972e-02,0.000000000000000000e+00,0.000000000000000000e+00,9.556719200487229227e-03,2.555557067710194016e-02
1.788406401572306395e+09,3.994677588343620300e-02,2.762036621570587158e-01,2.373721897602081299e-01,7.449041008949279785e-01,-1.847046762704849243e-01,4.735127985477447510e-01,7.503723502159118652e-01,-2.266222089529037476e-01,-1.000000000000000000e+00,-1.000000000000000000e+00,-4.492509365081787109e-01,1.000000000000000000e+00,-1.000000000000000000e+00,1.000000000000000000e+00,1.000000000000000000e+00,1.000000000000000000e+00,1.000000000000000000e+00,-1.000000000000000000e+00,-1.000000000000000000e+00,-1.000000000000000000e+00,-1.000000000000000000e+00,-1.324590295553207397e-01,-1.000000000000000000e+00,-6.037261486053466797e-01,1.000000000000000000e+00,-1.000000000000000000e+00,-1.000000000000000000e+00,1.000000000000000000e+00,1.459316611665958940e-01,0.000000000000000000e+00,6.279461926623394405e-03,4.698623847862968932e-03,1.168420788341892856e-02,-1.308996938995747247e-02,-6.545577195841290573e-03,7.057867723872605741e-03,1.142119085385843655e-02,-1.163552834662886365e-02,-2.108998762912736927e-02,9.966749810529825990e-03,1.578451398384426649e-02,0.000000000000000000e+00,-1.236334136915572500e-02,2.014783711383009643e-02,9.966749810529825990e-03,2.908882086657215912e-03,0.000000000000000000e+00,9.966749810529825990e-03,1.869339607050148760e-02
1.788406401622192383e+09,4.329387471079826355e-02,2.736789286136627197e-01,2.378900945186614990e-01,7.438369393348693848e-01,-1.861929595470428467e-01,4.580539166927337646e-01,7.605109810829162598e-01,-3.408064246177673340e-01,-1.000000000000000000e+00,-1.000000000000000000e+00,1.000000000000000000e+00,1.000000000000000000e+00,-1.000000000000000000e+00,1.000000000000000000e+00,1.000000000000000000e+00,8.163359165191650391e-01,1.000000000000000000e+00,-1.000000000000000000e+00,-1.000000000000000000e+00,-1.000000000000000000e+00,-1.000000000000000000e+00,6.603376567363739014e-02,-1.000000000000000000e+00,-3.914659917354583740e-01,1.000000000000000000e+00,-1.000000000000000000e+00,-1.000000000000000000e+00,1.000000000000000000e+00,1.549316611665958465e-01,0.000000000000000000e+00,3.250208832948168754e-04,2.340306489119153149e-02,3.100197205673333942e-02,-1.308996938995747247e-02,3.341099674172883470e-03,7.467898333915109696e-03,8.922339377243720254e-03,-1.018108730330025656e-02,1.643106906413035681e-02,1.183122146390093964e-02,1.910342668054398896e-02,0.000000000000000000e+00,7.704422804158707339e-03,2.201230876720121007e-02,8.922339377243720254e-03,2.908882086657215912e-03,0.000000000000000000e+00,1.474010355055815902e-02,2.201230876720121007e-02
1.788406401672364235e+09,4.455764219164848328e-02,2.721400856971740723e-01,2.385068237781524658e-01,7.428432106971740723e-01,-1.882445961236953735e-01,4.423973262310028076e-01,7.718176841735839844e-01,-2.901560999453067780e-02,-1.000000000000000000e+00,-1.000000000000000000e+00,-9.960060566663742065e-02,1.000000000000000000e+00,-1.000000000000000000e+00,1.000000000000000000e+00,1.000000000000000000e+00,5.369573831558227539e-01,1.000000000000000000e+00,-1.000000000000000000e+00,-8.779169917106628418e-01,-1.000000000000000000e+00,-1.000000000000000000e+00,3.641306757926940918e-01,-1.000000000000000000e+00,-6.530215591192245483e-02,1.000000000000000000e+00,-1.000000000000000000e+00,-1.000000000000000000e+00,1.000000000000000000e+00,1.639316611665958268e-01,0.000000000000000000e+00,-4.174979116705243229e-03,2.837597764647713065e-03,3.868420788341891958e-02,-1.163552834662886365e-02,2.195442280415871306e-02,1.224125207394353640e-02,9.332369987286315283e-03,-7.272205216643039781e-03,1.613665863084427776e-02,2.096789833391515118e-02,1.805901624725793006e-02,0.000000000000000000e+00,1.759109967417288659e-02,1.660457520392932124e-02,7.877928943957706459e-03,1.454441043328607956e-03,0.000000000000000000e+00,7.877928943957706459e-03,1.369569311727214522e-02
1.788406401722528219e+09,4.404300451278686523e-02,2.716540694236755371e-01,2.389598637819290161e-01,7.419996261596679688e-01,-1.910883635282516479e-01,4.266281425952911377e-01,7.843478918075561523e-01,-1.174048259854316711e-01,-1.000000000000000000e+00,-1.000000000000000000e+00,5.750069022178649902e-01,1.000000000000000000e+00,-1.000000000000000000e+00,1.000000000000000000e+00,1.000000000000000000e+00,1.000000000000000000e+00,1.000000000000000000e+00,-1.000000000000000000e+00,-9.529908299446105957e-01,-1.000000000000000000e+00,-1.000000000000000000e+00,-2.712824568152427673e-02,-1.000000000000000000e+00,1.584102958440780640e-02,1.000000000000000000e+00,-1.000000000000000000e+00,-1.000000000000000000e+00,1.000000000000000000e+00,1.729316611665958625e-01,-1.454441043328607956e-03,-4.311655986719379989e-03,2.154203880797632073e-02,2.018650493018951317e-02,-1.308996938995747247e-02,1.002448402424377036e-02,1.410572372731465005e-02,1.701460581397187116e-02,-1.163552834662886365e-02,1.875113028421541983e-02,2.574125207394353104e-02,1.992348790062908881e-02,0.000000000000000000e+00,3.038665863084428001e-02,2.283236998728630993e-02,8.287959554000209547e-03,1.454441043328607956e-03,0.000000000000000000e+00,8.287959554000209547e-03,1.410572372731465005e-02
1.788406401773639202e+09,4.302379861474037170e-02,2.718517184257507324e-01,2.390427738428115845e-01,7.412960529327392578e-01,-1.946596801280975342e-01,4.108130931854248047e-01,7.975757122039794922e-01,2.755209505558013916e-01,-1.000000000000000000e+00,-1.000000000000000000e+00,-2.559391856193542480e-01,1.000000000000000000e+00,-1.000000000000000000e+00,1.000000000000000000e+00,1.000000000000000000e+00,1.000000000000000000e+00,1.000000000000000000e+00,-1.000000000000000000e+00,-7.443939447402954102e-01,-1.000000000000000000e+00,-1.000000000000000000e+00,-1.058764904737472534e-01,-1.000000000000000000e+00,3.011782169342041016e-01,1.000000000000000000e+00,-1.000000000000000000e+00,-1.000000000000000000e+00,1.000000000000000000e+00,1.819316611665959260e-01,-4.363323129985824736e-03,-1.608386120336239775e-02,8.248776898075554226e-03,3.368650493018950781e-02,-1.599885147661468665e-02,8.275632547629085956e-03,1.597019538068576369e-02,1.306131329402854258e-02,-1.308996938995747247e-02,-1.905454755671172340e-03,5.789108077385539224e-03,1.306131329402854258e-02,-1.454441043328607956e-03,1.845671985092934425e-02,2.033351851067159363e-02,1.015243120737132319e-02,2.908882086657215912e-03,-1.454441043328607956e-03,1.015243120737132319e-02,2.033351851067159363e-02
1.788406401822928429e+09,4.155470058321952820e-02,2.723922431468963623e-01,2.387344837188720703e-01,7.405689954757690430e-01,-1.988566666841506958e-01,3.950989246368408203e-01,8.113157153129577637e-01,-1.000000000000000000e+00,-1.000000000000000000e+00,-1.000000000000000000e+00,1.000000000000000000e+00,1.000000000000000000e+00,-1.000000000000000000e+00,1.000000000000000000e+00,1.000000000000000000e+00,1.000000000000000000e+00,1.000000000000000000e+00,-1.000000000000000000e+00,-9.137192964553833008e-01,-1.000000000000000000e+00,-1.000000000000000000e+00,-1.711481064558029175e-01,-1.000000000000000000e+00,3.861641287803649902e-01,1.000000000000000000e+00,-1.000000000000000000e+00,-1.000000000000000000e+00,1.000000000000000000e+00,1.909316611665958507e-01,2.908882086657215912e-03,-6.039450770076541623e-03,1.968101272476110997e-02,1.518880197696012568e-02,-1.454441043328607956e-02,1.089010420100022108e-02,1.201690286074252878e-02,9.108020774085309398e-03,-1.163552834662886365e-02,1.816230941764326173e-02,9.108020774085309398e-03,1.638022599072835872e-02,-1.454441043328607956e-03,1.525342733098605102e-02,1.783466703405697101e-02,7.653579730756698840e-03,5.817764173314431825e-03,-1.454441043328607956e-03,9.108020774085309398e-03,1.783466703405697101e-02
1.788406401872937441e+09,3.973244875669479370e-02,2.729783952236175537e-01,2.380489259958267212e-01,7.396858334541320801e-01,-2.035679072141647339e-01,3.795976042747497559e-01,8.253836631774902344e-01,3.781418800354003906e-01,-1.000000000000000000e+00,-1.000000000000000000e+00,-1.000000000000000000e+00,1.000000000000000000e+00,-1.000000000000000000e+00,1.000000000000000000e+00,1.000000000000000000e+00,2.947534620761871338e-01,1.000000000000000000e+00,-1.000000000000000000e+00,-8.283722400665283203e-01,-1.000000000000000000e+00,-1.000000000000000000e+00,-3.491051793098449707e-01,-1.000000000000000000e+00,6.133469343185424805e-01,1.000000000000000000e+00,-1.000000000000000000e+00,-1.000000000000000000e+00,1.000000000000000000e+00,1.999316611665958587e-01,0.000000000000000000e+00,5.459400706538386494e-03,1.511439707483202763e-02,2.287103780364572667e-02,-1.308996938995747247e-02,6.232370637728306892e-03,1.242693347078503360e-02,2.260802077408530231e-02,-1.163552834662886365e-02,-1.039834578914743731e-03,8.063610340799203663e-03,1.679025660077086354e-02,-2.908882086657215912e-03,1.641345794102855304e-02,2.551690286074252342e-02,1.533581555744225298e-02,1.454441043328607956e-03,0.000000000000000000e+00,1.097249242745642304e-02,2.115357973075669348e-02
1.788406401922842979e+09,3.762494027614593506e-02,2.734766602516174316e-01,2.369714528322219849e-01,7.385385036468505859e-01,-2.086839377880096436e-01,3.644115030765533447e-01,8.396536111831665039e-01,-1.000000000000000000e+00,-1.000000000000000000e+00,-1.000000000000000000e+00,9.037870168685913086e-01,1.000000000000000000e+00,-1.000000000000000000e+00,1.000000000000000000e+00,1.000000000000000000e+00,-6.349167823791503906e-01,1.000000000000000000e+00,-1.000000000000000000e+00,-1.000000000000000000e+00,-8.476833105087280273e-01,-1.000000000000000000e+00,-1.000000000000000000e+00,-1.000000000000000000e+00,9.017799049615859985e-02,1.000000000000000000e+00,-1.000000000000000000e+00,-1.000000000000000000e+00,1.417554914951324463e-01,2.089316611665958945e-01,0.000000000000000000e+00,9.594007065383269861e-04,1.345666351156011784e-02,3.782547884697437524e-02,-1.454441043328607956e-02,2.630013481104272882e-02,7.019199907513189000e-03,1.574584616748480465e-02,-1.454441043328607956e-02,1.030128333442804044e-02,2.447249242745646453e-02,1.283696408082762863e-02,-2.908882086657215912e-03,2.048237063772831087e-02,2.301805138412785223e-02,9.928081994170409250e-03,4.363323129985824736e-03,0.000000000000000000e+00,9.928081994170409250e-03,1.574584616748480465e-02
1.788406401972941637e+09,3.455453738570213318e-02,2.737699747085571289e-01,2.356468588113784790e-01,7.369602918624877930e-01,-2.139641642570495605e-01,3.497348725795745850e-01,8.543155193328857422e-01,-9.765415638685226440e-02,-1.000000000000000000e+00,-1.000000000000000000e+00,-4.311322420835494995e-02,8.134022951126098633e-01,-1.000000000000000000e+00,1.000000000000000000e+00,-2.027274966239929199e-01,9.941670894622802734e-01,1.000000000000000000e+00,-1.000000000000000000e+00,-1.000000000000000000e+00,-8.313700556755065918e-01,-1.000000000000000000e+00,-1.000000000000000000e+00,-1.000000000000000000e+00,2.652272582054138184e-01,1.000000000000000000e+00,-1.000000000000000000e+00,-1.000000000000000000e+00,3.264665603637695312e-01,2.179316611665959302e-01,-2.908882086657215912e-03,-2.086158250133215205e-03,1.616225307827403798e-02,3.532662737035965894e-02,-1.454441043328607956e-02,1.291575498779916342e-02,7.429230517555692956e-03,1.470143573419874228e-02,-1.018108730330025656e-02,8.552431857813333482e-03,8.883671560884303514e-03,2.197364095084179333e-02,-1.454441043328607956e-03,2.018796020444221448e-02,2.342808199417040216e-02,1.179255364754152290e-02,1.454441043328607956e-03,-1.454441043328607956e-03,1.033811260421291234e-02,2.197364095084179333e-02
1.788406402025407791e+09,3.009375371038913727e-02,2.738758027553558350e-01,2.342088967561721802e-01,7.349357008934020996e-01,-2.192531377077102661e-01,3.356522917747497559e-01,8.694899678230285645e-01,-6.418863534927368164e-01,-1.000000000000000000e+00,-1.000000000000000000e+00,5.415076613426208496e-01,1.000000000000000000e+00,-1.000000000000000000e+00,1.000000000000000000e+00,4.066647589206695557e-01,1.000000000000000000e+00,1.000000000000000000e+00,-1.000000000000000000e+00,-1.000000000000000000e+00,-8.995300531387329102e-01,-1.000000000000000000e+00,-1.000000000000000000e+00,-1.000000000000000000e+00,3.458348214626312256e-01,1.000000000000000000e+00,-1.000000000000000000e+00,-1.000000000000000000e+00,2.551592290401458740e-01,2.269316611665959105e-01,-2.908882086657215912e-03,-5.131717206804387033e-03,1.305007847167357488e-02,2.991889380708777010e-02,-1.163552834662886365e-02,1.262134455451306703e-02,1.802034843089846822e-02,1.074814321425541716e-02,-1.018108730330025656e-02,9.712462467855847645e-03,1.365702530091263654e-02,1.656590738756985592e-02,0.000000000000000000e+00,2.134799081448470609e-02,2.674699469087012810e-02,1.947478947422707704e-02,1.454441043328607956e-03,0.000000000000000000e+00,7.839261127598196044e-03,1.074814321425541716e-02
1.788406402073820353e+09,2.488161250948905945e-02,2.735894024372100830e-01,2.326132953166961670e-01,7.329180836677551270e-01,-2.243033647537231445e-01,3.224628567695617676e-01,8.854174017906188965e-01,1.000000000000000000e+00,-6.938355565071105957e-01,4.519117623567581177e-02,-1.052973791956901550e-01,2.321365773677825928e-01,-1.000000000000000000e+00,1.000000000000000000e+00,-1.000000000000000000e+00,1.000000000000000000e+00,1.000000000000000000e+00,-1.000000000000000000e+00,-5.694677829742431641e-01,-8.379862308502197266e-01,-1.000000000000000000e+00,-1.000000000000000000e+00,-1.000000000000000000e+00,1.000000000000000000e+00,1.000000000000000000e+00,-1.000000000000000000e+00,-1.000000000000000000e+00,5.326127409934997559e-01,2.346459468808815563e-01,-4.363323129985824736e-03,-1.981280451010480892e-02,1.430122699505888620e-02,2.160227815715866015e-02,-1.018108730330025656e-02,1.669025725121280057e-02,1.406705591095523331e-02,2.715702530091267802e-02,-7.272205216643039781e-03,1.232693412122699492e-02,1.115817382429801219e-02,1.988482008426967207e-02,0.000000000000000000e+00,2.687134455451307274e-02,2.424814321425545691e-02,1.115817382429801219e-02,4.363323129985824736e-03,0.000000000000000000e+00,1.261261486762662275e-02,1.697593799761245442e-02
1.788406402123783112e+09,1.938015967607498169e-02,2.729459702968597412e-01,2.314724922180175781e-01,7.312147617340087891e-01,-2.285348474979400635e-01,3.098133504390716553e-01,9.022117853164672852e-01,-4.638523161411285400e-01,-1.000000000000000000e+00,-7.571477890014648438e-01,-3.399964570999145508e-01,1.000000000000000000e+00,-1.000000000000000000e+00,1.000000000000000000e+00,-1.000000000000000000e+00,1.000000000000000000e+00,1.000000000000000000e+00,-1.000000000000000000e+00,-1.000000000000000000e+00,-9.659550189971923828e-01,-1.000000000000000000e+00,-1.000000000000000000e+00,-1.000000000000000000e+00,1.000000000000000000e+00,1.000000000000000000e+00,-1.000000000000000000e+00,-1.000000000000000000e+00,7.780326604843139648e-01,2.423602325951672576e-01,1.454441043328607956e-03,2.140488009838570349e-03,1.118905238845836585e-02,3.219339607050147878e-02,-1.308996938995747247e-02,3.305877427969237774e-03,8.659322347683295895e-03,1.593152756432634695e-02,-8.726646259971649472e-03,6.214759514626458023e-03,-1.521764955616974110e-03,1.387117131040246139e-03,0.000000000000000000e+00,2.366805203456975523e-02,2.320373278096939801e-02,5.750440261026076513e-03,2.908882086657215912e-03,0.000000000000000000e+00,1.156820443434051701e-02,1.156820443434051701e-02
1.788406402174212933e+09,1.382924430072307587e-02,2.725678086280822754e-01,2.308526039123535156e-01,7.304877638816833496e-01,-2.321290224790573120e-01,2.973804473876953125e-01,9.199806451797485352e-01,6.644724607467651367e-01,-6.617460846900939941e-01,1.000000000000000000e+00,3.828524649143218994e-01,1.000000000000000000e+00,-6.827945113182067871e-01,1.000000000000000000e+00,-1.000000000000000000e+00,1.000000000000000000e+00,1.000000000000000000e+00,-1.000000000000000000e+00,-1.000000000000000000e+00,-7.568924427032470703e-01,-1.000000000000000000e+00,-1.000000000000000000e+00,-1.000000000000000000e+00,8.373003005981445312e-01,1.000000000000000000e+00,-1.000000000000000000e+00,-1.000000000000000000e+00,3.403440117835998535e-01,2.500745183094530977e-01,0.000000000000000000e+00,6.640488009838445109e-03,2.259113608543463544e-03,2.533122146390098112e-02,-1.454441043328607956e-02,1.028367221132623840e-02,1.052379400105440954e-02,1.779599921769746060e-02,-1.018108730330025656e-02,1.173811325465482468e-02,-1.111734345574470371e-03,1.052379400105440954e-02,-1.454441043328607956e-03,1.319255429798343524e-02,2.215932234768329054e-02,7.614911914397190160e-03,2.908882086657215912e-03,0.000000000000000000e+00,9.069352957725800718e-03,1.197823504438302010e-02
1.788406402225031853e+09,9.658393450081348419e-03,2.726635038852691650e-01,2.306891232728958130e-01,7.318890094757080078e-01,-2.349911630153656006e-01,2.854753732681274414e-01,9.388191699981689453e-01,-1.432896703481674194e-01,-1.000000000000000000e+00,1.000000000000000000e+00,1.404483914375305176e-01,-1.000000000000000000e+00,1.000000000000000000e+00,6.056233644485473633e-01,-1.000000000000000000e+00,4.319592416286468506e-01,1.000000000000000000e+00,-1.000000000000000000e+00,-6.236832737922668457e-01,5.783569067716598511e-02,-1.000000000000000000e+00,-1.000000000000000000e+00,-1.000000000000000000e+00,1.000000000000000000e+00,8.446841835975646973e-01,-1.000000000000000000e+00,-1.000000000000000000e+00,-2.439914643764495850e-01,2.577888040237387712e-01,0.000000000000000000e+00,9.686046966509986866e-03,1.078246734857181248e-02,2.719569311727213987e-02,-1.163552834662886365e-02,9.989261778040142009e-03,1.675158878441144680e-02,1.238826565442561686e-02,-1.308996938995747247e-02,5.625938648054311202e-03,5.116060437782658614e-03,7.527373077968284570e-04,-1.454441043328607956e-03,8.534820734711531451e-03,1.966047087106866792e-02,8.024942524439878863e-03,2.908882086657215912e-03,0.000000000000000000e+00,8.024942524439878863e-03,1.238826565442561686e-02
1.788406402275202751e+09,7.379117887467145920e-03,2.730273306369781494e-01,2.310926616191864014e-01,7.351559996604919434e-01,-2.368983477354049683e-01,2.743451893329620361e-01,9.581186175346374512e-01,4.490446448326110840e-01,-1.000000000000000000e+00,2.217415720224380493e-02,4.178436994552612305e-01,-5.879406929016113281e-01,8.227082490921020508e-01,3.162579536437988281e-01,-1.000000000000000000e+00,8.232679963111877441e-01,1.000000000000000000e+00,-1.000000000000000000e+00,-8.533111214637756348e-01,5.251274704933166504e-01,-1.000000000000000000e+00,-1.000000000000000000e+00,-1.000000000000000000e+00,1.000000000000000000e+00,7.147784829139709473e-01,-1.000000000000000000e+00,-1.000000000000000000e+00,-4.214556217193603516e-01,2.580086826916225262e-01,-2.908882086657215912e-03,1.418604696651004637e-02,1.348805691528572916e-02,3.196904685730047463e-02,-1.308996938995747247e-02,9.682050847824308359e-04,5.526091047825162569e-03,9.889414177810992509e-03,-1.163552834662886365e-02,1.696705656139709667e-02,6.980532091153772260e-03,-2.916731254892779290e-04,-1.454441043328607956e-03,1.551261551806848438e-02,2.152494252443987177e-02,9.889414177810992509e-03,2.908882086657215912e-03,0.000000000000000000e+00,8.434973134482381951e-03,6.980532091153772260e-03
1.788406402327424288e+09,5.704675335437059402e-03,2.736286818981170654e-01,2.323210239410400391e-01,7.398243546485900879e-01,-2.373594939708709717e-01,2.651095390319824219e-01,9.774217009544372559e-01,-1.000000000000000000e+00,-1.000000000000000000e+00,-9.137921780347824097e-02,4.744608402252197266e-01,3.861150145530700684e-01,-1.242091879248619080e-01,-6.327981948852539062e-01,-1.000000000000000000e+00,-5.904442071914672852e-01,1.000000000000000000e+00,-1.000000000000000000e+00,-1.000000000000000000e+00,1.000000000000000000e+00,-1.000000000000000000e+00,-1.000000000000000000e+00,-1.000000000000000000e+00,9.090213775634765625e-01,2.856745123863220215e-01,-1.000000000000000000e+00,-1.000000000000000000e+00,-8.381788134574890137e-01,2.528658255487654105e-01,-5.817764173314431825e-03,1.723160592318121950e-02,1.619364648199969267e-02,2.074354912071414356e-02,-1.454441043328607956e-02,1.376376404145382426e-02,-2.101168492308532528e-03,8.079918810991737477e-03,-1.454441043328607956e-02,3.582676738153554689e-03,3.716595681005907537e-03,-3.555609535637142653e-03,-1.454441043328607956e-03,7.945999868139385497e-03,9.534359854320348035e-03,-6.467274489799224035e-04,4.363323129985824736e-03,0.000000000000000000e+00,3.716595681005907537e-03,1.098880089764895859e-02
1.788406402378159285e+09,4.635065793991088867e-03,2.744543850421905518e-01,2.343260198831558228e-01,7.456837296485900879e-01,-2.362712770700454712e-01,2.583380639553070068e-01,9.960398674011230469e-01,1.000000000000000000e+00,-1.000000000000000000e+00,3.462940156459808350e-01,3.878358900547027588e-01,-3.153058290481567383e-01,1.000000000000000000e+00,-1.000000000000000000e+00,-1.000000000000000000e+00,-1.000000000000000000e+00,1.000000000000000000e+00,-1.000000000000000000e+00,-8.109391331672668457e-01,1.000000000000000000e+00,-1.000000000000000000e+00,-1.000000000000000000e+00,-1.000000000000000000e+00,6.983627080917358398e-01,6.270273923873901367e-01,-1.000000000000000000e+00,-1.000000000000000000e+00,-6.632561087608337402e-01,2.477229684059083503e-01,-1.454441043328607956e-03,1.736828279319554275e-02,-8.328558734643391054e-03,-8.755302355900562022e-03,-1.163552834662886365e-02,1.783267673815360638e-02,-1.560116849230852587e-02,-5.420081189008256299e-03,-1.018108730330025656e-02,4.742707348196160792e-03,-2.141893266562296810e-02,-1.851005057896574699e-02,0.000000000000000000e+00,1.783267673815360638e-02,-6.874522232336865990e-03,-1.851005057896574699e-02,5.817764173314431825e-03,0.000000000000000000e+00,-1.560116849230852587e-02,-9.783404318994087107e-03
1.788406402430394650e+09,3.565456718206405640e-03,2.757334709167480469e-01,2.364529818296432495e-01,7.518117427825927734e-01,-2.344240844249725342e-01,2.544282376766204834e-01,1.012203335762023926e+00,-1.000000000000000000e+00,-1.000000000000000000e+00,1.442818790674209595e-01,1.000000000000000000e+00,5.119888782501220703e-01,1.000000000000000000e+00,-1.000000000000000000e+00,-1.000000000000000000e+00,-1.000000000000000000e+00,1.000000000000000000e+00,-1.000000000000000000e+00,-1.000000000000000000e+00,1.000000000000000000e+00,-1.000000000000000000e+00,-1.000000000000000000e+00,-1.000000000000000000e+00,6.240096092224121094e-01,4.433745741844177246e-01,-1.000000000000000000e+00,-1.000000000000000000e+00,-4.654652178287506104e-01,2.425801112630510958e-01,-2.908882086657215912e-03,1.605051861988116002e-02,-1.830635351800034838e-02,-6.256450879285890831e-03,-1.018108730330025656e-02,-4.278349345061596351e-03,-1.310231701569380958e-02,-2.037452223233686063e-02,-1.018108730330025656e-02,4.448296914910064397e-03,-1.455675805902242013e-02,-1.164787597236520075e-02,0.000000000000000000e+00,2.481047152151055757e-02,-1.310231701569380958e-02,-1.746564014567963952e-02,1.454441043328607956e-03,0.000000000000000000e+00,-1.455675805902242013e-02,-2.328340431899408175e-02
1.788406402477991581e+09,2.495847642421722412e-03,2.775400578975677490e-01,2.381471544504165649e-01,7.575065493583679199e-01,-2.322281301021575928e-01,2.542039752006530762e-01,1.024162650108337402e+00,4.817183911800384521e-01,-1.000000000000000000e+00,-3.346478193998336792e-02,8.069146275520324707e-01,-2.593100368976593018e-01,1.000000000000000000e+00,-3.198282718658447266e-01,-1.000000000000000000e+00,-1.000000000000000000e+00,1.000000000000000000e+00,-1.000000000000000000e+00,-6.584505736827850342e-02,1.000000000000000000e+00,-1.000000000000000000e+00,-1.849893778562545776e-01,-1.000000000000000000e+00,9.128065109252929688e-01,1.000000000000000000e+00,-1.000000000000000000e+00,-1.000000000000000000e+00,7.003974318504333496e-01,2.477229684059083503e-01,-4.363323129985824736e-03,8.914990273252154651e-03,-9.376414738085399672e-03,-2.557421505260027914e-02,-1.454441043328607956e-02,1.288053274159562875e-02,-1.933011179905094051e-02,-1.933011179905094051e-02,-1.308996938995747247e-02,8.517209611609798808e-03,-9.149024495750668340e-03,-7.694583452422058649e-03,-1.454441043328607956e-03,1.433497378492423757e-02,-1.933011179905094051e-02,-1.205790658240788946e-02,1.454441043328607956e-03,0.000000000000000000e+00,-2.078455284237954934e-02,-1.642122971239371940e-02
1.788406402526019812e+09,2.280305605381727219e-03,2.801310718059539795e-01,2.389969527721405029e-01,7.628607749938964844e-01,-2.303396612405776978e-01,2.569091618061065674e-01,1.031252861022949219e+00,-9.072632789611816406e-01,-1.000000000000000000e+00,1.000000000000000000e+00,1.000000000000000000e+00,9.251627922058105469e-01,1.000000000000000000e+00,1.000000000000000000e+00,-1.000000000000000000e+00,1.000000000000000000e+00,1.000000000000000000e+00,-1.000000000000000000e+00,1.292344033718109131e-01,7.805564403533935547e-01,-1.000000000000000000e+00,-5.615114569664001465e-01,-1.000000000000000000e+00,1.000000000000000000e+00,1.000000000000000000e+00,-1.000000000000000000e+00,-1.000000000000000000e+00,1.000000000000000000e+00,2.554372541201940239e-01,-4.363323129985824736e-03,1.196054922992351166e-02,-1.499088639145658083e-02,-4.052865609592892771e-02,-1.454441043328607956e-02,1.549500439496679857e-02,1.307762176422107812e-02,8.714298634235248184e-03,-1.308996938995747247e-02,6.768358134995137824e-03,2.896534460920807685e-03,2.896534460920807685e-03,-1.454441043328607956e-03,8.222799178323747515e-03,-2.921229712393632379e-03,5.805416547578027935e-03,2.908882086657215912e-03,0.000000000000000000e+00,1.162318072089246757e-02,8.714298634235248184e-03
1.788406402578839540e+09,2.636271528899669647e-03,2.826910614967346191e-01,2.387199103832244873e-01,7.684752345085144043e-01,-2.289955317974090576e-01,2.615139484405517578e-01,1.034054040908813477e+00,5.654265880584716797e-01,-3.411341831088066101e-02,6.373827457427978516e-01,4.595017060637474060e-03,-2.673333287239074707e-01,1.000000000000000000e+00,1.000000000000000000e+00,-1.000000000000000000e+00,1.000000000000000000e+00,1.000000000000000000e+00,-8.066108822822570801e-01,4.009821116924285889e-01,-2.116455584764480591e-01,-1.000000000000000000e+00,-1.452227234840393066e-01,-1.000000000000000000e+00,1.000000000000000000e+00,1.000000000000000000e+00,-1.000000000000000000e+00,-1.000000000000000000e+00,1.000000000000000000e+00,2.631515398344797529e-01,-4.363323129985824736e-03,1.500610818659505429e-02,9.531318825186502891e-03,-8.120922532657004478e-03,-1.018108730330025656e-02,2.110624571723211489e-03,2.221429863423524109e-02,1.639653446092080233e-02,-8.726646259971649472e-03,6.473947701709041429e-03,2.803206280754968333e-02,2.657762176422107103e-02,-1.454441043328607956e-03,1.374615291835209162e-02,1.057877028760636183e-02,1.930541654757802345e-02,2.908882086657215912e-03,-1.454441043328607956e-03,1.639653446092080233e-02,1.930541654757802345e-02
1.788406402625579834e+09,2.709678374230861664e-03,2.840807139873504639e-01,2.375514656305313110e-01,7.736527323722839355e-01,-2.277774363756179810e-01,2.675313055515289307e-01,1.033295035362243652e+00,-1.000000000000000000e+00,-1.000000000000000000e+00,-3.574687540531158447e-01,6.009989380836486816e-01,-3.723679482936859131e-01,9.808839559555053711e-01,1.000000000000000000e+00,-1.000000000000000000e+00,-1.625824123620986938e-01,1.000000000000000000e+00,-1.000000000000000000e+00,2.097121328115463257e-01,-9.336625933647155762e-01,-1.000000000000000000e+00,1.479538679122924805e-01,-1.000000000000000000e+00,1.000000000000000000e+00,1.000000000000000000e+00,-1.000000000000000000e+00,-1.000000000000000000e+00,1.000000000000000000e+00,2.708658255487653710e-01,-5.817764173314431825e-03,1.659722609993789441e-02,2.241799569520067439e-02,6.833518510671598989e-03,-1.163552834662886365e-02,1.345174248506599522e-02,2.116988820094913709e-02,6.625477767663127786e-03,-8.726646259971649472e-03,4.725096225094381312e-03,1.098880089764895859e-02,8.079918810991737477e-03,-1.454441043328607956e-03,2.072394770170904454e-02,2.844209341759218468e-02,1.098880089764895859e-02,2.908882086657215912e-03,0.000000000000000000e+00,1.680656507096339736e-02,2.116988820094913709e-02
1.788406402675676823e+09,2.371566835790872574e-03,2.842600047588348389e-01,2.359826564788818359e-01,7.781828045845031738e-01,-2.261968553066253662e-01,2.748569250106811523e-01,1.029617071151733398e+00,6.549780964851379395e-01,-4.431068003177642822e-01,6.248986124992370605e-01,2.173156887292861938e-01,-8.092472553253173828e-01,5.257486701011657715e-01,1.000000000000000000e+00,-1.000000000000000000e+00,-2.372544556856155396e-01,1.000000000000000000e+00,-1.000000000000000000e+00,4.412969648838043213e-01,-1.000000000000000000e+00,-1.000000000000000000e+00,1.661425381898880005e-01,-1.000000000000000000e+00,1.000000000000000000e+00,1.000000000000000000e+00,-1.000000000000000000e+00,-1.000000000000000000e+00,1.000000000000000000e+00,2.785801112630511001e-01,-7.272205216643039781e-03,3.127831340323794507e-02,3.306969611985473897e-03,2.906016477064325351e-02,-1.454441043328607956e-02,7.339567878465551136e-03,1.285327255102007224e-02,4.126626291048411492e-03,-8.726646259971649472e-03,1.024844996512277139e-02,2.157991881099173212e-02,1.430771359434868106e-02,0.000000000000000000e+00,1.897509622509443300e-02,2.012547776766312330e-02,9.944390464362851123e-03,1.454441043328607956e-03,0.000000000000000000e+00,1.217744204391191243e-03,1.867103672433451100e-02
1.788406402725853682e+09,2.550267614424228668e-03,2.834974527359008789e-01,2.346274256706237793e-01,7.829581499099731445e-01,-2.235924601554870605e-01,2.832418382167816162e-01,1.024043560028076172e+00,-1.000000000000000000e+00,-1.000000000000000000e+00,8.260116577148437500e-01,2.628021538257598877e-01,2.498503774404525757e-02,2.857035398483276367e-01,1.000000000000000000e+00,-1.000000000000000000e+00,-3.053375184535980225e-01,1.000000000000000000e+00,-1.000000000000000000e+00,-2.890843451023101807e-01,-9.180128574371337891e-01,-1.000000000000000000e+00,-1.000000000000000000e+00,-1.000000000000000000e+00,1.000000000000000000e+00,1.000000000000000000e+00,-1.000000000000000000e+00,-1.000000000000000000e+00,9.281440973281860352e-01,2.862943969773369401e-01,-2.908882086657215912e-03,3.780610450008770052e-03,6.012559178699437845e-03,2.365243120737136467e-02,-1.018108730330025656e-02,1.140848057516528555e-02,2.198994942103423694e-02,1.617218524771979471e-02,-1.163552834662886365e-02,4.136275358522281329e-03,7.445538987748134829e-03,1.035442107440535595e-02,0.000000000000000000e+00,1.140848057516528555e-02,2.053550837770562465e-02,1.471774420439118589e-02,5.817764173314431825e-03,0.000000000000000000e+00,1.180886211773396477e-02,1.762662629104840700e-02
1.788406402776168108e+09,3.418301697820425034e-03,2.824325561523437500e-01,2.340834289789199829e-01,7.880059480667114258e-01,-2.195862829685211182e-01,2.924683988094329834e-01,1.017062664031982422e+00,1.000000000000000000e+00,-1.000000000000000000e+00,5.011845827102661133e-01,2.146658860146999359e-02,-1.000000000000000000e+00,9.673675894737243652e-01,1.000000000000000000e+00,-1.000000000000000000e+00,-1.000000000000000000e+00,1.000000000000000000e+00,-1.000000000000000000e+00,5.320454761385917664e-02,-1.594233363866806030e-01,-1.000000000000000000e+00,-7.891412377357482910e-01,-1.000000000000000000e+00,1.000000000000000000e+00,1.000000000000000000e+00,-1.000000000000000000e+00,-1.000000000000000000e+00,7.053998112678527832e-01,2.914372541201940003e-01,-2.908882086657215912e-03,6.826169406680127061e-03,8.718148745413401360e-03,2.697134390407113225e-02,-1.308996938995747247e-02,1.256851118520784481e-02,2.385442107440544079e-02,7.855569597790731592e-03,-7.272205216643039781e-03,1.402295222853645537e-02,9.310010641119342151e-03,6.401128554462121034e-03,0.000000000000000000e+00,1.402295222853645537e-02,2.239998003107683197e-02,1.076445168444795097e-02,2.908882086657215912e-03,0.000000000000000000e+00,7.855569597790731592e-03,2.094553898774822315e-02
1.788406402825989723e+09,5.227103363722562790e-03,2.815899252891540527e-01,2.344318479299545288e-01,7.933987379074096680e-01,-2.144738137722015381e-01,3.021715879440307617e-01,1.008733749389648438e+00,-4.127710759639739990e-01,-1.000000000000000000e+00,7.914036512374877930e-01,1.990124434232711792e-01,4.143886566162109375e-01,1.000000000000000000e+00,1.000000000000000000e+00,-1.000000000000000000e+00,1.000000000000000000e+00,1.000000000000000000e+00,-1.000000000000000000e+00,-7.312173843383789062e-01,-1.347625404596328735e-01,-1.000000000000000000e+00,-1.000000000000000000e+00,-1.000000000000000000e+00,1.000000000000000000e+00,9.298121333122253418e-01,-7.731597423553466797e-01,-1.000000000000000000e+00,3.784565925598144531e-01,2.979544127945362719e-01,-2.908882086657215912e-03,1.278061045000870519e-02,-9.986292297915252275e-03,-3.981948615872181289e-03,-1.454441043328607956e-02,9.365218665264529035e-03,1.553780542447628574e-02,6.811159164504624990e-03,-1.308996938995747247e-02,9.365218665264529035e-03,2.281001064111933679e-02,6.811159164504624990e-03,-1.454441043328607956e-03,1.809186492523618892e-02,1.844668751113350685e-02,1.408336438114767518e-02,5.817764173314431825e-03,-1.454441043328607956e-03,1.408336438114767518e-02,2.135556959779072450e-02
1.788406402876536131e+09,7.988054305315017700e-03,2.814414799213409424e-01,2.356989979743957520e-01,7.993156909942626953e-01,-2.084862738847732544e-01,3.121397495269775391e-01,9.993821382522583008e-01,2.194871008396148682e-01,-1.000000000000000000e+00,6.397433280944824219e-01,3.886139392852783203e-01,-1.000000000000000000e+00,7.019329071044921875e-01,3.758246898651123047e-01,-1.000000000000000000e+00,-1.000000000000000000e+00,1.000000000000000000e+00,-1.000000000000000000e+00,-8.306449055671691895e-01,6.637980341911315918e-01,-1.000000000000000000e+00,-1.000000000000000000e+00,-1.000000000000000000e+00,8.518738746643066406e-01,6.943944841623306274e-03,-7.339317202568054199e-01,-1.000000000000000000e+00,-8.799180984497070312e-01,2.889544127945363194e-01,-2.908882086657215912e-03,1.728061045000876469e-02,1.308147187539922610e-02,6.609169297470593105e-03,-1.308996938995747247e-02,1.679810591280565422e-03,1.594783603451888077e-02,1.013007186120444200e-02,-1.163552834662886365e-02,-1.229071495376654610e-03,1.740227707784739938e-02,1.013007186120444200e-02,0.000000000000000000e+00,1.040645685125217955e-02,2.176560020783322932e-02,1.449339499119027194e-02,5.817764173314431825e-03,0.000000000000000000e+00,8.675630817875831444e-03,2.176560020783322932e-02
1.788406402926155567e+09,1.131434645503759384e-02,2.815991640090942383e-01,2.379666417837142944e-01,8.053325414657592773e-01,-2.014306634664535522e-01,3.224192559719085693e-01,9.891591668128967285e-01,-6.882556676864624023e-01,-1.000000000000000000e+00,2.792671620845794678e-01,-3.692682385444641113e-01,-6.085352897644042969e-01,6.423188447952270508e-01,-1.000000000000000000e+00,-1.000000000000000000e+00,1.304828375577926636e-01,1.000000000000000000e+00,-1.000000000000000000e+00,-1.000000000000000000e+00,1.000000000000000000e+00,-1.000000000000000000e+00,-1.000000000000000000e+00,-1.000000000000000000e+00,1.000000000000000000e+00,-8.754305839538574219e-01,-1.080660670995712280e-01,-1.000000000000000000e+00,-1.000000000000000000e+00,2.863829842231077061e-01,-7.272205216643039781e-03,1.887172836335160309e-02,-5.622969167929428407e-03,-8.345271745858012097e-03,-1.018108730330025656e-02,-1.111574836539082865e-02,-1.064213335543860370e-02,-4.610460521383327173e-04,-1.163552834662886365e-02,-3.843543148747824434e-03,2.447836034518887424e-03,-4.610460521383327173e-04,-1.454441043328607956e-03,-1.838795358203387798e-02,2.447836034518887424e-03,-7.733251268781382581e-03,2.908882086657215912e-03,0.000000000000000000e+00,-7.733251268781382581e-03,-4.610460521383327173e-04
1.788406402979556084e+09,1.468626689165830612e-02,2.815480828285217285e-01,2.411220669746398926e-01,8.107923269271850586e-01,-1.933118849992752075e-01,3.330208957195281982e-01,9.778974056243896484e-01,1.000000000000000000e+00,-1.000000000000000000e+00,8.798084408044815063e-02,3.293558359146118164e-01,-9.630949497222900391e-01,9.757735133171081543e-01,-1.000000000000000000e+00,-1.000000000000000000e+00,-1.000000000000000000e+00,1.000000000000000000e+00,-1.000000000000000000e+00,-6.941090226173400879e-01,1.000000000000000000e+00,-1.000000000000000000e+00,-1.000000000000000000e+00,-1.000000000000000000e+00,8.155760765075683594e-01,-4.716120362281799316e-01,-3.005363643169403076e-01,-1.000000000000000000e+00,-1.000000000000000000e+00,2.773829842231076981e-01,-4.363323129985824736e-03,2.482616940668018121e-02,1.017258978874201192e-02,1.242693347078503360e-02,-1.018108730330025656e-02,6.043133721266395579e-03,-1.396104605213832617e-02,-1.686992813879554728e-02,-8.726646259971649472e-03,2.253695479519553788e-04,-1.832436918212415611e-02,-2.268769231210998605e-02,0.000000000000000000e+00,4.588692677937785888e-03,-1.686992813879554728e-02,-1.977881022545276840e-02,4.363323129985824736e-03,-1.454441043328607956e-03,-1.977881022545276840e-02,-1.396104605213832617e-02
1.788406403026454449e+09,1.803583092987537384e-02,2.816392481327056885e-01,2.446800470352172852e-01,8.158286809921264648e-01,-1.846742779016494751e-01,3.439115285873413086e-01,9.656622409820556641e-01,-8.712853789329528809e-01,-1.000000000000000000e+00,1.000000000000000000e+00,1.000000000000000000e+00,4.465270638465881348e-01,1.000000000000000000e+00,-1.000000000000000000e+00,-1.000000000000000000e+00,-1.000000000000000000e+00,1.000000000000000000e+00,-1.000000000000000000e+00,-1.000000000000000000e+00,1.000000000000000000e+00,-1.000000000000000000e+00,-1.000000000000000000e+00,-1.000000000000000000e+00,1.000000000000000000e+00,-1.000000000000000000e+00,-2.130101770162582397e-01,-1.000000000000000000e+00,-1.000000000000000000e+00,2.722401270802505269e-01,-2.908882086657215912e-03,1.332731793006543784e-02,-4.168528124600818716e-03,-5.436389659200790980e-03,-1.163552834662886365e-02,-6.752425235405044683e-03,-1.873439979216684481e-02,-1.582551770550962716e-02,-8.726646259971649472e-03,-3.843543148747824434e-03,-5.644430402209354991e-03,-5.644430402209354991e-03,0.000000000000000000e+00,-3.843543148747824434e-03,-1.873439979216684481e-02,-1.000775353219518493e-02,2.908882086657215912e-03,-1.454441043328607956e-03,-1.582551770550962716e-02,-1.582551770550962716e-02
1.788406403076456308e+09,2.147730626165866852e-02,2.825365960597991943e-01,2.482252717018127441e-01,8.210517764091491699e-01,-1.762733906507492065e-01,3.547891080379486084e-01,9.526904821395874023e-01,8.087391257286071777e-01,-1.000000000000000000e+00,8.773924112319946289e-01,9.347767233848571777e-01,5.714292526245117188e-01,1.000000000000000000e+00,-1.000000000000000000e+00,-1.000000000000000000e+00,-1.000000000000000000e+00,1.000000000000000000e+00,-1.000000000000000000e+00,-4.833034574985504150e-01,1.000000000000000000e+00,-1.000000000000000000e+00,-1.000000000000000000e+00,-1.000000000000000000e+00,1.000000000000000000e+00,-2.829395830631256104e-01,-4.580470919609069824e-01,-1.000000000000000000e+00,-1.000000000000000000e+00,2.651686985088220205e-01,-4.363323129985824736e-03,1.346399480007957547e-02,-1.414632290795782288e-02,-2.937538182586121090e-03,-1.308996938995747247e-02,4.588692677937785888e-03,-1.332666622889490914e-02,-1.768998935888074081e-02,-7.272205216643039781e-03,4.588692677937785888e-03,-1.914443040220934963e-02,-1.332666622889490914e-02,-1.454441043328607956e-03,4.588692677937785888e-03,-2.350775353219517957e-02,-1.041778414223768975e-02,5.817764173314431825e-03,0.000000000000000000e+00,-7.508902055580468637e-03,-1.478110727222351969e-02
1.788406403126706123e+09,2.470345795154571533e-02,2.845107913017272949e-01,2.513782978057861328e-01,8.264657855033874512e-01,-1.687932163476943970e-01,3.653856515884399414e-01,9.388824701309204102e-01,-5.058252215385437012e-01,-1.000000000000000000e+00,2.786737978458404541e-01,9.680991768836975098e-01,7.532169818878173828e-01,1.000000000000000000e+00,-1.000000000000000000e+00,-1.000000000000000000e+00,-1.000000000000000000e+00,1.000000000000000000e+00,-1.000000000000000000e+00,-8.780515789985656738e-01,1.000000000000000000e+00,-1.000000000000000000e+00,-1.000000000000000000e+00,-1.000000000000000000e+00,1.000000000000000000e+00,-5.837293267250061035e-01,-2.396586090326309204e-01,-1.000000000000000000e+00,-1.000000000000000000e+00,2.580972699373934587e-01,-5.817764173314431825e-03,1.214623062676500886e-02,-1.103414830135730773e-02,-2.516418444255777431e-02,-1.308996938995747247e-02,4.588692677937785888e-03,-6.467274489799224035e-04,-1.519113788226602278e-02,-8.726646259971649472e-03,7.497574764594959300e-03,-1.955446101225185446e-02,-1.373669683893741222e-02,0.000000000000000000e+00,3.134251634609175330e-03,-2.246334309890907210e-02,-9.373373708951582284e-03,5.817764173314431825e-03,0.000000000000000000e+00,-1.228225579560880340e-02,-1.373669683893741222e-02
1.788406403177119017e+09,2.752892300486564636e-02,2.876352071762084961e-01,2.537692785263061523e-01,8.319905400276184082e-01,-1.625891178846359253e-01,3.757549524307250977e-01,9.242280721664428711e-01,4.684823751449584961e-01,-1.000000000000000000e+00,6.888114809989929199e-01,1.000000000000000000e+00,-2.008096426725387573e-01,1.000000000000000000e+00,-1.000000000000000000e+00,-1.000000000000000000e+00,-1.000000000000000000e+00,1.000000000000000000e+00,-1.000000000000000000e+00,-7.487896680831909180e-01,1.000000000000000000e+00,-1.000000000000000000e+00,-1.000000000000000000e+00,-1.000000000000000000e+00,9.091863632202148438e-01,-7.611832022666931152e-01,-3.580679297447204590e-01,-1.000000000000000000e+00,-1.000000000000000000e+00,2.490972699373934229e-01,-5.817764173314431825e-03,1.373734854010784899e-02,-1.519417891139983323e-02,-1.684756879262866436e-02,-1.308996938995747247e-02,-1.229071495376654610e-03,-1.560116849230852587e-02,-1.705560953563713816e-02,-1.163552834662886365e-02,-7.046835668691095109e-03,-1.705560953563713816e-02,-1.269228640565130649e-02,-1.454441043328607956e-03,8.952015807923568991e-03,-2.141893266562296810e-02,-1.269228640565130649e-02,2.908882086657215912e-03,0.000000000000000000e+00,-5.420081189008256299e-03,-1.269228640565130649e-02
1.788406403227424145e+09,2.986421436071395874e-02,2.919485270977020264e-01,2.551182210445404053e-01,8.376883864402770996e-01,-1.578665077686309814e-01,3.860228955745697021e-01,9.088919758796691895e-01,-4.778103828430175781e-01,-1.000000000000000000e+00,4.294935464859008789e-01,1.000000000000000000e+00,2.637584805488586426e-01,1.000000000000000000e+00,-1.000000000000000000e+00,-1.000000000000000000e+00,-1.000000000000000000e+00,1.000000000000000000e+00,-1.000000000000000000e+00,-1.000000000000000000e+00,1.000000000000000000e+00,-1.000000000000000000e+00,-1.000000000000000000e+00,-1.000000000000000000e+00,9.655019044876098633e-01,-1.000000000000000000e+00,-8.440186083316802979e-02,-1.000000000000000000e+00,-1.000000000000000000e+00,2.430303566647400715e-01,-8.726646259971649472e-03,2.260067167009383038e-02,-2.080865056477101613e-02,-1.725759940267121428e-02,-1.018108730330025656e-02,-1.693351253870526915e-02,-1.746564014567963952e-02,-1.164787597236520075e-02,-8.726646259971649472e-03,-9.661307322062218095e-03,-5.830111799050852195e-03,-1.019343492903659019e-02,0.000000000000000000e+00,-6.752425235405044683e-03,-2.473784536232269057e-02,-1.164787597236520075e-02,1.454441043328607956e-03,-1.454441043328607956e-03,-2.037452223233686063e-02,-1.601119910235103069e-02
1.788406403277617455e+09,3.139434754848480225e-02,2.975266873836517334e-01,2.551456391811370850e-01,8.433965444564819336e-01,-1.550046652555465698e-01,3.960809111595153809e-01,8.928084969520568848e-01,9.969115257263183594e-01,-1.000000000000000000e+00,9.315613657236099243e-02,1.000000000000000000e+00,3.481620848178863525e-01,1.000000000000000000e+00,-1.000000000000000000e+00,-1.000000000000000000e+00,-1.000000000000000000e+00,1.000000000000000000e+00,-1.000000000000000000e+00,-1.000000000000000000e+00,1.000000000000000000e+00,-1.000000000000000000e+00,-1.000000000000000000e+00,-1.000000000000000000e+00,5.447076559066772461e-01,-1.000000000000000000e+00,-1.619668453931808472e-01,-1.000000000000000000e+00,-1.000000000000000000e+00,2.340303566647401190e-01,-8.726646259971649472e-03,1.691958436679334363e-02,-7.515388654870241818e-03,-2.203095314269954905e-02,-1.163552834662886365e-02,6.487590867748869831e-03,-2.078455284237954934e-02,-1.642122971239371940e-02,-7.272205216643039781e-03,2.124267737763039891e-03,-1.787567075572232822e-02,-4.785701365764838400e-03,0.000000000000000000e+00,6.698266944344296583e-04,-1.933011179905094051e-02,-9.149024495750668340e-03,2.908882086657215912e-03,-1.454441043328607956e-03,-1.496678866906510884e-02,-1.060346553907927890e-02
1.788406403328977585e+09,3.212018683552742004e-02,3.044708073139190674e-01,2.538424134254455566e-01,8.492974638938903809e-01,-1.541586965322494507e-01,4.057327806949615479e-01,8.761467933654785156e-01,-1.000000000000000000e+00,-1.000000000000000000e+00,6.963416337966918945e-01,1.000000000000000000e+00,6.003900766372680664e-01,1.000000000000000000e+00,-1.000000000000000000e+00,-1.000000000000000000e+00,-1.000000000000000000e+00,1.000000000000000000e+00,-1.000000000000000000e+00,-1.000000000000000000e+00,1.000000000000000000e+00,-1.000000000000000000e+00,-1.000000000000000000e+00,-1.000000000000000000e+00,1.969155967235565186e-01,-1.000000000000000000e+00,3.410884141921997070e-01,-1.000000000000000000e+00,-1.000000000000000000e+00,2.250303566647401110e-01,-1.454441043328607956e-03,1.269293810682174325e-02,-1.312986030824137007e-02,-3.698539418602819762e-02,-1.454441043328607956e-02,-1.358017330556562062e-02,-1.392237823577900310e-02,-1.683126032243622422e-02,-1.018108730330025656e-02,-1.648905539222279490e-02,-1.392237823577900310e-02,-1.246793719245039254e-02,0.000000000000000000e+00,-7.762409132251180122e-03,-2.119458345242205416e-02,-9.559055105793173163e-03,5.817764173314431825e-03,0.000000000000000000e+00,-1.974014240909344187e-02,-1.392237823577900310e-02
1.788406403381521702e+09,3.184109181165695190e-02,3.123838305473327637e-01,2.513240873813629150e-01,8.552403450012207031e-01,-1.549677252769470215e-01,4.151332080364227295e-01,8.590789437294006348e-01,1.000000000000000000e+00,-1.000000000000000000e+00,-5.513701438903808594e-01,1.000000000000000000e+00,-4.362369179725646973e-01,1.000000000000000000e+00,-1.000000000000000000e+00,-1.000000000000000000e+00,-1.000000000000000000e+00,1.000000000000000000e+00,-1.000000000000000000e+00,-1.000000000000000000e+00,1.000000000000000000e+00,-1.000000000000000000e+00,-1.000000000000000000e+00,-1.000000000000000000e+00,1.182980611920356750e-01,-1.000000000000000000e+00,3.058231472969055176e-01,-1.000000000000000000e+00,-1.000000000000000000e+00,2.160303566647400475e-01,-2.908882086657215912e-03,1.282961497683606476e-02,-1.874433196161255644e-02,-4.757651209937097114e-02,-1.018108730330025656e-02,-1.764908600226535590e-02,-2.160461406246455551e-02,-1.433240884582150619e-02,-1.163552834662886365e-02,-1.619464495893674361e-02,-1.242439455864015937e-03,-2.696880499192626061e-03,-1.454441043328607956e-03,-1.764908600226535590e-02,-1.869573197580733787e-02,-9.969085715835676251e-03,5.817764173314431825e-03,-1.454441043328607956e-03,-1.724129093247872557e-02,-1.287796780249289563e-02
1.788406403430505514e+09,3.045293688774108887e-02,3.203102350234985352e-01,2.474471479654312134e-01,8.604893684387207031e-01,-1.568974554538726807e-01,4.247606098651885986e-01,8.414857387542724609e-01,-1.924010068178176880e-01,-1.000000000000000000e+00,-2.343221157789230347e-01,1.000000000000000000e+00,4.609727114439010620e-02,7.278062105178833008e-01,-1.000000000000000000e+00,-1.000000000000000000e+00,-1.000000000000000000e+00,1.000000000000000000e+00,-1.000000000000000000e+00,-1.000000000000000000e+00,1.000000000000000000e+00,-1.000000000000000000e+00,-1.000000000000000000e+00,-1.000000000000000000e+00,-1.156053766608238220e-01,-1.000000000000000000e+00,5.815932154655456543e-01,-1.000000000000000000e+00,-1.000000000000000000e+00,2.070303566647400395e-01,-2.908882086657215912e-03,1.296629184685020239e-02,-1.854103944166925894e-02,-2.471548601615576254e-02,-1.454441043328607956e-02,-1.590023452565064721e-02,-1.328799841253544556e-02,-1.474243945586405612e-02,-8.726646259971649472e-03,-2.026355765563647715e-02,-2.056020362917849661e-02,-4.561352152563832515e-03,0.000000000000000000e+00,-1.153691139566481727e-02,-2.056020362917849661e-02,-1.328799841253544556e-02,5.817764173314431825e-03,0.000000000000000000e+00,-2.201464467250710544e-02,-1.619688049919266667e-02
1.788406403478067636e+09,2.770127728581428528e-02,3.273153901100158691e-01,2.422372549772262573e-01,8.644103407859802246e-01,-1.593385934829711914e-01,4.349389374256134033e-01,8.236752152442932129e-01,2.245091646909713745e-01,-1.000000000000000000e+00,-6.958849430084228516e-01,1.000000000000000000e+00,-2.691737562417984009e-02,6.073821187019348145e-01,-1.000000000000000000e+00,-1.000000000000000000e+00,-1.000000000000000000e+00,1.000000000000000000e+00,-1.000000000000000000e+00,-1.000000000000000000e+00,1.000000000000000000e+00,-1.000000000000000000e+00,-1.000000000000000000e+00,-1.000000000000000000e+00,-1.314075887203216553e-01,-1.000000000000000000e+00,1.025481522083282471e-01,-1.000000000000000000e+00,-1.000000000000000000e+00,1.980303566647400593e-01,0.000000000000000000e+00,1.746629184685026190e-02,-1.251998274841151747e-02,-2.803439871285557869e-02,-1.454441043328607956e-02,-1.415138304903598709e-02,-2.242467528254965536e-02,-1.806135215256382542e-02,-1.018108730330025656e-02,-1.415138304903598709e-02,-6.425823805934946162e-03,-1.078914693592077610e-02,0.000000000000000000e+00,-1.124250096237876771e-02,-1.806135215256382542e-02,-9.334705892592165544e-03,5.817764173314431825e-03,-1.454441043328607956e-03,-1.660691110923521660e-02,-1.078914693592077610e-02
1.788406403527818203e+09,2.436389029026031494e-02,3.325633406639099121e-01,2.358806729316711426e-01,8.667008876800537109e-01,-1.616540551185607910e-01,4.456571638584136963e-01,8.058324456214904785e-01,3.824908733367919922e-01,-7.984260916709899902e-01,-1.000000000000000000e+00,1.000000000000000000e+00,-1.642305701971054077e-01,3.426356613636016846e-02,-1.000000000000000000e+00,-1.000000000000000000e+00,-1.000000000000000000e+00,1.000000000000000000e+00,-1.000000000000000000e+00,-1.000000000000000000e+00,1.000000000000000000e+00,-1.000000000000000000e+00,-1.000000000000000000e+00,-1.000000000000000000e+00,-3.487860262393951416e-01,-1.000000000000000000e+00,-1.969888359308242798e-01,-1.000000000000000000e+00,-1.000000000000000000e+00,1.890303566647400513e-01,-5.817764173314431825e-03,2.196629184685032141e-02,-1.813445440178270557e-02,-2.844442932289810433e-02,-1.163552834662886365e-02,-1.676585470240711181e-02,-1.556250067594910913e-02,-1.556250067594910913e-02,-8.726646259971649472e-03,-1.531141365907850126e-02,-3.926972329320275838e-03,-1.265361858929188975e-02,0.000000000000000000e+00,-1.240253157242128187e-02,-2.574358797924938130e-02,-1.410805963262050031e-02,2.908882086657215912e-03,-1.454441043328607956e-03,-1.992582380593493907e-02,-2.283470589259216019e-02
1.788406403577876806e+09,2.054506167769432068e-02,3.357279598712921143e-01,2.288327217102050781e-01,8.670891523361206055e-01,-1.633967608213424683e-01,4.565897285938262939e-01,7.884843945503234863e-01,-2.113740295171737671e-01,-1.000000000000000000e+00,-1.000000000000000000e+00,1.000000000000000000e+00,1.371574550867080688e-01,-7.475890517234802246e-01,-1.000000000000000000e+00,-1.000000000000000000e+00,-1.000000000000000000e+00,1.000000000000000000e+00,-1.000000000000000000e+00,-1.000000000000000000e+00,1.000000000000000000e+00,-1.000000000000000000e+00,-1.000000000000000000e+00,-1.000000000000000000e+00,-6.877861618995666504e-01,-1.000000000000000000e+00,-1.652239263057708740e-02,-1.000000000000000000e+00,-1.000000000000000000e+00,1.800303566647400710e-01,-5.817764173314431825e-03,1.337632245689261354e-02,-1.065895666519635354e-02,-2.012781367296899437e-02,-1.308996938995747247e-02,-1.647144426912110909e-02,-2.469917754596331894e-02,-1.742697232932031645e-02,-8.726646259971649472e-03,-1.501700322579249680e-02,-2.882561896034215639e-03,-5.791443982691435455e-03,0.000000000000000000e+00,-7.744798009149447479e-03,-2.179029545930610129e-02,-1.306364919933448651e-02,1.454441043328607956e-03,-1.454441043328607956e-03,-1.597253128599170763e-02,-1.160920815600587595e-02
1.788406403628100634e+09,1.650046743452548981e-02,3.368092477321624756e-01,2.216650545597076416e-01,8.652869462966918945e-01,-1.642408967018127441e-01,4.672374129295349121e-01,7.720960378646850586e-01,3.152379095554351807e-01,-1.000000000000000000e+00,-1.000000000000000000e+00,7.584045529365539551e-01,-1.360020786523818970e-01,-7.991394996643066406e-01,-1.000000000000000000e+00,-1.000000000000000000e+00,-1.000000000000000000e+00,1.000000000000000000e+00,-1.000000000000000000e+00,-1.000000000000000000e+00,1.000000000000000000e+00,-1.000000000000000000e+00,-1.000000000000000000e+00,-1.000000000000000000e+00,-9.019486308097839355e-01,-1.000000000000000000e+00,-5.983223021030426025e-02,-1.000000000000000000e+00,-1.000000000000000000e+00,1.710303566647400075e-01,0.000000000000000000e+00,1.496744037023545193e-02,-1.191010518858166486e-02,-2.053784428301149920e-02,-1.018108730330025656e-02,-1.763147487916362152e-02,-1.492812085270560016e-02,-2.074588502602003892e-02,-8.726646259971649472e-03,-1.035926966252057047e-02,-1.201923876604837904e-02,-1.201923876604837904e-02,-1.454441043328607956e-03,-2.490368009580667258e-02,-2.074588502602003892e-02,-1.201923876604837904e-02,4.363323129985824736e-03,0.000000000000000000e+00,-1.347367980937698960e-02,-7.655915636062549101e-03
1.788406403678027630e+09,1.223817281424999237e-02,3.359470665454864502e-01,2.150245010852813721e-01,8.609945774078369141e-01,-1.640587151050567627e-01,4.767437279224395752e-01,7.574001550674438477e-01,-1.997672170400619507e-01,-1.000000000000000000e+00,-1.000000000000000000e+00,5.838762521743774414e-01,1.000000000000000000e+00,-1.000000000000000000e+00,-1.000000000000000000e+00,-1.000000000000000000e+00,-1.000000000000000000e+00,1.000000000000000000e+00,-1.000000000000000000e+00,-1.000000000000000000e+00,1.000000000000000000e+00,-1.000000000000000000e+00,-1.000000000000000000e+00,-1.000000000000000000e+00,-9.529287815093994141e-01,-1.000000000000000000e+00,-2.818067669868469238e-01,-1.000000000000000000e+00,-1.000000000000000000e+00,1.624505938220573431e-01,0.000000000000000000e+00,1.510411724024977517e-02,-1.752457684195280613e-02,-2.385675697971124595e-02,-1.018108730330025656e-02,-1.588262340254891630e-02,-2.115591563606258885e-02,-2.115591563606258885e-02,-8.726646259971649472e-03,-1.006485922923452091e-02,-5.157064159447925615e-03,-6.611505202776535306e-03,0.000000000000000000e+00,-1.151930027256313147e-02,-2.261035667939120114e-02,-1.533815146274815008e-02,2.908882086657215912e-03,-1.454441043328607956e-03,-1.097482833276236525e-02,-6.611505202776535306e-03
1.788406403728100538e+09,8.583063259720802307e-03,3.338697552680969238e-01,2.091151326894760132e-01,8.547983169555664062e-01,-1.631651967763900757e-01,4.846084415912628174e-01,7.445896863937377930e-01,9.636237621307373047e-01,-1.000000000000000000e+00,-1.000000000000000000e+00,6.024572253227233887e-01,1.000000000000000000e+00,-1.000000000000000000e+00,-1.000000000000000000e+00,-1.000000000000000000e+00,-1.000000000000000000e+00,1.000000000000000000e+00,-1.000000000000000000e+00,-1.000000000000000000e+00,1.000000000000000000e+00,-1.000000000000000000e+00,-1.000000000000000000e+00,-1.000000000000000000e+00,-1.000000000000000000e+00,-1.000000000000000000e+00,-9.730003774166107178e-02,-1.000000000000000000e+00,-1.000000000000000000e+00,1.540934509649145023e-01,2.908882086657215912e-03,1.229913400904262752e-02,-1.004907910536645410e-02,-2.717566967641096842e-02,-1.018108730330025656e-02,-1.558821296926286501e-02,-2.302038728943375107e-02,-2.011150520277652995e-02,-8.726646259971649472e-03,-8.316007752619813953e-03,-1.203771639504599197e-03,-5.567094769490429571e-03,-1.454441043328607956e-03,-1.267933088260564389e-02,-2.156594624610513877e-02,-8.475976856147648952e-03,5.817764173314431825e-03,0.000000000000000000e+00,-2.156594624610513877e-02,-9.930417899476259511e-03
1.788406403778649330e+09,7.011287845671176910e-03,3.313109576702117920e-01,2.037333399057388306e-01,8.478431701660156250e-01,-1.619643568992614746e-01,4.910079538822174072e-01,7.328346371650695801e-01,6.762730479240417480e-01,-1.000000000000000000e+00,-1.000000000000000000e+00,-2.731299996376037598e-01,1.000000000000000000e+00,-1.000000000000000000e+00,-1.000000000000000000e+00,-1.000000000000000000e+00,-1.000000000000000000e+00,1.000000000000000000e+00,-1.000000000000000000e+00,-1.000000000000000000e+00,1.000000000000000000e+00,-1.000000000000000000e+00,-1.000000000000000000e+00,-1.000000000000000000e+00,-1.000000000000000000e+00,-1.000000000000000000e+00,4.523355066776275635e-01,-1.000000000000000000e+00,-1.000000000000000000e+00,1.457363081077716060e-01,1.454441043328607956e-03,1.229913400904262752e-02,-1.711799180206618337e-02,-1.595017193982464082e-02,-1.018108730330025656e-02,-1.238492044931954750e-02,-1.615821268283320483e-02,-1.324933059617598372e-02,-8.726646259971649472e-03,-1.529380253597676861e-02,1.295079837110071127e-03,-1.179488955284737316e-02,-1.454441043328607956e-03,-1.674824357930537744e-02,-2.343041789947625242e-02,-1.179488955284737316e-02,2.908882086657215912e-03,0.000000000000000000e+00,-1.034044850951876260e-02,-7.431566422861543217e-03
1.788406403828299522e+09,7.522845640778541565e-03,3.284111917018890381e-01,1.988144218921661377e-01,8.403998613357543945e-01,-1.606570631265640259e-01,4.960017800331115723e-01,7.217064499855041504e-01,5.570611953735351562e-01,-1.000000000000000000e+00,-1.000000000000000000e+00,2.534180879592895508e-01,9.783680438995361328e-01,-1.000000000000000000e+00,-1.000000000000000000e+00,-1.000000000000000000e+00,-1.000000000000000000e+00,1.000000000000000000e+00,-1.000000000000000000e+00,-1.000000000000000000e+00,1.000000000000000000e+00,-1.000000000000000000e+00,-1.000000000000000000e+00,-1.000000000000000000e+00,-1.000000000000000000e+00,-1.000000000000000000e+00,2.559114098548889160e-01,-1.000000000000000000e+00,-1.000000000000000000e+00,1.373791652506287098e-01,1.454441043328607956e-03,1.520801609569984690e-02,-1.546025823879424929e-02,-2.654128985316741435e-02,-1.018108730330025656e-02,-1.790827418934793844e-02,-2.529488955284741464e-02,-1.947712537953297240e-02,-1.018108730330025656e-02,-1.645383314601932961e-02,8.850492270675210929e-04,-9.296038076232748804e-03,0.000000000000000000e+00,-1.209051001603349794e-02,-2.384044850951880234e-02,-1.220492016288996992e-02,1.454441043328607956e-03,-2.908882086657215912e-03,-1.947712537953297240e-02,-1.365936120621857874e-02
1.788406403878618002e+09,1.011773757636547089e-02,3.252316415309906006e-01,1.948627382516860962e-01,8.323910832405090332e-01,-1.591811329126358032e-01,4.989085495471954346e-01,7.117793560028076172e-01,-3.263173401355743408e-01,-1.000000000000000000e+00,-1.000000000000000000e+00,-7.283530831336975098e-01,1.000000000000000000e+00,-1.000000000000000000e+00,-7.065622806549072266e-01,-1.000000000000000000e+00,-4.905444085597991943e-01,1.000000000000000000e+00,-1.000000000000000000e+00,-1.000000000000000000e+00,1.000000000000000000e+00,-1.000000000000000000e+00,-1.000000000000000000e+00,-1.000000000000000000e+00,-1.000000000000000000e+00,-1.000000000000000000e+00,-5.486179590225219727e-01,-1.000000000000000000e+00,-1.000000000000000000e+00,1.315934509649144546e-01,2.908882086657215912e-03,1.375357505237133002e-02,-1.962028884883675744e-02,-3.567796672318157558e-02,-1.308996938995747247e-02,-1.034165853941883782e-02,-1.406939181626108357e-02,-1.697827390291830468e-02,-8.726646259971649472e-03,-2.052274584271910826e-02,-6.797186599618032510e-03,-1.261495077293247301e-02,0.000000000000000000e+00,-1.761386375606188714e-02,-2.715936120621857339e-02,-1.406939181626108357e-02,5.817764173314431825e-03,-1.454441043328607956e-03,-1.697827390291830468e-02,-1.116050972960386245e-02
1.788406403928399086e+09,1.377131324261426926e-02,3.221040070056915283e-01,1.924632489681243896e-01,8.239032030105590820e-01,-1.575903296470642090e-01,4.989759325981140137e-01,7.046221494674682617e-01,-3.826077654957771301e-02,-1.000000000000000000e+00,-1.000000000000000000e+00,9.112651348114013672e-01,1.000000000000000000e+00,-1.000000000000000000e+00,-9.829168319702148438e-01,-4.772682785987854004e-01,-1.000000000000000000e+00,1.000000000000000000e+00,-1.000000000000000000e+00,-1.000000000000000000e+00,1.000000000000000000e+00,-1.000000000000000000e+00,-1.000000000000000000e+00,-1.000000000000000000e+00,-1.000000000000000000e+00,-1.000000000000000000e+00,-6.065152883529663086e-01,-1.000000000000000000e+00,-1.000000000000000000e+00,1.238791652506287810e-01,2.908882086657215912e-03,1.520801609569984690e-02,1.362856262777790636e-02,-1.199687941988133652e-02,-1.308996938995747247e-02,-1.150168914946139709e-02,-2.029718659961807226e-02,-2.029718659961807226e-02,-8.726646259971649472e-03,-1.295613019279000765e-02,6.498800698242121455e-05,-1.011609929631784865e-02,0.000000000000000000e+00,-1.586501227944722703e-02,-2.756939181626112331e-02,-1.447942242630363349e-02,2.908882086657215912e-03,0.000000000000000000e+00,-2.029718659961807226e-02,-1.447942242630363349e-02
1.788406403978444815e+09,1.842942275106906891e-02,3.191187679767608643e-01,1.913706213235855103e-01,8.153517246246337891e-01,-1.561490297317504883e-01,4.961552023887634277e-01,7.004554271697998047e-01,1.000000000000000000e+00,-1.000000000000000000e+00,-1.000000000000000000e+00,-2.649443447589874268e-01,1.000000000000000000e+00,-1.000000000000000000e+00,-1.000000000000000000e+00,-9.352182745933532715e-01,-1.000000000000000000e+00,1.000000000000000000e+00,-1.000000000000000000e+00,-1.000000000000000000e+00,1.000000000000000000e+00,-1.000000000000000000e+00,-1.000000000000000000e+00,-1.000000000000000000e+00,-1.000000000000000000e+00,-1.000000000000000000e+00,-4.657999873161315918e-01,-1.000000000000000000e+00,-1.000000000000000000e+00,1.161648795363430381e-01,2.908882086657215912e-03,9.253575052371270510e-03,-9.439201545536532109e-03,-1.531579211658105899e-02,-1.308996938995747247e-02,-1.702504288948971864e-02,-1.052612990636035348e-02,-1.343501199301757286e-02,-8.726646259971649472e-03,-1.411616080283249752e-02,-1.799483646388692513e-03,-1.198057094968896230e-02,0.000000000000000000e+00,-1.993392497614693976e-02,-2.361609929631784330e-02,-1.488945303634618342e-02,2.908882086657215912e-03,-2.908882086657215912e-03,-1.779833512300340453e-02,-1.052612990636035348e-02
1.788406404028626204e+09,2.371032908558845520e-02,3.162242174148559570e-01,1.912624686956405640e-01,8.070078492164611816e-01,-1.549983322620391846e-01,4.906750321388244629e-01,6.989174485206604004e-01,-4.553037285804748535e-01,-1.000000000000000000e+00,-1.000000000000000000e+00,1.898257732391357422e-01,1.000000000000000000e+00,-1.000000000000000000e+00,-5.676986575126647949e-01,3.937566652894020081e-02,-8.080533146858215332e-01,1.000000000000000000e+00,-1.000000000000000000e+00,-1.000000000000000000e+00,1.000000000000000000e+00,-1.000000000000000000e+00,-1.000000000000000000e+00,-1.000000000000000000e+00,-1.000000000000000000e+00,-6.473576426506042480e-01,-1.000000000000000000e+00,-1.000000000000000000e+00,-1.000000000000000000e+00,1.110220223934858808e-01,2.908882086657215912e-03,6.208016095699912633e-03,-2.668920154553652835e-02,-2.154358689993802686e-02,-1.454441043328607956e-02,-1.091286828288918175e-02,-9.481719473074246007e-03,-1.966280677637451818e-02,-8.726646259971649472e-03,-9.458427239560571187e-03,6.993678302259775936e-04,-8.027278429745637184e-03,0.000000000000000000e+00,-1.673063245620362224e-02,-2.838945303634617806e-02,-1.820836573304590589e-02,4.363323129985824736e-03,0.000000000000000000e+00,-2.111724781970312700e-02,-1.239060155973146712e-02
1.788406404078763485e+09,2.925133705139160156e-02,3.134908080101013184e-01,1.917820572853088379e-01,7.991355657577514648e-01,-1.543101221323013306e-01,4.829166531562805176e-01,6.998169422149658203e-01,5.972185134887695312e-01,-1.000000000000000000e+00,-1.000000000000000000e+00,3.396871685981750488e-01,1.000000000000000000e+00,-1.000000000000000000e+00,1.000000000000000000e+00,1.000000000000000000e+00,-1.000000000000000000e+00,1.000000000000000000e+00,-1.000000000000000000e+00,-1.000000000000000000e+00,7.199447154998779297e-01,-1.000000000000000000e+00,-1.000000000000000000e+00,-1.000000000000000000e+00,-1.000000000000000000e+00,2.238619178533554077e-01,-1.000000000000000000e+00,-1.000000000000000000e+00,-1.000000000000000000e+00,1.135934509649144664e-01,2.908882086657215912e-03,-1.200865990957367124e-03,1.383185514772122815e-02,-5.134704813280812838e-03,-1.308996938995747247e-02,-1.498178097958893784e-02,-8.437309039788232212e-03,-1.716395529975989209e-02,-1.308996938995747247e-02,-1.789066306624613467e-02,-2.298171947307428575e-02,-8.437309039788232212e-03,-1.454441043328607956e-03,-2.079954515290335579e-02,-2.734504260306011569e-02,-1.716395529975989209e-02,5.817764173314431825e-03,0.000000000000000000e+00,-1.425507321310267271e-02,-8.437309039788232212e-03
1.788406404129246950e+09,3.494048118591308594e-02,3.109087347984313965e-01,1.924090087413787842e-01,7.920386791229248047e-01,-1.543084979057312012e-01,4.734105169773101807e-01,7.028822302818298340e-01,-6.743680685758590698e-02,-9.491884112358093262e-01,-1.000000000000000000e+00,5.380241274833679199e-01,1.000000000000000000e+00,-1.000000000000000000e+00,1.000000000000000000e+00,9.759032130241394043e-01,4.829389154911041260e-01,1.000000000000000000e+00,-1.000000000000000000e+00,-1.000000000000000000e+00,-2.535896003246307373e-01,-1.000000000000000000e+00,-1.000000000000000000e+00,-1.000000000000000000e+00,-8.336532711982727051e-01,3.897982835769653320e-01,-1.000000000000000000e+00,-1.000000000000000000e+00,-1.000000000000000000e+00,1.187363081077716237e-01,2.908882086657215912e-03,-2.791983904300206817e-03,-1.069035006892181915e-02,-2.299802794326663569e-02,-1.454441043328607956e-02,-5.960724286331181565e-03,2.153808873554587718e-03,1.233489617685485859e-02,-1.163552834662886365e-02,-5.960724286331181565e-03,5.062690960211807534e-03,6.517132003540418092e-03,-1.454441043328607956e-03,-1.614181158963142945e-02,5.062690960211807534e-03,9.426014090197637474e-03,-2.908882086657215912e-03,2.908882086657215912e-03,9.426014090197637474e-03,6.993678302259775936e-04
1.788406404179416656e+09,3.993092477321624756e-02,3.077390789985656738e-01,1.924889832735061646e-01,7.859408259391784668e-01,-1.551660001277923584e-01,4.624682664871215820e-01,7.081146240234375000e-01,2.009151875972747803e-01,-5.921059250831604004e-01,-1.000000000000000000e+00,2.618253789842128754e-02,1.000000000000000000e+00,-1.000000000000000000e+00,1.000000000000000000e+00,-4.581051170825958252e-01,1.000000000000000000e+00,1.000000000000000000e+00,-1.000000000000000000e+00,-1.000000000000000000e+00,-1.000000000000000000e+00,-1.000000000000000000e+00,-1.000000000000000000e+00,-1.000000000000000000e+00,-5.613708496093750000e-01,8.299134373664855957e-01,-1.000000000000000000e+00,-1.000000000000000000e+00,-4.359132349491119385e-01,1.238791652506287672e-01,2.908882086657215912e-03,-2.928660774314158829e-03,3.650767844420958579e-03,-1.386135107325247272e-02,-1.018108730330025656e-02,-2.311960637298840493e-02,1.565380887355458106e-02,2.001713200354041100e-02,-7.272205216643039781e-03,-1.439296011301674505e-02,1.274492678689736168e-02,2.438045513352624094e-02,0.000000000000000000e+00,-2.311960637298840493e-02,9.836044700240142297e-03,1.419936783022597224e-02,-4.363323129985824736e-03,1.454441043328607956e-03,8.381603656911531738e-03,1.274492678689736168e-02
1.788406404229548693e+09,4.505896195769309998e-02,3.038216829299926758e-01,1.921569257974624634e-01,7.807627320289611816e-01,-1.566796898841857910e-01,4.499891698360443115e-01,7.147833108901977539e-01,3.332534730434417725e-01,-9.127365946769714355e-01,-1.000000000000000000e+00,-1.931983530521392822e-01,1.000000000000000000e+00,-1.000000000000000000e+00,1.000000000000000000e+00,8.134415745735168457e-02,1.000000000000000000e+00,1.000000000000000000e+00,-1.000000000000000000e+00,-1.000000000000000000e+00,-1.000000000000000000e+00,-1.000000000000000000e+00,-7.901998162269592285e-01,-1.000000000000000000e+00,-8.141355216503143311e-02,1.000000000000000000e+00,-1.000000000000000000e+00,-1.000000000000000000e+00,4.697693586349487305e-01,1.328791652506287335e-01,0.000000000000000000e+00,-1.610896600999778272e-03,2.090076784442095742e-02,1.127417727337640119e-02,-1.018108730330025656e-02,-1.409854967973064865e-02,1.460939844026852216e-02,2.042716261358296093e-02,-7.272205216643039781e-03,-1.409854967973064865e-02,1.606383948359713099e-02,7.337193223625471106e-03,0.000000000000000000e+00,-2.137075489637369971e-02,1.606383948359713099e-02,1.606383948359713099e-02,1.454441043328607956e-03,0.000000000000000000e+00,1.315495739693991160e-02,1.315495739693991160e-02
1.788406404279508114e+09,4.991598799824714661e-02,3.000261485576629639e-01,1.918246001005172729e-01,7.761877179145812988e-01,-1.587424278259277344e-01,4.363258779048919678e-01,7.227299809455871582e-01,-1.000000000000000000e+00,-1.000000000000000000e+00,-1.000000000000000000e+00,7.070997953414916992e-01,1.000000000000000000e+00,-1.000000000000000000e+00,1.000000000000000000e+00,1.000000000000000000e+00,1.000000000000000000e+00,1.000000000000000000e+00,-1.000000000000000000e+00,-1.000000000000000000e+00,-1.000000000000000000e+00,-1.000000000000000000e+00,-2.134701162576675415e-01,-1.000000000000000000e+00,2.057603895664215088e-01,1.000000000000000000e+00,-1.000000000000000000e+00,-1.000000000000000000e+00,1.000000000000000000e+00,1.418791652506287693e-01,0.000000000000000000e+00,-4.656455557671320897e-03,9.061946977848799739e-03,2.913750040336222577e-02,-1.308996938995747247e-02,8.878096580240968372e-03,2.374607531028273197e-02,1.211054696365385097e-02,-1.308996938995747247e-02,1.178697866689818949e-02,2.083719322362551085e-02,1.356498800698246153e-02,-1.454441043328607956e-03,-1.002963698303093940e-02,1.647387009363968091e-02,1.792831113696829320e-02,1.454441043328607956e-03,0.000000000000000000e+00,1.501942905031107209e-02,1.356498800698246153e-02
1.788406404329987049e+09,5.310073494911193848e-02,2.967005968093872070e-01,1.915166229009628296e-01,7.720435857772827148e-01,-1.613351106643676758e-01,4.220147728919982910e-01,7.322046160697937012e-01,-5.229017138481140137e-01,-9.977937340736389160e-01,-1.000000000000000000e+00,2.434436678886413574e-01,1.000000000000000000e+00,-1.000000000000000000e+00,1.000000000000000000e+00,1.000000000000000000e+00,1.000000000000000000e+00,1.000000000000000000e+00,-1.000000000000000000e+00,-6.504171490669250488e-01,-1.000000000000000000e+00,-1.000000000000000000e+00,8.648189306259155273e-01,-1.000000000000000000e+00,6.239346861839294434e-01,1.000000000000000000e+00,-1.000000000000000000e+00,-1.000000000000000000e+00,1.000000000000000000e+00,1.508791652506288050e-01,-2.908882086657215912e-03,-9.156455557671194789e-03,1.467641863121986988e-02,3.681973623004777818e-02,-1.018108730330025656e-02,1.149256823361211564e-02,1.688390070368218573e-02,2.124722383366801567e-02,-8.726646259971649472e-03,2.603697866689819174e-02,1.252057757369640090e-02,9.611695487039181515e-03,0.000000000000000000e+00,5.674804060297675146e-03,2.270166487699662450e-02,1.542945966035357518e-02,0.000000000000000000e+00,0.000000000000000000e+00,1.833834174701079456e-02,8.157254443710570957e-03
1.788406404381426096e+09,5.467753112316131592e-02,2.931726574897766113e-01,1.911935955286026001e-01,7.682451605796813965e-01,-1.641639769077301025e-01,4.071300327777862549e-01,7.430480718612670898e-01,1.000000000000000000e+00,1.392485946416854858e-01,-1.000000000000000000e+00,-1.335008740425109863e-01,3.886093497276306152e-01,-1.000000000000000000e+00,1.000000000000000000e+00,1.000000000000000000e+00,1.000000000000000000e+00,1.000000000000000000e+00,-1.000000000000000000e+00,-2.684225738048553467e-01,-1.000000000000000000e+00,-1.000000000000000000e+00,1.000000000000000000e+00,-1.000000000000000000e+00,7.957208156585693359e-01,1.000000000000000000e+00,-1.000000000000000000e+00,-1.000000000000000000e+00,1.000000000000000000e+00,1.598791652506287853e-01,0.000000000000000000e+00,-6.384250341028112168e-03,1.301868506794798264e-02,2.704867953679003512e-02,-1.454441043328607956e-02,9.743716756997408690e-03,1.293060818373895082e-02,2.165725444371061070e-02,-8.726646259971649472e-03,5.380393627011578750e-03,1.438504922706756138e-02,1.147616714041034200e-02,-1.454441043328607956e-03,2.283368614695487769e-02,1.729393131372478076e-02,1.874837235705339306e-02,4.363323129985824736e-03,-2.908882086657215912e-03,1.438504922706756138e-02,2.747501861702505294e-02
1.788406404432133436e+09,5.464638397097587585e-02,2.891522347927093506e-01,1.906189173460006714e-01,7.647370100021362305e-01,-1.671698540449142456e-01,3.920445740222930908e-01,7.552005648612976074e-01,-1.000000000000000000e+00,-1.000000000000000000e+00,-1.000000000000000000e+00,8.108060359954833984e-01,1.000000000000000000e+00,-1.000000000000000000e+00,1.000000000000000000e+00,1.000000000000000000e+00,1.000000000000000000e+00,1.000000000000000000e+00,-1.000000000000000000e+00,-1.818677335977554321e-01,-1.000000000000000000e+00,-1.000000000000000000e+00,7.844751477241516113e-01,-1.000000000000000000e+00,1.000000000000000000e+00,1.000000000000000000e+00,-1.000000000000000000e+00,-1.000000000000000000e+00,1.000000000000000000e+00,1.688791652506287377e-01,0.000000000000000000e+00,8.023483222243665836e-03,1.863315672131909961e-02,1.291429971354648640e-02,-1.308996938995747247e-02,1.381262945369716652e-02,2.206728505375311553e-02,1.770396192376728559e-02,-8.726646259971649472e-03,1.817595258368297217e-02,2.206728505375311553e-02,1.188619775045284509e-02,0.000000000000000000e+00,1.817595258368297217e-02,2.497616714041033664e-02,1.479507983711006447e-02,4.363323129985824736e-03,0.000000000000000000e+00,1.770396192376728559e-02,1.479507983711006447e-02
1.788406404481760740e+09,5.335049703717231750e-02,2.849908769130706787e-01,1.900195628404617310e-01,7.612945437431335449e-01,-1.701235771179199219e-01,3.771179020404815674e-01,7.684445381164550781e-01,7.094773054122924805e-01,-1.000000000000000000e+00,-1.000000000000000000e+00,-8.145129084587097168e-01,-1.000000000000000000e+00,-1.000000000000000000e+00,1.000000000000000000e+00,1.000000000000000000e+00,1.000000000000000000e+00,1.000000000000000000e+00,-1.000000000000000000e+00,2.224335223436355591e-01,-1.000000000000000000e+00,-1.000000000000000000e+00,1.000000000000000000e+00,-1.000000000000000000e+00,1.000000000000000000e+00,1.000000000000000000e+00,-1.000000000000000000e+00,-1.000000000000000000e+00,1.000000000000000000e+00,1.778791652506287735e-01,1.454441043328607956e-03,2.069042178915089011e-03,1.552098211471858100e-02,3.659538701684672546e-02,-1.454441043328607956e-02,1.060933693375384901e-02,7.932905230509565073e-03,1.956843357713844433e-02,-7.272205216643039781e-03,1.060933693375384901e-02,2.393175670712422917e-02,1.520511044715261439e-02,0.000000000000000000e+00,2.079042423705409690e-02,1.665955149048122669e-02,1.811399253380983551e-02,1.454441043328607956e-03,-2.908882086657215912e-03,1.811399253380983551e-02,2.102287462046705663e-02
1.788406404529737949e+09,5.121256038546562195e-02,2.808334827423095703e-01,1.896305382251739502e-01,7.580654621124267578e-01,-1.726200729608535767e-01,3.628353178501129150e-01,7.829732894897460938e-01,-1.000000000000000000e+00,-1.000000000000000000e+00,-2.661332190036773682e-01,1.000000000000000000e+00,3.516051173210144043e-01,-1.000000000000000000e+00,1.000000000000000000e+00,1.000000000000000000e+00,1.000000000000000000e+00,1.000000000000000000e+00,-1.000000000000000000e+00,2.028903737664222717e-02,-1.000000000000000000e+00,-1.000000000000000000e+00,6.914247274398803711e-01,-1.000000000000000000e+00,1.000000000000000000e+00,1.000000000000000000e+00,-1.000000000000000000e+00,-1.000000000000000000e+00,1.000000000000000000e+00,1.868791652506288092e-01,1.454441043328607956e-03,-9.765167777562682155e-04,1.822657168143250114e-02,2.100656615027456792e-02,-1.454441043328607956e-02,1.758713171711077938e-02,1.852402314385238544e-02,2.143290523050960655e-02,-1.163552834662886365e-02,1.904157276043939168e-02,2.288734627383821538e-02,1.270625897053794494e-02,0.000000000000000000e+00,2.195045484709660932e-02,2.725066940382404532e-02,1.416070001386655550e-02,4.363323129985824736e-03,-1.454441043328607956e-03,1.852402314385238544e-02,2.288734627383821538e-02
1.788406404579825163e+09,4.908415302634239197e-02,2.768519222736358643e-01,1.896543055772781372e-01,7.552890777587890625e-01,-1.743257492780685425e-01,3.495736718177795410e-01,7.986912131309509277e-01,9.713025093078613281e-01,-1.000000000000000000e+00,-4.889549612998962402e-01,-8.565683364868164062e-01,-8.765592575073242188e-01,2.777344584465026855e-01,1.000000000000000000e+00,-1.104011088609695435e-01,1.000000000000000000e+00,1.000000000000000000e+00,-1.000000000000000000e+00,7.906495332717895508e-01,-1.000000000000000000e+00,-1.000000000000000000e+00,1.000000000000000000e+00,-1.000000000000000000e+00,1.000000000000000000e+00,1.000000000000000000e+00,-1.000000000000000000e+00,-1.000000000000000000e+00,1.000000000000000000e+00,1.958791652506287895e-01,0.000000000000000000e+00,-6.930957821085030439e-03,1.365995603150341707e-02,2.723436093363153232e-02,-1.454441043328607956e-02,1.002051606718165622e-02,2.935202277280224425e-03,2.038849479722349908e-02,-8.726646259971649472e-03,7.111633980524436835e-03,2.475181792720932902e-02,1.311628958058049486e-02,0.000000000000000000e+00,1.874716232715331610e-02,1.893405375389489026e-02,1.747961271056627797e-02,4.363323129985824736e-03,0.000000000000000000e+00,1.602517166723766914e-02,8.752966450594664924e-03
1.788406404629962206e+09,4.753624275326728821e-02,2.733766436576843262e-01,1.900270879268646240e-01,7.533176541328430176e-01,-1.752338707447052002e-01,3.376976847648620605e-01,8.155524134635925293e-01,-1.000000000000000000e+00,-1.000000000000000000e+00,1.423318386077880859e-01,1.000000000000000000e+00,6.053891181945800781e-01,-1.000000000000000000e+00,1.000000000000000000e+00,1.000000000000000000e+00,1.000000000000000000e+00,1.000000000000000000e+00,-1.000000000000000000e+00,-2.249063104391098022e-01,-1.000000000000000000e+00,-1.000000000000000000e+00,4.308638870716094971e-01,-1.000000000000000000e+00,1.000000000000000000e+00,1.000000000000000000e+00,-1.000000000000000000e+00,-1.000000000000000000e+00,1.000000000000000000e+00,2.048791652506287697e-01,-2.908882086657215912e-03,-1.143095782108490520e-02,2.509219185818899883e-02,2.328106841368827659e-02,-1.454441043328607956e-02,1.554386980721004716e-02,2.516184853725192405e-02,1.207187914729443423e-02,-8.726646259971649472e-03,1.845275189386726827e-02,2.225296645059470640e-02,1.207187914729443423e-02,0.000000000000000000e+00,1.990719293719587710e-02,1.643520227728026417e-02,1.352632019062304479e-02,1.454441043328607956e-03,-1.454441043328607956e-03,1.788964332060887646e-02,7.708556017308604291e-03
1.788406404679965973e+09,4.489865899085998535e-02,2.705199122428894043e-01,1.907728314399719238e-01,7.515561580657958984e-01,-1.754654496908187866e-01,3.272531628608703613e-01,8.334599137306213379e-01,-3.900002539157867432e-01,-1.000000000000000000e+00,-1.000000000000000000e+00,-1.000000000000000000e+00,-3.143857419490814209e-01,-5.021424293518066406e-01,1.000000000000000000e+00,5.460985302925109863e-01,1.000000000000000000e+00,1.000000000000000000e+00,-1.000000000000000000e+00,-2.278364449739456177e-01,-1.000000000000000000e+00,-1.000000000000000000e+00,3.352048397064208984e-01,-1.000000000000000000e+00,1.000000000000000000e+00,1.000000000000000000e+00,-1.000000000000000000e+00,-1.000000000000000000e+00,1.000000000000000000e+00,2.138791652506287222e-01,0.000000000000000000e+00,-7.204311561113304826e-03,1.034448890495959748e-02,4.550771467365993111e-02,-1.454441043328607956e-02,1.670390041725260816e-02,9.573027670679717938e-03,2.120855601730859893e-02,-8.726646259971649472e-03,6.522813113952335984e-03,1.829967393065137782e-02,1.393635080066554788e-02,0.000000000000000000e+00,1.670390041725260816e-02,1.829967393065137782e-02,1.393635080066554788e-02,4.363323129985824736e-03,0.000000000000000000e+00,1.393635080066554788e-02,9.573027670679717938e-03
1.788406404730277061e+09,4.017774388194084167e-02,2.680942118167877197e-01,1.924720108509063721e-01,7.494170665740966797e-01,-1.747774332761764526e-01,3.175472617149353027e-01,8.520272970199584961e-01,-5.028404593467712402e-01,-1.000000000000000000e+00,-5.260359644889831543e-01,-5.196207165718078613e-01,5.070294141769409180e-01,-1.000000000000000000e+00,1.000000000000000000e+00,5.142301917076110840e-01,1.000000000000000000e+00,1.000000000000000000e+00,-1.000000000000000000e+00,-8.199430704116821289e-01,-1.000000000000000000e+00,-1.000000000000000000e+00,-7.021164894104003906e-01,-1.000000000000000000e+00,1.000000000000000000e+00,1.000000000000000000e+00,-1.000000000000000000e+00,-1.000000000000000000e+00,1.000000000000000000e+00,2.228791652506288412e-01,1.454441043328607956e-03,5.748980958829956293e-03,1.741340160165939441e-02,2.555557067710194016e-02,-1.163552834662886365e-02,1.640948998396651176e-02,2.307302767067971258e-02,2.016414558402254004e-02,-1.018108730330025656e-02,4.773961637337675867e-03,1.870970454069392774e-02,1.434638141070809780e-02,1.454441043328607956e-03,1.786393102729512058e-02,1.725526349736531892e-02,1.289194036737948898e-02,2.908882086657215912e-03,0.000000000000000000e+00,1.580082245403671010e-02,1.434638141070809780e-02
1.788406404780548573e+09,3.337349370121955872e-02,2.659713923931121826e-01,1.952839046716690063e-01,7.470640540122985840e-01,-1.731402724981307983e-01,3.081784248352050781e-01,8.711664080619812012e-01,-9.240375161170959473e-01,-1.000000000000000000e+00,-1.000000000000000000e+00,-8.130013942718505859e-01,1.794787198305130005e-01,-1.000000000000000000e+00,1.000000000000000000e+00,1.000000000000000000e+00,5.894483327865600586e-01,1.000000000000000000e+00,-1.000000000000000000e+00,-1.000000000000000000e+00,-1.000000000000000000e+00,-1.000000000000000000e+00,-1.000000000000000000e+00,-1.000000000000000000e+00,3.520632088184356689e-01,1.000000000000000000e+00,-1.000000000000000000e+00,-1.000000000000000000e+00,9.207432866096496582e-01,2.289477716166331001e-01,0.000000000000000000e+00,1.248980958830081534e-03,9.937903865073056259e-03,3.905557067710198338e-02,-1.163552834662886365e-02,8.842874334037409412e-03,2.057417619406508996e-02,1.621085306407926002e-02,-7.272205216643039781e-03,2.338728476732346295e-02,1.621085306407926002e-02,1.475641202075064773e-02,0.000000000000000000e+00,1.902396163733768158e-02,1.766529410740786885e-02,1.475641202075064773e-02,1.454441043328607956e-03,0.000000000000000000e+00,1.911973515073647767e-02,2.493749932405091990e-02
1.788406404830583572e+09,2.508110366761684418e-02,2.642489075660705566e-01,1.989979147911071777e-01,7.449342012405395508e-01,-1.707950234413146973e-01,2.990503609180450439e-01,8.909031152725219727e-01,7.200105786323547363e-01,-1.000000000000000000e+00,6.559777259826660156e-01,1.836998164653778076e-01,6.940882205963134766e-01,-1.000000000000000000e+00,1.000000000000000000e+00,-4.370483160018920898e-01,1.342511624097824097e-01,1.000000000000000000e+00,-1.000000000000000000e+00,-1.000000000000000000e+00,-8.413859605789184570e-01,-1.000000000000000000e+00,-1.000000000000000000e+00,-1.000000000000000000e+00,1.002828404307365417e-01,1.000000000000000000e+00,-1.000000000000000000e+00,-1.000000000000000000e+00,2.881091237068176270e-01,2.340906287594902158e-01,-1.454441043328607956e-03,-1.796577997841275476e-03,1.846125760510140476e-02,2.346674981052981890e-02,-1.308996938995747247e-02,-1.020239586378206796e-02,2.680197097742203355e-02,1.080311950080736771e-02,-8.726646259971649472e-03,-4.384631690467627463e-03,1.371200158746458883e-02,1.080311950080736771e-02,0.000000000000000000e+00,-1.475749603810407647e-03,2.243864784743620361e-02,1.225756054413597827e-02,4.363323129985824736e-03,-2.908882086657215912e-03,1.662088367412176138e-02,2.389308889076481243e-02
1.788406404880907774e+09,1.704437471926212311e-02,2.634917199611663818e-01,2.035328745841979980e-01,7.443659901618957520e-01,-1.680194735527038574e-01,2.899322807788848877e-01,9.113686680793762207e-01,5.726934671401977539e-01,-1.000000000000000000e+00,1.000000000000000000e+00,-2.774525880813598633e-01,1.000000000000000000e+00,2.017732411623001099e-01,-5.779712200164794922e-01,-1.000000000000000000e+00,-1.000000000000000000e+00,1.000000000000000000e+00,-1.000000000000000000e+00,-1.000000000000000000e+00,8.720909953117370605e-01,-1.000000000000000000e+00,-1.000000000000000000e+00,-1.000000000000000000e+00,5.524695664644241333e-02,-1.390637308359146118e-01,2.109092175960540771e-01,-1.000000000000000000e+00,-1.000000000000000000e+00,2.250906287594902355e-01,-4.363323129985824736e-03,-3.387695911184115168e-03,1.680352404182954701e-02,1.951345729058653888e-02,-1.454441043328607956e-02,-9.907985430496018403e-03,2.139423741415014124e-02,1.703091428416431130e-02,-1.454441043328607956e-02,-2.154351377712489940e-02,2.139423741415014124e-02,1.266759115417848136e-02,-2.908882086657215912e-03,-1.863463169046767828e-02,1.557647324083570248e-02,1.121315011084987254e-02,4.363323129985824736e-03,0.000000000000000000e+00,1.703091428416431130e-02,1.412203219750709192e-02
1.788406404930773973e+09,1.027982681989669800e-02,2.638520598411560059e-01,2.086638212203979492e-01,7.462888360023498535e-01,-1.649112701416015625e-01,2.811702191829681396e-01,9.322923421859741211e-01,-4.208534061908721924e-01,-1.000000000000000000e+00,1.000000000000000000e+00,1.000000000000000000e+00,-2.623195350170135498e-01,1.000000000000000000e+00,-1.000000000000000000e+00,-1.000000000000000000e+00,-1.000000000000000000e+00,1.000000000000000000e+00,-1.000000000000000000e+00,-1.000000000000000000e+00,1.000000000000000000e+00,-1.000000000000000000e+00,-1.000000000000000000e+00,-1.000000000000000000e+00,8.089046925306320190e-02,-1.000000000000000000e+00,4.823877811431884766e-01,-1.000000000000000000e+00,-1.000000000000000000e+00,2.160906287594902830e-01,-5.817764173314431825e-03,-3.421369545127580505e-04,-1.789976847811379501e-02,7.467898333915109696e-03,-1.454441043328607956e-02,-1.397689812719579705e-02,-1.392237823577900310e-02,-2.286849889150122106e-03,-1.163552834662886365e-02,-9.613574997209967110e-03,-9.559055105793173163e-03,-8.104614062464562604e-03,-1.454441043328607956e-03,-1.979466230051019071e-02,6.439796370821537774e-03,2.076473240835707834e-03,1.454441043328607956e-03,-2.908882086657215912e-03,-1.246793719245039254e-02,-8.324088458215121982e-04
1.788406404980762959e+09,5.126994568854570389e-03,2.649769783020019531e-01,2.140391170978546143e-01,7.505047321319580078e-01,-1.614920198917388916e-01,2.732955813407897949e-01,9.529378414154052734e-01,1.000000000000000000e+00,-1.000000000000000000e+00,1.000000000000000000e+00,2.105063758790493011e-02,1.205605491995811462e-01,1.000000000000000000e+00,-1.000000000000000000e+00,-1.000000000000000000e+00,-3.937835395336151123e-01,1.000000000000000000e+00,-1.000000000000000000e+00,-6.976637244224548340e-01,1.000000000000000000e+00,-1.000000000000000000e+00,-1.000000000000000000e+00,-1.000000000000000000e+00,6.278258562088012695e-01,5.210279226303100586e-01,-4.448023140430450439e-01,-1.000000000000000000e+00,-3.711233437061309814e-01,2.238049144737759566e-01,-5.817764173314431825e-03,4.157863045487301783e-03,-1.187871178485606048e-02,-3.123219579427664698e-03,-1.454441043328607956e-02,-1.222804665058109183e-02,-1.433240884582150619e-02,-2.451349614912177663e-02,-1.163552834662886365e-02,-7.864723520595261891e-03,-1.578684988915011675e-02,-1.869573197580733787e-02,-1.454441043328607956e-03,-2.531801604053858165e-02,-1.142352675916428681e-02,-1.724129093247872557e-02,4.363323129985824736e-03,0.000000000000000000e+00,-1.869573197580733787e-02,-1.287796780249289563e-02
1.788406405031123638e+09,1.635444816201925278e-03,2.670406401157379150e-01,2.190397828817367554e-01,7.569705247879028320e-01,-1.583106964826583862e-01,2.669340670108795166e-01,9.717704057693481445e-01,-7.512481212615966797e-01,-1.000000000000000000e+00,1.000000000000000000e+00,1.000000000000000000e+00,1.000000000000000000e+00,1.000000000000000000e+00,-8.281095027923583984e-01,-1.000000000000000000e+00,7.550641298294067383e-01,1.000000000000000000e+00,-1.000000000000000000e+00,-1.000000000000000000e+00,1.000000000000000000e+00,-1.000000000000000000e+00,-1.000000000000000000e+00,-1.000000000000000000e+00,5.678650140762329102e-01,-3.069029450416564941e-01,-6.205044984817504883e-01,-1.000000000000000000e+00,-1.000000000000000000e+00,2.212334859023474265e-01,-5.817764173314431825e-03,8.657863045487176543e-03,1.555237551844418364e-02,7.467898333915109696e-03,-1.018108730330025656e-02,4.930835436076133269e-03,1.225756054413597827e-02,4.985355327492928083e-03,-8.726646259971649472e-03,2.021953349418913019e-03,-2.286849889150122106e-03,9.348678457478758891e-03,0.000000000000000000e+00,3.476394392747522710e-03,9.348678457478758891e-03,4.985355327492928083e-03,1.454441043328607956e-03,-2.908882086657215912e-03,9.348678457478758891e-03,-8.324088458215121982e-04
1.788406405080908775e+09,-1.948222052305936813e-04,2.698698937892913818e-01,2.229312658309936523e-01,7.652818560600280762e-01,-1.559118330478668213e-01,2.624855339527130127e-01,9.877459406852722168e-01,9.693404436111450195e-01,-7.491223812103271484e-01,2.511860132217407227e-01,1.000000000000000000e+00,2.307359427213668823e-01,1.000000000000000000e+00,-2.560842037200927734e-01,-1.000000000000000000e+00,-1.000000000000000000e+00,1.000000000000000000e+00,-1.000000000000000000e+00,-1.000000000000000000e+00,1.000000000000000000e+00,-1.000000000000000000e+00,-1.000000000000000000e+00,-1.000000000000000000e+00,5.059956908226013184e-01,5.593877434730529785e-01,-1.000000000000000000e+00,-1.000000000000000000e+00,-8.365202546119689941e-01,2.160906287594901443e-01,-4.363323129985824736e-03,1.315786304548723605e-02,1.680352404182954701e-02,2.533122146390098112e-02,-1.454441043328607956e-02,2.208971752273335837e-02,-8.514644672507065692e-03,-5.605762585849846311e-03,-8.726646259971649472e-03,2.499859960939057602e-02,-9.969085715835676251e-03,-2.696880499192626061e-03,-1.454441043328607956e-03,1.481751230609030731e-02,-5.605762585849846311e-03,-5.605762585849846311e-03,1.454441043328607956e-03,0.000000000000000000e+00,-7.060203629178456002e-03,-1.433240884582150619e-02
1.788406405131126881e+09,-1.597677823156118393e-03,2.724439203739166260e-01,2.254887819290161133e-01,7.733420729637145996e-01,-1.542197316884994507e-01,2.601276934146881104e-01,9.994348883628845215e-01,-9.177495241165161133e-01,-1.000000000000000000e+00,-1.000000000000000000e+00,-2.132705301046371460e-01,-3.659348189830780029e-01,1.000000000000000000e+00,5.253520607948303223e-01,-1.000000000000000000e+00,-4.266180098056793213e-01,1.000000000000000000e+00,-1.000000000000000000e+00,-6.493958830833435059e-01,3.251411616802215576e-01,-1.000000000000000000e+00,-4.964825138449668884e-02,-1.000000000000000000e+00,9.436433315277099609e-01,1.000000000000000000e+00,-1.000000000000000000e+00,-8.337055146694183350e-02,8.993321657180786133e-01,2.238049144737759844e-01,-2.908882086657215912e-03,1.620342200215877868e-02,-1.208200430479936666e-02,1.650134160600669198e-03,-1.308996938995747247e-02,1.433132482846812602e-03,-1.910576258584988779e-02,-1.183355736920688184e-02,-8.726646259971649472e-03,7.250896656161252667e-03,-2.637796780249293538e-02,-2.492352675916432656e-02,-1.454441043328607956e-03,2.761307126276174584e-02,-2.201464467250710544e-02,-2.056020362917849661e-02,2.908882086657215912e-03,0.000000000000000000e+00,-1.910576258584988779e-02,-1.619688049919266667e-02
1.788406405181736946e+09,-4.084419459104537964e-03,2.744128704071044922e-01,2.260045111179351807e-01,7.794256210327148438e-01,-1.538644731044769287e-01,2.600375711917877197e-01,1.006208300590515137e+00,1.202649548649787903e-01,-8.878709077835083008e-01,-1.000000000000000000e+00,1.000000000000000000e+00,7.031074166297912598e-01,-2.524709999561309814e-01,1.000000000000000000e+00,-4.768195450305938721e-01,-6.995654106140136719e-01,1.000000000000000000e+00,-1.000000000000000000e+00,-3.909299671649932861e-01,-1.000000000000000000e+00,-1.000000000000000000e+00,5.627761483192443848e-01,-1.000000000000000000e+00,8.696705102920532227e-01,1.000000000000000000e+00,-1.000000000000000000e+00,-4.386743307113647461e-01,1.000000000000000000e+00,2.302334859023473790e-01,-1.454441043328607956e-03,1.488565782884421207e-02,9.531318825186502891e-03,2.533122146390098112e-02,-1.018108730330025656e-02,9.865368309532376520e-03,7.484206804107598407e-03,-5.605762585849846311e-03,-8.726646259971649472e-03,8.410927266203765962e-03,6.029765760778987849e-03,2.120015874645941878e-04,0.000000000000000000e+00,1.568313248284681702e-02,-8.514644672507065692e-03,6.029765760778987849e-03,2.908882086657215912e-03,-1.454441043328607956e-03,8.938647847436208965e-03,3.120883674121768033e-03
1.788406405235172033e+09,-6.548391655087471008e-03,2.750489413738250732e-01,2.239309996366500854e-01,7.841406464576721191e-01,-1.554081290960311890e-01,2.608002424240112305e-01,1.009197711944580078e+00,2.026353925466537476e-01,2.924129366874694824e-01,5.463557243347167969e-01,-2.016260027885437012e-01,1.000000000000000000e+00,-5.742117762565612793e-02,1.000000000000000000e+00,-1.000000000000000000e+00,1.000000000000000000e+00,1.000000000000000000e+00,-1.000000000000000000e+00,-2.318996638059616089e-01,-1.000000000000000000e+00,-1.000000000000000000e+00,-1.023027896881103516e-01,-1.000000000000000000e+00,1.000000000000000000e+00,1.000000000000000000e+00,-1.000000000000000000e+00,-1.000000000000000000e+00,1.000000000000000000e+00,2.379477716166330803e-01,-1.454441043328607956e-03,1.329453991550155756e-02,-1.062756326147075610e-02,1.183122146390093964e-02,-1.163552834662886365e-02,2.556980935286098933e-02,9.348678457478758891e-03,1.371200158746458883e-02,-8.726646259971649472e-03,1.538872204956072062e-02,1.952976576077898249e-02,2.534752993409342126e-02,0.000000000000000000e+00,2.120648622287515939e-02,6.439796370821537774e-03,1.516644263079315255e-02,2.908882086657215912e-03,0.000000000000000000e+00,9.348678457478758891e-03,1.807532471745037367e-02
1.788406405282863379e+09,-7.478297688066959381e-03,2.750939428806304932e-01,2.202039062976837158e-01,7.893180847167968750e-01,-1.583913117647171021e-01,2.613961696624755859e-01,1.008747100830078125e+00,-1.714251004159450531e-02,-1.000000000000000000e+00,1.000000000000000000e+00,7.887015938758850098e-01,7.834256887435913086e-01,7.875906229019165039e-01,1.000000000000000000e+00,-1.000000000000000000e+00,-4.743221998214721680e-01,1.000000000000000000e+00,-1.000000000000000000e+00,-3.758936822414398193e-01,-1.000000000000000000e+00,-1.000000000000000000e+00,-9.144772887229919434e-01,-1.000000000000000000e+00,1.000000000000000000e+00,1.000000000000000000e+00,-1.000000000000000000e+00,-1.000000000000000000e+00,6.513690948486328125e-01,2.456620573309188926e-01,-2.908882086657215912e-03,1.488565782884421207e-02,1.098575986851511171e-02,2.824010355055819876e-02,-1.454441043328607956e-02,1.363987057294606051e-02,2.284867845747875353e-02,1.703091428416431130e-02,-8.726646259971649472e-03,1.218542952961744995e-02,1.703091428416431130e-02,9.758709067521261979e-03,0.000000000000000000e+00,1.363987057294606051e-02,1.703091428416431130e-02,1.121315011084987254e-02,4.363323129985824736e-03,0.000000000000000000e+00,1.848535532749292359e-02,1.993979637082153242e-02
1.788406405333560228e+09,-7.616075687110424042e-03,2.761739194393157959e-01,2.167991697788238525e-01,7.954787015914916992e-01,-1.614721417427062988e-01,2.620761096477508545e-01,1.005531072616577148e+00,-5.285431146621704102e-01,-1.000000000000000000e+00,5.612426400184631348e-01,4.060269147157669067e-02,2.423336654901504517e-01,4.453330039978027344e-01,1.000000000000000000e+00,-1.000000000000000000e+00,-1.000000000000000000e+00,1.000000000000000000e+00,-1.000000000000000000e+00,-8.752219080924987793e-01,-7.276643514633178711e-01,-1.000000000000000000e+00,-1.000000000000000000e+00,-1.000000000000000000e+00,1.000000000000000000e+00,1.000000000000000000e+00,-8.680402040481567383e-01,-1.000000000000000000e+00,-9.484850615262985229e-02,2.508049144737760083e-01,-2.908882086657215912e-03,9.204570525543909199e-03,2.532687778185789551e-02,4.174010355055819688e-02,-1.308996938995747247e-02,3.164372836359693238e-03,1.598650385087829751e-02,5.805416547578027935e-03,-8.726646259971649472e-03,1.189101909633135355e-02,1.453206280754968868e-02,1.453206280754968868e-02,0.000000000000000000e+00,1.625434222631718523e-02,2.325870906752134856e-02,1.162318072089246757e-02,2.908882086657215912e-03,-2.908882086657215912e-03,1.598650385087829751e-02,2.471315011084995739e-02
1.788406405384611368e+09,-7.015652488917112350e-03,2.783926725387573242e-01,2.144268453121185303e-01,8.023734688758850098e-01,-1.638030707836151123e-01,2.633779346942901611e-01,1.000075221061706543e+00,4.489594101905822754e-01,-1.000000000000000000e+00,3.760627508163452148e-01,7.580423951148986816e-01,3.292539119720458984e-01,4.648738801479339600e-01,1.000000000000000000e+00,-1.000000000000000000e+00,-1.454668492078781128e-01,1.000000000000000000e+00,-1.000000000000000000e+00,-8.374824523925781250e-01,-3.040170073509216309e-01,-1.000000000000000000e+00,-1.000000000000000000e+00,-1.000000000000000000e+00,1.000000000000000000e+00,9.028652906417846680e-01,-6.930282115936279297e-01,-1.000000000000000000e+00,-2.996140420436859131e-01,2.585192001880617374e-01,-2.908882086657215912e-03,1.079568843888674932e-02,-1.810306099805704741e-02,1.224125207394353640e-02,-1.163552834662886365e-02,2.177769596634552760e-02,2.366873967756385339e-02,6.215447157620531890e-03,-7.272205216643039781e-03,1.741437283635969765e-02,1.348765237426358121e-02,1.203321133093497239e-02,0.000000000000000000e+00,1.450549074970252338e-02,2.075985759090663227e-02,1.057877028760636183e-02,2.908882086657215912e-03,-2.908882086657215912e-03,1.930541654757802345e-02,1.930541654757802345e-02
1.788406405435971260e+09,-5.258893128484487534e-03,2.808261811733245850e-01,2.126394659280776978e-01,8.087257146835327148e-01,-1.651511788368225098e-01,2.659898102283477783e-01,9.916536808013916016e-01,2.992906607687473297e-02,-1.000000000000000000e+00,-4.877992570400238037e-01,3.118399344384670258e-02,-4.501100778579711914e-01,-2.895621359348297119e-01,7.667247653007507324e-01,-1.000000000000000000e+00,-1.000000000000000000e+00,1.000000000000000000e+00,-1.000000000000000000e+00,-1.000000000000000000e+00,3.334517478942871094e-01,-1.000000000000000000e+00,-1.000000000000000000e+00,-1.000000000000000000e+00,7.876478433609008789e-01,-2.130420133471488953e-02,-3.872224092483520508e-01,-1.000000000000000000e+00,-1.000000000000000000e+00,2.515437886133063405e-01,-5.817764173314431825e-03,1.529568843888662322e-02,1.223690839190042304e-02,2.428681103061491875e-02,-1.163552834662886365e-02,6.938875099773422761e-03,2.553321133093496703e-02,9.534359854320348035e-03,-8.726646259971649472e-03,8.393316143102033319e-03,2.116988820094913709e-02,1.389768298430617798e-02,1.454441043328607956e-03,1.421108031641647382e-02,1.826100611429191597e-02,1.389768298430617798e-02,4.363323129985824736e-03,0.000000000000000000e+00,1.680656507096339736e-02,2.262432924427774592e-02
1.788406405484021902e+09,-2.569382311776280403e-03,2.820276618003845215e-01,2.113450169563293457e-01,8.127904534339904785e-01,-1.649659276008605957e-01,2.701498270034790039e-01,9.798285961151123047e-01,4.917187392711639404e-01,-1.000000000000000000e+00,-8.233350515365600586e-01,1.554152369499206543e-01,7.517189532518386841e-02,-9.741489291191101074e-01,-2.652173042297363281e-01,-1.000000000000000000e+00,-1.000000000000000000e+00,1.000000000000000000e+00,-1.000000000000000000e+00,-1.000000000000000000e+00,1.000000000000000000e+00,-1.000000000000000000e+00,-1.000000000000000000e+00,-1.000000000000000000e+00,5.429306030273437500e-01,-4.962290525436401367e-01,-7.530321180820465088e-02,-1.000000000000000000e+00,-1.000000000000000000e+00,2.425437886133063048e-01,-8.726646259971649472e-03,2.852233469885834261e-02,-9.376414738085399672e-03,6.423487900629095901e-03,-1.018108730330025656e-02,-5.441635370321227898e-03,-1.560116849230852587e-02,-3.965640145679646608e-03,-8.726646259971649472e-03,3.285010889650386012e-03,-3.965640145679646608e-03,-2.511199102351036050e-03,-1.454441043328607956e-03,9.102775062964826511e-03,7.669888200949141581e-03,-6.874522232336865990e-03,1.454441043328607956e-03,0.000000000000000000e+00,-1.269228640565130649e-02,-2.511199102351036050e-03
1.788406405532299757e+09,-1.573809422552585602e-04,2.814864814281463623e-01,2.106777131557464600e-01,8.141301870346069336e-01,-1.629218757152557373e-01,2.758688926696777344e-01,9.659869670867919922e-01,-4.272527992725372314e-01,-1.000000000000000000e+00,-4.340043365955352783e-01,3.125353753566741943e-01,-2.986646294593811035e-01,-4.784561097621917725e-01,-1.000000000000000000e+00,-1.000000000000000000e+00,-1.000000000000000000e+00,1.000000000000000000e+00,-1.000000000000000000e+00,-1.000000000000000000e+00,1.000000000000000000e+00,-1.000000000000000000e+00,-1.000000000000000000e+00,-1.000000000000000000e+00,4.787691533565521240e-01,-3.302363753318786621e-01,7.430861890316009521e-02,-1.000000000000000000e+00,-1.000000000000000000e+00,2.335437886133062135e-01,-5.817764173314431825e-03,2.138680635222952459e-02,-1.789976847811379501e-02,-9.985394186028164962e-03,-1.308996938995747247e-02,-6.601665980363788030e-03,-1.601119910235103069e-02,-2.764672744897991169e-02,-1.163552834662886365e-02,-8.056107023692398589e-03,-1.746564014567963952e-02,-2.473784536232269057e-02,-1.454441043328607956e-03,-6.601665980363788030e-03,-1.164787597236520075e-02,-2.037452223233686063e-02,1.454441043328607956e-03,0.000000000000000000e+00,-2.182896327566546946e-02,-1.164787597236520075e-02
1.788406405581894398e+09,2.254620427265763283e-03,2.800341844558715820e-01,2.104763835668563843e-01,8.138430714607238770e-01,-1.592682301998138428e-01,2.832601070404052734e-01,9.514129161834716797e-01,1.000000000000000000e+00,-1.000000000000000000e+00,1.612163335084915161e-01,7.301743626594543457e-01,-5.488894134759902954e-02,2.468898445367813110e-01,-6.772210597991943359e-01,-1.000000000000000000e+00,-1.000000000000000000e+00,1.000000000000000000e+00,-1.000000000000000000e+00,-6.415646672248840332e-01,1.000000000000000000e+00,-1.000000000000000000e+00,-1.000000000000000000e+00,-1.000000000000000000e+00,7.343702316284179688e-01,-1.279280483722686768e-01,3.955183923244476318e-02,-1.000000000000000000e+00,-1.000000000000000000e+00,2.284009314704491533e-01,-2.908882086657215912e-03,6.979072788957560100e-03,-1.042427074152746207e-02,-1.184986583939932545e-02,-1.018108730330025656e-02,-1.648834285037796207e-02,-1.642122971239371940e-02,-1.787567075572232822e-02,-8.726646259971649472e-03,-2.085166598036379201e-02,-4.785701365764838400e-03,-4.785701365764838400e-03,0.000000000000000000e+00,-1.794278389370657090e-02,-1.933011179905094051e-02,-1.496678866906510884e-02,2.908882086657215912e-03,0.000000000000000000e+00,-1.205790658240788946e-02,-1.205790658240788946e-02
1.788406405635539770e+09,6.749955937266349792e-03,2.787621319293975830e-01,2.102972120046615601e-01,8.132365345954895020e-01,-1.550697982311248779e-01,2.914522886276245117e-01,9.359506964683532715e-01,6.290655136108398438e-01,-1.000000000000000000e+00,-1.057695671916007996e-01,8.897361904382705688e-02,8.946775794029235840e-01,6.120501756668090820e-01,2.974362671375274658e-02,-1.000000000000000000e+00,2.331518381834030151e-01,1.000000000000000000e+00,-1.000000000000000000e+00,-7.632218599319458008e-01,1.000000000000000000e+00,-1.000000000000000000e+00,-1.000000000000000000e+00,-1.000000000000000000e+00,1.000000000000000000e+00,2.734503448009490967e-01,-7.310211658477783203e-02,-1.000000000000000000e+00,-7.318958640098571777e-01,2.258295028990205677e-01,-2.908882086657215912e-03,1.147907278895761961e-02,-1.458430135156998063e-02,-2.534986583939936519e-02,-1.163552834662886365e-02,5.033862366265092966e-03,-2.119458345242205416e-02,-1.246793719245039254e-02,-1.018108730330025656e-02,5.033862366265092966e-03,-1.101349614912178199e-02,-5.195731975807342355e-03,0.000000000000000000e+00,1.376050862623675285e-02,-1.974014240909344187e-02,-9.559055105793173163e-03,5.817764173314431825e-03,0.000000000000000000e+00,-1.974014240909344187e-02,-1.683126032243622422e-02
1.788406405682063580e+09,1.223360374569892883e-02,2.786638438701629639e-01,2.097355872392654419e-01,8.119613528251647949e-01,-1.515525132417678833e-01,2.999215126037597656e-01,9.191060066223144531e-01,-9.228758811950683594e-01,-1.000000000000000000e+00,-5.703949928283691406e-01,8.447230458259582520e-01,4.562051892280578613e-01,2.128304690122604370e-01,1.443762630224227905e-01,-1.000000000000000000e+00,-6.641321182250976562e-01,1.000000000000000000e+00,-1.000000000000000000e+00,-1.000000000000000000e+00,1.000000000000000000e+00,-1.000000000000000000e+00,-1.000000000000000000e+00,-1.000000000000000000e+00,7.551249861717224121e-01,3.654392957687377930e-01,-6.170705556869506836e-01,-1.000000000000000000e+00,-5.304165482521057129e-01,2.178869263671674994e-01,-1.454441043328607956e-03,1.452463174562916223e-02,1.139234490840166508e-02,1.240103550558165676e-03,-1.163552834662886365e-02,1.492053923627926701e-02,-1.433240884582150619e-02,-2.596793719245038545e-02,-1.018108730330025656e-02,2.219274445292231807e-02,2.120015874645941878e-04,-4.151321542521235752e-03,-2.908882086657215912e-03,2.219274445292231807e-02,-1.869573197580733787e-02,-8.514644672507065692e-03,2.908882086657215912e-03,-1.454441043328607956e-03,-2.015017301913594669e-02,-1.433240884582150619e-02
1.788406405732556820e+09,1.870556548237800598e-02,2.791578471660614014e-01,2.088234275579452515e-01,8.090674877166748047e-01,-1.486186236143112183e-01,3.084094524383544922e-01,9.006180763244628906e-01,1.000000000000000000e+00,-1.000000000000000000e+00,-1.000000000000000000e+00,-2.084180712699890137e-01,4.332377761602401733e-02,-3.684580922126770020e-01,7.679126858711242676e-01,-1.000000000000000000e+00,-1.000000000000000000e+00,1.000000000000000000e+00,-1.000000000000000000e+00,-3.580504357814788818e-01,9.872608780860900879e-01,-1.000000000000000000e+00,-5.061891674995422363e-01,-1.000000000000000000e+00,1.000000000000000000e+00,1.000000000000000000e+00,-1.000000000000000000e+00,-1.000000000000000000e+00,-2.668824195861816406e-01,2.230297835100247261e-01,-4.363323129985824736e-03,1.611574965897181674e-02,-1.458430135156998063e-02,-4.987691232798824315e-03,-1.018108730330025656e-02,-6.060686682365044702e-03,-1.183355736920688184e-02,-1.474243945586405612e-02,-1.018108730330025656e-02,-2.429225090506045013e-04,-1.910576258584988779e-02,-6.015793195892442206e-03,-1.454441043328607956e-03,-2.429225090506045013e-04,-1.765132154252127550e-02,-1.183355736920688184e-02,2.908882086657215912e-03,0.000000000000000000e+00,-1.765132154252127550e-02,-1.183355736920688184e-02
1.788406405782603741e+09,2.517752535641193390e-02,2.795823514461517334e-01,2.077548652887344360e-01,8.041383624076843262e-01,-1.459860503673553467e-01,3.166538476943969727e-01,8.813115954399108887e-01,-1.000000000000000000e+00,-1.000000000000000000e+00,-5.786366462707519531e-01,1.000000000000000000e+00,1.000000000000000000e+00,-6.365525722503662109e-01,7.596216201782226562e-01,-1.000000000000000000e+00,1.940342634916305542e-01,1.000000000000000000e+00,-1.000000000000000000e+00,-1.000000000000000000e+00,4.074524044990539551e-01,-1.000000000000000000e+00,-1.000000000000000000e+00,-1.000000000000000000e+00,1.000000000000000000e+00,5.825403332710266113e-01,-1.000000000000000000e+00,-1.000000000000000000e+00,-7.602919936180114746e-01,2.204583549385960572e-01,-5.817764173314431825e-03,2.207019070230039487e-02,-1.583544987495533879e-02,-2.285101436278464890e-02,-1.018108730330025656e-02,5.280431230977785870e-03,-2.696880499192626061e-03,4.575324717450378158e-03,-8.726646259971649472e-03,1.255263644762079009e-02,-4.151321542521235752e-03,3.120883674121768033e-03,0.000000000000000000e+00,1.109819540429217953e-02,3.120883674121768033e-03,6.029765760778987849e-03,2.908882086657215912e-03,0.000000000000000000e+00,8.938647847436208965e-03,-2.696880499192626061e-03
1.788406405832169056e+09,2.956615388393402100e-02,2.802357673645019531e-01,2.065483182668685913e-01,7.978286743164062500e-01,-1.437311023473739624e-01,3.248846232891082764e-01,8.626812100410461426e-01,-1.000000000000000000e+00,-1.000000000000000000e+00,-1.000000000000000000e+00,4.355054795742034912e-01,2.894425988197326660e-01,-1.000000000000000000e+00,4.092965722084045410e-01,-1.000000000000000000e+00,-1.000000000000000000e+00,1.000000000000000000e+00,-1.000000000000000000e+00,-9.976951479911804199e-01,7.543945908546447754e-01,-1.000000000000000000e+00,-1.000000000000000000e+00,-1.000000000000000000e+00,1.000000000000000000e+00,4.583537280559539795e-01,-1.000000000000000000e+00,-1.000000000000000000e+00,-7.404594421386718750e-01,2.153154977957389693e-01,-5.817764173314431825e-03,1.638910339900027588e-02,2.177672473164522435e-02,-1.371433749277048419e-02,-1.454441043328607956e-02,2.098487227430635357e-02,-7.470234239221051897e-03,-4.561352152563832515e-03,-8.726646259971649472e-03,1.807599018764918103e-02,-1.474243945586405612e-02,-4.561352152563832515e-03,0.000000000000000000e+00,2.098487227430635357e-02,-8.924675282549662456e-03,-7.470234239221051897e-03,2.908882086657215912e-03,0.000000000000000000e+00,-4.561352152563832515e-03,-1.910576258584988779e-02
1.788406405882274866e+09,3.225324675440788269e-02,2.803517878055572510e-01,2.057913839817047119e-01,7.904145717620849609e-01,-1.415218710899353027e-01,3.315698802471160889e-01,8.469156622886657715e-01,5.789381265640258789e-01,-1.000000000000000000e+00,-1.000000000000000000e+00,-3.100092411041259766e-01,8.402813673019409180e-01,-8.231105804443359375e-01,3.504773974418640137e-01,-1.000000000000000000e+00,-1.000000000000000000e+00,1.000000000000000000e+00,-1.000000000000000000e+00,-7.612850666046142578e-01,1.000000000000000000e+00,-1.000000000000000000e+00,-8.784415125846862793e-01,-1.000000000000000000e+00,1.000000000000000000e+00,6.869726777076721191e-01,-1.000000000000000000e+00,-1.000000000000000000e+00,-4.979679286479949951e-01,2.193032213804249342e-01,-1.454441043328607956e-03,1.070801609569978739e-02,-1.583544987495533879e-02,-1.994213227612742778e-02,-1.308996938995747247e-02,1.196381558104864240e-02,-1.806135215256382542e-02,-1.078914693592077610e-02,-1.308996938995747247e-02,1.487269766770586352e-02,8.463814107081043528e-04,-4.971382762606335604e-03,0.000000000000000000e+00,1.778157975436308463e-02,-1.951579319589243772e-02,-1.369802902257799548e-02,2.908882086657215912e-03,-1.454441043328607956e-03,-2.097023423922104654e-02,-1.224358797924938666e-02
1.788406405932569027e+09,3.532213717699050903e-02,2.801637351512908936e-01,2.054364383220672607e-01,7.826974391937255859e-01,-1.395838409662246704e-01,3.361073434352874756e-01,8.339912295341491699e-01,6.892387866973876953e-01,-1.000000000000000000e+00,-1.972163915634155273e-01,2.716459631919860840e-01,8.871823549270629883e-01,-5.832038521766662598e-01,1.000000000000000000e+00,-1.000000000000000000e+00,1.000000000000000000e+00,1.000000000000000000e+00,-1.000000000000000000e+00,-7.316672801971435547e-01,8.866912722587585449e-01,-1.000000000000000000e+00,-1.000000000000000000e+00,-1.000000000000000000e+00,1.000000000000000000e+00,5.834425091743469238e-01,-1.000000000000000000e+00,-1.000000000000000000e+00,-7.322302460670471191e-01,2.257317928089964398e-01,0.000000000000000000e+00,1.666245713902855113e-02,-2.290436257165507500e-02,-4.216877853609908577e-02,-1.163552834662886365e-02,2.253695479519553788e-04,-8.924675282549662456e-03,-1.652470065906612049e-03,-1.454441043328607956e-02,-2.683512538705264735e-03,1.289194036737948898e-02,8.528617237393659040e-03,-2.908882086657215912e-03,6.043133721266395579e-03,-8.924675282549662456e-03,2.710853064079218108e-03,2.908882086657215912e-03,-1.454441043328607956e-03,1.289194036737948898e-02,-3.106911109235221957e-03
1.788406405982483387e+09,4.047436267137527466e-02,2.809015214443206787e-01,2.050911933183670044e-01,7.765533924102783203e-01,-1.383387297391891479e-01,3.392949998378753662e-01,8.226565718650817871e-01,1.150025799870491028e-01,-1.000000000000000000e+00,6.095296889543533325e-02,4.021438658237457275e-01,7.649160623550415039e-01,-1.916356235742568970e-01,6.489669084548950195e-01,-1.000000000000000000e+00,-2.622258365154266357e-01,1.000000000000000000e+00,-1.000000000000000000e+00,-1.000000000000000000e+00,9.002559185028076172e-01,-1.000000000000000000e+00,-1.000000000000000000e+00,-1.000000000000000000e+00,8.274077177047729492e-01,-1.326798349618911743e-01,-8.241925835609436035e-01,-1.000000000000000000e+00,-1.000000000000000000e+00,2.199460785232821014e-01,-1.454441043328607956e-03,1.084469296571410890e-02,1.616225307827403798e-02,-9.761044972827159077e-03,-1.454441043328607956e-02,1.679810591280565422e-03,6.029765760778987849e-03,1.766529410740786885e-02,-1.454441043328607956e-02,-4.137953582033874859e-03,6.029765760778987849e-03,6.029765760778987849e-03,-1.454441043328607956e-03,4.588692677937785888e-03,8.938647847436208965e-03,2.348305828072230761e-02,5.817764173314431825e-03,0.000000000000000000e+00,1.330197097742203891e-02,1.184752993409342835e-02
1.788406406033032656e+09,4.770991951227188110e-02,2.825005352497100830e-01,2.047722339630126953e-01,7.719727754592895508e-01,-1.377656608819961548e-01,3.411877155303955078e-01,8.124034404754638672e-01,5.938996076583862305e-01,-1.000000000000000000e+00,-4.758851230144500732e-01,-4.269671440124511719e-01,2.114215344190597534e-01,2.729507982730865479e-01,1.767642050981521606e-01,-1.000000000000000000e+00,-1.000000000000000000e+00,1.000000000000000000e+00,-1.000000000000000000e+00,-1.000000000000000000e+00,9.780403971672058105e-01,-1.000000000000000000e+00,-1.000000000000000000e+00,-1.000000000000000000e+00,7.379717230796813965e-01,4.120401740074157715e-01,-9.866185188293457031e-01,-1.000000000000000000e+00,-8.149211406707763672e-01,2.115889356661392606e-01,0.000000000000000000e+00,1.229913400904262752e-02,1.595896055833078558e-02,5.193396070501446124e-03,-1.018108730330025656e-02,-1.257018940871943921e-02,-4.561352152563832515e-03,-8.924675282549662456e-03,-1.018108730330025656e-02,-6.752425235405044683e-03,7.074176194065048481e-03,-1.652470065906612049e-03,-1.454441043328607956e-03,-5.297984192076434992e-03,-7.470234239221051897e-03,-1.652470065906612049e-03,5.817764173314431825e-03,-1.454441043328607956e-03,-1.037911632587827301e-02,7.074176194065048481e-03
1.788406406082722664e+09,5.702881142497062683e-02,2.852013409137725830e-01,2.044493257999420166e-01,7.692009210586547852e-01,-1.381151378154754639e-01,3.415361046791076660e-01,8.029644489288330078e-01,-6.512082219123840332e-01,-1.000000000000000000e+00,5.670045614242553711e-01,1.000000000000000000e+00,1.000000000000000000e+00,9.653809666633605957e-01,1.000000000000000000e+00,-1.000000000000000000e+00,1.000000000000000000e+00,1.000000000000000000e+00,-1.000000000000000000e+00,-6.761698126792907715e-01,4.674302935600280762e-01,-1.000000000000000000e+00,-1.000000000000000000e+00,-1.000000000000000000e+00,1.000000000000000000e+00,1.000000000000000000e+00,-1.000000000000000000e+00,-1.000000000000000000e+00,-1.768732964992523193e-01,2.199460785232821014e-01,0.000000000000000000e+00,1.229913400904262752e-02,-1.874433196161255644e-02,-1.848769123279881896e-02,-1.454441043328607956e-02,-2.100242523540504780e-02,-1.224358797924938666e-02,-1.078914693592077610e-02,-1.018108730330025656e-02,-2.100242523540504780e-02,-7.880264849263556720e-03,-1.951579319589243772e-02,0.000000000000000000e+00,-1.373022001876199848e-02,-2.533355736920687648e-02,-1.806135215256382542e-02,5.817764173314431825e-03,-1.454441043328607956e-03,-1.951579319589243772e-02,-1.515247006590660604e-02
1.788406406135018349e+09,6.634770333766937256e-02,2.894313335418701172e-01,2.038793265819549561e-01,7.677467465400695801e-01,-1.399717032909393311e-01,3.402792513370513916e-01,7.941877245903015137e-01,-1.000000000000000000e+00,-1.000000000000000000e+00,-1.000000000000000000e+00,4.051420092582702637e-01,1.000000000000000000e+00,4.880119264125823975e-01,1.000000000000000000e+00,-1.000000000000000000e+00,-7.811775803565979004e-01,1.000000000000000000e+00,-1.000000000000000000e+00,-1.000000000000000000e+00,-3.114663660526275635e-01,-1.000000000000000000e+00,-1.000000000000000000e+00,-1.000000000000000000e+00,1.000000000000000000e+00,1.000000000000000000e+00,-1.000000000000000000e+00,-1.000000000000000000e+00,-2.014598809182643890e-02,2.257317928089964398e-01,0.000000000000000000e+00,1.375357505237133002e-02,2.032228368831661552e-02,2.284513983844225875e-03,-1.454441043328607956e-02,3.428662067895225755e-03,9.983058280722267863e-03,7.074176194065048481e-03,-1.454441043328607956e-02,7.791985197881055696e-03,4.165294107407828232e-03,1.256412020750607983e-03,-1.454441043328607956e-03,-6.752425235405044683e-03,-4.561352152563832515e-03,5.619735150736437923e-03,5.817764173314431825e-03,0.000000000000000000e+00,7.074176194065048481e-03,4.165294107407828232e-03
1.788406406183625937e+09,7.358326017856597900e-02,2.940735816955566406e-01,2.029955089092254639e-01,7.658901810646057129e-01,-1.427749097347259521e-01,3.382745087146759033e-01,7.856575846672058105e-01,-3.258324861526489258e-01,-1.000000000000000000e+00,-1.000000000000000000e+00,5.655993223190307617e-01,-4.211960732936859131e-01,-1.041651591658592224e-01,1.000000000000000000e+00,-1.000000000000000000e+00,7.055282592773437500e-01,1.000000000000000000e+00,-1.000000000000000000e+00,-8.261467218399047852e-01,-3.194937705993652344e-01,-1.000000000000000000e+00,-1.000000000000000000e+00,-1.000000000000000000e+00,1.000000000000000000e+00,1.000000000000000000e+00,-1.000000000000000000e+00,-1.000000000000000000e+00,-3.261620104312896729e-01,2.321603642375678345e-01,-1.454441043328607956e-03,1.229913400904262752e-02,-1.583544987495533879e-02,-1.848769123279881896e-02,-1.163552834662886365e-02,2.204198519788105881e-02,1.475641202075064773e-02,1.621085306407926002e-02,-8.726646259971649472e-03,2.785974937119550104e-02,1.621085306407926002e-02,2.493749932405091990e-02,-2.908882086657215912e-03,8.952015807923568991e-03,6.029765760778987849e-03,1.039308889076481779e-02,5.817764173314431825e-03,0.000000000000000000e+00,1.039308889076481779e-02,7.484206804107598407e-03
1.788406406233332157e+09,7.873548567295074463e-02,2.982614040374755859e-01,2.019676119089126587e-01,7.633563280105590820e-01,-1.456881165504455566e-01,3.363080918788909912e-01,7.776757478713989258e-01,-1.000000000000000000e+00,-1.000000000000000000e+00,-1.000000000000000000e+00,6.484029293060302734e-01,-6.353726387023925781e-01,-1.000000000000000000e+00,-9.704505205154418945e-01,-1.000000000000000000e+00,-1.000000000000000000e+00,1.000000000000000000e+00,-1.000000000000000000e+00,-1.000000000000000000e+00,6.521201729774475098e-01,-1.000000000000000000e+00,-1.000000000000000000e+00,-1.000000000000000000e+00,8.130857944488525391e-01,2.453832626342773438e-01,-1.000000000000000000e+00,-1.000000000000000000e+00,-1.000000000000000000e+00,2.238032213804250492e-01,0.000000000000000000e+00,1.084469296571410890e-02,1.014119638501635549e-02,5.193396070501446124e-03,-1.454441043328607956e-02,2.253695479519553788e-04,1.516644263079315255e-02,7.894237414150148333e-03,-1.163552834662886365e-02,-5.592394625362484550e-03,1.371200158746458883e-02,6.439796370821537774e-03,-1.454441043328607956e-03,1.767866206789522887e-02,2.534752993409342126e-02,1.225756054413597827e-02,2.908882086657215912e-03,0.000000000000000000e+00,1.952976576077898249e-02,1.952976576077898249e-02
1.788406406283559084e+09,8.180437982082366943e-02,3.017935454845428467e-01,2.009031325578689575e-01,7.602654099464416504e-01,-1.484067291021347046e-01,3.346489071846008301e-01,7.705431580543518066e-01,-1.000000000000000000e+00,-1.000000000000000000e+00,-9.464025497436523438e-01,1.000000000000000000e+00,-9.491471052169799805e-01,-5.275414586067199707e-01,-1.000000000000000000e+00,-1.000000000000000000e+00,-1.000000000000000000e+00,1.000000000000000000e+00,-1.000000000000000000e+00,-1.000000000000000000e+00,1.000000000000000000e+00,-1.000000000000000000e+00,-1.000000000000000000e+00,-1.000000000000000000e+00,2.173419892787933350e-01,-1.000000000000000000e+00,-1.000000000000000000e+00,-1.000000000000000000e+00,-1.000000000000000000e+00,2.154460785232820696e-01,0.000000000000000000e+00,1.375357505237133002e-02,-8.563244658312298141e-03,-8.306603929498548519e-03,-1.454441043328607956e-02,-1.547907149537665859e-02,-1.433240884582150619e-02,-4.151321542521235752e-03,-8.726646259971649472e-03,-1.257018940871943921e-02,-1.287796780249289563e-02,-7.060203629178456002e-03,0.000000000000000000e+00,7.791985197881055696e-03,6.029765760778987849e-03,-8.514644672507065692e-03,2.908882086657215912e-03,0.000000000000000000e+00,-1.433240884582150619e-02,2.120015874645941878e-04
1.788406406334715843e+09,8.278994262218475342e-02,3.046602904796600342e-01,1.998316347599029541e-01,7.568316459655761719e-01,-1.507827490568161011e-01,3.335630595684051514e-01,7.644457221031188965e-01,-2.574556469917297363e-01,-1.000000000000000000e+00,2.252875715494155884e-01,1.000000000000000000e+00,-1.309991925954818726e-01,6.637600660324096680e-01,-1.000000000000000000e+00,-1.000000000000000000e+00,-1.000000000000000000e+00,1.000000000000000000e+00,-1.000000000000000000e+00,-1.000000000000000000e+00,1.000000000000000000e+00,-1.000000000000000000e+00,-1.000000000000000000e+00,-1.000000000000000000e+00,4.240895211696624756e-01,-9.741093516349792480e-01,-1.000000000000000000e+00,-1.000000000000000000e+00,-1.000000000000000000e+00,2.070889356661392011e-01,0.000000000000000000e+00,1.229913400904262752e-02,-2.290436257165507500e-02,-2.180660392949854143e-02,-1.018108730330025656e-02,-1.373022001876199848e-02,-1.474243945586405612e-02,-2.492352675916432656e-02,-8.726646259971649472e-03,-7.912455845447557978e-03,-1.765132154252127550e-02,-1.619688049919266667e-02,0.000000000000000000e+00,-6.458014802118948287e-03,-1.183355736920688184e-02,-2.201464467250710544e-02,2.908882086657215912e-03,0.000000000000000000e+00,-2.056020362917849661e-02,-8.924675282549662456e-03
1.788406406384310484e+09,8.169216662645339966e-02,3.068484961986541748e-01,1.987189203500747681e-01,7.534906268119812012e-01,-1.526159346103668213e-01,3.335987329483032227e-01,7.596639394760131836e-01,2.024014741182327271e-01,-1.000000000000000000e+00,3.585783541202545166e-01,1.000000000000000000e+00,-2.601938545703887939e-01,1.000000000000000000e+00,-1.000000000000000000e+00,-1.000000000000000000e+00,-1.000000000000000000e+00,1.000000000000000000e+00,-1.000000000000000000e+00,-1.000000000000000000e+00,1.000000000000000000e+00,-1.000000000000000000e+00,-1.000000000000000000e+00,-1.000000000000000000e+00,3.867592215538024902e-01,-1.000000000000000000e+00,-1.000000000000000000e+00,-1.000000000000000000e+00,-1.000000000000000000e+00,1.987317928089964159e-01,0.000000000000000000e+00,1.375357505237133002e-02,-1.106554170508290691e-02,-2.512551662619835757e-02,-1.454441043328607956e-02,-3.254722282175678046e-03,-1.951579319589243772e-02,-1.806135215256382542e-02,-1.454441043328607956e-02,-1.198136854214733836e-02,-3.516941719277725913e-03,-6.425823805934946162e-03,-2.908882086657215912e-03,-2.798022001876204756e-02,-1.806135215256382542e-02,-1.369802902257799548e-02,2.908882086657215912e-03,0.000000000000000000e+00,-1.660691110923521660e-02,-1.078914693592077610e-02
1.788406406435143709e+09,7.854122668504714966e-02,3.078886270523071289e-01,1.971952915191650391e-01,7.515754103660583496e-01,-1.530930846929550171e-01,3.366908431053161621e-01,7.570720314979553223e-01,2.827786207199096680e-01,-1.000000000000000000e+00,1.489677000790834427e-03,1.000000000000000000e+00,-2.595957517623901367e-01,1.000000000000000000e+00,-1.000000000000000000e+00,-1.000000000000000000e+00,8.650277554988861084e-02,1.000000000000000000e+00,-1.000000000000000000e+00,-1.000000000000000000e+00,1.000000000000000000e+00,-1.000000000000000000e+00,-1.000000000000000000e+00,-1.000000000000000000e+00,4.411422312259674072e-01,-1.000000000000000000e+00,-1.000000000000000000e+00,-1.000000000000000000e+00,-1.000000000000000000e+00,1.928255718677129860e-01,1.454441043328607956e-03,1.375357505237133002e-02,-1.813445440178270557e-02,-3.862551662619837650e-02,-1.163552834662886365e-02,-1.750472228217568246e-02,-2.283470589259216019e-02,-1.410805963262050031e-02,-8.726646259971649472e-03,-8.778076022204067685e-03,-3.926972329320275838e-03,-3.926972329320275838e-03,-1.454441043328607956e-03,-5.869193935546848304e-03,-2.138026484926355136e-02,-9.744736502634670366e-03,2.908882086657215912e-03,-1.454441043328607956e-03,-1.847138276260633025e-02,-1.265361858929188975e-02
1.788406406485818386e+09,7.333712279796600342e-02,3.077242374420166016e-01,1.951677650213241577e-01,7.505588531494140625e-01,-1.521418243646621704e-01,3.430710434913635254e-01,7.560037374496459961e-01,-1.879628449678421021e-01,-1.000000000000000000e+00,-8.885986804962158203e-01,8.180168271064758301e-01,-5.245198607444763184e-01,1.000000000000000000e+00,-1.000000000000000000e+00,-1.000000000000000000e+00,-1.000000000000000000e+00,1.000000000000000000e+00,-1.000000000000000000e+00,-1.000000000000000000e+00,1.000000000000000000e+00,-1.000000000000000000e+00,-1.000000000000000000e+00,-1.000000000000000000e+00,9.297103434801101685e-02,-9.739113450050354004e-01,-1.000000000000000000e+00,-1.000000000000000000e+00,-1.000000000000000000e+00,1.844684290105700897e-01,2.908882086657215912e-03,1.229913400904262752e-02,1.640648153260290329e-02,-1.620974920637434022e-02,-1.163552834662886365e-02,-2.157363497887546111e-02,-2.469917754596331894e-02,-1.597253128599170763e-02,-7.272205216643039781e-03,-2.448251706553268223e-02,-2.033585441597748900e-02,-2.033585441597748900e-02,0.000000000000000000e+00,-1.866475289221824346e-02,-2.469917754596331894e-02,-1.742697232932031645e-02,2.908882086657215912e-03,-2.908882086657215912e-03,-2.179029545930610129e-02,-2.324473650263471011e-02
1.788406406539403200e+09,6.604968756437301636e-02,3.073137402534484863e-01,1.929287910461425781e-01,7.491983771324157715e-01,-1.507405936717987061e-01,3.508362174034118652e-01,7.555366158485412598e-01,-9.724693894386291504e-01,-1.000000000000000000e+00,-6.065943837165832520e-01,1.000000000000000000e+00,3.277242779731750488e-01,1.092900261282920837e-01,-1.000000000000000000e+00,-1.000000000000000000e+00,-1.000000000000000000e+00,1.000000000000000000e+00,-1.000000000000000000e+00,-1.000000000000000000e+00,1.000000000000000000e+00,-1.000000000000000000e+00,-1.000000000000000000e+00,-1.000000000000000000e+00,-4.444624781608581543e-01,-1.000000000000000000e+00,-1.000000000000000000e+00,-1.000000000000000000e+00,-1.000000000000000000e+00,1.761112861534271656e-01,1.454441043328607956e-03,1.084469296571410890e-02,-3.752400554054314934e-03,-1.371089772975969331e-02,-1.163552834662886365e-02,-1.255257828561770483e-02,-1.638256189603420898e-02,-2.074588502602003892e-02,-1.163552834662886365e-02,-9.170499389888713253e-04,-1.056479772271977022e-02,-1.492812085270560016e-02,-1.454441043328607956e-03,-1.837034245893214707e-02,-2.510920815600586886e-02,-6.201474592733939410e-03,2.908882086657215912e-03,0.000000000000000000e+00,-6.201474592733939410e-03,-1.783700293936282127e-02
1.788406406588159323e+09,5.708406120538711548e-02,3.069052100181579590e-01,1.901411116123199463e-01,7.476480007171630859e-01,-1.491511017084121704e-01,3.599451482295989990e-01,7.564278244972229004e-01,2.440661936998367310e-01,-1.000000000000000000e+00,-1.000000000000000000e+00,9.472585320472717285e-01,-1.106769591569900513e-02,-1.184412688016891479e-01,-1.000000000000000000e+00,-1.000000000000000000e+00,-1.000000000000000000e+00,1.000000000000000000e+00,-1.000000000000000000e+00,-1.000000000000000000e+00,1.000000000000000000e+00,-1.000000000000000000e+00,-1.000000000000000000e+00,-1.000000000000000000e+00,-7.675002217292785645e-01,-1.000000000000000000e+00,-1.000000000000000000e+00,-1.000000000000000000e+00,-1.000000000000000000e+00,1.677541432962843526e-01,1.454441043328607956e-03,1.375357505237133002e-02,-1.809351846739713776e-02,-1.993869251311663690e-02,-1.308996938995747247e-02,-7.894844722345825336e-03,-1.679259250607675891e-02,-1.824703354940537120e-02,-1.018108730330025656e-02,-1.371260889566026583e-02,2.115141057195124574e-03,-6.611505202776535306e-03,-1.454441043328607956e-03,-1.662149098231748695e-02,-2.115591563606258885e-02,-1.388371041941953953e-02,2.908882086657215912e-03,0.000000000000000000e+00,-1.970147459273398002e-02,-8.065946246105145864e-03
1.788406406637880087e+09,4.852358251810073853e-02,3.058552742004394531e-01,1.869272887706756592e-01,7.455430626869201660e-01,-1.468548923730850220e-01,3.703417778015136719e-01,7.583109140396118164e-01,5.143096446990966797e-01,-1.000000000000000000e+00,-8.432310819625854492e-01,1.943099051713943481e-01,-2.341661602258682251e-02,-1.137107536196708679e-01,-1.000000000000000000e+00,-1.000000000000000000e+00,-1.000000000000000000e+00,1.000000000000000000e+00,-1.000000000000000000e+00,-1.000000000000000000e+00,1.000000000000000000e+00,-1.000000000000000000e+00,-1.000000000000000000e+00,-1.000000000000000000e+00,-7.225285172462463379e-01,-1.000000000000000000e+00,-1.000000000000000000e+00,-1.000000000000000000e+00,-1.000000000000000000e+00,1.593970004391415396e-01,1.454441043328607956e-03,1.375357505237133002e-02,-1.352690281746800859e-02,-4.652866190307407279e-02,-1.308996938995747247e-02,-1.050931637571694832e-02,-2.302038728943375107e-02,-1.574818207279070001e-02,-8.726646259971649472e-03,-1.487263950570277826e-02,-2.302038728943375107e-02,-2.592926937609096871e-02,0.000000000000000000e+00,-2.359928576567443814e-02,-2.738371041941953243e-02,-9.930417899476259511e-03,5.817764173314431825e-03,-2.908882086657215912e-03,-1.574818207279070001e-02,-7.021535812819039261e-03
1.788406406685179234e+09,4.096610471606254578e-02,3.038965165615081787e-01,1.845256835222244263e-01,7.421366572380065918e-01,-1.432253271341323853e-01,3.804564774036407471e-01,7.609984278678894043e-01,-2.608850598335266113e-01,-1.000000000000000000e+00,-1.000000000000000000e+00,-2.613161802291870117e-01,7.406087964773178101e-02,-1.000000000000000000e+00,-1.000000000000000000e+00,-1.000000000000000000e+00,-3.837231099605560303e-01,1.000000000000000000e+00,-1.000000000000000000e+00,-1.000000000000000000e+00,1.000000000000000000e+00,-1.000000000000000000e+00,-1.000000000000000000e+00,-1.000000000000000000e+00,-1.000000000000000000e+00,-1.000000000000000000e+00,-9.668732881546020508e-01,-1.000000000000000000e+00,-1.000000000000000000e+00,1.536112861534271734e-01,2.908882086657215912e-03,1.375357505237133002e-02,-1.623249238418188189e-02,-3.384872312315913290e-02,-1.163552834662886365e-02,-1.312378802908816498e-02,-1.470377163950459254e-02,-1.324933059617598372e-02,-1.454441043328607956e-02,-1.603267011574538436e-02,-1.613802249547149122e-03,-5.977125379532932659e-03,-2.908882086657215912e-03,-2.621375741904560797e-02,-1.761265372616181366e-02,-5.977125379532932659e-03,1.454441043328607956e-03,0.000000000000000000e+00,-1.615821268283320483e-02,-7.431566422861543217e-03
1.788406406734964848e+09,3.287459909915924072e-02,3.014817833900451660e-01,1.833195388317108154e-01,7.370949983596801758e-01,-1.388267874717712402e-01,3.887909352779388428e-01,7.650696635246276855e-01,-2.301474362611770630e-01,-1.000000000000000000e+00,-1.000000000000000000e+00,4.297214150428771973e-01,8.582748174667358398e-01,-1.000000000000000000e+00,-1.000000000000000000e+00,-8.620963096618652344e-01,-1.000000000000000000e+00,1.000000000000000000e+00,-1.000000000000000000e+00,-1.000000000000000000e+00,1.000000000000000000e+00,-1.000000000000000000e+00,-1.000000000000000000e+00,-1.000000000000000000e+00,-1.000000000000000000e+00,-1.000000000000000000e+00,-6.099959611892700195e-01,-1.000000000000000000e+00,-1.000000000000000000e+00,1.458970004391414166e-01,2.908882086657215912e-03,1.375357505237133002e-02,2.471948659146678932e-03,4.376774613427183991e-03,-1.018108730330025656e-02,-1.282937759580206859e-02,-4.932714946246918863e-03,-1.947712537953297240e-02,-7.272205216643039781e-03,-9.920495509144849205e-03,-1.511380224954718930e-02,-1.511380224954718930e-02,0.000000000000000000e+00,-1.137493655247345803e-02,-2.093156642286158470e-02,-6.387155989575529422e-03,2.908882086657215912e-03,0.000000000000000000e+00,-6.387155989575529422e-03,-1.075047911956135936e-02
1.788406406785259485e+09,2.532939054071903229e-02,2.988844513893127441e-01,1.828400194644927979e-01,7.313008308410644531e-01,-1.343057006597518921e-01,3.951835930347442627e-01,7.702000141143798828e-01,1.534945368766784668e-01,-1.000000000000000000e+00,-1.000000000000000000e+00,-2.677445709705352783e-01,2.302122265100479126e-01,-1.000000000000000000e+00,-1.000000000000000000e+00,-1.000000000000000000e+00,-1.000000000000000000e+00,1.000000000000000000e+00,-1.000000000000000000e+00,-1.000000000000000000e+00,1.000000000000000000e+00,-1.000000000000000000e+00,-1.000000000000000000e+00,-1.000000000000000000e+00,-1.000000000000000000e+00,-1.000000000000000000e+00,-3.859616219997406006e-01,-1.000000000000000000e+00,-1.000000000000000000e+00,1.368970004391414641e-01,2.908882086657215912e-03,9.253575052371270510e-03,-1.688081950895805369e-03,-1.494098955988722686e-02,-1.454441043328607956e-02,-1.689829029250180387e-02,-3.888304512960812694e-03,-6.797186599618032510e-03,-8.726646259971649472e-03,-8.171644032530189089e-03,-1.406939181626108357e-02,-1.406939181626108357e-02,-1.454441043328607956e-03,-2.707937759580207257e-02,-1.988715598957552233e-02,-5.342745556289422819e-03,2.908882086657215912e-03,0.000000000000000000e+00,-1.116050972960386245e-02,-1.116050972960386245e-02
1.788406406834945679e+09,1.986751519143581390e-02,2.962391972541809082e-01,1.828760802745819092e-01,7.258698344230651855e-01,-1.296170055866241455e-01,4.002647697925567627e-01,7.760452628135681152e-01,6.343256682157516479e-02,-1.000000000000000000e+00,-7.803879976272583008e-01,2.555437684059143066e-01,1.000000000000000000e+00,-1.000000000000000000e+00,-1.000000000000000000e+00,-1.000000000000000000e+00,-1.000000000000000000e+00,1.000000000000000000e+00,-1.000000000000000000e+00,-1.000000000000000000e+00,1.000000000000000000e+00,-1.000000000000000000e+00,-1.000000000000000000e+00,-1.000000000000000000e+00,-1.000000000000000000e+00,-1.000000000000000000e+00,-4.645919799804687500e-02,-1.000000000000000000e+00,-1.000000000000000000e+00,1.285398575819986511e-01,2.908882086657215912e-03,1.084469296571410890e-02,-5.848112560938312221e-03,-1.825990225658697536e-02,-1.163552834662886365e-02,-1.224055672922992263e-02,-7.207217209660629273e-03,-2.029718659961807226e-02,-8.726646259971649472e-03,-7.877233599244092693e-03,-1.011609929631784865e-02,-1.447942242630363349e-02,-1.454441043328607956e-03,-2.387608507585880363e-02,-2.175162764294668455e-02,-8.661658252989239831e-03,1.454441043328607956e-03,0.000000000000000000e+00,-8.661658252989239831e-03,-1.302498138297502293e-02
1.788406406886126518e+09,1.648897305130958557e-02,2.937527298927307129e-01,1.832602769136428833e-01,7.210415601730346680e-01,-1.249877735972404480e-01,4.041443467140197754e-01,7.823315262794494629e-01,2.063871771097183228e-01,-1.000000000000000000e+00,-1.000000000000000000e+00,-6.630482673645019531e-01,1.000000000000000000e+00,-1.000000000000000000e+00,-1.000000000000000000e+00,-1.000000000000000000e+00,-2.843419313430786133e-01,1.000000000000000000e+00,-1.000000000000000000e+00,-1.000000000000000000e+00,1.000000000000000000e+00,-1.000000000000000000e+00,-1.000000000000000000e+00,-1.000000000000000000e+00,-1.000000000000000000e+00,-1.000000000000000000e+00,3.420682251453399658e-02,-1.000000000000000000e+00,-1.000000000000000000e+00,1.227541432962843126e-01,2.908882086657215912e-03,1.229913400904262752e-02,-7.099261084323646095e-03,-1.285216869331506050e-02,-1.163552834662886365e-02,-1.340058733927243506e-02,-4.708365733045912979e-03,-3.253924689717302421e-03,-8.726646259971649472e-03,-6.128382122629431709e-03,-4.708365733045912979e-03,-1.198057094968896230e-02,8.726646259971649472e-03,-2.067279255591548612e-02,-1.779833512300340453e-02,-7.617247819703132361e-03,-2.908882086657215912e-03,1.890773356327190430e-02,-3.450426030600824969e-04,-9.071688863031742919e-03
1.788406406935234547e+09,1.519376412034034729e-02,2.914676368236541748e-01,1.839354485273361206e-01,7.168027162551879883e-01,-1.205395013093948364e-01,4.067501127719879150e-01,7.887669801712036133e-01,3.291579186916351318e-01,-1.000000000000000000e+00,-6.405575275421142578e-01,-2.258649170398712158e-01,1.000000000000000000e+00,-1.000000000000000000e+00,-1.000000000000000000e+00,-5.607814788818359375e-01,-6.162505149841308594e-01,1.000000000000000000e+00,-1.000000000000000000e+00,-1.000000000000000000e+00,1.000000000000000000e+00,-1.000000000000000000e+00,-1.000000000000000000e+00,-1.000000000000000000e+00,-1.000000000000000000e+00,-1.000000000000000000e+00,1.073362380266189575e-01,-1.000000000000000000e+00,-1.000000000000000000e+00,1.176112861534271553e-01,2.908882086657215912e-03,1.375357505237133002e-02,7.241856829019131629e-03,-5.169932866629506352e-03,-1.018108730330025656e-02,-1.310617690598638550e-02,-6.572837386417026626e-03,-1.966280677637451818e-02,-8.726646259971649472e-03,-8.742853776000555563e-03,-7.550732131026324226e-04,-1.239060155973146712e-02,-5.817764173314431825e-03,-2.910502838260104960e-02,-2.257168886303173583e-02,-8.027278429745637184e-03,-4.363323129985824736e-03,2.908882086657215912e-03,-1.093616051640285657e-02,-1.675392468971729706e-02
1.788406406985214233e+09,1.598189026117324829e-02,2.896878719329833984e-01,1.849089264869689941e-01,7.137156128883361816e-01,-1.163586229085922241e-01,4.081344902515411377e-01,7.956343889236450195e-01,1.058166697621345520e-01,-1.000000000000000000e+00,-3.983068466186523438e-01,4.334307610988616943e-01,1.000000000000000000e+00,-1.000000000000000000e+00,-1.000000000000000000e+00,-1.000000000000000000e+00,-1.000000000000000000e+00,1.000000000000000000e+00,-1.000000000000000000e+00,-1.000000000000000000e+00,1.000000000000000000e+00,-1.000000000000000000e+00,-1.000000000000000000e+00,-1.000000000000000000e+00,-1.000000000000000000e+00,-1.000000000000000000e+00,1.000000000000000000e+00,-1.000000000000000000e+00,-1.000000000000000000e+00,1.086112861534271612e-01,2.908882086657215912e-03,6.344692965714049393e-03,1.576521056904747059e-02,1.057861916727460437e-03,-1.018108730330025656e-02,-6.994002299385872028e-03,-1.134619112644545333e-02,-2.619544866473792581e-03,-7.272205216643039781e-03,-1.717508960268612078e-02,-2.443616051640289805e-02,-1.280063216977406215e-02,-2.908882086657215912e-03,-1.426620751602889967e-02,-2.152727842974567693e-02,-9.891750083116842771e-03,-4.363323129985824736e-03,-7.272205216643039781e-03,-2.152727842974567693e-02,-1.716395529975989209e-02
1.788406407035309553e+09,1.885334774851799011e-02,2.886502146720886230e-01,1.862235665321350098e-01,7.119616866111755371e-01,-1.128132417798042297e-01,4.075633883476257324e-01,8.031811118125915527e-01,1.353460103273391724e-01,-1.000000000000000000e+00,-8.146567344665527344e-01,-3.330653607845306396e-01,1.000000000000000000e+00,-1.000000000000000000e+00,-1.000000000000000000e+00,-1.000000000000000000e+00,-1.000000000000000000e+00,1.000000000000000000e+00,-1.000000000000000000e+00,-1.000000000000000000e+00,1.000000000000000000e+00,-1.000000000000000000e+00,-1.000000000000000000e+00,-1.000000000000000000e+00,-1.000000000000000000e+00,-1.000000000000000000e+00,1.000000000000000000e+00,-1.000000000000000000e+00,-1.000000000000000000e+00,1.002541432962843343e-01,2.908882086657215912e-03,1.084469296571410890e-02,-8.756994647595533338e-03,-3.715491823300896661e-03,-1.163552834662886365e-02,-1.833512021272863321e-02,-7.392898606502149028e-03,-1.757398590980242120e-02,-1.018108730330025656e-02,-6.699591866099775632e-03,-5.938457563173562756e-03,-1.321066277981658953e-02,-7.272205216643039781e-03,-2.560732542937168427e-02,-2.048286799645963885e-02,-5.938457563173562756e-03,-4.363323129985824736e-03,-7.272205216643039781e-03,-5.938457563173562756e-03,-5.938457563173562756e-03
1.788406407085139990e+09,2.341269515454769135e-02,2.887889742851257324e-01,1.877141743898391724e-01,7.120463252067565918e-01,-1.105684340000152588e-01,4.042245149612426758e-01,8.120607137680053711e-01,-2.260371595621109009e-01,-1.000000000000000000e+00,-2.469121515750885010e-01,6.146320104598999023e-01,1.000000000000000000e+00,-1.000000000000000000e+00,-1.000000000000000000e+00,-1.000000000000000000e+00,-3.181870281696319580e-01,1.000000000000000000e+00,-1.000000000000000000e+00,-1.000000000000000000e+00,1.000000000000000000e+00,-1.000000000000000000e+00,-1.000000000000000000e+00,-1.000000000000000000e+00,-1.000000000000000000e+00,-1.000000000000000000e+00,7.144833207130432129e-01,-1.000000000000000000e+00,-1.000000000000000000e+00,9.446842901057003750e-02,2.908882086657215912e-03,1.084469296571410890e-02,-1.437146630096669542e-02,-2.594213808327252777e-02,-1.454441043328607956e-02,-2.041858302827872281e-03,-7.802929216544676402e-03,-3.439606086558869014e-03,-8.726646259971649472e-03,-1.076850456279951004e-02,-6.348488173216065844e-03,-1.071181130320189578e-02,-8.726646259971649472e-03,-2.094959186609977875e-02,-2.089289860650214367e-02,-7.802929216544676402e-03,0.000000000000000000e+00,-7.272205216643039781e-03,-1.216625234653050634e-02,-7.802929216544676402e-03
1.788406407135403633e+09,2.907183766365051270e-02,2.897853553295135498e-01,1.890743225812911987e-01,7.134568691253662109e-01,-1.099212467670440674e-01,3.979975879192352295e-01,8.219616413116455078e-01,3.214467763900756836e-01,-1.000000000000000000e+00,-1.000000000000000000e+00,-2.113178372383117676e-01,1.000000000000000000e+00,-8.961009383201599121e-01,-1.000000000000000000e+00,-1.000000000000000000e+00,-9.243002533912658691e-01,1.000000000000000000e+00,-1.000000000000000000e+00,-1.000000000000000000e+00,1.000000000000000000e+00,-1.000000000000000000e+00,-1.000000000000000000e+00,-1.000000000000000000e+00,-1.000000000000000000e+00,-1.000000000000000000e+00,3.460433483123779297e-01,-1.000000000000000000e+00,-1.000000000000000000e+00,8.611128615342719672e-02,2.908882086657215912e-03,1.229913400904262752e-02,4.332974742361911380e-03,-8.078814953286727468e-03,-1.308996938995747247e-02,-4.656329956198973150e-03,-9.667400869915790049e-03,-1.839404712988742738e-02,-1.018108730330025656e-02,-3.201888912870386010e-03,-8.212959826587179490e-03,-1.257628295657300943e-02,-8.726646259971649472e-03,-2.501850456279949148e-02,-1.839404712988742738e-02,-5.304077739929960109e-03,1.454441043328607956e-03,-8.726646259971649472e-03,-8.212959826587179490e-03,-9.667400869915790049e-03
1.788406407186045647e+09,3.429138287901878357e-02,2.910988330841064453e-01,1.898964047431945801e-01,7.150241136550903320e-01,-1.109460890293121338e-01,3.895170092582702637e-01,8.324257731437683105e-01,-8.048988580703735352e-01,-1.000000000000000000e+00,-4.241769611835479736e-01,1.000000000000000000e+00,1.000000000000000000e+00,-8.133481740951538086e-01,-1.000000000000000000e+00,-1.000000000000000000e+00,-3.590090572834014893e-01,1.000000000000000000e+00,-1.000000000000000000e+00,-1.000000000000000000e+00,1.000000000000000000e+00,-1.000000000000000000e+00,-1.000000000000000000e+00,-1.000000000000000000e+00,-1.000000000000000000e+00,-1.000000000000000000e+00,3.642560541629791260e-02,-1.000000000000000000e+00,-1.000000000000000000e+00,8.032557186771289992e-02,2.908882086657215912e-03,1.375357505237133002e-02,-1.437146630096669542e-02,-2.739657912660113659e-02,-1.018108730330025656e-02,-1.454300682621314719e-02,-7.168549393301096306e-03,-5.714108349972486615e-03,-8.726646259971649472e-03,-5.816360566241486445e-03,-5.714108349972486615e-03,-1.153187252328692625e-02,-5.817764173314431825e-03,-2.326965308618478279e-02,-1.880407773992995302e-02,-5.714108349972486615e-03,1.454441043328607956e-03,-8.726646259971649472e-03,-1.007743147995831742e-02,-1.153187252328692625e-02
1.788406407236606359e+09,3.866685554385185242e-02,2.927913367748260498e-01,1.896127909421920776e-01,7.163581252098083496e-01,-1.139801666140556335e-01,3.794254362583160400e-01,8.429720401763916016e-01,3.766713440418243408e-01,-1.000000000000000000e+00,-8.685827255249023438e-01,3.533443808555603027e-01,1.000000000000000000e+00,-5.311828851699829102e-01,-1.000000000000000000e+00,-9.334887266159057617e-01,-1.000000000000000000e+00,1.000000000000000000e+00,-1.000000000000000000e+00,-1.000000000000000000e+00,1.000000000000000000e+00,-1.000000000000000000e+00,-1.000000000000000000e+00,-1.000000000000000000e+00,-1.000000000000000000e+00,-8.832386136054992676e-01,-5.140520632266998291e-02,-1.000000000000000000e+00,-1.000000000000000000e+00,7.261128615342719861e-02,2.908882086657215912e-03,1.084469296571410890e-02,4.332974742361911380e-03,-8.078814953286727468e-03,-1.308996938995747247e-02,-5.521950132955413468e-03,-1.630522626331526101e-02,-1.921410834997248213e-02,-8.726646259971649472e-03,-9.885273262941243408e-03,-1.048746209000082051e-02,-1.339634417665803989e-02,-7.272205216643039781e-03,-2.733856578288454062e-02,-2.212299043662969977e-02,-3.215256873357793307e-03,2.908882086657215912e-03,-8.726646259971649472e-03,-1.485078521998665045e-02,-1.048746209000082051e-02
1.788406407286917686e+09,4.204976558685302734e-02,2.949123382568359375e-01,1.879870146512985229e-01,7.172061800956726074e-01,-1.190546974539756775e-01,3.683392703533172607e-01,8.532609939575195312e-01,-7.798640727996826172e-01,-1.000000000000000000e+00,-5.078781843185424805e-01,1.000000000000000000e+00,1.000000000000000000e+00,-5.895254611968994141e-01,-1.000000000000000000e+00,-1.000000000000000000e+00,-1.000000000000000000e+00,1.000000000000000000e+00,-1.000000000000000000e+00,-1.000000000000000000e+00,1.000000000000000000e+00,-1.000000000000000000e+00,-1.000000000000000000e+00,-1.000000000000000000e+00,-1.000000000000000000e+00,-1.000000000000000000e+00,2.028365284204483032e-01,-1.000000000000000000e+00,-1.000000000000000000e+00,6.361128615342719061e-02,2.908882086657215912e-03,4.890251922385346894e-03,-5.644820040995035537e-03,-1.576105077997227988e-02,-1.454441043328607956e-02,-3.773098656340718223e-03,-1.235193374337195671e-02,-7.164053967430999981e-04,-8.726646259971649472e-03,-5.227539699669328348e-03,-1.235193374337195671e-02,-1.380637478670056727e-02,-4.363323129985824736e-03,-2.122639117628401587e-02,-1.671525687335778665e-02,-6.534169570057540496e-03,0.000000000000000000e+00,-8.726646259971649472e-03,-1.235193374337195671e-02,-7.988610613386126769e-03
1.788406407338290453e+09,4.334934055805206299e-02,2.974414229393005371e-01,1.853127926588058472e-01,7.174639701843261719e-01,-1.255949288606643677e-01,3.570770025253295898e-01,8.637281060218811035e-01,-2.194285839796066284e-01,-1.000000000000000000e+00,-9.039677381515502930e-01,7.078848481178283691e-01,1.000000000000000000e+00,-3.923569321632385254e-01,-1.000000000000000000e+00,-1.000000000000000000e+00,-5.538393259048461914e-01,1.000000000000000000e+00,-1.000000000000000000e+00,-1.000000000000000000e+00,1.000000000000000000e+00,-1.000000000000000000e+00,-1.000000000000000000e+00,-1.000000000000000000e+00,-9.572942256927490234e-01,-9.652848839759826660e-01,-2.692725956439971924e-01,-1.000000000000000000e+00,-1.000000000000000000e+00,5.782557186771290769e-02,2.908882086657215912e-03,1.229913400904262752e-02,-1.562261482435198245e-02,-3.798769703994391012e-02,-1.018108730330025656e-02,-1.075089343969768373e-02,-1.712528748340031576e-02,-1.712528748340031576e-02,-1.163552834662886365e-02,-1.365977552635490311e-02,4.691328166528813126e-03,-6.944200180100043585e-03,-7.272205216643039781e-03,-3.256750908962680047e-02,-2.439749270004334253e-02,-1.276196435341448408e-02,2.908882086657215912e-03,-7.272205216643039781e-03,-1.712528748340031576e-02,-1.857972852672892458e-02
1.788406407388873816e+09,4.256558418273925781e-02,3.003558218479156494e-01,1.818872243165969849e-01,7.173180580139160156e-01,-1.330886036157608032e-01,3.460942208766937256e-01,8.744878768920898438e-01,-6.476183533668518066e-01,-1.000000000000000000e+00,-3.370153009891510010e-01,1.000000000000000000e+00,1.000000000000000000e+00,-5.666713714599609375e-01,-1.000000000000000000e+00,-7.462411522865295410e-01,-7.848570346832275391e-01,1.000000000000000000e+00,-1.000000000000000000e+00,-1.000000000000000000e+00,1.000000000000000000e+00,-1.000000000000000000e+00,-1.000000000000000000e+00,-1.000000000000000000e+00,-1.000000000000000000e+00,-9.711953997611999512e-01,-2.092756927013397217e-01,-1.000000000000000000e+00,-1.000000000000000000e+00,5.268271472485576423e-02,2.908882086657215912e-03,9.390251922385406402e-03,1.326291352227689478e-02,1.692241739971016897e-03,-1.454441043328607956e-02,-7.547600919754390500e-03,-7.354230790142582234e-03,-1.753531809344283099e-02,-7.272205216643039781e-03,-1.045648300641160988e-02,-2.044420018010004864e-02,-1.462643600678563242e-02,-4.363323129985824736e-03,-1.627424717972603824e-02,-2.626196435341449087e-02,-1.608087705011424298e-02,0.000000000000000000e+00,-8.726646259971649472e-03,-1.753531809344283099e-02,-1.462643600678563242e-02
1.788406407439634800e+09,3.969849273562431335e-02,3.036162257194519043e-01,1.778860986232757568e-01,7.170661687850952148e-01,-1.411844044923782349e-01,3.357613682746887207e-01,8.858337402343750000e-01,-7.436407804489135742e-01,-1.000000000000000000e+00,-9.080812931060791016e-01,1.000000000000000000e+00,5.961515903472900391e-01,-6.171433329582214355e-01,-1.000000000000000000e+00,-1.000000000000000000e+00,-1.000000000000000000e+00,1.000000000000000000e+00,-1.000000000000000000e+00,-1.000000000000000000e+00,1.000000000000000000e+00,-1.000000000000000000e+00,-1.000000000000000000e+00,-1.000000000000000000e+00,-1.000000000000000000e+00,-1.000000000000000000e+00,-5.008046627044677734e-01,-1.000000000000000000e+00,-1.000000000000000000e+00,4.368271472485575624e-02,2.908882086657215912e-03,7.799134009042567144e-03,2.324070830563384343e-02,1.664668278329962253e-02,-1.308996938995747247e-02,-7.253190486468316656e-03,-2.958087705011424803e-02,-1.649090766015676862e-02,-7.272205216643039781e-03,-1.016207257312552563e-02,-4.855379313527900635e-03,-9.218702443513731443e-03,-4.363323129985824736e-03,-1.743427778976857495e-02,-2.230867183347119698e-02,-1.939978974681397933e-02,0.000000000000000000e+00,-8.726646259971649472e-03,-1.794534870348536704e-02,-3.248975913677144833e-02
1.788406407489197731e+09,3.474806621670722961e-02,3.072128295898437500e-01,1.733862161636352539e-01,7.168418169021606445e-01,-1.496537327766418457e-01,3.264479935169219971e-01,8.978633880615234375e-01,-2.858029603958129883e-01,-1.000000000000000000e+00,-2.048073709011077881e-01,1.000000000000000000e+00,6.804807782173156738e-01,2.810578346252441406e-01,-1.000000000000000000e+00,-1.000000000000000000e+00,-8.153581023216247559e-01,1.000000000000000000e+00,-1.000000000000000000e+00,-1.000000000000000000e+00,1.000000000000000000e+00,-1.000000000000000000e+00,-1.000000000000000000e+00,-1.000000000000000000e+00,-1.000000000000000000e+00,-1.000000000000000000e+00,-2.435117810964584351e-01,-1.000000000000000000e+00,-1.000000000000000000e+00,3.661811695780064352e-02,2.908882086657215912e-03,9.390251922385406402e-03,-1.146258421430947604e-02,-1.285216869331506050e-02,-1.163552834662886365e-02,-2.150319048646831543e-02,-2.126426140018511379e-02,-1.835537931352789615e-02,-1.163552834662886365e-02,-1.277654422649666596e-02,-1.835537931352789615e-02,-1.108317409688485550e-02,-8.726646259971649472e-03,-3.168427778976857373e-02,-2.562758453017093332e-02,-1.835537931352789615e-02,1.454441043328607956e-03,-7.272205216643039781e-03,-1.835537931352789615e-02,-1.980982035685650497e-02
1.788406407537151575e+09,2.771430835127830505e-02,3.111849427223205566e-01,1.685682982206344604e-01,7.167087793350219727e-01,-1.583004444837570190e-01,3.182374536991119385e-01,9.104959368705749512e-01,-7.308025956153869629e-01,-1.000000000000000000e+00,-6.366038322448730469e-01,7.042528986930847168e-01,4.126819372177124023e-01,1.487925648689270020e-01,-1.000000000000000000e+00,-1.000000000000000000e+00,3.322335481643676758e-01,1.000000000000000000e+00,-1.000000000000000000e+00,-1.000000000000000000e+00,1.000000000000000000e+00,-1.000000000000000000e+00,-1.000000000000000000e+00,-1.000000000000000000e+00,-1.000000000000000000e+00,-1.000000000000000000e+00,-5.461852550506591797e-01,-1.000000000000000000e+00,-1.000000000000000000e+00,3.083240267208635019e-02,2.908882086657215912e-03,1.229913400904262752e-02,-1.427981967562284502e-02,-6.962681074079343432e-03,-1.454441043328607956e-02,-1.102769274988197462e-02,-8.584322620270173898e-03,-1.876540992357043219e-02,-1.018108730330025656e-02,-1.975433900985362409e-02,-1.731096888024182337e-02,-8.584322620270173898e-03,-7.272205216643039781e-03,-2.120878005318223292e-02,-2.458317409688486055e-02,-2.021985096689903061e-02,-1.454441043328607956e-03,-7.272205216643039781e-03,-1.731096888024182337e-02,-2.167429201022764290e-02
1.788406407586654186e+09,1.859721541404724121e-02,3.152480423450469971e-01,1.634917259216308594e-01,7.165315151214599609e-01,-1.666838228702545166e-01,3.118898570537567139e-01,9.236668348312377930e-01,1.457494050264358521e-01,-1.000000000000000000e+00,-5.460326671600341797e-01,1.000000000000000000e+00,1.648483127355575562e-01,-2.334378659725189209e-01,-1.000000000000000000e+00,-1.000000000000000000e+00,-9.568438529968261719e-01,1.000000000000000000e+00,-1.000000000000000000e+00,-1.000000000000000000e+00,1.000000000000000000e+00,-1.000000000000000000e+00,-1.000000000000000000e+00,-1.000000000000000000e+00,-1.000000000000000000e+00,-1.000000000000000000e+00,-3.642420172691345215e-01,-1.000000000000000000e+00,-1.000000000000000000e+00,2.290383124351493688e-02,2.908882086657215912e-03,1.084469296571410890e-02,1.315126762767742340e-02,6.537318925920627792e-03,-1.308996938995747247e-02,-7.824400229938679660e-03,-3.371985096689903566e-02,-1.772099949028434901e-02,-8.726646259971649472e-03,-1.509660544658172204e-02,-2.353876366359879124e-02,-1.044879427364131183e-02,-4.363323129985824736e-03,-1.945992857656754851e-02,-2.499320470692738966e-02,-1.481211740362714177e-02,-1.454441043328607956e-03,-8.726646259971649472e-03,-1.772099949028434901e-02,-1.917544053361296130e-02
1.788406407636627197e+09,8.635170757770538330e-03,3.194787800312042236e-01,1.583376824855804443e-01,7.175768613815307617e-01,-1.737871021032333374e-01,3.094439208507537842e-01,9.380208849906921387e-01,-2.277582138776779175e-01,-1.000000000000000000e+00,-3.761561959981918335e-02,7.921269536018371582e-01,-2.976552397012710571e-02,-1.536013782024383545e-01,-1.000000000000000000e+00,-1.000000000000000000e+00,-4.962272942066192627e-01,1.000000000000000000e+00,-1.000000000000000000e+00,-1.000000000000000000e+00,1.000000000000000000e+00,-1.000000000000000000e+00,-1.000000000000000000e+00,-1.000000000000000000e+00,-1.000000000000000000e+00,-1.000000000000000000e+00,2.473808676004409790e-01,-1.000000000000000000e+00,-1.000000000000000000e+00,1.904668838637207928e-02,2.908882086657215912e-03,1.229913400904262752e-02,-7.007614458979793959e-03,-4.053798987422146602e-03,-1.018108730330025656e-02,-1.599885147661468665e-02,-1.522214801366966221e-02,-6.777375803835850292e-04,-8.726646259971649472e-03,-1.599885147661468665e-02,-2.132178623712189299e-03,-1.085882488368383747e-02,-4.363323129985824736e-03,-2.472549773658633612e-02,-1.813103010032688159e-02,-9.404383840355233851e-03,-4.363323129985824736e-03,-8.726646259971649472e-03,-1.085882488368383747e-02,-9.404383840355233851e-03
1.788406407687175274e+09,-8.849415462464094162e-05,3.244406580924987793e-01,1.532744020223617554e-01,7.207264304161071777e-01,-1.796702891588211060e-01,3.103469610214233398e-01,9.530459642410278320e-01,6.308349370956420898e-01,-1.000000000000000000e+00,4.414709210395812988e-01,1.000000000000000000e+00,7.175390124320983887e-01,4.135197401046752930e-01,-1.000000000000000000e+00,-1.000000000000000000e+00,4.119746014475822449e-02,1.000000000000000000e+00,-1.000000000000000000e+00,-1.000000000000000000e+00,1.000000000000000000e+00,-1.000000000000000000e+00,-1.000000000000000000e+00,-1.000000000000000000e+00,-9.846931695938110352e-01,-1.000000000000000000e+00,6.494137048721313477e-01,-1.000000000000000000e+00,-1.000000000000000000e+00,1.617013993433543545e-02,1.454441043328607956e-03,1.229913400904262752e-02,2.970180324377152958e-03,-2.189327334051032522e-03,-1.454441043328607956e-02,-1.018108730330025656e-02,-6.905532363740543578e-03,-1.417773758038358423e-02,-8.726646259971649472e-03,4.363323129985824736e-03,3.666728529024967996e-04,-1.126885549372636831e-02,-8.726646259971649472e-03,-2.327105669325772730e-02,-2.290438384035523370e-02,-9.814414450397761225e-03,-1.454441043328607956e-03,-8.726646259971649472e-03,-1.854106071036941070e-02,-1.417773758038358423e-02
1.788406407737699270e+09,-6.728825625032186508e-03,3.298924267292022705e-01,1.481375992298126221e-01,7.249859571456909180e-01,-1.851037144660949707e-01,3.126374781131744385e-01,9.674554467201232910e-01,1.182224228978157043e-01,-1.000000000000000000e+00,-3.581946790218353271e-01,9.709758162498474121e-01,-1.733153015375137329e-01,-2.952560782432556152e-01,-1.000000000000000000e+00,-1.000000000000000000e+00,-1.000000000000000000e+00,1.000000000000000000e+00,-1.000000000000000000e+00,-1.000000000000000000e+00,1.000000000000000000e+00,-1.000000000000000000e+00,-1.000000000000000000e+00,-1.000000000000000000e+00,-1.000000000000000000e+00,-1.000000000000000000e+00,1.000000000000000000e+00,-1.000000000000000000e+00,-1.000000000000000000e+00,1.447442126274108877e-02,2.908882086657215912e-03,9.390251922385406402e-03,2.749238554102015342e-02,1.712843683926340219e-02,-1.163552834662886365e-02,-5.697169408746750180e-03,-1.163552834662886365e-02,-1.454441043328607956e-02,-1.163552834662886365e-02,7.392799981210723161e-03,-2.908882086657215912e-03,-5.817764173314431825e-03,-1.018108730330025656e-02,-1.587825671204700501e-02,-2.036217460660051312e-02,-1.454441043328607956e-02,-4.363323129985824736e-03,-8.726646259971649472e-03,-1.454441043328607956e-02,-2.036217460660051312e-02
1.788406407787121296e+09,-1.128582376986742020e-02,3.351959288120269775e-01,1.431758701801300049e-01,7.296144366264343262e-01,-1.898638904094696045e-01,3.158297836780548096e-01,9.808305501937866211e-01,7.610136270523071289e-01,-1.000000000000000000e+00,5.449332594871520996e-01,5.851063132286071777e-01,-4.876149445772171021e-02,2.283508032560348511e-01,-1.000000000000000000e+00,-1.000000000000000000e+00,-1.552364081144332886e-01,1.000000000000000000e+00,-1.000000000000000000e+00,-1.000000000000000000e+00,1.000000000000000000e+00,-1.000000000000000000e+00,-1.000000000000000000e+00,-1.000000000000000000e+00,-1.000000000000000000e+00,-1.000000000000000000e+00,9.879232645034790039e-01,-1.000000000000000000e+00,-1.000000000000000000e+00,1.576013554845537290e-02,1.454441043328607956e-03,9.390251922385406402e-03,-2.030087636888056046e-02,7.195547526061876189e-04,-1.454441043328607956e-02,-8.726646259971649472e-03,-5.817764173314431825e-03,-2.908882086657215912e-03,-8.726646259971649472e-03,0.000000000000000000e+00,-4.363323129985824736e-03,-8.726646259971649472e-03,-7.272205216643039781e-03,-2.617993877991494495e-02,-1.018108730330025656e-02,-2.908882086657215912e-03,-1.454441043328607956e-03,-7.272205216643039781e-03,-1.454441043328607956e-03,-8.726646259971649472e-03
1.788406407837256193e+09,-1.375948823988437653e-02,3.400739729404449463e-01,1.387985944747924805e-01,7.344677448272705078e-01,-1.933036744594573975e-01,3.202872872352600098e-01,9.929825067520141602e-01,-8.850756287574768066e-01,-1.000000000000000000e+00,-3.462022244930267334e-01,1.000000000000000000e+00,-2.461833506822586060e-01,-7.379229068756103516e-01,-1.000000000000000000e+00,-1.000000000000000000e+00,-1.000000000000000000e+00,1.000000000000000000e+00,-1.000000000000000000e+00,-1.000000000000000000e+00,1.000000000000000000e+00,-1.000000000000000000e+00,-1.000000000000000000e+00,-1.000000000000000000e+00,-1.000000000000000000e+00,-1.000000000000000000e+00,1.000000000000000000e+00,-1.000000000000000000e+00,-1.000000000000000000e+00,1.447442126274108877e-02,1.454441043328607956e-03,1.229913400904262752e-02,1.149353406440549105e-02,6.947349535963131748e-03,-1.454441043328607956e-02,-7.272205216643039781e-03,-8.726646259971649472e-03,0.000000000000000000e+00,-8.726646259971649472e-03,0.000000000000000000e+00,-8.726646259971649472e-03,-1.018108730330025656e-02,-1.018108730330025656e-02,-2.472549773658633612e-02,-8.726646259971649472e-03,-2.908882086657215912e-03,-1.454441043328607956e-03,-7.272205216643039781e-03,-2.908882086657215912e-03,-8.726646259971649472e-03
1.788406407887684107e+09,-1.414981856942176819e-02,3.439275622367858887e-01,1.352007687091827393e-01,7.389343976974487305e-01,-1.948931962251663208e-01,3.263156116008758545e-01,1.003647446632385254e+00,1.557632237672805786e-01,-1.000000000000000000e+00,-4.766145646572113037e-01,3.568251729011535645e-01,-5.329751372337341309e-01,-9.097249507904052734e-01,-1.000000000000000000e+00,-1.000000000000000000e+00,-1.000000000000000000e+00,1.000000000000000000e+00,-1.000000000000000000e+00,-1.000000000000000000e+00,1.000000000000000000e+00,-1.000000000000000000e+00,-1.000000000000000000e+00,-1.000000000000000000e+00,-1.000000000000000000e+00,-1.000000000000000000e+00,9.869561791419982910e-01,-1.000000000000000000e+00,-1.000000000000000000e+00,1.318870697702680291e-02,2.908882086657215912e-03,9.390251922385406402e-03,-5.756465935594460952e-03,-7.348862907224223973e-04,-1.454441043328607956e-02,-7.272205216643039781e-03,-8.726646259971649472e-03,-2.908882086657215912e-03,-8.726646259971649472e-03,0.000000000000000000e+00,-1.308996938995747247e-02,-1.018108730330025656e-02,-1.018108730330025656e-02,-2.472549773658633612e-02,-8.726646259971649472e-03,-2.908882086657215912e-03,-4.363323129985824736e-03,-7.272205216643039781e-03,-2.908882086657215912e-03,-8.726646259971649472e-03
1.788406407937485456e+09,-1.272985804826021194e-02,3.465712070465087891e-01,1.327907592058181763e-01,7.427285909652709961e-01,-1.941719502210617065e-01,3.338592648506164551e-01,1.012981534004211426e+00,-3.395291268825531006e-01,-1.000000000000000000e+00,-1.202786490321159363e-01,6.461185812950134277e-01,7.755008339881896973e-01,-6.057219505310058594e-01,-1.000000000000000000e+00,-1.000000000000000000e+00,-1.000000000000000000e+00,1.000000000000000000e+00,-1.000000000000000000e+00,-1.000000000000000000e+00,1.000000000000000000e+00,-1.000000000000000000e+00,-1.000000000000000000e+00,-1.000000000000000000e+00,-1.000000000000000000e+00,-1.000000000000000000e+00,1.000000000000000000e+00,-1.000000000000000000e+00,-1.000000000000000000e+00,1.190299269131251877e-02,1.454441043328607956e-03,9.390251922385406402e-03,-2.300646593559445979e-02,-1.132600420406517337e-02,-1.454441043328607956e-02,-8.726646259971649472e-03,-8.726646259971649472e-03,0.000000000000000000e+00,-8.726646259971649472e-03,0.000000000000000000e+00,-1.308996938995747247e-02,-1.018108730330025656e-02,-1.018108730330025656e-02,-2.327105669325772730e-02,-1.018108730330025656e-02,-2.908882086657215912e-03,-4.363323129985824736e-03,-7.272205216643039781e-03,-2.908882086657215912e-03,-8.726646259971649472e-03
1.788406407986992121e+09,-9.499607607722282410e-03,3.483693897724151611e-01,1.316800117492675781e-01,7.459526062011718750e-01,-1.914467513561248779e-01,3.422661125659942627e-01,1.020993232727050781e+00,7.823559045791625977e-01,-1.000000000000000000e+00,-4.499590992927551270e-01,2.585647702217102051e-01,6.042880415916442871e-01,-3.683692514896392822e-01,-1.000000000000000000e+00,-1.000000000000000000e+00,-1.000000000000000000e+00,1.000000000000000000e+00,-1.000000000000000000e+00,-1.000000000000000000e+00,1.000000000000000000e+00,-1.000000000000000000e+00,-1.000000000000000000e+00,-1.000000000000000000e+00,-1.000000000000000000e+00,-1.000000000000000000e+00,1.000000000000000000e+00,-1.000000000000000000e+00,-1.000000000000000000e+00,1.061727840559823291e-02,1.454441043328607956e-03,9.390251922385406402e-03,-1.407652715567952149e-02,-1.173603481410770075e-02,-1.163552834662886365e-02,-8.726646259971649472e-03,-8.726646259971649472e-03,0.000000000000000000e+00,-8.726646259971649472e-03,0.000000000000000000e+00,-1.308996938995747247e-02,-8.726646259971649472e-03,-1.018108730330025656e-02,-2.327105669325772730e-02,-1.018108730330025656e-02,-5.817764173314431825e-03,-4.363323129985824736e-03,-7.272205216643039781e-03,-2.908882086657215912e-03,-8.726646259971649472e-03
1.788406408038137197e+09,-4.186023958027362823e-03,3.501794040203094482e-01,1.315558105707168579e-01,7.489862442016601562e-01,-1.877733319997787476e-01,3.505885004997253418e-01,1.027269721031188965e+00,-1.379961818456649780e-01,-1.000000000000000000e+00,5.419983863830566406e-01,1.000000000000000000e+00,1.000000000000000000e+00,6.711996346712112427e-02,-1.000000000000000000e+00,-1.000000000000000000e+00,-1.000000000000000000e+00,1.000000000000000000e+00,-1.000000000000000000e+00,-1.000000000000000000e+00,1.000000000000000000e+00,-1.000000000000000000e+00,-1.000000000000000000e+00,-1.000000000000000000e+00,-1.000000000000000000e+00,-1.000000000000000000e+00,1.000000000000000000e+00,-1.000000000000000000e+00,-1.000000000000000000e+00,9.331564119883948780e-03,1.454441043328607956e-03,9.390251922385406402e-03,-8.055470462421759209e-03,-3.250824003075072216e-02,-1.454441043328607956e-02,-8.726646259971649472e-03,-8.726646259971649472e-03,0.000000000000000000e+00,-8.726646259971649472e-03,0.000000000000000000e+00,-1.308996938995747247e-02,-8.726646259971649472e-03,-1.018108730330025656e-02,-2.327105669325772730e-02,-1.018108730330025656e-02,-2.908882086657215912e-03,-4.363323129985824736e-03,-7.272205216643039781e-03,-2.908882086657215912e-03,-8.726646259971649472e-03
1.788406408087857723e+09,3.210893133655190468e-03,3.530771136283874512e-01,1.324326097965240479e-01,7.525246739387512207e-01,-1.837502419948577881e-01,3.583626449108123779e-01,1.030996799468994141e+00,1.466209143400192261e-01,-1.000000000000000000e+00,2.977471649646759033e-01,4.773347675800323486e-01,8.142858743667602539e-01,1.000000000000000000e+00,-1.000000000000000000e+00,-1.000000000000000000e+00,-1.000000000000000000e+00,1.000000000000000000e+00,-1.000000000000000000e+00,-1.000000000000000000e+00,1.000000000000000000e+00,-1.000000000000000000e+00,-1.000000000000000000e+00,-1.000000000000000000e+00,-1.000000000000000000e+00,-1.000000000000000000e+00,1.000000000000000000e+00,-1.000000000000000000e+00,-1.000000000000000000e+00,8.045849834169662915e-03,1.454441043328607956e-03,9.390251922385406402e-03,-1.366994211579292129e-02,-3.873603481410768656e-02,-1.454441043328607956e-02,-7.272205216643039781e-03,-8.726646259971649472e-03,-2.908882086657215912e-03,-1.163552834662886365e-02,0.000000000000000000e+00,-1.308996938995747247e-02,-8.726646259971649472e-03,-1.018108730330025656e-02,-2.327105669325772730e-02,-1.018108730330025656e-02,-2.908882086657215912e-03,-4.363323129985824736e-03,-7.272205216643039781e-03,-2.908882086657215912e-03,-8.726646259971649472e-03
1.788406408138362408e+09,1.260496396571397781e-02,3.573096692562103271e-01,1.339741647243499756e-01,7.568272948265075684e-01,-1.800033748149871826e-01,3.651734590530395508e-01,1.031346678733825684e+00,3.059934973716735840e-01,-1.000000000000000000e+00,4.345338046550750732e-01,6.746797561645507812e-01,8.407281041145324707e-01,1.000000000000000000e+00,-1.000000000000000000e+00,-1.000000000000000000e+00,-4.583432152867317200e-02,1.000000000000000000e+00,-1.000000000000000000e+00,-1.000000000000000000e+00,1.000000000000000000e+00,-1.000000000000000000e+00,-1.000000000000000000e+00,-1.000000000000000000e+00,-1.000000000000000000e+00,-1.000000000000000000e+00,1.000000000000000000e+00,-1.000000000000000000e+00,-1.000000000000000000e+00,9.331564119883948780e-03,1.454441043328607956e-03,1.229913400904262752e-02,-1.637553168250682062e-02,-3.332830125083578732e-02,-1.454441043328607956e-02,-7.272205216643039781e-03,-8.726646259971649472e-03,0.000000000000000000e+00,-8.726646259971649472e-03,0.000000000000000000e+00,-1.308996938995747247e-02,-8.726646259971649472e-03,-1.018108730330025656e-02,-2.327105669325772730e-02,-1.018108730330025656e-02,-2.908882086657215912e-03,-4.363323129985824736e-03,-7.272205216643039781e-03,-2.908882086657215912e-03,-8.726646259971649472e-03
1.788406408188611507e+09,2.191285789012908936e-02,3.624385595321655273e-01,1.355564296245574951e-01,7.611082792282104492e-01,-1.769582331180572510e-01,3.713261187076568604e-01,1.028489470481872559e+00,-1.000000000000000000e+00,-1.000000000000000000e+00,-1.681776493787765503e-01,8.740369677543640137e-01,3.594706654548645020e-01,9.972358942031860352e-01,-1.000000000000000000e+00,-1.000000000000000000e+00,-1.000000000000000000e+00,1.000000000000000000e+00,-1.000000000000000000e+00,-1.000000000000000000e+00,1.000000000000000000e+00,-1.000000000000000000e+00,-1.000000000000000000e+00,-1.000000000000000000e+00,-1.000000000000000000e+00,-1.000000000000000000e+00,1.000000000000000000e+00,-1.000000000000000000e+00,-1.000000000000000000e+00,8.045849834169662915e-03,2.908882086657215912e-03,9.390251922385406402e-03,1.832776083743645201e-02,-5.283890817549703571e-03,-1.454441043328607956e-02,-7.272205216643039781e-03,-8.726646259971649472e-03,0.000000000000000000e+00,-8.726646259971649472e-03,0.000000000000000000e+00,-1.308996938995747247e-02,-1.018108730330025656e-02,-7.272205216643039781e-03,-2.327105669325772730e-02,-1.018108730330025656e-02,-5.817764173314431825e-03,-4.363323129985824736e-03,-7.272205216643039781e-03,-2.908882086657215912e-03,-8.726646259971649472e-03
1.788406408238425493e+09,2.913741581141948700e-02,3.679164946079254150e-01,1.368880569934844971e-01,7.645557522773742676e-01,-1.745224893093109131e-01,3.773580491542816162e-01,1.023604273796081543e+00,-7.793893218040466309e-01,-1.000000000000000000e+00,-1.973246484994888306e-01,1.000000000000000000e+00,1.267224699258804321e-01,1.000000000000000000e+00,-1.000000000000000000e+00,-1.000000000000000000e+00,-9.976365566253662109e-01,1.000000000000000000e+00,-1.000000000000000000e+00,-1.000000000000000000e+00,1.000000000000000000e+00,-1.000000000000000000e+00,-1.000000000000000000e+00,-1.000000000000000000e+00,-1.000000000000000000e+00,-1.000000000000000000e+00,1.000000000000000000e+00,-1.000000000000000000e+00,-1.000000000000000000e+00,6.760135548455377050e-03,2.908882086657215912e-03,1.229913400904262752e-02,-1.928441376916403827e-02,-2.314721394753553943e-02,-1.454441043328607956e-02,-7.272205216643039781e-03,-8.726646259971649472e-03,0.000000000000000000e+00,-8.726646259971649472e-03,0.000000000000000000e+00,-1.308996938995747247e-02,-1.018108730330025656e-02,-7.272205216643039781e-03,-2.327105669325772730e-02,-7.272205216643039781e-03,-2.908882086657215912e-03,-4.363323129985824736e-03,-7.272205216643039781e-03,-5.817764173314431825e-03,-8.726646259971649472e-03
1.788406408288680077e+09,3.427863866090774536e-02,3.736645281314849854e-01,1.378697007894515991e-01,7.675562500953674316e-01,-1.726008653640747070e-01,3.835040032863616943e-01,1.017413616180419922e+00,-4.789202287793159485e-02,-1.000000000000000000e+00,5.233114957809448242e-01,1.000000000000000000e+00,2.731038033962249756e-01,1.000000000000000000e+00,-1.000000000000000000e+00,-1.000000000000000000e+00,-3.427089154720306396e-01,1.000000000000000000e+00,-1.000000000000000000e+00,-1.000000000000000000e+00,1.000000000000000000e+00,-1.000000000000000000e+00,-1.000000000000000000e+00,-1.000000000000000000e+00,-1.000000000000000000e+00,-1.000000000000000000e+00,1.000000000000000000e+00,-1.000000000000000000e+00,-1.000000000000000000e+00,8.045849834169662915e-03,2.908882086657215912e-03,9.390251922385406402e-03,-1.326335707590632282e-02,-1.628503934093502789e-02,-1.454441043328607956e-02,-8.726646259971649472e-03,-8.726646259971649472e-03,0.000000000000000000e+00,-8.726646259971649472e-03,0.000000000000000000e+00,-1.308996938995747247e-02,-8.726646259971649472e-03,-1.018108730330025656e-02,-2.327105669325772730e-02,-7.272205216643039781e-03,-5.817764173314431825e-03,-4.363323129985824736e-03,-7.272205216643039781e-03,-2.908882086657215912e-03,-8.726646259971649472e-03
1.788406408341595411e+09,3.839143365621566772e-02,3.799148797988891602e-01,1.383069604635238647e-01,7.707494497299194336e-01,-1.713636517524719238e-01,3.898490071296691895e-01,1.009311676025390625e+00,5.699477717280387878e-02,-1.000000000000000000e+00,3.771692216396331787e-01,1.000000000000000000e+00,2.730695009231567383e-01,1.000000000000000000e+00,-1.000000000000000000e+00,-1.000000000000000000e+00,8.054338395595550537e-02,1.000000000000000000e+00,-1.000000000000000000e+00,-1.000000000000000000e+00,1.000000000000000000e+00,-1.000000000000000000e+00,-1.000000000000000000e+00,-1.000000000000000000e+00,-1.000000000000000000e+00,-1.000000000000000000e+00,1.000000000000000000e+00,-1.000000000000000000e+00,-1.000000000000000000e+00,9.331564119883948780e-03,2.908882086657215912e-03,1.229913400904262752e-02,6.895525010750941375e-03,-1.005724455757806002e-02,-1.454441043328607956e-02,-7.272205216643039781e-03,-8.726646259971649472e-03,0.000000000000000000e+00,-1.163552834662886365e-02,0.000000000000000000e+00,-1.308996938995747247e-02,-1.018108730330025656e-02,-1.018108730330025656e-02,-2.327105669325772730e-02,-7.272205216643039781e-03,-2.908882086657215912e-03,-4.363323129985824736e-03,-7.272205216643039781e-03,-5.817764173314431825e-03,-8.726646259971649472e-03
1.788406408388909101e+09,4.147580265998840332e-02,3.866211175918579102e-01,1.381479054689407349e-01,7.741686701774597168e-01,-1.707611978054046631e-01,3.965240418910980225e-01,9.994556903839111328e-01,-5.368564128875732422e-01,-1.000000000000000000e+00,3.227611482143402100e-01,1.000000000000000000e+00,1.229553148150444031e-01,1.000000000000000000e+00,-1.000000000000000000e+00,-1.000000000000000000e+00,-1.000000000000000000e+00,1.000000000000000000e+00,-1.000000000000000000e+00,-1.000000000000000000e+00,1.000000000000000000e+00,-1.000000000000000000e+00,-1.000000000000000000e+00,-1.000000000000000000e+00,-1.000000000000000000e+00,-1.000000000000000000e+00,1.000000000000000000e+00,-1.000000000000000000e+00,-1.000000000000000000e+00,8.045849834169662915e-03,2.908882086657215912e-03,9.390251922385406402e-03,3.141773022739390020e-02,1.216940170239359451e-02,-1.454441043328607956e-02,-8.726646259971649472e-03,-8.726646259971649472e-03,0.000000000000000000e+00,-8.726646259971649472e-03,0.000000000000000000e+00,-1.454441043328607956e-02,-8.726646259971649472e-03,-1.018108730330025656e-02,-2.327105669325772730e-02,-7.272205216643039781e-03,-5.817764173314431825e-03,-4.363323129985824736e-03,-7.272205216643039781e-03,-2.908882086657215912e-03,-8.726646259971649472e-03
1.788406408441458941e+09,4.338165372610092163e-02,3.938380479812622070e-01,1.375643610954284668e-01,7.779746651649475098e-01,-1.705989390611648560e-01,4.036062061786651611e-01,9.885246753692626953e-01,3.935293480753898621e-02,-1.000000000000000000e+00,7.813183069229125977e-01,1.000000000000000000e+00,2.055441588163375854e-01,1.000000000000000000e+00,-1.000000000000000000e+00,-1.000000000000000000e+00,-4.680033624172210693e-01,1.000000000000000000e+00,-1.000000000000000000e+00,-1.000000000000000000e+00,1.000000000000000000e+00,-1.000000000000000000e+00,-1.000000000000000000e+00,-1.000000000000000000e+00,-1.000000000000000000e+00,-1.000000000000000000e+00,1.000000000000000000e+00,-1.000000000000000000e+00,-1.000000000000000000e+00,9.331564119883948780e-03,2.908882086657215912e-03,9.390251922385406402e-03,-1.782997272583542944e-02,-8.602803514249451194e-03,-1.454441043328607956e-02,-7.272205216643039781e-03,-8.726646259971649472e-03,0.000000000000000000e+00,-8.726646259971649472e-03,0.000000000000000000e+00,-1.163552834662886365e-02,-8.726646259971649472e-03,-1.018108730330025656e-02,-2.327105669325772730e-02,-7.272205216643039781e-03,-2.908882086657215912e-03,-4.363323129985824736e-03,-7.272205216643039781e-03,-2.908882086657215912e-03,-8.726646259971649472e-03
1.788406408489779472e+09,4.439657926559448242e-02,4.015645980834960938e-01,1.367751210927963257e-01,7.824985384941101074e-01,-1.705505698919296265e-01,4.111894965171813965e-01,9.771551489830017090e-01,-4.407248497009277344e-01,-1.000000000000000000e+00,6.511933803558349609e-01,1.000000000000000000e+00,-2.475697845220565796e-01,1.000000000000000000e+00,-1.000000000000000000e+00,-1.000000000000000000e+00,-1.000000000000000000e+00,1.000000000000000000e+00,-1.000000000000000000e+00,-1.000000000000000000e+00,1.000000000000000000e+00,-1.000000000000000000e+00,-1.000000000000000000e+00,-1.000000000000000000e+00,-1.000000000000000000e+00,-1.000000000000000000e+00,1.000000000000000000e+00,-1.000000000000000000e+00,-1.000000000000000000e+00,8.045849834169662915e-03,2.908882086657215912e-03,1.084469296571410890e-02,9.601114577464792132e-03,6.351637529079165283e-03,-1.454441043328607956e-02,-8.726646259971649472e-03,-8.726646259971649472e-03,0.000000000000000000e+00,-8.726646259971649472e-03,0.000000000000000000e+00,-1.163552834662886365e-02,-8.726646259971649472e-03,-1.018108730330025656e-02,-2.327105669325772730e-02,-7.272205216643039781e-03,-2.908882086657215912e-03,-4.363323129985824736e-03,-7.272205216643039781e-03,-4.363323129985824736e-03,-8.726646259971649472e-03
1.788406408538861513e+09,4.378070309758186340e-02,4.091570973396301270e-01,1.357045173645019531e-01,7.870541810989379883e-01,-1.703266501426696777e-01,4.195383191108703613e-01,9.655216336250305176e-01,-1.391489356756210327e-01,-1.000000000000000000e+00,7.068238407373428345e-02,1.000000000000000000e+00,-4.478349089622497559e-01,1.000000000000000000e+00,-1.000000000000000000e+00,-1.000000000000000000e+00,-4.129676520824432373e-01,1.000000000000000000e+00,-1.000000000000000000e+00,-1.000000000000000000e+00,1.000000000000000000e+00,-1.000000000000000000e+00,-1.000000000000000000e+00,-1.000000000000000000e+00,-1.000000000000000000e+00,-1.000000000000000000e+00,1.000000000000000000e+00,-1.000000000000000000e+00,-1.000000000000000000e+00,9.290077123750144564e-03,2.908882086657215912e-03,9.390251922385406402e-03,-6.194444379206548446e-03,-1.330598297606411847e-03,-1.454441043328607956e-02,-7.272205216643039781e-03,-8.726646259971649472e-03,0.000000000000000000e+00,-8.726646259971649472e-03,0.000000000000000000e+00,-1.163552834662886365e-02,-1.018108730330025656e-02,-7.272205216643039781e-03,-2.327105669325772730e-02,-7.272205216643039781e-03,-2.908882086657215912e-03,-4.363323129985824736e-03,-7.272205216643039781e-03,-4.363323129985824736e-03,-8.726646259971649472e-03
1.788406408589163303e+09,4.124643653631210327e-02,4.157356023788452148e-01,1.341640055179595947e-01,7.907803058624267578e-01,-1.697198599576950073e-01,4.288023114204406738e-01,9.534846544265747070e-01,-5.099893808364868164e-01,-1.000000000000000000e+00,-8.692929744720458984e-01,1.000000000000000000e+00,-6.808077692985534668e-01,1.185119152069091797e-01,-1.000000000000000000e+00,-1.000000000000000000e+00,-1.000000000000000000e+00,1.000000000000000000e+00,-1.000000000000000000e+00,-1.000000000000000000e+00,1.000000000000000000e+00,-1.000000000000000000e+00,-1.000000000000000000e+00,-1.000000000000000000e+00,-1.000000000000000000e+00,-1.000000000000000000e+00,1.000000000000000000e+00,-1.000000000000000000e+00,-1.000000000000000000e+00,8.004362838035858699e-03,2.908882086657215912e-03,9.390251922385406402e-03,1.486226155265071847e-02,1.173378824298864503e-02,-1.454441043328607956e-02,-8.726646259971649472e-03,-5.817764173314431825e-03,0.000000000000000000e+00,-8.726646259971649472e-03,0.000000000000000000e+00,-1.163552834662886365e-02,-8.726646259971649472e-03,-1.018108730330025656e-02,-2.327105669325772730e-02,-1.018108730330025656e-02,-2.908882086657215912e-03,-4.363323129985824736e-03,-7.272205216643039781e-03,-2.908882086657215912e-03,-8.726646259971649472e-03
1.788406408638849497e+09,3.662883862853050232e-02,4.206399321556091309e-01,1.321488618850708008e-01,7.932475805282592773e-01,-1.684886217117309570e-01,4.388779997825622559e-01,9.413546919822692871e-01,-2.758848071098327637e-01,-1.000000000000000000e+00,-1.536109000444412231e-01,1.000000000000000000e+00,-1.017066612839698792e-01,1.531640738248825073e-01,-1.000000000000000000e+00,-1.000000000000000000e+00,-1.000000000000000000e+00,1.000000000000000000e+00,-1.000000000000000000e+00,-1.000000000000000000e+00,1.000000000000000000e+00,-1.000000000000000000e+00,-1.000000000000000000e+00,-1.000000000000000000e+00,-1.000000000000000000e+00,-1.000000000000000000e+00,1.000000000000000000e+00,-1.000000000000000000e+00,-1.000000000000000000e+00,6.718648552321572834e-03,2.908882086657215912e-03,9.390251922385406402e-03,-8.205502620663718272e-03,-1.766211757011348525e-03,-1.454441043328607956e-02,-8.726646259971649472e-03,-8.726646259971649472e-03,0.000000000000000000e+00,-8.726646259971649472e-03,0.000000000000000000e+00,-1.163552834662886365e-02,-1.018108730330025656e-02,-1.018108730330025656e-02,-2.327105669325772730e-02,-7.272205216643039781e-03,-2.908882086657215912e-03,-4.363323129985824736e-03,-7.272205216643039781e-03,-2.908882086657215912e-03,-1.018108730330025656e-02
1.788406408688909292e+09,3.014193661510944366e-02,4.235284030437469482e-01,1.297302842140197754e-01,7.942880988121032715e-01,-1.665246784687042236e-01,4.494659602642059326e-01,9.294100999832153320e-01,-2.821270823478698730e-01,-1.000000000000000000e+00,-1.000000000000000000e+00,1.000000000000000000e+00,-4.235484171658754349e-03,-4.783255159854888916e-01,-1.000000000000000000e+00,-1.000000000000000000e+00,-1.000000000000000000e+00,1.000000000000000000e+00,-1.000000000000000000e+00,-1.000000000000000000e+00,1.000000000000000000e+00,-1.000000000000000000e+00,-1.000000000000000000e+00,-1.000000000000000000e+00,-1.000000000000000000e+00,-1.000000000000000000e+00,1.000000000000000000e+00,-1.000000000000000000e+00,-1.000000000000000000e+00,5.432934266607286969e-03,2.908882086657215912e-03,9.390251922385406402e-03,-1.672885636069205637e-02,-1.526621175701135466e-02,-1.454441043328607956e-02,-7.272205216643039781e-03,-8.726646259971649472e-03,0.000000000000000000e+00,-8.726646259971649472e-03,0.000000000000000000e+00,-1.163552834662886365e-02,-1.018108730330025656e-02,-7.272205216643039781e-03,-2.327105669325772730e-02,-7.272205216643039781e-03,-2.908882086657215912e-03,-4.363323129985824736e-03,-7.272205216643039781e-03,-5.817764173314431825e-03,-1.018108730330025656e-02
1.788406408739433289e+09,2.219396643340587616e-02,4.243335425853729248e-01,1.270240694284439087e-01,7.938218116760253906e-01,-1.638578921556472778e-01,4.601339399814605713e-01,9.178897142410278320e-01,-2.608062624931335449e-01,-1.000000000000000000e+00,-1.000000000000000000e+00,1.000000000000000000e+00,4.409483671188354492e-01,-1.000000000000000000e+00,-1.000000000000000000e+00,-1.000000000000000000e+00,-1.000000000000000000e+00,1.000000000000000000e+00,-1.000000000000000000e+00,-1.000000000000000000e+00,1.000000000000000000e+00,-1.000000000000000000e+00,-1.000000000000000000e+00,-1.000000000000000000e+00,-1.000000000000000000e+00,-1.000000000000000000e+00,1.000000000000000000e+00,-1.000000000000000000e+00,-1.000000000000000000e+00,4.147219980893001104e-03,2.908882086657215912e-03,9.390251922385406402e-03,-1.216224071076294974e-02,-3.312953488699717924e-02,-1.454441043328607956e-02,-7.272205216643039781e-03,-8.726646259971649472e-03,0.000000000000000000e+00,-8.726646259971649472e-03,0.000000000000000000e+00,-1.163552834662886365e-02,-8.726646259971649472e-03,-1.018108730330025656e-02,-2.327105669325772730e-02,-7.272205216643039781e-03,-2.908882086657215912e-03,-4.363323129985824736e-03,-1.018108730330025656e-02,-5.817764173314431825e-03,-1.018108730330025656e-02
1.788406408789247036e+09,1.376203261315822601e-02,4.230553507804870605e-01,1.240877062082290649e-01,7.918967604637145996e-01,-1.605108827352523804e-01,4.704978466033935547e-01,9.068348407745361328e-01,3.006920516490936279e-01,-1.000000000000000000e+00,-1.000000000000000000e+00,1.000000000000000000e+00,1.637633889913558960e-01,-1.000000000000000000e+00,-1.000000000000000000e+00,-1.000000000000000000e+00,-1.000000000000000000e+00,1.000000000000000000e+00,-1.000000000000000000e+00,-1.000000000000000000e+00,1.000000000000000000e+00,-1.000000000000000000e+00,-1.000000000000000000e+00,-1.000000000000000000e+00,-1.000000000000000000e+00,-1.000000000000000000e+00,1.000000000000000000e+00,-1.000000000000000000e+00,-1.000000000000000000e+00,2.861505695178715673e-03,2.908882086657215912e-03,1.084469296571410890e-02,-1.777671236413406672e-02,-4.662953488699717736e-02,-1.163552834662886365e-02,-7.272205216643039781e-03,-8.726646259971649472e-03,0.000000000000000000e+00,-8.726646259971649472e-03,0.000000000000000000e+00,-1.163552834662886365e-02,-1.018108730330025656e-02,-7.272205216643039781e-03,-2.327105669325772730e-02,-7.272205216643039781e-03,-2.908882086657215912e-03,-4.363323129985824736e-03,-7.272205216643039781e-03,-2.908882086657215912e-03,-8.726646259971649472e-03
1.788406408839561462e+09,6.521236151456832886e-03,4.198851585388183594e-01,1.211753860116004944e-01,7.888889312744140625e-01,-1.563718467950820923e-01,4.802612662315368652e-01,8.960277438163757324e-01,1.000000000000000000e+00,-1.000000000000000000e+00,-8.092260360717773438e-01,-1.090800203382968903e-02,1.607865840196609497e-01,-1.000000000000000000e+00,-1.000000000000000000e+00,-1.000000000000000000e+00,-1.000000000000000000e+00,1.000000000000000000e+00,-1.000000000000000000e+00,-1.000000000000000000e+00,1.000000000000000000e+00,-1.000000000000000000e+00,-1.000000000000000000e+00,-1.000000000000000000e+00,-1.000000000000000000e+00,-1.000000000000000000e+00,1.000000000000000000e+00,-1.000000000000000000e+00,-1.000000000000000000e+00,1.575791409464429808e-03,2.908882086657215912e-03,9.390251922385406402e-03,-1.321009671420496009e-02,-1.358742150048172607e-02,-1.454441043328607956e-02,-7.272205216643039781e-03,-5.817764173314431825e-03,0.000000000000000000e+00,-8.726646259971649472e-03,0.000000000000000000e+00,-1.163552834662886365e-02,-1.018108730330025656e-02,-7.272205216643039781e-03,-2.327105669325772730e-02,-7.272205216643039781e-03,-2.908882086657215912e-03,-4.363323129985824736e-03,-7.272205216643039781e-03,-2.908882086657215912e-03,-8.726646259971649472e-03
1.788406408889604330e+09,1.363773480989038944e-03,4.152818024158477783e-01,1.187502667307853699e-01,7.855682969093322754e-01,-1.511849164962768555e-01,4.894344508647918701e-01,8.855934143066406250e-01,-6.642809137701988220e-03,-1.000000000000000000e+00,-2.504306137561798096e-01,4.914647936820983887e-01,8.617963194847106934e-01,-9.425327181816101074e-01,-1.000000000000000000e+00,-1.000000000000000000e+00,-1.000000000000000000e+00,1.000000000000000000e+00,-1.000000000000000000e+00,-1.000000000000000000e+00,1.000000000000000000e+00,-1.000000000000000000e+00,-1.000000000000000000e+00,-1.000000000000000000e+00,-1.000000000000000000e+00,-1.000000000000000000e+00,1.000000000000000000e+00,-1.000000000000000000e+00,-1.000000000000000000e+00,2.900771237501442680e-04,2.908882086657215912e-03,1.084469296571410890e-02,-1.009792210760441719e-02,-1.690633419718147110e-02,-1.454441043328607956e-02,-7.272205216643039781e-03,-8.726646259971649472e-03,0.000000000000000000e+00,-8.726646259971649472e-03,0.000000000000000000e+00,-1.163552834662886365e-02,-8.726646259971649472e-03,-7.272205216643039781e-03,-2.327105669325772730e-02,-7.272205216643039781e-03,-2.908882086657215912e-03,-4.363323129985824736e-03,-7.272205216643039781e-03,-2.908882086657215912e-03,-8.726646259971649472e-03
1.788406408939631939e+09,-1.710355863906443119e-03,4.097551703453063965e-01,1.170111224055290222e-01,7.823002338409423828e-01,-1.451008915901184082e-01,4.978608191013336182e-01,8.756821155548095703e-01,4.431072473526000977e-01,-1.000000000000000000e+00,-1.000000000000000000e+00,4.194987565279006958e-02,1.000000000000000000e+00,-1.000000000000000000e+00,-1.000000000000000000e+00,-1.000000000000000000e+00,-1.000000000000000000e+00,1.000000000000000000e+00,-1.000000000000000000e+00,-1.000000000000000000e+00,1.000000000000000000e+00,-1.000000000000000000e+00,-1.000000000000000000e+00,-1.000000000000000000e+00,-1.000000000000000000e+00,-1.000000000000000000e+00,1.000000000000000000e+00,-1.000000000000000000e+00,-1.000000000000000000e+00,0.000000000000000000e+00,2.908882086657215912e-03,9.390251922385406402e-03,-1.716683480430419156e-02,-2.313412898053843203e-02,-1.454441043328607956e-02,-7.272205216643039781e-03,-8.726646259971649472e-03,0.000000000000000000e+00,-8.726646259971649472e-03,0.000000000000000000e+00,-1.163552834662886365e-02,-8.726646259971649472e-03,-7.272205216643039781e-03,-2.327105669325772730e-02,-7.272205216643039781e-03,-2.908882086657215912e-03,-4.363323129985824736e-03,-1.018108730330025656e-02,-2.908882086657215912e-03,-8.726646259971649472e-03
1.788406408989500046e+09,-2.701151650398969650e-03,4.034703075885772705e-01,1.161304637789726257e-01,7.786259651184082031e-01,-1.385971307754516602e-01,5.044350028038024902e-01,8.666942715644836426e-01,-6.069980934262275696e-02,-1.000000000000000000e+00,-9.249284267425537109e-01,7.927290797233581543e-01,8.266716003417968750e-01,-1.000000000000000000e+00,-1.000000000000000000e+00,-1.000000000000000000e+00,-1.000000000000000000e+00,1.000000000000000000e+00,-1.000000000000000000e+00,-1.000000000000000000e+00,1.000000000000000000e+00,-1.000000000000000000e+00,-1.000000000000000000e+00,-1.000000000000000000e+00,-1.000000000000000000e+00,-1.000000000000000000e+00,1.000000000000000000e+00,-1.000000000000000000e+00,-1.000000000000000000e+00,0.000000000000000000e+00,2.908882086657215912e-03,9.390251922385406402e-03,-7.968733491327817386e-03,-2.472549773658633612e-02,-1.454441043328607956e-02,-8.726646259971649472e-03,-8.726646259971649472e-03,0.000000000000000000e+00,-8.726646259971649472e-03,0.000000000000000000e+00,-1.454441043328607956e-02,-8.726646259971649472e-03,-1.018108730330025656e-02,-2.327105669325772730e-02,-7.272205216643039781e-03,-2.908882086657215912e-03,-4.363323129985824736e-03,-1.018108730330025656e-02,-2.908882086657215912e-03,-8.726646259971649472e-03
1.788406409039941788e+09,-1.608613994903862476e-03,3.966150283813476562e-01,1.161110922694206238e-01,7.743901014328002930e-01,-1.320105642080307007e-01,5.086951255798339844e-01,8.587420582771301270e-01,6.514948606491088867e-01,-1.000000000000000000e+00,-1.000000000000000000e+00,-1.877671480178833008e-01,7.371345162391662598e-01,-1.000000000000000000e+00,-1.000000000000000000e+00,-1.000000000000000000e+00,-1.000000000000000000e+00,1.000000000000000000e+00,-1.000000000000000000e+00,-1.000000000000000000e+00,1.000000000000000000e+00,-1.000000000000000000e+00,-1.000000000000000000e+00,-1.000000000000000000e+00,-1.000000000000000000e+00,-1.000000000000000000e+00,1.000000000000000000e+00,-1.000000000000000000e+00,-1.000000000000000000e+00,0.000000000000000000e+00,1.454441043328607956e-03,9.390251922385406402e-03,-5.059851404670598005e-03,-2.327105669325772730e-02,-1.454441043328607956e-02,-7.272205216643039781e-03,-8.726646259971649472e-03,0.000000000000000000e+00,-1.163552834662886365e-02,0.000000000000000000e+00,-1.163552834662886365e-02,-8.726646259971649472e-03,-1.018108730330025656e-02,-2.327105669325772730e-02,-7.272205216643039781e-03,-2.908882086657215912e-03,-4.363323129985824736e-03,-7.272205216643039781e-03,-5.817764173314431825e-03,-8.726646259971649472e-03
1.788406409089777231e+09,1.567257568240165710e-03,3.893932104110717773e-01,1.166365370154380798e-01,7.694501280784606934e-01,-1.258310079574584961e-01,5.105620026588439941e-01,8.514019250869750977e-01,2.990358769893646240e-01,-1.000000000000000000e+00,-1.000000000000000000e+00,3.935536742210388184e-01,1.000000000000000000e+00,-1.000000000000000000e+00,-1.000000000000000000e+00,-1.000000000000000000e+00,-1.000000000000000000e+00,1.000000000000000000e+00,-1.000000000000000000e+00,-1.000000000000000000e+00,1.000000000000000000e+00,-1.000000000000000000e+00,-1.000000000000000000e+00,-1.000000000000000000e+00,-1.000000000000000000e+00,-1.000000000000000000e+00,1.000000000000000000e+00,-1.000000000000000000e+00,-1.000000000000000000e+00,0.000000000000000000e+00,1.454441043328607956e-03,9.390251922385406402e-03,-9.423174534656427945e-03,-2.472549773658633612e-02,-1.454441043328607956e-02,-7.272205216643039781e-03,-8.726646259971649472e-03,0.000000000000000000e+00,-8.726646259971649472e-03,0.000000000000000000e+00,-1.163552834662886365e-02,-8.726646259971649472e-03,-7.272205216643039781e-03,-2.327105669325772730e-02,-7.272205216643039781e-03,-2.908882086657215912e-03,-1.454441043328607956e-03,-7.272205216643039781e-03,-4.363323129985824736e-03,-8.726646259971649472e-03
1.788406409140017748e+09,6.826463155448436737e-03,3.818418979644775391e-01,1.175529584288597107e-01,7.637783288955688477e-01,-1.202270612120628357e-01,5.100983977317810059e-01,8.444517254829406738e-01,5.379765033721923828e-01,-1.000000000000000000e+00,-1.000000000000000000e+00,-4.673618078231811523e-01,1.000000000000000000e+00,-1.000000000000000000e+00,-1.000000000000000000e+00,-1.000000000000000000e+00,-4.409685730934143066e-01,1.000000000000000000e+00,-1.000000000000000000e+00,-1.000000000000000000e+00,1.000000000000000000e+00,-1.000000000000000000e+00,-1.000000000000000000e+00,-1.000000000000000000e+00,-1.000000000000000000e+00,-1.000000000000000000e+00,1.000000000000000000e+00,-1.000000000000000000e+00,-1.000000000000000000e+00,1.285714285714285648e-03,1.454441043328607956e-03,1.229913400904262752e-02,-9.423174534656427945e-03,-2.763437982324355030e-02,-1.454441043328607956e-02,-7.272205216643039781e-03,-8.726646259971649472e-03,0.000000000000000000e+00,-8.726646259971649472e-03,0.000000000000000000e+00,-1.163552834662886365e-02,-8.726646259971649472e-03,-1.018108730330025656e-02,-2.327105669325772730e-02,-7.272205216643039781e-03,-2.908882086657215912e-03,-1.454441043328607956e-03,-7.272205216643039781e-03,-4.363323129985824736e-03,-8.726646259971649472e-03
1.788406409190647602e+09,1.380806043744087219e-02,3.742677867412567139e-01,1.190431937575340271e-01,7.575734853744506836e-01,-1.153012365102767944e-01,5.068010091781616211e-01,8.382456898689270020e-01,-2.462380193173885345e-02,-1.000000000000000000e+00,-1.000000000000000000e+00,1.662815809249877930e-01,1.000000000000000000e+00,-1.000000000000000000e+00,-1.000000000000000000e+00,-1.000000000000000000e+00,-1.000000000000000000e+00,1.000000000000000000e+00,-1.000000000000000000e+00,-1.000000000000000000e+00,1.000000000000000000e+00,-1.000000000000000000e+00,-1.000000000000000000e+00,-1.000000000000000000e+00,-1.000000000000000000e+00,-1.000000000000000000e+00,1.000000000000000000e+00,-1.000000000000000000e+00,-1.000000000000000000e+00,0.000000000000000000e+00,2.908882086657215912e-03,1.229913400904262752e-02,9.281266508672180587e-03,-1.122549773658633628e-02,-1.454441043328607956e-02,-8.726646259971649472e-03,-8.726646259971649472e-03,0.000000000000000000e+00,-1.163552834662886365e-02,0.000000000000000000e+00,-1.308996938995747247e-02,-1.018108730330025656e-02,-1.018108730330025656e-02,-2.327105669325772730e-02,-7.272205216643039781e-03,-5.817764173314431825e-03,-4.363323129985824736e-03,-7.272205216643039781e-03,-4.363323129985824736e-03,-1.018108730330025656e-02
1.788406409240230560e+09,2.251204848289489746e-02,3.668628036975860596e-01,1.211470812559127808e-01,7.510374784469604492e-01,-1.112102642655372620e-01,5.002223253250122070e-01,8.330192565917968750e-01,9.885057210922241211e-01,-1.000000000000000000e+00,-1.000000000000000000e+00,1.385933719575405121e-02,1.000000000000000000e+00,-1.000000000000000000e+00,-1.000000000000000000e+00,-1.000000000000000000e+00,-1.000000000000000000e+00,1.000000000000000000e+00,-1.000000000000000000e+00,-1.000000000000000000e+00,1.000000000000000000e+00,-1.000000000000000000e+00,-1.000000000000000000e+00,-1.000000000000000000e+00,-1.000000000000000000e+00,-1.000000000000000000e+00,1.000000000000000000e+00,-1.000000000000000000e+00,-1.000000000000000000e+00,0.000000000000000000e+00,1.454441043328607956e-03,9.390251922385406402e-03,-6.514292447999207696e-03,-1.890773356327190430e-02,-1.454441043328607956e-02,-7.272205216643039781e-03,-8.726646259971649472e-03,-2.908882086657215912e-03,-8.726646259971649472e-03,0.000000000000000000e+00,-1.308996938995747247e-02,-8.726646259971649472e-03,-7.272205216643039781e-03,-2.327105669325772730e-02,-1.018108730330025656e-02,-2.908882086657215912e-03,-4.363323129985824736e-03,-7.272205216643039781e-03,-4.363323129985824736e-03,-8.726646259971649472e-03
1.788406409290684700e+09,3.230789303779602051e-02,3.598594963550567627e-01,1.235784590244293213e-01,7.445173859596252441e-01,-1.081129536032676697e-01,4.908690154552459717e-01,8.289488554000854492e-01,-1.383092254400253296e-01,-1.000000000000000000e+00,-1.000000000000000000e+00,4.197060167789459229e-01,1.000000000000000000e+00,-1.000000000000000000e+00,-1.000000000000000000e+00,-1.000000000000000000e+00,-1.000000000000000000e+00,1.000000000000000000e+00,-1.000000000000000000e+00,-1.000000000000000000e+00,1.000000000000000000e+00,-1.000000000000000000e+00,-1.000000000000000000e+00,-1.000000000000000000e+00,-1.000000000000000000e+00,-1.000000000000000000e+00,1.000000000000000000e+00,-1.000000000000000000e+00,-1.000000000000000000e+00,0.000000000000000000e+00,2.908882086657215912e-03,9.390251922385406402e-03,-3.605410361341987446e-03,-2.181661564992912195e-02,-1.454441043328607956e-02,-7.272205216643039781e-03,-8.726646259971649472e-03,0.000000000000000000e+00,-8.726646259971649472e-03,0.000000000000000000e+00,-1.308996938995747247e-02,-8.726646259971649472e-03,-1.018108730330025656e-02,-2.327105669325772730e-02,-7.272205216643039781e-03,-2.908882086657215912e-03,-4.363323129985824736e-03,-7.272205216643039781e-03,-2.908882086657215912e-03,-8.726646259971649472e-03
